# https://github.com/mikedh/trimesh

o battery_1.stl
v 19.72038078 0.89999998 23.69160080
v 19.86918831 0.30611974 23.69160080
v 20.04129982 0.89999998 23.69160080
v 20.28716660 0.96462691 23.69160080
v 19.86918831 -0.30611974 23.69160080
v 20.28716660 -0.96462691 23.69160080
v 20.04129982 -0.89999998 23.69160080
v 19.72038078 -0.89999998 23.69160080
v 20.46947479 1.14180112 23.69160080
v 20.46947479 -1.14180112 23.69160080
v 20.54109573 1.38572168 23.69160080
v 20.54109573 -1.38572168 23.69160080
v 49.38391876 14.21953201 23.69160080
v 49.38391876 -14.21953201 23.69160080
v 20.48351669 -1.63333333 23.69160080
v 19.93253899 -2.40319037 23.69160080
v 19.19539261 -2.99722099 23.69160080
v 18.32600975 -3.37196326 23.69160080
v 18.46065521 -17.76738167 23.69160080
v 17.38800049 -3.50000000 23.69160080
v 6.65660381 -15.24207878 23.69160080
v 5.88800001 -15.10000038 23.69160080
v 16.44998932 -3.37196326 23.69160080
v -4.67398977 -3.37196326 23.69160080
v -3.80460787 -2.99722099 23.69160080
v 15.58060741 -2.99722099 23.69160080
v -3.06746149 -2.40319037 23.69160080
v 14.84346199 -2.40319037 23.69160080
v -2.51648355 -1.63333333 23.69160080
v 14.29248333 -1.63333333 23.69160080
v -2.45890403 -1.38572168 23.69160080
v 14.23490429 -1.38572168 23.69160080
v -2.53052568 -1.14180112 23.69160080
v 14.30652618 -1.14180112 23.69160080
v -2.71283388 -0.96462691 23.69160080
v 14.48883343 -0.96462691 23.69160080
v -2.95870018 -0.89999998 23.69160080
v 14.73470020 -0.89999998 23.69160080
v -5.61199999 -3.50000000 23.69160080
v 5.11939621 -15.24207878 23.69160080
v -6.68465567 -17.76738167 23.69160080
v 4.45237541 -15.64953709 23.69160080
v -5.97095251 -17.79669380 23.69160080
v 3.97509623 -16.26852226 23.69160080
v 3.75063801 -17.01722527 23.69160080
v 3.80866694 -17.79669380 23.69160080
v -6.55001020 -3.37196326 23.69160080
v -37.60791779 -14.21953201 23.69160080
v -36.57632446 -15.33835220 23.69160080
v -37.52385330 -14.64578247 23.69160080
v -37.28430939 -15.00809860 23.69160080
v -37.60791779 -4.35528708 23.69160080
v -7.41939211 -2.99722099 23.69160080
v -8.15653801 -2.40319037 23.69160080
v -8.70751667 -1.63333333 23.69160080
v -8.76509571 -1.38572168 23.69160080
v -8.69347382 -1.14180112 23.69160080
v -8.51116657 -0.96462691 23.69160080
v -8.51116657 0.96462691 23.69160080
v -8.69347382 1.14180112 23.69160080
v -37.60791779 4.35528708 23.69160080
v -38.45028305 -4.05528736 23.69160080
v -38.45028305 4.05528736 23.69160080
v -38.41008759 4.20528746 23.69160080
v -38.15028000 4.35528708 23.69160080
v -38.30028152 4.31509495 23.69160080
v -8.26529980 -0.89999998 23.69160080
v -8.09318733 -0.30611974 23.69160080
v -8.09318733 0.30611974 23.69160080
v -8.26529980 0.89999998 23.69160080
v -7.94438076 0.89999998 23.69160080
v -7.94438076 -0.89999998 23.69160080
v -8.76509571 1.38572168 23.69160080
v -8.70751667 1.63333333 23.69160080
v -8.15653801 2.40319037 23.69160080
v -7.41939211 2.99722099 23.69160080
v -6.55001020 3.37196326 23.69160080
v -37.60791779 14.21953201 23.69160080
v -6.68465567 17.76738167 23.69160080
v -36.57632446 15.33835220 23.69160080
v -5.61199999 3.50000000 23.69160080
v 5.11939621 15.24207878 23.69160080
v 4.45237541 15.64953709 23.69160080
v 5.88800001 15.10000038 23.69160080
v -4.67398977 3.37196326 23.69160080
v 16.44998932 3.37196326 23.69160080
v -3.80460787 2.99722099 23.69160080
v 15.58060741 2.99722099 23.69160080
v -3.06746149 2.40319037 23.69160080
v 14.84346199 2.40319037 23.69160080
v -2.51648355 1.63333333 23.69160080
v 14.29248333 1.63333333 23.69160080
v -2.45890403 1.38572168 23.69160080
v 14.23490429 1.38572168 23.69160080
v -2.53052568 1.14180112 23.69160080
v 14.30652618 1.14180112 23.69160080
v -2.71283388 0.96462691 23.69160080
v 14.48883343 0.96462691 23.69160080
v -2.95870018 0.89999998 23.69160080
v 14.73470020 0.89999998 23.69160080
v 17.38800049 3.50000000 23.69160080
v 6.65660381 15.24207878 23.69160080
v 18.46065521 17.76738167 23.69160080
v 7.32362413 15.64953709 23.69160080
v 17.74695206 17.79669380 23.69160080
v 7.80090380 16.26852226 23.69160080
v 8.02536201 17.01722527 23.69160080
v 7.96733284 17.79669380 23.69160080
v 18.32600975 3.37196326 23.69160080
v 48.35232544 15.33835220 23.69160080
v 49.31377029 14.61016083 23.69160080
v 49.11209106 14.95193768 23.69160080
v 19.19539261 2.99722099 23.69160080
v 19.93253899 2.40319037 23.69160080
v 20.48351669 1.63333333 23.69160080
v 48.77036667 15.22004032 23.69160080
v -5.97095251 17.79669380 23.69160080
v 3.97509623 16.26852226 23.69160080
v 3.75063801 17.01722527 23.69160080
v 3.80866694 17.79669380 23.69160080
v -36.95999146 15.23679638 23.69160080
v -37.28430939 15.00809860 23.69160080
v -37.52385330 14.64578247 23.69160080
v -38.41008759 -4.20528746 23.69160080
v -38.15028000 -4.35528708 23.69160080
v -38.30028152 -4.31509495 23.69160080
v -36.95999146 -15.23679638 23.69160080
v 7.32362413 -15.64953709 23.69160080
v 17.74695206 -17.79669380 23.69160080
v 7.80090380 -16.26852226 23.69160080
v 8.02536201 -17.01722527 23.69160080
v 7.96733284 -17.79669380 23.69160080
v 48.35232544 -15.33835220 23.69160080
v 49.31377029 -14.61016083 23.69160080
v 49.11209106 -14.95193768 23.69160080
v 48.77036667 -15.22004032 23.69160080
v -16.56287193 -11.85000038 12.10329247
v -16.56287193 -8.59706306 12.10329247
v -18.46104431 -9.82744884 12.61190605
v -17.11237144 -8.74901485 12.25053024
v -18.21300888 -9.29539108 12.54544449
v -17.67219353 -8.64114094 12.40053368
v -18.21300888 -8.70460892 12.54544449
v -18.12588310 -8.29588223 12.52209949
v -18.46104431 -8.17255116 12.61190605
v -18.37906265 -7.78506041 12.58993912
v -18.90780258 -7.80499315 12.73161411
v -18.37906265 -7.21493959 12.58993912
v -19.46446991 -7.67500591 12.88077259
v -21.18060684 -6.58559465 13.34061050
v -21.77887154 -7.19999981 13.50091553
v -18.12588310 -6.70411777 12.52209949
v -20.43688965 -6.17537069 13.14133167
v -19.61061287 -6.00401974 12.91993141
v -18.77165413 -6.08603334 12.69513321
v -18.51977348 -6.10299730 12.62764263
v -17.67219353 -6.35885906 12.40053368
v -18.27756119 -6.02946472 12.56274128
v -17.11237144 -6.25098562 12.25053024
v -18.07441902 -5.87436247 12.50831032
v -17.79442787 -5.75000000 12.43328667
v -17.99319839 -5.80699301 12.48654652
v -17.89755440 -5.76451159 12.46091938
v -16.56287193 -6.40293741 12.10329247
v -16.56287193 -6.15000010 12.10329247
v -16.61463737 -5.94999981 12.11716270
v -16.94924355 -5.75000000 12.20681953
v -16.75605774 -5.80358982 12.15505600
v -20.02037811 -7.80843115 13.02972794
v -21.93856430 -7.36119366 13.54370403
v -22.13805199 -7.46445608 13.59715652
v -20.46500969 -8.17874432 13.14886665
v -22.35842705 -7.50000000 13.65620613
v -20.75238228 -8.70166111 13.22586823
v -24.89845467 -8.07635975 14.33680439
v -24.89845467 -9.86591053 14.33680439
v -31.22457123 -7.50000000 16.03188324
v -26.98311806 -8.04462147 14.89538860
v -25.62791252 -8.07791901 14.53226280
v -25.55757523 -8.07635975 14.51341534
v -31.40172577 -7.47722960 16.07935143
v -31.26153183 -7.90176725 16.04178619
v -27.40052223 -8.20758533 15.00723171
v -27.30722427 -8.13701057 14.98223305
v -31.56812286 -7.41030121 16.12393761
v -31.71366119 -7.30327892 16.16293335
v -31.02241898 -8.62010288 15.97771645
v -27.52415466 -8.38797951 15.04035854
v -27.47002792 -8.29436302 15.02585506
v -31.02241898 -9.37989712 15.97771645
v -27.51816750 -8.82671356 15.03875446
v -27.54644585 -8.75682831 15.04633236
v -27.56019402 -8.68222904 15.05001545
v -31.26153183 -10.09823322 16.04178619
v -27.41761971 -9.63885975 15.01181316
v -27.44398880 -9.58427143 15.01887894
v -27.46461868 -9.52800941 15.02440643
v -31.71366119 -10.69672108 16.16293335
v -31.56812286 -10.58969879 16.12393761
v -31.40172577 -10.52276993 16.07935143
v -31.22457123 -10.50000000 16.03188324
v -22.35842705 -10.50000000 13.65620613
v -26.97486496 -9.87323475 14.89317703
v -27.04252434 -9.86860085 14.91130638
v -27.10882759 -9.85798550 14.92907238
v -22.13805199 -10.53554344 13.59715652
v -20.46500969 -9.82125568 13.14886665
v -20.75238228 -9.29833889 13.22586823
v -20.02037811 -10.19156837 13.02972794
v -21.93856430 -10.63880634 13.54370403
v -21.77887154 -10.80000019 13.50091553
v -19.46446991 -10.32499409 12.88077259
v -21.18060684 -11.41440582 13.34061050
v -20.43688965 -11.82462978 13.14133167
v -19.61061287 -11.99598026 12.91993141
v -18.77165413 -11.91396618 12.69513321
v -18.51977348 -11.89700222 12.62764263
v -18.90780258 -10.19500637 12.73161411
v -18.27756119 -11.97053528 12.56274128
v -18.07441902 -12.12563801 12.50831032
v -16.61463737 -12.05000019 12.11716270
v -17.79442787 -12.25000000 12.43328667
v -16.94924355 -12.25000000 12.20681953
v -17.99319839 -12.19300652 12.48654652
v -17.89755440 -12.23548889 12.46091938
v -16.75605774 -12.19641018 12.15505600
v -26.11431313 -9.47062397 14.66259289
v -26.12001038 -9.40814686 14.66411972
v -26.45487785 -9.40936756 14.75384712
v -26.11514473 -9.35111332 14.66281605
v -26.10469437 -9.29573631 14.66001511
v -26.66711807 -9.37030506 14.81071663
v -26.08502579 -9.24309635 14.65474510
v -26.87582016 -9.11639881 14.86663818
v -26.05987549 -9.19208241 14.64800644
v -26.02239609 -9.14188957 14.63796425
v -25.98045349 -9.09693909 14.62672520
v -26.01180649 -8.96763134 14.63512707
v -26.06815338 -8.92087364 14.65022469
v -25.94738007 -9.00172234 14.61786366
v -25.93141747 -9.06032181 14.61358643
v -25.87829399 -9.02850819 14.59935188
v -26.85223770 -8.92352772 14.86031914
v -26.11942101 -8.86615467 14.66396141
v -26.15571594 -8.80354309 14.67368698
v -26.18357468 -8.73808479 14.68115139
v -26.64589310 -8.57806873 14.80502987
v -27.28604889 -8.79445744 14.97655869
v -27.31762314 -8.73524952 14.98501873
v -27.33358574 -8.66954994 14.98929596
v -27.34038925 -8.60004139 14.99111938
v -27.33272934 -8.52591991 14.98906612
v -26.66346550 -8.50375748 14.80973816
v -27.31526947 -8.45590115 14.98438835
v -26.68787003 -8.43299294 14.81627750
v -27.28127098 -8.39280891 14.97527885
v -26.72477913 -8.36871624 14.82616711
v -27.23721695 -8.33392811 14.96347427
v -26.77028847 -8.30890369 14.83836174
v -27.18144035 -8.28833580 14.94852924
v -26.81844902 -8.27358055 14.85126591
v -27.12158012 -8.25301266 14.93248940
v -26.86955833 -8.24639130 14.86496067
v -26.92550278 -8.23252010 14.87995052
v -26.19768906 -8.66798496 14.68493366
v -26.43365479 -8.54877186 14.74816036
v -26.20372772 -8.59515858 14.68655205
v -26.19989395 -8.53459072 14.68552399
v -26.19119644 -8.47517395 14.68319416
v -26.45334625 -8.44599438 14.75343704
v -26.17430305 -8.41769505 14.67866707
v -26.48552132 -8.34958458 14.76205826
v -26.15243721 -8.36139393 14.67280769
v -26.12718964 -8.31441593 14.66604328
v -26.53888512 -8.26398659 14.77635670
v -26.09855843 -8.27023315 14.65837193
v -26.06400490 -8.23094273 14.64911270
v -26.60521507 -8.18500233 14.79412937
v -26.02568245 -8.19476795 14.63884449
v -25.98136330 -8.16588593 14.62696934
v -26.69052505 -8.12396908 14.81698895
v -25.93534088 -8.14084816 14.61463737
v -25.88664818 -8.12183857 14.60159016
v -26.78095627 -8.07742882 14.84121990
v -25.83643532 -8.10626698 14.58813572
v -25.76737213 -8.09259129 14.56963062
v -26.87963676 -8.05423164 14.86766052
v -25.69792938 -8.08252525 14.55102348
v -25.54696465 -9.86591053 14.51057243
v -25.62829590 -9.86342907 14.53236485
v -26.88162994 -9.86498928 14.86819458
v -25.70866585 -9.85530472 14.55389977
v -26.79236412 -9.84496689 14.84427643
v -25.78729248 -9.83692551 14.57496834
v -25.86473465 -9.81158924 14.59571838
v -26.70992851 -9.80467606 14.82218742
v -25.92020988 -9.78010559 14.61058331
v -26.63174438 -9.75177479 14.80123806
v -25.97100639 -9.74300861 14.62419415
v -26.01397133 -9.69651413 14.63570595
v -26.56720161 -9.67766285 14.78394413
v -26.05221176 -9.64435291 14.64595318
v -26.51416588 -9.59704685 14.76973343
v -26.08029175 -9.58868980 14.65347672
v -26.10238647 -9.53120518 14.65939713
v -26.47930717 -9.50615501 14.76039314
v -27.13804626 -9.64782524 14.93690109
v -26.81941795 -9.64677143 14.85152531
v -27.18356705 -9.61322498 14.94909859
v -26.77323723 -9.61200428 14.83915138
v -27.21741295 -9.56919765 14.95816803
v -26.73294449 -9.55831337 14.82835484
v -27.24347496 -9.52184486 14.96515083
v -26.70068359 -9.50069237 14.81971073
v -27.25678635 -9.46904564 14.96871758
v -26.68052864 -9.43714809 14.81431007
v -27.26256752 -9.41302967 14.97026634
v -27.25535583 -9.34605122 14.96833515
v -27.23757935 -9.28465652 14.96357155
v -27.20154381 -9.23291111 14.95391560
v -27.15408897 -9.18719959 14.94120026
v -27.09671783 -9.15594769 14.92582798
v -27.03734016 -9.13181877 14.90991688
v -26.97465706 -9.11941338 14.89312172
v -26.88434792 -9.11547756 14.86892319
v -26.89288712 -9.11471367 14.87121105
v -27.08945656 -9.67415524 14.92388248
v -26.92266083 -9.68686199 14.87918949
v -26.86859894 -9.67341518 14.86470318
v -27.03594780 -9.68721485 14.90954399
v -26.97958183 -9.69257069 14.89444065
v -27.17283630 -9.83725739 14.94622326
v -27.23544693 -9.81036854 14.96300030
v -27.28911209 -9.77667618 14.97737980
v -27.33842087 -9.73805618 14.99059200
v -27.38030243 -9.69103909 15.00181389
v -27.47558784 -9.46893120 15.02734566
v -27.48070145 -9.40814686 15.02871609
v -27.47609520 -9.35216045 15.02748203
v -27.46582222 -9.29790783 15.02472878
v -27.44605827 -9.24656010 15.01943302
v -27.48070145 -8.89362049 15.02871609
v -27.42056847 -9.19696522 15.01260281
v -27.43040276 -8.94694901 15.01523876
v -27.38339233 -9.14999390 15.00264168
v -27.37494087 -8.99171352 15.00037670
v -27.34207916 -9.10817051 14.99157238
v -27.31115532 -9.02267551 14.98328590
v -27.29419518 -9.07452679 14.97874165
v -27.24252319 -9.04559803 14.96489620
v -27.56559753 -8.60492420 15.05146408
v -27.55259705 -8.49301815 15.04798031
v -27.20776939 -8.08305264 14.95558357
v -27.09835434 -8.05598354 14.92626572
v -26.98429680 -8.22650623 14.89570427
v -27.05495453 -8.23469067 14.91463757
v -27.24488068 -8.84967518 14.96552753
v -27.19100952 -8.89212036 14.95109272
v -26.88920403 -8.93286133 14.87022495
v -26.92641068 -8.94055367 14.88019371
v -27.13332939 -8.92462826 14.93563747
v -26.96405029 -8.94526291 14.89027882
v -27.06946754 -8.94100857 14.91852570
v -27.00198364 -8.94794178 14.90044403
v -26.90144348 -9.11423588 14.87350368
v -26.91001320 -9.11395741 14.87580013
v -16.11482620 8.18258762 13.89160061
v -15.93510151 7.73920965 13.89160061
v -16.11482620 13.25755596 13.89160061
v -15.50917435 13.25755596 13.89160061
v -15.93510151 7.26079035 13.89160061
v -15.93510151 -7.26079035 13.89160061
v -16.11482620 -6.81741238 13.89160061
v -16.11482620 6.81741238 13.89160061
v -15.50917435 -13.25755596 13.89160061
v -15.93510151 -7.73920965 13.89160061
v -16.11482620 -13.25755596 13.89160061
v -16.11482620 -8.18258762 13.89160061
v -16.26331139 -10.72007179 13.85227680
v -16.19791222 -8.29562855 13.87994576
v -16.29189873 -8.39743710 13.83374882
v -16.37286949 -10.72007179 13.74461365
v -16.37689590 -8.47268105 13.73758698
v -16.40424538 -8.49413776 13.67056370
v -16.41477966 -8.50207901 13.59683609
v -16.41477966 -13.25755596 13.59683609
v -16.37286949 -13.25755596 13.74461365
v -16.26331139 -13.25755596 13.85227680
v -16.19791222 6.70437145 13.87994576
v -16.26331139 3.40870619 13.85227680
v -16.26331139 -0.00000000 13.85227680
v -16.19791222 -6.70437145 13.87994576
v -16.26331139 -3.40870619 13.85227680
v -16.29189873 -6.60256338 13.83374882
v -16.37286949 -3.40870619 13.74461365
v -16.37689590 -6.52731848 13.73758698
v -16.40424538 -6.50586224 13.67056370
v -16.37286949 -0.00000000 13.74461365
v -16.37286949 3.40870619 13.74461365
v -16.29189873 6.60256338 13.83374882
v -16.37689590 6.52731848 13.73758698
v -16.40424538 6.50586224 13.67056370
v -16.41477966 6.49792099 13.59683609
v -16.41477966 -6.49792099 13.59683609
v -16.41477966 8.50207901 13.59683609
v -16.40424538 8.49413776 13.67056370
v -16.41477966 13.25755596 13.59683609
v -16.37286949 13.25755596 13.74461365
v -16.37286949 10.72007179 13.74461365
v -16.26331139 13.25755596 13.85227680
v -16.26331139 10.72007179 13.85227680
v -16.19791222 8.29562855 13.87994576
v -16.37689590 8.47268105 13.73758698
v -16.29189873 8.39743710 13.83374882
v -16.58109665 6.39317989 19.29160118
v -16.58109665 -6.39317989 19.29160118
v -17.16200066 6.25000000 19.29160118
v -17.16200066 -6.25000000 19.29160118
v -17.74290466 6.39317989 19.29160118
v -17.74290466 -6.39317989 19.29160118
v -18.19072914 6.78991890 19.29160118
v -18.19072914 -6.78991890 19.29160118
v -31.16200066 -4.00000000 19.29160118
v -18.40288544 -7.34932899 19.29160118
v -30.99200058 -9.00000000 19.29160118
v -18.33077049 -7.94325590 19.29160118
v -31.14424133 -9.76536655 19.29160118
v -17.72056770 -13.94143200 19.29160118
v -17.72056770 -15.00000000 19.29160118
v -16.13327026 -6.78991890 19.29160118
v -16.13327026 6.78991890 19.29160118
v -15.92111397 -7.34932899 19.29160118
v -15.92111397 7.34932899 19.29160118
v -15.16199970 -15.00000000 19.29160118
v -15.16199970 15.00000000 19.29160118
v -15.99322987 7.94325590 19.29160118
v -15.60343170 13.94143200 19.29160118
v -16.33309746 8.43563843 19.29160118
v -16.86285591 8.71367741 19.29160118
v -17.72056770 13.94143200 19.29160118
v -17.46114540 8.71367741 19.29160118
v -17.99090385 8.43563843 19.29160118
v -18.33077049 7.94325590 19.29160118
v -31.14424133 9.76536655 19.29160118
v -17.72056770 15.00000000 19.29160118
v -32.16199875 13.50000000 19.29160118
v -32.29597473 14.00000000 19.29160118
v -30.99200058 9.00000000 19.29160118
v -18.40288544 7.34932899 19.29160118
v -31.16200066 4.00000000 19.29160118
v -17.99090385 -8.43563843 19.29160118
v -17.46114540 -8.71367741 19.29160118
v -16.86285591 -8.71367741 19.29160118
v -15.60343170 -13.94143200 19.29160118
v -16.33309746 -8.43563843 19.29160118
v -15.99322987 -7.94325590 19.29160118
v -15.60343170 14.55856800 19.29160118
v -17.10343170 15.00000000 19.29160118
v -17.10343170 14.55856800 19.29160118
v -15.60343170 -14.55856800 19.29160118
v -17.10343170 -15.00000000 19.29160118
v -17.10343170 -14.55856800 19.29160118
v -35.66199875 -15.00000000 19.29160118
v -33.16199875 -14.50000000 19.29160118
v -32.66199875 -14.36602497 19.29160118
v -32.29597473 -14.00000000 19.29160118
v -35.66199875 -14.50000000 19.29160118
v -32.16199875 -13.50000000 19.29160118
v -31.57778549 -10.41421318 19.29160118
v -32.29597473 -13.00000000 19.29160118
v -32.22663498 -10.84775925 19.29160118
v -32.66199875 -12.63397503 19.29160118
v -32.99200058 -11.00000000 19.29160118
v -33.16199875 -12.50000000 19.29160118
v -33.75736618 -10.84775925 19.29160118
v -35.66199875 -12.50000000 19.29160118
v -34.40621185 -10.41421318 19.29160118
v -34.83975983 -9.76536655 19.29160118
v -34.99200058 -9.00000000 19.29160118
v -35.66199875 -4.00000000 19.29160118
v -34.83975983 -8.23463345 19.29160118
v -34.40621185 -7.58578634 19.29160118
v -33.75736618 -7.15224075 19.29160118
v -32.99200058 -7.00000000 19.29160118
v -32.22663498 -7.15224075 19.29160118
v -31.57778549 -7.58578634 19.29160118
v -31.14424133 -8.23463345 19.29160118
v -35.66199875 4.00000000 19.29160118
v -32.99200058 7.00000000 19.29160118
v -32.22663498 7.15224075 19.29160118
v -31.57778549 7.58578634 19.29160118
v -35.66199875 12.50000000 19.29160118
v -34.99200058 9.00000000 19.29160118
v -34.83975983 8.23463345 19.29160118
v -34.40621185 7.58578634 19.29160118
v -33.16199875 12.50000000 19.29160118
v -33.75736618 10.84775925 19.29160118
v -34.40621185 10.41421318 19.29160118
v -34.83975983 9.76536655 19.29160118
v -32.99200058 11.00000000 19.29160118
v -32.66199875 12.63397503 19.29160118
v -32.22663498 10.84775925 19.29160118
v -32.29597473 13.00000000 19.29160118
v -31.57778549 10.41421318 19.29160118
v -32.66199875 14.36602497 19.29160118
v -33.16199875 14.50000000 19.29160118
v -35.66199875 15.00000000 19.29160118
v -35.66199875 14.50000000 19.29160118
v -31.14424133 8.23463345 19.29160118
v -33.75736618 7.15224075 19.29160118
v -17.74290466 6.39317989 20.39160156
v -17.74290466 -6.39317989 20.39160156
v -17.16200066 6.25000000 20.39160156
v -17.16200066 -6.25000000 20.39160156
v -16.58109665 -6.39317989 20.39160156
v -18.19072914 6.78991890 20.39160156
v -18.19072914 -6.78991890 20.39160156
v -18.40288544 7.34932899 20.39160156
v -18.40288544 -7.34932899 20.39160156
v -32.66199875 12.63397503 20.39160156
v -32.66199875 -12.63397503 20.39160156
v -33.16199875 -12.50000000 20.39160156
v -33.16199875 12.50000000 20.39160156
v -33.66199875 -12.63397503 20.39160156
v -33.66199875 12.63397503 20.39160156
v -34.02802658 -13.00000000 20.39160156
v -34.02802658 13.00000000 20.39160156
v -35.66199875 -15.00000000 20.39160156
v -35.66199875 15.00000000 20.39160156
v -34.16199875 13.50000000 20.39160156
v -34.02802658 14.00000000 20.39160156
v -18.33077049 7.94325590 20.39160156
v -32.16199875 13.50000000 20.39160156
v -32.29597473 13.00000000 20.39160156
v -17.99090385 8.43563843 20.39160156
v -15.16199970 15.00000000 20.39160156
v -32.29597473 14.00000000 20.39160156
v -32.66199875 14.36602497 20.39160156
v -33.16199875 14.50000000 20.39160156
v -33.66199875 14.36602497 20.39160156
v -17.46114540 8.71367741 20.39160156
v -16.86285591 8.71367741 20.39160156
v -16.33309746 8.43563843 20.39160156
v -15.99322987 7.94325590 20.39160156
v -15.92111397 7.34932899 20.39160156
v -15.16199970 -15.00000000 20.39160156
v -15.92111397 -7.34932899 20.39160156
v -15.99322987 -7.94325590 20.39160156
v -16.13327026 6.78991890 20.39160156
v -16.13327026 -6.78991890 20.39160156
v -16.58109665 6.39317989 20.39160156
v -16.33309746 -8.43563843 20.39160156
v -16.86285591 -8.71367741 20.39160156
v -17.46114540 -8.71367741 20.39160156
v -17.99090385 -8.43563843 20.39160156
v -32.16199875 -13.50000000 20.39160156
v -32.29597473 -14.00000000 20.39160156
v -18.33077049 -7.94325590 20.39160156
v -32.29597473 -13.00000000 20.39160156
v -33.16199875 -14.50000000 20.39160156
v -33.66199875 -14.36602497 20.39160156
v -34.02802658 -14.00000000 20.39160156
v -34.16199875 -13.50000000 20.39160156
v -32.66199875 -14.36602497 20.39160156
v -17.71542358 15.19999981 19.29160118
v -17.71713829 15.20000458 19.29160118
v -17.71885300 15.20001984 19.29160118
v -17.10343170 15.20004368 19.29160118
v -17.10514641 15.20001984 19.29160118
v -17.10686111 15.20000458 19.29160118
v -17.10857773 15.19999981 19.29160118
v -17.72056770 15.20004368 19.29160118
v -35.86199951 12.79995441 19.29160118
v -35.90218353 12.64997005 19.29160118
v -36.01197052 12.54018307 19.29160118
v -36.16195297 14.50000000 19.29160118
v -36.01197052 14.45981693 19.29160118
v -35.90218353 14.35002995 19.29160118
v -35.86199951 14.20004559 19.29160118
v -36.16195297 12.50000000 19.29160118
v -32.66985321 12.64757919 20.19160080
v -33.16199875 12.51570988 20.19160080
v -33.66199875 12.63397503 19.29160118
v -33.65414429 12.64757919 20.19160080
v -34.02802658 13.00000000 19.29160118
v -34.01441956 13.00785446 20.19160080
v -34.16199875 13.50000000 19.29160118
v -34.14628983 13.50000000 20.19160080
v -34.02802658 14.00000000 19.29160118
v -34.01441956 13.99214554 20.19160080
v -33.66199875 14.36602497 19.29160118
v -33.65414429 14.35242081 20.19160080
v -33.16199875 14.48429012 20.19160080
v -32.30957794 13.00785446 20.19160080
v -32.17770767 13.50000000 20.19160080
v -32.30957794 13.99214554 20.19160080
v -32.66985321 14.35242081 20.19160080
v -17.10857773 -15.19999981 19.29160118
v -17.10686111 -15.20000458 19.29160118
v -17.10514641 -15.20001984 19.29160118
v -17.72056770 -15.20004368 19.29160118
v -17.71885300 -15.20001984 19.29160118
v -17.71713829 -15.20000458 19.29160118
v -17.71542358 -15.19999981 19.29160118
v -17.10343170 -15.20004368 19.29160118
v -33.16199875 -12.43642998 15.64969635
v -32.88462830 -12.47162151 15.55649471
v -32.61242676 -12.58691978 15.52684975
v -32.35348892 -12.80745983 15.59264755
v -32.17878342 -13.09929848 15.75486946
v -32.10668945 -13.43172073 15.99644375
v -32.14479828 -13.76974201 16.29194641
v -32.28910065 -14.07778835 16.61027718
v -32.52440262 -14.32343960 16.91793442
v -32.82595062 -14.48084259 17.18254089
v -33.16199875 -14.53343296 17.37624550
v -19.15974045 -10.19156837 11.76384449
v -18.71510887 -9.82125568 11.64470577
v -16.82169151 -11.85000038 11.13736629
v -18.42773628 -9.29833889 11.56770515
v -18.42773628 -8.70166111 11.56770515
v -16.82169151 -6.15000010 11.13736629
v -18.71510887 -8.17874432 11.64470577
v -19.15974045 -7.80843115 11.76384449
v -18.77859306 -6.10299730 11.66171646
v -19.71564865 -7.67500591 11.91279984
v -19.03047180 -6.08603334 11.72920704
v -20.69570732 -6.17537069 12.17540646
v -19.86943054 -6.00401974 11.95400620
v -20.27231598 -7.80499315 12.06195831
v -22.03769112 -7.19999981 12.53498936
v -21.43942642 -6.58559465 12.37468433
v -20.71907616 -8.17255116 12.18166733
v -22.39687157 -7.46445608 12.63123131
v -22.19738197 -7.36119366 12.57777882
v -22.61724663 -7.50000000 12.69028091
v -20.96711159 -8.70460892 12.24812794
v -20.96711159 -9.29539108 12.24812794
v -20.71907616 -9.82744884 12.18166733
v -22.61724663 -10.50000000 12.69028091
v -31.28123856 -8.62010288 15.01179028
v -31.52034950 -7.90176725 15.07586002
v -31.48339081 -7.50000000 15.06595707
v -31.66054535 -7.47722960 15.11342525
v -31.82694244 -7.41030121 15.15801144
v -31.97247887 -7.30327892 15.19700813
v -22.39687157 -10.53554344 12.63123131
v -20.27231598 -10.19500637 12.06195831
v -22.19738197 -10.63880634 12.57777882
v -22.03769112 -10.80000019 12.53498936
v -19.71564865 -10.32499409 11.91279984
v -21.43942642 -11.41440582 12.37468433
v -20.69570732 -11.82462978 12.17540646
v -19.03047180 -11.91396618 11.72920704
v -19.86943054 -11.99598026 11.95400620
v -18.77859306 -11.89700222 11.66171646
v -16.87345505 -12.05000019 11.15123653
v -18.33323860 -12.12563801 11.54238415
v -18.53638077 -11.97053528 11.59681606
v -17.01487732 -12.19641018 11.18912983
v -17.20806122 -12.25000000 11.24089432
v -18.05324745 -12.25000000 11.46736050
v -18.25201797 -12.19300652 11.52062130
v -18.15637398 -12.23548889 11.49499321
v -31.48339081 -10.50000000 15.06595707
v -31.52034950 -10.09823322 15.07586002
v -31.28123856 -9.37989712 15.01179028
v -31.66054535 -10.52276993 15.11342525
v -31.82694244 -10.58969879 15.15801144
v -31.97247887 -10.69672108 15.19700813
v -18.53638077 -6.02946472 11.59681606
v -18.33323860 -5.87436247 11.54238415
v -16.87345505 -5.94999981 11.15123653
v -18.05324745 -5.75000000 11.46736050
v -17.20806122 -5.75000000 11.24089432
v -18.25201797 -5.80699301 11.52062130
v -18.15637398 -5.76451159 11.49499321
v -17.01487732 -5.80358982 11.18912983
v -34.83731079 -8.57475948 13.35056496
v -34.53662109 -8.71201897 13.55419827
v -34.94737244 -9.00000000 13.38005543
v -34.61115646 -9.00000000 13.57417011
v -34.83731079 -9.42524052 13.35056496
v -34.53662109 -9.28798103 13.55419827
v -34.53662109 -9.73653793 13.26999569
v -34.33298874 -9.49879742 13.49963474
v -34.12586975 -9.85048103 13.15993500
v -34.05482101 -9.57596207 13.42510033
v -33.71512222 -9.73653793 13.04987431
v -33.77665329 -9.49879742 13.35056496
v -33.41442871 -9.42524052 12.96930504
v -33.57302094 -9.28798103 13.29600143
v -33.30437088 -9.00000000 12.93981457
v -33.49848557 -9.00000000 13.27603054
v -33.41442871 -8.57475948 12.96930504
v -33.57302094 -8.71201897 13.29600143
v -33.71512222 -8.26346207 13.04987431
v -33.77665329 -8.50120258 13.35056496
v -34.12586975 -8.14951897 13.15993500
v -34.05482101 -8.42403793 13.42510033
v -34.53662109 -8.26346207 13.26999569
v -34.33298874 -8.50120258 13.49963474
v -34.19692230 -9.10048103 13.56720161
v -34.22292709 -9.00000000 13.57417011
v -34.19692230 -8.89951897 13.56720161
v -34.12586975 -8.82596207 13.54816341
v -34.02881241 -8.79903793 13.52215767
v -33.93175888 -8.82596207 13.49615097
v -33.86070633 -8.89951897 13.47711277
v -33.83470154 -9.00000000 13.47014427
v -33.86070633 -9.10048103 13.47711277
v -33.93175888 -9.17403793 13.49615097
v -34.02881241 -9.20096207 13.52215767
v -34.12586975 -9.17403793 13.54816341
v -35.21020889 -9.40639687 13.16627884
v -35.28358841 -9.00000000 13.18594170
v -35.21020889 -8.59360313 13.16627884
v -35.67181778 -9.00000000 13.18594170
v -35.52833176 -8.34917450 13.14749432
v -34.99997711 -9.75790787 13.10994816
v -34.68128967 -10.00705910 13.02455616
v -34.29718781 -10.12020111 12.92163563
v -33.89953995 -10.08205414 12.81508732
v -33.90052032 -10.46239185 12.71132374
v -33.31956100 -10.17274761 12.55565643
v -33.54206085 -9.89776897 12.71930027
v -33.27301788 -9.59223652 12.64721107
v -33.12875748 -9.20671844 12.60855675
v -33.12875748 -8.79328156 12.60855675
v -33.27301788 -8.40776348 12.64721107
v -33.54206085 -8.10223103 12.71930027
v -33.89953995 -7.91794634 12.81508732
v -33.31956100 -7.82725286 12.55565643
v -33.90052032 -7.53760815 12.71132374
v -34.29718781 -7.87979889 12.92163563
v -34.54533768 -7.53760815 12.88410187
v -34.68128967 -7.99294138 13.02455616
v -35.12629700 -7.82725286 13.03976917
v -34.99997711 -8.24209213 13.10994816
v -32.91752625 -8.34917450 12.44793129
v -32.77404022 -9.00000000 12.40948391
v -32.91752625 -9.65082550 12.44793129
v -34.54533768 -10.46239185 12.88410187
v -35.12629700 -10.17274761 13.03976917
v -35.52833176 -9.65082550 13.14749432
v -32.87401199 -9.67251968 12.43627167
v -32.72574234 -9.00000000 12.39654350
v -33.28944778 -10.21183872 12.54758739
v -33.88977432 -10.51113796 12.70844460
v -34.55608368 -10.51113796 12.88698196
v -35.15640640 -10.21183872 13.04783821
v -35.57184601 -9.67251968 13.15915394
v -35.72011185 -9.00000000 13.19888210
v -35.57184601 -8.32748032 13.15915394
v -35.15640640 -7.78816128 13.04783821
v -34.55608368 -7.48886156 12.88698196
v -33.88977432 -7.48886156 12.70844460
v -33.28944778 -7.78816128 12.54758739
v -32.87401199 -8.32748032 12.43627167
v -34.71340942 -7.30327892 16.96671295
v -34.97222519 -7.30327892 16.00078773
v -34.85894394 -7.41030121 17.00571060
v -35.11776352 -7.41030121 16.03978348
v -35.28416061 -7.47722960 16.08436966
v -35.46131516 -7.50000000 16.13183975
v -35.20249557 -7.50000000 17.09776497
v -35.02534103 -7.47722960 17.05029678
v -35.79057693 -7.50000000 16.22006416
v -35.53175735 -7.50000000 17.18598938
v -34.97222519 -10.69672108 16.00078773
v -34.71340942 -10.69672108 16.96671295
v -35.11776352 -10.58969879 16.03978348
v -34.85894394 -10.58969879 17.00571060
v -35.02534103 -10.52276993 17.05029678
v -35.20249557 -10.50000000 17.09776497
v -35.46131516 -10.50000000 16.13183975
v -35.28416061 -10.52276993 16.08436966
v -35.53175735 -10.50000000 17.18598938
v -35.79057693 -10.50000000 16.22006416
v -33.22626877 -6.85531378 13.30711555
v -33.92984009 -6.80986357 13.10740852
v -34.02881241 -6.69999981 13.52215767
v -34.70728683 -6.88444614 13.31572533
v -34.83135986 -6.85531378 13.73719883
v -35.40621185 -7.24474573 13.50300121
v -35.52551651 -7.30027962 13.92319775
v -35.93222046 -7.84210253 13.64394474
v -36.01753616 -7.97480202 14.05503368
v -36.21426773 -8.59583950 13.71951962
v -36.24096680 -8.78778267 14.11490154
v -36.21426773 -9.40416050 13.71951962
v -36.16563416 -9.62942505 14.09471607
v -35.93222046 -10.15789795 13.64394474
v -35.80171204 -10.38605976 13.99720383
v -35.40621185 -10.75525379 13.50300121
v -35.19835281 -10.95549965 13.83553410
v -34.70728683 -11.11555386 13.31572533
v -34.43703842 -11.26083851 13.63154030
v -33.92984009 -11.19013596 13.10740852
v -33.62059021 -11.26083851 13.41277409
v -33.17886734 -10.96892834 12.90618610
v -32.85927582 -10.95549965 13.20878029
v -32.55579376 -10.48180676 12.73923397
v -32.25591660 -10.38605976 13.04711056
v -32.14476776 -9.79455757 12.62909985
v -31.89199448 -9.62942505 12.94959831
v -32.00130081 -9.00000000 12.59065723
v -31.81666183 -8.78778267 12.92941284
v -32.14476776 -8.20544243 12.62909985
v -32.04009247 -7.97480202 12.98928070
v -32.55579376 -7.51819372 12.73923397
v -32.53211212 -7.30027962 13.12111759
v -33.17886734 -7.03107119 12.90618610
v -32.46307755 -8.30461025 12.43018723
v -32.33751678 -9.00000000 12.39654350
v -32.46307755 -9.69538975 12.43018723
v -32.82280350 -7.70313597 12.52657604
v -33.36811447 -7.27681065 12.67269135
v -34.02535629 -7.08321190 12.84879971
v -34.70577240 -7.14848566 13.03111649
v -35.31746674 -7.46381664 13.19501877
v -35.77782059 -7.98661804 13.31837082
v -36.02466965 -8.64628220 13.38451385
v -36.02466965 -9.35371780 13.38451385
v -35.77782059 -10.01338196 13.31837082
v -35.31746674 -10.53618336 13.19501877
v -34.70577240 -10.85151482 13.03111649
v -34.02535629 -10.91678810 12.84879971
v -33.36811447 -10.72318935 12.67269135
v -32.82280350 -10.29686451 12.52657604
v -33.48104858 -6.73494196 17.10957718
v -32.66372299 -6.73494196 17.07362366
v -31.89568710 -7.00814152 17.03983688
v -34.24908066 -7.00814152 17.14336395
v -35.42435455 -7.90176725 16.12193489
v -35.66346741 -8.62010288 16.18600464
v -35.66346741 -9.37989712 16.18600464
v -35.42435455 -10.09823322 16.12193489
v -34.24908066 -10.99185848 17.14336395
v -33.48104858 -11.26505756 17.10957718
v -32.66372299 -11.26505756 17.07362366
v -31.89568710 -10.99185848 17.03983688
v -35.28385162 -8.21335411 17.18888474
v -35.38754654 -8.52635574 17.14734840
v -35.42578125 -9.00000000 17.19512749
v -35.43516541 -9.00000000 17.16010666
v -35.38754654 -9.47364426 17.14734840
v -35.24673462 -8.07301617 17.10961723
v -34.87519073 -7.52158833 17.17090797
v -35.01876450 -7.65941381 17.04853249
v -31.26957893 -7.52158833 17.01229477
v -30.86091614 -8.21335411 16.99431610
v -30.71899033 -9.00000000 16.98807335
v -30.86091614 -9.78664589 16.99431610
v -31.26957893 -10.47841167 17.01229477
v -34.87519073 -10.47841167 17.17090797
v -35.01876450 -10.34058666 17.04853249
v -35.28385162 -9.78664589 17.18888474
v -35.24673462 -9.92698383 17.10961723
v -35.98376083 -10.44641018 16.27182770
v -35.72494125 -10.44641018 17.23775291
v -36.12518311 -10.30000019 16.30972099
v -35.86636353 -10.30000019 17.27564621
v -36.17694473 -10.10000038 16.32359123
v -35.91812515 -10.10000038 17.28951645
v -35.91812515 -7.90000010 17.28951645
v -36.17694473 -7.90000010 16.32359123
v -35.72494125 -7.55358982 17.23775291
v -35.86636353 -7.69999981 17.27564621
v -36.12518311 -7.69999981 16.30972099
v -35.98376083 -7.55358982 16.27182770
v -35.30689240 -8.50242615 17.32354355
v -35.34582901 -9.00000000 17.34871483
v -35.27304459 -8.51042843 17.36602020
v -35.18206406 -8.53192425 17.43941498
v -35.10799026 -8.04441166 17.36244774
v -35.02374649 -8.08640862 17.43787384
v -34.84091568 -7.62448359 17.35663033
v -34.76759338 -7.68503952 17.43535995
v -34.48559570 -7.27149010 17.34881592
v -34.42686844 -7.34775114 17.43196869
v -33.77072525 -6.88767910 17.33282089
v -33.74156952 -6.98127651 17.42497444
v -32.95753479 -6.76920462 17.31417465
v -32.96235275 -6.86854219 17.41673470
v -32.15250397 -6.94191265 17.29517555
v -32.19129181 -7.03397274 17.40823364
v -31.45801735 -7.38514566 17.27833366
v -31.52636719 -7.45764017 17.40060425
v -30.96464348 -8.03894424 17.26612854
v -31.05411530 -8.08221054 17.39502525
v -30.74966812 -8.82991219 17.26072121
v -30.84837723 -8.83757782 17.39253616
v -30.84039307 -9.64329720 17.26300812
v -30.93520355 -9.61432648 17.39358902
v -31.22348785 -10.36644173 17.27256203
v -31.30186844 -10.30502033 17.39797211
v -31.84524918 -10.90689659 17.28778458
v -31.89708328 -10.82145786 17.40489578
v -32.61833572 -11.19489670 17.30624199
v -32.63740921 -11.09697533 17.41319847
v -33.43944931 -11.19288731 17.32526970
v -33.42409897 -11.09551620 17.42164612
v -34.20755386 -10.91736507 17.34263992
v -34.16030121 -10.83262444 17.42927742
v -34.67434692 -10.56258106 17.35298729
v -34.60799026 -10.49358177 17.43378448
v -35.02965927 -10.10151577 17.36074448
v -34.94861221 -10.05308056 17.43713951
v -35.25267029 -9.56899643 17.36557579
v -35.16252518 -9.54400921 17.43922234
v -35.20845795 -9.00000000 17.45412445
v -35.05549622 -9.51432133 17.48205566
v -35.03940964 -9.00000000 17.49160004
v -34.88967896 -9.72709846 17.49160004
v -34.85162735 -9.99510670 17.48166847
v -34.46327972 -10.34350300 17.49160004
v -34.52746964 -10.41003609 17.48104286
v -34.10200500 -10.72808075 17.48019791
v -35.07410812 -8.55742264 17.48209190
v -34.92320633 -8.13652325 17.48180389
v -34.67923737 -7.75802135 17.48133659
v -34.35516739 -7.44086027 17.48070335
v -33.70500565 -7.09871864 17.47939110
v -32.96854782 -6.99764395 17.47783661
v -32.24361801 -7.15804672 17.47622490
v -31.62193680 -7.55873919 17.47476768
v -31.18237305 -8.14436150 17.47369576
v -30.99172401 -8.84870052 17.47321510
v -31.07215500 -9.57248592 17.47341919
v -31.41269875 -10.21819019 17.47426224
v -31.96803856 -10.70452118 17.47558594
v -32.66253281 -10.96788597 17.47716522
v -33.40464401 -10.97154140 17.47876358
v -34.88967896 -8.27290154 17.49160004
v -34.46327972 -7.65649700 17.49160004
v -33.82513428 -7.24462891 17.49160004
v -33.07238388 -7.09999990 17.49160004
v -32.31963730 -7.24462891 17.49160004
v -31.68148804 -7.65649700 17.49160004
v -31.25509071 -8.27290154 17.49160004
v -31.10536003 -9.00000000 17.49160004
v -31.25509071 -9.72709846 17.49160004
v -31.68148804 -10.34350300 17.49160004
v -32.31963730 -10.75537109 17.49160004
v -33.07238388 -10.89999962 17.49160004
v -33.82513428 -10.75537109 17.49160004
v -35.28618240 -9.57827759 17.32296371
v -35.05944061 -10.11930847 17.31664658
v -34.69822311 -10.58748913 17.30652428
v -34.22413254 -10.94708633 17.29308128
v -33.44461060 -11.22532368 17.27064133
v -32.61235809 -11.22556686 17.24623108
v -31.83016396 -10.93178463 17.22275543
v -31.20218849 -10.38314819 17.20354080
v -30.81586075 -9.65080261 17.19154930
v -30.72445297 -8.82794666 17.18869019
v -30.94107628 -8.02759266 17.19545746
v -31.43898201 -7.36482954 17.21081543
v -32.14088058 -6.91425800 17.23213387
v -32.95596695 -6.73727703 17.25637817
v -33.78069305 -6.85573673 17.28037453
v -34.50653458 -7.24430370 17.30110168
v -34.86758423 -7.60246611 17.31127739
v -35.13907623 -8.02891445 17.31887054
v -16.69997978 -8.66148090 11.59160042
v -16.69997978 -6.33851910 11.59160042
v -26.94429588 -8.04462147 15.04027748
v -27.05953217 -8.05598354 15.07115459
v -27.16894722 -8.08305264 15.10047245
v -27.26840210 -8.13701057 15.12712193
v -27.36170006 -8.20758533 15.15212059
v -27.43120384 -8.29436302 15.17074394
v -27.48533058 -8.38797951 15.18524742
v -27.51377487 -8.49301815 15.19286919
v -27.52677536 -8.60492420 15.19635296
v -27.52137184 -8.68222904 15.19490433
v -27.50762367 -8.75682831 15.19122124
v -27.47934341 -8.82671356 15.18364334
v -27.44187927 -8.89362049 15.17360497
v -27.39158058 -8.94694901 15.16012764
v -27.33611870 -8.99171352 15.14526558
v -27.27233124 -9.02267551 15.12817478
v -27.20369911 -9.04559803 15.10978508
v -27.25537109 -9.07452679 15.12363052
v -27.30325699 -9.10817051 15.13646126
v -27.34456825 -9.14999390 15.14753056
v -27.38174438 -9.19696522 15.15749168
v -27.40723419 -9.24656010 15.16432190
v -27.42700005 -9.29790783 15.16961765
v -27.43727303 -9.35216045 15.17237091
v -27.44187927 -9.40814686 15.17360497
v -27.43676567 -9.46893120 15.17223454
v -27.42579651 -9.52800941 15.16929531
v -27.40516663 -9.58427143 15.16376781
v -27.37879753 -9.63885975 15.15670204
v -27.34148026 -9.69103909 15.14670277
v -27.29959869 -9.73805618 15.13548088
v -27.25028992 -9.77667618 15.12226868
v -27.19662476 -9.81036854 15.10788918
v -27.13401413 -9.83725739 15.09111214
v -27.07000542 -9.85798550 15.07396126
v -27.00370216 -9.86860085 15.05619526
v -26.93604279 -9.87323475 15.03806591
v -26.84280586 -9.86498928 15.01308346
v -26.75354004 -9.84496689 14.98916531
v -26.67110634 -9.80467606 14.96707630
v -26.59292030 -9.75177479 14.94612694
v -26.52837944 -9.67766285 14.92883301
v -26.47534180 -9.59704685 14.91462231
v -26.44048309 -9.50615501 14.90528202
v -26.41605568 -9.40936756 14.89873600
v -26.62829399 -9.37030506 14.95560551
v -26.64170647 -9.43714809 14.95919895
v -26.66185951 -9.50069237 14.96459961
v -26.69412231 -9.55831337 14.97324371
v -26.73441505 -9.61200428 14.98404026
v -26.78059387 -9.64677143 14.99641418
v -26.82977676 -9.67341518 15.00959206
v -26.88383675 -9.68686199 15.02407837
v -26.94075775 -9.69257069 15.03932953
v -26.99712563 -9.68721485 15.05443287
v -27.05063438 -9.67415524 15.06877136
v -27.09922218 -9.64782524 15.08178997
v -27.14474487 -9.61322498 15.09398746
v -27.17858887 -9.56919765 15.10305691
v -27.20465279 -9.52184486 15.11003971
v -27.21796227 -9.46904564 15.11360645
v -27.22374344 -9.41302967 15.11515522
v -27.21653366 -9.34605122 15.11322403
v -27.19875717 -9.28465652 15.10846043
v -27.16272163 -9.23291111 15.09880447
v -27.11526680 -9.18719959 15.08608913
v -27.05789566 -9.15594769 15.07071686
v -26.99851608 -9.13181877 15.05480576
v -26.93583298 -9.11941338 15.03801060
v -26.87119102 -9.11395741 15.02068901
v -26.86262131 -9.11423588 15.01839256
v -26.85406494 -9.11471367 15.01609993
v -26.84552574 -9.11547756 15.01381207
v -26.83699608 -9.11639881 15.01152706
v -26.81341362 -8.92352772 15.00520802
v -26.85038185 -8.93286133 15.01511383
v -26.88758659 -8.94055367 15.02508259
v -26.92522621 -8.94526291 15.03516769
v -26.96316147 -8.94794178 15.04533291
v -27.03064346 -8.94100857 15.06341457
v -27.09450531 -8.92462826 15.08052635
v -27.15218544 -8.89212036 15.09598160
v -27.20605850 -8.84967518 15.11041641
v -27.24722672 -8.79445744 15.12144756
v -27.27880096 -8.73524952 15.12990761
v -27.29476357 -8.66954994 15.13418484
v -27.30156517 -8.60004139 15.13600731
v -27.29390526 -8.52591991 15.13395500
v -27.27644730 -8.45590115 15.12927723
v -27.24244881 -8.39280891 15.12016773
v -27.19839287 -8.33392811 15.10836315
v -27.14261818 -8.28833580 15.09341812
v -27.08275604 -8.25301266 15.07737827
v -27.01613235 -8.23469067 15.05952644
v -26.94547462 -8.22650623 15.04059315
v -26.88667870 -8.23252010 15.02483940
v -26.83073616 -8.24639130 15.00984955
v -26.77962494 -8.27358055 14.99615479
v -26.73146629 -8.30890369 14.98325062
v -26.68595505 -8.36871624 14.97105598
v -26.64904785 -8.43299294 14.96116638
v -26.62464333 -8.50375748 14.95462704
v -26.60707092 -8.57806873 14.94991875
v -26.39483070 -8.54877186 14.89304924
v -26.41452408 -8.44599438 14.89832592
v -26.44669914 -8.34958458 14.90694714
v -26.50006294 -8.26398659 14.92124557
v -26.56639099 -8.18500233 14.93901825
v -26.65170288 -8.12396908 14.96187782
v -26.74213409 -8.07742882 14.98610878
v -26.84081459 -8.05423164 15.01254940
v -25.52691841 -8.90277576 14.50520134
v -25.59093285 -8.90177822 14.52235317
v -25.48809624 -8.90277576 14.65009022
v -25.55210876 -8.90177822 14.66724205
v -25.65455627 -8.89755821 14.53940105
v -25.61573219 -8.89755821 14.68428993
v -25.71745491 -8.88734913 14.55625534
v -25.67863274 -8.88734913 14.70114422
v -25.77983856 -8.87286854 14.57297039
v -25.74101448 -8.87286854 14.71785927
v -25.81993866 -8.85505199 14.58371544
v -25.78111649 -8.85505199 14.72860432
v -25.85693550 -8.83285809 14.59362888
v -25.81811333 -8.83285809 14.73851776
v -25.88867569 -8.80324745 14.60213375
v -25.84985161 -8.80324745 14.74702263
v -25.91720390 -8.76910877 14.60977745
v -25.87838173 -8.76910877 14.75466633
v -25.93866348 -8.72843742 14.61552811
v -25.89984131 -8.72843742 14.76041698
v -25.95506287 -8.68619633 14.61992264
v -25.91624069 -8.68619633 14.76481152
v -25.96328354 -8.64141846 14.62212467
v -25.92446136 -8.64141846 14.76701355
v -25.96672630 -8.59515858 14.62304783
v -25.92790413 -8.59515858 14.76793671
v -25.96442986 -8.55591774 14.62243176
v -25.92560768 -8.55591774 14.76732063
v -25.95881081 -8.51750183 14.62092590
v -25.91998672 -8.51750183 14.76581478
v -25.94745827 -8.48050785 14.61788464
v -25.90863609 -8.48050785 14.76277351
v -25.93253326 -8.44440174 14.61388493
v -25.89370918 -8.44440174 14.75877380
v -25.91501236 -8.41545582 14.60918999
v -25.87618828 -8.41545582 14.75407887
v -25.89520836 -8.38867664 14.60388374
v -25.85638618 -8.38867664 14.74877262
v -25.87147141 -8.36563110 14.59752369
v -25.83264732 -8.36563110 14.74241257
v -25.84527779 -8.34491444 14.59050560
v -25.80645561 -8.34491444 14.73539448
v -25.12720108 -9.65472889 14.39809704
v -25.47268105 -9.65472889 14.49066830
v -25.08837891 -9.65472889 14.54298592
v -25.43385696 -9.65472889 14.63555717
v -25.53902054 -9.65439987 14.50844383
v -25.50019836 -9.65439987 14.65333271
v -25.60506821 -9.65121365 14.52614117
v -25.56624603 -9.65121365 14.67103004
v -25.67056084 -9.64256954 14.54368973
v -25.63173866 -9.64256954 14.68857861
v -25.73562241 -9.62970448 14.56112289
v -25.69679832 -9.62970448 14.70601177
v -25.77074051 -9.61416626 14.57053280
v -25.73191833 -9.61416626 14.71542168
v -25.80280685 -9.59448338 14.57912540
v -25.76398277 -9.59448338 14.72401428
v -25.82972908 -9.56782246 14.58633900
v -25.79090500 -9.56782246 14.73122787
v -25.85353279 -9.53693104 14.59271717
v -25.81470871 -9.53693104 14.73760605
v -25.87140656 -9.49988174 14.59750652
v -25.83258438 -9.49988174 14.74239540
v -25.88507271 -9.46162510 14.60116768
v -25.84624863 -9.46162510 14.74605656
v -25.89192581 -9.42141819 14.60300446
v -25.85310364 -9.42141819 14.74789333
v -25.89480209 -9.38007069 14.60377502
v -25.85597801 -9.38007069 14.74866390
v -25.89204788 -9.33841038 14.60303688
v -25.85322380 -9.33841038 14.74792576
v -25.88492775 -9.29811668 14.60112953
v -25.84610558 -9.29811668 14.74601841
v -25.87018013 -9.26021004 14.59717751
v -25.83135796 -9.26021004 14.74206638
v -25.85058403 -9.22382069 14.59192753
v -25.81176186 -9.22382069 14.73681641
v -25.79761314 -8.10626698 14.73302460
v -25.84782600 -8.12183857 14.74647903
v -25.89651680 -8.14084816 14.75952625
v -25.94253922 -8.16588593 14.77185822
v -25.98686028 -8.19476795 14.78373337
v -26.02518272 -8.23094273 14.79400158
v -26.05973625 -8.27023315 14.80326080
v -26.08836555 -8.31441593 14.81093216
v -26.11361313 -8.36139393 14.81769657
v -26.13548088 -8.41769505 14.82355595
v -26.15237236 -8.47517395 14.82808304
v -26.16106987 -8.53459072 14.83041286
v -26.16490555 -8.59515858 14.83144093
v -26.15886688 -8.66798496 14.82982254
v -26.14475060 -8.73808479 14.82604027
v -26.11689186 -8.80354309 14.81857586
v -26.08059883 -8.86615467 14.80885029
v -26.02933121 -8.92087364 14.79511356
v -25.97298431 -8.96763134 14.78001595
v -25.90855789 -9.00172234 14.76275253
v -25.83946991 -9.02850819 14.74424076
v -25.89259529 -9.06032181 14.75847530
v -25.94163132 -9.09693909 14.77161407
v -25.98357201 -9.14188957 14.78285313
v -26.02105331 -9.19208241 14.79289532
v -26.04620171 -9.24309635 14.79963398
v -26.06587029 -9.29573631 14.80490398
v -26.07632256 -9.35111332 14.80770493
v -26.08118820 -9.40814686 14.80900860
v -25.81385422 -8.32818413 14.58208561
v -25.77503204 -8.32818413 14.72697449
v -25.78151894 -8.31404305 14.57342148
v -25.74269676 -8.31404305 14.71831036
v -25.74777031 -8.30392456 14.56437778
v -25.70894623 -8.30392456 14.70926666
v -25.71321869 -8.29608631 14.55512047
v -25.67439651 -8.29608631 14.70000935
v -25.67444420 -8.29165554 14.54473019
v -25.63562012 -8.29165554 14.68961906
v -25.63558197 -8.28869915 14.53431702
v -25.59675980 -8.28869915 14.67920589
v -25.59660721 -8.28762913 14.52387428
v -25.55778503 -8.28762913 14.66876316
v -25.55757523 -8.28754139 14.51341534
v -25.51875305 -8.28754139 14.65830421
v -25.12720108 -8.28754139 14.39809704
v -25.08837891 -8.28754139 14.54298592
v -25.12720108 -8.90277576 14.39809704
v -25.08837891 -8.90277576 14.54298592
v -25.82278252 -9.19368649 14.58447742
v -25.78396034 -9.19368649 14.72936630
v -25.79210281 -9.16801453 14.57625675
v -25.75328064 -9.16801453 14.72114563
v -25.75690079 -9.14935684 14.56682491
v -25.71807861 -9.14935684 14.71171379
v -25.71911430 -9.13470936 14.55669975
v -25.68029022 -9.13470936 14.70158863
v -25.66512108 -9.12416363 14.54223251
v -25.62629890 -9.12416363 14.68712139
v -25.61078644 -9.11701012 14.52767372
v -25.57196426 -9.11701012 14.67256260
v -25.55600166 -9.11431313 14.51299381
v -25.51717758 -9.11431313 14.65788269
v -25.50097847 -9.11395741 14.49825096
v -25.46215630 -9.11395741 14.64313984
v -25.12720108 -9.11395741 14.39809704
v -25.08837891 -9.11395741 14.54298592
v -26.07549095 -9.47062397 14.80748177
v -26.06356430 -9.53120518 14.80428600
v -26.04146957 -9.58868980 14.79836559
v -26.01338959 -9.64435291 14.79084206
v -25.97514725 -9.69651413 14.78059483
v -25.93218422 -9.74300861 14.76908302
v -25.88138771 -9.78010559 14.75547218
v -25.82591057 -9.81158924 14.74060726
v -25.74846840 -9.83692551 14.71985722
v -25.66984367 -9.85530472 14.69878864
v -25.58947182 -9.86342907 14.67725372
v -25.50814056 -9.86591053 14.65546131
v -24.85963058 -9.86591053 14.48169327
v -24.85963058 -8.07635975 14.48169327
v -25.51875305 -8.07635975 14.65830421
v -25.58909035 -8.07791901 14.67715168
v -25.65910721 -8.08252525 14.69591236
v -25.72854996 -8.09259129 14.71451950
v -18.47723198 -8.55503082 11.73354435
v -18.39006042 -9.00000000 11.75584030
v -18.47723198 -9.44496918 11.73354435
v -20.70236588 -9.44797325 13.06029320
v -20.79006004 -9.00000000 13.03773212
v -20.70236588 -8.55202675 13.06029320
v -37.33781052 -12.05836868 17.51925087
v -37.42731476 -12.10265446 17.69738007
v -37.38609314 -12.47518730 17.87021637
v -37.45527649 -12.40205765 17.94914055
v -37.49695969 -12.47930813 18.10618210
v -37.49630737 -12.37671661 18.02686310
v -37.53208923 -12.34746361 18.10673141
v -37.51636505 -12.09051418 17.89425278
v -37.58021164 -12.06047249 18.10018158
v -37.55455780 -11.52581120 17.73002243
v -37.57997513 -11.51476860 17.83015633
v -37.55516815 -10.92546272 17.50984001
v -37.60524368 -10.81590939 17.80938148
v -37.32423401 -11.55601788 17.23879623
v -37.25087738 -11.69860744 17.20469856
v -37.15026474 -11.42351627 16.96333694
v -37.03848267 -11.20790291 16.77386665
v -37.25637817 -11.12779522 16.97598076
v -37.43010330 -11.03423214 17.22062683
v -37.39200211 -11.54873562 17.34691811
v -37.47447968 -12.09806919 17.79351997
v -37.45442200 -11.54260635 17.46741676
v -37.60801697 -11.21699333 17.96829224
v -37.61287689 -11.77167416 18.24677467
v -37.59607697 -12.04208851 18.17688560
v -37.61627197 -12.07327747 18.44116211
v -37.60000229 -12.24615955 18.33410454
v -37.61281204 -12.34864140 18.51896477
v -37.59696960 -12.41671276 18.43725014
v -37.61907196 -12.28001881 18.60150909
v -37.58611679 -12.27696037 18.27067184
v -37.57167053 -12.48368645 18.35702515
v -37.56433487 -10.61405468 17.44887352
v -37.57049561 -10.27752686 17.38738632
v -37.60073471 -9.81610775 17.55103493
v -37.57783127 -9.79419136 17.32610893
v -37.58049774 -9.38120556 17.30853081
v -37.56476212 -9.39983177 17.23597527
v -37.56770325 -9.18574524 17.24543571
v -37.50387955 -9.45711708 17.05686378
v -37.48164368 -9.18574524 17.00241280
v -37.41699219 -9.52519512 16.89421082
v -37.34566116 -9.18574524 16.78338051
v -37.31831360 -9.79937077 16.78039551
v -37.36815643 -10.12165165 16.89027023
v -37.23785782 -10.40809917 16.77503777
v -37.29920197 -10.64176750 16.89744186
v -37.25263596 -10.91943359 16.90746689
v -37.40916443 -10.80463600 17.11036873
v -37.53169632 -10.66726685 17.35089874
v -37.14299011 -10.86937332 16.77365303
v -37.59986496 -9.18574524 17.50123215
v -37.59999847 -9.42335320 17.50878143
v -37.54334641 -10.33603954 17.30062103
v -37.43711853 -10.49886227 17.08405304
v -37.55812454 -9.83872128 17.24948120
v -37.47820663 -9.97781563 17.05886269
v -37.16603088 -9.18574524 16.59844971
v -37.23984909 -9.55467606 16.67400742
v -37.20366287 -9.94684696 16.67231369
v -37.07900620 -10.60228157 16.65720940
v -36.88897705 -11.01031494 16.59850883
v -36.70091629 -10.84478188 16.44902229
v -36.76559830 -10.32619381 16.41605568
v -36.91160965 -9.78736782 16.45016098
v -36.94756317 -9.49258900 16.45785713
v -36.95104599 -9.18574524 16.45615387
v -36.88039398 -9.47764206 16.42494965
v -36.71063232 -9.18574524 16.36306381
v -36.65650177 -9.67688179 16.34856033
v -36.84357452 -9.75785637 16.41601753
v -36.49689865 -10.14277172 16.30579567
v -36.69259262 -10.27511311 16.37839699
v -36.24002457 -10.55946541 16.23696518
v -36.47619247 -10.69865704 16.32364655
v -35.89908600 -10.90554428 16.14561081
v -36.24752426 -10.88088894 16.25318336
v -36.32460403 -10.92018795 16.28648567
v -36.52243042 -11.02967548 16.39072800
v -36.61228180 -11.08959866 16.44896317
v -36.69247818 -11.15410614 16.50979424
v -36.38927078 -11.26522923 16.37838936
v -36.44945526 -11.30847549 16.42054558
v -36.04322433 -11.42368984 16.26577950
v -36.31407547 -11.40306568 16.38277054
v -35.71372986 -11.55215740 16.17114639
v -36.75312805 -11.21208191 16.56334877
v -36.74249268 -11.29323673 16.58255005
v -35.56015778 -11.55266571 16.11275291
v -35.09924316 -11.70047569 15.99859047
v -35.53374481 -11.52102184 16.09412766
v -35.08323669 -11.57599640 15.95706654
v -35.50194168 -11.48215866 16.07331467
v -35.47089005 -11.44218254 16.05452919
v -35.86484528 -11.31265640 16.16818428
v -35.40948105 -11.35935402 16.02275658
v -35.73970413 -11.23456383 16.11332321
v -35.69546509 -11.20378208 16.09646225
v -35.98753357 -11.05198193 16.17783546
v -35.06291962 -11.44840145 15.92909908
v -35.38523865 -11.32690144 16.01240921
v -35.03853607 -11.31923962 15.91502762
v -35.49160767 -11.16321754 16.03642845
v -36.05136108 -11.08437252 16.20292473
v -36.22659302 -11.17075729 16.28392220
v -35.92928314 -11.35129356 16.20045280
v -36.31120300 -11.21654415 16.33005524
v -35.99246216 -11.39037514 16.23519897
v -35.11074448 -11.82032776 16.05316734
v -35.52927017 -11.68061924 16.14712334
v -35.98288345 -11.58562851 16.29623985
v -36.38514328 -11.51575470 16.46067047
v -36.69514465 -11.47437382 16.62050819
v -36.91547394 -11.48526478 16.77826309
v -36.75448608 -11.72504807 16.77894020
v -36.37609482 -11.81701469 16.61002541
v -36.07998276 -11.79871559 16.45053101
v -35.75201797 -11.81518364 16.31027412
v -35.42686081 -11.86375427 16.20193291
v -35.11759949 -11.93409920 16.12013435
v -35.40835953 -11.90079403 16.21865273
v -35.11972427 -12.04040813 16.19867897
v -35.73654556 -11.96281338 16.41078758
v -35.71149063 -11.85877991 16.32086945
v -36.01908112 -11.85057163 16.45514870
v -36.55910110 -11.93531704 16.78449249
v -36.30335617 -11.87942982 16.61243248
v -36.35398865 -12.11910820 16.81584358
v -36.02764130 -11.99664688 16.56892395
v -21.46749115 -14.54379845 12.30873871
v -21.48349762 -14.66827679 12.35026264
v -20.99275589 -14.70537376 12.19655514
v -20.30570221 -14.88704491 12.04065895
v -20.54610062 -14.79442883 12.07920742
v -19.71833801 -14.88173103 11.86259460
v -19.76822090 -14.79517174 11.84634495
v -19.08402443 -14.80271816 11.66472435
v -19.13356209 -14.76040649 11.66778755
v -18.55397415 -14.70636177 11.51339245
v -18.62163734 -14.65443134 11.52314091
v -18.15319252 -14.53961277 11.39618778
v -18.72683144 -14.59908485 11.54722023
v -18.17511749 -14.48766613 11.39924335
v -19.04233742 -14.47113323 11.62885952
v -18.15328979 -14.26324368 11.39063931
v -19.76016426 -14.93099403 11.90098953
v -19.30069733 -14.94200325 11.78627872
v -19.05002403 -14.87936401 11.69128513
v -18.63072205 -14.92437935 11.62737370
v -18.55520439 -14.83847809 11.56895924
v -18.15095139 -14.90254307 11.52456570
v -18.18009377 -14.78906250 11.48062038
v -18.15272522 -14.66210747 11.42294884
v -18.53986740 -14.74416828 11.52179337
v -19.35464859 -14.64315414 11.71563435
v -19.80148888 -14.51178837 11.83227253
v -20.03623199 -14.61130619 11.89819908
v -20.67405891 -14.43339539 12.06607723
v -20.73740959 -14.50543404 12.08555317
v -21.08793831 -14.43076897 12.17910004
v -21.05548096 -14.47731113 12.17338943
v -21.44717216 -14.41620350 12.28077126
v -21.02015495 -14.53736305 12.16988182
v -20.99674225 -14.59374046 12.17171764
v -20.60743523 -14.62808132 12.06060600
v -20.56521225 -14.68781853 12.05785179
v -19.82874298 -14.74117279 11.85343933
v -21.42279053 -14.28704071 12.26669979
v -20.67350578 -14.56038570 12.07181454
v -19.92975998 -14.67260265 11.87352562
v -19.23406219 -14.70158482 11.68731308
v -21.29299545 -15.61374664 13.00288582
v -21.22794151 -15.69756985 13.10232639
v -20.85722542 -15.61425686 12.85050106
v -20.81584930 -15.64108562 12.87699509
v -20.32732201 -15.56232166 12.62192059
v -19.35433197 -15.37901688 12.14378548
v -19.86926270 -15.43978405 12.34808540
v -20.36935425 -15.53388214 12.59832764
v -20.64249992 -15.52813053 12.67439938
v -21.00134659 -15.58644390 12.86063194
v -20.89447594 -15.51252651 12.73810959
v -21.12793541 -15.55007362 12.86123562
v -21.06096649 -15.48963833 12.77135468
v -21.21173286 -15.51406384 12.85341454
v -21.21856308 -15.44626522 12.78888512
v -21.29843140 -15.46130657 12.83615208
v -21.32168579 -15.37372971 12.76987457
v -21.41011047 -15.40663624 12.83655167
v -19.42074966 -15.34633255 12.12912750
v -18.96943855 -15.29193687 11.96080971
v -19.05201721 -15.25828934 11.95193195
v -18.65611076 -15.20791626 11.81468487
v -18.74911499 -15.17277431 11.80929279
v -18.14984131 -15.02998257 11.58835030
v -18.48883057 -15.08477974 11.69029140
v -18.15042496 -14.96593571 11.55474567
v -18.83419991 -15.09134674 11.77139378
v -19.02606201 -15.15782261 11.86510181
v -19.66566467 -15.17490292 12.05097103
v -19.64821815 -15.21384716 12.07700443
v -20.21252441 -15.24726486 12.27364540
v -19.85494614 -15.27065372 12.18489742
v -20.36201668 -15.29761124 12.36275005
v -20.08782387 -15.33096886 12.30759525
v -20.52702522 -15.34987736 12.46071529
v -20.34640312 -15.39428616 12.44504833
v -20.70487976 -15.40217781 12.56566811
v -20.62284470 -15.45734501 12.59287262
v -20.88772774 -15.45066547 12.67236137
v -20.60012436 -15.22109604 12.37512493
v -20.82458496 -15.26771450 12.48810005
v -20.89163589 -15.31007481 12.54681396
v -20.96817780 -15.35126209 12.60914135
v -21.05154991 -15.38939285 12.67281246
v -21.13659668 -15.42188454 12.73401165
v -21.26753998 -15.21764469 12.61706829
v -21.27066422 -15.30609417 12.69132710
v -21.35401726 -15.51629257 12.91385746
v -20.25123215 -15.45285130 12.47338295
v -19.87742615 -15.37389374 12.28438759
v -19.54728127 -15.29820251 12.11989307
v -19.26608658 -15.22680092 11.98149586
v -18.34521484 -14.93894291 11.57867527
v -18.76410294 -14.95074463 11.66935253
v -19.32626724 -14.95701027 11.80190182
v -20.12138748 -14.91949368 12.00062847
v -21.06353378 -14.77865410 12.24539185
v -21.49499702 -14.78812981 12.40483952
v -21.50185204 -14.90190029 12.47180557
v -21.34538078 -14.87113285 12.39157867
v -21.26291275 -14.83353519 12.34081268
v -21.20711708 -14.81479645 12.31151867
v -20.66960526 -14.93714905 12.18830013
v -20.50302696 -14.93230438 12.12964821
v -20.05768776 -15.01000977 12.04073524
v -19.82187271 -14.99840736 11.96258736
v -19.55501938 -15.05132198 11.92579842
v -19.29247093 -15.02699184 11.83944035
v -19.16645432 -15.07802200 11.84284496
v -18.89295578 -15.04252052 11.75316334
v -21.50397873 -15.00821018 12.55035019
v -21.44455338 -14.96069908 12.48814678
v -21.39838409 -14.90884876 12.43459034
v -21.13673782 -14.96449757 12.37004852
v -20.94178200 -14.94825459 12.28938770
v -20.83028603 -15.03265858 12.30790806
v -20.48137665 -15.02360153 12.18446064
v -20.52778244 -15.09735966 12.25438499
v -20.06111145 -15.08163071 12.09504700
v -20.26417160 -15.15398502 12.21416092
v -19.71585274 -15.12605190 12.02690792
v -21.39757347 -15.05162621 12.53849792
v -21.30728531 -14.99646664 12.45734119
v -21.15780640 -15.04887104 12.43715954
v -21.31295776 -15.12657738 12.56237411
v -21.00470352 -15.10942841 12.42591476
v -20.86610603 -15.17142296 12.42473412
v -16.46067810 -13.14284134 10.96731949
v -16.46087837 -12.99631405 10.95589447
v -16.54816437 -13.27556038 10.98736858
v -16.55710793 -13.26105499 10.98634720
v -16.66396523 -13.50223255 11.02055550
v -16.49632072 -13.35473633 10.98687935
v -16.46027565 -13.50172520 10.99044132
v -16.46054077 -13.26584530 10.97520828
v -23.70185089 -16.32978058 15.58658886
v -23.68896675 -16.33549690 15.62165928
v -23.35643578 -16.36648941 15.74308395
v -23.66254616 -16.34747505 15.72378159
v -23.37262726 -16.36991501 15.78378201
v -23.38873291 -16.37174225 15.82461643
v -23.65684891 -16.34870720 15.73894882
v -23.40472984 -16.37196541 15.86553478
v -23.72132301 -16.34445953 15.76394749
v -23.75332260 -16.34005737 15.70771980
v -23.99880409 -16.31676674 15.63170528
v -24.01154137 -16.31292152 15.60305882
v -24.22674942 -16.29303169 15.56722164
v -24.23717690 -16.28657150 15.52636909
v -24.39854050 -16.27400780 15.52739143
v -24.40134048 -16.24337769 15.37215900
v -24.25191689 -16.23182297 15.26947689
v -24.38130188 -16.20797539 15.23056602
v -24.33880043 -16.17191124 15.10083008
v -24.20164680 -16.22748566 15.23500919
v -24.06178284 -16.27736282 15.40667915
v -23.99430275 -16.28119469 15.40376377
v -23.80272293 -16.32101250 15.56437397
v -24.37984848 -16.28949547 15.68106270
v -24.04801178 -16.31682968 15.70214558
v -23.76160812 -16.33830643 15.68978024
v -24.71181297 -16.26286888 15.70101929
v -24.53917694 -16.26383972 15.53712559
v -24.53666306 -16.25392723 15.47711849
v -24.48966980 -16.18818283 15.20752335
v -24.52543640 -16.14993477 15.11419868
v -24.71112442 -16.16918945 15.23519135
v -24.77158356 -16.23694038 15.50428772
v -24.77829552 -16.24598122 15.56294823
v -25.03930473 -16.22709656 15.61878777
v -25.03888130 -16.23735428 15.76171398
v -25.12663078 -16.22073174 15.64409924
v -25.35610008 -16.21333694 15.86222553
v -25.41756439 -16.19259262 15.69904518
v -25.12936783 -16.21240997 15.59025669
v -25.47563171 -16.14668274 15.53980827
v -25.12173271 -16.14425659 15.33941746
v -25.52905846 -16.07659340 15.38792324
v -25.11128998 -16.10440063 15.24132442
v -25.00930214 -16.15070534 15.30496883
v -24.77161026 -16.12766838 15.15311146
v -25.03859329 -16.21871758 15.56335831
v -25.57670021 -15.98382282 15.24664307
v -25.20096970 -16.05199814 15.17862988
v -25.06151199 -16.06208801 15.13569260
v -24.58947563 -16.10273743 15.02872276
v -24.44642830 -16.10619354 14.97762775
v -24.54434586 -16.01729012 14.84718037
v -24.78908539 -15.93017197 14.81970024
v -24.62913513 -15.90028381 14.71268463
v -24.82583046 -15.88489056 14.77906895
v -24.68947411 -15.76471424 14.59904671
v -25.00700760 -15.76633930 14.74248219
v -25.25754547 -15.86359596 14.94529629
v -25.32756042 -15.75764084 14.87876511
v -25.36467171 -15.85649586 14.98663807
v -25.65069389 -15.73863125 15.00770855
v -25.61753654 -15.87035847 15.11899376
v -25.33949471 -15.89528847 15.01740074
v -25.22780037 -15.90314102 14.97566032
v -24.59739685 -15.89236259 14.68885994
v -24.54784012 -15.88563633 14.65867901
v -24.37840080 -15.86317825 14.55678082
v -24.37003136 -15.90145588 14.59894657
v -24.05599785 -15.85629368 14.40655804
v -24.00885010 -16.00746346 14.59408855
v -23.88444328 -15.98621655 14.50671768
v -23.89498520 -16.03363037 14.59271049
v -23.57717323 -15.98892307 14.39362049
v -24.57312202 -15.93670177 14.73582077
v -24.52809715 -15.92856503 14.70486069
v -24.37653923 -16.11098671 14.95927143
v -24.27939987 -16.07537651 14.84089661
v -24.12770653 -16.08388138 14.79303741
v -24.40025139 -16.12108612 14.99243164
v -24.26479149 -16.13187981 14.96349144
v -23.64222908 -15.90510082 14.29417896
v -23.93992996 -15.84114075 14.34025097
v -24.06074905 -15.82448673 14.37493801
v -23.70325089 -15.80764580 14.20515156
v -23.94700050 -15.81060314 14.31175518
v -24.06521416 -15.73051548 14.29151726
v -24.37539864 -15.75276756 14.44865608
v -23.75934219 -15.69799042 14.12784576
v -23.50904083 -16.05788231 14.50201511
v -23.80188560 -16.06840706 14.62443924
v -24.06112671 -16.12581444 14.86551189
v -23.87870407 -16.08168030 14.68389988
v -23.60325050 -16.13369179 14.72360134
v -23.43882942 -16.11096573 14.61777210
v -23.56468391 -16.14523697 14.75179386
v -23.36757088 -16.14739418 14.73919010
v -23.51082611 -16.17397499 14.85699940
v -23.60552025 -16.15395927 14.79103279
v -23.70717239 -16.18490410 14.92923069
v -23.76578331 -16.17566872 14.91203690
v -23.76418304 -16.21798134 15.07460403
v -23.83341599 -16.20976830 15.05985928
v -23.78858185 -16.23722839 15.16082287
v -23.97994995 -16.21596909 15.12500191
v -24.16332626 -16.16688538 15.01942062
v -24.16743088 -16.19349670 15.10394192
v -23.62259102 -16.25118828 15.19920826
v -23.59995270 -16.21025085 15.01777172
v -23.64938354 -16.14296341 14.76577568
v -34.82350159 -15.45027733 19.14933586
v -34.87693024 -15.38018703 18.99744987
v -35.20827484 -15.39172268 19.21943092
v -35.56602097 -15.31548691 19.27444458
v -35.93831635 -15.29695797 19.53047371
v -36.22616959 -15.18920326 19.53260040
v -36.51248550 -15.16496754 19.79024887
v -36.69727707 -15.03572083 19.71567154
v -36.84609604 -15.07550240 20.05119896
v -37.02356339 -14.86501598 19.85266113
v -36.61819839 -15.24100113 20.22134781
v -36.30260086 -15.28664875 19.90627670
v -35.76335144 -15.37386799 19.61424637
v -35.13145065 -15.43900204 19.31803322
v -34.76543808 -15.49618626 19.30857277
v -35.05241394 -15.47385216 19.42312431
v -35.02162933 -15.48340130 19.46231461
v -35.52322388 -15.44513035 19.73268890
v -35.21963120 -15.47958755 19.73208427
v -35.67436218 -15.44888496 20.08894157
v -35.97048950 -15.40489101 20.04702187
v -36.05042648 -15.42602158 20.52839851
v -36.34162521 -15.36338329 20.37733650
v -36.05952454 -15.38017368 20.01012611
v -34.70397186 -15.51693153 19.47175407
v -35.58465958 -15.43054581 19.69983673
v -36.33314896 -15.41188908 21.03331184
v -36.54034805 -15.36239338 20.80876350
v -36.63321686 -15.32743740 20.74975014
v -37.03074265 -15.06263065 20.43458176
v -37.13099670 -14.92161369 20.24047852
v -37.23145294 -14.96974468 20.75178337
v -37.12229538 -15.09025669 20.86310959
v -36.75021362 -15.33204269 21.13001251
v -36.66424561 -15.36298180 21.17856216
v -36.51150131 -15.40703964 21.58398056
v -36.75123978 -15.36572742 21.58320045
v -36.78226852 -15.36917305 21.86400032
v -36.86479187 -15.34305096 21.84816742
v -36.86936951 -15.35104465 22.15481949
v -37.13642502 -15.22082901 22.15225410
v -37.23202515 -15.13392353 21.78488541
v -37.36332321 -15.02899742 22.15138054
v -37.32311249 -15.01213646 21.44656372
v -37.20032883 -15.11947536 21.40324211
v -36.57852554 -15.41166210 22.15892029
v -36.83480072 -15.33809566 21.55383110
v -37.50474167 -14.84179306 22.15192604
v -37.45365524 -14.89907551 21.81634521
v -37.42508698 -14.88915348 21.43958282
v -37.33916092 -14.83711052 20.70690155
v -37.29533768 -14.80394936 20.41552734
v -37.23656845 -14.69559574 19.95760155
v -37.32734299 -14.59741783 20.01089859
v -37.13637543 -14.78365898 19.90564728
v -37.45978165 -14.61060905 20.58106232
v -37.41110992 -14.48645687 20.06748962
v -37.49485779 -14.48020840 20.42544365
v -37.58118820 -14.47082520 20.96303749
v -37.48950958 -14.65392494 20.88285065
v -37.63572693 -14.46048737 21.55525780
v -37.62969589 -14.51011753 21.67706490
v -37.54473877 -14.71313572 21.56564713
v -37.65406799 -14.45277977 21.99683571
v -37.63730240 -14.51794338 21.93586349
v -37.56200790 -14.71948719 21.88098907
v -37.60704041 -14.63066006 22.15353775
v -37.65850830 -14.43946362 22.08013725
v -37.66630554 -14.40366650 22.15615654
v -37.31126404 -14.49186420 19.75769424
v -37.20849228 -14.49574661 19.53526688
v -36.89863586 -14.80429459 19.54090691
v -36.81932449 -14.50398254 19.06342316
v -36.73579788 -14.73383045 19.26360512
v -36.54007339 -14.64950275 19.01451874
v -36.33649445 -14.54561710 18.80687714
v -36.37694168 -14.50867653 18.79454613
v -14.12756252 -15.25929165 11.34496880
v -14.12756252 -15.06920910 11.15433407
v -14.81763935 -15.16007519 11.23904896
v -15.26460075 -15.05625439 11.17485714
v -15.54645348 -15.13751507 11.26265621
v -16.28361511 -14.99369240 11.25297642
v -16.20656776 -15.10631371 11.31226349
v -16.66929245 -14.99270725 11.30939865
v -16.54286766 -15.23671532 11.46404362
v -16.67497063 -15.36699295 11.63472939
v -16.48518562 -15.37845707 11.63274193
v -16.59309959 -15.42620468 11.72661972
v -16.37458801 -15.42300987 11.70168972
v -16.41220284 -15.48392582 11.84731865
v -16.17864227 -15.47805882 11.81835365
v -15.82231331 -15.51660728 11.94350815
v -15.94141674 -15.47266388 11.79168797
v -15.08822250 -15.49894905 11.86524487
v -15.37678051 -15.46249104 11.74067688
v -14.87645626 -15.45826054 11.71683598
v -15.01501942 -15.41363239 11.60693550
v -14.51902771 -15.41893673 11.61074543
v -14.56713200 -15.38676357 11.54326534
v -14.12756252 -15.40209389 11.57318115
v -16.68258095 -15.54529762 12.07066536
v -14.50793362 -15.49160957 11.83271694
v -14.44630241 -15.45924950 11.71559048
v -14.12756252 -15.49042892 11.82748508
v -14.69523621 -15.28069973 11.37408638
v -15.33485508 -15.26525211 11.37828064
v -15.96714020 -15.25061321 11.41318512
v -15.10324860 -15.37850285 11.53884792
v -15.67768478 -15.37601376 11.56309128
v -16.26377869 -15.37746906 11.61064529
v -15.56295300 -15.41430855 11.62975979
v -16.14558601 -15.41999912 11.67806721
v -38.10644150 -13.44392586 17.19111824
v -38.44534302 -13.19806576 17.48133278
v -38.27128601 -13.02479553 17.06704140
v -38.42242050 -12.67927837 17.04498100
v -38.24446487 -12.68966484 16.78984451
v -38.32529068 -12.16420460 16.57637405
v -38.18257904 -12.38036251 16.51396942
v -38.09683609 -12.13118458 16.27160454
v -37.94376755 -12.67049885 16.44311523
v -37.86217880 -12.43833637 16.22110939
v -37.64297867 -12.95657253 16.38751602
v -37.55728912 -12.75401020 16.18668365
v -37.51586533 -13.05731869 16.37286377
v -37.42775726 -12.86883068 16.18100548
v -37.14279938 -13.27591228 16.33984947
v -37.00553513 -13.07618237 16.11389160
v -37.17796326 -12.56554794 15.82567883
v -36.77840805 -12.90037441 15.86742878
v -38.18202209 -11.78442287 16.19970703
v -37.81598663 -11.85451889 15.86744690
v -37.54117966 -12.21009922 15.83806801
v -38.00313187 -11.48992348 15.89439964
v -37.56889725 -13.26174164 16.56240082
v -37.23544312 -13.78245449 16.79857635
v -37.58551788 -13.47393036 16.74231339
v -37.69747925 -13.64145660 16.96033859
v -37.71178436 -13.40987015 16.78260612
v -38.01364136 -13.22634602 16.91110229
v -37.99683380 -12.94211292 16.68062210
v -37.69582367 -13.17914867 16.58984566
v -38.32841110 -11.36501408 16.22793388
v -38.41467285 -11.84244823 16.54793358
v -38.52764130 -11.80160046 16.72977448
v -38.58842850 -12.07459450 16.98696136
v -38.68129349 -12.03436661 17.18562126
v -38.71818924 -12.33454514 17.45332527
v -38.84406662 -12.20993137 17.83185196
v -38.85238266 -12.43749523 18.02330589
v -38.88054276 -12.36623478 18.14430428
v -38.86017227 -12.60377312 18.18989563
v -38.91887283 -12.28001881 18.57882118
v -38.48762512 -12.11205673 16.80833244
v -38.63695908 -12.38570118 17.27384949
v -38.73941422 -12.61379719 17.70251656
v -38.54629517 -12.43188286 17.10639954
v -38.57973480 -12.76536942 17.40277672
v -38.70011139 -12.91408348 17.81892967
v -38.66489792 -12.69249821 17.54931259
v -38.91642761 -12.10171413 18.43879509
v -38.87516403 -12.15452099 17.97133255
v -38.82964325 -11.93599701 17.61716080
v -38.63375092 -11.75833988 16.93781471
v -38.91262817 -11.76646900 18.22100258
v -38.86627960 -11.89059162 17.77603149
v -38.80866623 -11.65761375 17.40706062
v -38.60556412 -11.20947456 16.66330338
v -38.90759659 -11.18737984 17.93292236
v -38.85315704 -11.61355400 17.58464813
v -38.81619644 -11.01870823 17.20657349
v -38.90504456 -10.81590939 17.78669357
v -38.14546585 -11.07934570 15.92573071
v -38.31414795 -11.12991333 16.13937759
v -38.56760788 -10.96883106 16.51287651
v -38.77559280 -10.76718426 16.98005295
v -38.83124542 -10.68864727 17.16798019
v -38.84169006 -10.33616734 17.12195969
v -38.90053558 -9.81610680 17.52834702
v -38.85575485 -9.67814064 17.07094383
v -38.89979935 -9.42335320 17.48609352
v -38.85847855 -9.39485264 17.07022476
v -38.89966583 -9.18574524 17.47854424
v -38.83266068 -9.18574524 16.94563484
v -38.65336990 -9.18574524 16.43933868
v -38.69999313 -9.49384594 16.54754639
v -38.82659912 -9.41881752 16.92336464
v -38.82070541 -9.72501183 16.92000961
v -38.79396820 -10.41486931 16.95083618
v -38.52116776 -9.57717133 16.20716476
v -38.37007523 -9.18574524 15.98302174
v -38.34391403 -9.88213158 15.97776508
v -38.48789978 -10.02338028 16.19217300
v -38.25924683 -10.55556774 15.95564461
v -38.37774658 -10.81409550 16.15472984
v -38.60863876 -10.63233852 16.51477814
v -38.67989731 -9.87241554 16.53314400
v -37.77584457 -11.24880695 15.63343143
v -38.02487564 -10.78068352 15.74847317
v -37.74812317 -10.59920120 15.50616264
v -37.81518555 -10.29313946 15.51896572
v -37.47024918 -10.13355827 15.29412079
v -37.52730560 -9.82981873 15.30520344
v -37.38885117 -9.78885555 15.23580170
v -37.41974258 -9.49251175 15.24207401
v -36.99296570 -9.67688179 15.09285641
v -37.04709625 -9.18574524 15.10736084
v -37.54796219 -9.18574524 15.30129910
v -37.55612564 -9.51329136 15.30908012
v -37.88912582 -9.56271553 15.52021885
v -37.86481094 -9.93884468 15.52354527
v -38.14654922 -10.04694557 15.77275848
v -38.09336090 -10.44495487 15.76436234
v -38.17602921 -9.60749817 15.77117729
v -37.99584961 -9.18574524 15.59774780
v -37.32875443 -10.07399273 15.22208691
v -36.83336258 -10.14277172 15.05009079
v -37.24644089 -10.33892155 15.20271206
v -37.03805542 -10.79755974 15.15192413
v -37.39340591 -10.41127110 15.27757263
v -37.45599747 -11.02438545 15.38372040
v -36.57649231 -10.55946541 14.98126221
v -37.59002304 -11.61133194 15.60263920
v -37.58300781 -11.48562241 15.55860519
v -37.48164368 -11.39926147 15.47100830
v -37.36418533 -11.31489182 15.38392448
v -36.97026825 -11.45603943 15.21543789
v -36.87649155 -11.39875603 15.16232872
v -36.41649628 -11.54746437 15.00503254
v -36.19110107 -11.37122154 14.89957428
v -35.81194305 -11.49894714 14.79391766
v -35.77334976 -11.43636990 14.77614403
v -35.42580032 -11.58832741 14.68863964
v -35.37500000 -11.31923962 14.65932369
v -35.82807159 -11.16321754 14.78072453
v -36.12145233 -11.31144047 14.87153625
v -36.45977783 -11.15809441 14.96868134
v -36.56149292 -11.21843815 15.01025772
v -36.89641190 -11.05200481 15.11985207
v -37.26185989 -11.25086689 15.31698227
v -36.76927948 -10.98622131 15.06353378
v -36.23555374 -10.90554428 14.88990784
v -35.92888641 -11.68549347 14.85990143
v -35.46812820 -11.85414982 14.74690533
v -35.96568680 -11.74395084 14.88460922
v -36.01251984 -11.81905937 14.91914749
v -36.57591248 -11.67335033 15.09518623
v -36.65714264 -11.74345589 15.14839077
v -37.17850113 -11.60626793 15.35521030
v -37.02411652 -11.75339413 15.32178116
v -36.05689240 -11.89261150 14.95574760
v -35.50147247 -12.11348152 14.83341408
v -36.26154709 -11.93481445 15.04686069
v -37.08087540 -11.53083420 15.28512764
v -36.48780441 -11.60246563 15.04337978
v -20.44460106 -15.36623859 10.82480526
v -21.45235634 -15.22146893 11.08675575
v -21.88572693 -15.08128262 11.18508530
v -21.60030365 -15.32151127 11.18071175
v -21.90968513 -15.33097553 11.29878712
v -21.65536308 -15.36647511 11.22175407
v -21.75326157 -15.46732044 11.31072426
v -21.00448036 -15.48444843 11.05923271
v -21.31699753 -15.54414845 11.19789505
v -20.65691185 -15.54769039 10.98601437
v -21.06530762 -15.59682560 11.14629269
v -20.32773018 -15.60602951 10.92298794
v -20.81061363 -15.65223217 11.10038567
v -19.77017975 -15.70188904 10.82919216
v -20.34262085 -15.75698090 11.02904129
v -19.33876801 -15.77718258 10.77072716
v -19.95538902 -15.84800911 10.98348999
v -19.67267609 -15.92139816 10.96226311
v -20.53018951 -15.88955879 11.18361950
v -20.80674934 -15.99816704 11.35397816
v -21.21181679 -15.92584705 11.42778111
v -21.29147911 -16.01050377 11.52166939
v -21.73737717 -15.90784359 11.61395931
v -21.69195938 -15.99891186 11.66865253
v -20.45991135 -15.40249443 10.84668446
v -19.80226898 -15.45031452 10.68684864
v -20.00025749 -15.46691895 10.74860382
v -19.60437965 -15.51386547 10.67055225
v -20.45863152 -15.52523518 10.91243458
v -20.10375786 -15.58212757 10.84354305
v -19.28965759 -15.50014973 10.58757114
v -18.99289513 -15.57275105 10.56332874
v -19.52278328 -15.66952324 10.74394894
v -18.56206322 -15.54948521 10.46723747
v -18.53710556 -15.61111832 10.49730301
v -19.08299828 -15.73524189 10.68309402
v -18.01328278 -15.58571815 10.39633560
v -18.76490593 -15.78748035 10.65109062
v -21.82199097 -15.83289242 11.59008217
v -21.55172539 -15.75895023 11.42288113
v -21.37598991 -15.83740234 11.41720867
v -21.92839622 -15.78947639 11.60193539
v -21.86495972 -15.67374420 11.48573208
v -21.71760368 -15.70174789 11.44542027
v -21.63714027 -15.72699261 11.43204021
v -21.35673714 -15.64426136 11.27444839
v -21.18026352 -15.69130325 11.24629784
v -21.92396736 -15.56799889 11.43830109
v -21.81148338 -15.55428791 11.38444233
v -21.52441978 -15.60379314 11.30716038
v -20.84509468 -15.45947456 10.99436378
v -20.83479691 -15.79203892 11.20527554
v -18.03468132 -15.28381062 10.25747871
v -18.36629295 -15.37323952 10.34541225
v -18.77136612 -15.37899685 10.41760921
v -19.30302048 -15.36468792 10.52172947
v -20.01870346 -15.30496693 10.67632294
v -20.89868927 -15.16754818 10.88579464
v -21.36735153 -15.06318665 11.00423622
v -21.85238075 -14.82195187 11.09857750
v -21.36058235 -14.81894398 10.94410419
v -21.81005287 -14.55612946 11.04031181
v -21.37278366 -14.73976421 10.93472672
v -21.40853119 -14.59373760 10.92766190
v -20.94464493 -14.84499359 10.82334518
v -21.02195930 -14.68659782 10.82568932
v -20.13688469 -14.98455048 10.61423397
v -20.26604080 -14.81615829 10.62601089
v -19.41741562 -15.03391361 10.43166924
v -19.55461502 -14.86344147 10.43865871
v -18.82122803 -15.01410580 10.28477001
v -18.92486572 -14.83651733 10.27419186
v -18.34707451 -14.94736004 10.17155361
v -18.39322472 -14.75011730 10.13692951
v -17.95961952 -14.61831760 10.02640629
v -18.45854568 -14.64644718 10.14048576
v -18.03428268 -14.39856052 10.02117729
v -18.98677826 -14.40359688 10.26811314
v -18.18714905 -14.14064407 10.05385303
v -21.42975807 -14.52436161 10.92821598
v -21.75925446 -14.28704071 11.01099586
v -20.87965202 -14.45271683 10.77530670
v -19.98362160 -14.51232624 10.53521633
v -20.34991646 -14.72929955 10.64127350
v -21.06919479 -14.60862541 10.83251381
v -19.01559067 -14.74283600 10.28718090
v -19.65344238 -14.77365780 10.45613670
v -18.00379562 -14.97002506 10.13151360
v -18.35195351 -15.04818058 10.20675087
v -18.79849243 -15.10318661 10.30707455
v -19.37374115 -15.11807728 10.44240093
v -20.09088326 -15.06831837 10.61896706
v -20.91712189 -14.92746067 10.82962704
v -17.56485367 -15.13174343 10.13976669
v -17.72846794 -15.14198780 10.16337776
v -17.72470665 -15.00858402 10.11629772
v -17.71020699 -14.89719963 10.07734489
v -17.54456139 -14.72828579 10.01069546
v -17.49019814 -14.52552414 9.94683170
v -17.15557671 -14.10259056 9.82973003
v -17.12424469 -13.95482540 9.79970551
v -16.85852814 -13.42070198 9.71400166
v -16.87110138 -13.25063992 9.70651340
v -16.75598907 -12.81532764 9.67325211
v -16.77002907 -12.76406670 9.67583942
v -16.71775436 -12.29305649 9.66138458
v -16.76044273 -12.19524193 9.67177677
v -16.75185204 -11.89539719 9.66946220
v -16.77991676 -11.57782364 9.67678642
v -16.71034622 -11.95051861 9.65925598
v -16.67396736 -11.57782364 9.65086079
v -16.69405746 -11.97031021 9.65544510
v -16.64736557 -12.02050304 9.64512634
v -16.65532684 -12.41446972 9.64817619
v -16.62183380 -12.47270107 9.64260864
v -16.70359230 -13.04187012 9.67204762
v -16.69210625 -13.16895962 9.68227005
v -16.88606262 -13.71874237 9.75641727
v -16.90239716 -13.81675911 9.77514076
v -17.23318481 -14.41160011 9.90804482
v -17.25363350 -14.54379940 9.94209957
v -17.57462311 -14.97287369 10.08904171
v -17.33778763 -14.82306767 10.02049923
v -17.66219330 -14.69528484 10.00782967
v -17.44616890 -14.37342644 9.90384388
v -17.10905075 -13.75444126 9.77590942
v -16.88033485 -13.18646908 9.70677567
v -16.80846977 -12.61861038 9.68464565
v -16.81305885 -12.35221481 9.68566704
v -17.61778831 -14.54435158 9.95974445
v -17.59115410 -14.33571148 9.91741562
v -17.59810829 -14.25592327 9.91089725
v -17.42215919 -14.08471298 9.86068153
v -17.45660400 -13.86347008 9.85989571
v -17.13595200 -13.47025299 9.77307987
v -17.28840256 -13.48233604 9.81303406
v -17.01996803 -13.07265568 9.74110794
v -17.64775276 -14.03309250 9.91167164
v -17.53915787 -13.73276138 9.88022423
v -16.91005516 -13.00679684 9.71201038
v -16.61089516 -12.05331802 9.63778877
v -16.56698990 -11.57782364 9.62958145
v -16.56167412 -12.08975029 9.62910652
v -16.53479767 -12.10697937 9.62498951
v -16.56155968 -12.58191681 9.63766384
v -16.53941917 -12.62867832 9.63785362
v -16.69063187 -13.33416843 9.70245743
v -16.62009621 -13.20805740 9.68667984
v -16.84859848 -13.89157772 9.78825378
v -16.45918465 -11.57782364 9.61298847
v -16.50304222 -12.12623501 9.62069035
v -16.48275185 -12.42044067 9.62463284
v -16.91965294 -13.93750286 9.79837704
v -17.09820747 -14.42269230 9.90313148
v -17.56461334 -14.83972931 10.04656601
v -16.69058418 -13.24190903 9.69074345
v -17.20760155 -14.30146980 9.87908554
v -16.86295509 -13.54638577 9.72791767
v -16.72199631 -12.94750309 9.66989899
v -16.70125198 -12.32759666 9.65763378
v -16.58148193 -12.54390144 9.63843822
v -17.41814232 -14.16416931 9.86651993
v -17.11291313 -13.67925453 9.77265167
v -17.36247444 -15.29583740 10.16948700
v -17.51280785 -15.19702435 10.15543461
v -17.35277748 -14.97005177 10.06282711
v -17.18695831 -14.69648170 9.97230816
v -17.01264191 -14.35983372 9.88284874
v -16.85022163 -14.15598583 9.82992554
v -16.70319939 -13.73509598 9.75421143
v -16.58053589 -13.51534557 9.71383476
v -16.46037292 -12.95186329 9.65082836
v -16.39570045 -12.80083847 9.63255501
v -16.34443855 -12.26798916 9.60564327
v -16.25701523 -12.09392643 9.59523869
v -16.25121498 -11.83462620 9.59438133
v -16.22117996 -11.80494976 9.59312344
v -16.24191666 -11.57782364 9.59397984
v -16.13286781 -11.57782364 9.59160042
v -16.83152008 -13.94143772 9.79501915
v -16.54007530 -13.13424110 9.67404366
v -16.38391685 -12.35690212 9.61229038
v -16.32832336 -11.92206478 9.59956360
v -16.62409401 -13.31728172 9.69861984
v -16.43088531 -12.47125626 9.62134457
v -16.36163712 -11.96749973 9.60276890
v -16.35075760 -11.57782364 9.60111427
v -16.47840500 -12.59370422 9.63136196
v -16.40026474 -12.02794075 9.60725307
v -16.43799591 -12.09511375 9.61230183
v -16.22454453 -12.03637791 9.59324265
v -16.05677414 -12.53518772 9.59160042
v -16.22356796 -12.39132309 9.59606743
v -16.22057724 -12.75560570 9.60487366
v -16.28090286 -12.89714336 9.61851311
v -16.29880333 -13.22800636 9.63959503
v -16.56282234 -13.71630478 9.72978306
v -16.64613342 -14.06565094 9.78421402
v -16.80443382 -14.28122425 9.84230328
v -16.90975761 -14.58000565 9.91010857
v -17.12838554 -14.79231453 9.98751545
v -17.25730515 -15.03316498 10.06833649
v -16.21750259 -13.05711842 9.61714268
v -15.91192913 -13.04426956 9.59160042
v -16.21216202 -13.34815884 9.63307953
v -16.20274353 -13.62250233 9.65175152
v -16.33331490 -13.83150959 9.69544029
v -16.34482956 -14.09577274 9.72787285
v -16.79882240 -14.63162422 9.90033817
v -16.75026894 -14.85441971 9.93905735
v -17.00883484 -14.83372784 9.97935581
v -16.18820190 -13.87704659 9.67248154
v -15.65760517 -13.55282021 9.59160042
v -16.16123581 -14.25161552 9.71189594
v -16.72525215 -14.36897755 9.84129715
v -16.99305725 -14.50438976 9.90815830
v -16.69321060 -13.92804909 9.77622223
v -16.48015404 -13.32092667 9.68010712
v -16.26539421 -12.49172306 9.60193539
v -16.31736946 -13.54157734 9.66570854
v -17.02285957 -15.38486195 10.14972878
v -16.63887787 -15.44542122 10.10944557
v -17.46501732 -15.63795662 10.33793354
v -16.12335396 -15.51819134 10.05523872
v -16.74627686 -15.72352028 10.26945210
v -16.23138046 -15.78075027 10.22291470
v -15.44581127 -15.58681107 9.99414730
v -15.59112358 -15.83959389 10.17440033
v -14.66102982 -15.59969997 9.94627380
v -14.12756252 -15.88100815 10.13896084
v -14.12756252 -15.40643120 9.84007835
v -14.56159592 -15.28924751 9.78829288
v -14.12756252 -14.87716770 9.65451145
v -14.46549034 -14.93515491 9.66897106
v -14.41901684 -14.74963856 9.62908554
v -14.93718052 -14.95687199 9.68812847
v -14.82945061 -14.76660156 9.63923454
v -15.37258625 -14.89669228 9.71014690
v -15.21180153 -14.70757675 9.65077591
v -15.74722195 -14.78453732 9.73472595
v -15.54938412 -14.58785915 9.66434765
v -16.04934692 -14.65105915 9.75850105
v -15.82821369 -14.43071365 9.67821980
v -16.53654671 -15.06265450 9.95395756
v -15.25796890 -14.00227737 9.59160042
v -14.90334892 -14.20981789 9.59160042
v -14.56873894 -14.29777050 9.59160042
v -14.12756252 -14.31985569 9.59160042
v -16.18873405 -15.15093327 9.91681957
v -15.73979759 -15.24047089 9.87205791
v -15.18084240 -15.30293941 9.82655430
v -17.95652771 -15.88880253 10.57558727
v -17.46424294 -15.85431004 10.46837711
v -17.16735649 -15.88501072 10.44123650
v -16.61133766 -15.94231319 10.39589596
v -15.87018776 -16.00907135 10.34473324
v -15.44487000 -16.04137993 10.32551861
v -14.99372482 -16.06843185 10.31790543
v -14.84186840 -16.31597900 10.59265804
v -14.12756252 -16.27701569 10.53611755
v -14.12756252 -16.57452011 11.01156044
v -14.12756252 -16.75855064 11.54135990
v -14.52400684 -16.69353485 11.30756855
v -14.61414909 -16.61034012 11.09125423
v -14.68035793 -16.53684235 10.93875027
v -15.00859928 -16.52389526 10.92288208
v -15.23633194 -16.29355240 10.58296299
v -15.62707710 -16.27114868 10.58752918
v -14.55018425 -16.76005554 11.54802704
v -14.78310776 -16.69034195 11.30026913
v -14.91442680 -16.60166550 11.07697868
v -15.23990059 -16.59570885 11.07497692
v -15.35356522 -16.51358604 10.92058659
v -16.06130791 -16.49830437 10.95082378
v -16.37199593 -16.22649956 10.62390614
v -16.98534012 -16.18445778 10.66668701
v -17.31920624 -16.15987015 10.69426632
v -15.08008003 -16.76692390 11.57847404
v -15.07671070 -16.68938065 11.30267048
v -15.92182255 -16.59027290 11.10563660
v -16.72867393 -16.48515701 11.00222778
v -17.11018944 -16.47658157 11.03894806
v -17.87068748 -16.22462273 10.84873390
v -15.71162987 -16.69410133 11.33843613
v -15.65310478 -16.78002548 11.63653851
v -16.41921425 -16.70666695 11.41247082
v -16.64848137 -16.81210327 11.77870369
v -16.86221313 -16.71732712 11.47335339
v -17.67646217 -16.85904694 11.98676205
v -17.77938461 -16.58166122 11.30404949
v -17.01563835 -16.58930779 11.21141243
v -16.61021614 -16.58928871 11.16555405
v -18.52818298 -15.93091774 10.70905972
v -18.22939110 -15.90147114 10.63189983
v -18.19396019 -16.12481880 10.81170654
v -18.18429565 -16.21319199 10.89483643
v -18.17385292 -16.37871742 11.07533360
v -18.52902794 -16.47996330 11.26996613
v -18.57187271 -16.62696266 11.49876213
v -18.99084091 -16.70725060 11.71032047
v -19.04544067 -16.77668381 11.85962105
v -19.52644920 -16.84494019 12.08677959
v -19.65818214 -16.92898941 12.33719730
v -20.11104774 -16.97728539 12.53752804
v -19.85010910 -17.00402451 12.62931061
v -20.59244728 -17.07501984 12.94396400
v -18.17581367 -16.54571915 11.30447388
v -18.60790443 -16.70952415 11.65639305
v -19.16518593 -16.87830925 12.13363743
v -18.21674728 -16.78422737 11.77726936
v -18.18476677 -16.64201355 11.46777916
v -18.80667686 -16.92482948 12.27831459
v -18.69275856 -16.83050156 11.94931889
v -20.83934784 -17.06510735 12.91628170
v -20.86714363 -17.10588264 13.08075428
v -21.01833916 -17.12416267 13.16177082
v -21.16679192 -17.04827118 12.90881634
v -20.83929443 -17.02261162 12.77476406
v -20.01160240 -16.90994453 12.32186604
v -19.95870972 -16.86470413 12.20089054
v -19.46116638 -16.78777885 11.94823170
v -19.37154388 -16.68228722 11.73659134
v -18.91948318 -16.58073235 11.48729324
v -18.87039566 -16.44966507 11.29782867
v -18.50521851 -16.33117485 11.08248234
v -18.49942780 -16.25126648 10.99438190
v -21.31306458 -16.93767929 12.66765690
v -20.84435272 -16.94475174 12.56404018
v -20.84006882 -16.99463081 12.69301796
v -21.45500946 -16.79401398 12.44183445
v -20.88989449 -16.77292633 12.22953701
v -20.86037445 -16.86101913 12.38354397
v -20.85318565 -16.89173126 12.44529915
v -19.78740883 -16.64099503 11.75693226
v -19.81703949 -16.69180489 11.84297752
v -19.27583313 -16.50881958 11.45971298
v -19.30433655 -16.57076454 11.55123425
v -18.85202599 -16.37829781 11.20665264
v -20.91751480 -16.71395493 12.14223671
v -20.30242920 -16.58026695 11.78929806
v -19.72942352 -16.50234604 11.55114841
v -19.71251678 -16.41450119 11.43998146
v -19.22276878 -16.24771309 11.14177227
v -19.22855759 -16.34651566 11.24976730
v -18.84124374 -16.08859062 10.90386391
v -18.83204079 -16.19675446 11.00452518
v -18.50750160 -16.05045509 10.80310345
v -19.88103104 -16.78126335 12.01259995
v 42.93540955 -16.27701569 10.53611755
v 42.93540955 -15.88100815 10.13896084
v 43.63960648 -16.03433037 10.28346729
v 44.74136353 -15.84294510 10.19980431
v 44.42232132 -15.99799442 10.31156158
v 45.61884689 -15.78347588 10.27756119
v 45.20455933 -15.94774246 10.37030983
v 46.33169556 -15.72625446 10.36542416
v 45.87842560 -15.89837646 10.44070053
v 46.88831711 -15.67969227 10.45786381
v 46.42140961 -15.85796547 10.51462746
v 47.33344269 -15.64478683 10.55787754
v 46.85963821 -15.82790756 10.59267330
v 47.22260284 -15.80792809 10.67821789
v 46.17242813 -16.05416489 10.68607807
v 46.52500153 -16.03674316 10.74464607
v 45.35933304 -16.28237915 10.85208035
v 45.67971039 -16.26898766 10.89609718
v 44.70750809 -16.44667625 11.02322388
v 44.96864319 -16.44087410 11.06876278
v 43.85222626 -16.65742302 11.33030891
v 43.99392319 -16.66493225 11.38639927
v 43.22173691 -16.78978539 11.67979050
v 43.81768417 -16.73451614 11.56493855
v 43.28871918 -16.82275772 11.82593060
v 48.02502060 -15.60859871 10.80469418
v 47.11438751 -15.93805599 10.78560448
v 46.58319855 -16.09680557 10.83594799
v 45.95434952 -16.26140213 10.94096279
v 44.45895004 -16.60062981 11.32491779
v 43.09519196 -16.76678658 11.57786560
v 43.53050232 -16.64667320 11.23369598
v 43.69564438 -16.65115738 11.27810764
v 42.93540955 -16.75855064 11.54135990
v 43.07201767 -16.65522957 11.20244122
v 43.21367645 -16.64729309 11.19094658
v 43.36673737 -16.64495087 11.20269871
v 43.75843430 -16.47785378 10.89702225
v 44.09090424 -16.46553993 10.93238449
v 44.56568146 -16.32302666 10.76310539
v 44.98799515 -16.30081749 10.80759907
v 45.75114441 -16.07963753 10.63012028
v 42.93540955 -16.57452011 11.01156044
v 43.17403793 -16.51366425 10.89803219
v 43.44493866 -16.49299622 10.88197517
v 43.65852737 -16.37277985 10.70209217
v 44.10843658 -16.34737015 10.72381592
v 44.65499115 -16.15128899 10.52361012
v 45.24532318 -16.11279869 10.57522106
v 43.26716232 -16.40090942 10.71297169
v 43.43736649 -16.22447014 10.48118210
v 44.02383423 -16.18981934 10.48621273
v 44.41305542 -16.45509911 10.97682476
v 47.95412827 -15.25254250 10.48072147
v 47.28532410 -15.48124123 10.40619278
v 47.06592178 -15.50368214 10.35912418
v 46.82282639 -15.52829742 10.31362152
v 46.24860001 -15.58340645 10.22595882
v 46.09206390 -15.37929153 10.04849434
v 45.38080597 -15.44189358 9.97870731
v 45.18362808 -15.20160294 9.82546616
v 44.58063507 -15.48424816 9.92157173
v 44.44597244 -15.23449516 9.78752232
v 43.76581192 -15.47986126 9.88126373
v 43.70020294 -15.21553612 9.75926304
v 42.93540955 -15.40643120 9.84007835
v 42.93540955 -14.87716770 9.65451145
v 45.53052521 -15.64347935 10.14308929
v 44.68116760 -15.69613743 10.07195187
v 43.80163956 -15.71335411 10.02464390
v 42.93540955 -14.31985569 9.59160042
v 43.51504135 -14.70777130 9.62235069
v 43.65137482 -15.06253242 9.70552254
v 44.35547256 -15.08449364 9.72630978
v 45.05385971 -15.05480766 9.75301743
v 45.86983490 -15.13647270 9.87423420
v 46.68426895 -15.31287861 10.12511539
v 43.43250656 -14.51665497 9.59958076
v 43.78978348 -14.29963398 9.59160042
v 43.95870209 -14.51904964 9.60130405
v 44.49781036 -14.48637486 9.60302925
v 44.10986710 -14.72235584 9.62868500
v 44.70851135 -14.69375134 9.63559914
v 44.85607529 -14.15712833 9.59160042
v 45.04428101 -14.41340446 9.60531521
v 45.30287933 -14.62249756 9.64474583
v 45.86592102 -14.51735783 9.65714931
v 46.31361771 -14.89901447 9.83050823
v 46.58386993 -14.84979439 9.85412502
v 46.73547363 -15.01425838 9.96219349
v 46.98131943 -14.97104168 9.99428654
v 47.17192459 -15.24877071 10.20621109
v 47.78455734 -14.80014420 10.13445377
v 45.57731628 -14.30284786 9.60859394
v 45.75992203 -13.89541340 9.59160042
v 45.83380890 -14.23409367 9.61067295
v 46.08319092 -14.15672493 9.61305428
v 46.38757706 -14.38440704 9.67310047
v 47.06526566 -13.84458542 9.64231586
v 47.40362549 -14.19153595 9.77164364
v 46.63596725 -13.46946907 9.59160042
v 46.83618927 -14.79851723 9.87909317
v 47.63468552 -14.51330471 9.94600964
v 46.93980026 -15.28031540 10.16511250
v 46.13210678 -14.45396233 9.66468048
v 46.46896362 -15.05675316 9.93135452
v 45.71812057 -14.98749828 9.78796387
v 48.56134415 -15.04353428 10.65389633
v 48.49052429 -14.77292156 10.43505669
v 48.41051102 -14.49360275 10.23659801
v 48.29288864 -14.16604519 10.03137207
v 48.22406769 -14.01101971 9.94329357
v 48.46921158 -13.60331440 9.90050888
v 48.19738770 -13.17216682 9.70798779
v 48.35467148 -12.85631657 9.69511032
v 48.22274780 -12.71311665 9.64914417
v 48.34639740 -12.39272499 9.64271355
v 47.80229187 -12.26172543 9.59160042
v 48.03281021 -11.53747082 9.59160042
v 47.95388412 -13.55615616 9.72711563
v 48.06708145 -13.01438808 9.65650558
v 47.81878281 -13.38537884 9.66775608
v 47.38414383 -12.86033630 9.59160042
v 48.08125687 -10.68014240 9.59160042
v 48.48386002 -11.20887280 9.62520790
v 48.48126984 -11.70206356 9.63206196
v 48.43367767 -12.05482101 9.63711166
v 48.57422638 -12.15883064 9.67341995
v 48.48241425 -12.51788425 9.68359280
v 48.78708649 -12.86525536 9.84013081
v 48.63916016 -13.25312424 9.86953163
v 48.71736145 -13.39622784 9.94430256
v 48.54128265 -13.75491905 9.98123455
v 48.66586685 -14.08559227 10.17522430
v 48.72127914 -10.68014240 9.67491436
v 48.62350464 -11.25393105 9.65246201
v 48.62446976 -11.78230667 9.66431332
v 48.97221375 -11.99485207 9.78921604
v 48.90216827 -12.44318771 9.81315041
v 49.00142670 -12.54873753 9.87545013
v 48.87470627 -12.99309635 9.90865040
v 49.03582382 -13.29094791 10.08241081
v 48.85565948 -13.71842670 10.12880898
v 48.95088577 -14.01016426 10.31563568
v 48.75114059 -14.37559509 10.36734962
v 48.82775879 -14.65940952 10.58088493
v 48.97968674 -11.36763000 9.76111794
v 49.31864166 -10.68014240 9.91930199
v 49.10019684 -11.40755463 9.81206989
v 49.36255646 -11.50230312 9.95274639
v 49.30916214 -12.26301289 9.99682713
v 49.48927307 -12.45680714 10.16279697
v 49.33643341 -13.05196285 10.21080685
v 49.64826584 -12.67532063 10.35953331
v 49.38791275 -13.51392365 10.43046474
v 49.59046173 -11.59808826 10.11478329
v 49.83353043 -10.68014240 10.30847454
v 49.80745697 -11.70761967 10.31456661
v 49.14967346 -13.57222366 10.26302052
v 49.10425568 -14.16451454 10.50638485
v 49.19348145 -12.80198574 10.03753853
v 49.08296204 -12.07294559 9.84588432
v 48.80396652 -15.22895622 10.97444153
v 48.77025986 -15.09592628 10.83945084
v 48.87685776 -14.94317436 10.80826950
v 48.98461914 -14.77413464 10.77681923
v 49.38923645 -14.46196747 10.94867516
v 49.57046890 -14.04774761 10.88818073
v 49.92871857 -13.66293526 11.12383366
v 50.06456375 -13.16482639 11.06430531
v 50.16851807 -13.02205849 11.16430759
v 50.26901627 -12.47327900 11.11907768
v 50.47594070 -12.09312534 11.49141884
v 50.49676514 -11.62211132 11.47651100
v 50.53144836 -11.53658390 11.61434078
v 50.53883743 -11.10530949 11.63503170
v 50.56820297 -11.03738403 11.83825207
v 50.58087540 -10.68014240 12.04796982
v 50.58122253 -11.28973866 12.06772041
v 49.20628357 -14.37486267 10.71282291
v 49.43785095 -13.86883450 10.64776611
v 49.67234039 -13.22537899 10.58485889
v 49.87916565 -12.43949604 10.53439808
v 50.00547409 -11.57702160 10.51902771
v 50.23162842 -10.68014240 10.81649399
v 50.18507004 -11.45066738 10.75590611
v 50.09278488 -12.20263100 10.74563503
v 49.94080734 -12.91739464 10.77726078
v 49.75784683 -13.53732681 10.82906723
v 50.34074402 -11.32822704 11.02815819
v 50.48640442 -10.68014240 11.40950108
v 50.38880539 -11.28563023 11.13414669
v 50.51052856 -11.15059662 11.50327778
v 50.34378815 -11.88338184 11.10384369
v 50.58329010 -11.95583820 12.18622780
v 50.56466675 -11.78595448 11.85760975
v 50.56648254 -11.40856838 11.83204365
v 50.58832932 -12.66593838 12.47493935
v 50.55657959 -12.53093529 12.01102734
v 50.56145859 -12.16397858 11.91755962
v 50.50419617 -12.39539623 11.68547440
v 50.52106857 -11.96977139 11.63200474
v 50.44400024 -12.55032635 11.54185867
v 50.59410858 -13.15242577 12.80597973
v 50.54698181 -13.04690170 12.20700645
v 50.55039978 -12.88103962 12.13513279
v 50.45262527 -13.17777824 11.87643719
v 50.48080444 -12.80074787 11.76921940
v 50.35427856 -13.37190342 11.71599483
v 50.40233231 -12.97962475 11.61955547
v 49.93849945 -13.92787743 11.29700089
v 50.05499649 -13.50887871 11.22657967
v 49.79236221 -14.08413029 11.18922424
v 50.54342651 -13.20545483 12.28466702
v 50.49537277 -13.61165333 12.34498501
v 50.42154312 -13.51938629 12.00059605
v 50.25008011 -14.03176594 11.94203377
v 50.30282211 -13.72205067 11.82455444
v 49.91037750 -14.40963364 11.59965801
v 49.82415009 -14.28405094 11.37092018
v 49.53414917 -14.73569775 11.32471561
v 49.66041565 -14.43740559 11.25663757
v 49.21585464 -14.80045700 11.00848103
v 49.72570801 -14.26846790 11.22279358
v 49.30163956 -14.63943291 10.97871017
v 49.88088989 -14.11322021 11.33367157
v 50.32882690 -13.55226707 11.76902390
v 50.43734741 -13.35321045 11.93668842
v 50.18854141 -12.59214592 11.01884079
v 50.28367233 -11.96646500 11.00086975
v 48.59944534 -15.61362362 11.17646217
v 48.73491669 -15.50924873 11.17901230
v 48.94503784 -15.40107250 11.26228142
v 49.15409851 -15.28303719 11.36363888
v 49.33399200 -15.31640434 11.62077904
v 49.35831833 -15.15637684 11.48205280
v 49.52106094 -15.19720745 11.75314331
v 49.77170181 -14.85690308 11.78870487
v 49.89618301 -14.91734600 12.08027935
v 50.02996826 -14.80118465 12.21889782
v 50.13813400 -14.86657524 12.55925465
v 50.45100784 -14.47180367 13.03540993
v 50.49182510 -14.54926395 13.37715435
v 50.54467773 -14.41402626 13.51648903
v 50.56477737 -14.47197723 13.85275459
v 50.60380554 -14.25856876 14.02481079
v 50.61081696 -14.29212666 14.32507992
v 50.62199783 -14.06204224 14.40377903
v 50.61730576 -14.29838943 14.62791824
v 50.63296509 -14.10145283 15.03217793
v 50.59128571 -14.49584007 14.55011845
v 50.55617142 -14.71561623 15.02363396
v 50.56607819 -14.62118721 14.49918747
v 50.45388412 -14.97758865 14.34315968
v 50.40576553 -14.98939610 13.85536098
v 50.34903717 -15.09014320 13.77271175
v 50.25950241 -15.06888580 13.27575493
v 50.16673660 -15.34438515 13.53706741
v 50.02681351 -15.31914043 12.97466373
v 50.06591797 -15.45697689 13.41896820
v 49.90164566 -15.42829037 12.83114529
v 49.77289963 -15.52819347 12.69401550
v 49.56060791 -15.49182034 12.19759464
v 49.40843201 -15.58345795 12.07208729
v 49.17723846 -15.55296421 11.69618607
v 49.16911697 -15.65867615 11.82553864
v 48.88026810 -15.63116932 11.45084858
v 49.92200089 -14.73141766 11.92397976
v 50.35438156 -14.27011204 12.43425465
v 50.45661545 -14.10526848 12.61831951
v 50.56142807 -13.84293175 12.91156578
v 50.60394669 -13.66577053 13.36975765
v 50.61197281 -13.90974140 13.82945251
v 50.58521652 -14.10330582 13.44141579
v 50.57377243 -13.98519516 13.16839027
v 50.59534073 -14.19534016 13.72911644
v 50.51910400 -14.33051968 13.19503880
v 50.48927689 -14.22640705 12.89525700
v 50.40443802 -14.37738514 12.72088623
v 50.33084106 -15.29212666 15.01828861
v 50.40909195 -15.07986450 14.29336739
v 50.26234818 -15.34410572 14.14826584
v 50.17925262 -15.46426010 14.07299137
v 49.96110535 -15.56026268 13.30250072
v 49.64247131 -15.61882782 12.56528473
v 49.46668243 -15.69633770 12.35268784
v 49.97079086 -15.79564190 15.01646996
v 49.92335892 -15.77719021 13.97908401
v 50.09176254 -15.57575512 13.99685001
v 49.85379791 -15.65419292 13.18917179
v 49.74312973 -15.74070358 13.07806015
v 50.00116730 -15.67832184 13.92052174
v 48.95341873 -15.52805710 11.40664482
v 49.14376831 -15.42695904 11.50490475
v 49.34872437 -15.45755386 11.80937004
v 49.52030945 -15.35291862 11.93882465
v 49.68946838 -15.23951244 12.08312225
v 49.71228409 -15.39102268 12.33644485
v 49.86118698 -15.28124428 12.48673153
v 50.02268600 -14.97517776 12.42207336
v 50.14675140 -15.02731228 12.82067299
v 50.24208450 -14.92405605 12.94920540
v 50.33422089 -14.96820450 13.38588524
v 50.52455521 -14.60399246 13.73950768
v 50.54838181 -14.62934685 14.11489582
v 50.57949829 -14.49977207 14.19820023
v 48.01958084 -15.91402149 11.13038635
v 48.47429276 -15.88480854 11.40040112
v 48.70229721 -15.89194870 11.61489677
v 48.93375397 -15.90571404 11.89340591
v 49.16522217 -15.92678928 12.25697708
v 49.38496017 -15.95529175 12.72718906
v 49.56336975 -15.98941708 13.30779362
v 49.66280365 -16.02623367 13.98086739
v 49.30008698 -16.28338623 14.14320755
v 49.49809265 -16.19529152 15.01828861
v 48.94172668 -16.46657372 15.02363396
v 48.33580017 -16.59285927 15.03217793
v 48.69433594 -16.52293968 14.38855743
v 48.84107971 -16.48170280 14.32800388
v 49.08226395 -16.39180565 14.23108292
v 49.06200409 -16.36727333 13.71559429
v 49.26253128 -16.25167465 13.57587719
v 49.15227890 -16.22612762 13.07184410
v 48.27546310 -16.58238029 14.15384769
v 48.67800522 -16.51183701 13.95748615
v 48.82665253 -16.46581459 13.86538601
v 48.75759888 -16.45577621 13.44698238
v 48.97732544 -16.34915924 13.25383377
v 48.83890152 -16.33646584 12.84810352
v 48.98844147 -16.20618057 12.63880920
v 48.79354477 -16.19184875 12.28253555
v 48.61273956 -16.50585938 13.56396008
v 48.15161133 -16.58438110 13.69332027
v 48.49813080 -16.50468826 13.20774651
v 47.99331284 -16.59158325 13.37006283
v 48.33972931 -16.50790596 12.89134026
v 48.14533234 -16.51501083 12.61738396
v 48.28210068 -16.45390320 12.46512699
v 48.06697845 -16.46076965 12.23270798
v 48.25118637 -16.32614708 11.98883343
v 47.80155563 -16.34556007 11.67468548
v 47.91785812 -16.19972229 11.47940731
v 47.56730270 -16.61753845 12.87543774
v 47.92269897 -16.52548409 12.38566208
v 47.59835815 -16.48312378 11.89635849
v 46.85260010 -16.66823959 12.45421028
v 47.27703094 -16.59691620 12.15464973
v 48.36514282 -16.17944145 11.77254581
v 48.58274460 -16.18302727 11.99722004
v 48.46391678 -16.32533836 12.21879387
v 48.66318893 -16.32865715 12.50344563
v 48.47528839 -16.45041847 12.74445343
v 48.63726807 -16.45085144 13.07230186
v 47.39097214 -16.02879143 10.98801041
v 47.68777466 -15.91637421 10.96901894
v 47.68276978 -16.00510788 11.07594013
v 47.66309738 -16.09263802 11.18433762
v 47.23181534 -16.26036644 11.26177216
v 47.21503448 -16.28540993 11.29604530
v 46.66684723 -16.44253731 11.40728855
v 46.56772614 -16.50838470 11.50858974
v 45.86493301 -16.64394760 11.66427708
v 45.72821808 -16.68948746 11.75710964
v 44.93443680 -16.79418564 11.96794033
v 44.80756760 -16.81711006 12.05202293
v 44.03620148 -16.89154625 12.31097794
v 43.95610428 -16.90099525 12.37944221
v 43.23824692 -16.96351051 12.63956070
v 43.93179321 -16.90364838 12.39926052
v 43.84106064 -16.91302681 12.47097301
v 44.60892487 -16.84353638 12.17507458
v 44.43574142 -16.86131477 12.27745247
v 45.28138733 -16.78055382 12.01175213
v 45.03869247 -16.80885696 12.13741970
v 45.92813110 -16.71457100 11.91201210
v 45.63805771 -16.75592232 12.05793762
v 46.52467728 -16.64752579 11.87489796
v 46.21142960 -16.70418930 12.04261684
v 47.05977631 -16.58076859 11.89315319
v 46.74621964 -16.65473938 12.08854580
v 47.65212250 -16.12430573 11.22425556
v 47.59642792 -16.23096085 11.36139297
v 47.50286484 -16.34046936 11.50630093
v 47.01725388 -16.45853615 11.53901958
v 46.84364700 -16.54740334 11.67584229
v 46.24246979 -16.64163780 11.73748684
v 46.00307465 -16.70064354 11.87235928
v 45.34537888 -16.77136993 11.97756290
v 47.35683441 -16.45212364 11.66371059
v 46.60327911 -16.62822342 11.82950878
v 47.13585281 -16.55557632 11.84067822
v 45.84298325 -16.74626350 12.22475243
v 44.92725372 -16.82110977 12.24949551
v 44.03958893 -16.89671326 12.44770336
v 43.27157211 -16.96397591 12.72480679
v 43.20469284 -16.95970535 12.55448818
v 44.10096359 -16.88240623 12.24986458
v 45.03671646 -16.76982880 11.89413166
v 45.97067261 -16.59789467 11.57897472
v 46.68998718 -16.42321205 11.37793732
v 47.26547623 -16.19210052 11.16861725
v 43.17095947 -16.95256615 12.46970177
v 44.18345642 -16.86460304 12.15031910
v 44.14971161 -16.87339020 12.19653893
v 44.99465179 -16.72817421 11.77195930
v 44.21178436 -16.84895897 12.07707882
v 44.20539093 -16.85531616 12.10577488
v 44.19086075 -16.86206055 12.13776016
v 45.18845367 -16.71630287 11.75974751
v 45.13863754 -16.73706627 11.80940342
v 46.05866241 -16.54707527 11.48810482
v 45.99705505 -16.58422470 11.55442905
v 46.74054718 -16.37090492 11.29829311
v 45.22739410 -16.69573402 11.71203804
v 45.82033157 -16.56304741 11.48484039
v 46.10391617 -16.51075172 11.42325497
v 46.47792053 -16.38887978 11.26796341
v 46.77243042 -16.31985092 11.21999454
v 46.98566818 -16.21246719 11.10926151
v 47.28170395 -16.12448120 11.07674217
v 47.13711548 -16.37063980 11.41386604
v 46.42887878 -16.57543373 11.61734581
v 45.55572510 -16.73295403 11.86089134
v 44.65498352 -16.83817291 12.14719391
v 45.11788940 -16.74463654 11.82806301
v 42.93540955 -14.84141159 11.01086998
v 42.93540955 -15.06920910 11.15433407
v 43.69945145 -14.97647476 11.09426212
v 44.49545670 -15.02529049 11.19673252
v 44.45924759 -14.94761086 11.12251282
v 45.18404770 -14.88090801 11.16266632
v 44.98174286 -14.68993187 11.00733662
v 45.58205795 -14.60648251 11.03302479
v 45.53554916 -14.57244110 11.00935459
v 46.05445862 -14.47132587 11.03528023
v 45.80509186 -14.30716705 10.93975544
v 46.27821350 -14.17295074 10.95122147
v 46.19525909 -14.12332535 10.93067074
v 46.88476944 -13.67474651 10.91611576
v 45.75992203 -13.89541340 10.89160061
v 46.63596725 -13.46946907 10.89160061
v 45.24215317 -14.95604801 11.24328327
v 45.79372025 -14.80471992 11.20895958
v 46.09740448 -14.50863266 11.06312752
v 46.49721527 -14.36188602 11.06465340
v 47.06040955 -13.86348629 10.98072910
v 45.84502411 -14.88743591 11.29499722
v 46.27904892 -14.73412704 11.25920773
v 46.53165817 -14.40581703 11.09679508
v 47.19588089 -14.20895100 11.17488003
v 46.31412125 -14.83049488 11.35103512
v 46.66796494 -14.67399216 11.31459236
v 47.24628067 -14.49878025 11.37985802
v 46.68885422 -14.78720188 11.41467381
v 47.27342606 -14.74045849 11.58507538
v 45.71775436 -14.26277256 10.92293739
v 44.85607529 -14.15712833 10.89160061
v 45.19541550 -14.37524700 10.91689205
v 44.63657761 -14.45593262 10.91241455
v 44.71051788 -14.49965191 10.92349720
v 44.12252808 -14.54279709 10.91820717
v 44.29326248 -14.70629787 10.97075462
v 43.62727737 -14.71081257 10.95818806
v 43.64488602 -14.74895287 10.97235394
v 43.78978729 -14.29963398 10.89160061
v 44.06710052 -14.49803543 10.90906429
v 43.52732086 -14.54610443 10.91369343
v 42.93540955 -14.58736515 10.92179775
v 43.49540710 -14.50264359 10.90606880
v 42.93540955 -14.31985569 10.89160061
v 44.32433701 -14.74262428 10.98715878
v 44.93898010 -14.65589714 10.98761654
v 45.28045654 -14.41813660 10.93053150
v 47.38414383 -12.86033630 10.89160061
v 47.55609131 -13.21359634 10.92714787
v 47.80636597 -12.87978840 10.92172718
v 47.86005402 -12.99068260 10.94799042
v 48.15332031 -12.40505600 10.93572998
v 48.26999664 -12.64828968 11.01305199
v 48.39342117 -12.28162193 10.99874592
v 48.43132782 -12.35448074 11.02878857
v 48.52426529 -11.93985271 11.01343346
v 48.61357117 -12.06703281 11.08137131
v 48.68291092 -11.40991402 11.05913258
v 48.78328323 -11.47533989 11.13033772
v 48.67520142 -10.68014240 11.04889679
v 48.92234802 -10.68014240 11.23570061
v 48.89765930 -11.57299519 11.23877811
v 48.68098831 -12.20157719 11.15782833
v 48.74842834 -12.39797211 11.27371216
v 48.53421783 -12.69810772 11.18893242
v 48.50622559 -13.09957790 11.33263111
v 48.35544586 -13.12874985 11.22438622
v 48.24393845 -13.63285255 11.39475727
v 47.97362518 -13.78433990 11.29519844
v 47.99050140 -14.02843189 11.45134544
v 47.72582245 -14.10034561 11.33867741
v 47.74932861 -14.32581806 11.50087070
v 47.71625519 -13.91434097 11.22578812
v 47.70328903 -13.70936775 11.11703014
v 47.69213486 -13.61219883 11.07030582
v 47.95513916 -13.37342453 11.08830261
v 47.94180679 -13.27486229 11.04639721
v 48.29736328 -12.73504448 11.04697514
v 47.61365128 -13.32629585 10.95778370
v 48.56710815 -11.34633541 10.99712753
v 48.38846588 -10.68014240 10.93159103
v 48.51063919 -11.31750488 10.97321987
v 48.33839035 -11.22867966 10.92078781
v 48.31533051 -11.72691345 10.92640781
v 48.24505997 -11.66058064 10.91035080
v 48.18696976 -11.99378014 10.91266155
v 48.03281021 -11.53747082 10.89160061
v 47.80229187 -12.26172543 10.89160061
v 48.26808548 -11.18961620 10.90719032
v 48.08125687 -10.68014240 10.89160061
v 48.09266663 -12.30938053 10.91523838
v 48.25305176 -12.07655239 10.93076324
v 48.47614670 -11.88506222 10.98665428
v 47.96820068 -13.58638096 11.18853283
v 48.33583832 -12.93255901 11.13131714
v 48.49398804 -12.52355766 11.10440350
v 49.11343765 -10.68014240 11.47954941
v 49.02449036 -11.43013191 11.36815929
v 48.92630005 -12.14308453 11.38595486
v 48.75820160 -12.79020405 11.43646240
v 48.56417847 -13.31980133 11.49901104
v 48.37227631 -13.73316193 11.56071663
v 48.19009018 -14.05361366 11.61614227
v 48.01669312 -14.30510330 11.66401672
v 47.93292618 -14.46568489 11.73105526
v 48.51551056 -14.12538242 11.98943424
v 48.61466599 -13.89332962 11.91863346
v 48.72056198 -13.61079311 11.84282398
v 48.83193588 -13.26601696 11.76401043
v 48.94433975 -12.85052681 11.68731594
v 49.04729080 -12.36480808 11.62244415
v 49.12434006 -11.82435417 11.58275890
v 49.16493988 -11.26196098 11.58210182
v 49.18631363 -11.23207951 11.62806797
v 49.23572922 -10.68014240 11.76419258
v 49.24737930 -11.12221527 11.81068134
v 49.26133728 -11.08400440 11.87598038
v 49.25816727 -11.49024296 11.87734032
v 49.28141785 -11.28973866 12.09040928
v 49.25182343 -11.89352131 11.91255760
v 49.28348923 -11.95583820 12.20891666
v 49.23955154 -12.28441334 11.98123741
v 49.22181320 -12.65151310 12.07929611
v 49.20103455 -12.40253258 11.91338730
v 49.16806793 -12.78238583 12.00802708
v 49.00943375 -12.75599575 11.73099518
v 48.91449356 -13.16658497 11.81159592
v 48.72640991 -13.80025578 11.98178005
v 49.05205536 -13.68054295 12.37464333
v 49.09102249 -13.42246723 12.24427319
v 49.17764664 -13.28820419 12.33755207
v 49.13039780 -13.12372112 12.12071991
v 49.20053864 -12.98822403 12.20036221
v 49.22677994 -13.42655468 12.59282589
v 49.29430389 -13.15242577 12.82866764
v 49.28852844 -12.66593838 12.49762726
v 49.28107452 -10.68014240 12.07065773
v 49.15481567 -11.76709366 11.62709999
v 49.09386444 -12.28438377 11.66534233
v 49.24020386 -11.56022739 11.80974579
v 49.22574615 -11.99121666 11.84507561
v 48.81859207 -13.51287079 11.89713192
v 49.30414581 -13.66577053 13.39244461
v 49.22503281 -13.91983128 13.06035519
v 49.25632477 -14.07018661 13.40496540
v 49.08641815 -14.26888371 13.10133171
v 49.16890335 -14.36628056 13.52672386
v 49.04194641 -14.48350906 13.32971859
v 49.15367889 -14.54493523 13.85817814
v 49.09753036 -14.60674095 13.76473236
v 49.18470764 -14.62865257 14.38267040
v 49.14627075 -14.68867207 14.32915878
v 49.18814468 -14.67297649 15.04819965
v 49.06067276 -14.79694271 14.21209240
v 49.01531982 -14.91466331 15.04732609
v 49.03615570 -14.82334232 14.17843914
v 49.01102448 -14.84870243 14.14383411
v 48.86262512 -14.78850651 13.41269493
v 48.82325745 -14.81182671 13.35809231
v 48.60926056 -14.73609638 12.79694653
v 48.55290222 -14.76099491 12.73922253
v 48.34766388 -14.68588543 12.35303783
v 48.27663422 -14.71485901 12.30212879
v 48.10024261 -14.64513302 12.03999901
v 48.01548386 -14.67957497 11.99843311
v 47.77011490 -14.74202061 11.86788750
v 48.99612808 -14.15270329 12.73835182
v 48.90668106 -14.39999390 12.87923622
v 48.95460510 -14.54730892 13.20850754
v 49.03598785 -14.66363907 13.66766548
v 48.76879120 -14.30723763 12.51376438
v 48.78937531 -14.47143841 12.75013638
v 48.86192703 -14.60587025 13.08803272
v 48.90100861 -14.76421738 13.46714211
v 48.48169327 -14.46895695 12.27731609
v 48.62589264 -14.39144230 12.39000893
v 47.92897034 -14.71317577 11.95971775
v 48.01985168 -14.75986004 12.08824062
v 48.20420837 -14.74313927 12.25363636
v 48.28142929 -14.78822708 12.39651966
v 48.49536133 -14.78517914 12.68296242
v 48.55431366 -14.82588196 12.83535099
v 48.78287506 -14.83425808 13.30340862
v 48.80881119 -14.86764908 13.43836784
v 48.98530579 -14.87305546 14.10828686
v 48.97365570 -14.89962864 14.18414688
v 49.21932983 -14.56470394 14.43297863
v 49.29630280 -14.39625072 15.05076504
v 49.26654053 -14.45112991 14.51010036
v 49.31036377 -14.27980423 14.61454773
v 49.29918289 -14.25695324 14.19153214
v 49.32219315 -14.06204224 14.42646599
v 49.31216812 -13.90974140 13.85214043
v 49.33316422 -14.10145283 15.05486679
v 49.28186417 -14.18552589 13.78611469
v 49.23124695 -14.43214989 14.00283909
v 48.18337631 -14.60980129 12.08447933
v 48.41743088 -14.65615463 12.40639687
v 48.66451263 -14.71039772 12.85607719
v 48.66870117 -14.53717804 12.62758255
v 48.78842545 -15.10649490 15.04819965
v 48.81180191 -15.05233955 14.18513107
v 48.55950165 -15.00978756 13.16725063
v 48.72179413 -15.03032207 13.63908577
v 48.61859512 -15.13087845 13.76949120
v 48.67252731 -15.14814854 14.26338577
v 48.46714783 -15.21492004 13.91657925
v 48.50208282 -15.22561264 14.36202812
v 48.33202744 -15.25987720 14.05333424
v 48.36418915 -15.26597404 14.45591068
v 48.17018890 -15.28684902 14.17653465
v 48.23052597 -15.29732800 15.05486679
v 48.35493088 -14.99245071 12.77958584
v 48.13539505 -14.97980690 12.47612762
v 47.69806290 -14.96922874 12.06587124
v 47.28088379 -14.94457912 11.79129028
v 47.26435471 -15.11935139 11.98566914
v 47.70061874 -15.10484695 12.23957062
v 48.13309860 -15.10356331 12.66802788
v 48.33135605 -15.10866070 12.96972370
v 48.49980927 -15.11779976 13.33775616
v 47.23704147 -15.19978714 12.07038212
v 47.65647125 -15.22396469 12.41916180
v 48.07356644 -15.20975399 12.87415314
v 48.24588013 -15.20750427 13.17311859
v 48.38045883 -15.20907593 13.52104187
v 47.15699768 -15.27282333 12.16773415
v 47.54469681 -15.28992271 12.59261322
v 47.97306824 -15.26670551 13.06300735
v 48.13604736 -15.26035404 13.35651398
v 48.25677109 -15.25800514 13.68706226
v 46.99060440 -15.33327866 12.30073929
v 46.74732590 -15.37270737 12.47689819
v 47.46202469 -15.32200718 12.89812565
v 47.88803482 -15.29605103 13.39274883
v 48.04633331 -15.28884888 13.71600628
v 48.52136993 -15.23671150 15.05076504
v 45.73770523 -15.45073223 12.24744034
v 46.68752289 -15.34247589 12.11301613
v 46.90766525 -15.22789764 11.96789074
v 46.75078964 -15.32325554 12.07801151
v 46.27502060 -15.37683678 12.03016853
v 46.20174408 -15.39227867 12.06101799
v 45.73179626 -15.43333244 12.03534698
v 45.65607834 -15.44522190 12.06469631
v 45.12922668 -15.49182606 12.10498619
v 45.06028366 -15.50037193 12.13347816
v 44.48836899 -15.55053043 12.24495316
v 44.43578720 -15.55605030 12.27058411
v 43.83058929 -15.60870266 12.45453358
v 43.80070496 -15.61168003 12.47318459
v 43.15029907 -15.66822147 12.70657730
v 43.16629410 -15.66844463 12.74749470
v 46.96574402 -15.12461758 11.86448956
v 46.58205032 -15.21927261 11.85986710
v 46.61203384 -15.17168617 11.80948353
v 46.14661026 -15.27795315 11.84588146
v 46.18611145 -15.22541809 11.78425789
v 45.60591125 -15.34850597 11.88053131
v 45.92785645 -15.26521206 11.79704094
v 45.36014557 -15.38007832 11.91148567
v 46.97985077 -15.06235981 11.79559135
v 46.62946701 -15.10013008 11.72663593
v 46.36809158 -15.14971924 11.72218418
v 46.98194504 -14.96537781 11.68702793
v 46.72023392 -15.02834892 11.66856098
v 44.85410309 -15.47103596 12.04566002
v 44.65346146 -15.49247646 12.08695602
v 43.99642563 -15.57937145 12.30026054
v 43.11800003 -15.66296768 12.62504482
v 43.13419342 -15.66639423 12.66574192
v 43.92995453 -15.59767628 12.38652420
v 43.98227310 -15.58901501 12.34001064
v 43.99494171 -15.58478355 12.32111359
v 44.76961899 -15.50436401 12.10243130
v 44.81074524 -15.49094963 12.07843113
v 45.49450684 -15.40975189 11.95543861
v 45.54972839 -15.38495445 11.92626572
v 46.09946823 -15.31371593 11.88296032
v 43.93431473 -15.60118198 12.47039127
v 44.82197952 -15.52557850 12.27218342
v 46.48279190 -15.30049706 11.93705463
v 45.96690750 -15.37529945 11.94612503
v 45.35488129 -15.45192432 12.01399231
v 44.66308975 -15.52729130 12.15789700
v 43.91712189 -15.58327389 12.31066036
v 43.79241562 -15.59383583 12.34231186
v 43.67417145 -15.60369682 12.37212944
v 44.30939484 -15.52144051 12.14811802
v 44.18132019 -15.53514194 12.17864704
v 44.75764465 -15.44169044 11.99027538
v 44.19710541 -15.51130772 12.11341000
v 44.58613586 -15.43707180 11.96201611
v 43.94171143 -15.52428722 12.11093616
v 44.15319443 -15.47501469 11.99007320
v 43.64258575 -15.54604053 12.12612343
v 43.67867279 -15.50374603 11.96872234
v 43.28871918 -15.55463696 12.11205578
v 44.74343109 -15.47461319 12.05350780
v 45.47348785 -15.34993553 11.87272930
v 46.03699875 -15.22406769 11.75626755
v 46.46939087 -15.09509468 11.67779255
v 46.89553070 -14.86272526 11.55094337
v 46.47687912 -14.97845554 11.54317379
v 46.17630005 -15.15073681 11.68187237
v 45.75076675 -15.26838779 11.77696323
v 45.20538330 -15.38461018 11.91014576
v 44.52553177 -15.49816513 12.09909630
v 45.86058044 -15.20745468 11.70203400
v 46.00908279 -15.08982754 11.56372070
v 45.65941620 -15.24199581 11.72195339
v 45.45919418 -15.20191669 11.61981106
v 44.92622757 -15.35987949 11.83049297
v 44.81700134 -15.31687164 11.71547794
v 44.18778229 -15.42222977 11.83669281
v 43.28220367 -15.59072685 12.27201176
v 43.54017258 -15.57401371 12.22329235
v 43.71292877 -15.56897354 12.23571014
v 43.78784180 -15.57632637 12.27729797
v 43.60704422 -15.60918617 12.38879585
v 43.42748260 -15.59886837 12.31637478
v 43.20355225 -15.62242794 12.41250992
v 43.31217957 -15.61931610 12.40007496
v 43.19689941 -15.63517284 12.46997356
v 43.27885437 -15.63213730 12.46013641
v 43.08544159 -15.65133476 12.54428101
v 43.10174179 -15.65794563 12.58453941
v 43.06911850 -15.64314365 12.50432205
v 43.41420364 -15.62396812 12.43415070
v 43.48593903 -15.60559177 12.35569572
v 44.92803192 -15.42012024 11.95749950
v 45.44650269 -15.31418037 11.81184006
v 45.25485229 -15.34230137 11.83945942
v -23.37552071 -17.64562416 15.50335598
v -23.40939331 -17.65608788 15.58774185
v -23.73466492 -17.61190796 15.37321377
v -23.82706642 -17.60856247 15.38474751
v -23.85244179 -17.59237862 15.29494286
v -24.17246628 -17.53526688 15.11470509
v -24.13088226 -17.52244186 15.04048443
v -24.41729927 -17.44570541 14.84362984
v -24.32792473 -17.44249344 14.79687595
v -24.58951759 -17.34686279 14.61586761
v -24.38679695 -17.38894844 14.64875984
v -24.14524078 -17.43641281 14.71379566
v -23.90152168 -17.50878525 14.91762829
v -23.77289581 -17.55861855 15.11009121
v -23.70770454 -17.56331253 15.12036896
v -23.56341362 -17.59827423 15.26884270
v -23.46549416 -17.59259987 15.23790550
v -23.50512695 -17.60809326 15.31147289
v -23.30755234 -17.61478615 15.33623695
v -23.34155846 -17.63185120 15.41948318
v -23.87666702 -17.48456955 14.80951786
v -23.81620598 -17.52026558 14.94566345
v -23.57559776 -17.55923080 15.09001637
v -23.62259102 -17.51931000 14.91308308
v -23.53762054 -17.61019325 15.32501698
v -23.60456657 -17.59907532 15.27740097
v -24.61460114 -17.41405869 14.82176876
v -24.44645309 -17.46006012 14.90761375
v -24.23300743 -17.53255844 15.12670994
v -23.94849586 -17.59658051 15.35732269
v -23.78939247 -17.62048340 15.45275307
v -23.44312668 -17.66322708 15.67252731
v -23.47667885 -17.66703033 15.75760078
v -23.77655220 -17.63244057 15.54799747
v -23.78033257 -17.63000298 15.52698803
v -23.51000595 -17.66749763 15.84284687
v -23.74824715 -17.64398384 15.67436886
v -23.75403976 -17.64224815 15.65001869
v -23.92228317 -17.61444092 15.47471523
v -23.92955208 -17.61069489 15.44863415
v -24.21173477 -17.55896187 15.25458241
v -23.82659912 -17.63999176 15.74125957
v -23.86973381 -17.63265610 15.62994766
v -23.88034630 -17.62993240 15.60067177
v -24.13532066 -17.60035515 15.48710251
v -24.20170403 -17.56655121 15.29314232
v -24.42992401 -17.51165199 15.11215591
v -24.43751144 -17.49987030 15.06350327
v -24.11705017 -17.60654068 15.53227139
v -24.15328789 -17.61236191 15.67945671
v -24.34647179 -17.57765579 15.43415546
v -24.48512459 -17.58502769 15.65837479
v -24.55138397 -17.55051994 15.36186409
v -24.36658669 -17.56678772 15.37032223
v -24.60103798 -17.48532104 15.06985188
v -24.79345512 -17.30801964 14.60527706
v -24.73674011 -17.37282562 14.74925232
v -24.70820045 -17.51947403 15.26059532
v -24.69394875 -17.54010582 15.36710739
v -24.81708908 -17.55840111 15.67833138
v -24.92820168 -17.52411461 15.39125633
v -25.14415741 -17.53288651 15.73902512
v -25.18789101 -17.50713348 15.44839096
v -25.28028679 -17.50081444 15.47692776
v -25.20186996 -17.48967552 15.34755707
v -25.29798508 -17.48371506 15.37814713
v -25.25008202 -17.33143806 14.82574844
v -25.37042046 -17.32621384 14.86357594
v -25.38415146 -17.25110626 14.69882774
v -25.82170486 -17.22398567 14.85140705
v -25.71039963 -17.37000656 15.16783333
v -25.58942795 -17.46565056 15.49957848
v -25.46137810 -17.50886917 15.83953762
v -25.04211235 -17.27600479 14.62207127
v -24.95694160 -17.34793091 14.76251125
v -24.93730927 -17.50485992 15.28648758
v -24.73529816 -17.22417259 14.39495277
v -24.89408112 -17.21978378 14.45342445
v -25.35796356 -17.16358757 14.51859951
v -25.53062439 -17.14960289 14.56626987
v -25.92095757 -17.03071404 14.55707359
v -25.74116325 -16.82495689 14.20202637
v -26.00603485 -16.79433060 14.29113770
v -25.77836609 -16.74760246 14.13493824
v -26.07511139 -16.51989746 14.05929375
v -25.75197792 -16.53890800 13.93034935
v -25.64804459 -16.75846100 14.08714962
v -25.43142509 -16.54760551 13.79406643
v -25.22752762 -16.78807068 13.93852997
v -25.11389351 -16.54598045 13.65063095
v -25.00958824 -16.81901360 13.88211727
v -25.17559814 -16.87604332 14.02245998
v -24.87766838 -17.05166817 14.14792156
v -25.60454750 -16.83712959 14.15437889
v -24.52321243 -17.27751923 14.41591072
v -24.60882568 -17.19350052 14.27633381
v -24.80256844 -16.84879112 13.82494450
v -24.82988358 -16.76808548 13.74092674
v -24.79981804 -16.53403473 13.50024033
v -24.64749908 -16.73357964 13.61954784
v -24.48963165 -16.51178169 13.34310150
v -24.44476891 -16.70212364 13.49620342
v -24.33340454 -16.68591690 13.43154335
v -24.42452812 -16.76722336 13.55588818
v -24.31039429 -16.74894905 13.48661327
v -24.29054832 -17.06736565 13.89904404
v -24.16555977 -17.04087257 13.80192184
v -24.13739204 -17.13448143 13.94738293
v -23.80424118 -17.08536720 13.73312855
v -23.93977356 -16.91073799 13.52595901
v -24.06690216 -16.70770645 13.34048462
v -24.18376160 -16.47925758 13.17943001
v -24.38281631 -17.20219994 14.18827438
v -24.48142052 -17.12903404 14.09470367
v -24.62772942 -16.80534363 13.69106770
v -35.26882935 -16.33430672 18.16660118
v -35.16957474 -16.52757835 18.46093369
v -36.03894043 -16.29124069 18.50967979
v -36.01506042 -16.44791031 18.79292107
v -36.08457184 -16.35242271 18.64441872
v -36.85369492 -16.27865982 19.09897423
v -36.74709702 -16.21722603 18.87562561
v -37.28536606 -16.03706360 19.04559708
v -36.65814972 -16.16788673 18.72019196
v -37.18422699 -15.99559116 18.87401772
v -36.55667496 -16.11054039 18.56185150
v -37.06153488 -15.94674301 18.69681358
v -36.34511185 -15.96745586 18.25059319
v -36.77787399 -15.82069778 18.33938980
v -36.27646255 -15.90513229 18.14522934
v -36.67429352 -15.76400566 18.21583748
v -36.07193375 -15.71521282 17.87003326
v -36.47586823 -15.53435993 17.90181351
v -36.76091385 -15.32688332 17.85846329
v -37.14775848 -15.51038742 18.24246979
v -37.49721527 -15.64184093 18.66624641
v -37.47903061 -16.05469704 19.32208443
v -37.93834686 -15.78708267 19.50097847
v -37.76038742 -15.72921181 19.08416176
v -35.87490463 -15.99083138 18.03221512
v -35.42298508 -15.82349110 17.66882133
v -35.35390472 -16.09792519 17.90066528
v -35.99119186 -16.22215271 18.37620735
v -35.90174484 -16.05875206 18.11972809
v -37.65317154 -16.10205841 19.75333595
v -37.21684265 -16.24437141 19.43484879
v -37.05683899 -16.34890747 19.53440857
v -36.80904770 -16.41530228 19.42786598
v -36.62919235 -16.50167847 19.52203941
v -36.36529922 -16.55150795 19.40457726
v -36.01115036 -16.67368889 19.59550858
v -35.55926132 -16.71831703 19.36388016
v -35.48170090 -16.74002457 19.43851089
v -35.20041656 -16.76188087 19.30730247
v -35.32490540 -16.77511978 19.70939636
v -34.80924988 -16.81246185 19.44906425
v -34.93729782 -16.76924324 19.10910606
v -35.25485992 -16.74325752 19.22692680
v -35.40769196 -16.67025185 19.00027084
v -35.78947449 -16.63271141 19.15739059
v -35.90171051 -16.57917404 19.06006622
v -36.53018951 -16.47737122 19.31311989
v -36.67744064 -16.39758492 19.22305107
v -36.96508789 -16.32357979 19.33413124
v -36.00829315 -16.51969337 18.96623993
v -35.55086899 -16.57167244 18.78665352
v -35.05826950 -16.67359924 18.77736092
v -35.48070908 -16.62395287 18.89174080
v -35.89314270 -16.70425415 19.66444016
v -35.77963638 -16.74441719 20.06625366
v -36.09063339 -16.68397141 19.78487968
v -36.27848434 -16.66242218 19.90786362
v -36.43326569 -16.61813927 19.83631516
v -36.72613144 -16.60043144 20.24434662
v -37.25042343 -16.37723160 19.99468803
v -36.15570068 -16.72155380 20.50571060
v -36.86853027 -16.44811630 19.63378143
v -36.22812653 -16.64702225 19.71578026
v -38.07413101 -15.83124065 19.97443390
v -37.89192963 -16.04902458 20.19797325
v -38.18607712 -15.86294079 20.55754662
v -37.97947693 -16.07416344 20.68069649
v -38.04663849 -16.10618973 21.27758408
v -37.69179535 -16.36089134 21.38087082
v -37.70984650 -16.37800789 21.74965477
v -37.29748154 -16.56821251 21.80201721
v -37.28972626 -16.58090782 22.12768936
v -37.13224030 -16.62064552 21.82404137
v -36.68380356 -16.70719337 22.13623238
v -36.61677933 -16.70257187 21.56129265
v -37.10787582 -16.61507988 21.52858353
v -37.02830124 -16.60917664 21.10150719
v -37.20100403 -16.54895592 21.03491592
v -37.09604645 -16.53879166 20.62545395
v -37.54403687 -16.31136894 20.40434265
v -36.91271973 -16.60465050 20.70912361
v -36.43842697 -16.70742035 21.01062393
v -37.84609604 -16.30962563 22.12234306
v -38.07128143 -16.12531471 21.70396805
v -38.27871323 -15.89394951 21.32322693
v -38.31879425 -15.90997505 22.12052536
v -37.63040161 -16.33369064 20.85420036
v -37.27538681 -16.55994797 21.48796844
v -38.30266190 -15.45487309 19.67277336
v -38.32250977 -15.61288166 20.17844009
v -38.60115814 -15.23158169 20.38900566
v -38.63074875 -15.24961376 20.63365555
v -38.84493256 -14.78499508 20.87970352
v -38.86005402 -14.81413651 21.13039970
v -38.91010284 -14.63477612 21.20954514
v -38.92540741 -14.67852974 21.65817070
v -38.96891022 -14.14300346 21.44541359
v -38.97478485 -14.19648075 21.78204346
v -38.93257904 -14.68073940 21.91445351
v -38.98096848 -14.21578693 22.13623238
v -38.90417480 -14.82995033 22.12768936
v -38.89345932 -14.84996605 21.88916016
v -38.73584747 -15.27542114 21.81462860
v -38.71231461 -15.28055668 21.46426010
v -38.47641373 -15.65303230 21.31214523
v -38.40285873 -15.63693619 20.69050407
v -38.36276627 -15.62619877 20.41910553
v -38.51018906 -15.65447712 21.73411560
v -38.67884445 -15.40646076 22.12234306
v -38.95959473 -14.00033474 20.91177368
v -38.89978027 -14.59869766 20.96850204
v -38.82876587 -14.75053501 20.63926125
v -38.61529541 -14.99693203 19.87187004
v -38.95013428 -13.78063869 20.36984062
v -38.85309982 -14.41043472 20.11007690
v -38.88857269 -14.55543423 20.73353195
v -38.88302994 -14.85048103 21.61020279
v -38.66045380 -15.26387405 20.90124130
v -38.16052246 -15.40060711 19.21101570
v -38.38814545 -15.10460186 19.25625229
v -38.51487350 -14.91460705 19.32206726
v -38.63395691 -14.69267845 19.39159393
v -38.83041763 -14.18236256 19.54853821
v -38.85364914 -13.80477428 19.17847252
v -38.88984299 -13.64486313 19.24168968
v -38.89231110 -13.31635284 18.93281174
v -38.93267441 -13.15038490 19.36957550
v -38.92826843 -12.91267967 19.11702538
v -38.87929535 -13.99155235 19.61269569
v -38.94101334 -13.49607372 19.84721756
v -38.92493820 -12.69856358 18.92631531
v -38.86623764 -13.02231789 18.53738976
v -38.86336899 -13.44163322 18.85503960
v -38.74316788 -13.79262829 18.66595078
v -38.70150375 -14.25641060 19.03241348
v -38.60522842 -14.46559620 18.97056389
v -38.70617676 -13.33262825 18.16642570
v -38.66446304 -13.96186161 18.58436394
v -38.50015640 -14.65264988 18.91267204
v -38.33353043 -14.88807964 18.83287239
v -38.45140839 -13.61661053 17.82882690
v -38.44067383 -14.23481178 18.33393669
v -38.57557297 -14.12171078 18.50972748
v -37.21953964 12.47107983 17.63474464
v -37.38609314 12.47518730 17.87021637
v -37.26725769 12.23903561 17.53296280
v -37.33781052 12.05836868 17.51925087
v -37.25087738 11.69860744 17.20469856
v -37.12805176 11.74894428 17.09094048
v -37.15026474 11.42351627 16.96333694
v -36.91547394 11.48526478 16.77826309
v -37.03848267 11.20790291 16.77386665
v -36.75448608 11.72504807 16.77894020
v -36.87209702 12.13415623 17.10576057
v -37.06103516 12.46835899 17.47890472
v -36.80867386 12.20384312 17.11268616
v -36.70288467 12.46447659 17.25647736
v -36.35398865 12.11910820 16.81584358
v -36.55910110 11.93531704 16.78449249
v -37.25637817 11.12779522 16.97598076
v -37.32423401 11.55601788 17.23879623
v -37.39200211 11.54873562 17.34691811
v -37.47447968 12.09806919 17.79351997
v -37.51636505 12.09051418 17.89425278
v -37.53208923 12.34746361 18.10673141
v -37.58611679 12.27696037 18.27067184
v -37.57167053 12.48368645 18.35702515
v -37.59696960 12.41671276 18.43725014
v -37.42731476 12.10265446 17.69738007
v -37.45527649 12.40205765 17.94914055
v -37.49695969 12.47930813 18.10618210
v -37.49630737 12.37671661 18.02686310
v -37.60000229 12.24615955 18.33410454
v -37.61281204 12.34864140 18.51896477
v -37.61627197 12.07327747 18.44116211
v -37.61907196 12.28001881 18.60150909
v -37.59607697 12.04208851 18.17688560
v -37.61287689 11.77167416 18.24677467
v -37.57997513 11.51476860 17.83015633
v -37.60801697 11.21699333 17.96829224
v -37.55516815 10.92546272 17.50984001
v -37.60524368 10.81590939 17.80938148
v -37.55455780 11.52581120 17.73002243
v -37.43010330 11.03423214 17.22062683
v -37.45442200 11.54260635 17.46741676
v -37.58021164 12.06047249 18.10018158
v -37.14299011 10.86937332 16.77365303
v -37.25263596 10.91943359 16.90746689
v -37.40916443 10.80463600 17.11036873
v -37.53169632 10.66726685 17.35089874
v -37.56433487 10.61405468 17.44887352
v -37.57049561 10.27752686 17.38738632
v -37.60073471 9.81610775 17.55103493
v -37.57783127 9.79419136 17.32610893
v -37.59999847 9.42335320 17.50878143
v -37.58049774 9.38120556 17.30853081
v -37.59986496 9.18574524 17.50123215
v -37.56770325 9.18574524 17.24543571
v -37.48164368 9.18574524 17.00241280
v -37.50387955 9.45711708 17.05686378
v -37.56476212 9.39983177 17.23597527
v -37.55812454 9.83872128 17.24948120
v -37.54334641 10.33603954 17.30062103
v -37.41699219 9.52519512 16.89421082
v -37.34566116 9.18574524 16.78338051
v -37.31831360 9.79937077 16.78039551
v -37.36815643 10.12165165 16.89027023
v -37.23785782 10.40809917 16.77503777
v -37.29920197 10.64176750 16.89744186
v -37.43711853 10.49886227 17.08405304
v -37.47820663 9.97781563 17.05886269
v -36.88897705 11.01031494 16.59850883
v -37.07900620 10.60228157 16.65720940
v -36.70091629 10.84478188 16.44902229
v -36.76559830 10.32619381 16.41605568
v -36.47619247 10.69865704 16.32364655
v -36.69259262 10.27511311 16.37839699
v -36.49689865 10.14277172 16.30579567
v -36.65650177 9.67688179 16.34856033
v -36.84357452 9.75785637 16.41601753
v -36.88039398 9.47764206 16.42494965
v -36.91160965 9.78736782 16.45016098
v -36.94756317 9.49258900 16.45785713
v -37.20366287 9.94684696 16.67231369
v -37.23984909 9.55467606 16.67400742
v -37.16603088 9.18574524 16.59844971
v -36.95104599 9.18574524 16.45615387
v -36.71063232 9.18574524 16.36306381
v -36.24002457 10.55946541 16.23696518
v -36.74249268 11.29323673 16.58255005
v -36.75312805 11.21208191 16.56334877
v -36.69247818 11.15410614 16.50979424
v -36.61228180 11.08959866 16.44896317
v -36.31120300 11.21654415 16.33005524
v -36.22659302 11.17075729 16.28392220
v -35.86484528 11.31265640 16.16818428
v -35.73970413 11.23456383 16.11332321
v -35.40948105 11.35935402 16.02275658
v -35.38523865 11.32690144 16.01240921
v -35.06291962 11.44840145 15.92909908
v -35.03853607 11.31923962 15.91502762
v -35.49160767 11.16321754 16.03642845
v -35.69546509 11.20378208 16.09646225
v -35.98753357 11.05198193 16.17783546
v -36.05136108 11.08437252 16.20292473
v -36.32460403 10.92018795 16.28648567
v -36.52243042 11.02967548 16.39072800
v -36.24752426 10.88088894 16.25318336
v -35.89908600 10.90554428 16.14561081
v -35.47089005 11.44218254 16.05452919
v -35.08323669 11.57599640 15.95706654
v -35.50194168 11.48215866 16.07331467
v -35.53374481 11.52102184 16.09412766
v -35.99246216 11.39037514 16.23519897
v -36.04322433 11.42368984 16.26577950
v -36.44945526 11.30847549 16.42054558
v -36.31407547 11.40306568 16.38277054
v -35.09924316 11.70047569 15.99859047
v -35.56015778 11.55266571 16.11275291
v -35.71372986 11.55215740 16.17114639
v -36.38927078 11.26522923 16.37838936
v -35.92928314 11.35129356 16.20045280
v -20.30570221 14.88704491 12.04065895
v -21.06353378 14.77865410 12.24539185
v -21.48349762 14.66827679 12.35026264
v -21.20711708 14.81479645 12.31151867
v -21.49499702 14.78812981 12.40483952
v -21.26291275 14.83353519 12.34081268
v -21.34538078 14.87113285 12.39157867
v -20.66960526 14.93714905 12.18830013
v -20.94178200 14.94825459 12.28938770
v -20.05768776 15.01000977 12.04073524
v -20.48137665 15.02360153 12.18446064
v -19.55501938 15.05132198 11.92579842
v -20.06111145 15.08163071 12.09504700
v -19.16645432 15.07802200 11.84284496
v -19.71585274 15.12605190 12.02690792
v -19.66566467 15.17490292 12.05097103
v -20.26417160 15.15398502 12.21416092
v -20.60012436 15.22109604 12.37512493
v -20.86610603 15.17142296 12.42473412
v -21.26753998 15.21764469 12.61706829
v -21.31295776 15.12657738 12.56237411
v -20.12138748 14.91949368 12.00062847
v -19.76016426 14.93099403 11.90098953
v -19.32626724 14.95701027 11.80190182
v -19.30069733 14.94200325 11.78627872
v -18.63072205 14.92437935 11.62737370
v -18.15095139 14.90254307 11.52456570
v -18.34521484 14.93894291 11.57867527
v -18.76410294 14.95074463 11.66935253
v -19.82187271 14.99840736 11.96258736
v -20.50302696 14.93230438 12.12964821
v -18.15042496 14.96593571 11.55474567
v -18.89295578 15.04252052 11.75316334
v -19.29247093 15.02699184 11.83944035
v -18.83419991 15.09134674 11.77139378
v -21.39757347 15.05162621 12.53849792
v -21.15780640 15.04887104 12.43715954
v -21.00470352 15.10942841 12.42591476
v -21.50397873 15.00821018 12.55035019
v -21.44455338 14.96069908 12.48814678
v -21.30728531 14.99646664 12.45734119
v -20.83028603 15.03265858 12.30790806
v -20.52778244 15.09735966 12.25438499
v -21.50185204 14.90190029 12.47180557
v -21.39838409 14.90884876 12.43459034
v -21.13673782 14.96449757 12.37004852
v -21.15980721 15.76652908 13.21072197
v -21.22794151 15.69756985 13.10232639
v -20.73520279 15.65972710 12.88250160
v -20.81584930 15.64108562 12.87699509
v -20.32732201 15.56232166 12.62192059
v -20.18328857 15.57156944 12.59395981
v -19.35433197 15.37901688 12.14378548
v -19.36063004 15.42348385 12.19274426
v -19.01434326 15.35194111 12.02916431
v -19.44152069 15.50263596 12.30940247
v -19.08054543 15.43937111 12.14138889
v -19.46610069 15.52166080 12.34139442
v -19.10251427 15.46076679 12.17294407
v -19.66506195 15.63605022 12.58266354
v -19.29582214 15.59151077 12.42047787
v -19.72773743 15.66191769 12.65512848
v -19.36054230 15.62128258 12.49770260
v -20.11071968 15.75872803 13.01659966
v -19.31047440 15.69270897 12.72400093
v -19.00615501 15.58188057 12.35154247
v -18.14977837 15.48647785 12.02955341
v -18.94996452 15.54858685 12.27324867
v -18.14448738 15.40094948 11.89485550
v -18.78712654 15.40285110 12.02954674
v -18.76989555 15.37921715 11.99941826
v -18.96943855 15.29193687 11.96080971
v -18.72389030 15.28353882 11.89409733
v -18.65611076 15.20791626 11.81468487
v -18.14984131 15.02998257 11.58835030
v -18.13596725 15.61576366 12.38297272
v -20.38782310 15.73830318 12.96633911
v -20.69437218 15.81807899 13.27964497
v -20.78188896 15.78774929 13.17734909
v -21.01833916 15.85604095 13.44789600
v -21.08959579 15.81961250 13.32647800
v -20.73763084 15.71444321 12.98452187
v -20.76943398 15.77405548 13.13516808
v -20.35246468 15.72018051 12.91048145
v -20.73538017 15.70425415 12.96323109
v -20.23013496 15.62880135 12.69341278
v -20.24363708 15.64202118 12.71966553
v -18.74911499 15.17277431 11.80929279
v -18.48883057 15.08477974 11.69029140
v -19.02606201 15.15782261 11.86510181
v -19.64821815 15.21384716 12.07700443
v -19.85494614 15.27065372 12.18489742
v -20.36201668 15.29761124 12.36275005
v -20.52702522 15.34987736 12.46071529
v -20.96817780 15.35126209 12.60914135
v -21.05154991 15.38939285 12.67281246
v -21.27066422 15.30609417 12.69132710
v -21.13659668 15.42188454 12.73401165
v -21.32168579 15.37372971 12.76987457
v -21.21856308 15.44626522 12.78888512
v -21.29843140 15.46130657 12.83615208
v -21.06096649 15.48963833 12.77135468
v -21.21173286 15.51406384 12.85341454
v -20.89447594 15.51252651 12.73810959
v -21.12793541 15.55007362 12.86123562
v -20.64249992 15.52813053 12.67439938
v -21.00134659 15.58644390 12.86063194
v -20.36935425 15.53388214 12.59832764
v -20.85722542 15.61425686 12.85050106
v -19.05201721 15.25828934 11.95193195
v -19.42074966 15.34633255 12.12912750
v -19.86926270 15.43978405 12.34808540
v -21.29299545 15.61374664 13.00288582
v -21.35401726 15.51629257 12.91385746
v -21.41011047 15.40663624 12.83655167
v -20.89163589 15.31007481 12.54681396
v -20.82458496 15.26771450 12.48810005
v -20.21252441 15.24726486 12.27364540
v -19.26608658 15.22680092 11.98149586
v -19.54728127 15.29820251 12.11989307
v -19.87742615 15.37389374 12.28438759
v -20.25123215 15.45285130 12.47338295
v -20.08782387 15.33096886 12.30759525
v -20.70487976 15.40217781 12.56566811
v -20.34640312 15.39428616 12.44504833
v -20.62284470 15.45734501 12.59287262
v -20.88772774 15.45066547 12.67236137
v -16.46087837 12.99631405 10.95589447
v -16.55710793 13.26105499 10.98634720
v -16.54938126 13.20067024 10.97822285
v -16.66396904 13.50223255 11.02055550
v -16.69075203 13.47325039 11.01078796
v -16.71471214 13.50209045 11.01137066
v -16.65702629 13.40476704 10.99770069
v -16.64436913 13.37519550 10.99283409
v -16.48724174 12.97369289 10.94864464
v -16.48517036 12.94893074 10.94723606
v -16.46117210 12.77600670 10.93903637
v -16.48829842 12.83614445 10.94572830
v -16.49097443 12.80654526 10.94611645
v -16.60826874 13.21274471 10.97832870
v -16.60695076 13.17876339 10.97750378
v -16.68694878 13.38435364 10.99971294
v -16.68369293 13.34915829 10.99827671
v -16.77146149 13.50833607 11.02204037
v -16.78979683 13.50235367 11.02642536
v -16.63327026 13.34502220 10.98855209
v -16.96984100 13.50317574 11.07353497
v -16.76555061 13.34475422 11.01900482
v -16.68095779 13.18821144 10.99631119
v -16.60902596 13.02348328 10.97701359
v -16.50421524 12.67085648 10.94889736
v -16.47050858 12.48196888 10.93985653
v -16.46120262 12.20720959 10.93724632
v -16.60398483 12.88766098 10.97550488
v -16.46106529 12.92279243 10.94512844
v -16.49063492 12.99747562 10.95051193
v -16.52966690 13.13469028 10.96860981
v -16.52014923 13.10532570 10.96421337
v -16.50318718 13.05097675 10.95649338
v -23.34017754 16.36146736 15.70257950
v -23.35643578 16.36648941 15.74308395
v -23.63722801 16.33261490 15.58545208
v -23.70185089 16.32978058 15.58658886
v -23.72900200 16.31933784 15.53114510
v -23.99430275 16.28119469 15.40376377
v -23.96889114 16.27210045 15.35273075
v -24.20164680 16.22748566 15.23500919
v -24.13353348 16.22226524 15.19267654
v -24.33880043 16.17191124 15.10083008
v -24.16743088 16.19349670 15.10394192
v -23.97994995 16.21596909 15.12500191
v -23.80408287 16.25648689 15.24750519
v -23.69680023 16.29384613 15.39906502
v -23.65009880 16.29668999 15.40629673
v -23.52317238 16.32620811 15.53431320
v -23.46549416 16.32447815 15.52403069
v -23.47554207 16.33428383 15.56974792
v -23.30755234 16.34666443 15.62236214
v -23.32387543 16.35485458 15.66232014
v -23.78858185 16.23722839 15.16082287
v -23.74131393 16.26230240 15.26132011
v -23.57559776 16.29110909 15.37614155
v -23.62259102 16.25118828 15.19920826
v -23.49718857 16.33499336 15.57506466
v -23.55078888 16.32622147 15.53691196
v -24.38130188 16.20797539 15.23056602
v -24.25191689 16.23182297 15.26947689
v -24.06178284 16.27736282 15.40667915
v -23.80272293 16.32101250 15.56437397
v -23.68896675 16.33549690 15.62165928
v -23.37262726 16.36991501 15.78378201
v -23.66254616 16.34747505 15.72378159
v -23.38873291 16.37174225 15.82461643
v -23.65684891 16.34870720 15.73894882
v -23.40472984 16.37196541 15.86553478
v -23.72132301 16.34445953 15.76394749
v -24.04801178 16.31682968 15.70214558
v -23.99880409 16.31676674 15.63170528
v -23.75332260 16.34005737 15.70771980
v -23.76160812 16.33830643 15.68978024
v -24.22674942 16.29303169 15.56722164
v -24.37984848 16.28949547 15.68106270
v -24.39854050 16.27400780 15.52739143
v -24.23717690 16.28657150 15.52636909
v -24.40134048 16.24337769 15.37215900
v -24.01154137 16.31292152 15.60305882
v -24.48966980 16.18818283 15.20752335
v -24.71112442 16.16918945 15.23519135
v -24.52543640 16.14993477 15.11419868
v -24.77161026 16.12766838 15.15311146
v -25.00930214 16.15070534 15.30496883
v -25.11128998 16.10440063 15.24132442
v -25.12173271 16.14425659 15.33941746
v -25.52905846 16.07659340 15.38792324
v -25.47563171 16.14668274 15.53980827
v -25.12936783 16.21240997 15.59025669
v -25.41756439 16.19259262 15.69904518
v -25.12663078 16.22073174 15.64409924
v -25.35610008 16.21333694 15.86222553
v -25.03888130 16.23735428 15.76171398
v -25.03930473 16.22709656 15.61878777
v -24.77829552 16.24598122 15.56294823
v -24.77158356 16.23694038 15.50428772
v -24.53666306 16.25392723 15.47711849
v -24.53917694 16.26383972 15.53712559
v -24.71181297 16.26286888 15.70101929
v -25.03859329 16.21871758 15.56335831
v -24.44642830 16.10619354 14.97762775
v -24.58947563 16.10273743 15.02872276
v -25.06151199 16.06208801 15.13569260
v -25.20096970 16.05199814 15.17862988
v -25.57670021 15.98382282 15.24664307
v -25.33949471 15.89528847 15.01740074
v -25.61753654 15.87035847 15.11899376
v -25.36467171 15.85649586 14.98663807
v -25.65069389 15.73863125 15.00770855
v -25.32756042 15.75764084 14.87876511
v -25.25754547 15.86359596 14.94529629
v -25.00700760 15.76633930 14.74248219
v -24.82583046 15.88489056 14.77906895
v -24.68947411 15.76471424 14.59904671
v -24.62913513 15.90028381 14.71268463
v -24.78908539 15.93017197 14.81970024
v -24.54434586 16.01729012 14.84718037
v -25.22780037 15.90314102 14.97566032
v -24.40025139 16.12108612 14.99243164
v -24.37653923 16.11098671 14.95927143
v -24.26479149 16.13187981 14.96349144
v -24.27939987 16.07537651 14.84089661
v -24.12770653 16.08388138 14.79303741
v -24.00885010 16.00746346 14.59408855
v -23.89498520 16.03363037 14.59271049
v -23.88444328 15.98621655 14.50671768
v -23.57717323 15.98892307 14.39362049
v -23.64222908 15.90510082 14.29417896
v -23.93992996 15.84114075 14.34025097
v -23.70325089 15.80764580 14.20515156
v -23.94700050 15.81060314 14.31175518
v -23.75934219 15.69799042 14.12784576
v -24.06521416 15.73051548 14.29151726
v -24.06074905 15.82448673 14.37493801
v -24.37539864 15.75276756 14.44865608
v -24.37840080 15.86317825 14.55678082
v -24.54784012 15.88563633 14.65867901
v -24.52809715 15.92856503 14.70486069
v -24.57312202 15.93670177 14.73582077
v -24.59739685 15.89236259 14.68885994
v -24.37003136 15.90145588 14.59894657
v -24.05599785 15.85629368 14.40655804
v -34.92457199 15.28741646 18.85617065
v -34.87693024 15.38018703 18.99744987
v -35.24449921 15.30661297 19.05411720
v -35.56602097 15.31548691 19.27444458
v -35.60445404 15.26376057 19.19367790
v -35.96303177 15.19651031 19.32221794
v -35.52442551 15.20530987 19.04826164
v -35.83425140 15.14588165 19.14862061
v -35.45684433 15.13080406 18.91611290
v -35.71236038 15.07950878 18.99094009
v -35.43545914 15.09673977 18.86839104
v -35.67303467 15.04776478 18.93554115
v -35.64751816 14.93394661 18.81844711
v -36.13811874 14.88192654 19.01279640
v -36.05144882 14.75309372 18.85022926
v -36.33649445 14.54561710 18.80687714
v -36.54007339 14.64950275 19.01451874
v -36.20497513 14.91079044 19.08395004
v -36.73579788 14.73383045 19.26360512
v -36.38455963 14.97179031 19.28721809
v -36.89863586 14.80429459 19.54090691
v -36.54170609 15.02202034 19.50744820
v -36.69727707 15.03572083 19.71567154
v -36.22616959 15.18920326 19.53260040
v -37.02356339 14.86501598 19.85266113
v -34.99856567 15.04222488 18.61723518
v -35.20351028 15.12427902 18.78654099
v -35.20882797 15.15944862 18.82709885
v -35.22398376 15.23982143 18.93623352
v -34.96540833 15.17395306 18.72852135
v -36.84609604 15.07550240 20.05119896
v -36.51248550 15.16496754 19.79024887
v -35.93831635 15.29695797 19.53047371
v -35.20827484 15.39172268 19.21943092
v -34.82350159 15.45027733 19.14933586
v -35.13145065 15.43900204 19.31803322
v -34.76543808 15.49618626 19.30857277
v -35.05241394 15.47385216 19.42312431
v -35.02162933 15.48340130 19.46231461
v -35.58465958 15.43054581 19.69983673
v -35.52322388 15.44513035 19.73268890
v -36.05952454 15.38017368 20.01012611
v -35.97048950 15.40489101 20.04702187
v -36.34162521 15.36338329 20.37733650
v -36.05042648 15.42602158 20.52839851
v -35.67436218 15.44888496 20.08894157
v -35.21963120 15.47958755 19.73208427
v -34.70397186 15.51693153 19.47175407
v -36.61819839 15.24100113 20.22134781
v -36.30260086 15.28664875 19.90627670
v -35.76335144 15.37386799 19.61424637
v -37.13099670 14.92161369 20.24047852
v -37.03074265 15.06263065 20.43458176
v -37.23145294 14.96974468 20.75178337
v -37.12229538 15.09025669 20.86310959
v -37.20032883 15.11947536 21.40324211
v -36.83480072 15.33809566 21.55383110
v -36.86479187 15.34305096 21.84816742
v -36.78226852 15.36917305 21.86400032
v -36.86936951 15.35104465 22.15481949
v -36.57852554 15.41166210 22.15892029
v -36.51150131 15.40703964 21.58398056
v -36.75123978 15.36572742 21.58320045
v -36.66424561 15.36298180 21.17856216
v -36.75021362 15.33204269 21.13001251
v -36.63321686 15.32743740 20.74975014
v -36.54034805 15.36239338 20.80876350
v -36.33314896 15.41188908 21.03331184
v -37.13642502 15.22082901 22.15225410
v -37.23202515 15.13392353 21.78488541
v -37.32311249 15.01213646 21.44656372
v -37.36332321 15.02899742 22.15138054
v -37.13637543 14.78365898 19.90564728
v -37.29533768 14.80394936 20.41552734
v -37.23656845 14.69559574 19.95760155
v -37.32734299 14.59741783 20.01089859
v -37.45978165 14.61060905 20.58106232
v -37.41110992 14.48645687 20.06748962
v -37.49485779 14.48020840 20.42544365
v -37.58118820 14.47082520 20.96303749
v -37.48950958 14.65392494 20.88285065
v -37.62969589 14.51011753 21.67706490
v -37.54473877 14.71313572 21.56564713
v -37.63730240 14.51794338 21.93586349
v -37.56200790 14.71948719 21.88098907
v -37.60704041 14.63066006 22.15353775
v -37.50474167 14.84179306 22.15192604
v -37.45365524 14.89907551 21.81634521
v -37.42508698 14.88915348 21.43958282
v -37.33916092 14.83711052 20.70690155
v -37.66630554 14.40366650 22.15615654
v -37.65850830 14.43946362 22.08013725
v -37.65406799 14.45277977 21.99683571
v -37.63572693 14.46048737 21.55525780
v -37.20849228 14.49574661 19.53526688
v -37.31126404 14.49186420 19.75769424
v -14.12756252 14.84141159 11.01086998
v -14.12756252 15.06920910 11.15433407
v -14.63882923 14.93467426 11.06277847
v -15.26460075 15.05625439 11.17485714
v -15.34748650 14.97149086 11.12592888
v -15.46649837 14.99545574 11.15193748
v -16.28361511 14.99369240 11.25297642
v -15.25093460 14.90660191 11.08096600
v -15.18705940 14.81195641 11.03025341
v -14.54607201 14.78485298 10.98628712
v -15.16362286 14.69844818 10.98458195
v -15.05992317 14.58810616 10.94359398
v -15.16249275 14.43803024 10.91982651
v -14.94325352 14.49915791 10.91711426
v -14.67628956 14.27860260 10.89160061
v -14.41416454 14.52598190 10.90971851
v -14.12756252 14.31985569 10.89160061
v -14.12756252 14.58736515 10.92179775
v -15.16199970 14.07264519 10.89160061
v -14.45708370 14.61419773 10.92871094
v -38.70011139 12.91408348 17.81892967
v -38.44534302 13.19806576 17.48133278
v -38.57973480 12.76536942 17.40277672
v -38.42242050 12.67927837 17.04498100
v -38.54629517 12.43188286 17.10639954
v -38.32529068 12.16420460 16.57637405
v -38.48762512 12.11205673 16.80833244
v -38.41467285 11.84244823 16.54793358
v -38.52764130 11.80160046 16.72977448
v -38.32841110 11.36501408 16.22793388
v -38.60556412 11.20947456 16.66330338
v -38.18202209 11.78442287 16.19970703
v -38.00313187 11.48992348 15.89439964
v -38.63375092 11.75833988 16.93781471
v -38.81619644 11.01870823 17.20657349
v -38.80866623 11.65761375 17.40706062
v -38.85315704 11.61355400 17.58464813
v -38.82964325 11.93599701 17.61716080
v -38.86627960 11.89059162 17.77603149
v -38.84406662 12.20993137 17.83185196
v -38.87516403 12.15452099 17.97133255
v -38.85238266 12.43749523 18.02330589
v -38.88054276 12.36623478 18.14430428
v -38.86017227 12.60377312 18.18989563
v -38.91887283 12.28001881 18.57882118
v -38.91642761 12.10171413 18.43879509
v -38.91262817 11.76646900 18.22100258
v -38.90504456 10.81590939 17.78669357
v -38.90759659 11.18737984 17.93292236
v -38.73941422 12.61379719 17.70251656
v -38.66489792 12.69249821 17.54931259
v -38.63695908 12.38570118 17.27384949
v -38.58842850 12.07459450 16.98696136
v -38.71818924 12.33454514 17.45332527
v -38.68129349 12.03436661 17.18562126
v -38.83124542 10.68864727 17.16798019
v -38.84169006 10.33616734 17.12195969
v -38.90053558 9.81610680 17.52834702
v -38.85575485 9.67814064 17.07094383
v -38.89979935 9.42335320 17.48609352
v -38.85847855 9.39485264 17.07022476
v -38.89966583 9.18574524 17.47854424
v -38.83266068 9.18574524 16.94563484
v -38.82659912 9.41881752 16.92336464
v -38.69999313 9.49384594 16.54754639
v -38.82070541 9.72501183 16.92000961
v -38.67989731 9.87241554 16.53314400
v -38.79396820 10.41486931 16.95083618
v -38.60863876 10.63233852 16.51477814
v -38.77559280 10.76718426 16.98005295
v -38.56760788 10.96883106 16.51287651
v -38.31414795 11.12991333 16.13937759
v -38.14546585 11.07934570 15.92573071
v -38.25924683 10.55556774 15.95564461
v -38.37774658 10.81409550 16.15472984
v -38.48789978 10.02338028 16.19217300
v -38.34391403 9.88213158 15.97776508
v -38.52116776 9.57717133 16.20716476
v -38.37007523 9.18574524 15.98302174
v -38.65336990 9.18574524 16.43933868
v -37.99584961 9.18574524 15.59774780
v -38.17602921 9.60749817 15.77117729
v -38.14654922 10.04694557 15.77275848
v -38.09336090 10.44495487 15.76436234
v -38.02487564 10.78068352 15.74847317
v -37.74812317 10.59920120 15.50616264
v -37.77584457 11.24880695 15.63343143
v -37.45599747 11.02438545 15.38372040
v -37.39340591 10.41127110 15.27757263
v -37.03805542 10.79755974 15.15192413
v -37.24644089 10.33892155 15.20271206
v -36.57649231 10.55946541 14.98126221
v -36.83336258 10.14277172 15.05009079
v -37.32875443 10.07399273 15.22208691
v -36.99296570 9.67688179 15.09285641
v -37.38885117 9.78885555 15.23580170
v -37.41974258 9.49251175 15.24207401
v -37.55612564 9.51329136 15.30908012
v -37.54796219 9.18574524 15.30129910
v -37.88912582 9.56271553 15.52021885
v -37.04709625 9.18574524 15.10736084
v -37.86481094 9.93884468 15.52354527
v -37.81518555 10.29313946 15.51896572
v -37.52730560 9.82981873 15.30520344
v -37.47024918 10.13355827 15.29412079
v -36.23555374 10.90554428 14.88990784
v -36.76927948 10.98622131 15.06353378
v -36.89641190 11.05200481 15.11985207
v -37.26185989 11.25086689 15.31698227
v -37.36418533 11.31489182 15.38392448
v -37.48164368 11.39926147 15.47100830
v -37.08087540 11.53083420 15.28512764
v -37.17850113 11.60626793 15.35521030
v -36.65714264 11.74345589 15.14839077
v -37.02411652 11.75339413 15.32178116
v -36.26154709 11.93481445 15.04686069
v -37.58300781 11.48562241 15.55860519
v -37.59002304 11.61133194 15.60263920
v -36.05689240 11.89261150 14.95574760
v -35.50147247 12.11348152 14.83341408
v -35.46812820 11.85414982 14.74690533
v -35.42580032 11.58832741 14.68863964
v -35.92888641 11.68549347 14.85990143
v -35.96568680 11.74395084 14.88460922
v -36.01251984 11.81905937 14.91914749
v -36.48780441 11.60246563 15.04337978
v -36.57591248 11.67335033 15.09518623
v -36.97026825 11.45603943 15.21543789
v -35.37500000 11.31923962 14.65932369
v -35.77334976 11.43636990 14.77614403
v -35.81194305 11.49894714 14.79391766
v -36.41649628 11.54746437 15.00503254
v -35.82807159 11.16321754 14.78072453
v -36.12145233 11.31144047 14.87153625
v -36.19110107 11.37122154 14.89957428
v -36.87649155 11.39875603 15.16232872
v -36.45977783 11.15809441 14.96868134
v -36.56149292 11.21843815 15.01025772
v -35.52543259 12.36317348 14.94711494
v -36.04445648 12.12848473 15.03549957
v -36.62068176 12.00056458 15.22245693
v -37.13778305 11.89672661 15.43486691
v -37.54522324 11.82211781 15.65062237
v -37.81598663 11.85451889 15.86744690
v -37.54117966 12.21009922 15.83806801
v -37.30583572 12.11823940 15.63599300
v -36.90911102 12.15717506 15.43486023
v -36.44168472 12.22789383 15.24730682
v -35.96356583 12.32372475 15.09521866
v -35.53971481 12.60019684 15.08662891
v -35.88476181 12.51528931 15.17376423
v -35.85818481 12.58403683 15.20792007
v -36.19596863 12.53036213 15.31731033
v -36.16096497 12.74407959 15.46237183
v -36.54692841 12.50822163 15.46289635
v -36.45206070 12.77791309 15.62050915
v -36.87805557 12.52170849 15.63492393
v -36.77840805 12.90037441 15.86742878
v -37.17796326 12.56554794 15.82567883
v -36.99686432 12.41555882 15.62898731
v -35.54414368 12.82167530 15.25026321
v -36.25620651 12.45156002 15.29244709
v -36.64083481 12.41691971 15.44862556
v -21.85238075 14.82195187 11.09857750
v -21.88572693 15.08128262 11.18508530
v -21.36735153 15.06318665 11.00423622
v -20.44460106 15.36623859 10.82480526
v -20.89868927 15.16754818 10.88579464
v -20.01870346 15.30496693 10.67632294
v -20.09088326 15.06831837 10.61896706
v -19.37374115 15.11807728 10.44240093
v -19.41741562 15.03391361 10.43166924
v -18.82122803 15.01410580 10.28477001
v -18.92486572 14.83651733 10.27419186
v -18.39322472 14.75011730 10.13692951
v -18.45854568 14.64644718 10.14048576
v -17.95961952 14.61831760 10.02640629
v -18.03428268 14.39856052 10.02117729
v -19.80226898 15.45031452 10.68684864
v -19.30302048 15.36468792 10.52172947
v -18.79849243 15.10318661 10.30707455
v -18.34707451 14.94736004 10.17155361
v -19.28965759 15.50014973 10.58757114
v -18.77136612 15.37899685 10.41760921
v -18.35195351 15.04818058 10.20675087
v -18.00379562 14.97002506 10.13151360
v -18.56206322 15.54948521 10.46723747
v -18.36629295 15.37323952 10.34541225
v -18.03468132 15.28381062 10.25747871
v -18.01328278 15.58571815 10.39633560
v -18.18714905 14.14064407 10.05385303
v -18.98677826 14.40359688 10.26811314
v -19.01559067 14.74283600 10.28718090
v -19.98362160 14.51232624 10.53521633
v -19.65344238 14.77365780 10.45613670
v -20.34991646 14.72929955 10.64127350
v -20.26604080 14.81615829 10.62601089
v -21.02195930 14.68659782 10.82568932
v -20.94464493 14.84499359 10.82334518
v -21.37278366 14.73976421 10.93472672
v -21.36058235 14.81894398 10.94410419
v -21.81005287 14.55612946 11.04031181
v -20.87965202 14.45271683 10.77530670
v -21.06919479 14.60862541 10.83251381
v -21.40853119 14.59373760 10.92766190
v -21.75925446 14.28704071 11.01099586
v -21.42975807 14.52436161 10.92821598
v -20.91712189 14.92746067 10.82962704
v -20.13688469 14.98455048 10.61423397
v -19.55461502 14.86344147 10.43865871
v -17.53915787 13.73276138 9.88022423
v -17.64775276 14.03309250 9.91167164
v -17.59810829 14.25592327 9.91089725
v -17.59115410 14.33571148 9.91741562
v -17.61778831 14.54435158 9.95974445
v -17.44616890 14.37342644 9.90384388
v -17.49019814 14.52552414 9.94683170
v -17.15557671 14.10259056 9.82973003
v -17.20760155 14.30146980 9.87908554
v -16.88606262 13.71874237 9.75641727
v -16.90239716 13.81675911 9.77514076
v -16.69058418 13.24190903 9.69074345
v -16.69063187 13.33416843 9.70245743
v -16.53941917 12.62867832 9.63785362
v -16.62009621 13.20805740 9.68667984
v -16.48275185 12.42044067 9.62463284
v -17.66219330 14.69528484 10.00782967
v -17.54456139 14.72828579 10.01069546
v -17.23318481 14.41160011 9.90804482
v -16.91965294 13.93750286 9.79837704
v -16.84859848 13.89157772 9.78825378
v -17.71020699 14.89719963 10.07734489
v -17.72470665 15.00858402 10.11629772
v -17.72846794 15.14198780 10.16337776
v -17.57462311 14.97287369 10.08904171
v -17.56485367 15.13174343 10.13976669
v -17.33778763 14.82306767 10.02049923
v -17.25363350 14.54379940 9.94209957
v -17.09820747 14.42269230 9.90313148
v -16.50304222 12.12623501 9.62069035
v -16.45918465 11.57782364 9.61298847
v -16.56698990 11.57782364 9.62958145
v -16.67396736 11.57782364 9.65086079
v -16.61089516 12.05331802 9.63778877
v -16.56167412 12.08975029 9.62910652
v -16.53479767 12.10697937 9.62498951
v -16.58148193 12.54390144 9.63843822
v -16.56155968 12.58191681 9.63766384
v -16.69210625 13.16895962 9.68227005
v -16.77991676 11.57782364 9.67678642
v -16.71034622 11.95051861 9.65925598
v -16.69405746 11.97031021 9.65544510
v -16.64736557 12.02050304 9.64512634
v -16.70125198 12.32759666 9.65763378
v -16.65532684 12.41446972 9.64817619
v -16.75598907 12.81532764 9.67325211
v -16.72199631 12.94750309 9.66989899
v -16.87110138 13.25063992 9.70651340
v -16.85852814 13.42070198 9.71400166
v -17.10905075 13.75444126 9.77590942
v -17.12424469 13.95482540 9.79970551
v -17.41814232 14.16416931 9.86651993
v -16.75185204 11.89539719 9.66946220
v -16.81305885 12.35221481 9.68566704
v -16.76044273 12.19524193 9.67177677
v -16.80846977 12.61861038 9.68464565
v -16.71775436 12.29305649 9.66138458
v -16.77002907 12.76406670 9.67583942
v -17.01996803 13.07265568 9.74110794
v -16.91005516 13.00679684 9.71201038
v -16.88033485 13.18646908 9.70677567
v -17.13595200 13.47025299 9.77307987
v -17.28840256 13.48233604 9.81303406
v -17.45660400 13.86347008 9.85989571
v -16.62183380 12.47270107 9.64260864
v -16.70359230 13.04187012 9.67204762
v -16.86295509 13.54638577 9.72791767
v -17.42215919 14.08471298 9.86068153
v -17.11291313 13.67925453 9.77265167
v -17.56461334 14.83972931 10.04656601
v -16.43799591 12.09511375 9.61230183
v -16.40026474 12.02794075 9.60725307
v -16.36163712 11.96749973 9.60276890
v -16.38391685 12.35690212 9.61229038
v -16.34443855 12.26798916 9.60564327
v -16.39570045 12.80083847 9.63255501
v -16.26539421 12.49172306 9.60193539
v -16.28090286 12.89714336 9.61851311
v -16.22057724 12.75560570 9.60487366
v -16.21750259 13.05711842 9.61714268
v -16.05677414 12.53518772 9.59160042
v -16.21216202 13.34815884 9.63307953
v -15.91192913 13.04426956 9.59160042
v -16.20274353 13.62250233 9.65175152
v -16.18820190 13.87704659 9.67248154
v -16.33331490 13.83150959 9.69544029
v -16.34482956 14.09577274 9.72787285
v -16.72525215 14.36897755 9.84129715
v -16.79882240 14.63162422 9.90033817
v -16.90975761 14.58000565 9.91010857
v -17.00883484 14.83372784 9.97935581
v -17.12838554 14.79231453 9.98751545
v -17.25730515 15.03316498 10.06833649
v -17.35277748 14.97005177 10.06282711
v -17.51280785 15.19702435 10.15543461
v -16.47840500 12.59370422 9.63136196
v -16.62409401 13.31728172 9.69861984
v -16.83152008 13.94143772 9.79501915
v -17.01264191 14.35983372 9.88284874
v -17.18695831 14.69648170 9.97230816
v -17.36247444 15.29583740 10.16948700
v -16.75026894 14.85441971 9.93905735
v -16.16123581 14.25161552 9.71189594
v -15.65760517 13.55282021 9.59160042
v -16.22356796 12.39132309 9.59606743
v -16.13286781 11.57782364 9.59160042
v -16.22454453 12.03637791 9.59324265
v -16.22117996 11.80494976 9.59312344
v -16.25121498 11.83462620 9.59438133
v -16.24191666 11.57782364 9.59397984
v -16.35075760 11.57782364 9.60111427
v -16.32832336 11.92206478 9.59956360
v -16.25701523 12.09392643 9.59523869
v -16.43088531 12.47125626 9.62134457
v -16.54007530 13.13424110 9.67404366
v -16.70319939 13.73509598 9.75421143
v -16.85022163 14.15598583 9.82992554
v -16.99305725 14.50438976 9.90815830
v -16.46037292 12.95186329 9.65082836
v -16.48015404 13.32092667 9.68010712
v -16.29880333 13.22800636 9.63959503
v -16.58053589 13.51534557 9.71383476
v -16.69321060 13.92804909 9.77622223
v -16.80443382 14.28122425 9.84230328
v -16.56282234 13.71630478 9.72978306
v -16.31736946 13.54157734 9.66570854
v -16.64613342 14.06565094 9.78421402
v -15.25796890 14.00227737 9.59160042
v -15.82821369 14.43071365 9.67821980
v -16.04934692 14.65105915 9.75850105
v -16.53654671 15.06265450 9.95395756
v -17.02285957 15.38486195 10.14972878
v -17.46501732 15.63795662 10.33793354
v -16.63887787 15.44542122 10.10944557
v -16.74627686 15.72352028 10.26945210
v -16.12335396 15.51819134 10.05523872
v -16.23138046 15.78075027 10.22291470
v -15.44581127 15.58681107 9.99414730
v -15.59112358 15.83959389 10.17440033
v -14.66102982 15.59969997 9.94627380
v -14.12756252 15.88100815 10.13896084
v -14.12756252 15.40643120 9.84007835
v -14.56159592 15.28924751 9.78829288
v -14.12756252 14.87716770 9.65451145
v -14.46549034 14.93515491 9.66897106
v -14.41901684 14.74963856 9.62908554
v -14.82945061 14.76660156 9.63923454
v -14.56873894 14.29777050 9.59160042
v -14.90334892 14.20981789 9.59160042
v -14.12756252 14.31985569 9.59160042
v -15.21180153 14.70757675 9.65077591
v -15.54938412 14.58785915 9.66434765
v -15.74722195 14.78453732 9.73472595
v -16.18873405 15.15093327 9.91681957
v -15.37258625 14.89669228 9.71014690
v -15.73979759 15.24047089 9.87205791
v -14.93718052 14.95687199 9.68812847
v -15.18084240 15.30293941 9.82655430
v -14.12756252 16.27701569 10.53611755
v -14.99372482 16.06843185 10.31790543
v -15.44487000 16.04137993 10.32551861
v -15.87018776 16.00907135 10.34473324
v -15.62707710 16.27114868 10.58752918
v -16.37199593 16.22649956 10.62390614
v -16.06130791 16.49830437 10.95082378
v -16.72867393 16.48515701 11.00222778
v -16.61021614 16.58928871 11.16555405
v -17.01563835 16.58930779 11.21141243
v -16.86221313 16.71732712 11.47335339
v -17.77938461 16.58166122 11.30404949
v -17.67646217 16.85904694 11.98676205
v -16.61133766 15.94231319 10.39589596
v -16.98534012 16.18445778 10.66668701
v -17.11018944 16.47658157 11.03894806
v -17.16735649 15.88501072 10.44123650
v -17.31920624 16.15987015 10.69426632
v -17.87068748 16.22462273 10.84873390
v -17.46424294 15.85431004 10.46837711
v -17.95652771 15.88880253 10.57558727
v -16.64848137 16.81210327 11.77870369
v -16.41921425 16.70666695 11.41247082
v -15.92182255 16.59027290 11.10563660
v -15.35356522 16.51358604 10.92058659
v -15.23633194 16.29355240 10.58296299
v -15.65310478 16.78002548 11.63653851
v -15.71162987 16.69410133 11.33843613
v -15.23990059 16.59570885 11.07497692
v -15.00859928 16.52389526 10.92288208
v -14.84186840 16.31597900 10.59265804
v -15.08008003 16.76692390 11.57847404
v -15.07671070 16.68938065 11.30267048
v -14.91442680 16.60166550 11.07697868
v -14.68035793 16.53684235 10.93875027
v -14.55018425 16.76005554 11.54802704
v -14.78310776 16.69034195 11.30026913
v -14.61414909 16.61034012 11.09125423
v -14.12756252 16.57452011 11.01156044
v -14.52400684 16.69353485 11.30756855
v -14.12756252 16.75855064 11.54135990
v -18.80667686 16.92482948 12.27831459
v -18.21674728 16.78422737 11.77726936
v -18.18476677 16.64201355 11.46777916
v -18.17581367 16.54571915 11.30447388
v -18.57187271 16.62696266 11.49876213
v -18.52902794 16.47996330 11.26996613
v -18.91948318 16.58073235 11.48729324
v -18.87039566 16.44966507 11.29782867
v -19.30433655 16.57076454 11.55123425
v -19.27583313 16.50881958 11.45971298
v -19.78740883 16.64099503 11.75693226
v -19.72942352 16.50234604 11.55114841
v -20.88989449 16.77292633 12.22953701
v -20.30242920 16.58026695 11.78929806
v -20.91751480 16.71395493 12.14223671
v -18.17385292 16.37871742 11.07533360
v -18.50521851 16.33117485 11.08248234
v -18.85202599 16.37829781 11.20665264
v -19.22855759 16.34651566 11.24976730
v -19.71251678 16.41450119 11.43998146
v -18.18429565 16.21319199 10.89483643
v -18.19396019 16.12481880 10.81170654
v -18.22939110 15.90147114 10.63189983
v -18.50750160 16.05045509 10.80310345
v -18.52818298 15.93091774 10.70905972
v -18.84124374 16.08859062 10.90386391
v -18.83204079 16.19675446 11.00452518
v -19.22276878 16.24771309 11.14177227
v -21.45500946 16.79401398 12.44183445
v -21.31306458 16.93767929 12.66765690
v -20.86037445 16.86101913 12.38354397
v -20.85318565 16.89173126 12.44529915
v -19.81703949 16.69180489 11.84297752
v -19.88103104 16.78126335 12.01259995
v -19.37154388 16.68228722 11.73659134
v -19.46116638 16.78777885 11.94823170
v -18.99084091 16.70725060 11.71032047
v -19.04544067 16.77668381 11.85962105
v -18.60790443 16.70952415 11.65639305
v -18.69275856 16.83050156 11.94931889
v -20.84435272 16.94475174 12.56404018
v -21.16679192 17.04827118 12.90881634
v -20.84006882 16.99463081 12.69301796
v -20.83929443 17.02261162 12.77476406
v -20.01160240 16.90994453 12.32186604
v -20.11104774 16.97728539 12.53752804
v -19.65818214 16.92898941 12.33719730
v -19.85010910 17.00402451 12.62931061
v -20.83934784 17.06510735 12.91628170
v -21.01833916 17.12416267 13.16177082
v -20.86714363 17.10588264 13.08075428
v -20.59244728 17.07501984 12.94396400
v -19.16518593 16.87830925 12.13363743
v -19.52644920 16.84494019 12.08677959
v -19.95870972 16.86470413 12.20089054
v -18.49942780 16.25126648 10.99438190
v -21.59053993 16.61938286 12.23466492
v -21.07504082 16.66610527 12.11836052
v -20.04758072 16.42079163 11.52986240
v -19.59704018 16.27343750 11.25724220
v -19.22951317 16.13181686 11.02970982
v -18.92943954 15.99504375 10.84178734
v -18.76490593 15.78748035 10.65109062
v -19.67267609 15.92139816 10.96226311
v -19.45662498 16.05842209 11.01894760
v -19.73837662 16.17466164 11.19637871
v -20.07181549 16.29596519 11.40310478
v -20.45466232 16.41817856 11.63533401
v -21.25578880 16.59761238 12.08383846
v -21.42296219 16.51424217 12.04030991
v -21.71767044 16.41635323 12.04919147
v -21.54324150 16.43406677 11.99666309
v -21.67743492 16.31687546 11.93369579
v -21.49040794 16.28181648 11.82574749
v -21.74610519 16.15499687 11.82145882
v -21.39534569 16.24239922 11.75491714
v -21.69508362 16.08736038 11.74291134
v -21.30445099 16.19174767 11.67801476
v -21.22279358 16.13391876 11.60019684
v -20.78453445 16.21598816 11.53225613
v -20.61231422 16.13393402 11.40737724
v -20.30328751 16.20503235 11.38008976
v -20.06544685 16.10732651 11.22449207
v -20.80674934 15.99816704 11.35397816
v -21.29147911 16.01050377 11.52166939
v -21.69195938 15.99891186 11.66865253
v -21.83452797 16.18790245 11.88813591
v -20.86261749 16.39867020 11.73240185
v -20.57085800 16.30449104 11.55178833
v -21.17224503 16.36359024 11.79309654
v -20.97335625 16.29497719 11.66349220
v 42.93540955 15.40643120 9.84007835
v 42.93540955 15.88100815 10.13896084
v 43.80163956 15.71335411 10.02464390
v 44.74136353 15.84294510 10.19980431
v 44.68116760 15.69613743 10.07195187
v 45.53052521 15.64347935 10.14308929
v 45.38080597 15.44189358 9.97870731
v 46.09206390 15.37929153 10.04849434
v 45.86983490 15.13647270 9.87423420
v 46.46896362 15.05675316 9.93135452
v 46.31361771 14.89901447 9.83050823
v 46.58386993 14.84979439 9.85412502
v 46.13210678 14.45396233 9.66468048
v 46.38757706 14.38440704 9.67310047
v 46.08319092 14.15672493 9.61305428
v 47.06526566 13.84458542 9.64231586
v 46.63596725 13.46946907 9.59160042
v 45.61884689 15.78347588 10.27756119
v 46.24860001 15.58340645 10.22595882
v 46.68426895 15.31287861 10.12511539
v 46.73547363 15.01425838 9.96219349
v 46.83618927 14.79851723 9.87909317
v 47.40362549 14.19153595 9.77164364
v 46.33169556 15.72625446 10.36542416
v 46.82282639 15.52829742 10.31362152
v 46.93980026 15.28031540 10.16511250
v 46.98131943 14.97104168 9.99428654
v 47.63468552 14.51330471 9.94600964
v 46.88831711 15.67969227 10.45786381
v 47.06592178 15.50368214 10.35912418
v 47.17192459 15.24877071 10.20621109
v 47.78455734 14.80014420 10.13445377
v 47.33344269 15.64478683 10.55787754
v 47.28532410 15.48124123 10.40619278
v 47.95412827 15.25254250 10.48072147
v 48.02502060 15.60859871 10.80469418
v 45.75992203 13.89541340 9.59160042
v 45.83380890 14.23409367 9.61067295
v 45.86592102 14.51735783 9.65714931
v 45.71812057 14.98749828 9.78796387
v 45.18362808 15.20160294 9.82546616
v 44.58063507 15.48424816 9.92157173
v 45.57731628 14.30284786 9.60859394
v 44.85607529 14.15712833 9.59160042
v 45.04428101 14.41340446 9.60531521
v 44.49781036 14.48637486 9.60302925
v 44.70851135 14.69375134 9.63559914
v 44.10986710 14.72235584 9.62868500
v 44.35547256 15.08449364 9.72630978
v 43.65137482 15.06253242 9.70552254
v 43.70020294 15.21553612 9.75926304
v 43.76581192 15.47986126 9.88126373
v 43.78978348 14.29963398 9.59160042
v 43.95870209 14.51904964 9.60130405
v 43.51504135 14.70777130 9.62235069
v 42.93540955 14.87716770 9.65451145
v 43.43250656 14.51665497 9.59958076
v 42.93540955 14.31985569 9.59160042
v 44.44597244 15.23449516 9.78752232
v 45.05385971 15.05480766 9.75301743
v 45.30287933 14.62249756 9.64474583
v 47.38414383 12.86033630 9.59160042
v 47.81878281 13.38537884 9.66775608
v 48.06708145 13.01438808 9.65650558
v 48.19738770 13.17216682 9.70798779
v 48.35467148 12.85631657 9.69511032
v 48.63916016 13.25312424 9.86953163
v 48.78708649 12.86525536 9.84013081
v 48.87470627 12.99309635 9.90865040
v 49.00142670 12.54873753 9.87545013
v 49.19348145 12.80198574 10.03753853
v 49.30916214 12.26301289 9.99682713
v 49.48927307 12.45680714 10.16279697
v 49.59046173 11.59808826 10.11478329
v 49.80745697 11.70761967 10.31456661
v 49.83353043 10.68014240 10.30847454
v 47.95388412 13.55615616 9.72711563
v 48.46921158 13.60331440 9.90050888
v 48.71736145 13.39622784 9.94430256
v 49.03582382 13.29094791 10.08241081
v 49.33643341 13.05196285 10.21080685
v 49.64826584 12.67532063 10.35953331
v 48.22406769 14.01101971 9.94329357
v 48.41051102 14.49360275 10.23659801
v 48.29288864 14.16604519 10.03137207
v 48.54128265 13.75491905 9.98123455
v 48.49052429 14.77292156 10.43505669
v 48.56134415 15.04353428 10.65389633
v 48.82775879 14.65940952 10.58088493
v 48.75114059 14.37559509 10.36734962
v 48.66586685 14.08559227 10.17522430
v 49.10425568 14.16451454 10.50638485
v 48.95088577 14.01016426 10.31563568
v 48.85565948 13.71842670 10.12880898
v 49.14967346 13.57222366 10.26302052
v 49.38791275 13.51392365 10.43046474
v 49.31864166 10.68014240 9.91930199
v 49.36255646 11.50230312 9.95274639
v 49.08296204 12.07294559 9.84588432
v 48.90216827 12.44318771 9.81315041
v 48.48241425 12.51788425 9.68359280
v 48.22274780 12.71311665 9.64914417
v 49.10019684 11.40755463 9.81206989
v 48.72127914 10.68014240 9.67491436
v 48.97968674 11.36763000 9.76111794
v 48.62350464 11.25393105 9.65246201
v 48.62446976 11.78230667 9.66431332
v 48.48126984 11.70206356 9.63206196
v 48.43367767 12.05482101 9.63711166
v 48.03281021 11.53747082 9.59160042
v 47.80229187 12.26172543 9.59160042
v 48.48386002 11.20887280 9.62520790
v 48.08125687 10.68014240 9.59160042
v 48.34639740 12.39272499 9.64271355
v 48.57422638 12.15883064 9.67341995
v 48.97221375 11.99485207 9.78921604
v 50.23162842 10.68014240 10.81649399
v 50.00547409 11.57702160 10.51902771
v 49.87916565 12.43949604 10.53439808
v 49.67234039 13.22537899 10.58485889
v 49.43785095 13.86883450 10.64776611
v 49.20628357 14.37486267 10.71282291
v 48.98461914 14.77413464 10.77681923
v 48.87685776 14.94317436 10.80826950
v 48.77025986 15.09592628 10.83945084
v 49.21585464 14.80045700 11.00848103
v 48.80396652 15.22895622 10.97444153
v 49.53414917 14.73569775 11.32471561
v 49.66041565 14.43740559 11.25663757
v 49.91037750 14.40963364 11.59965801
v 49.82415009 14.28405094 11.37092018
v 50.30282211 13.72205067 11.82455444
v 49.88088989 14.11322021 11.33367157
v 50.32882690 13.55226707 11.76902390
v 49.93849945 13.92787743 11.29700089
v 50.35427856 13.37190342 11.71599483
v 50.05499649 13.50887871 11.22657967
v 50.40233231 12.97962475 11.61955547
v 50.16851807 13.02205849 11.16430759
v 50.44400024 12.55032635 11.54185867
v 50.26901627 12.47327900 11.11907768
v 50.47594070 12.09312534 11.49141884
v 50.34378815 11.88338184 11.10384369
v 50.49676514 11.62211132 11.47651100
v 50.38880539 11.28563023 11.13414669
v 50.51052856 11.15059662 11.50327778
v 50.48640442 10.68014240 11.40950108
v 50.53883743 11.10530949 11.63503170
v 50.58087540 10.68014240 12.04796982
v 50.56820297 11.03738403 11.83825207
v 50.58122253 11.28973866 12.06772041
v 50.56648254 11.40856838 11.83204365
v 50.56466675 11.78595448 11.85760975
v 50.53144836 11.53658390 11.61434078
v 50.52106857 11.96977139 11.63200474
v 50.25008011 14.03176594 11.94203377
v 50.42154312 13.51938629 12.00059605
v 50.43734741 13.35321045 11.93668842
v 50.45262527 13.17777824 11.87643719
v 50.48080444 12.80074787 11.76921940
v 50.50419617 12.39539623 11.68547440
v 50.49537277 13.61165333 12.34498501
v 50.54342651 13.20545483 12.28466702
v 50.54698181 13.04690170 12.20700645
v 50.55039978 12.88103962 12.13513279
v 50.55657959 12.53093529 12.01102734
v 50.56145859 12.16397858 11.91755962
v 50.59410858 13.15242577 12.80597973
v 50.58832932 12.66593838 12.47493935
v 50.58329010 11.95583820 12.18622780
v 50.34074402 11.32822704 11.02815819
v 50.28367233 11.96646500 11.00086975
v 50.18854141 12.59214592 11.01884079
v 50.06456375 13.16482639 11.06430531
v 49.92871857 13.66293526 11.12383366
v 49.79236221 14.08413029 11.18922424
v 49.72570801 14.26846790 11.22279358
v 50.18507004 11.45066738 10.75590611
v 50.09278488 12.20263100 10.74563503
v 49.94080734 12.91739464 10.77726078
v 49.75784683 13.53732681 10.82906723
v 49.57046890 14.04774761 10.88818073
v 49.38923645 14.46196747 10.94867516
v 49.30163956 14.63943291 10.97871017
v 50.60394669 13.66577053 13.36975765
v 50.56142807 13.84293175 12.91156578
v 50.45661545 14.10526848 12.61831951
v 50.35438156 14.27011204 12.43425465
v 49.92200089 14.73141766 11.92397976
v 50.02996826 14.80118465 12.21889782
v 49.89618301 14.91734600 12.08027935
v 50.02268600 14.97517776 12.42207336
v 49.68946838 15.23951244 12.08312225
v 49.86118698 15.28124428 12.48673153
v 49.71228409 15.39102268 12.33644485
v 49.90164566 15.42829037 12.83114529
v 49.56060791 15.49182034 12.19759464
v 49.77289963 15.52819347 12.69401550
v 49.64247131 15.61882782 12.56528473
v 49.85379791 15.65419292 13.18917179
v 49.74312973 15.74070358 13.07806015
v 49.92335892 15.77719021 13.97908401
v 49.77170181 14.85690308 11.78870487
v 49.35831833 15.15637684 11.48205280
v 49.52106094 15.19720745 11.75314331
v 49.33399200 15.31640434 11.62077904
v 49.52030945 15.35291862 11.93882465
v 49.14376831 15.42695904 11.50490475
v 49.34872437 15.45755386 11.80937004
v 49.17723846 15.55296421 11.69618607
v 49.40843201 15.58345795 12.07208729
v 49.16911697 15.65867615 11.82553864
v 49.46668243 15.69633770 12.35268784
v 49.15409851 15.28303719 11.36363888
v 48.94503784 15.40107250 11.26228142
v 48.95341873 15.52805710 11.40664482
v 48.88026810 15.63116932 11.45084858
v 48.73491669 15.50924873 11.17901230
v 48.59944534 15.61362362 11.17646217
v 50.00116730 15.67832184 13.92052174
v 49.97079086 15.79564190 15.01646996
v 50.09176254 15.57575512 13.99685001
v 50.33084106 15.29212666 15.01828861
v 50.17925262 15.46426010 14.07299137
v 50.26234818 15.34410572 14.14826584
v 50.16673660 15.34438515 13.53706741
v 50.34903717 15.09014320 13.77271175
v 50.25950241 15.06888580 13.27575493
v 50.33422089 14.96820450 13.38588524
v 50.24208450 14.92405605 12.94920540
v 50.49182510 14.54926395 13.37715435
v 50.45100784 14.47180367 13.03540993
v 50.51910400 14.33051968 13.19503880
v 50.48927689 14.22640705 12.89525700
v 50.57377243 13.98519516 13.16839027
v 50.40909195 15.07986450 14.29336739
v 50.55617142 14.71561623 15.02363396
v 50.45388412 14.97758865 14.34315968
v 50.56607819 14.62118721 14.49918747
v 50.54838181 14.62934685 14.11489582
v 50.57949829 14.49977207 14.19820023
v 50.56477737 14.47197723 13.85275459
v 50.60380554 14.25856876 14.02481079
v 50.59534073 14.19534016 13.72911644
v 50.61197281 13.90974140 13.82945251
v 50.58521652 14.10330582 13.44141579
v 50.59128571 14.49584007 14.55011845
v 50.63296509 14.10145283 15.03217793
v 50.61730576 14.29838943 14.62791824
v 50.62199783 14.06204224 14.40377903
v 50.61081696 14.29212666 14.32507992
v 50.54467773 14.41402626 13.51648903
v 50.40443802 14.37738514 12.72088623
v 50.13813400 14.86657524 12.55925465
v 50.14675140 15.02731228 12.82067299
v 50.02681351 15.31914043 12.97466373
v 50.06591797 15.45697689 13.41896820
v 49.96110535 15.56026268 13.30250072
v 50.52455521 14.60399246 13.73950768
v 50.40576553 14.98939610 13.85536098
v 49.49809265 16.19529152 15.01828861
v 49.66280365 16.02623367 13.98086739
v 49.38496017 15.95529175 12.72718906
v 49.56336975 15.98941708 13.30779362
v 49.26253128 16.25167465 13.57587719
v 49.30008698 16.28338623 14.14320755
v 49.06200409 16.36727333 13.71559429
v 49.08226395 16.39180565 14.23108292
v 48.82665253 16.46581459 13.86538601
v 48.84107971 16.48170280 14.32800388
v 48.67800522 16.51183701 13.95748615
v 48.69433594 16.52293968 14.38855743
v 48.27546310 16.58238029 14.15384769
v 48.33580017 16.59285927 15.03217793
v 49.16522217 15.92678928 12.25697708
v 48.93375397 15.90571404 11.89340591
v 48.70229721 15.89194870 11.61489677
v 48.47429276 15.88480854 11.40040112
v 48.01958084 15.91402149 11.13038635
v 47.91785812 16.19972229 11.47940731
v 48.36514282 16.17944145 11.77254581
v 48.58274460 16.18302727 11.99722004
v 48.79354477 16.19184875 12.28253555
v 48.98844147 16.20618057 12.63880920
v 49.15227890 16.22612762 13.07184410
v 47.80155563 16.34556007 11.67468548
v 48.25118637 16.32614708 11.98883343
v 48.46391678 16.32533836 12.21879387
v 48.66318893 16.32865715 12.50344563
v 48.83890152 16.33646584 12.84810352
v 48.97732544 16.34915924 13.25383377
v 47.59835815 16.48312378 11.89635849
v 48.06697845 16.46076965 12.23270798
v 48.28210068 16.45390320 12.46512699
v 48.47528839 16.45041847 12.74445343
v 48.63726807 16.45085144 13.07230186
v 48.75759888 16.45577621 13.44698238
v 47.92269897 16.52548409 12.38566208
v 47.27703094 16.59691620 12.15464973
v 46.85260010 16.66823959 12.45421028
v 47.56730270 16.61753845 12.87543774
v 48.14533234 16.51501083 12.61738396
v 47.99331284 16.59158325 13.37006283
v 48.33972931 16.50790596 12.89134026
v 48.49813080 16.50468826 13.20774651
v 48.15161133 16.58438110 13.69332027
v 48.61273956 16.50585938 13.56396008
v 48.94172668 16.46657372 15.02363396
v 45.84298325 16.74626350 12.22475243
v 46.74621964 16.65473938 12.08854580
v 47.05977631 16.58076859 11.89315319
v 47.13585281 16.55557632 11.84067822
v 47.35683441 16.45212364 11.66371059
v 46.84364700 16.54740334 11.67584229
v 47.01725388 16.45853615 11.53901958
v 46.42887878 16.57543373 11.61734581
v 46.56772614 16.50838470 11.50858974
v 45.86493301 16.64394760 11.66427708
v 45.97067261 16.59789467 11.57897472
v 45.11788940 16.74463654 11.82806301
v 45.13863754 16.73706627 11.80940342
v 44.19086075 16.86206055 12.13776016
v 44.20539093 16.85531616 12.10577488
v 43.20469284 16.95970535 12.55448818
v 43.17095947 16.95256615 12.46970177
v 44.21178436 16.84895897 12.07707882
v 44.99465179 16.72817421 11.77195930
v 45.22739410 16.69573402 11.71203804
v 45.82033157 16.56304741 11.48484039
v 46.10391617 16.51075172 11.42325497
v 46.47792053 16.38887978 11.26796341
v 46.77243042 16.31985092 11.21999454
v 46.98566818 16.21246719 11.10926151
v 47.28170395 16.12448120 11.07674217
v 47.39097214 16.02879143 10.98801041
v 47.68777466 15.91637421 10.96901894
v 47.68276978 16.00510788 11.07594013
v 47.66309738 16.09263802 11.18433762
v 47.65212250 16.12430573 11.22425556
v 47.23181534 16.26036644 11.26177216
v 47.21503448 16.28540993 11.29604530
v 46.68998718 16.42321205 11.37793732
v 46.66684723 16.44253731 11.40728855
v 45.99705505 16.58422470 11.55442905
v 47.50286484 16.34046936 11.50630093
v 47.13711548 16.37063980 11.41386604
v 47.59642792 16.23096085 11.36139297
v 43.23824692 16.96351051 12.63956070
v 44.10096359 16.88240623 12.24986458
v 44.14971161 16.87339020 12.19653893
v 44.18345642 16.86460304 12.15031910
v 45.03671646 16.76982880 11.89413166
v 43.27157211 16.96397591 12.72480679
v 43.93179321 16.90364838 12.39926052
v 43.95610428 16.90099525 12.37944221
v 44.03620148 16.89154625 12.31097794
v 44.65498352 16.83817291 12.14719391
v 44.80756760 16.81711006 12.05202293
v 45.34537888 16.77136993 11.97756290
v 45.55572510 16.73295403 11.86089134
v 46.00307465 16.70064354 11.87235928
v 46.24246979 16.64163780 11.73748684
v 46.60327911 16.62822342 11.82950878
v 43.84106064 16.91302681 12.47097301
v 44.03958893 16.89671326 12.44770336
v 44.43574142 16.86131477 12.27745247
v 44.92725372 16.82110977 12.24949551
v 45.03869247 16.80885696 12.13741970
v 45.63805771 16.75592232 12.05793762
v 45.28138733 16.78055382 12.01175213
v 45.92813110 16.71457100 11.91201210
v 46.21142960 16.70418930 12.04261684
v 46.52467728 16.64752579 11.87489796
v 44.93443680 16.79418564 11.96794033
v 45.72821808 16.68948746 11.75710964
v 44.60892487 16.84353638 12.17507458
v 47.26547623 16.19210052 11.16861725
v 46.74054718 16.37090492 11.29829311
v 46.05866241 16.54707527 11.48810482
v 45.18845367 16.71630287 11.75974751
v 44.12943268 16.85209084 12.07679749
v 44.05717850 16.85807610 12.09100723
v 43.98577499 16.86392021 12.10498428
v 44.86028290 16.73099136 11.76542950
v 44.61078262 16.76157188 11.82431984
v 45.34032059 16.61259460 11.52806282
v 45.13733673 16.64383125 11.57530212
v 45.71629333 16.49353218 11.32524681
v 44.94714737 16.62967491 11.51026821
v 45.34500885 16.51089287 11.29720020
v 44.52962875 16.66486168 11.52239609
v 44.45895004 16.60062981 11.32491779
v 43.81768417 16.73451614 11.56493855
v 45.10768127 16.70028114 11.71112442
v 45.95906448 16.51492882 11.40774345
v 46.61014938 16.32305145 11.18512249
v 47.10696793 16.12643051 11.02173710
v 47.11438751 15.93805599 10.78560448
v 46.58319855 16.09680557 10.83594799
v 46.41817856 16.28758430 11.08285236
v 46.77590942 16.20593834 11.04149342
v 46.94448853 16.16594887 11.02896595
v 46.45161819 16.35428429 11.20197392
v 46.18161392 16.33936310 11.11964512
v 45.95434952 16.26140213 10.94096279
v 43.81790924 16.78716469 11.75974560
v 43.28871918 16.82275772 11.82593060
v 43.28220367 16.85884857 11.98588657
v 43.20355225 16.89054871 12.12638474
v 43.53242493 16.86197090 12.01578426
v 43.68172073 16.82781601 11.89354229
v 44.25492096 16.74443054 11.70969582
v 43.06911850 16.91126442 12.21819687
v 43.23401642 16.90670586 12.20047951
v 43.38128662 16.88806152 12.11923218
v 43.64424515 16.86880684 12.06529140
v 43.95147705 16.81434250 11.89614391
v 43.98828888 16.83407784 11.98082447
v 44.48449707 16.74084663 11.74459076
v 44.45589066 16.78024483 11.86245441
v 43.10312653 16.92832947 12.30144310
v 43.36215210 16.90500450 12.20140648
v 43.13708878 16.94210243 12.38531590
v 43.52470779 16.89769554 12.18588638
v 43.76269150 16.88147926 12.14727783
v 44.98425293 16.71563530 11.73763847
v 45.80959320 16.53878403 11.43296528
v 43.84621429 16.87506485 12.13180065
v 45.65677261 16.56303024 11.46147156
v 45.94264603 16.45169640 11.28052044
v 46.28786087 16.38612175 11.22346306
v 42.93540955 15.25929165 11.34496880
v 42.93540955 15.06920910 11.15433407
v 43.53122711 15.14599800 11.23172092
v 44.49545670 15.02529049 11.19673252
v 44.52954483 15.09019756 11.27252579
v 45.24215317 14.95604801 11.24328327
v 45.00424194 15.04910755 11.30313969
v 45.84502411 14.88743591 11.29499722
v 45.41963577 15.00888062 11.33549118
v 46.31412125 14.83049488 11.35103512
v 45.87763596 14.96258831 11.38026619
v 46.68885422 14.78720188 11.41467381
v 46.24819565 14.92648888 11.42851734
v 46.55648041 14.90057278 11.48313999
v 45.65172958 15.08011723 11.47484875
v 45.95132065 15.05893326 11.51163292
v 45.31815720 15.15398979 11.51255322
v 45.60797882 15.13549900 11.54401779
v 44.95712662 15.22706890 11.56156731
v 45.22645187 15.21231842 11.59120464
v 44.37454605 15.33519268 11.65729904
v 44.58649445 15.32873249 11.69135571
v 43.69255829 15.45683193 11.81337070
v 43.80356598 15.46275616 11.85964012
v 43.22173691 15.52166271 11.96591568
v 43.67867279 15.50374603 11.96872234
v 43.28871918 15.55463696 12.11205578
v 47.27342606 14.74045849 11.58507538
v 46.89553070 14.86272526 11.55094337
v 46.47687912 14.97845554 11.54317379
v 46.00908279 15.08982754 11.56372070
v 45.45919418 15.20191669 11.61981106
v 44.81700134 15.31687164 11.71547794
v 44.18778229 15.42222977 11.83669281
v 43.09519196 15.49866581 11.86399078
v 43.43669510 15.44677353 11.72856617
v 43.56876755 15.45145226 11.76880932
v 42.93540955 15.49042892 11.82748508
v 43.05528641 15.44273853 11.67131615
v 43.23907089 15.44197273 11.68442535
v 43.33653641 15.44393444 11.70338535
v 43.67620850 15.35843754 11.56018162
v 43.87730789 15.35200882 11.58506775
v 44.29552078 15.26655865 11.49691200
v 44.64687729 15.24559402 11.53008270
v 44.97887802 15.17781448 11.48044586
v 42.93540955 15.40209389 11.57318115
v 43.13422775 15.37653828 11.52791786
v 43.47960281 15.36439610 11.54024220
v 43.72491837 15.29699612 11.45116425
v 44.01182175 15.28244972 11.47241879
v 44.25484848 15.22807407 11.42181301
v 44.58393860 15.20590878 11.44698524
v 44.87120819 15.14264870 11.40360260
v 45.29615784 15.10820389 11.43931103
v 43.21401215 15.31983948 11.43466091
v 43.28012848 15.27917004 11.37810802
v 43.35609818 15.23638344 11.32547569
v 44.11274719 15.19809246 11.35207748
v 44.50562668 15.17092800 11.37686157
v 43.91215897 15.24878597 11.39907646
v 44.13669968 15.34323788 11.62127018
v 47.24628067 14.49878025 11.37985802
v 46.66796494 14.67399216 11.31459236
v 46.27904892 14.73412704 11.25920773
v 45.79372025 14.80471992 11.20895958
v 45.18404770 14.88090801 11.16266632
v 43.69945145 14.97647476 11.09426212
v 44.45924759 14.94761086 11.12251282
v 44.98174286 14.68993187 11.00733662
v 45.58205795 14.60648251 11.03302479
v 46.09740448 14.50863266 11.06312752
v 46.53165817 14.40581703 11.09679508
v 47.19588089 14.20895100 11.17488003
v 46.49721527 14.36188602 11.06465340
v 47.06040955 13.86348629 10.98072910
v 46.27821350 14.17295074 10.95122147
v 46.19525909 14.12332535 10.93067074
v 45.71775436 14.26277256 10.92293739
v 45.75992203 13.89541340 10.89160061
v 44.85607529 14.15712833 10.89160061
v 45.19541550 14.37524700 10.91689205
v 44.63657761 14.45593262 10.91241455
v 45.28045654 14.41813660 10.93053150
v 44.71051788 14.49965191 10.92349720
v 45.53554916 14.57244110 11.00935459
v 44.93898010 14.65589714 10.98761654
v 42.93540955 14.84141159 11.01086998
v 43.64488602 14.74895287 10.97235394
v 44.32433701 14.74262428 10.98715878
v 44.29326248 14.70629787 10.97075462
v 42.93540955 14.58736515 10.92179775
v 43.62727737 14.71081257 10.95818806
v 44.12252808 14.54279709 10.91820717
v 42.93540955 14.31985569 10.89160061
v 43.49540710 14.50264359 10.90606880
v 43.52732086 14.54610443 10.91369343
v 43.78978729 14.29963398 10.89160061
v 44.06710052 14.49803543 10.90906429
v 46.63596725 13.46946907 10.89160061
v 46.88476944 13.67474651 10.91611576
v 46.05445862 14.47132587 11.03528023
v 45.80509186 14.30716705 10.93975544
v 47.74932861 14.32581806 11.50087070
v 47.72582245 14.10034561 11.33867741
v 47.71625519 13.91434097 11.22578812
v 47.70328903 13.70936775 11.11703014
v 47.69213486 13.61219883 11.07030582
v 47.94180679 13.27486229 11.04639721
v 47.86005402 12.99068260 10.94799042
v 48.15332031 12.40505600 10.93572998
v 48.09266663 12.30938053 10.91523838
v 48.18696976 11.99378014 10.91266155
v 48.03281021 11.53747082 10.89160061
v 48.24505997 11.66058064 10.91035080
v 48.26808548 11.18961620 10.90719032
v 48.31533051 11.72691345 10.92640781
v 48.33839035 11.22867966 10.92078781
v 48.47614670 11.88506222 10.98665428
v 48.51063919 11.31750488 10.97321987
v 48.52426529 11.93985271 11.01343346
v 48.56710815 11.34633541 10.99712753
v 48.61357117 12.06703281 11.08137131
v 48.68291092 11.40991402 11.05913258
v 48.68098831 12.20157719 11.15782833
v 48.78328323 11.47533989 11.13033772
v 48.74842834 12.39797211 11.27371216
v 48.89765930 11.57299519 11.23877811
v 48.92234802 10.68014240 11.23570061
v 48.67520142 10.68014240 11.04889679
v 47.61365128 13.32629585 10.95778370
v 47.80636597 12.87978840 10.92172718
v 47.80229187 12.26172543 10.89160061
v 47.55609131 13.21359634 10.92714787
v 47.38414383 12.86033630 10.89160061
v 48.08125687 10.68014240 10.89160061
v 48.38846588 10.68014240 10.93159103
v 48.53421783 12.69810772 11.18893242
v 48.50622559 13.09957790 11.33263111
v 48.35544586 13.12874985 11.22438622
v 48.24393845 13.63285255 11.39475727
v 47.97362518 13.78433990 11.29519844
v 47.99050140 14.02843189 11.45134544
v 47.96820068 13.58638096 11.18853283
v 47.95513916 13.37342453 11.08830261
v 48.33583832 12.93255901 11.13131714
v 48.29736328 12.73504448 11.04697514
v 48.26999664 12.64828968 11.01305199
v 48.49398804 12.52355766 11.10440350
v 48.43132782 12.35448074 11.02878857
v 48.39342117 12.28162193 10.99874592
v 48.25305176 12.07655239 10.93076324
v 47.93292618 14.46568489 11.73105526
v 48.01669312 14.30510330 11.66401672
v 48.19009018 14.05361366 11.61614227
v 48.37227631 13.73316193 11.56071663
v 48.83193588 13.26601696 11.76401043
v 48.94433975 12.85052681 11.68731594
v 49.00943375 12.75599575 11.73099518
v 49.09386444 12.28438377 11.66534233
v 49.22574615 11.99121666 11.84507561
v 49.24020386 11.56022739 11.80974579
v 49.25816727 11.49024296 11.87734032
v 49.26133728 11.08400440 11.87598038
v 49.28141785 11.28973866 12.09040928
v 49.28107452 10.68014240 12.07065773
v 49.23572922 10.68014240 11.76419258
v 49.24737930 11.12221527 11.81068134
v 49.18631363 11.23207951 11.62806797
v 49.15481567 11.76709366 11.62709999
v 49.12434006 11.82435417 11.58275890
v 49.04729080 12.36480808 11.62244415
v 48.75820160 12.79020405 11.43646240
v 48.56417847 13.31980133 11.49901104
v 48.92630005 12.14308453 11.38595486
v 49.16493988 11.26196098 11.58210182
v 49.02449036 11.43013191 11.36815929
v 49.11343765 10.68014240 11.47954941
v 49.25182343 11.89352131 11.91255760
v 49.28348923 11.95583820 12.20891666
v 49.23955154 12.28441334 11.98123741
v 49.22181320 12.65151310 12.07929611
v 49.16806793 12.78238583 12.00802708
v 49.13039780 13.12372112 12.12071991
v 48.81859207 13.51287079 11.89713192
v 48.72640991 13.80025578 11.98178005
v 48.61466599 13.89332962 11.91863346
v 48.51551056 14.12538242 11.98943424
v 49.28852844 12.66593838 12.49762726
v 49.20053864 12.98822403 12.20036221
v 49.09102249 13.42246723 12.24427319
v 49.05205536 13.68054295 12.37464333
v 49.29430389 13.15242577 12.82866764
v 49.22677994 13.42655468 12.59282589
v 49.17764664 13.28820419 12.33755207
v 48.72056198 13.61079311 11.84282398
v 48.91449356 13.16658497 11.81159592
v 49.20103455 12.40253258 11.91338730
v 47.77011490 14.74202061 11.86788750
v 47.92897034 14.71317577 11.95971775
v 48.01548386 14.67957497 11.99843311
v 48.10024261 14.64513302 12.03999901
v 48.34766388 14.68588543 12.35303783
v 48.41743088 14.65615463 12.40639687
v 48.66451263 14.71039772 12.85607719
v 48.86192703 14.60587025 13.08803272
v 49.03598785 14.66363907 13.66766548
v 49.09753036 14.60674095 13.76473236
v 49.18470764 14.62865257 14.38267040
v 49.21932983 14.56470394 14.43297863
v 49.18814468 14.67297649 15.04819965
v 49.26654053 14.45112991 14.51010036
v 49.29630280 14.39625072 15.05076504
v 49.31036377 14.27980423 14.61454773
v 49.33316422 14.10145283 15.05486679
v 49.32219315 14.06204224 14.42646599
v 49.29918289 14.25695324 14.19153214
v 49.28186417 14.18552589 13.78611469
v 49.16890335 14.36628056 13.52672386
v 49.08641815 14.26888371 13.10133171
v 48.90668106 14.39999390 12.87923622
v 48.76879120 14.30723763 12.51376438
v 48.62589264 14.39144230 12.39000893
v 48.48169327 14.46895695 12.27731609
v 48.18337631 14.60980129 12.08447933
v 48.99612808 14.15270329 12.73835182
v 49.22503281 13.91983128 13.06035519
v 49.30414581 13.66577053 13.39244461
v 49.25632477 14.07018661 13.40496540
v 49.31216812 13.90974140 13.85214043
v 49.01531982 14.91466331 15.04732609
v 49.06067276 14.79694271 14.21209240
v 49.14627075 14.68867207 14.32915878
v 48.97365570 14.89962864 14.18414688
v 49.03615570 14.82334232 14.17843914
v 48.86262512 14.78850651 13.41269493
v 48.82325745 14.81182671 13.35809231
v 48.55290222 14.76099491 12.73922253
v 48.49536133 14.78517914 12.68296242
v 48.20420837 14.74313927 12.25363636
v 48.28142929 14.78822708 12.39651966
v 48.01985168 14.75986004 12.08824062
v 48.80881119 14.86764908 13.43836784
v 48.98530579 14.87305546 14.10828686
v 49.01102448 14.84870243 14.14383411
v 48.78287506 14.83425808 13.30340862
v 48.55431366 14.82588196 12.83535099
v 48.27663422 14.71485901 12.30212879
v 48.66870117 14.53717804 12.62758255
v 48.78937531 14.47143841 12.75013638
v 48.95460510 14.54730892 13.20850754
v 49.15367889 14.54493523 13.85817814
v 48.90100861 14.76421738 13.46714211
v 48.60926056 14.73609638 12.79694653
v 49.23124695 14.43214989 14.00283909
v 49.04194641 14.48350906 13.32971859
v 47.28088379 14.94457912 11.79129028
v 47.69806290 14.96922874 12.06587124
v 47.26435471 15.11935139 11.98566914
v 47.70061874 15.10484695 12.23957062
v 47.23704147 15.19978714 12.07038212
v 47.65647125 15.22396469 12.41916180
v 47.15699768 15.27282333 12.16773415
v 47.54469681 15.28992271 12.59261322
v 46.99060440 15.33327866 12.30073929
v 47.46202469 15.32200718 12.89812565
v 46.74732590 15.37270737 12.47689819
v 48.13539505 14.97980690 12.47612762
v 48.13309860 15.10356331 12.66802788
v 48.33135605 15.10866070 12.96972370
v 48.24588013 15.20750427 13.17311859
v 48.38045883 15.20907593 13.52104187
v 48.25677109 15.25800514 13.68706226
v 48.33202744 15.25987720 14.05333424
v 48.17018890 15.28684902 14.17653465
v 48.36418915 15.26597404 14.45591068
v 48.23052597 15.29732800 15.05486679
v 48.52136993 15.23671150 15.05076504
v 48.50208282 15.22561264 14.36202812
v 48.67252731 15.14814854 14.26338577
v 48.61859512 15.13087845 13.76949120
v 48.72179413 15.03032207 13.63908577
v 48.55950165 15.00978756 13.16725063
v 48.35493088 14.99245071 12.77958584
v 48.81180191 15.05233955 14.18513107
v 48.78842545 15.10649490 15.04819965
v 48.04633331 15.28884888 13.71600628
v 48.13604736 15.26035404 13.35651398
v 48.07356644 15.20975399 12.87415314
v 47.88803482 15.29605103 13.39274883
v 47.97306824 15.26670551 13.06300735
v 48.49980927 15.11779976 13.33775616
v 48.46714783 15.21492004 13.91657925
v 46.72023392 15.02834892 11.66856098
v 46.98194504 14.96537781 11.68702793
v 46.97985077 15.06235981 11.79559135
v 46.96574402 15.12461758 11.86448956
v 46.58205032 15.21927261 11.85986710
v 46.48279190 15.30049706 11.93705463
v 45.96690750 15.37529945 11.94612503
v 45.73179626 15.43333244 12.03534698
v 45.12922668 15.49182606 12.10498619
v 45.06028366 15.50037193 12.13347816
v 44.43578720 15.55605030 12.27058411
v 44.82197952 15.52557850 12.27218342
v 43.93431473 15.60118198 12.47039127
v 46.90766525 15.22789764 11.96789074
v 46.27502060 15.37683678 12.03016853
v 45.65607834 15.44522190 12.06469631
v 46.75078964 15.32325554 12.07801151
v 46.20174408 15.39227867 12.06101799
v 45.73770523 15.45073223 12.24744034
v 46.68752289 15.34247589 12.11301613
v 43.80070496 15.61168003 12.47318459
v 43.16629410 15.66844463 12.74749470
v 43.15029907 15.66822147 12.70657730
v 43.13419342 15.66639423 12.66574192
v 43.92995453 15.59767628 12.38652420
v 43.83058929 15.60870266 12.45453358
v 44.48836899 15.55053043 12.24495316
v 43.11800003 15.66296768 12.62504482
v 43.99494171 15.58478355 12.32111359
v 43.98227310 15.58901501 12.34001064
v 44.76961899 15.50436401 12.10243130
v 44.66308975 15.52729130 12.15789700
v 45.49450684 15.40975189 11.95543861
v 45.35488129 15.45192432 12.01399231
v 46.09946823 15.31371593 11.88296032
v 43.99642563 15.57937145 12.30026054
v 44.65346146 15.49247646 12.08695602
v 44.85410309 15.47103596 12.04566002
v 45.36014557 15.38007832 11.91148567
v 45.60591125 15.34850597 11.88053131
v 45.92785645 15.26521206 11.79704094
v 46.18611145 15.22541809 11.78425789
v 46.36809158 15.14971924 11.72218418
v 46.62946701 15.10013008 11.72663593
v 46.61203384 15.17168617 11.80948353
v 46.14661026 15.27795315 11.84588146
v 45.54972839 15.38495445 11.92626572
v 44.81074524 15.49094963 12.07843113
v -23.82706642 17.60856247 15.38474751
v -23.78939247 17.62048340 15.45275307
v -23.40939331 17.65608788 15.58774185
v -23.78033257 17.63000298 15.52698803
v -23.44312668 17.66322708 15.67252731
v -23.77655220 17.63244057 15.54799747
v -23.75403976 17.64224815 15.65001869
v -23.88034630 17.62993240 15.60067177
v -23.86973381 17.63265610 15.62994766
v -24.11705017 17.60654068 15.53227139
v -23.82659912 17.63999176 15.74125957
v -24.15328789 17.61236191 15.67945671
v -24.34647179 17.57765579 15.43415546
v -24.48512459 17.58502769 15.65837479
v -24.55138397 17.55051994 15.36186409
v -24.36658669 17.56678772 15.37032223
v -24.42992401 17.51165199 15.11215591
v -24.20170403 17.56655121 15.29314232
v -24.21173477 17.55896187 15.25458241
v -23.92955208 17.61069489 15.44863415
v -23.94849586 17.59658051 15.35732269
v -24.17246628 17.53526688 15.11470509
v -24.23300743 17.53255844 15.12670994
v -24.43751144 17.49987030 15.06350327
v -24.60103798 17.48532104 15.06985188
v -24.41729927 17.44570541 14.84362984
v -24.44645309 17.46006012 14.90761375
v -24.58951759 17.34686279 14.61586761
v -24.61460114 17.41405869 14.82176876
v -23.74824715 17.64398384 15.67436886
v -23.51000595 17.66749763 15.84284687
v -23.47667885 17.66703033 15.75760078
v -23.92228317 17.61444092 15.47471523
v -24.13532066 17.60035515 15.48710251
v -24.69394875 17.54010582 15.36710739
v -24.92820168 17.52411461 15.39125633
v -24.81708908 17.55840111 15.67833138
v -25.18789101 17.50713348 15.44839096
v -25.14415741 17.53288651 15.73902512
v -25.28028679 17.50081444 15.47692776
v -25.46137810 17.50886917 15.83953762
v -25.58942795 17.46565056 15.49957848
v -25.29798508 17.48371506 15.37814713
v -25.71039963 17.37000656 15.16783333
v -25.37042046 17.32621384 14.86357594
v -25.82170486 17.22398567 14.85140705
v -25.38415146 17.25110626 14.69882774
v -25.25008202 17.33143806 14.82574844
v -25.04211235 17.27600479 14.62207127
v -24.95694160 17.34793091 14.76251125
v -24.79345512 17.30801964 14.60527706
v -24.73674011 17.37282562 14.74925232
v -24.70820045 17.51947403 15.26059532
v -24.93730927 17.50485992 15.28648758
v -25.20186996 17.48967552 15.34755707
v -25.92095757 17.03071404 14.55707359
v -25.53062439 17.14960289 14.56626987
v -25.35796356 17.16358757 14.51859951
v -24.89408112 17.21978378 14.45342445
v -24.73529816 17.22417259 14.39495277
v -24.87766838 17.05166817 14.14792156
v -25.17559814 16.87604332 14.02245998
v -25.00958824 16.81901360 13.88211727
v -25.22752762 16.78807068 13.93852997
v -25.11389351 16.54598045 13.65063095
v -25.43142509 16.54760551 13.79406643
v -25.64804459 16.75846100 14.08714962
v -25.75197792 16.53890800 13.93034935
v -25.77836609 16.74760246 14.13493824
v -26.07511139 16.51989746 14.05929375
v -26.00603485 16.79433060 14.29113770
v -25.74116325 16.82495689 14.20202637
v -25.60454750 16.83712959 14.15437889
v -24.82988358 16.76808548 13.74092674
v -24.64749908 16.73357964 13.61954784
v -24.79981804 16.53403473 13.50024033
v -24.44476891 16.70212364 13.49620342
v -24.48963165 16.51178169 13.34310150
v -24.33340454 16.68591690 13.43154335
v -24.18376160 16.47925758 13.17943001
v -24.06690216 16.70770645 13.34048462
v -24.31039429 16.74894905 13.48661327
v -23.93977356 16.91073799 13.52595901
v -24.16555977 17.04087257 13.80192184
v -23.80424118 17.08536720 13.73312855
v -24.13739204 17.13448143 13.94738293
v -24.29054832 17.06736565 13.89904404
v -24.48142052 17.12903404 14.09470367
v -24.62772942 16.80534363 13.69106770
v -24.80256844 16.84879112 13.82494450
v -24.60882568 17.19350052 14.27633381
v -24.38281631 17.20219994 14.18827438
v -24.52321243 17.27751923 14.41591072
v -24.42452812 16.76722336 13.55588818
v -23.66229630 17.22903252 13.95895100
v -23.99971199 17.20932770 14.03490448
v -24.08582878 17.22480011 14.10321999
v -24.28188705 17.28085518 14.31656742
v -24.39223480 17.34082985 14.51542282
v -24.38679695 17.38894844 14.64875984
v -24.14524078 17.43641281 14.71379566
v -23.94088173 17.44182968 14.66341591
v -23.86133957 17.40325546 14.49822807
v -23.73611832 17.36909485 14.34360981
v -23.66656113 17.39450836 14.40761471
v -23.68485069 17.35947037 14.29856396
v -23.62157440 17.38543510 14.36608982
v -23.51602364 17.33962440 14.20011044
v -23.36757088 17.41551590 14.45306492
v -23.51082611 17.44209671 14.57087421
v -23.77410316 17.42622757 14.55076218
v -23.84011459 17.46213913 14.70821476
v -23.87666702 17.48456955 14.80951786
v -23.62259102 17.51931000 14.91308308
v -23.59995270 17.47837257 14.73164654
v -35.05826950 16.67359924 18.77736092
v -35.16957474 16.52757835 18.46093369
v -35.55086899 16.57167244 18.78665352
v -36.01506042 16.44791031 18.79292107
v -36.00829315 16.51969337 18.96623993
v -36.85369492 16.27865982 19.09897423
v -36.67744064 16.39758492 19.22305107
v -36.96508789 16.32357979 19.33413124
v -36.80904770 16.41530228 19.42786598
v -37.05683899 16.34890747 19.53440857
v -36.86853027 16.44811630 19.63378143
v -37.25042343 16.37723160 19.99468803
v -36.72613144 16.60043144 20.24434662
v -37.47903061 16.05469704 19.32208443
v -37.21684265 16.24437141 19.43484879
v -37.93834686 15.78708267 19.50097847
v -37.65317154 16.10205841 19.75333595
v -36.15570068 16.72155380 20.50571060
v -36.27848434 16.66242218 19.90786362
v -36.43326569 16.61813927 19.83631516
v -36.62919235 16.50167847 19.52203941
v -36.53018951 16.47737122 19.31311989
v -35.77963638 16.74441719 20.06625366
v -36.09063339 16.68397141 19.78487968
v -36.22812653 16.64702225 19.71578026
v -36.01115036 16.67368889 19.59550858
v -36.36529922 16.55150795 19.40457726
v -35.78947449 16.63271141 19.15739059
v -35.90171051 16.57917404 19.06006622
v -35.48070908 16.62395287 18.89174080
v -35.89314270 16.70425415 19.66444016
v -35.32490540 16.77511978 19.70939636
v -35.48170090 16.74002457 19.43851089
v -35.20041656 16.76188087 19.30730247
v -35.25485992 16.74325752 19.22692680
v -34.93729782 16.76924324 19.10910606
v -35.40769196 16.67025185 19.00027084
v -34.80924988 16.81246185 19.44906425
v -35.55926132 16.71831703 19.36388016
v -36.43842697 16.70742035 21.01062393
v -36.91271973 16.60465050 20.70912361
v -37.09604645 16.53879166 20.62545395
v -37.54403687 16.31136894 20.40434265
v -37.89192963 16.04902458 20.19797325
v -38.07413101 15.83124065 19.97443390
v -38.18607712 15.86294079 20.55754662
v -38.27871323 15.89394951 21.32322693
v -38.04663849 16.10618973 21.27758408
v -37.97947693 16.07416344 20.68069649
v -38.07128143 16.12531471 21.70396805
v -38.31879425 15.90997505 22.12052536
v -37.84609604 16.30962563 22.12234306
v -37.70984650 16.37800789 21.74965477
v -37.28972626 16.58090782 22.12768936
v -37.29748154 16.56821251 21.80201721
v -37.13224030 16.62064552 21.82404137
v -37.10787582 16.61507988 21.52858353
v -36.61677933 16.70257187 21.56129265
v -37.02830124 16.60917664 21.10150719
v -36.68380356 16.70719337 22.13623238
v -37.20100403 16.54895592 21.03491592
v -37.63040161 16.33369064 20.85420036
v -37.27538681 16.55994797 21.48796844
v -37.69179535 16.36089134 21.38087082
v -38.67884445 15.40646076 22.12234306
v -38.51018906 15.65447712 21.73411560
v -38.47641373 15.65303230 21.31214523
v -38.40285873 15.63693619 20.69050407
v -38.36276627 15.62619877 20.41910553
v -38.63074875 15.24961376 20.63365555
v -38.60115814 15.23158169 20.38900566
v -38.82876587 14.75053501 20.63926125
v -38.61529541 14.99693203 19.87187004
v -38.85309982 14.41043472 20.11007690
v -38.32250977 15.61288166 20.17844009
v -38.30266190 15.45487309 19.67277336
v -38.88857269 14.55543423 20.73353195
v -38.95013428 13.78063869 20.36984062
v -38.95959473 14.00033474 20.91177368
v -38.89978027 14.59869766 20.96850204
v -38.96891022 14.14300346 21.44541359
v -38.91010284 14.63477612 21.20954514
v -38.92540741 14.67852974 21.65817070
v -38.88302994 14.85048103 21.61020279
v -38.89345932 14.84996605 21.88916016
v -38.73584747 15.27542114 21.81462860
v -38.90417480 14.82995033 22.12768936
v -38.97478485 14.19648075 21.78204346
v -38.93257904 14.68073940 21.91445351
v -38.98096848 14.21578693 22.13623238
v -38.71231461 15.28055668 21.46426010
v -38.66045380 15.26387405 20.90124130
v -38.86005402 14.81413651 21.13039970
v -38.84493256 14.78499508 20.87970352
v -38.94101334 13.49607372 19.84721756
v -38.87929535 13.99155235 19.61269569
v -38.83041763 14.18236256 19.54853821
v -38.63395691 14.69267845 19.39159393
v -38.51487350 14.91460705 19.32206726
v -38.38814545 15.10460186 19.25625229
v -38.50015640 14.65264988 18.91267204
v -38.33353043 14.88807964 18.83287239
v -38.44067383 14.23481178 18.33393669
v -38.16052246 15.40060711 19.21101570
v -38.57557297 14.12171078 18.50972748
v -38.45140839 13.61661053 17.82882690
v -38.70617676 13.33262825 18.16642570
v -38.86623764 13.02231789 18.53738976
v -38.74316788 13.79262829 18.66595078
v -38.66446304 13.96186161 18.58436394
v -38.60522842 14.46559620 18.97056389
v -38.92493820 12.69856358 18.92631531
v -38.89231110 13.31635284 18.93281174
v -38.86336899 13.44163322 18.85503960
v -38.85364914 13.80477428 19.17847252
v -38.70150375 14.25641060 19.03241348
v -38.92826843 12.91267967 19.11702538
v -38.93267441 13.15038490 19.36957550
v -38.88984299 13.64486313 19.24168968
v -38.11250687 13.86247063 17.53861237
v -38.27294540 14.38947773 18.19809914
v -38.12797165 15.11364555 18.75088310
v -38.19079971 14.89112663 18.58721733
v -37.95376968 14.87468147 18.26240921
v -38.02160263 14.44781208 17.92803001
v -37.65459442 14.83919239 17.94365501
v -37.71932602 14.49176407 17.68045616
v -37.52692413 14.82299614 17.83235741
v -37.59113693 14.50432968 17.59525490
v -37.15678787 14.78338718 17.58790779
v -37.24150848 14.20099926 17.14607048
v -37.76038742 15.72921181 19.08416176
v -38.05458450 15.31285000 18.89323235
v -37.82579803 15.25749683 18.53369331
v -37.89603806 15.07396603 18.40704155
v -37.52531815 15.17432308 18.16852379
v -37.59716034 15.01071644 18.06255531
v -37.39593124 15.13598728 18.03557396
v -37.46915817 14.98225021 17.93969727
v -37.49721527 15.64184093 18.66624641
v -37.14775848 15.51038742 18.24246979
v -36.99509811 15.07207489 17.75335884
v -36.76091385 15.32688332 17.85846329
v -37.70354462 14.06000137 17.30783272
v -33.37232590 9.40432835 13.67272568
v -33.38713074 9.43864441 13.54006195
v -33.27824402 9.31509113 13.61625099
v -33.32813644 9.45488262 13.40909863
v -33.25713730 9.39119911 13.37550831
v -33.28054047 9.54866409 13.28622341
v -33.19323349 9.47338772 13.25186920
v -33.19286728 9.67660999 13.19428539
v -33.08513641 9.58385658 13.15930653
v -33.08411789 9.80796242 13.16226196
v -32.95691681 9.69592857 13.12693405
v -32.96736908 9.92901134 13.18777943
v -32.82349014 9.79806995 13.15237141
v -32.86141968 10.02240849 13.26028633
v -32.70584869 9.87581253 13.22506618
v -32.77891541 10.08145714 13.35778046
v -32.61708832 9.92392826 13.32296085
v -32.52790451 9.95147705 13.50621605
v -32.54675293 9.83661842 13.30782509
v -32.33889771 9.66223526 13.46690845
v -32.48353577 9.74384975 13.29422092
v -32.42784500 9.64617062 13.28223515
v -32.52293396 9.61442661 13.18372631
v -32.40877533 9.31665325 13.15796280
v -32.54668808 9.29008293 13.08467197
v -32.51031876 9.00000000 13.07581520
v -32.71057510 9.25420380 13.05929852
v -32.72552490 9.00000000 13.05379200
v -32.87559128 9.21398258 13.09243393
v -32.93006897 9.00000000 13.12476921
v -33.02347946 9.17344952 13.18647480
v -33.07464600 9.00000000 13.26021004
v -33.12022018 9.14247131 13.31196117
v -33.14745712 9.00000000 13.41222477
v -33.17914581 9.11188698 13.55635452
v -33.16646576 9.00000000 13.54866028
v -33.36722946 9.48190594 13.42778492
v -33.37318802 9.51880932 13.39212894
v -33.32839966 9.58019638 13.30527496
v -33.31363297 9.65505695 13.26038265
v -33.25190353 9.71544361 13.21363831
v -33.15399933 9.85522175 13.18179512
v -33.04669952 9.98482513 13.20737171
v -32.94754410 10.08556175 13.27981091
v -32.86885452 10.14996433 13.37713051
v -32.86816025 10.19381332 13.44035816
v -32.81517792 10.21499348 13.56583786
v -33.20626450 9.83104706 13.19183064
v -33.07495880 10.00242615 13.21436214
v -32.95506668 10.12726116 13.31171894
v -32.31030655 9.33237076 13.25693607
v -32.22242737 9.33960533 13.44264221
v -32.23291779 9.00000000 13.30591869
v -32.18307877 9.00000000 13.43443680
v -32.33867264 9.00000000 13.17458248
v -33.17303848 9.27568722 13.33628750
v -33.21679306 9.21861935 13.57915878
v -33.19790649 9.31665325 13.34782219
v -33.22601700 9.35523891 13.36092377
v -32.63799286 9.79396534 13.20972061
v -32.57687378 9.70665932 13.19590855
v -32.76049805 9.72437477 13.13691711
v -32.70364380 9.64542866 13.12299347
v -32.65336990 9.56173038 13.11070156
v -32.90104294 9.63238430 13.11150551
v -32.85051727 9.56403732 13.09759903
v -32.80576706 9.49133205 13.08531761
v -33.03771210 9.53095913 13.14404106
v -32.99477386 9.47390366 13.13028717
v -32.95670319 9.41306877 13.11814499
v -33.15480804 9.43047333 13.23690701
v -33.12001801 9.38419437 13.22344398
v -33.08917618 9.33485889 13.21157169
v -18.60247993 -8.31832218 11.51099968
v -19.03239250 -7.93745279 11.62619400
v -19.03239250 -7.93745279 14.89160061
v -19.59005928 -7.80000019 11.77562046
v -19.59005928 -7.80000019 14.89160061
v -20.14772797 -7.93745279 11.92504787
v -20.14772797 -7.93745279 14.89160061
v -20.57764053 -8.31832218 14.89160061
v -20.78131104 -8.85535622 14.89160061
v -20.71208000 -9.42552567 14.89160061
v -20.38580704 -9.89821243 14.89160061
v -20.38580704 -9.89821243 11.98884106
v -19.87723923 -10.16513062 14.89160061
v -19.87723923 -10.16513062 11.85257053
v -19.30288124 -10.16513062 14.89160061
v -19.30288124 -10.16513062 11.69867134
v -18.79431152 -9.89821243 14.89160061
v -18.79431152 -9.89821243 11.56240082
v -18.46804047 -9.42552567 11.47497654
v -18.39880943 -8.85535622 11.45642567
v -18.46804047 -9.42552567 14.89160061
v -18.39880943 -8.85535622 14.89160061
v -18.60247993 -8.31832218 14.89160061
v -20.71208000 -9.42552567 12.07626534
v -20.78131104 -8.85535622 12.09481525
v -20.57764053 -8.31832218 12.04024220
v -21.60437202 0.98162001 12.31535435
v -21.60437202 1.20134664 12.31535435
v -21.56554985 0.98162001 12.46024323
v -21.56554985 1.20134664 12.46024323
v -22.95681000 0.98162001 12.67773914
v -22.91798782 0.98162001 12.82262802
v -22.81060028 0.77349013 12.63856220
v -22.84332275 0.82843345 12.64733028
v -22.77177811 0.77349013 12.78345108
v -22.80450058 0.82843345 12.79221916
v -22.87802696 0.88187063 12.65662861
v -22.83920479 0.88187063 12.80151749
v -22.91626167 0.93262380 12.66687393
v -22.87743950 0.93262380 12.81176281
v -22.70094299 0.54216689 12.60917950
v -22.72492218 0.60172808 12.61560440
v -22.66212082 0.54216689 12.75406837
v -22.68610001 0.60172808 12.76049328
v -22.75089073 0.66028750 12.62256336
v -22.71206856 0.66028750 12.76745129
v -22.77989388 0.71731776 12.63033485
v -22.74107170 0.71731776 12.77522373
v -22.90610886 0.54216689 12.66415310
v -22.86728668 0.54216689 12.80904198
v -23.10891533 0.86443251 12.71849537
v -23.05037689 0.78917295 12.70281029
v -23.07009315 0.86443251 12.86338425
v -23.01155281 0.78917295 12.84769917
v -22.99619102 0.71096593 12.68829060
v -22.95736694 0.71096593 12.83317947
v -22.94907761 0.62796998 12.67566681
v -22.91025352 0.62796998 12.82055569
v -23.34002113 1.05974507 12.78042030
v -23.27604675 1.01891541 12.76327801
v -23.30119705 1.05974507 12.92530918
v -23.23722458 1.01891541 12.90816689
v -23.21569824 0.97340786 12.74710751
v -23.17687607 0.97340786 12.89199638
v -23.16079330 0.92087311 12.73239613
v -23.12197113 0.92087311 12.87728500
v -23.34002113 1.20134664 12.78042030
v -23.30119705 1.20134664 12.92530918
v -21.80835915 -0.53205186 12.37001228
v -21.80835915 -0.97760850 12.37001228
v -21.76953506 -0.53205186 12.51490116
v -21.76953506 -0.97760850 12.51490116
v -21.81661224 -0.37091905 12.37222385
v -21.81233215 -0.41106153 12.37107658
v -21.77779007 -0.37091905 12.51711273
v -21.77350998 -0.41106153 12.51596546
v -21.80947685 -0.45129445 12.37031174
v -21.77065468 -0.45129445 12.51520061
v -21.80844307 -0.49164301 12.37003517
v -21.76962090 -0.49164301 12.51492405
v -21.86377716 -0.23420030 12.38486099
v -21.84761620 -0.26673347 12.38053131
v -21.82495308 -0.23420030 12.52974987
v -21.80879402 -0.26673347 12.52542019
v -21.83395767 -0.30020934 12.37687111
v -21.79513550 -0.30020934 12.52175999
v -21.82418442 -0.33514920 12.37425232
v -21.78536034 -0.33514920 12.51914120
v -21.95987320 -0.14386827 12.41061020
v -21.93191528 -0.16200720 12.40311909
v -21.92105103 -0.14386827 12.55549908
v -21.89309120 -0.16200720 12.54800797
v -21.90604782 -0.18250898 12.39618778
v -21.86722374 -0.18250898 12.54107666
v -21.88378716 -0.20708445 12.39022350
v -21.84496498 -0.20708445 12.53511238
v -22.10549355 -0.10846787 12.44962978
v -22.06759071 -0.11084544 12.43947315
v -22.06667137 -0.10846787 12.59451866
v -22.02876663 -0.11084544 12.58436203
v -22.03048325 -0.11666358 12.42953014
v -21.99166107 -0.11666358 12.57441902
v -21.99475098 -0.12841517 12.41995525
v -21.95592690 -0.12841517 12.56484413
v -22.27351761 -0.15973741 12.49465084
v -22.23423195 -0.13752137 12.48412418
v -22.23469353 -0.15973741 12.63953972
v -22.19540787 -0.13752137 12.62901306
v -22.19342995 -0.12054262 12.47319221
v -22.15460777 -0.12054262 12.61808109
v -22.15017700 -0.11203279 12.46160221
v -22.11135483 -0.11203279 12.60649109
v -22.37374115 -0.30194932 12.52150631
v -22.35653114 -0.26043406 12.51689434
v -22.33491898 -0.30194932 12.66639519
v -22.31770897 -0.26043406 12.66178322
v -22.33509445 -0.22213161 12.51115036
v -22.29627037 -0.22213161 12.65603924
v -22.30649185 -0.18927261 12.50348663
v -22.26766968 -0.18927261 12.64837551
v -22.40262985 -0.56379014 12.52924633
v -22.40166473 -0.49751905 12.52898788
v -22.36380577 -0.56379014 12.67413521
v -22.36284256 -0.49751905 12.67387676
v -22.39759064 -0.43165120 12.52789593
v -22.35876656 -0.43165120 12.67278481
v -22.38772774 -0.36653295 12.52525425
v -22.34890556 -0.36653295 12.67014313
v -22.40262985 -0.97760850 12.52924633
v -22.36380577 -0.97760850 12.67413521
v -22.60661507 -0.59064561 12.58390427
v -22.60661507 -0.97760850 12.58390427
v -22.56779289 -0.59064561 12.72879314
v -22.56779289 -0.97760850 12.72879314
v -22.62665939 -0.36481553 12.58927536
v -22.61647415 -0.42071271 12.58654594
v -22.58783722 -0.36481553 12.73416424
v -22.57765007 -0.42071271 12.73143482
v -22.60956383 -0.47696468 12.58469486
v -22.57074165 -0.47696468 12.72958374
v -22.60695839 -0.53368264 12.58399677
v -22.56813622 -0.53368264 12.72888565
v -22.71273422 -0.22870713 12.61233902
v -22.68362808 -0.25749022 12.60453987
v -22.67391205 -0.22870713 12.75722790
v -22.64480591 -0.25749022 12.74942875
v -22.65883064 -0.28925154 12.59789562
v -22.62000847 -0.28925154 12.74278450
v -22.64080811 -0.32569513 12.59306622
v -22.60198593 -0.32569513 12.73795509
v -22.86366081 -0.18293077 12.65277958
v -22.82341957 -0.18578210 12.64199734
v -22.82483864 -0.18293077 12.79766846
v -22.78459740 -0.18578210 12.78688622
v -22.78450012 -0.19315201 12.63156796
v -22.74567604 -0.19315201 12.77645683
v -22.74788475 -0.20842023 12.62175751
v -22.70906067 -0.20842023 12.76664639
v -23.01517677 -0.22565538 12.69337845
v -22.97938919 -0.20715022 12.68378925
v -22.97635269 -0.22565538 12.83826733
v -22.94056702 -0.20715022 12.82867813
v -22.94243622 -0.19300333 12.67388725
v -22.90361404 -0.19300333 12.81877613
v -22.90359879 -0.18590762 12.66348076
v -22.86477661 -0.18590762 12.80836964
v -23.10478783 -0.34772569 12.71738911
v -23.08977890 -0.31136742 12.71336746
v -23.06596565 -0.34772569 12.86227798
v -23.05095673 -0.31136742 12.85825634
v -23.07076836 -0.27817112 12.70827389
v -23.03194427 -0.27817112 12.85316277
v -23.04501534 -0.25029895 12.70137310
v -23.00619316 -0.25029895 12.84626198
v -23.12895966 -0.61994249 12.72386646
v -23.12864304 -0.55126220 12.72378063
v -23.09013748 -0.61994249 12.86875534
v -23.08981895 -0.55126220 12.86866951
v -23.12556458 -0.48288357 12.72295666
v -23.08674240 -0.48288357 12.86784554
v -23.11721611 -0.41508168 12.72071934
v -23.07839203 -0.41508168 12.86560822
v -23.12895966 -0.97760850 12.72386646
v -23.09013748 -0.97760850 12.86875534
v -23.33294678 -1.21442485 12.77852440
v -21.60437202 -1.21442485 12.31535435
v -23.29412270 -1.21442485 12.92341328
v -21.56554985 -1.21442485 12.46024323
v -23.33294678 -0.54303819 12.77852440
v -23.29412270 -0.54303819 12.92341328
v -23.28047562 -0.21405870 12.76446438
v -23.30494881 -0.29423273 12.77102280
v -23.24165344 -0.21405870 12.90935326
v -23.26612663 -0.29423273 12.91591167
v -23.32270241 -0.37563232 12.77577877
v -23.28387833 -0.37563232 12.92066765
v -23.33054924 -0.45883825 12.77788162
v -23.29172707 -0.45883825 12.92277050
v -23.11893845 -0.01996689 12.72118092
v -23.16932106 -0.05955738 12.73468113
v -23.08011436 -0.01996689 12.86606979
v -23.13049889 -0.05955738 12.87957001
v -23.21423149 -0.10403670 12.74671459
v -23.17540932 -0.10403670 12.89160347
v -23.25006485 -0.15662593 12.75631618
v -23.21124268 -0.15662593 12.90120506
v -22.89077950 0.05022353 12.66004658
v -22.95112801 0.04432514 12.67621613
v -22.85195732 0.05022353 12.80493546
v -22.91230583 0.04432514 12.82110500
v -23.00964546 0.03197811 12.69189644
v -22.97082138 0.03197811 12.83678436
v -23.06517220 0.00910366 12.70677376
v -23.02634811 0.00910366 12.85166264
v -22.68207741 -0.01203233 12.60412502
v -22.73135376 0.01400345 12.61732769
v -22.64325523 -0.01203233 12.74901390
v -22.69253159 0.01400345 12.76221657
v -22.78219986 0.03436613 12.63095188
v -22.74337769 0.03436613 12.77584076
v -22.83568954 0.04518549 12.64528465
v -22.79686737 0.04518549 12.79017353
v -22.52407837 -0.20002061 12.56178856
v -22.55480766 -0.14502259 12.57002258
v -22.48525429 -0.20002061 12.70667744
v -22.51598358 -0.14502259 12.71491146
v -22.59017563 -0.09425702 12.57949924
v -22.55135345 -0.09425702 12.72438812
v -22.63359642 -0.05083533 12.59113407
v -22.59477234 -0.05083533 12.73602295
v -22.36725616 0.04961318 12.51976871
v -22.42011070 -0.00346329 12.53393078
v -22.32843399 0.04961318 12.66465759
v -22.38128662 -0.00346329 12.67881966
v -22.46527481 -0.06179707 12.54603195
v -22.42645264 -0.06179707 12.69092083
v -22.49820328 -0.12849672 12.55485535
v -22.45938110 -0.12849672 12.69974422
v -22.10549355 0.13689345 12.44962978
v -22.17583847 0.13064167 12.46847820
v -22.06667137 0.13689345 12.59451866
v -22.13701630 0.13064167 12.61336708
v -22.24354935 0.11602905 12.48662090
v -22.20472717 0.11602905 12.63150978
v -22.30677795 0.08718751 12.50356293
v -22.26795578 0.08718751 12.64845181
v -21.87969398 0.08379287 12.38912678
v -21.93407822 0.10643110 12.40369892
v -21.84087181 0.08379287 12.53401566
v -21.89525414 0.10643110 12.54858780
v -21.98959732 0.12391961 12.41857529
v -21.95077515 0.12391961 12.56346416
v -22.04698944 0.13292380 12.43395329
v -22.00816727 0.13292380 12.57884216
v -21.71874619 -0.04743272 12.34600067
v -21.75368881 -0.00775762 12.35536385
v -21.67992401 -0.04743272 12.49088955
v -21.71486664 -0.00775762 12.50025272
v -21.79163933 0.02801410 12.36553288
v -21.75281715 0.02801410 12.51042175
v -21.83431816 0.05765485 12.37696743
v -21.79549408 0.05765485 12.52185631
v -21.63326073 -0.24335557 12.32309532
v -21.64830208 -0.19137049 12.32712555
v -21.59443855 -0.24335557 12.46798420
v -21.60947990 -0.19137049 12.47201443
v -21.66666412 -0.14096168 12.33204556
v -21.62784195 -0.14096168 12.47693443
v -21.69084740 -0.09331582 12.33852577
v -21.65202522 -0.09331582 12.48341465
v -21.60437202 -0.53205186 12.31535435
v -21.60587883 -0.45923358 12.31575775
v -21.56554985 -0.53205186 12.46024323
v -21.56705666 -0.45923358 12.46064663
v -21.61032867 -0.38674697 12.31694984
v -21.57150459 -0.38674697 12.46183872
v -21.62005043 -0.31485477 12.31955528
v -21.58122826 -0.31485477 12.46444416
v -16.46120262 -12.20720959 10.93724632
v -17.85473061 13.50731468 11.31064129
v -18.00401688 13.54819584 11.35064220
v -20.67405891 14.43339539 12.06607723
v -21.42279053 14.28704071 12.26669979
v -18.11329269 13.65849400 11.37992191
v -19.80148888 14.51178837 11.83227253
v -19.04233742 14.47113323 11.62885952
v -18.15328979 13.80866528 11.39063931
v -18.15328979 14.26324368 11.39063931
v -32.52872086 11.25496960 15.24252510
v -32.41844559 11.24329853 15.21297646
v -32.30478668 11.19498444 15.18252182
v -35.02814865 11.19498444 15.91224480
v -34.92701340 11.23978329 15.88514519
v -34.76092911 11.25125980 15.84064293
v -35.67979431 10.61822319 16.08685303
v -36.10292435 9.85779190 16.20022964
v -36.24951553 9.00000000 16.23950768
v -36.10292435 8.14220810 16.20022964
v -36.71063232 4.30893326 16.36306381
v -35.67979431 7.38177681 16.08685303
v -35.98864365 4.21208429 16.16960907
v -35.02814865 6.80501604 15.91224480
v -35.77283096 4.11846542 16.11178207
v -34.91448212 6.75670099 15.88178730
v -35.71650696 4.06531239 16.09668922
v -34.80420303 6.74503279 15.85223866
v -35.70227432 4.03792048 16.09287643
v -34.70314026 6.76114893 15.82515907
v -35.69751740 4.01029348 16.09160042
v -34.58025360 6.82221270 15.79223156
v -32.76565552 6.83198118 15.30601120
v -34.48116302 6.92693615 15.76568031
v -32.86518860 6.94910431 15.33268070
v -34.43548203 7.02335835 15.75343895
v -32.90276337 7.04094839 15.34274864
v -34.41646576 7.14537716 15.74834442
v -32.91646576 7.14537716 15.34642124
v -34.41646576 7.26486158 15.74834442
v -32.91646576 7.26486158 15.34642124
v -33.66646576 8.50000000 15.54738331
v -32.84341431 7.61618805 15.32684612
v -33.41646576 8.56698704 15.48039532
v -33.23345566 8.75000000 15.43135738
v -32.63873291 7.90740633 15.27200222
v -32.28958511 8.40485382 15.17844868
v -35.69751740 -4.01029348 16.09160042
v -32.38401413 6.76714993 15.20375061
v -32.52608871 6.74488163 15.24181843
v -32.64034653 6.76458645 15.27243423
v -35.70227432 -4.03792048 16.09287643
v -34.45172119 -6.58298731 15.75779152
v -33.66646576 -6.50607443 15.54738331
v -33.61043930 -6.50270033 15.53237057
v -35.71650696 -4.06531239 16.09668922
v -35.17114639 -6.91777134 15.95056057
v -35.77283096 -4.11846542 16.11178207
v -35.98864365 -4.21208429 16.16960907
v -35.74798584 -7.47470856 16.10512352
v -36.71063232 -4.30893326 16.36306381
v -36.12069702 -8.19437790 16.20499229
v -36.24951553 -9.00000000 16.23950768
v -36.12069702 -9.80562210 16.20499229
v -35.74798584 -10.52529144 16.10512352
v -35.17114639 -11.08222866 15.95056057
v -34.45172119 -11.41701221 15.75779152
v -33.66646576 -11.49392605 15.54738331
v -33.61043930 -11.49730015 15.53237057
v -33.55435181 -11.49932480 15.51734161
v -33.49823380 -11.50000000 15.50230503
v -32.67232132 -11.34923172 15.28100204
v -31.94602203 -10.91511154 15.08639145
v -31.40694427 -10.25000000 14.94194508
v -31.12010765 -9.43412018 14.86508751
v -18.11329269 -13.65849400 11.37992191
v -18.15328979 -13.80866528 11.39063931
v -18.00401688 -13.54819584 11.35064220
v -17.85473061 -13.50731468 11.31064129
v -16.60398483 -12.88766098 10.97550488
v -16.96984100 -13.50317574 11.07353497
v -31.12010765 -8.56587982 14.86508751
v -31.65314102 7.38177681 15.00791359
v -31.08341980 9.00000000 14.85525799
v -31.23001099 8.14220810 14.89453602
v -31.94602203 -7.08488894 15.08639145
v -31.40694427 -7.75000000 14.94194508
v -32.30478668 6.80501604 15.18252182
v -32.67232132 -6.65076828 15.28100204
v -33.41646576 9.43301296 15.48039532
v -32.84337234 10.38372421 15.32683563
v -33.66646576 9.50000000 15.54738331
v -32.91646576 10.73513794 15.34642124
v -34.41646576 10.73513794 15.74834442
v -34.41646576 10.85462284 15.74834442
v -32.91646576 10.85462284 15.34642124
v -32.89744949 10.97665787 15.34132576
v -33.23345566 9.25000000 15.43135738
v -32.63873291 10.09259415 15.27200222
v -32.28958511 9.59514618 15.17844868
v -33.16646576 9.00000000 15.41340828
v -32.16646576 9.00000000 15.14545918
v -34.48956299 7.61627626 15.76793003
v -33.91646576 8.56698704 15.61437035
v -34.09947968 8.75000000 15.66340828
v -34.16646576 9.00000000 15.68135738
v -35.04335022 8.40485382 15.91631699
v -34.69420242 7.90740633 15.82276344
v -34.09947968 9.25000000 15.66340828
v -35.04335022 9.59514618 15.91631699
v -35.16646576 9.00000000 15.94930649
v -33.91646576 9.43301296 15.61437035
v -34.48952484 10.38381290 15.76792049
v -34.69420242 10.09259415 15.82276344
v -34.45840454 11.03337383 15.75958157
v -32.85175705 11.07308578 15.32908249
v -34.54354477 11.14748859 15.78239441
v -32.75266647 11.17780018 15.30253029
v -34.65171432 11.21956348 15.81137848
v -32.62978363 11.23885536 15.26960468
v -31.65314102 10.61822319 15.00791359
v -31.23001099 9.85779190 14.89453602
v -33.55435181 -6.50067520 15.51734161
v -33.49823380 -6.50000000 15.50230503
v -32.91646576 10.85462284 14.00056171
v -32.89764786 10.97603703 13.99551964
v -32.85250473 11.07193851 13.98342323
v -32.75425339 11.17663193 13.95709610
v -32.63172531 11.23827744 13.92426586
v -32.53019333 11.25491714 13.89705944
v -32.41933060 11.24352074 13.86735535
v -32.30478668 11.19498444 13.83666229
v -31.65314102 10.61822319 13.66205406
v -31.23001099 9.85779190 13.54867744
v -31.08341980 9.00000000 13.50939846
v -31.23001099 8.14220810 13.54867744
v -31.65314102 7.38177681 13.66205406
v -32.30478668 6.80501604 13.83666229
v -32.91646576 7.26486158 14.00056171
v -32.84337616 7.61627674 13.98097706
v -32.63873291 7.90740633 13.92614269
v -34.21923828 10.39443398 14.34963799
v -34.66898346 10.11431885 14.09397984
v -34.69420242 10.09259415 14.47690487
v -35.02808380 9.62741184 14.16500473
v -35.16646576 9.00000000 14.19210529
v -35.07058334 8.47482300 14.17334080
v -34.81351852 8.03378773 14.12265396
v -34.69420242 7.90740633 14.47690487
v -34.44872284 7.72103357 14.04992390
v -34.21923828 7.60556650 14.34963799
v -34.03181839 7.54516029 13.96561909
v -33.66646576 7.50000000 14.20152378
v -33.59877777 7.50080013 13.87702465
v -33.18091202 7.57963085 13.79066849
v -34.18867874 10.40565300 13.99748421
v -33.66646576 10.50000000 14.20152378
v -33.66759872 10.50010300 13.89113712
v -33.24584579 10.44020176 13.80408478
v -33.11369705 10.39443398 14.05340958
v -32.86380005 10.26616478 13.72446251
v -32.63873291 10.09259415 13.92614269
v -32.54547501 9.99537754 13.65759277
v -32.18637848 9.24554634 13.58167171
v -32.31290054 9.64779282 13.60846424
v -32.17695999 8.82218552 13.57967758
v -32.28546524 8.41440773 13.60266972
v -32.50201416 8.05611801 13.64846611
v -32.80767441 7.77100134 13.71276760
v -33.11369705 7.60556650 14.05340958
v -32.84341049 10.38381290 13.98098660
v -32.91646576 10.73513794 14.00056171
v -32.38255310 6.76766205 13.85750008
v -32.52039337 6.74477100 13.89443398
v -32.63269043 6.76217508 13.92452431
v -32.76058960 6.82801104 13.95879459
v -32.86314011 6.94551992 13.98627281
v -32.90213394 7.03862572 13.99672127
v -32.91646576 7.14537716 14.00056171
v -34.41646576 7.14537716 14.40248585
v -34.43529892 7.02393055 14.40753174
v -34.48046875 6.92800713 14.41963482
v -34.57873154 6.82333326 14.44596481
v -34.70124817 6.76171255 14.47879314
v -34.80276489 6.74508333 14.50599289
v -34.91361237 6.75648260 14.53569603
v -35.02814865 6.80501604 14.56638527
v -35.67979431 7.38177681 14.74099350
v -36.10292435 8.14220810 14.85437107
v -36.24951553 9.00000000 14.89364910
v -36.10292435 9.85779190 14.85437107
v -35.67979431 10.61822319 14.74099350
v -35.02814865 11.19498444 14.56638527
v -34.41646576 10.85462284 14.40248585
v -34.43080521 10.96138763 14.40632725
v -34.46980667 11.05450344 14.41677761
v -34.57239914 11.17203617 14.44426823
v -34.70034409 11.23785973 14.47854996
v -34.81261444 11.25523281 14.50863361
v -34.95039368 11.23233509 14.54555130
v -34.41646576 10.73513794 14.40248585
v -34.48956299 10.38372421 14.42207146
v -34.48952103 7.61618757 14.42206097
v -34.41646576 7.26486158 14.40248585
v -33.09194183 10.36858559 13.62295818
v -33.17140961 10.31054020 13.44221020
v -33.44463348 10.46854591 13.69536877
v -33.51063919 10.39361668 13.51514816
v -33.82444382 10.47654629 13.77310562
v -33.86958313 10.38874054 13.59226131
v -34.20960999 10.38174152 13.85145473
v -34.22724915 10.28767300 13.66899490
v -34.57157135 10.17644024 13.92456150
v -34.55737686 10.08662605 13.73967266
v -34.87519455 9.86291504 13.98503876
v -34.82876968 9.79031944 13.79762650
v -35.07873535 9.45800591 14.02565670
v -35.00880432 9.41728783 13.83597279
v -35.15208817 9.00000000 14.03980732
v -35.07219696 9.00000000 13.84945297
v -35.00880814 8.58271599 13.83597374
v -34.91978073 8.62173939 13.73250580
v -34.76047134 8.28061867 13.69553089
v -34.65500259 8.37361717 13.61793327
v -34.44776917 8.12775993 13.56324863
v -34.35160065 8.26753712 13.53464031
v -34.13599014 8.11270618 13.46793365
v -34.06806183 8.27131176 13.49823570
v -33.86761475 8.19227314 13.42479515
v -33.82788849 8.34452915 13.51512146
v -33.65588379 8.32542419 13.44033241
v -33.63840103 8.43195724 13.56143379
v -33.48587799 8.35127735 13.36914349
v -33.49678802 8.45776749 13.49073219
v -33.32840347 8.41979885 13.30527496
v -33.36722946 8.51809025 13.42778587
v -33.19323349 8.52660942 13.25186920
v -33.25714111 8.60879803 13.37550926
v -33.08917999 8.66513920 13.21157169
v -33.17303848 8.72431087 13.33628750
v -33.02347946 8.82654953 13.18647385
v -33.12022018 8.85752773 13.31196117
v -33.21679306 8.78137970 13.57915974
v -33.23549271 10.23091507 13.34522724
v -33.55507660 10.30137825 13.41809464
v -33.31024933 10.11061192 13.27282524
v -33.59959030 10.16674423 13.34539127
v -33.63559341 10.00181961 13.31911182
v -33.89144516 9.97811413 13.39429092
v -33.86761093 9.80772495 13.42479324
v -34.13598633 9.88729000 13.46793365
v -34.06805801 9.72868538 13.49823570
v -34.35159302 9.73246479 13.53463936
v -34.24263763 9.59809875 13.56488800
v -34.52074814 9.52231693 13.58843136
v -34.37778854 9.42424870 13.61873722
v -34.62848663 9.27191353 13.62352276
v -34.46282196 9.22000694 13.65392113
v -34.66550064 8.99999905 13.63575554
v -34.49181366 8.99999905 13.66619682
v -34.46282578 8.78000355 13.65392208
v -34.31130600 8.82136726 13.74751377
v -34.24221039 8.65555286 13.71142960
v -34.14663696 8.69950390 13.83631325
v -34.04823685 8.58001137 13.77982140
v -33.96541214 8.59920025 14.01944160
v -33.70982361 8.50187778 13.87207508
v -33.38478851 9.95947647 13.24698162
v -33.65567398 9.83144665 13.34996223
v -33.82788467 9.65546894 13.51511955
v -33.99062729 9.59144402 13.58900166
v -34.13241196 9.48553467 13.65651417
v -34.24220657 9.34445190 13.71142769
v -34.31130600 9.17864227 13.74751282
v -34.33486557 8.99999905 13.76014519
v -34.20976257 8.84319592 13.87371159
v -34.07027054 8.70512199 14.07891369
v -33.44610977 9.79976177 13.27829456
v -33.48587799 9.64871979 13.36914349
v -33.49678802 9.54222965 13.49073219
v -33.46398163 9.45716476 13.72737122
v -33.41652679 9.43304539 13.69912338
v -33.58177185 9.49277687 13.79705143
v -33.63840103 9.56804085 13.56143379
v -33.65588379 9.67457199 13.44033241
v -33.78381348 9.55661297 13.63633060
v -33.66646576 9.50000191 13.84675980
v -33.84099197 9.46855736 13.94811249
v -33.92381287 9.50685310 13.71097851
v -34.04822922 9.41999149 13.77981853
v -33.96540833 9.40080261 14.01943111
v -34.14663315 9.30050087 13.83631134
v -34.07026672 9.29488277 14.07890034
v -34.14121628 9.15692902 14.11878967
v -34.16647720 8.99999905 14.13292408
v -34.23154449 8.99999905 13.88685989
v -34.20975876 9.15681458 13.87370968
v -34.14122009 8.84308434 14.11880302
v -33.46398163 8.54283333 13.72737122
v -33.78381729 8.44338512 13.63633251
v -33.92381668 8.49314404 13.71097851
v -34.13241577 8.51446724 13.65651703
v -34.37779236 8.57575512 13.61873913
v -34.62849045 8.72809601 13.62352371
v -34.83553314 8.99999905 13.66618156
v -34.78903961 9.32775784 13.65369606
v -34.65499878 9.62638569 13.61793232
v -34.44776535 9.87224102 13.56324768
v -34.18811798 10.04847527 13.49563026
v -33.89839172 10.14708233 13.42119122
v -33.27824402 8.68490696 13.61625195
v -32.87559128 8.78601646 13.09243393
v -32.95670700 8.58692932 13.11814499
v -33.08514023 8.41614056 13.15930653
v -33.25190735 8.28454971 13.21363831
v -33.44610977 8.20023346 13.27829552
v -33.65567780 8.16855049 13.34996223
v -33.89145279 8.02188396 13.39429188
v -34.18811798 7.95152092 13.49563122
v -34.51759720 8.00510311 13.63929939
v -34.82877350 8.20967960 13.79762745
v -35.06232834 8.49151421 14.02205276
v -32.71057510 8.74579525 13.05929756
v -32.80576706 8.50866508 13.08531761
v -32.95691681 8.30406761 13.12693405
v -33.15399933 8.14477158 13.18179512
v -33.38478851 8.04051876 13.24698162
v -33.63559341 7.99817610 13.31911278
v -33.89839554 7.85291433 13.42119217
v -34.21817398 7.81318760 13.57020378
v -34.55738068 7.91337252 13.73967361
v -34.87550354 8.13687038 13.98496532
v -32.54668808 8.70991611 13.08467102
v -32.65337372 8.43826771 13.11070061
v -32.82349014 8.20192528 13.15237045
v -33.04670334 8.01516819 13.20737076
v -33.31025314 7.88938284 13.27282619
v -33.59959030 7.83325195 13.34539223
v -33.88934326 7.71141720 13.49461555
v -34.22725296 7.71232319 13.66899490
v -34.57222748 7.82275629 13.92436123
v -32.40877533 8.68334579 13.15796280
v -32.31030655 8.66762829 13.25693607
v -32.22242737 8.66039276 13.44264221
v -32.33889771 8.33776188 13.46690845
v -32.42784882 8.35382652 13.28223515
v -32.52293396 8.38557053 13.18372536
v -32.70585251 8.12418365 13.22506523
v -32.52790833 8.04851818 13.50621605
v -32.61708832 8.07606697 13.32296085
v -32.94754410 7.91443157 13.27981091
v -32.78217316 7.80817747 13.55894756
v -32.86885834 7.85002851 13.37713051
v -33.23549271 7.76907969 13.34522724
v -33.09192657 7.63136244 13.62294674
v -33.17140961 7.68945456 13.44221115
v -33.55507660 7.69861698 13.41809464
v -33.44469452 7.53202534 13.69548893
v -33.51064301 7.60637808 13.51514816
v -33.86959076 7.61125612 13.59226322
v -33.82444000 7.52351856 13.77312088
v -34.20980835 7.61780310 13.85135651
v -33.88933563 10.28857994 13.49461460
v -34.21817398 10.18680859 13.57020378
v -34.51758957 9.99489689 13.63929844
v -34.76046753 9.71938324 13.69553089
v -34.91977692 9.37826729 13.73250484
v -34.97550201 9.00000000 13.74545479
v -34.78904343 8.67225170 13.65369701
v -34.52075195 8.47768784 13.58843231
v -34.24264145 8.40190411 13.56488991
v -33.99062729 8.40855312 13.58900166
v -32.84352493 10.24743557 13.64086628
v -32.48646545 9.91763496 13.56589603
v -32.25265503 9.48846340 13.51661777
v -32.17110062 9.00033092 13.49941444
v -32.25263977 8.51357174 13.51662254
v -32.48600006 8.08403492 13.56582546
v -32.84243774 7.75304651 13.64068699
v -33.28604507 7.55222225 13.73323441
v -33.77777481 7.50773859 13.83494759
v -34.27060699 7.63177824 13.93592167
v -34.61166000 7.84121180 14.00503540
v -34.89768219 8.14980125 14.06241703
v -35.09185791 8.54779530 14.10107613
v -35.16005707 9.00000000 14.09024048
v -35.16485977 9.00000000 14.14107227
v -33.28727341 10.44731903 13.73344326
v -33.77837372 10.49175262 13.83505440
v -34.27042007 10.36804867 13.93589783
v -34.61123276 10.15871334 14.00497246
v -34.89738846 9.85005569 14.06237411
v -35.09177017 9.45211601 14.10106277
v -21.44717216 14.41620350 12.28077126
v -28.29137039 13.18437672 14.17442703
v -35.11074448 11.82032776 16.05316734
v -32.88462448 12.47162247 15.55649376
v -35.11759949 11.93409920 16.12013435
v -33.16199875 12.43642998 15.64969635
v -35.11972427 12.04040813 16.19867897
v -33.29797363 12.43749237 15.71054173
v -21.46749115 14.54379845 12.30873871
v -32.61242676 12.58691978 15.52684975
v 8.68799973 19.74026299 23.39342308
v 8.52118587 19.43397141 23.39895630
v 8.69335842 19.74131012 23.39806366
v 8.85910130 19.50000000 23.69160080
v 8.86321354 19.50734138 23.69157982
v 8.51479530 19.43272209 23.39342308
v 8.69014359 19.20000076 23.69160080
v 10.18607521 19.74131012 23.39806366
v 10.10624695 19.50734138 23.69157982
v 10.11861515 19.50000000 23.69160080
v 7.71278667 19.50734138 23.69157982
v 7.71689892 19.50000000 23.69160080
v 7.88264179 19.74131012 23.39806366
v 8.05481434 19.43397141 23.39895630
v 7.88800001 19.74026299 23.39342308
v 8.06120491 19.43272209 23.39342308
v 7.88585663 19.20000076 23.69160080
v 7.68800020 19.50000000 23.69160080
v 7.68800020 19.50734138 23.69157982
v 7.68800020 19.50893021 23.68958664
v 6.48799992 19.74131012 23.39806366
v 6.32008028 19.50893021 23.68958664
v 3.88800001 19.74026299 23.39342308
v 3.72118545 19.43397141 23.39895630
v 3.89335823 19.74131012 23.39806366
v 4.05910110 19.50000000 23.69160080
v 4.06321335 19.50734138 23.69157982
v 3.71479487 19.43272209 23.39342308
v 3.89014339 19.20000076 23.69160080
v 3.88800001 17.70604515 14.37766361
v 3.71479487 17.29903603 13.93681908
v 5.28800011 17.70604515 14.37766361
v 5.28800011 19.74131012 23.39806366
v 4.08799982 19.50893021 23.68958664
v 4.08799982 19.50734138 23.69157982
v 5.45591974 19.50893021 23.68958664
v 2.91278648 19.50734138 23.69157982
v 2.91689897 19.50000000 23.69160080
v 3.08264184 19.74131012 23.39806366
v 3.25481439 19.43397141 23.39895630
v 3.08800006 19.74026299 23.39342308
v 3.26120520 19.43272209 23.39342308
v 3.08585668 19.20000076 23.69160080
v 1.66975307 19.50734138 23.69157982
v 1.65738440 19.50000000 23.69160080
v 1.58992445 19.74131012 23.39806366
v 3.08800006 17.70604515 14.37766361
v 1.58800006 17.70604515 14.37766361
v 1.58800006 19.74109459 23.39710045
v 1.07209754 19.43397141 23.39895630
v 1.06838477 19.43355179 23.39710045
v 1.15051103 19.20000076 23.69160080
v 1.06838477 17.29903603 13.93681908
v 10.70390224 19.43397141 23.39895630
v 10.18799973 19.74109459 23.39710045
v 10.70761490 19.43355179 23.39710045
v 10.62548923 19.20000076 23.69160080
v 10.18799973 17.70604515 14.37766361
v 10.70761490 17.29903603 13.93681908
v 8.51479530 17.29903603 13.93681908
v 8.06120491 17.29903603 13.93681908
v 13.68475056 19.43397141 23.39895630
v 14.44199944 19.43328667 23.39592552
v 42.93540955 16.75855064 11.54135990
v 43.22173691 16.78978539 11.67979050
v 43.09519196 16.76678658 11.57786560
v -23.30755234 17.61478615 15.33623695
v -2.66599941 19.43328667 23.39592552
v -1.90875030 19.43397141 23.39895630
v -23.57559776 17.55923080 15.09001637
v -23.46549416 17.59259987 15.23790550
v 3.26120520 17.29903603 13.93681908
v 5.46120501 17.29903603 13.93681908
v 6.31479502 17.29903603 13.93681908
v 5.46120501 19.50000000 23.69160080
v 6.31479502 19.50000000 23.69160080
v 13.68475056 19.20000076 23.69160080
v 7.88800001 17.70604515 14.37766361
v 8.68799973 17.70604515 14.37766361
v 4.08799982 19.50000000 23.69160080
v -39.00288010 4.55492306 23.39164543
v -38.99263763 4.55528736 23.40207100
v -39.00288010 14.23599148 23.39164543
v -38.88301468 4.58104086 23.51362228
v -38.70811462 14.23599148 23.69160080
v -38.79085922 4.64670706 23.60740280
v -38.72958374 4.74272251 23.66975594
v -38.70811462 4.85510445 23.69160080
v -37.47082520 16.21511269 23.69160080
v -36.68665314 16.43321228 23.69160080
v -37.33399582 16.43447876 23.54150581
v -36.71052551 16.72700310 23.39164734
v -37.23010254 16.62557602 23.39166069
v -37.71693802 16.41719055 23.39166832
v -37.90625000 16.12151146 23.54151154
v -38.12527084 15.73131275 23.69160080
v -38.28848648 15.76890278 23.54151344
v -38.61508560 15.27372932 23.54150963
v -38.50981522 15.72665882 23.39169121
v -38.87428284 15.02354717 23.39168358
v -38.15039062 16.11362457 23.39167595
v -38.80704498 14.71059132 23.54150200
v -39.00287628 14.24081898 23.39164734
v -38.70811462 14.24081898 23.69160080
v -38.55649567 15.04191971 23.69160080
v -38.85549927 14.23840523 23.54162407
v -38.80636978 14.23840523 23.59161568
v -38.75724411 14.23840523 23.64160919
v -38.95375061 14.23840523 23.44163895
v -38.90462494 14.23840523 23.49163055
v -4.17688465 19.37072754 23.39164543
v -36.70571518 16.72739792 23.39164543
v -4.15301037 19.07693100 23.69160080
v -36.68184280 16.43360329 23.69160080
v -36.69618607 16.58030510 23.54162407
v -36.69220734 16.53133965 23.59161568
v -36.68822479 16.48237228 23.64160919
v -36.70414352 16.67823601 23.44163895
v -36.70016479 16.62927055 23.49163055
v -3.38437772 19.13939095 23.69160080
v -2.65559340 19.18426132 23.69160080
v -3.02761292 19.29726410 23.54267693
v -3.40698600 19.41760826 23.39232635
v -3.78027630 19.25312233 23.54165840
v -1.90875030 19.20000076 23.69160080
v -2.27171016 19.31504250 23.54487419
v -38.89966583 4.34843302 17.47854424
v -23.34155846 17.63185120 15.41948318
v -23.37552071 17.64562416 15.50335598
v 15.18298626 19.41760826 23.39232635
v 14.80208015 19.29732704 23.54268074
v 14.43159389 19.18426132 23.69160080
v 15.16037750 19.13939095 23.69160080
v 14.04687214 19.31505013 23.54487610
v 48.48171616 16.72739792 23.39164543
v 15.95288467 19.37072754 23.39164543
v 48.45783997 16.43360329 23.69160080
v 15.92901039 19.07693100 23.69160080
v 15.55635548 19.25311661 23.54165840
v 50.33247375 15.04190350 23.69160080
v 50.48411560 14.24081898 23.69160080
v 50.55563736 14.82816505 23.54150963
v 50.77887726 14.24081898 23.39164734
v 50.65028763 15.02354336 23.39168167
v 50.33675003 15.37822151 23.54151726
v 50.28581238 15.72665787 23.39168930
v 50.06444168 15.76886749 23.54151917
v 49.92638779 16.11362839 23.39167595
v 49.57442093 16.19655609 23.54151535
v 49.49293518 16.41719437 23.39166641
v 48.98688126 16.47770691 23.54150772
v 49.00610352 16.62557793 23.39165878
v 48.46265411 16.43321228 23.69160080
v 48.48652649 16.72700310 23.39164734
v 49.24680710 16.21509933 23.69160080
v 49.90122986 15.73128319 23.69160080
v 48.47218323 16.58030510 23.54162407
v 48.46820450 16.53133965 23.59161568
v 48.46422577 16.48237228 23.64160919
v 48.48014450 16.67823601 23.44163895
v 48.47616196 16.62927055 23.49163055
v 50.77888107 14.23599148 23.39164543
v 50.63149643 14.23840523 23.54162407
v 50.48411560 14.23599148 23.69160080
v 50.58237076 14.23840523 23.59161568
v 50.53324509 14.23840523 23.64160919
v 50.72975159 14.23840523 23.44163895
v 50.68062592 14.23840523 23.49163055
v -5.63286877 13.31985569 9.59160042
v -5.63286877 13.31985569 9.89160061
v -5.88286877 13.25286770 9.59160042
v -5.88286877 13.25286770 9.89160061
v -6.06588125 13.06985569 9.59160042
v -6.06588125 13.06985569 9.89160061
v -6.13286877 12.81985569 9.59160042
v -6.13286877 12.81985569 9.89160061
v 37.58125687 13.31985569 9.59160042
v 37.58125687 13.31985569 9.89160061
v 38.08125687 12.81985569 9.59160042
v 38.08125687 12.81985569 9.89160061
v 38.01427078 13.06985569 9.59160042
v 38.01427078 13.06985569 9.89160061
v 37.83125687 13.25286770 9.59160042
v 37.83125687 13.25286770 9.89160061
v 49.38965988 11.60000038 18.29160118
v 50.18391800 11.60000038 18.29160118
v 49.41933441 11.60000038 19.99160004
v 50.18391800 11.60000038 19.99160004
v 49.38965988 8.39999962 18.29160118
v 50.18391800 8.39999962 18.29160118
v 49.41933441 8.39999962 19.99160004
v 50.18391800 8.39999962 19.99160004
v -37.61366272 11.60000038 18.29160118
v -37.64333344 11.60000038 19.99160004
v -38.40791702 11.60000038 18.29160118
v -38.40791702 11.60000038 19.99160004
v -37.61366272 8.39999962 18.29160118
v -38.40791702 8.39999962 18.29160118
v -37.64333344 8.39999962 19.99160004
v -38.40791702 8.39999962 19.99160004
v -16.10969353 13.51560116 14.03858757
v -16.10453606 13.55751038 14.18636513
v -16.19180870 13.52897835 14.03873158
v -16.10611343 13.55748367 14.18484020
v -16.26785088 13.55879211 14.02308178
v -16.35321045 13.55233383 13.88980007
v -16.32259941 13.53036404 13.91767025
v -16.32377434 13.46276093 13.86459732
v -16.27102089 13.44061565 13.89933491
v -16.27201843 13.35270882 13.86031723
v -16.19629097 13.34321880 13.89224052
v -16.41346550 13.54853439 13.67211533
v -16.40450287 13.53861237 13.74377346
v -16.37389565 13.49779987 13.80901527
v -16.32474327 13.36422920 13.82088566
v -16.41418839 13.45626068 13.63069439
v -16.40556526 13.40361023 13.68409920
v -16.37487984 13.38242722 13.75791645
v -16.41463089 13.35834026 13.60536194
v -16.11345291 13.40604210 13.93092442
v -16.19521713 13.42240334 13.92733860
v -16.26980782 13.50092888 13.94670391
v -16.19391251 13.47676754 13.96996689
v -15.51946449 13.55751038 14.18636513
v -15.51430607 13.51560116 14.03858757
v -15.51054764 13.40604210 13.93092442
v -2.90766692 15.96237755 20.34461403
v -2.87309766 15.83335876 20.34461403
v -2.79810810 15.96237755 20.45227623
v -2.77821541 15.88813591 20.45227623
v -2.64962220 15.96237755 20.49160004
v -2.94957662 15.96237755 20.19683647
v -2.90935969 15.81242657 20.19875145
v -2.77864075 15.73890209 20.34461403
v -2.79957294 15.70264053 20.19875145
v -2.64962220 15.70433331 20.34461403
v -2.64962220 15.66242313 20.19683647
v -2.64962220 15.81389141 20.45227623
v -2.72386408 15.83378410 20.45227623
v -3.05513549 15.71919346 12.84138012
v -3.00530338 15.71648312 14.70214939
v -3.06834126 15.84361362 13.39281464
v -2.95733166 15.76445484 17.45045090
v -2.84754467 15.65466881 17.45045090
v -2.89551663 15.60669708 14.70214939
v -2.85157728 15.52475452 11.97961712
v -2.90641761 15.54325294 12.06160545
v -2.99827671 15.61372280 12.37393093
v -2.82281995 15.52007389 11.95887089
v -2.79353762 15.51850796 11.95193386
v -1.57437778 15.66242313 20.19683647
v -1.42442703 15.70264053 20.19875145
v -1.57437778 15.70433331 20.34461403
v -1.44535923 15.73890209 20.34461403
v -1.57437778 15.81389141 20.45227623
v -1.50013590 15.83378410 20.45227623
v -1.57437778 15.96237755 20.49160004
v -1.35090232 15.83335876 20.34461403
v -1.31464016 15.81242657 20.19875145
v -1.31633306 15.96237755 20.34461403
v -1.27442348 15.96237755 20.19683647
v -1.42589188 15.96237755 20.45227623
v -1.44578457 15.88813591 20.45227623
v -1.27442348 17.37879944 20.19683647
v -1.31633306 17.41214180 20.34461403
v -1.42589188 17.43643379 20.45227623
v -1.57437778 17.44530678 20.49160004
v -1.40118003 15.52007389 11.95887089
v -1.37242270 15.52475452 11.97961712
v -1.43046248 15.51850796 11.95193386
v -1.32848346 15.60669708 14.70214939
v -1.37645519 15.65466881 17.45045090
v -1.26666844 15.76445484 17.45045090
v -1.21869659 15.71648312 14.70214939
v -1.16886437 15.71919346 12.84138012
v -1.22572327 15.61372280 12.37393093
v -1.31758237 15.54325294 12.06160545
v -1.15565884 15.84361362 13.39281464
v -2.64962220 17.44530678 20.49160004
v -2.79810810 17.43643379 20.45227623
v -2.90766692 17.41214180 20.34461403
v -2.94957662 17.37879944 20.19683647
v 33.37305450 15.66242313 20.19683647
v 33.37305450 15.70433331 20.34461403
v 33.22310257 15.70264053 20.19875145
v 33.24403763 15.73890209 20.34461403
v 33.11331558 15.81242657 20.19875145
v 33.14957809 15.83335876 20.34461403
v 33.11500931 15.96237755 20.34461403
v 33.22456741 15.96237755 20.45227623
v 33.24446106 15.88813591 20.45227623
v 33.37305450 15.96237755 20.49160004
v 33.37305450 15.81389141 20.45227623
v 33.29881287 15.83378410 20.45227623
v 33.07310104 15.96237755 20.19683647
v 33.37305450 16.59987450 20.49160004
v 33.22456741 16.61125183 20.45227623
v 33.11500931 16.61826897 20.34461403
v 33.07310104 16.61908722 20.19683647
v 32.96754074 15.71919346 12.84138012
v 33.01737213 15.71648312 14.70214939
v 32.95433426 15.84361362 13.39281464
v 33.06534576 15.76445484 17.45045090
v 33.17513275 15.65466881 17.45045090
v 33.12715912 15.60669708 14.70214939
v 33.17110062 15.52475452 11.97961712
v 33.11626053 15.54325294 12.06160545
v 33.02439880 15.61372280 12.37393093
v 33.19985580 15.52007389 11.95887089
v 33.22914124 15.51850796 11.95193386
v 34.44829941 15.70433331 20.34461403
v 34.57731628 15.73890209 20.34461403
v 34.44829941 15.81389141 20.45227623
v 34.52254105 15.83378410 20.45227623
v 34.44829941 15.96237755 20.49160004
v 34.44829941 15.66242313 20.19683647
v 34.59825134 15.70264053 20.19875145
v 34.67177582 15.83335876 20.34461403
v 34.70803833 15.81242657 20.19875145
v 34.70634460 15.96237755 20.34461403
v 34.74825287 15.96237755 20.19683647
v 34.59678650 15.96237755 20.45227623
v 34.57689285 15.88813591 20.45227623
v 34.62149811 15.52007389 11.95887089
v 34.69419479 15.60669708 14.70214939
v 34.59221649 15.51850796 11.95193386
v 34.64622116 15.65466881 17.45045090
v 34.75600815 15.76445484 17.45045090
v 34.80398178 15.71648312 14.70214939
v 34.85381317 15.71919346 12.84138012
v 34.79695511 15.61372280 12.37393093
v 34.70509338 15.54325294 12.06160545
v 34.65025330 15.52475452 11.97961712
v 34.86701965 15.84361362 13.39281464
v 34.74825287 16.48296165 20.19683647
v 34.70634460 16.48895454 20.34461403
v 34.59678650 16.49974251 20.45227623
v 34.44829941 16.51249886 20.49160004
v 33.00740433 16.52957153 16.43301392
v 33.01227570 16.56300354 16.71222687
v 33.01064301 16.55826950 16.61857796
v 33.00901413 16.54710579 16.52534103
v 4.38179684 15.69384289 21.99683571
v 4.38179684 15.73575211 22.14461327
v 4.23184633 15.73405933 21.99875259
v 4.25277853 15.77032185 22.14461327
v 4.12205935 15.84384632 21.99875259
v 4.15832138 15.86477852 22.14461327
v 4.12375212 15.99379730 22.14461327
v 4.23331118 15.99379730 22.25227737
v 4.25320387 15.91955471 22.25227737
v 4.38179684 15.99379730 22.29160118
v 4.38179684 15.84531116 22.25227737
v 4.30755520 15.86520386 22.25227737
v 4.08184242 15.99379730 21.99683571
v 4.38179684 17.85143852 22.29160118
v 4.23331118 17.84256744 22.25227737
v 4.12375212 17.81827545 22.14461327
v 4.08184242 17.78493118 21.99683571
v 3.94486451 15.71919346 12.84138012
v 4.00516987 15.72695637 15.30214977
v 3.93165874 15.84361362 13.39281464
v 4.06361437 15.78540134 18.65045166
v 4.17340136 15.67561436 18.65045166
v 4.11495638 15.61716938 15.30214977
v 4.14842272 15.52475452 11.97961712
v 4.09358215 15.54325294 12.06160545
v 4.00172329 15.61372280 12.37393093
v 4.17718029 15.52007389 11.95887089
v 4.20646238 15.51850796 11.95193386
v 7.69415760 15.99379730 21.99683571
v 7.65224791 15.99379730 22.14461327
v 7.65394068 15.84384632 21.99875259
v 7.61767864 15.86477852 22.14461327
v 7.54415369 15.73405933 21.99875259
v 7.52322149 15.77032185 22.14461327
v 7.39420319 15.73575211 22.14461327
v 7.39420319 15.84531116 22.25227737
v 7.46844482 15.86520386 22.25227737
v 7.39420319 15.99379730 22.29160118
v 7.54268885 15.99379730 22.25227737
v 7.52279615 15.91955471 22.25227737
v 7.39420319 15.69384289 21.99683571
v 7.59881973 15.52007389 11.95887089
v 7.62757730 15.52475452 11.97961712
v 7.56953764 15.51850796 11.95193386
v 7.66104364 15.61716938 15.30214977
v 7.60259867 15.67561436 18.65045166
v 7.71238565 15.78540134 18.65045166
v 7.77083015 15.72695637 15.30214977
v 7.83113575 15.71919346 12.84138012
v 7.77427673 15.61372280 12.37393093
v 7.68241787 15.54325294 12.06160545
v 7.84434128 15.84361362 13.39281464
v 7.69415760 17.78493118 21.99683571
v 7.65224791 17.81827545 22.14461327
v 7.54268885 17.84256744 22.25227737
v 7.39420319 17.85143852 22.29160118
v 5.04841185 17.11736488 22.29160118
v 5.07974148 17.51309395 22.29160118
v 5.28735781 17.85143852 22.29160118
v 5.88800001 16.39999962 22.29160118
v 5.50200748 16.49269485 22.29160118
v 5.20020294 16.75056458 22.29160118
v 6.72758818 17.11736488 22.29160118
v 6.57579708 16.75056458 22.29160118
v 6.27399254 16.49269485 22.29160118
v 6.48864174 17.85143852 22.29160118
v 6.69625854 17.51309395 22.29160118
v 47.63184357 0.50620306 21.99683571
v 47.67375183 0.50620306 22.14461327
v 47.67205811 0.65615386 21.99875259
v 47.70832062 0.63522166 22.14461327
v 47.78184509 0.76594067 21.99875259
v 47.80278015 0.72967857 22.14461327
v 47.93179703 0.76424783 22.14461327
v 47.93179703 0.65468907 22.25227737
v 47.85755539 0.63479632 22.25227737
v 47.93179703 0.50620306 22.29160118
v 47.78330994 0.50620306 22.25227737
v 47.80320358 0.58044499 22.25227737
v 47.93179703 0.80615741 21.99683571
v 49.45948029 0.50620306 22.29160118
v 49.45879364 0.65468907 22.25227737
v 49.45691681 0.76424783 22.14461327
v 49.45433807 0.80615741 21.99683571
v 47.58797073 0.95981675 10.89160061
v 47.63644028 0.91134775 13.66838837
v 47.73795319 1.00000000 10.89160061
v 47.68490982 0.86287868 16.44517708
v 47.73337555 0.81440967 19.22196388
v 47.62358856 0.70462286 19.22196388
v 47.57512283 0.75309187 16.44517708
v 47.43799973 0.70004570 10.89160061
v 47.52665329 0.80156088 13.66838837
v 47.47818375 0.85002989 10.89160061
v 47.93179703 2.69384265 21.99683571
v 47.93179703 2.73575211 22.14461327
v 47.78184509 2.73405933 21.99875259
v 47.80278015 2.77032137 22.14461327
v 47.67205811 2.84384608 21.99875259
v 47.70832062 2.86477828 22.14461327
v 47.67375183 2.99379683 22.14461327
v 47.78330994 2.99379683 22.25227737
v 47.80320358 2.91955495 22.25227737
v 47.93179703 2.99379683 22.29160118
v 47.93179703 2.84531093 22.25227737
v 47.85755539 2.86520362 22.25227737
v 47.63184357 2.99379683 21.99683571
v 47.63184357 4.00620317 21.99683571
v 47.67375183 4.00620317 22.14461327
v 47.67205811 4.15615368 21.99875259
v 47.70832062 4.13522148 22.14461327
v 47.78184509 4.26594067 21.99875259
v 47.80278015 4.22967863 22.14461327
v 47.93179703 4.26424789 22.14461327
v 47.93179703 4.15468884 22.25227737
v 47.85755539 4.13479614 22.25227737
v 47.93179703 4.00620317 22.29160118
v 47.78330994 4.00620317 22.25227737
v 47.80320358 4.08044481 22.25227737
v 47.93179703 4.30615759 21.99683571
v 49.45948029 4.00620317 22.29160118
v 49.45879364 4.15468884 22.25227737
v 49.45691681 4.26424789 22.14461327
v 49.45433807 4.30615759 21.99683571
v 47.58797073 4.45981693 10.89160061
v 47.63644028 4.41134787 13.66838837
v 47.73795319 4.50000000 10.89160061
v 47.68490982 4.36287880 16.44517708
v 47.73337555 4.31440973 19.22196388
v 47.62358856 4.20462275 19.22196388
v 47.57512283 4.25309181 16.44517708
v 47.43799973 4.20004559 10.89160061
v 47.52665329 4.30156088 13.66838837
v 47.47818375 4.35002995 10.89160061
v 47.47818375 2.64997005 10.89160061
v 47.52665329 2.69843912 13.66838837
v 47.43799973 2.79995441 10.89160061
v 47.57512283 2.74690819 16.44517708
v 47.62358856 2.79537702 19.22196388
v 47.73337555 2.68559027 19.22196388
v 47.68490982 2.63712120 16.44517708
v 47.73795319 2.50000000 10.89160061
v 47.63644028 2.58865237 13.66838837
v 47.58797073 2.54018331 10.89160061
v 49.45433807 2.69384265 21.99683571
v 49.45691681 2.73575211 22.14461327
v 49.45879364 2.84531093 22.25227737
v 49.45948029 2.99379683 22.29160118
v 48.08125687 4.50000000 10.89160061
v 48.53563690 4.49844027 10.98095226
v 48.92234802 4.49399376 11.23570061
v 49.28107452 4.47941971 12.07065773
v 49.18380737 4.48732233 11.61790848
v 31.24825287 15.96237755 20.19683647
v 31.20634460 15.96237755 20.34461403
v 31.20803642 15.81242657 20.19875145
v 31.17177582 15.83335876 20.34461403
v 31.09824944 15.70264053 20.19875145
v 31.07731819 15.73890209 20.34461403
v 30.94829941 15.70433331 20.34461403
v 30.94829941 15.81389141 20.45227623
v 31.02254105 15.83378410 20.45227623
v 30.94829941 15.96237755 20.49160004
v 31.09678459 15.96237755 20.45227623
v 31.07689285 15.88813591 20.45227623
v 30.94829941 15.66242313 20.19683647
v 29.87305450 15.66242313 20.19683647
v 29.87305450 15.70433331 20.34461403
v 29.72310448 15.70264053 20.19875145
v 29.74403572 15.73890209 20.34461403
v 29.61331749 15.81242657 20.19875145
v 29.64958000 15.83335876 20.34461403
v 29.61500931 15.96237755 20.34461403
v 29.72456932 15.96237755 20.45227623
v 29.74446106 15.88813591 20.45227623
v 29.87305450 15.96237755 20.49160004
v 29.87305450 15.81389141 20.45227623
v 29.79881287 15.83378410 20.45227623
v 29.57310104 15.96237755 20.19683647
v 29.87305450 16.88428688 20.49160004
v 29.72456932 16.89566422 20.45227623
v 29.61500931 16.90268326 20.34461403
v 29.57310104 16.90349960 20.19683647
v 29.46754074 15.71919346 12.84138012
v 29.51737404 15.71648312 14.70214939
v 29.45433617 15.84361362 13.39281464
v 29.56534576 15.76445484 17.45045090
v 29.67513275 15.65466881 17.45045090
v 29.62716103 15.60669708 14.70214939
v 29.67110062 15.52475452 11.97961712
v 29.61625862 15.54325294 12.06160545
v 29.52440071 15.61372280 12.37393093
v 29.69985771 15.52007389 11.95887089
v 29.72913933 15.51850796 11.95193386
v 31.12149620 15.52007389 11.95887089
v 31.15025520 15.52475452 11.97961712
v 31.09221458 15.51850796 11.95193386
v 31.19419289 15.60669708 14.70214939
v 31.14622116 15.65466881 17.45045090
v 31.25600815 15.76445484 17.45045090
v 31.30397987 15.71648312 14.70214939
v 31.35381317 15.71919346 12.84138012
v 31.29695320 15.61372280 12.37393093
v 31.20509529 15.54325294 12.06160545
v 31.36701775 15.84361362 13.39281464
v 31.24825287 16.76737595 20.19683647
v 31.20634460 16.77336884 20.34461403
v 31.09678459 16.78415680 20.45227623
v 30.94829941 16.79691124 20.49160004
v 29.53109550 16.83583069 17.79037094
v 29.53596878 16.86926460 18.06958389
v 29.53433418 16.86452866 17.97593498
v 29.53270721 16.85336494 17.88269806
v 27.74825287 15.96237755 20.19683647
v 27.70634460 15.96237755 20.34461403
v 27.70803642 15.81242657 20.19875145
v 27.67177582 15.83335876 20.34461403
v 27.59824944 15.70264053 20.19875145
v 27.57731819 15.73890209 20.34461403
v 27.44829941 15.70433331 20.34461403
v 27.44829941 15.81389141 20.45227623
v 27.52254105 15.83378410 20.45227623
v 27.44829941 15.96237755 20.49160004
v 27.59678459 15.96237755 20.45227623
v 27.57689285 15.88813591 20.45227623
v 27.44829941 15.66242313 20.19683647
v 26.37305450 15.66242313 20.19683647
v 26.37305450 15.70433331 20.34461403
v 26.22310448 15.70264053 20.19875145
v 26.24403572 15.73890209 20.34461403
v 26.11331749 15.81242657 20.19875145
v 26.14958000 15.83335876 20.34461403
v 26.11500931 15.96237755 20.34461403
v 26.22456932 15.96237755 20.45227623
v 26.24446106 15.88813591 20.45227623
v 26.37305450 15.96237755 20.49160004
v 26.37305450 15.81389141 20.45227623
v 26.29881287 15.83378410 20.45227623
v 26.07310104 15.96237755 20.19683647
v 26.37305450 17.16870117 20.49160004
v 26.22456932 17.18007851 20.45227623
v 26.11500931 17.18709564 20.34461403
v 26.07310104 17.18791389 20.19683647
v 25.96754074 15.71919346 12.84138012
v 26.01737404 15.71648312 14.70214939
v 25.95433617 15.84361362 13.39281464
v 26.06534576 15.76445484 17.45045090
v 26.17513275 15.65466881 17.45045090
v 26.12716103 15.60669708 14.70214939
v 26.17110062 15.52475452 11.97961712
v 26.11625862 15.54325294 12.06160545
v 26.02440071 15.61372280 12.37393093
v 26.19985771 15.52007389 11.95887089
v 26.22913933 15.51850796 11.95193386
v 27.62149620 15.52007389 11.95887089
v 27.65025520 15.52475452 11.97961712
v 27.59221458 15.51850796 11.95193386
v 27.69419289 15.60669708 14.70214939
v 27.64622116 15.65466881 17.45045090
v 27.75600815 15.76445484 17.45045090
v 27.80397987 15.71648312 14.70214939
v 27.85381317 15.71919346 12.84138012
v 27.79695320 15.61372280 12.37393093
v 27.70509529 15.54325294 12.06160545
v 27.86701775 15.84361362 13.39281464
v 27.74825287 17.05178833 20.19683647
v 27.70634460 17.05778313 20.34461403
v 27.59678459 17.06857109 20.45227623
v 27.44829941 17.08132553 20.49160004
v 26.05478859 17.14208984 19.14772797
v 26.05966187 17.17552376 19.42694092
v 26.05802727 17.17078972 19.33329201
v 26.05640030 17.15962410 19.24005508
v 14.42562199 15.70433331 20.34461403
v 14.55464077 15.73890209 20.34461403
v 14.42562199 15.81389141 20.45227623
v 14.49986362 15.83378410 20.45227623
v 14.42562199 15.96237755 20.49160004
v 14.42562199 15.66242313 20.19683647
v 14.57557297 15.70264053 20.19875145
v 14.64909744 15.83335876 20.34461403
v 14.68535995 15.81242657 20.19875145
v 14.68366718 15.96237755 20.34461403
v 14.72557640 15.96237755 20.19683647
v 14.57410812 15.96237755 20.45227623
v 14.55421543 15.88813591 20.45227623
v 14.59881973 15.52007389 11.95887089
v 14.67151642 15.60669708 14.70214939
v 14.56953716 15.51850796 11.95193386
v 14.62354469 15.65466881 17.45045090
v 14.73333168 15.76445484 17.45045090
v 14.78130341 15.71648312 14.70214939
v 14.83113575 15.71919346 12.84138012
v 14.77427673 15.61372280 12.37393093
v 14.68241787 15.54325294 12.06160545
v 14.62757778 15.52475452 11.97961712
v 14.84434128 15.84361362 13.39281464
v 14.72557640 17.37879944 20.19683647
v 14.68366718 17.41214180 20.34461403
v 14.57410812 17.43643379 20.45227623
v 14.42562199 17.44530678 20.49160004
v 13.09233284 15.96237755 20.34461403
v 13.12690258 15.83335876 20.34461403
v 13.20189190 15.96237755 20.45227623
v 13.22178459 15.88813591 20.45227623
v 13.35037804 15.96237755 20.49160004
v 13.05042362 15.96237755 20.19683647
v 13.09064007 15.81242657 20.19875145
v 13.22135925 15.73890209 20.34461403
v 13.20042706 15.70264053 20.19875145
v 13.35037804 15.70433331 20.34461403
v 13.35037804 15.66242313 20.19683647
v 13.35037804 15.81389141 20.45227623
v 13.27613544 15.83378410 20.45227623
v 12.94486427 15.71919346 12.84138012
v 12.99469662 15.71648312 14.70214939
v 12.93165874 15.84361362 13.39281464
v 13.04266834 15.76445484 17.45045090
v 13.15245533 15.65466881 17.45045090
v 13.10448360 15.60669708 14.70214939
v 13.14842224 15.52475452 11.97961712
v 13.09358215 15.54325294 12.06160545
v 13.00172329 15.61372280 12.37393093
v 13.17718029 15.52007389 11.95887089
v 13.20646286 15.51850796 11.95193386
v 13.35037804 17.44530678 20.49160004
v 13.20189190 17.43643379 20.45227623
v 13.09233284 17.41214180 20.34461403
v 13.05042362 17.37879944 20.19683647
v 9.59233284 15.96237755 20.34461403
v 9.62690258 15.83335876 20.34461403
v 9.70189190 15.96237755 20.45227623
v 9.72178459 15.88813591 20.45227623
v 9.85037804 15.96237755 20.49160004
v 9.55042362 15.96237755 20.19683647
v 9.59064007 15.81242657 20.19875145
v 9.72135925 15.73890209 20.34461403
v 9.70042706 15.70264053 20.19875145
v 9.85037804 15.70433331 20.34461403
v 9.85037804 15.66242313 20.19683647
v 9.85037804 15.81389141 20.45227623
v 9.77613544 15.83378410 20.45227623
v 9.44486427 15.71919346 12.84138012
v 9.49469662 15.71648312 14.70214939
v 9.43165874 15.84361362 13.39281464
v 9.54266834 15.76445484 17.45045090
v 9.65245533 15.65466881 17.45045090
v 9.60448360 15.60669708 14.70214939
v 9.64842224 15.52475452 11.97961712
v 9.59358215 15.54325294 12.06160545
v 9.50172329 15.61372280 12.37393093
v 9.67718029 15.52007389 11.95887089
v 9.70646286 15.51850796 11.95193386
v 10.92562199 15.66242313 20.19683647
v 11.07557297 15.70264053 20.19875145
v 10.92562199 15.70433331 20.34461403
v 11.05464077 15.73890209 20.34461403
v 10.92562199 15.81389141 20.45227623
v 10.99986362 15.83378410 20.45227623
v 10.92562199 15.96237755 20.49160004
v 11.14909744 15.83335876 20.34461403
v 11.18535995 15.81242657 20.19875145
v 11.18366718 15.96237755 20.34461403
v 11.22557640 15.96237755 20.19683647
v 11.07410812 15.96237755 20.45227623
v 11.05421543 15.88813591 20.45227623
v 11.22557640 17.37879944 20.19683647
v 11.18366718 17.41214180 20.34461403
v 11.07410812 17.43643379 20.45227623
v 10.92562199 17.44530678 20.49160004
v 11.09881973 15.52007389 11.95887089
v 11.12757778 15.52475452 11.97961712
v 11.06953716 15.51850796 11.95193386
v 11.17151642 15.60669708 14.70214939
v 11.12354469 15.65466881 17.45045090
v 11.23333168 15.76445484 17.45045090
v 11.28130341 15.71648312 14.70214939
v 11.33113575 15.71919346 12.84138012
v 11.27427673 15.61372280 12.37393093
v 11.18241787 15.54325294 12.06160545
v 11.34434128 15.84361362 13.39281464
v 9.85037804 17.44530678 20.49160004
v 9.70189190 17.43643379 20.45227623
v 9.59233284 17.41214180 20.34461403
v 9.55042362 17.37879944 20.19683647
v 2.22557640 15.96237755 20.19683647
v 2.18366694 15.96237755 20.34461403
v 2.18535972 15.81242657 20.19875145
v 2.14909768 15.83335876 20.34461403
v 2.07557297 15.70264053 20.19875145
v 2.05464077 15.73890209 20.34461403
v 1.92562222 15.70433331 20.34461403
v 1.92562222 15.81389141 20.45227623
v 1.99986410 15.83378410 20.45227623
v 1.92562222 15.96237755 20.49160004
v 2.07410812 15.96237755 20.45227623
v 2.05421543 15.88813591 20.45227623
v 1.92562222 15.66242313 20.19683647
v 0.59233308 15.96237755 20.34461403
v 0.62690228 15.83335876 20.34461403
v 0.70189184 15.96237755 20.45227623
v 0.72178453 15.88813591 20.45227623
v 0.85037780 15.96237755 20.49160004
v 0.55042350 15.96237755 20.19683647
v 0.59064019 15.81242657 20.19875145
v 0.72135925 15.73890209 20.34461403
v 0.70042700 15.70264053 20.19875145
v 0.85037780 15.70433331 20.34461403
v 0.85037780 15.66242313 20.19683647
v 0.85037780 15.81389141 20.45227623
v 0.77613592 15.83378410 20.45227623
v 0.44486439 15.71919346 12.84138012
v 0.49469665 15.71648312 14.70214939
v 0.43165886 15.84361362 13.39281464
v 0.54266840 15.76445484 17.45045090
v 0.65245527 15.65466881 17.45045090
v 0.60448349 15.60669708 14.70214939
v 0.64842266 15.52475452 11.97961712
v 0.59358239 15.54325294 12.06160545
v 0.50172323 15.61372280 12.37393093
v 0.67718011 15.52007389 11.95887089
v 0.70646250 15.51850796 11.95193386
v 0.85037780 17.44530678 20.49160004
v 0.70189184 17.43643379 20.45227623
v 0.59233308 17.41214180 20.34461403
v 0.55042350 17.37879944 20.19683647
v 2.09881997 15.52007389 11.95887089
v 2.12757730 15.52475452 11.97961712
v 2.06953740 15.51850796 11.95193386
v 2.17151642 15.60669708 14.70214939
v 2.12354469 15.65466881 17.45045090
v 2.23333168 15.76445484 17.45045090
v 2.28130341 15.71648312 14.70214939
v 2.33113551 15.71919346 12.84138012
v 2.27427673 15.61372280 12.37393093
v 2.18241763 15.54325294 12.06160545
v 2.34434104 15.84361362 13.39281464
v 2.22557640 17.37879944 20.19683647
v 2.18366694 17.41214180 20.34461403
v 2.07410812 17.43643379 20.45227623
v 1.92562222 17.44530678 20.49160004
v 47.93179703 6.19384241 21.99683571
v 47.93179703 6.23575211 22.14461327
v 47.78184509 6.23405933 21.99875259
v 47.80278015 6.27032137 22.14461327
v 47.67205811 6.34384632 21.99875259
v 47.70832062 6.36477852 22.14461327
v 47.67375183 6.49379683 22.14461327
v 47.78330994 6.49379683 22.25227737
v 47.80320358 6.41955519 22.25227737
v 47.93179703 6.49379683 22.29160118
v 47.93179703 6.34531116 22.25227737
v 47.85755539 6.36520386 22.25227737
v 47.63184357 6.49379683 21.99683571
v 47.93179703 7.76424789 22.14461327
v 47.80278015 7.72967863 22.14461327
v 47.93179703 7.65468884 22.25227737
v 47.85755539 7.63479614 22.25227737
v 47.93179703 7.50620317 22.29160118
v 47.93179703 7.80615759 21.99683571
v 47.78184509 7.76594067 21.99875259
v 47.70832062 7.63522148 22.14461327
v 47.67205811 7.65615368 21.99875259
v 47.67375183 7.50620317 22.14461327
v 47.63184357 7.50620317 21.99683571
v 47.78330994 7.50620317 22.25227737
v 47.80320358 7.58044481 22.25227737
v 47.58797073 7.95981693 10.89160061
v 47.63644028 7.91134787 13.66838837
v 47.73795319 8.00000000 10.89160061
v 47.68490982 7.86287880 16.44517708
v 47.73337555 7.81440973 19.22196388
v 47.62358856 7.70462275 19.22196388
v 47.57512283 7.75309181 16.44517708
v 47.43799973 7.70004559 10.89160061
v 47.52665329 7.80156088 13.66838837
v 47.47818375 7.85002995 10.89160061
v 49.45948029 7.50620317 22.29160118
v 49.45879364 7.65468884 22.25227737
v 49.45691681 7.76424789 22.14461327
v 49.45433807 7.80615759 21.99683571
v 47.47818375 6.14997005 10.89160061
v 47.52665329 6.19843912 13.66838837
v 47.43799973 6.29995441 10.89160061
v 47.57512283 6.24690819 16.44517708
v 47.62358856 6.29537725 19.22196388
v 47.73337555 6.18559027 19.22196388
v 47.68490982 6.13712120 16.44517708
v 47.73795319 6.00000000 10.89160061
v 47.63644028 6.08865213 13.66838837
v 47.58797073 6.04018307 10.89160061
v 49.45433807 6.19384241 21.99683571
v 49.45691681 6.23575211 22.14461327
v 49.45879364 6.34531116 22.25227737
v 49.45948029 6.49379683 22.29160118
v 48.08125687 8.00000000 10.89160061
v 48.53563690 7.99844027 10.98095226
v 48.92234802 7.99399376 11.23570061
v 49.28107452 7.97941971 12.07065773
v 49.18380737 7.98732233 11.61790848
v 24.24825287 15.96237755 20.19683647
v 24.20634460 15.96237755 20.34461403
v 24.20803642 15.81242657 20.19875145
v 24.17177582 15.83335876 20.34461403
v 24.09824944 15.70264053 20.19875145
v 24.07731819 15.73890209 20.34461403
v 23.94829941 15.70433331 20.34461403
v 23.94829941 15.81389141 20.45227623
v 24.02254105 15.83378410 20.45227623
v 23.94829941 15.96237755 20.49160004
v 24.09678459 15.96237755 20.45227623
v 24.07689285 15.88813591 20.45227623
v 23.94829941 15.66242313 20.19683647
v 22.61500931 15.96237755 20.34461403
v 22.64958000 15.83335876 20.34461403
v 22.72456932 15.96237755 20.45227623
v 22.74446106 15.88813591 20.45227623
v 22.87305450 15.96237755 20.49160004
v 22.57310104 15.96237755 20.19683647
v 22.61331749 15.81242657 20.19875145
v 22.74403572 15.73890209 20.34461403
v 22.72310448 15.70264053 20.19875145
v 22.87305450 15.70433331 20.34461403
v 22.87305450 15.66242313 20.19683647
v 22.87305450 15.81389141 20.45227623
v 22.79881287 15.83378410 20.45227623
v 22.46754074 15.71919346 12.84138012
v 22.51737404 15.71648312 14.70214939
v 22.45433617 15.84361362 13.39281464
v 22.56534576 15.76445484 17.45045090
v 22.67513275 15.65466881 17.45045090
v 22.62716103 15.60669708 14.70214939
v 22.67110062 15.52475452 11.97961712
v 22.61625862 15.54325294 12.06160545
v 22.52440071 15.61372280 12.37393093
v 22.69985771 15.52007389 11.95887089
v 22.72913933 15.51850796 11.95193386
v 22.79243469 17.44146156 20.48049164
v 22.72021103 17.43586349 20.44974518
v 22.64295197 17.42104912 20.38409042
v 22.59197426 17.40127563 20.29645157
v 22.57310104 17.37879944 20.19683647
v 22.87305450 17.44137764 20.49160004
v 24.12149620 15.52007389 11.95887089
v 24.15025520 15.52475452 11.97961712
v 24.09221458 15.51850796 11.95193386
v 24.19419289 15.60669708 14.70214939
v 24.14622116 15.65466881 17.45045090
v 24.25600815 15.76445484 17.45045090
v 24.30397987 15.71648312 14.70214939
v 24.35381317 15.71919346 12.84138012
v 24.29695320 15.61372280 12.37393093
v 24.20509529 15.54325294 12.06160545
v 24.36701775 15.84361362 13.39281464
v 24.24825287 17.33620262 20.19683647
v 24.20634460 17.34219742 20.34461403
v 24.09678459 17.35298538 20.45227623
v 23.94829941 17.36573982 20.49160004
v 23.33297920 17.41574097 20.49160004
v -16.82442284 15.51575565 20.19683647
v -16.86633301 15.51575565 20.34461403
v -16.86463928 15.36580467 20.19875145
v -16.90090179 15.38673687 20.34461403
v -16.97442627 15.25601768 20.19875145
v -16.99535942 15.29228020 20.34461403
v -17.12437820 15.25771046 20.34461403
v -17.12437820 15.36726952 20.45227623
v -17.05013657 15.38716221 20.45227623
v -17.12437820 15.51575565 20.49160004
v -16.97589111 15.51575565 20.45227623
v -16.99578476 15.44151306 20.45227623
v -17.12437820 15.21580124 20.19683647
v -17.99957657 15.51575565 20.19683647
v -17.95936012 15.36580467 20.19875145
v -17.95766640 15.51575565 20.34461403
v -17.92309761 15.38673687 20.34461403
v -17.84810829 15.51575565 20.45227623
v -17.82821465 15.44151306 20.45227623
v -17.69962311 15.51575565 20.49160004
v -17.82863998 15.29228020 20.34461403
v -17.84957314 15.25601768 20.19875145
v -17.69962311 15.25771046 20.34461403
v -17.69962311 15.21580124 20.19683647
v -17.69962311 15.36726952 20.45227623
v -17.77386475 15.38716221 20.45227623
v -17.69962311 16.91658401 20.49160004
v -17.84810829 16.90382957 20.45227623
v -17.95766640 16.89303970 20.34461403
v -17.99957657 16.88704681 20.19683647
v -17.83416367 15.22394085 19.26926231
v -17.93084145 15.28817368 19.20557594
v -17.99620628 15.38317966 19.11002350
v -18.02052307 15.49480915 18.99683571
v -16.98983765 15.22394085 19.26926231
v -16.98983765 14.67216301 19.26926231
v -16.89315987 14.76884079 19.20557594
v -16.89315987 15.28817368 19.20557594
v -16.82779503 14.83420563 19.11002350
v -16.82779503 15.38317966 19.11002350
v -16.80347824 14.85852242 18.99683571
v -16.80347824 15.49480915 18.99683571
v -17.97861290 13.94143200 19.14461327
v -17.94404411 13.81241322 19.14461327
v -17.86905479 13.94143200 19.25227737
v -17.84916115 13.86718941 19.25227737
v -18.02052307 13.94143200 18.99683571
v -17.98030663 13.79148102 18.99875259
v -17.84958649 13.71795654 19.14461327
v -17.87051964 13.68169403 18.99875259
v -17.72056770 13.68338680 19.14461327
v -17.72056770 13.64147758 18.99683571
v -17.72056770 13.79294586 19.25227737
v -17.79480934 13.81283855 19.25227737
v -18.06974792 13.70203876 13.87462139
v -18.02502632 13.74676037 16.43668747
v -17.91523933 13.63697338 16.43668747
v -17.95996094 13.59225178 13.87462139
v -15.60343170 14.85852242 18.99683571
v -15.60343170 14.81661320 19.14461327
v -15.45348072 14.81830597 18.99875259
v -15.47441292 14.78204346 19.14461327
v -15.34369373 14.70851898 18.99875259
v -15.37995625 14.68758678 19.14461327
v -15.34538651 14.55856800 19.14461327
v -15.45494556 14.55856800 19.25227737
v -15.47483826 14.63281059 19.25227737
v -15.60343170 14.70705414 19.25227737
v -15.52919006 14.68716145 19.25227737
v -15.30347729 14.55856800 18.99683571
v -15.60343170 13.68338680 19.14461327
v -15.47441292 13.71795654 19.14461327
v -15.60343170 13.79294586 19.25227737
v -15.52919006 13.81283855 19.25227737
v -15.60343170 13.64147758 18.99683571
v -15.45348072 13.68169403 18.99875259
v -15.37995625 13.81241322 19.14461327
v -15.34369373 13.79148102 18.99875259
v -15.34538651 13.94143200 19.14461327
v -15.30347729 13.94143200 18.99683571
v -15.45494556 13.94143200 19.25227737
v -15.47483826 13.86718941 19.25227737
v -15.36951351 13.59772682 14.18828011
v -15.45145130 13.55637836 14.11994934
v -15.44894028 13.52510166 14.04065609
v -15.44679737 13.47360516 13.97289181
v -15.36851311 13.49499702 13.95249081
v -15.36728573 13.43614101 13.90627289
v -15.30020905 13.46276093 13.86457920
v -15.29924011 13.36422920 13.82087040
v -15.25798321 13.37835884 13.77202034
v -15.25113010 13.25755596 13.74461365
v -15.22285461 13.39923763 13.69934559
v -15.20921993 13.25755596 13.59683609
v -15.21059322 13.55452824 13.67548466
v -15.44546986 13.42000771 13.93089485
v -15.36627579 13.35037708 13.86821270
v -15.36068821 13.25755596 13.85227680
v -15.44437790 13.34196949 13.89632988
v -15.22389603 13.53018856 13.75724697
v -15.21435165 13.77364540 13.89081097
v -15.22516251 13.62015915 13.82762432
v -15.22720623 13.70669651 13.94123936
v -15.26205921 13.64017487 13.97844028
v -15.26429939 13.68484783 14.09185696
v -15.30550671 13.63457966 14.10339355
v -15.25972748 13.70751381 14.18828011
v -15.21951008 13.85746479 14.18636513
v -15.22959900 13.75937366 14.07430744
v -15.37281513 13.58566666 14.11417007
v -15.37049484 13.55146408 14.02701855
v -15.30328369 13.59526062 14.00326061
v -15.30138493 13.53037643 13.91765881
v -15.26014519 13.56658363 13.88153267
v -15.25895882 13.48996449 13.82146645
v -15.41149712 13.63971043 16.59351540
v -15.30171013 13.74949741 16.59351540
v -15.25045776 14.80175495 13.65724850
v -15.29707623 14.75513744 16.32800102
v -15.40686321 14.86492443 16.32800102
v -15.36024475 14.91154194 13.65724850
v -16.82442284 16.98254013 20.19683647
v -16.86633301 16.98172379 20.34461403
v -16.97589111 16.97470665 20.45227623
v -17.12437820 16.96332932 20.49160004
v -16.46027565 13.50172520 10.99044132
v -18.15319252 14.53961277 11.39618778
v -18.15272522 14.66210747 11.42294884
v -18.04354668 16.81041718 17.67774200
v -18.03860664 16.84471703 17.96078873
v -18.04191399 16.82823944 17.77133560
v -18.04026413 16.83969116 17.86585426
v -35.95112991 14.15282536 22.14461327
v -35.98569870 14.28184414 22.14461327
v -36.06068802 14.15282536 22.25227737
v -36.08058167 14.22706795 22.25227737
v -36.20917511 14.15282536 22.29160118
v -35.90922165 14.15282536 21.99683571
v -35.94943619 14.30277634 21.99875259
v -36.08015442 14.37630081 22.14461327
v -36.05922318 14.41256332 21.99875259
v -36.20917511 14.41087055 22.14461327
v -36.20917511 14.45277977 21.99683571
v -36.20917511 14.30131149 22.25227737
v -36.13493347 14.28141880 22.25227737
v -37.67767715 14.32474422 22.23735619
v -37.68335724 14.21780777 22.28447914
v -37.68342590 14.19633865 22.28842735
v -37.68346786 14.17463970 22.29080582
v -37.68348312 14.15282536 22.29160118
v -35.90922165 12.84717464 21.99683571
v -35.95112991 12.84717464 22.14461327
v -35.94943619 12.69722366 21.99875259
v -35.98569870 12.71815586 22.14461327
v -36.05922318 12.58743668 21.99875259
v -36.08015442 12.62369919 22.14461327
v -36.20917511 12.58912945 22.14461327
v -36.20917511 12.69868851 22.25227737
v -36.13493347 12.71858120 22.25227737
v -36.20917511 12.84717464 22.29160118
v -36.06068802 12.84717464 22.25227737
v -36.08058167 12.77293205 22.25227737
v -36.20917511 12.54722023 21.99683571
v -37.68348312 12.84717464 22.29160118
v -37.68279648 12.69868851 22.25227737
v -37.68091583 12.58912945 22.14461327
v -37.67833710 12.54722023 21.99683571
v -36.81932449 14.50398254 19.06342316
v -36.37694168 14.50867653 18.79454613
v -33.16199875 14.53343296 17.37624550
v 5.49005556 17.93926048 19.19160080
v 5.49005556 16.56073952 19.19160080
v 5.88800001 18.04588890 19.19160080
v 5.88800001 16.45411110 19.19160080
v 6.28594446 17.93926048 19.19160080
v 6.28594446 16.56073952 19.19160080
v 6.57726049 17.64794540 19.19160080
v 6.57726049 16.85205460 19.19160080
v 6.68388939 17.25000000 19.19160080
v 5.19873953 16.85205460 19.19160080
v 5.19873953 17.64794540 19.19160080
v 5.09211063 17.25000000 19.19160080
v -21.92839622 15.78947639 11.60193539
v -21.73737717 15.90784359 11.61395931
v -21.82199097 15.83289242 11.59008217
v -37.00553513 13.07618237 16.11389160
v -37.14279938 13.27591228 16.33984947
v -35.42298508 15.82349110 17.66882133
v -37.23544312 13.78245449 16.79857635
v -36.07193375 15.71521282 17.87003326
v -36.47586823 15.53435993 17.90181351
v -37.69747925 13.64145660 16.96033859
v -38.10644150 13.44392586 17.19111824
v -37.28536606 16.03706360 19.04559708
v -37.18422699 15.99559116 18.87401772
v -36.74709702 16.21722603 18.87562561
v -36.65814972 16.16788673 18.72019196
v -36.08457184 16.35242271 18.64441872
v -36.03894043 16.29124069 18.50967979
v -35.26882935 16.33430672 18.16660118
v -35.99119186 16.22215271 18.37620735
v -35.35390472 16.09792519 17.90066528
v -35.90174484 16.05875206 18.11972809
v -35.87490463 15.99083138 18.03221512
v -36.27646255 15.90513229 18.14522934
v -36.67429352 15.76400566 18.21583748
v -36.34511185 15.96745586 18.25059319
v -36.77787399 15.82069778 18.33938980
v -37.06153488 15.94674301 18.69681358
v -36.55667496 16.11054039 18.56185150
v 6.48799992 17.70604515 14.37766361
v -24.32792473 17.44249344 14.79687595
v -24.13088226 17.52244186 15.04048443
v -23.85244179 17.59237862 15.29494286
v -23.73466492 17.61190796 15.37321377
v -23.53762054 17.61019325 15.32501698
v -23.50512695 17.60809326 15.31147289
v -23.56341362 17.59827423 15.26884270
v -23.70770454 17.56331253 15.12036896
v -23.81620598 17.52026558 14.94566345
v -23.90152168 17.50878525 14.91762829
v -23.60456657 17.59907532 15.27740097
v -23.77289581 17.55861855 15.11009121
v 34.82140732 16.40362167 16.00583458
v 34.82306671 16.39859772 15.91090107
v 34.82471466 16.38714409 15.81638336
v 43.10174179 15.65794563 12.58453941
v 43.08544159 15.65133476 12.54428101
v 34.82634735 16.36932373 15.72278976
v 43.06911850 15.64314365 12.50432205
v 31.30233002 16.67978668 17.09877586
v 31.30069733 16.69760704 17.19236946
v 31.29904747 16.70906067 17.28688622
v 31.29738998 16.71408463 17.38182068
v 27.77337265 17.02454758 18.75780678
v 27.77502823 17.01952362 18.66287231
v 27.77667809 17.00806999 18.56835556
v 27.77831268 16.99024963 18.47476196
v 24.24935341 17.33501053 20.13379288
v 24.25101089 17.32998466 20.03885841
v 24.25266075 17.31853294 19.94434166
v 24.25429535 17.30071068 19.85074806
v 18.46691704 17.84443665 22.39160156
v 17.74695206 17.87400246 22.39160156
v 5.30826569 17.87400246 22.39160156
v -5.97095251 17.87400246 22.39160156
v -16.78900337 16.92094231 18.16759109
v -16.68258095 15.54529762 12.07066536
v -14.12756252 15.49042892 11.82748508
v -15.82231331 15.51660728 11.94350815
v -14.50793362 15.49160957 11.83271694
v -15.08822250 15.49894905 11.86524487
v 43.28220367 15.59072685 12.27201176
v 43.20355225 15.62242794 12.41250992
v 6.46773434 17.87400246 22.39160156
v 6.09835434 18.07539368 22.39337730
v 5.67764521 18.07539368 22.39337730
v 5.30825377 17.87403297 22.39337730
v 6.46774626 17.87403297 22.39337730
v 31.52281380 15.25929165 11.34496880
v 31.52281380 14.84141159 11.01086998
v 20.11021996 14.84141159 11.01086998
v 8.69762611 14.84141159 11.01086998
v 8.69762611 15.25929165 11.34496880
v -2.71496844 15.25929165 11.34496880
v -14.12756252 15.40209389 11.57318115
v 20.11021996 15.25929165 11.34496880
v -14.12756252 15.25929165 11.34496880
v -2.71496844 14.84141159 11.01086998
v 48.08125687 6.00000000 10.89160061
v 48.53563690 6.00155973 10.98095226
v 48.92234802 6.00600624 11.23570061
v 49.18380737 6.01267767 11.61790848
v 49.28107452 6.02058029 12.07065773
v 46.46939087 15.09509468 11.67779255
v 46.17630005 15.15073681 11.68187237
v 45.75076675 15.26838779 11.77696323
v 45.44650269 15.31418037 11.81184006
v 44.92803192 15.42012024 11.95749950
v 44.75764465 15.44169044 11.99027538
v 44.18132019 15.53514194 12.17864704
v 43.78784180 15.57632637 12.27729797
v 43.41420364 15.62396812 12.43415070
v 43.27885437 15.63213730 12.46013641
v 43.19689941 15.63517284 12.46997356
v 46.03699875 15.22406769 11.75626755
v 45.20538330 15.38461018 11.91014576
v 44.30939484 15.52144051 12.14811802
v 43.60704422 15.60918617 12.38879585
v 45.47348785 15.34993553 11.87272930
v 44.52553177 15.49816513 12.09909630
v 43.67417145 15.60369682 12.37212944
v 44.74343109 15.47461319 12.05350780
v 43.79241562 15.59383583 12.34231186
v 43.91712189 15.58327389 12.31066036
v 43.42748260 15.59886837 12.31637478
v 43.31217957 15.61931610 12.40007496
v 43.48593903 15.60559177 12.35569572
v 43.64258575 15.54604053 12.12612343
v 43.54017258 15.57401371 12.22329235
v 43.94171143 15.52428722 12.11093616
v 43.71292877 15.56897354 12.23571014
v 44.58613586 15.43707180 11.96201611
v 44.19710541 15.51130772 12.11341000
v 45.25485229 15.34230137 11.83945942
v 44.15319443 15.47501469 11.99007320
v 44.92622757 15.35987949 11.83049297
v 45.65941620 15.24199581 11.72195339
v 45.86058044 15.20745468 11.70203400
v 49.46122742 14.21953201 22.39160156
v 49.31632233 14.79116249 22.39160156
v 48.91660309 15.22468090 22.39160156
v 48.35858917 15.41540718 22.39160156
v 48.92234802 0.99399370 11.23570061
v 48.53563690 0.99844038 10.98095226
v 48.08125687 1.00000000 10.89160061
v 49.28107452 0.97941947 12.07065773
v 49.18380737 0.98732227 11.61790848
v 49.28107452 2.52058053 12.07065773
v 49.18380737 2.51267767 11.61790848
v 48.92234802 2.50600624 11.23570061
v 48.53563690 2.50155973 10.98095226
v 48.08125687 2.50000000 10.89160061
v 47.22260284 15.80792809 10.67821789
v 46.85963821 15.82790756 10.59267330
v 46.42140961 15.85796547 10.51462746
v 45.87842560 15.89837646 10.44070053
v 45.20455933 15.94774246 10.37030983
v 44.42232132 15.99799442 10.31156158
v 43.63960648 16.03433037 10.28346729
v 44.02383423 16.18981934 10.48621273
v 43.43736649 16.22447014 10.48118210
v 43.65852737 16.37277985 10.70209217
v 43.26716232 16.40090942 10.71297169
v 43.44493866 16.49299622 10.88197517
v 43.17403793 16.51366425 10.89803219
v 43.21367645 16.64729309 11.19094658
v 43.07201767 16.65522957 11.20244122
v 42.93540955 16.57452011 11.01156044
v 42.93540955 16.27701569 10.53611755
v 43.53050232 16.64667320 11.23369598
v 43.36673737 16.64495087 11.20269871
v 43.85222626 16.65742302 11.33030891
v 43.69564438 16.65115738 11.27810764
v 44.09090424 16.46553993 10.93238449
v 43.75843430 16.47785378 10.89702225
v 44.10843658 16.34737015 10.72381592
v 43.99392319 16.66493225 11.38639927
v 44.96864319 16.44087410 11.06876278
v 45.67971039 16.26898766 10.89609718
v 46.52500153 16.03674316 10.74464607
v 44.65499115 16.15128899 10.52361012
v 45.24532318 16.11279869 10.57522106
v 44.56568146 16.32302666 10.76310539
v 45.75114441 16.07963753 10.63012028
v 44.98799515 16.30081749 10.80759907
v 44.41305542 16.45509911 10.97682476
v 46.17242813 16.05416489 10.68607807
v 45.35933304 16.28237915 10.85208035
v 44.70750809 16.44667625 11.02322388
v 28.66966629 16.43914223 10.76546955
v 14.40392303 16.43914223 10.76546955
v 0.13818015 16.43914223 10.76546955
v 0.13818015 15.88100815 10.13896084
v 0.13818015 15.14701939 9.73240566
v 14.40392303 15.14701939 9.73240566
v 28.66966629 15.14701939 9.73240566
v 28.66966629 15.88100815 10.13896084
v 14.40392303 15.88100815 10.13896084
v -18.53710556 15.61111832 10.49730301
v -18.99289513 15.57275105 10.56332874
v -19.60437965 15.51386547 10.67055225
v -20.00025749 15.46691895 10.74860382
v -20.45991135 15.40249443 10.84668446
v -21.45235634 15.22146893 11.08675575
v -20.84509468 15.45947456 10.99436378
v -21.60030365 15.32151127 11.18071175
v -21.00448036 15.48444843 11.05923271
v -21.65536308 15.36647511 11.22175407
v -21.31699753 15.54414845 11.19789505
v -21.75326157 15.46732044 11.31072426
v -21.52441978 15.60379314 11.30716038
v -21.81148338 15.55428791 11.38444233
v -21.71760368 15.70174789 11.44542027
v -21.86495972 15.67374420 11.48573208
v -21.92396736 15.56799889 11.43830109
v -21.90968513 15.33097553 11.29878712
v -21.63714027 15.72699261 11.43204021
v -21.55172539 15.75895023 11.42288113
v -21.37598991 15.83740234 11.41720867
v -21.18026352 15.69130325 11.24629784
v -20.83479691 15.79203892 11.20527554
v -20.81061363 15.65223217 11.10038567
v -20.34262085 15.75698090 11.02904129
v -20.32773018 15.60602951 10.92298794
v -19.77017975 15.70188904 10.82919216
v -20.10375786 15.58212757 10.84354305
v -19.52278328 15.66952324 10.74394894
v -21.21181679 15.92584705 11.42778111
v -20.53018951 15.88955879 11.18361950
v -19.95538902 15.84800911 10.98348999
v -19.33876801 15.77718258 10.77072716
v -19.08299828 15.73524189 10.68309402
v -20.45863152 15.52523518 10.91243458
v -20.65691185 15.54769039 10.98601437
v -21.06530762 15.59682560 11.14629269
v -21.35673714 15.64426136 11.27444839
v -38.09683609 12.13118458 16.27160454
v -37.86217880 12.43833637 16.22110939
v -38.18257904 12.38036251 16.51396942
v -37.94376755 12.67049885 16.44311523
v -38.24446487 12.68966484 16.78984451
v -37.99683380 12.94211292 16.68062210
v -38.27128601 13.02479553 17.06704140
v -38.01364136 13.22634602 16.91110229
v -37.58551788 13.47393036 16.74231339
v -37.71178436 13.40987015 16.78260612
v -37.69582367 13.17914867 16.58984566
v -37.64297867 12.95657253 16.38751602
v -37.55728912 12.75401020 16.18668365
v -37.56889725 13.26174164 16.56240082
v -37.51586533 13.05731869 16.37286377
v -37.42775726 12.86883068 16.18100548
v -16.79387665 16.95437622 18.44680405
v -16.79224205 16.94964218 18.35315514
v -6.69091702 17.84443665 22.39160156
v -16.79061508 16.93847656 18.25991821
v -16.66929245 14.99270725 11.30939865
v -16.67497063 15.36699295 11.63472939
v -15.54645348 15.13751507 11.26265621
v -16.20656776 15.10631371 11.31226349
v -16.54286766 15.23671532 11.46404362
v -16.48518562 15.37845707 11.63274193
v -16.59309959 15.42620468 11.72661972
v -16.37458801 15.42300987 11.70168972
v -16.17864227 15.47805882 11.81835365
v -15.94141674 15.47266388 11.79168797
v -15.37678051 15.46249104 11.74067688
v -14.87645626 15.45826054 11.71683598
v -14.44630241 15.45924950 11.71559048
v -14.51902771 15.41893673 11.61074543
v -14.56713200 15.38676357 11.54326534
v -15.10324860 15.37850285 11.53884792
v -15.33485508 15.26525211 11.37828064
v -15.96714020 15.25061321 11.41318512
v -14.81763935 15.16007519 11.23904896
v -14.69523621 15.28069973 11.37408638
v -16.41220284 15.48392582 11.84731865
v -15.01501942 15.41363239 11.60693550
v -15.67768478 15.37601376 11.56309128
v -15.56295300 15.41430855 11.62975979
v -16.26377869 15.37746906 11.61064529
v -16.14558601 15.41999912 11.67806721
v 5.05186987 17.87741280 22.58695221
v 4.74435234 17.88197327 22.84824562
v 4.35567904 17.88813972 23.20148849
v -5.97095251 17.89669418 23.69160080
v 3.83756423 17.89669418 23.69160080
v -6.32320118 17.87817383 23.04160118
v -6.69275522 17.86705399 23.69160080
v 49.39839172 14.66373062 23.69160080
v 49.44684982 14.48925495 23.36658287
v 49.48391724 14.21953201 23.69160080
v 49.44132614 14.48799801 23.04156303
v 49.32140350 14.80173016 23.04156303
v 49.12205887 15.07147884 23.04156303
v 49.12609100 15.07546902 23.36658287
v 48.93584061 15.23241901 23.36658287
v 49.15983963 15.04803753 23.69160080
v 48.79735947 15.31796265 23.69160080
v 49.32636642 14.80445671 23.36658287
v 48.36042404 15.43802357 23.69160080
v 48.93269730 15.22769737 23.04156303
v 18.46875572 17.86705399 23.69160080
v 18.10518837 17.87792969 23.04160118
v 17.74695206 17.89669418 23.69160080
v 7.93843603 17.89669418 23.69160080
v 7.42032051 17.88813972 23.20148849
v 7.03164721 17.88197327 22.84824562
v 6.72412968 17.87741280 22.58695221
v 7.57717896 18.58010292 23.69160080
v 6.99756050 19.09156799 23.69160080
v 6.27450848 19.36497307 23.69160080
v 5.50149155 19.36497307 23.69160080
v 4.77843952 19.09156799 23.69160080
v 4.19882107 18.58010292 23.69160080
v -36.58258820 15.41540718 22.39160156
v -36.58442688 15.43802357 23.69160080
v -37.70286560 4.55528736 23.40207100
v -37.59986496 4.34922552 17.50123215
v -38.62446213 4.31011057 16.38113022
v -37.49065018 4.33247566 17.02158737
v -37.19816208 4.31866407 16.62606621
v -36.77155685 4.31011057 16.38113022
v -38.86417007 4.33521938 17.10014534
v -38.77172089 4.32234573 16.73150253
v -37.70792007 4.85510445 23.69160080
v -37.70724869 4.70813751 23.65313530
v -37.70540619 4.59885740 23.54760551
v -37.02024841 15.31680965 23.69160080
v -36.85027313 15.37923145 23.36658287
v -36.84857559 15.37382698 23.04156303
v -37.14060593 15.22468090 22.39160156
v -37.15156937 15.22889805 23.04156303
v -37.40428543 15.00836849 23.04156303
v -37.40859222 15.01206303 23.36658287
v -37.54961777 14.80971527 23.36658287
v -37.38398361 15.04792118 23.69160080
v -37.62365341 14.66476345 23.69160080
v -37.15468979 15.23362350 23.36658287
v -37.70792007 14.21953201 23.69160080
v -37.54465485 14.80696297 23.04156303
v -37.54032516 14.79116249 22.39160156
v -37.68522644 14.21953201 22.39160156
v -24.16332626 16.16688538 15.01942062
v -24.06112671 16.12581444 14.86551189
v -23.87870407 16.08168030 14.68389988
v -23.80188560 16.06840706 14.62443924
v -23.50904083 16.05788231 14.50201511
v -23.60325050 16.13369179 14.72360134
v -23.43882942 16.11096573 14.61777210
v -23.56468391 16.14523697 14.75179386
v -23.36757088 16.14739418 14.73919010
v -23.51082611 16.17397499 14.85699940
v -23.59995270 16.21025085 15.01777172
v -23.70717239 16.18490410 14.92923069
v -23.60552025 16.15395927 14.79103279
v -23.64938354 16.14296341 14.76577568
v -23.76418304 16.21798134 15.07460403
v -23.83341599 16.20976830 15.05985928
v -23.76578331 16.17566872 14.91203690
v -38.56596756 4.28613710 16.27365875
v -38.51002121 4.22421026 16.18128014
v -38.46717453 4.12907982 16.11612320
v -38.45028305 4.01029348 16.09160042
v -16.54816437 13.27556038 10.98736858
v -16.49632072 13.35473633 10.98687935
v -16.46054077 13.26584530 10.97520828
v -16.46067810 13.14284134 10.96731949
v -37.62212753 12.49101257 18.77668571
v -32.82595062 14.48084259 17.18254089
v -32.52440262 14.32343960 16.91793442
v -32.28910065 14.07778835 16.61027718
v -32.14479828 13.76974201 16.29194641
v -32.10668945 13.43172073 15.99644375
v -32.17878342 13.09929848 15.75486946
v -32.35348892 12.80745983 15.59264755
v -18.18009377 14.78906250 11.48062038
v -18.55520439 14.83847809 11.56895924
v -19.05002403 14.87936401 11.69128513
v -19.08402443 14.80271816 11.66472435
v -19.76822090 14.79517174 11.84634495
v -19.82874298 14.74117279 11.85343933
v -20.60743523 14.62808132 12.06060600
v -20.67350578 14.56038570 12.07181454
v -21.05548096 14.47731113 12.17338943
v -21.08793831 14.43076897 12.17910004
v -19.71833801 14.88173103 11.86259460
v -20.56521225 14.68781853 12.05785179
v -21.02015495 14.53736305 12.16988182
v -20.54610062 14.79442883 12.07920742
v -20.99275589 14.70537376 12.19655514
v -20.99674225 14.59374046 12.17171764
v -20.73740959 14.50543404 12.08555317
v -19.92975998 14.67260265 11.87352562
v -19.13356209 14.76040649 11.66778755
v -18.53986740 14.74416828 11.52179337
v -20.03623199 14.61130619 11.89819908
v -19.35464859 14.64315414 11.71563435
v -18.72683144 14.59908485 11.54722023
v -18.17511749 14.48766613 11.39924335
v -18.55397415 14.70636177 11.51339245
v -18.62163734 14.65443134 11.52314091
v -19.23406219 14.70158482 11.68731308
v -36.69514465 11.47437382 16.62050819
v -36.38514328 11.51575470 16.46067047
v -35.98288345 11.58562851 16.29623985
v -35.52927017 11.68061924 16.14712334
v -35.42686081 11.86375427 16.20193291
v -35.40835953 11.90079403 16.21865273
v -35.73654556 11.96281338 16.41078758
v -36.02764130 11.99664688 16.56892395
v -36.01908112 11.85057163 16.45514870
v -35.71149063 11.85877991 16.32086945
v -35.75201797 11.81518364 16.31027412
v -36.30335617 11.87942982 16.61243248
v -36.37609482 11.81701469 16.61002541
v -36.07998276 11.79871559 16.45053101
v -33.07830048 -6.53809118 14.68956852
v -33.66646576 -6.50607443 14.20152378
v -32.88121414 -6.58298731 13.99111557
v -32.49440765 -6.72624016 14.68956852
v -32.16178894 -6.91777134 13.79834652
v -31.97196579 -7.06266928 14.68956852
v -31.58494949 -7.47470856 13.64378262
v -31.55801010 -7.51162910 14.68956852
v -31.21223831 -8.19437790 13.54391479
v -31.21056557 -8.19948769 14.68956852
v -31.08341980 -9.00000000 13.50939846
v -31.21223831 -9.80562210 13.54391479
v -31.19677925 -9.75697422 14.68956852
v -31.08341980 -9.00000000 14.68956852
v -31.50818062 -10.41610146 14.68956852
v -31.58494949 -10.52529144 13.64378262
v -32.00225830 -10.96249199 14.68956852
v -32.16178894 -11.08222866 13.79834652
v -32.65036392 -11.34083366 14.68956852
v -32.88121414 -11.41701221 13.99111557
v -33.15974426 -11.47531796 14.68956852
v -33.66646576 -11.49392605 14.20152378
v -34.66061401 -6.65076828 14.46790504
v -33.83470154 -6.50000000 14.24660206
v -34.17319107 -6.52468252 15.46570587
v -34.68257141 -6.65916681 15.46570587
v -35.33067703 -7.03750801 15.46570587
v -35.82475662 -7.58389902 15.46570587
v -36.13615799 -8.24302578 15.46570587
v -36.24951553 -9.00000000 15.46570587
v -36.12237167 -9.80051231 15.46570587
v -35.77492523 -10.48837090 15.46570587
v -35.92599106 -10.25000000 14.80696106
v -35.38691330 -10.91511154 14.66251564
v -35.36096954 -10.93733025 15.46570587
v -34.83852768 -11.27375984 15.46570587
v -34.25463486 -11.46190834 15.46570587
v -33.83470154 -11.50000000 14.24660206
v -34.66061401 -11.34923172 14.46790504
v -36.21282959 -9.43412018 14.88381958
v -36.21282959 -8.56587982 14.88381958
v -35.92599106 -7.75000000 14.80696106
v -35.38691330 -7.08488894 14.66251564
v -33.77858353 -11.49932480 14.23156452
v -33.72249603 -11.49730015 14.21653652
v -33.77858353 -6.50067520 14.23156452
v -33.72249603 -6.50270033 14.21653652
v 8.51479530 -19.43272209 23.39342308
v 8.68799973 -19.74026299 23.39342308
v 8.52118587 -19.43397141 23.39895630
v 8.69335842 -19.74131012 23.39806366
v 8.85910130 -19.50000000 23.69160080
v 8.86321354 -19.50734138 23.69157982
v 8.69014359 -19.20000076 23.69160080
v 10.18607521 -19.74131012 23.39806366
v 10.10624695 -19.50734138 23.69157982
v 10.11861515 -19.50000000 23.69160080
v 10.62548923 -19.20000076 23.69160080
v 7.57717896 -18.58010292 23.69160080
v 7.93843603 -17.89669418 23.69160080
v 13.68475056 -19.20000076 23.69160080
v 17.74695206 -17.89669418 23.69160080
v 14.43159389 -19.18426132 23.69160080
v 15.16037750 -19.13939095 23.69160080
v 15.92901039 -19.07693100 23.69160080
v 18.46875572 -17.86705399 23.69160080
v 48.45783997 -16.43360329 23.69160080
v 48.36042404 -15.43802357 23.69160080
v 48.46265411 -16.43321228 23.69160080
v 49.24680710 -16.21509933 23.69160080
v 49.90122986 -15.73128319 23.69160080
v 48.79735947 -15.31796265 23.69160080
v 49.15983963 -15.04803753 23.69160080
v 50.33247375 -15.04190350 23.69160080
v 49.39839172 -14.66373062 23.69160080
v 50.48411560 -14.24081898 23.69160080
v 49.48391724 -14.21953201 23.69160080
v 50.48411560 -14.23599148 23.69160080
v 7.88585663 -19.20000076 23.69160080
v 6.99756050 -19.09156799 23.69160080
v 7.68800020 -19.50000000 23.69160080
v 6.31479502 -19.50000000 23.69160080
v 6.27450848 -19.36497307 23.69160080
v 5.50149155 -19.36497307 23.69160080
v 5.46120501 -19.50000000 23.69160080
v 4.77843952 -19.09156799 23.69160080
v 4.08799982 -19.50000000 23.69160080
v 3.89014339 -19.20000076 23.69160080
v 4.05910110 -19.50000000 23.69160080
v 4.19882107 -18.58010292 23.69160080
v 3.08585668 -19.20000076 23.69160080
v 1.15051103 -19.20000076 23.69160080
v 1.65738440 -19.50000000 23.69160080
v 3.83756423 -17.89669418 23.69160080
v -1.90875030 -19.20000076 23.69160080
v -5.97095251 -17.89669418 23.69160080
v -2.65559340 -19.18426132 23.69160080
v -3.38437772 -19.13939095 23.69160080
v -4.15301037 -19.07693100 23.69160080
v -6.69275522 -17.86705399 23.69160080
v -36.68184280 -16.43360329 23.69160080
v -36.58442688 -15.43802357 23.69160080
v -36.68665314 -16.43321228 23.69160080
v -37.47082520 -16.21511269 23.69160080
v -38.12527084 -15.73131275 23.69160080
v -37.02024841 -15.31680965 23.69160080
v -37.38398361 -15.04792118 23.69160080
v -38.55649567 -15.04191971 23.69160080
v -37.62365341 -14.66476345 23.69160080
v -38.70811462 -14.24081898 23.69160080
v -37.70792007 -14.21953201 23.69160080
v -38.70811462 -14.23599148 23.69160080
v -38.70811462 -4.85510445 23.69160080
v -37.70792007 -4.85510445 23.69160080
v 2.91689897 -19.50000000 23.69160080
v 7.71689892 -19.50000000 23.69160080
v 7.71278667 -19.50734138 23.69157982
v 7.88264179 -19.74131012 23.39806366
v 8.05481434 -19.43397141 23.39895630
v 7.88800001 -19.74026299 23.39342308
v 8.06120491 -19.43272209 23.39342308
v 7.68800020 -19.50734138 23.69157982
v 6.48799992 -19.74131012 23.39806366
v 7.68800020 -19.50893021 23.68958664
v 6.32008028 -19.50893021 23.68958664
v 3.71479487 -19.43272209 23.39342308
v 3.88800001 -19.74026299 23.39342308
v 3.72118545 -19.43397141 23.39895630
v 3.89335823 -19.74131012 23.39806366
v 4.06321335 -19.50734138 23.69157982
v 3.88800001 -17.70604515 14.37766361
v 3.71479487 -17.29903603 13.93681908
v 5.28800011 -17.70604515 14.37766361
v 5.28800011 -19.74131012 23.39806366
v 4.08799982 -19.50734138 23.69157982
v 4.08799982 -19.50893021 23.68958664
v 5.45591974 -19.50893021 23.68958664
v 2.91278648 -19.50734138 23.69157982
v 3.08264184 -19.74131012 23.39806366
v 3.25481439 -19.43397141 23.39895630
v 3.08800006 -19.74026299 23.39342308
v 3.26120520 -19.43272209 23.39342308
v 1.66975307 -19.50734138 23.69157982
v 1.58992445 -19.74131012 23.39806366
v 3.08800006 -17.70604515 14.37766361
v 1.58800006 -17.70604515 14.37766361
v 1.58800006 -19.74109459 23.39710045
v 1.06838477 -19.43355179 23.39710045
v 1.07209754 -19.43397141 23.39895630
v 1.06838477 -17.29903603 13.93681908
v 10.70390224 -19.43397141 23.39895630
v 10.18799973 -19.74109459 23.39710045
v 10.70761490 -19.43355179 23.39710045
v 10.18799973 -17.70604515 14.37766361
v 10.70761490 -17.29903603 13.93681908
v 8.51479530 -17.29903603 13.93681908
v 43.06911850 -16.91126442 12.21819687
v 43.28220367 -16.85884857 11.98588657
v 43.20355225 -16.89054871 12.12638474
v 8.06120491 -17.29903603 13.93681908
v 6.31479502 -17.29903603 13.93681908
v 5.46120501 -17.29903603 13.93681908
v 3.26120520 -17.29903603 13.93681908
v -1.90875030 -19.43397141 23.39895630
v -2.66599941 -19.43328667 23.39592552
v -23.59995270 -17.47837257 14.73164654
v -23.51082611 -17.44209671 14.57087421
v -23.36757088 -17.41551590 14.45306492
v 14.44199944 -19.43328667 23.39592552
v 13.68475056 -19.43397141 23.39895630
v 7.88800001 -17.70604515 14.37766361
v 8.68799973 -17.70604515 14.37766361
v -38.72958374 -4.74272251 23.66975594
v -38.79085922 -4.64670706 23.60740280
v -38.88301468 -4.58104086 23.51362228
v -39.00288010 -14.23599148 23.39164543
v -38.99263763 -4.55528736 23.40207100
v -39.00288010 -4.55492306 23.39164543
v -36.71052551 -16.72700310 23.39164734
v -37.23010254 -16.62557602 23.39166069
v -37.33399582 -16.43447876 23.54150581
v -37.71693802 -16.41719055 23.39166832
v -37.90625000 -16.12151146 23.54151154
v -38.15039062 -16.11362457 23.39167595
v -38.28848648 -15.76890278 23.54151344
v -38.50981522 -15.72665882 23.39169121
v -38.61508560 -15.27372932 23.54150963
v -38.87428284 -15.02354717 23.39168358
v -38.80704498 -14.71059132 23.54150200
v -39.00287628 -14.24081898 23.39164734
v -38.85549927 -14.23840523 23.54162407
v -4.17688465 -19.37072754 23.39164543
v -36.70571518 -16.72739792 23.39164543
v -36.69618607 -16.58030510 23.54162407
v -3.40698600 -19.41760826 23.39232635
v -3.02761292 -19.29726410 23.54267693
v -3.78027630 -19.25312233 23.54165840
v -2.27171016 -19.31504250 23.54487419
v -38.89966583 -4.34843302 17.47854424
v 14.80208015 -19.29732704 23.54268074
v 15.18298626 -19.41760826 23.39232635
v 14.04687214 -19.31505013 23.54487610
v 48.48171616 -16.72739792 23.39164543
v 15.95288467 -19.37072754 23.39164543
v 15.55635548 -19.25311661 23.54165840
v 50.65028763 -15.02354336 23.39168167
v 50.77887726 -14.24081898 23.39164734
v 50.55563736 -14.82816505 23.54150963
v 50.33675003 -15.37822151 23.54151726
v 50.06444168 -15.76886749 23.54151917
v 49.57442093 -16.19655609 23.54151535
v 49.92638779 -16.11362839 23.39167595
v 49.49293518 -16.41719437 23.39166641
v 48.98688126 -16.47770691 23.54150772
v 49.00610352 -16.62557793 23.39165878
v 48.48652649 -16.72700310 23.39164734
v 50.28581238 -15.72665787 23.39168930
v 48.47218323 -16.58030510 23.54162407
v 50.77888107 -14.23599148 23.39164543
v 50.63149643 -14.23840523 23.54162407
v 43.10312653 -16.92832947 12.30144310
v 43.13708878 -16.94210243 12.38531590
v -6.13286877 -12.81985569 9.59160042
v -6.13286877 -12.81985569 9.89160061
v -6.06588125 -13.06985569 9.59160042
v -6.06588125 -13.06985569 9.89160061
v -5.88286877 -13.25286770 9.59160042
v -5.88286877 -13.25286770 9.89160061
v -5.63286877 -13.31985569 9.59160042
v -5.63286877 -13.31985569 9.89160061
v 37.58125687 -13.31985569 9.89160061
v 37.58125687 -13.31985569 9.59160042
v 37.83125687 -13.25286770 9.59160042
v 37.83125687 -13.25286770 9.89160061
v 38.01427078 -13.06985569 9.59160042
v 38.01427078 -13.06985569 9.89160061
v 38.08125687 -12.81985569 9.59160042
v 38.08125687 -12.81985569 9.89160061
v 49.38965988 -11.60000038 18.29160118
v 49.41933441 -11.60000038 19.99160004
v 50.18391800 -11.60000038 18.29160118
v 50.18391800 -11.60000038 19.99160004
v 49.38965988 -8.39999962 18.29160118
v 50.18391800 -8.39999962 18.29160118
v 49.41933441 -8.39999962 19.99160004
v 50.18391800 -8.39999962 19.99160004
v 49.28107452 -4.47941971 12.07065773
v 49.28107452 -6.02058029 12.07065773
v 49.45433807 -4.30615759 21.99683571
v 49.45433807 -6.19384241 21.99683571
v 49.45691681 -4.26424789 22.14461327
v 49.45691681 -6.23575211 22.14461327
v 49.45879364 -4.15468884 22.25227737
v 49.45879364 -6.34531116 22.25227737
v 49.45948029 -4.00620317 22.29160118
v 49.45948029 -6.49379683 22.29160118
v 49.45948029 -7.50620317 22.29160118
v 49.45879364 -7.65468884 22.25227737
v 49.46122742 -14.21953201 22.39160156
v 49.45691681 -7.76424789 22.14461327
v 49.45433807 -7.80615759 21.99683571
v 49.28107452 -7.97941971 12.07065773
v 49.45948029 -0.50620306 22.29160118
v 49.45948029 -2.99379683 22.29160118
v 49.45879364 -2.84531093 22.25227737
v 49.45879364 -0.65468907 22.25227737
v 49.45691681 -2.73575211 22.14461327
v 49.45691681 -0.76424783 22.14461327
v 49.45433807 -2.69384265 21.99683571
v 49.45433807 -0.80615741 21.99683571
v 49.28107452 -2.52058053 12.07065773
v 49.28107452 -0.97941947 12.07065773
v -37.61366272 -11.60000038 18.29160118
v -38.40791702 -11.60000038 18.29160118
v -37.64333344 -11.60000038 19.99160004
v -38.40791702 -11.60000038 19.99160004
v -37.61366272 -8.39999962 18.29160118
v -38.40791702 -8.39999962 18.29160118
v -37.64333344 -8.39999962 19.99160004
v -38.40791702 -8.39999962 19.99160004
v -16.41418839 -13.45626068 13.63069439
v -16.41346550 -13.54853439 13.67211533
v -16.40450287 -13.53861237 13.74377346
v -16.35321045 -13.55233383 13.88980007
v -16.37389565 -13.49779987 13.80901527
v -16.32377434 -13.46276093 13.86459732
v -16.37487984 -13.38242722 13.75791645
v -16.32474327 -13.36422920 13.82088566
v -16.27201843 -13.35270882 13.86031723
v -16.19629097 -13.34321880 13.89224052
v -16.19521713 -13.42240334 13.92733860
v -16.11345291 -13.40604210 13.93092442
v -16.19391251 -13.47676754 13.96996689
v -16.10969353 -13.51560116 14.03858757
v -16.19180870 -13.52897835 14.03873158
v -16.10611343 -13.55748367 14.18484020
v -16.26785088 -13.55879211 14.02308178
v -16.32259941 -13.53036404 13.91767025
v -16.26980782 -13.50092888 13.94670391
v -16.27102089 -13.44061565 13.89933491
v -16.10453606 -13.55751038 14.18636513
v -16.40556526 -13.40361023 13.68409920
v -16.41463089 -13.35834026 13.60536194
v -15.51054764 -13.40604210 13.93092442
v -15.51430607 -13.51560116 14.03858757
v -15.51946449 -13.55751038 14.18636513
v -2.94957662 -15.96237755 20.19683647
v -2.90766692 -15.96237755 20.34461403
v -2.90935969 -15.81242657 20.19875145
v -2.87309766 -15.83335876 20.34461403
v -2.79957294 -15.70264053 20.19875145
v -2.77864075 -15.73890209 20.34461403
v -2.64962220 -15.70433331 20.34461403
v -2.64962220 -15.81389141 20.45227623
v -2.72386408 -15.83378410 20.45227623
v -2.64962220 -15.96237755 20.49160004
v -2.79810810 -15.96237755 20.45227623
v -2.77821541 -15.88813591 20.45227623
v -2.64962220 -15.66242313 20.19683647
v -2.82281995 -15.52007389 11.95887089
v -2.85157728 -15.52475452 11.97961712
v -2.79353762 -15.51850796 11.95193386
v -2.89551663 -15.60669708 14.70214939
v -2.84754467 -15.65466881 17.45045090
v -2.95733166 -15.76445484 17.45045090
v -3.00530338 -15.71648312 14.70214939
v -3.05513549 -15.71919346 12.84138012
v -2.99827671 -15.61372280 12.37393093
v -2.90641761 -15.54325294 12.06160545
v -3.06834126 -15.84361362 13.39281464
v -1.27442348 -15.96237755 20.19683647
v -1.31464016 -15.81242657 20.19875145
v -1.31633306 -15.96237755 20.34461403
v -1.35090232 -15.83335876 20.34461403
v -1.42589188 -15.96237755 20.45227623
v -1.44578457 -15.88813591 20.45227623
v -1.57437778 -15.96237755 20.49160004
v -1.44535923 -15.73890209 20.34461403
v -1.42442703 -15.70264053 20.19875145
v -1.57437778 -15.70433331 20.34461403
v -1.57437778 -15.66242313 20.19683647
v -1.57437778 -15.81389141 20.45227623
v -1.50013590 -15.83378410 20.45227623
v -1.57437778 -17.44530678 20.49160004
v -1.42589188 -17.43643379 20.45227623
v -1.31633306 -17.41214180 20.34461403
v -1.27442348 -17.37879944 20.19683647
v -1.16886437 -15.71919346 12.84138012
v -1.21869659 -15.71648312 14.70214939
v -1.15565884 -15.84361362 13.39281464
v -1.26666844 -15.76445484 17.45045090
v -1.37645519 -15.65466881 17.45045090
v -1.32848346 -15.60669708 14.70214939
v -1.37242270 -15.52475452 11.97961712
v -1.31758237 -15.54325294 12.06160545
v -1.22572327 -15.61372280 12.37393093
v -1.40118003 -15.52007389 11.95887089
v -1.43046248 -15.51850796 11.95193386
v -2.94957662 -17.37879944 20.19683647
v -2.90766692 -17.41214180 20.34461403
v -2.79810810 -17.43643379 20.45227623
v -2.64962220 -17.44530678 20.49160004
v 33.37305450 -15.70433331 20.34461403
v 33.24403763 -15.73890209 20.34461403
v 33.37305450 -15.81389141 20.45227623
v 33.29881287 -15.83378410 20.45227623
v 33.37305450 -15.96237755 20.49160004
v 33.37305450 -15.66242313 20.19683647
v 33.22310257 -15.70264053 20.19875145
v 33.14957809 -15.83335876 20.34461403
v 33.11331558 -15.81242657 20.19875145
v 33.11500931 -15.96237755 20.34461403
v 33.07310104 -15.96237755 20.19683647
v 33.22456741 -15.96237755 20.45227623
v 33.24446106 -15.88813591 20.45227623
v 33.07310104 -16.61908722 20.19683647
v 33.11500931 -16.61826897 20.34461403
v 33.22456741 -16.61125183 20.45227623
v 33.37305450 -16.59987450 20.49160004
v 33.19985580 -15.52007389 11.95887089
v 33.17110062 -15.52475452 11.97961712
v 33.22914124 -15.51850796 11.95193386
v 33.12715912 -15.60669708 14.70214939
v 33.17513275 -15.65466881 17.45045090
v 33.06534576 -15.76445484 17.45045090
v 33.01737213 -15.71648312 14.70214939
v 32.96754074 -15.71919346 12.84138012
v 33.02439880 -15.61372280 12.37393093
v 33.11626053 -15.54325294 12.06160545
v 32.95433426 -15.84361362 13.39281464
v 34.44829941 -15.66242313 20.19683647
v 34.44829941 -15.70433331 20.34461403
v 34.59825134 -15.70264053 20.19875145
v 34.57731628 -15.73890209 20.34461403
v 34.70803833 -15.81242657 20.19875145
v 34.67177582 -15.83335876 20.34461403
v 34.70634460 -15.96237755 20.34461403
v 34.59678650 -15.96237755 20.45227623
v 34.57689285 -15.88813591 20.45227623
v 34.44829941 -15.96237755 20.49160004
v 34.44829941 -15.81389141 20.45227623
v 34.52254105 -15.83378410 20.45227623
v 34.74825287 -15.96237755 20.19683647
v 34.85381317 -15.71919346 12.84138012
v 34.80398178 -15.71648312 14.70214939
v 34.86701965 -15.84361362 13.39281464
v 34.75600815 -15.76445484 17.45045090
v 34.64622116 -15.65466881 17.45045090
v 34.69419479 -15.60669708 14.70214939
v 34.62149811 -15.52007389 11.95887089
v 34.65025330 -15.52475452 11.97961712
v 34.70509338 -15.54325294 12.06160545
v 34.79695511 -15.61372280 12.37393093
v 34.59221649 -15.51850796 11.95193386
v 34.44829941 -16.51249886 20.49160004
v 34.59678650 -16.49974251 20.45227623
v 34.70634460 -16.48895454 20.34461403
v 34.74825287 -16.48296165 20.19683647
v 33.00740433 -16.52957153 16.43301392
v 33.01227570 -16.56300354 16.71222687
v 33.00901413 -16.54710579 16.52534103
v 33.01064301 -16.55826950 16.61857796
v 4.38179684 -15.73575211 22.14461327
v 4.25277853 -15.77032185 22.14461327
v 4.38179684 -15.84531116 22.25227737
v 4.30755520 -15.86520386 22.25227737
v 4.38179684 -15.99379730 22.29160118
v 4.38179684 -15.69384289 21.99683571
v 4.23184633 -15.73405933 21.99875259
v 4.15832138 -15.86477852 22.14461327
v 4.12205935 -15.84384632 21.99875259
v 4.12375212 -15.99379730 22.14461327
v 4.08184242 -15.99379730 21.99683571
v 4.23331118 -15.99379730 22.25227737
v 4.25320387 -15.91955471 22.25227737
v 4.08184242 -17.78493118 21.99683571
v 4.12375212 -17.81827545 22.14461327
v 4.23331118 -17.84256744 22.25227737
v 4.38179684 -17.85143852 22.29160118
v 4.17718029 -15.52007389 11.95887089
v 4.14842272 -15.52475452 11.97961712
v 4.20646238 -15.51850796 11.95193386
v 4.11495638 -15.61716938 15.30214977
v 4.17340136 -15.67561436 18.65045166
v 4.06361437 -15.78540134 18.65045166
v 4.00516987 -15.72695637 15.30214977
v 3.94486451 -15.71919346 12.84138012
v 4.00172329 -15.61372280 12.37393093
v 4.09358215 -15.54325294 12.06160545
v 3.93165874 -15.84361362 13.39281464
v 7.65224791 -15.99379730 22.14461327
v 7.61767864 -15.86477852 22.14461327
v 7.54268885 -15.99379730 22.25227737
v 7.52279615 -15.91955471 22.25227737
v 7.39420319 -15.99379730 22.29160118
v 7.69415760 -15.99379730 21.99683571
v 7.65394068 -15.84384632 21.99875259
v 7.52322149 -15.77032185 22.14461327
v 7.54415369 -15.73405933 21.99875259
v 7.39420319 -15.73575211 22.14461327
v 7.39420319 -15.69384289 21.99683571
v 7.39420319 -15.84531116 22.25227737
v 7.46844482 -15.86520386 22.25227737
v 7.83113575 -15.71919346 12.84138012
v 7.77083015 -15.72695637 15.30214977
v 7.84434128 -15.84361362 13.39281464
v 7.71238565 -15.78540134 18.65045166
v 7.60259867 -15.67561436 18.65045166
v 7.66104364 -15.61716938 15.30214977
v 7.62757730 -15.52475452 11.97961712
v 7.68241787 -15.54325294 12.06160545
v 7.77427673 -15.61372280 12.37393093
v 7.59881973 -15.52007389 11.95887089
v 7.56953764 -15.51850796 11.95193386
v 7.39420319 -17.85143852 22.29160118
v 7.54268885 -17.84256744 22.25227737
v 7.65224791 -17.81827545 22.14461327
v 7.69415760 -17.78493118 21.99683571
v 5.04841185 -17.11736488 22.29160118
v 5.20020294 -16.75056458 22.29160118
v 5.50200748 -16.49269485 22.29160118
v 5.28735781 -17.85143852 22.29160118
v 5.07974148 -17.51309395 22.29160118
v 5.88800001 -16.39999962 22.29160118
v 6.27399254 -16.49269485 22.29160118
v 6.57579708 -16.75056458 22.29160118
v 6.72758818 -17.11736488 22.29160118
v 6.69625854 -17.51309395 22.29160118
v 6.48864174 -17.85143852 22.29160118
v 47.67375183 -0.50620306 22.14461327
v 47.70832062 -0.63522166 22.14461327
v 47.78330994 -0.50620306 22.25227737
v 47.80320358 -0.58044499 22.25227737
v 47.93179703 -0.50620306 22.29160118
v 47.63184357 -0.50620306 21.99683571
v 47.67205811 -0.65615386 21.99875259
v 47.80278015 -0.72967857 22.14461327
v 47.78184509 -0.76594067 21.99875259
v 47.93179703 -0.76424783 22.14461327
v 47.93179703 -0.80615741 21.99683571
v 47.93179703 -0.65468907 22.25227737
v 47.85755539 -0.63479632 22.25227737
v 47.47818375 -0.85002989 10.89160061
v 47.52665329 -0.80156088 13.66838837
v 47.43799973 -0.70004570 10.89160061
v 47.57512283 -0.75309187 16.44517708
v 47.62358856 -0.70462286 19.22196388
v 47.73337555 -0.81440967 19.22196388
v 47.68490982 -0.86287868 16.44517708
v 47.73795319 -1.00000000 10.89160061
v 47.63644028 -0.91134775 13.66838837
v 47.58797073 -0.95981675 10.89160061
v 47.93179703 -2.73575211 22.14461327
v 47.80278015 -2.77032137 22.14461327
v 47.93179703 -2.84531093 22.25227737
v 47.85755539 -2.86520362 22.25227737
v 47.93179703 -2.99379683 22.29160118
v 47.93179703 -2.69384265 21.99683571
v 47.78184509 -2.73405933 21.99875259
v 47.70832062 -2.86477828 22.14461327
v 47.67205811 -2.84384608 21.99875259
v 47.67375183 -2.99379683 22.14461327
v 47.63184357 -2.99379683 21.99683571
v 47.78330994 -2.99379683 22.25227737
v 47.80320358 -2.91955495 22.25227737
v 47.67375183 -4.00620317 22.14461327
v 47.70832062 -4.13522148 22.14461327
v 47.78330994 -4.00620317 22.25227737
v 47.80320358 -4.08044481 22.25227737
v 47.93179703 -4.00620317 22.29160118
v 47.63184357 -4.00620317 21.99683571
v 47.67205811 -4.15615368 21.99875259
v 47.80278015 -4.22967863 22.14461327
v 47.78184509 -4.26594067 21.99875259
v 47.93179703 -4.26424789 22.14461327
v 47.93179703 -4.30615759 21.99683571
v 47.93179703 -4.15468884 22.25227737
v 47.85755539 -4.13479614 22.25227737
v 47.47818375 -4.35002995 10.89160061
v 47.52665329 -4.30156088 13.66838837
v 47.43799973 -4.20004559 10.89160061
v 47.57512283 -4.25309181 16.44517708
v 47.62358856 -4.20462275 19.22196388
v 47.73337555 -4.31440973 19.22196388
v 47.68490982 -4.36287880 16.44517708
v 47.73795319 -4.50000000 10.89160061
v 47.63644028 -4.41134787 13.66838837
v 47.58797073 -4.45981693 10.89160061
v 47.58797073 -2.54018331 10.89160061
v 47.63644028 -2.58865237 13.66838837
v 47.73795319 -2.50000000 10.89160061
v 47.68490982 -2.63712120 16.44517708
v 47.73337555 -2.68559027 19.22196388
v 47.62358856 -2.79537702 19.22196388
v 47.57512283 -2.74690819 16.44517708
v 47.43799973 -2.79995441 10.89160061
v 47.52665329 -2.69843912 13.66838837
v 47.47818375 -2.64997005 10.89160061
v 48.08125687 -4.50000000 10.89160061
v 48.53563690 -4.49844027 10.98095226
v 48.92234802 -4.49399376 11.23570061
v 49.18380737 -4.48732233 11.61790848
v 31.20634460 -15.96237755 20.34461403
v 31.17177582 -15.83335876 20.34461403
v 31.09678459 -15.96237755 20.45227623
v 31.07689285 -15.88813591 20.45227623
v 30.94829941 -15.96237755 20.49160004
v 31.24825287 -15.96237755 20.19683647
v 31.20803642 -15.81242657 20.19875145
v 31.07731819 -15.73890209 20.34461403
v 31.09824944 -15.70264053 20.19875145
v 30.94829941 -15.70433331 20.34461403
v 30.94829941 -15.66242313 20.19683647
v 30.94829941 -15.81389141 20.45227623
v 31.02254105 -15.83378410 20.45227623
v 29.87305450 -15.70433331 20.34461403
v 29.74403572 -15.73890209 20.34461403
v 29.87305450 -15.81389141 20.45227623
v 29.79881287 -15.83378410 20.45227623
v 29.87305450 -15.96237755 20.49160004
v 29.87305450 -15.66242313 20.19683647
v 29.72310448 -15.70264053 20.19875145
v 29.64958000 -15.83335876 20.34461403
v 29.61331749 -15.81242657 20.19875145
v 29.61500931 -15.96237755 20.34461403
v 29.57310104 -15.96237755 20.19683647
v 29.72456932 -15.96237755 20.45227623
v 29.74446106 -15.88813591 20.45227623
v 29.57310104 -16.90349960 20.19683647
v 29.61500931 -16.90268326 20.34461403
v 29.72456932 -16.89566422 20.45227623
v 29.87305450 -16.88428688 20.49160004
v 29.69985771 -15.52007389 11.95887089
v 29.67110062 -15.52475452 11.97961712
v 29.72913933 -15.51850796 11.95193386
v 29.62716103 -15.60669708 14.70214939
v 29.67513275 -15.65466881 17.45045090
v 29.56534576 -15.76445484 17.45045090
v 29.51737404 -15.71648312 14.70214939
v 29.46754074 -15.71919346 12.84138012
v 29.52440071 -15.61372280 12.37393093
v 29.61625862 -15.54325294 12.06160545
v 29.45433617 -15.84361362 13.39281464
v 31.35381317 -15.71919346 12.84138012
v 31.30397987 -15.71648312 14.70214939
v 31.36701775 -15.84361362 13.39281464
v 31.25600815 -15.76445484 17.45045090
v 31.14622116 -15.65466881 17.45045090
v 31.19419289 -15.60669708 14.70214939
v 31.15025520 -15.52475452 11.97961712
v 31.20509529 -15.54325294 12.06160545
v 31.29695320 -15.61372280 12.37393093
v 31.12149620 -15.52007389 11.95887089
v 31.09221458 -15.51850796 11.95193386
v 30.94829941 -16.79691124 20.49160004
v 31.09678459 -16.78415680 20.45227623
v 31.20634460 -16.77336884 20.34461403
v 31.24825287 -16.76737595 20.19683647
v 29.53109550 -16.83583069 17.79037094
v 29.53596878 -16.86926460 18.06958389
v 29.53270721 -16.85336494 17.88269806
v 29.53433418 -16.86452866 17.97593498
v 27.70634460 -15.96237755 20.34461403
v 27.67177582 -15.83335876 20.34461403
v 27.59678459 -15.96237755 20.45227623
v 27.57689285 -15.88813591 20.45227623
v 27.44829941 -15.96237755 20.49160004
v 27.74825287 -15.96237755 20.19683647
v 27.70803642 -15.81242657 20.19875145
v 27.57731819 -15.73890209 20.34461403
v 27.59824944 -15.70264053 20.19875145
v 27.44829941 -15.70433331 20.34461403
v 27.44829941 -15.66242313 20.19683647
v 27.44829941 -15.81389141 20.45227623
v 27.52254105 -15.83378410 20.45227623
v 26.37305450 -15.70433331 20.34461403
v 26.24403572 -15.73890209 20.34461403
v 26.37305450 -15.81389141 20.45227623
v 26.29881287 -15.83378410 20.45227623
v 26.37305450 -15.96237755 20.49160004
v 26.37305450 -15.66242313 20.19683647
v 26.22310448 -15.70264053 20.19875145
v 26.14958000 -15.83335876 20.34461403
v 26.11331749 -15.81242657 20.19875145
v 26.11500931 -15.96237755 20.34461403
v 26.07310104 -15.96237755 20.19683647
v 26.22456932 -15.96237755 20.45227623
v 26.24446106 -15.88813591 20.45227623
v 26.07310104 -17.18791389 20.19683647
v 26.11500931 -17.18709564 20.34461403
v 26.22456932 -17.18007851 20.45227623
v 26.37305450 -17.16870117 20.49160004
v 26.19985771 -15.52007389 11.95887089
v 26.17110062 -15.52475452 11.97961712
v 26.22913933 -15.51850796 11.95193386
v 26.12716103 -15.60669708 14.70214939
v 26.17513275 -15.65466881 17.45045090
v 26.06534576 -15.76445484 17.45045090
v 26.01737404 -15.71648312 14.70214939
v 25.96754074 -15.71919346 12.84138012
v 26.02440071 -15.61372280 12.37393093
v 26.11625862 -15.54325294 12.06160545
v 25.95433617 -15.84361362 13.39281464
v 27.85381317 -15.71919346 12.84138012
v 27.80397987 -15.71648312 14.70214939
v 27.86701775 -15.84361362 13.39281464
v 27.75600815 -15.76445484 17.45045090
v 27.64622116 -15.65466881 17.45045090
v 27.69419289 -15.60669708 14.70214939
v 27.65025520 -15.52475452 11.97961712
v 27.70509529 -15.54325294 12.06160545
v 27.79695320 -15.61372280 12.37393093
v 27.62149620 -15.52007389 11.95887089
v 27.59221458 -15.51850796 11.95193386
v 27.44829941 -17.08132553 20.49160004
v 27.59678459 -17.06857109 20.45227623
v 27.70634460 -17.05778313 20.34461403
v 27.74825287 -17.05178833 20.19683647
v 26.05478859 -17.14208984 19.14772797
v 26.05966187 -17.17552376 19.42694092
v 26.05640030 -17.15962410 19.24005508
v 26.05802727 -17.17078972 19.33329201
v 14.42562199 -15.66242313 20.19683647
v 14.42562199 -15.70433331 20.34461403
v 14.57557297 -15.70264053 20.19875145
v 14.55464077 -15.73890209 20.34461403
v 14.68535995 -15.81242657 20.19875145
v 14.64909744 -15.83335876 20.34461403
v 14.68366718 -15.96237755 20.34461403
v 14.57410812 -15.96237755 20.45227623
v 14.55421543 -15.88813591 20.45227623
v 14.42562199 -15.96237755 20.49160004
v 14.42562199 -15.81389141 20.45227623
v 14.49986362 -15.83378410 20.45227623
v 14.72557640 -15.96237755 20.19683647
v 14.83113575 -15.71919346 12.84138012
v 14.78130341 -15.71648312 14.70214939
v 14.84434128 -15.84361362 13.39281464
v 14.73333168 -15.76445484 17.45045090
v 14.62354469 -15.65466881 17.45045090
v 14.67151642 -15.60669708 14.70214939
v 14.59881973 -15.52007389 11.95887089
v 14.62757778 -15.52475452 11.97961712
v 14.68241787 -15.54325294 12.06160545
v 14.77427673 -15.61372280 12.37393093
v 14.56953716 -15.51850796 11.95193386
v 14.42562199 -17.44530678 20.49160004
v 14.57410812 -17.43643379 20.45227623
v 14.68366718 -17.41214180 20.34461403
v 14.72557640 -17.37879944 20.19683647
v 13.05042362 -15.96237755 20.19683647
v 13.09233284 -15.96237755 20.34461403
v 13.09064007 -15.81242657 20.19875145
v 13.12690258 -15.83335876 20.34461403
v 13.20042706 -15.70264053 20.19875145
v 13.22135925 -15.73890209 20.34461403
v 13.35037804 -15.70433331 20.34461403
v 13.35037804 -15.81389141 20.45227623
v 13.27613544 -15.83378410 20.45227623
v 13.35037804 -15.96237755 20.49160004
v 13.20189190 -15.96237755 20.45227623
v 13.22178459 -15.88813591 20.45227623
v 13.35037804 -15.66242313 20.19683647
v 13.17718029 -15.52007389 11.95887089
v 13.14842224 -15.52475452 11.97961712
v 13.20646286 -15.51850796 11.95193386
v 13.10448360 -15.60669708 14.70214939
v 13.15245533 -15.65466881 17.45045090
v 13.04266834 -15.76445484 17.45045090
v 12.99469662 -15.71648312 14.70214939
v 12.94486427 -15.71919346 12.84138012
v 13.00172329 -15.61372280 12.37393093
v 13.09358215 -15.54325294 12.06160545
v 12.93165874 -15.84361362 13.39281464
v 13.05042362 -17.37879944 20.19683647
v 13.09233284 -17.41214180 20.34461403
v 13.20189190 -17.43643379 20.45227623
v 13.35037804 -17.44530678 20.49160004
v 9.55042362 -15.96237755 20.19683647
v 9.59233284 -15.96237755 20.34461403
v 9.59064007 -15.81242657 20.19875145
v 9.62690258 -15.83335876 20.34461403
v 9.70042706 -15.70264053 20.19875145
v 9.72135925 -15.73890209 20.34461403
v 9.85037804 -15.70433331 20.34461403
v 9.85037804 -15.81389141 20.45227623
v 9.77613544 -15.83378410 20.45227623
v 9.85037804 -15.96237755 20.49160004
v 9.70189190 -15.96237755 20.45227623
v 9.72178459 -15.88813591 20.45227623
v 9.85037804 -15.66242313 20.19683647
v 9.67718029 -15.52007389 11.95887089
v 9.64842224 -15.52475452 11.97961712
v 9.70646286 -15.51850796 11.95193386
v 9.60448360 -15.60669708 14.70214939
v 9.65245533 -15.65466881 17.45045090
v 9.54266834 -15.76445484 17.45045090
v 9.49469662 -15.71648312 14.70214939
v 9.44486427 -15.71919346 12.84138012
v 9.50172329 -15.61372280 12.37393093
v 9.59358215 -15.54325294 12.06160545
v 9.43165874 -15.84361362 13.39281464
v 11.22557640 -15.96237755 20.19683647
v 11.18535995 -15.81242657 20.19875145
v 11.18366718 -15.96237755 20.34461403
v 11.14909744 -15.83335876 20.34461403
v 11.07410812 -15.96237755 20.45227623
v 11.05421543 -15.88813591 20.45227623
v 10.92562199 -15.96237755 20.49160004
v 11.05464077 -15.73890209 20.34461403
v 11.07557297 -15.70264053 20.19875145
v 10.92562199 -15.70433331 20.34461403
v 10.92562199 -15.66242313 20.19683647
v 10.92562199 -15.81389141 20.45227623
v 10.99986362 -15.83378410 20.45227623
v 10.92562199 -17.44530678 20.49160004
v 11.07410812 -17.43643379 20.45227623
v 11.18366718 -17.41214180 20.34461403
v 11.22557640 -17.37879944 20.19683647
v 11.33113575 -15.71919346 12.84138012
v 11.28130341 -15.71648312 14.70214939
v 11.34434128 -15.84361362 13.39281464
v 11.23333168 -15.76445484 17.45045090
v 11.12354469 -15.65466881 17.45045090
v 11.17151642 -15.60669708 14.70214939
v 11.12757778 -15.52475452 11.97961712
v 11.18241787 -15.54325294 12.06160545
v 11.27427673 -15.61372280 12.37393093
v 11.09881973 -15.52007389 11.95887089
v 11.06953716 -15.51850796 11.95193386
v 9.55042362 -17.37879944 20.19683647
v 9.59233284 -17.41214180 20.34461403
v 9.70189190 -17.43643379 20.45227623
v 9.85037804 -17.44530678 20.49160004
v 2.18366694 -15.96237755 20.34461403
v 2.14909768 -15.83335876 20.34461403
v 2.07410812 -15.96237755 20.45227623
v 2.05421543 -15.88813591 20.45227623
v 1.92562222 -15.96237755 20.49160004
v 2.22557640 -15.96237755 20.19683647
v 2.18535972 -15.81242657 20.19875145
v 2.05464077 -15.73890209 20.34461403
v 2.07557297 -15.70264053 20.19875145
v 1.92562222 -15.70433331 20.34461403
v 1.92562222 -15.66242313 20.19683647
v 1.92562222 -15.81389141 20.45227623
v 1.99986410 -15.83378410 20.45227623
v 0.55042350 -15.96237755 20.19683647
v 0.59233308 -15.96237755 20.34461403
v 0.59064019 -15.81242657 20.19875145
v 0.62690228 -15.83335876 20.34461403
v 0.70042700 -15.70264053 20.19875145
v 0.72135925 -15.73890209 20.34461403
v 0.85037780 -15.70433331 20.34461403
v 0.85037780 -15.81389141 20.45227623
v 0.77613592 -15.83378410 20.45227623
v 0.85037780 -15.96237755 20.49160004
v 0.70189184 -15.96237755 20.45227623
v 0.72178453 -15.88813591 20.45227623
v 0.85037780 -15.66242313 20.19683647
v 0.67718011 -15.52007389 11.95887089
v 0.64842266 -15.52475452 11.97961712
v 0.70646250 -15.51850796 11.95193386
v 0.60448349 -15.60669708 14.70214939
v 0.65245527 -15.65466881 17.45045090
v 0.54266840 -15.76445484 17.45045090
v 0.49469665 -15.71648312 14.70214939
v 0.44486439 -15.71919346 12.84138012
v 0.50172323 -15.61372280 12.37393093
v 0.59358239 -15.54325294 12.06160545
v 0.43165886 -15.84361362 13.39281464
v 0.55042350 -17.37879944 20.19683647
v 0.59233308 -17.41214180 20.34461403
v 0.70189184 -17.43643379 20.45227623
v 0.85037780 -17.44530678 20.49160004
v 2.33113551 -15.71919346 12.84138012
v 2.28130341 -15.71648312 14.70214939
v 2.34434104 -15.84361362 13.39281464
v 2.23333168 -15.76445484 17.45045090
v 2.12354469 -15.65466881 17.45045090
v 2.17151642 -15.60669708 14.70214939
v 2.12757730 -15.52475452 11.97961712
v 2.18241763 -15.54325294 12.06160545
v 2.27427673 -15.61372280 12.37393093
v 2.09881997 -15.52007389 11.95887089
v 2.06953740 -15.51850796 11.95193386
v 1.92562222 -17.44530678 20.49160004
v 2.07410812 -17.43643379 20.45227623
v 2.18366694 -17.41214180 20.34461403
v 2.22557640 -17.37879944 20.19683647
v 47.93179703 -6.23575211 22.14461327
v 47.80278015 -6.27032137 22.14461327
v 47.93179703 -6.34531116 22.25227737
v 47.85755539 -6.36520386 22.25227737
v 47.93179703 -6.49379683 22.29160118
v 47.93179703 -6.19384241 21.99683571
v 47.78184509 -6.23405933 21.99875259
v 47.70832062 -6.36477852 22.14461327
v 47.67205811 -6.34384632 21.99875259
v 47.67375183 -6.49379683 22.14461327
v 47.63184357 -6.49379683 21.99683571
v 47.78330994 -6.49379683 22.25227737
v 47.80320358 -6.41955519 22.25227737
v 47.93179703 -7.80615759 21.99683571
v 47.93179703 -7.76424789 22.14461327
v 47.78184509 -7.76594067 21.99875259
v 47.80278015 -7.72967863 22.14461327
v 47.67205811 -7.65615368 21.99875259
v 47.70832062 -7.63522148 22.14461327
v 47.67375183 -7.50620317 22.14461327
v 47.78330994 -7.50620317 22.25227737
v 47.80320358 -7.58044481 22.25227737
v 47.93179703 -7.50620317 22.29160118
v 47.93179703 -7.65468884 22.25227737
v 47.85755539 -7.63479614 22.25227737
v 47.63184357 -7.50620317 21.99683571
v 47.47818375 -7.85002995 10.89160061
v 47.52665329 -7.80156088 13.66838837
v 47.43799973 -7.70004559 10.89160061
v 47.57512283 -7.75309181 16.44517708
v 47.62358856 -7.70462275 19.22196388
v 47.73337555 -7.81440973 19.22196388
v 47.68490982 -7.86287880 16.44517708
v 47.73795319 -8.00000000 10.89160061
v 47.63644028 -7.91134787 13.66838837
v 47.58797073 -7.95981693 10.89160061
v 47.58797073 -6.04018307 10.89160061
v 47.63644028 -6.08865213 13.66838837
v 47.73795319 -6.00000000 10.89160061
v 47.68490982 -6.13712120 16.44517708
v 47.73337555 -6.18559027 19.22196388
v 47.62358856 -6.29537725 19.22196388
v 47.57512283 -6.24690819 16.44517708
v 47.43799973 -6.29995441 10.89160061
v 47.52665329 -6.19843912 13.66838837
v 47.47818375 -6.14997005 10.89160061
v 48.08125687 -8.00000000 10.89160061
v 48.53563690 -7.99844027 10.98095226
v 48.92234802 -7.99399376 11.23570061
v 49.18380737 -7.98732233 11.61790848
v 24.20634460 -15.96237755 20.34461403
v 24.17177582 -15.83335876 20.34461403
v 24.09678459 -15.96237755 20.45227623
v 24.07689285 -15.88813591 20.45227623
v 23.94829941 -15.96237755 20.49160004
v 24.24825287 -15.96237755 20.19683647
v 24.20803642 -15.81242657 20.19875145
v 24.07731819 -15.73890209 20.34461403
v 24.09824944 -15.70264053 20.19875145
v 23.94829941 -15.70433331 20.34461403
v 23.94829941 -15.66242313 20.19683647
v 23.94829941 -15.81389141 20.45227623
v 24.02254105 -15.83378410 20.45227623
v 22.57310104 -15.96237755 20.19683647
v 22.61500931 -15.96237755 20.34461403
v 22.61331749 -15.81242657 20.19875145
v 22.64958000 -15.83335876 20.34461403
v 22.72310448 -15.70264053 20.19875145
v 22.74403572 -15.73890209 20.34461403
v 22.87305450 -15.70433331 20.34461403
v 22.87305450 -15.81389141 20.45227623
v 22.79881287 -15.83378410 20.45227623
v 22.87305450 -15.96237755 20.49160004
v 22.72456932 -15.96237755 20.45227623
v 22.74446106 -15.88813591 20.45227623
v 22.87305450 -15.66242313 20.19683647
v 22.69985771 -15.52007389 11.95887089
v 22.67110062 -15.52475452 11.97961712
v 22.72913933 -15.51850796 11.95193386
v 22.62716103 -15.60669708 14.70214939
v 22.67513275 -15.65466881 17.45045090
v 22.56534576 -15.76445484 17.45045090
v 22.51737404 -15.71648312 14.70214939
v 22.46754074 -15.71919346 12.84138012
v 22.52440071 -15.61372280 12.37393093
v 22.61625862 -15.54325294 12.06160545
v 22.45433617 -15.84361362 13.39281464
v 22.57310104 -17.37879944 20.19683647
v 22.59197426 -17.40127563 20.29645157
v 22.64295197 -17.42104912 20.38409042
v 22.72021103 -17.43586349 20.44974518
v 22.79243279 -17.44146156 20.48049164
v 22.87305450 -17.44137764 20.49160004
v 24.35381317 -15.71919346 12.84138012
v 24.30397987 -15.71648312 14.70214939
v 24.36701775 -15.84361362 13.39281464
v 24.25600815 -15.76445484 17.45045090
v 24.14622116 -15.65466881 17.45045090
v 24.19419289 -15.60669708 14.70214939
v 24.15025520 -15.52475452 11.97961712
v 24.20509529 -15.54325294 12.06160545
v 24.29695320 -15.61372280 12.37393093
v 24.12149620 -15.52007389 11.95887089
v 24.09221458 -15.51850796 11.95193386
v 23.94829941 -17.36573982 20.49160004
v 24.09678459 -17.35298538 20.45227623
v 24.20634460 -17.34219742 20.34461403
v 24.24825287 -17.33620262 20.19683647
v 23.33297920 -17.41574097 20.49160004
v -16.86633301 -15.51575565 20.34461403
v -16.90090179 -15.38673687 20.34461403
v -16.97589111 -15.51575565 20.45227623
v -16.99578476 -15.44151306 20.45227623
v -17.12437820 -15.51575565 20.49160004
v -16.82442284 -15.51575565 20.19683647
v -16.86463928 -15.36580467 20.19875145
v -16.99535942 -15.29228020 20.34461403
v -16.97442627 -15.25601768 20.19875145
v -17.12437820 -15.25771046 20.34461403
v -17.12437820 -15.21580124 20.19683647
v -17.12437820 -15.36726952 20.45227623
v -17.05013657 -15.38716221 20.45227623
v -17.69962311 -15.21580124 20.19683647
v -17.84957314 -15.25601768 20.19875145
v -17.69962311 -15.25771046 20.34461403
v -17.82863998 -15.29228020 20.34461403
v -17.69962311 -15.36726952 20.45227623
v -17.77386475 -15.38716221 20.45227623
v -17.69962311 -15.51575565 20.49160004
v -17.92309761 -15.38673687 20.34461403
v -17.95936012 -15.36580467 20.19875145
v -17.95766640 -15.51575565 20.34461403
v -17.99957657 -15.51575565 20.19683647
v -17.84810829 -15.51575565 20.45227623
v -17.82821465 -15.44151306 20.45227623
v -17.99957657 -16.88704681 20.19683647
v -17.95766640 -16.89303970 20.34461403
v -17.84810829 -16.90382957 20.45227623
v -17.69962311 -16.91658401 20.49160004
v -17.83416367 -15.22394085 19.26926231
v -17.93084145 -15.28817368 19.20557594
v -17.99620628 -15.38317966 19.11002350
v -18.02052307 -15.49480915 18.99683571
v -16.98983765 -15.22394085 19.26926231
v -16.98983765 -14.67216301 19.26926231
v -16.89315987 -14.76884079 19.20557594
v -16.89315987 -15.28817368 19.20557594
v -16.82779503 -14.83420563 19.11002350
v -16.82779503 -15.38317966 19.11002350
v -16.80347824 -14.85852242 18.99683571
v -16.80347824 -15.49480915 18.99683571
v -18.02052307 -13.94143200 18.99683571
v -17.97861290 -13.94143200 19.14461327
v -17.98030663 -13.79148102 18.99875259
v -17.94404411 -13.81241322 19.14461327
v -17.87051964 -13.68169403 18.99875259
v -17.84958649 -13.71795654 19.14461327
v -17.72056770 -13.68338680 19.14461327
v -17.72056770 -13.79294586 19.25227737
v -17.79480934 -13.81283855 19.25227737
v -17.86905479 -13.94143200 19.25227737
v -17.84916115 -13.86718941 19.25227737
v -17.72056770 -13.64147758 18.99683571
v -17.95996094 -13.59225178 13.87462139
v -17.91523933 -13.63697338 16.43668747
v -18.02502632 -13.74676037 16.43668747
v -18.06974792 -13.70203876 13.87462139
v -15.60343170 -14.81661320 19.14461327
v -15.47441292 -14.78204346 19.14461327
v -15.60343170 -14.70705414 19.25227737
v -15.52919006 -14.68716145 19.25227737
v -15.60343170 -14.85852242 18.99683571
v -15.45348072 -14.81830597 18.99875259
v -15.37995625 -14.68758678 19.14461327
v -15.34369373 -14.70851898 18.99875259
v -15.34538651 -14.55856800 19.14461327
v -15.30347729 -14.55856800 18.99683571
v -15.45494556 -14.55856800 19.25227737
v -15.47483826 -14.63281059 19.25227737
v -15.60343170 -13.64147758 18.99683571
v -15.60343170 -13.68338680 19.14461327
v -15.45348072 -13.68169403 18.99875259
v -15.47441292 -13.71795654 19.14461327
v -15.34369373 -13.79148102 18.99875259
v -15.37995625 -13.81241322 19.14461327
v -15.34538651 -13.94143200 19.14461327
v -15.45494556 -13.94143200 19.25227737
v -15.47483826 -13.86718941 19.25227737
v -15.60343170 -13.79294586 19.25227737
v -15.52919006 -13.81283855 19.25227737
v -15.30347729 -13.94143200 18.99683571
v -15.36068821 -13.25755596 13.85227680
v -15.44437790 -13.34196949 13.89632988
v -15.44546986 -13.42000771 13.93089485
v -15.44679737 -13.47360516 13.97289181
v -15.36851311 -13.49499702 13.95249081
v -15.37049484 -13.55146408 14.02701855
v -15.30328369 -13.59526062 14.00326061
v -15.30550671 -13.63457966 14.10339355
v -15.26429939 -13.68484783 14.09185696
v -15.25972748 -13.70751381 14.18828011
v -15.22959900 -13.75937366 14.07430744
v -15.21951008 -13.85746479 14.18636513
v -15.21435165 -13.77364540 13.89081097
v -15.44894028 -13.52510166 14.04065609
v -15.37281513 -13.58566666 14.11417007
v -15.36951351 -13.59772682 14.18828011
v -15.45145130 -13.55637836 14.11994934
v -15.21059322 -13.55452824 13.67548466
v -15.22516251 -13.62015915 13.82762432
v -15.22720623 -13.70669651 13.94123936
v -15.26205921 -13.64017487 13.97844028
v -15.20921993 -13.25755596 13.59683609
v -15.22285461 -13.39923763 13.69934559
v -15.22389603 -13.53018856 13.75724697
v -15.25895882 -13.48996449 13.82146645
v -15.26014519 -13.56658363 13.88153267
v -15.30020905 -13.46276093 13.86457920
v -15.30138493 -13.53037643 13.91765881
v -15.36728573 -13.43614101 13.90627289
v -15.25113010 -13.25755596 13.74461365
v -15.25798321 -13.37835884 13.77202034
v -15.29924011 -13.36422920 13.82087040
v -15.36627579 -13.35037708 13.86821270
v -15.36068821 -0.00000000 13.85227680
v -15.36068821 3.31438899 13.85227680
v -15.36068821 6.62877798 13.85227680
v -15.25113010 6.62877798 13.74461365
v -15.25113010 9.94316673 13.74461365
v -15.36068821 -9.94316673 13.85227680
v -15.36068821 -6.62877798 13.85227680
v -15.36068821 -3.31438899 13.85227680
v -15.25113010 -3.31438899 13.74461365
v -15.25113010 -0.00000000 13.74461365
v -15.25113010 -9.94316673 13.74461365
v -15.36068821 9.94316673 13.85227680
v -15.25113010 -6.62877798 13.74461365
v -15.25113010 3.31438899 13.74461365
v -15.30171013 -13.74949741 16.59351540
v -15.41149712 -13.63971043 16.59351540
v -15.34748650 -14.97149086 11.12592888
v -15.36024475 -14.91154194 13.65724850
v -15.46649837 -14.99545574 11.15193748
v -15.40686321 -14.86492443 16.32800102
v -15.29707623 -14.75513744 16.32800102
v -15.25045776 -14.80175495 13.65724850
v -15.18705940 -14.81195641 11.03025341
v -15.25093460 -14.90660191 11.08096600
v -15.16362286 -14.69844818 10.98458195
v -17.12437820 -16.96332932 20.49160004
v -16.97589111 -16.97470665 20.45227623
v -16.86633301 -16.98172379 20.34461403
v -16.82442284 -16.98254013 20.19683647
v -16.71471214 -13.50209045 11.01137066
v -16.78979683 -13.50235367 11.02642536
v -18.13596725 -15.61576366 12.38297272
v -18.14448738 -15.40094948 11.89485550
v -18.04354668 -16.81041718 17.67774200
v -18.03860664 -16.84471703 17.96078873
v -18.04191399 -16.82823944 17.77133560
v -18.04026413 -16.83969116 17.86585426
v -35.90922165 -14.15282536 21.99683571
v -35.95112991 -14.15282536 22.14461327
v -35.94943619 -14.30277634 21.99875259
v -35.98569870 -14.28184414 22.14461327
v -36.05922318 -14.41256332 21.99875259
v -36.08015442 -14.37630081 22.14461327
v -36.20917511 -14.41087055 22.14461327
v -36.20917511 -14.30131149 22.25227737
v -36.13493347 -14.28141880 22.25227737
v -36.20917511 -14.15282536 22.29160118
v -36.06068802 -14.15282536 22.25227737
v -36.08058167 -14.22706795 22.25227737
v -36.20917511 -14.45277977 21.99683571
v -36.16195297 -14.50000000 19.29160118
v -36.01197052 -14.45981693 19.29160118
v -35.90218353 -14.35002995 19.29160118
v -35.86199951 -14.20004559 19.29160118
v -37.67767715 -14.32474804 22.23735428
v -37.68335724 -14.21780777 22.28447914
v -37.68342590 -14.19633865 22.28842735
v -37.68346786 -14.17463970 22.29080582
v -37.68348312 -14.15282536 22.29160118
v -35.95112991 -12.84717464 22.14461327
v -35.98569870 -12.71815586 22.14461327
v -36.06068802 -12.84717464 22.25227737
v -36.08058167 -12.77293205 22.25227737
v -36.20917511 -12.84717464 22.29160118
v -35.90922165 -12.84717464 21.99683571
v -35.94943619 -12.69722366 21.99875259
v -36.08015442 -12.62369919 22.14461327
v -36.05922318 -12.58743668 21.99875259
v -36.20917511 -12.58912945 22.14461327
v -36.20917511 -12.54722023 21.99683571
v -36.20917511 -12.69868851 22.25227737
v -36.13493347 -12.71858120 22.25227737
v -37.67833710 -12.54722023 21.99683571
v -37.68091583 -12.58912945 22.14461327
v -37.68279648 -12.69868851 22.25227737
v -37.68348312 -12.84717464 22.29160118
v -35.86199951 -12.79995441 19.29160118
v -35.90218353 -12.64997005 19.29160118
v -36.01197052 -12.54018307 19.29160118
v -36.16195297 -12.50000000 19.29160118
v -33.29797363 -12.43749237 15.71054173
v -28.29137039 -13.18437672 14.17442703
v 6.28594446 -17.93926048 19.19160080
v 6.28594446 -16.56073952 19.19160080
v 5.88800001 -18.04588890 19.19160080
v 5.88800001 -16.45411110 19.19160080
v 5.49005556 -17.93926048 19.19160080
v 5.49005556 -16.56073952 19.19160080
v 5.19873953 -17.64794540 19.19160080
v 5.19873953 -16.85205460 19.19160080
v 5.09211063 -17.25000000 19.19160080
v 6.57726049 -16.85205460 19.19160080
v 6.57726049 -17.64794540 19.19160080
v 6.68388939 -17.25000000 19.19160080
v -21.69508362 -16.08736038 11.74291134
v -21.74610519 -16.15499687 11.82145882
v -21.83452797 -16.18790245 11.88813591
v -35.54414368 -12.82167530 15.25026321
v -37.24150848 -14.20099926 17.14607048
v -37.15678787 -14.78338718 17.58790779
v -36.99509811 -15.07207489 17.75335884
v -36.45206070 -12.77791309 15.62050915
v -36.16096497 -12.74407959 15.46237183
v -38.11250687 -13.86247063 17.53861237
v -37.70354462 -14.06000137 17.30783272
v -38.05458450 -15.31285000 18.89323235
v -37.82579803 -15.25749683 18.53369331
v -37.89603806 -15.07396603 18.40704155
v -37.59716034 -15.01071644 18.06255531
v -37.65459442 -14.83919239 17.94365501
v -37.52692413 -14.82299614 17.83235741
v -37.59113693 -14.50432968 17.59525490
v -37.71932602 -14.49176407 17.68045616
v -38.02160263 -14.44781208 17.92803001
v -37.95376968 -14.87468147 18.26240921
v -38.19079971 -14.89112663 18.58721733
v -38.12797165 -15.11364555 18.75088310
v -38.27294540 -14.38947773 18.19809914
v -37.46915817 -14.98225021 17.93969727
v -37.39593124 -15.13598728 18.03557396
v -37.52531815 -15.17432308 18.16852379
v 6.48799992 -17.70604515 14.37766361
v -24.39223480 -17.34082985 14.51542282
v -24.28188705 -17.28085518 14.31656742
v -24.08582878 -17.22480011 14.10321999
v -23.99971199 -17.20932770 14.03490448
v -23.66229630 -17.22903252 13.95895100
v -23.68485069 -17.35947037 14.29856396
v -23.51602364 -17.33962440 14.20011044
v -23.62157440 -17.38543510 14.36608982
v -23.77410316 -17.42622757 14.55076218
v -23.66656113 -17.39450836 14.40761471
v -23.73611832 -17.36909485 14.34360981
v -23.84011459 -17.46213913 14.70821476
v -23.94088173 -17.44182968 14.66341591
v -23.86133957 -17.40325546 14.49822807
v -21.59053993 -16.61938286 12.23466492
v -21.71767044 -16.41635323 12.04919147
v 34.82634735 -16.36932373 15.72278976
v 34.82471466 -16.38714409 15.81638336
v 34.82306671 -16.39859772 15.91090107
v 34.82140732 -16.40362167 16.00583458
v 31.29738998 -16.71408463 17.38182068
v 31.29904747 -16.70906067 17.28688622
v 31.30069733 -16.69760704 17.19236946
v 31.30233002 -16.67978668 17.09877586
v 27.77831268 -16.99024963 18.47476196
v 27.77667809 -17.00806999 18.56835556
v 27.77502823 -17.01952362 18.66287231
v 27.77337265 -17.02454758 18.75780678
v 24.25429535 -17.30071068 19.85074806
v 24.25266075 -17.31853294 19.94434166
v 24.25101089 -17.32998466 20.03885841
v 24.24935341 -17.33501053 20.13379288
v 18.46691704 -17.84443665 22.39160156
v 17.74695206 -17.87400246 22.39160156
v 5.30826569 -17.87400246 22.39160156
v -5.97095251 -17.87400246 22.39160156
v 6.46773434 -17.87400246 22.39160156
v 42.93540955 -15.49042892 11.82748508
v 43.22173691 -15.52166271 11.96591568
v 43.09519196 -15.49866581 11.86399078
v -16.78900337 -16.92094231 18.16759109
v 5.67764521 -18.07539368 22.39337730
v 6.09835434 -18.07539368 22.39337730
v 6.46774626 -17.87403297 22.39337730
v 5.30825377 -17.87403297 22.39337730
v 42.93540955 -15.40209389 11.57318115
v 31.52281380 -15.25929165 11.34496880
v 20.11021996 -15.25929165 11.34496880
v 8.69762611 -15.25929165 11.34496880
v 8.69762611 -14.84141159 11.01086998
v -2.71496844 -14.84141159 11.01086998
v -14.12756252 -14.31985569 10.89160061
v -14.12756252 -14.58736515 10.92179775
v 42.93540955 -15.25929165 11.34496880
v 31.52281380 -14.84141159 11.01086998
v 20.11021996 -14.84141159 11.01086998
v -14.12756252 -14.84141159 11.01086998
v -2.71496844 -15.25929165 11.34496880
v 49.18380737 -6.01267767 11.61790848
v 48.92234802 -6.00600624 11.23570061
v 48.53563690 -6.00155973 10.98095226
v 48.08125687 -6.00000000 10.89160061
v 46.55648041 -14.90057278 11.48313999
v 45.95132065 -15.05893326 11.51163292
v 45.60797882 -15.13549900 11.54401779
v 45.22645187 -15.21231842 11.59120464
v 44.58649445 -15.32873249 11.69135571
v 43.80356598 -15.46275616 11.85964012
v 43.69255829 -15.45683193 11.81337070
v 43.56876755 -15.45145226 11.76880932
v 43.43669510 -15.44677353 11.72856617
v 43.87730789 -15.35200882 11.58506775
v 43.67620850 -15.35843754 11.56018162
v 44.01182175 -15.28244972 11.47241879
v 43.72491837 -15.29699612 11.45116425
v 43.91215897 -15.24878597 11.39907646
v 43.28012848 -15.27917004 11.37810802
v 43.35609818 -15.23638344 11.32547569
v 43.53122711 -15.14599800 11.23172092
v 44.52954483 -15.09019756 11.27252579
v 45.00424194 -15.04910755 11.30313969
v 44.50562668 -15.17092800 11.37686157
v 44.87120819 -15.14264870 11.40360260
v 44.58393860 -15.20590878 11.44698524
v 44.97887802 -15.17781448 11.48044586
v 44.64687729 -15.24559402 11.53008270
v 44.95712662 -15.22706890 11.56156731
v 44.37454605 -15.33519268 11.65729904
v 46.24819565 -14.92648888 11.42851734
v 45.87763596 -14.96258831 11.38026619
v 45.41963577 -15.00888062 11.33549118
v 43.21401215 -15.31983948 11.43466091
v 43.13422775 -15.37653828 11.52791786
v 43.05528641 -15.44273853 11.67131615
v 43.23907089 -15.44197273 11.68442535
v 43.33653641 -15.44393444 11.70338535
v 44.11274719 -15.19809246 11.35207748
v 45.29615784 -15.10820389 11.43931103
v 45.65172958 -15.08011723 11.47484875
v 44.25484848 -15.22807407 11.42181301
v 44.29552078 -15.26655865 11.49691200
v 44.13669968 -15.34323788 11.62127018
v 45.31815720 -15.15398979 11.51255322
v 43.47960281 -15.36439610 11.54024220
v 48.35858917 -15.41540718 22.39160156
v 48.91660309 -15.22468090 22.39160156
v 49.31632233 -14.79116249 22.39160156
v 48.92234802 -0.99399370 11.23570061
v 48.53563690 -0.99844038 10.98095226
v 48.08125687 -1.00000000 10.89160061
v 49.18380737 -0.98732227 11.61790848
v 48.08125687 -2.50000000 10.89160061
v 48.53563690 -2.50155973 10.98095226
v 48.92234802 -2.50600624 11.23570061
v 49.18380737 -2.51267767 11.61790848
v 47.10696793 -16.12643051 11.02173710
v 46.94448853 -16.16594887 11.02896595
v 46.77590942 -16.20593834 11.04149342
v 46.41817856 -16.28758430 11.08285236
v 45.94264603 -16.45169640 11.28052044
v 45.71629333 -16.49353218 11.32524681
v 45.13733673 -16.64383125 11.57530212
v 44.48449707 -16.74084663 11.74459076
v 43.98828888 -16.83407784 11.98082447
v 43.64424515 -16.86880684 12.06529140
v 43.36215210 -16.90500450 12.20140648
v 43.23401642 -16.90670586 12.20047951
v 46.61014938 -16.32305145 11.18512249
v 46.45161819 -16.35428429 11.20197392
v 45.80959320 -16.53878403 11.43296528
v 45.65677261 -16.56303024 11.46147156
v 44.86028290 -16.73099136 11.76542950
v 44.61078262 -16.76157188 11.82431984
v 43.84621429 -16.87506485 12.13180065
v 43.76269150 -16.88147926 12.14727783
v 43.52470779 -16.89769554 12.18588638
v 45.95906448 -16.51492882 11.40774345
v 44.98425293 -16.71563530 11.73763847
v 43.98577499 -16.86392021 12.10498428
v 45.10768127 -16.70028114 11.71112442
v 44.05717850 -16.85807610 12.09100723
v 44.12943268 -16.85209084 12.07679749
v 43.38128662 -16.88806152 12.11923218
v 43.95147705 -16.81434250 11.89614391
v 44.94714737 -16.62967491 11.51026821
v 46.18161392 -16.33936310 11.11964512
v 43.53242493 -16.86197090 12.01578426
v 43.68172073 -16.82781601 11.89354229
v 43.81790924 -16.78716469 11.75974560
v 44.52962875 -16.66486168 11.52239609
v 45.34500885 -16.51089287 11.29720020
v 46.28786087 -16.38612175 11.22346306
v 44.25492096 -16.74443054 11.70969582
v 45.34032059 -16.61259460 11.52806282
v 44.45589066 -16.78024483 11.86245441
v 28.66966629 -15.88100815 10.13896084
v 28.66966629 -16.43914223 10.76546955
v 0.13818015 -16.43914223 10.76546955
v 14.40392303 -16.43914223 10.76546955
v 0.13818015 -15.88100815 10.13896084
v 14.40392303 -15.88100815 10.13896084
v 14.40392303 -15.14701939 9.73240566
v 28.66966629 -15.14701939 9.73240566
v 0.13818015 -15.14701939 9.73240566
v -18.92943954 -15.99504375 10.84178734
v -19.22951317 -16.13181686 11.02970982
v -19.59704018 -16.27343750 11.25724220
v -20.04758072 -16.42079163 11.52986240
v -21.07504082 -16.66610527 12.11836052
v -21.25578880 -16.59761238 12.08383846
v -20.45466232 -16.41817856 11.63533401
v -20.86261749 -16.39867020 11.73240185
v -20.07181549 -16.29596519 11.40310478
v -20.57085800 -16.30449104 11.55178833
v -19.73837662 -16.17466164 11.19637871
v -20.30328751 -16.20503235 11.38008976
v -19.45662498 -16.05842209 11.01894760
v -20.06544685 -16.10732651 11.22449207
v -20.61231422 -16.13393402 11.40737724
v -21.22279358 -16.13391876 11.60019684
v -21.42296219 -16.51424217 12.04030991
v -21.54324150 -16.43406677 11.99666309
v -21.67743492 -16.31687546 11.93369579
v -21.49040794 -16.28181648 11.82574749
v -21.39534569 -16.24239922 11.75491714
v -21.30445099 -16.19174767 11.67801476
v -20.78453445 -16.21598816 11.53225613
v -20.97335625 -16.29497719 11.66349220
v -21.17224503 -16.36359024 11.79309654
v -35.52543259 -12.36317348 14.94711494
v -35.53971481 -12.60019684 15.08662891
v -37.54522324 -11.82211781 15.65062237
v -37.13778305 -11.89672661 15.43486691
v -36.62068176 -12.00056458 15.22245693
v -36.04445648 -12.12848473 15.03549957
v -35.96356583 -12.32372475 15.09521866
v -35.88476181 -12.51528931 15.17376423
v -35.85818481 -12.58403683 15.20792007
v -36.25620651 -12.45156002 15.29244709
v -36.19596863 -12.53036213 15.31731033
v -36.64083481 -12.41691971 15.44862556
v -36.54692841 -12.50822163 15.46289635
v -36.99686432 -12.41555882 15.62898731
v -36.87805557 -12.52170849 15.63492393
v -37.30583572 -12.11823940 15.63599300
v -36.90911102 -12.15717506 15.43486023
v -36.44168472 -12.22789383 15.24730682
v -16.79061508 -16.93847656 18.25991821
v -6.69091702 -17.84443665 22.39160156
v -16.79224205 -16.94964218 18.35315514
v -16.79387665 -16.95437622 18.44680405
v -14.63882923 -14.93467426 11.06277847
v -14.54607201 -14.78485298 10.98628712
v -15.05992317 -14.58810616 10.94359398
v -15.16249275 -14.43803024 10.91982651
v -14.94325352 -14.49915791 10.91711426
v -14.67628956 -14.27860260 10.89160061
v -14.41416454 -14.52598190 10.90971851
v -14.45708370 -14.61419773 10.92871094
v -15.16199970 -14.07264519 10.89160061
v 4.35567904 -17.88813972 23.20148849
v 4.74435234 -17.88197327 22.84824562
v 5.05186987 -17.87741280 22.58695221
v -6.32320118 -17.87817383 23.04160118
v 48.93269730 -15.22769737 23.04156303
v 49.12205887 -15.07147884 23.04156303
v 49.32140350 -14.80173016 23.04156303
v 49.44132614 -14.48799801 23.04156303
v 49.44684982 -14.48925495 23.36658287
v 49.32636642 -14.80445671 23.36658287
v 49.12609100 -15.07546902 23.36658287
v 48.93584061 -15.23241901 23.36658287
v 18.10518837 -17.87792969 23.04160118
v 6.72412968 -17.87741280 22.58695221
v 7.03164721 -17.88197327 22.84824562
v 7.42032051 -17.88813972 23.20148849
v 50.44787979 -0.00000000 11.28593636
v 50.08829880 -0.00000000 10.60103893
v 49.53656387 -0.00000000 10.05884838
v 48.84549332 -0.00000000 9.71127701
v -38.46717453 -4.12907982 16.11612320
v -38.45028305 -4.01029348 16.09160042
v -38.51002121 -4.22421026 16.18128014
v -38.56596756 -4.28613710 16.27365875
v -38.62446213 -4.31011057 16.38113022
v -38.77172089 -4.32234573 16.73150253
v -38.86417007 -4.33521938 17.10014534
v -23.34017754 -16.36146736 15.70257950
v -23.32387543 -16.35485458 15.66232014
v -23.30755234 -16.34666443 15.62236214
v -36.58258820 -15.41540718 22.39160156
v -37.70286560 -4.55528736 23.40207100
v -37.59986496 -4.34922552 17.50123215
v -37.49065018 -4.33247566 17.02158737
v -37.19816208 -4.31866407 16.62606621
v -36.77155685 -4.31011057 16.38113022
v -37.70540619 -4.59885740 23.54760551
v -37.70724869 -4.70813751 23.65313530
v -37.68522644 -14.21953201 22.39160156
v -37.54465485 -14.80696297 23.04156303
v -37.54032516 -14.79116249 22.39160156
v -37.40428543 -15.00836849 23.04156303
v -37.14060593 -15.22468090 22.39160156
v -37.15156937 -15.22889805 23.04156303
v -36.84857559 -15.37382698 23.04156303
v -36.85027313 -15.37923145 23.36658287
v -37.15468979 -15.23362350 23.36658287
v -37.40859222 -15.01206303 23.36658287
v -37.54961777 -14.80971527 23.36658287
v -36.54170609 -15.02202034 19.50744820
v -36.38455963 -14.97179031 19.28721809
v -35.96303177 -15.19651031 19.32221794
v -35.83425140 -15.14588165 19.14862061
v -35.60445404 -15.26376057 19.19367790
v -35.52442551 -15.20530987 19.04826164
v -35.24449921 -15.30661297 19.05411720
v -35.22398376 -15.23982143 18.93623352
v -34.92457199 -15.28741646 18.85617065
v -34.96540833 -15.17395306 18.72852135
v -34.99856567 -15.04222488 18.61723518
v -35.20351028 -15.12427902 18.78654099
v -35.20882797 -15.15944862 18.82709885
v -35.45684433 -15.13080406 18.91611290
v -35.71236038 -15.07950878 18.99094009
v -36.20497513 -14.91079044 19.08395004
v -35.43545914 -15.09673977 18.86839104
v -35.64751816 -14.93394661 18.81844711
v -35.67303467 -15.04776478 18.93554115
v -36.05144882 -14.75309372 18.85022926
v -36.13811874 -14.88192654 19.01279640
v -24.13353348 -16.22226524 15.19267654
v -23.96889114 -16.27210045 15.35273075
v -23.72900200 -16.31933784 15.53114510
v -23.63722801 -16.33261490 15.58545208
v -23.49718857 -16.33499336 15.57506466
v -23.47554207 -16.33428383 15.56974792
v -23.46549416 -16.32447815 15.52403069
v -23.52317238 -16.32620811 15.53431320
v -23.57559776 -16.29110909 15.37614155
v -23.65009880 -16.29668999 15.40629673
v -23.74131393 -16.26230240 15.26132011
v -23.80408287 -16.25648689 15.24750519
v -23.55078888 -16.32622147 15.53691196
v -23.69680023 -16.29384613 15.39906502
v -21.15980721 -15.76652908 13.21072197
v -21.08959579 -15.81961250 13.32647800
v -21.01833916 -15.85604095 13.44789600
v -19.31047440 -15.69270897 12.72400093
v -20.11071968 -15.75872803 13.01659966
v -20.69437218 -15.81807899 13.27964497
v -16.54938126 -13.20067024 10.97822285
v -16.52966690 -13.13469028 10.96860981
v -16.52014923 -13.10532570 10.96421337
v -16.46106529 -12.92279243 10.94512844
v -16.50318718 -13.05097675 10.95649338
v -16.49063492 -12.99747562 10.95051193
v -16.65702629 -13.40476704 10.99770069
v -16.64436913 -13.37519550 10.99283409
v -16.63327026 -13.34502220 10.98855209
v -16.68694878 -13.38435364 10.99971294
v -16.60826874 -13.21274471 10.97832870
v -16.68369293 -13.34915829 10.99827671
v -16.60695076 -13.17876339 10.97750378
v -16.68095779 -13.18821144 10.99631119
v -16.60902596 -13.02348328 10.97701359
v -16.50421524 -12.67085648 10.94889736
v -16.47050858 -12.48196888 10.93985653
v -16.46117210 -12.77600670 10.93903637
v -16.49097443 -12.80654526 10.94611645
v -16.48829842 -12.83614445 10.94572830
v -16.48724174 -12.97369289 10.94864464
v -16.48517036 -12.94893074 10.94723606
v -16.76555061 -13.34475422 11.01900482
v -16.77146149 -13.50833607 11.02204037
v -16.69075203 -13.47325039 11.01078796
v -16.44978142 8.52725124 11.59160042
v -16.44978142 -6.47274876 11.59160042
v -16.44978142 6.47274876 11.59160042
v -16.44978142 -8.52725124 11.59160042
v -37.62212753 -12.49101257 18.77668571
v -32.66985321 -14.35242081 20.19160080
v -32.66985321 -12.64757919 20.19160080
v -33.16199875 -14.48429012 20.19160080
v -33.16199875 -12.51570988 20.19160080
v -33.65414429 -14.35242081 20.19160080
v -33.65414429 -12.64757919 20.19160080
v -34.01441956 -13.99214554 20.19160080
v -34.01441956 -13.00785446 20.19160080
v -34.14628983 -13.50000000 20.19160080
v -32.30957794 -13.00785446 20.19160080
v -32.30957794 -13.99214554 20.19160080
v -32.17770767 -13.50000000 20.19160080
v -18.72389030 -15.28353882 11.89409733
v -18.76989555 -15.37921715 11.99941826
v -18.78712654 -15.40285110 12.02954674
v -18.94996452 -15.54858685 12.27324867
v -19.10251427 -15.46076679 12.17294407
v -19.29582214 -15.59151077 12.42047787
v -19.46610069 -15.52166080 12.34139442
v -19.66506195 -15.63605022 12.58266354
v -20.24363708 -15.64202118 12.71966553
v -20.35246468 -15.72018051 12.91048145
v -20.73763084 -15.71444321 12.98452187
v -20.76943398 -15.77405548 13.13516808
v -20.78188896 -15.78774929 13.17734909
v -19.01434326 -15.35194111 12.02916431
v -19.08054543 -15.43937111 12.14138889
v -19.36063004 -15.42348385 12.19274426
v -19.44152069 -15.50263596 12.30940247
v -20.18328857 -15.57156944 12.59395981
v -20.23013496 -15.62880135 12.69341278
v -20.73520279 -15.65972710 12.88250160
v -20.73538017 -15.70425415 12.96323109
v -20.38782310 -15.73830318 12.96633911
v -19.72773743 -15.66191769 12.65512848
v -19.36054230 -15.62128258 12.49770260
v -19.00615501 -15.58188057 12.35154247
v -18.14977837 -15.48647785 12.02955341
v -37.12805176 -11.74894428 17.09094048
v -36.87209702 -12.13415623 17.10576057
v -36.80867386 -12.20384312 17.11268616
v -36.70288467 -12.46447659 17.25647736
v -37.06103516 -12.46835899 17.47890472
v -37.26725769 -12.23903561 17.53296280
v -37.21953964 -12.47107983 17.63474464
v -33.66199875 -14.36602497 19.29160118
v -34.02802658 -14.00000000 19.29160118
v -34.16199875 -13.50000000 19.29160118
v -34.02802658 -13.00000000 19.29160118
v -33.66199875 -12.63397503 19.29160118
v -35.66199875 4.00000000 19.39160156
v -37.16199875 4.00000000 19.39160156
v -37.16199875 4.00000000 16.39160156
v -31.16200066 4.00000000 16.39160156
v -31.16200066 -4.00000000 16.39160156
v -31.66200066 -3.50000000 16.89160156
v -37.16199875 -3.50000000 16.89160156
v -31.66200066 -3.50000000 18.89160156
v -37.16199875 -3.50000000 18.89160156
v -31.66200066 3.50000000 16.89160156
v -31.66200066 3.50000000 18.89160156
v -37.16199875 3.50000000 18.89160156
v -37.16199875 3.50000000 16.89160156
v -35.66199875 -4.00000000 19.39160156
v -37.16199875 -4.00000000 19.39160156
v -37.16199875 -4.00000000 16.39160156
v -33.75736618 7.15224075 17.39160156
v -32.99200058 7.00000000 17.39160156
v -32.22663498 7.15224075 17.39160156
v -31.57778549 7.58578634 17.39160156
v -31.14424133 8.23463345 17.39160156
v -30.99200058 9.00000000 17.39160156
v -31.14424133 9.76536655 17.39160156
v -31.57778549 10.41421318 17.39160156
v -32.22663498 10.84775925 17.39160156
v -32.99200058 11.00000000 17.39160156
v -33.75736618 10.84775925 17.39160156
v -34.40621185 10.41421318 17.39160156
v -34.83975983 9.76536655 17.39160156
v -34.99200058 9.00000000 17.39160156
v -34.83975983 8.23463345 17.39160156
v -34.40621185 7.58578634 17.39160156
v -33.75736618 -10.84775925 18.19160080
v -32.99200058 -11.00000000 18.19160080
v -32.22663498 -10.84775925 18.19160080
v -31.57778549 -10.41421318 18.19160080
v -31.14424133 -9.76536655 18.19160080
v -30.99200058 -9.00000000 18.19160080
v -31.14424133 -8.23463345 18.19160080
v -31.57778549 -7.58578634 18.19160080
v -32.22663498 -7.15224075 18.19160080
v -32.99200058 -7.00000000 18.19160080
v -33.75736618 -7.15224075 18.19160080
v -34.40621185 -7.58578634 18.19160080
v -34.83975983 -8.23463345 18.19160080
v -34.99200058 -9.00000000 18.19160080
v -34.83975983 -9.76536655 18.19160080
v -34.40621185 -10.41421318 18.19160080
v -32.99200058 -10.00000000 18.19160080
v -33.49200058 -9.86602497 18.19160080
v -33.85802460 -9.50000000 18.19160080
v -33.99200058 -9.00000000 18.19160080
v -33.85802460 -8.50000000 18.19160080
v -33.49200058 -8.13397503 18.19160080
v -32.99200058 -8.00000000 18.19160080
v -32.49200058 -8.13397503 18.19160080
v -32.12597275 -8.50000000 18.19160080
v -31.99200058 -9.00000000 18.19160080
v -32.12597275 -9.50000000 18.19160080
v -32.49200058 -9.86602497 18.19160080
v -33.49200058 -9.86602497 17.59160042
v -32.99200058 -10.00000000 17.59160042
v -32.49200058 -9.86602497 17.59160042
v -32.12597275 -9.50000000 17.59160042
v -31.99200058 -9.00000000 17.59160042
v -32.12597275 -8.50000000 17.59160042
v -32.49200058 -8.13397503 17.59160042
v -32.99200058 -8.00000000 17.59160042
v -33.49200058 -8.13397503 17.59160042
v -33.85802460 -8.50000000 17.59160042
v -33.99200058 -9.00000000 17.59160042
v -33.85802460 -9.50000000 17.59160042
v -16.61326218 -8.62311459 11.59160042
v -16.61326218 -6.37688494 11.59160042
v -16.52970314 -8.57828522 11.59160042
v -16.52970314 -6.42171431 11.59160042
v -17.00932312 8.74064064 11.59160042
v -17.00932312 6.25935936 11.59160042
v -17.60390472 8.66928196 11.59160042
v -17.60390472 6.33071852 11.59160042
v -18.09706306 8.32955170 11.59160042
v -18.09706306 6.67044830 11.59160042
v -18.37560844 7.79942513 11.59160042
v -18.37560844 7.20057487 11.59160042
v -20.61882210 -1.35192525 22.39160156
v -20.83000374 -1.35192525 22.39160156
v -20.61882210 -1.35192525 22.24160004
v -20.83000374 -1.35192525 22.24160004
v -20.61882210 -0.16906394 22.39160156
v -20.61882210 -0.16906394 22.24160004
v -20.77140999 -0.19469871 22.39160156
v -20.73415184 -0.18301317 22.39160156
v -20.77140999 -0.19469871 22.24160004
v -20.73415184 -0.18301317 22.24160004
v -20.69640732 -0.17421240 22.39160156
v -20.69640732 -0.17421240 22.24160004
v -20.65785599 -0.17020465 22.39160156
v -20.65785599 -0.17020465 22.24160004
v -21.00944710 -0.33935201 22.39160156
v -20.95417976 -0.29614800 22.39160156
v -21.00944710 -0.33935201 22.24160004
v -20.95417976 -0.29614800 22.24160004
v -20.89666939 -0.25666609 22.39160156
v -20.89666939 -0.25666609 22.24160004
v -20.83526611 -0.22364771 22.39160156
v -20.83526611 -0.22364771 22.24160004
v -21.28044319 -0.62682760 22.39160156
v -21.21685219 -0.55100030 22.39160156
v -21.28044319 -0.62682760 22.24160004
v -21.21685219 -0.55100030 22.24160004
v -21.15115738 -0.47717670 22.39160156
v -21.15115738 -0.47717670 22.24160004
v -21.08161926 -0.40701142 22.39160156
v -21.08161926 -0.40701142 22.24160004
v -21.65947151 -1.02111471 22.39160156
v -21.55680847 -0.93030518 22.39160156
v -21.65947151 -1.02111471 22.24160004
v -21.55680847 -0.93030518 22.24160004
v -21.45913696 -0.83459449 22.39160156
v -21.45913696 -0.83459449 22.24160004
v -21.36805534 -0.73241401 22.39160156
v -21.36805534 -0.73241401 22.24160004
v -21.92375374 -1.12365377 22.39160156
v -21.85211945 -1.11298645 22.39160156
v -21.92375374 -1.12365377 22.24160004
v -21.85211945 -1.11298645 22.24160004
v -21.78373146 -1.09358323 22.39160156
v -21.78373146 -1.09358323 22.24160004
v -21.72023964 -1.06101453 22.39160156
v -21.72023964 -1.06101453 22.24160004
v -22.14409065 -1.03026998 22.39160156
v -22.09585762 -1.06975472 22.39160156
v -22.14409065 -1.03026998 22.24160004
v -22.09585762 -1.06975472 22.24160004
v -22.04388046 -1.10042095 22.39160156
v -22.04388046 -1.10042095 22.24160004
v -21.98567963 -1.11642528 22.39160156
v -21.98567963 -1.11642528 22.24160004
v -22.23381233 -0.78673971 22.39160156
v -22.22791290 -0.85386765 22.39160156
v -22.23381233 -0.78673971 22.24160004
v -22.22791290 -0.85386765 22.24160004
v -22.21325302 -0.91768616 22.39160156
v -22.21325302 -0.91768616 22.24160004
v -22.18342781 -0.97577471 22.39160156
v -22.18342781 -0.97577471 22.24160004
v -22.13859749 -0.53283346 22.39160156
v -22.18053055 -0.58931488 22.39160156
v -22.13859749 -0.53283346 22.24160004
v -22.18053055 -0.58931488 22.24160004
v -22.21222878 -0.64974606 22.39160156
v -22.21222878 -0.64974606 22.24160004
v -22.22768974 -0.71644121 22.39160156
v -22.22768974 -0.71644121 22.24160004
v -21.87492561 -0.43639791 22.39160156
v -21.94767952 -0.44252789 22.39160156
v -21.87492561 -0.43639791 22.24160004
v -21.94767952 -0.44252789 22.24160004
v -22.01686096 -0.45805126 22.39160156
v -22.01686096 -0.45805126 22.24160004
v -22.07975197 -0.49012327 22.39160156
v -22.07975197 -0.49012327 22.24160004
v -21.89811897 -0.21056785 22.39160156
v -21.89811897 -0.21056785 22.24160004
v -22.28325081 -0.38512838 22.39160156
v -22.19936562 -0.31503817 22.39160156
v -22.28325081 -0.38512838 22.24160004
v -22.19936562 -0.31503817 22.24160004
v -22.10837746 -0.26009834 22.39160156
v -22.10837746 -0.26009834 22.24160004
v -22.00637245 -0.22867043 22.39160156
v -22.00637245 -0.22867043 22.24160004
v -22.41569710 -0.79162252 22.39160156
v -22.40795708 -0.68139130 22.39160156
v -22.41569710 -0.79162252 22.24160004
v -22.40795708 -0.68139130 22.24160004
v -22.38698578 -0.57564944 22.39160156
v -22.38698578 -0.57564944 22.24160004
v -22.34265137 -0.47783315 22.39160156
v -22.34265137 -0.47783315 22.24160004
v -22.27287483 -1.19933736 22.39160156
v -22.33663559 -1.10761392 22.39160156
v -22.27287483 -1.19933736 22.24160004
v -22.33663559 -1.10761392 22.24160004
v -22.38437843 -1.01006353 22.39160156
v -22.38437843 -1.01006353 22.24160004
v -22.40713882 -0.90342635 22.39160156
v -22.40713882 -0.90342635 22.24160004
v -21.91887093 -1.34948385 22.39160156
v -22.01845551 -1.33799255 22.39160156
v -21.91887093 -1.34948385 22.24160004
v -22.01845551 -1.33799255 22.24160004
v -22.11201668 -1.31234956 22.39160156
v -22.11201668 -1.31234956 22.24160004
v -22.19548988 -1.26299536 22.39160156
v -22.19548988 -1.26299536 22.24160004
v -21.70768929 -1.30553854 22.39160156
v -21.75896645 -1.32386816 22.39160156
v -21.70768929 -1.30553854 22.24160004
v -21.75896645 -1.32386816 22.24160004
v -21.81106377 -1.33822775 22.39160156
v -21.81106377 -1.33822775 22.24160004
v -21.86454773 -1.34589040 22.39160156
v -21.86454773 -1.34589040 22.24160004
v -21.48918343 -1.15966451 22.39160156
v -21.53989220 -1.20208430 22.39160156
v -21.48918343 -1.15966451 22.24160004
v -21.53989220 -1.20208430 22.24160004
v -21.59262657 -1.24142599 22.39160156
v -21.59262657 -1.24142599 22.24160004
v -21.64897346 -1.27528012 22.39160156
v -21.64897346 -1.27528012 22.24160004
v -21.17424202 -0.82091939 22.39160156
v -21.24938774 -0.90898103 22.39160156
v -21.17424202 -0.82091939 22.24160004
v -21.24938774 -0.90898103 22.24160004
v -21.32629204 -0.99538815 22.39160156
v -21.32629204 -0.99538815 22.24160004
v -21.40651321 -1.07867825 22.39160156
v -21.40651321 -1.07867825 22.24160004
v -20.94902229 -0.56701314 22.39160156
v -21.00737762 -0.62865001 22.39160156
v -20.94902229 -0.56701314 22.24160004
v -21.00737762 -0.62865001 22.24160004
v -21.06436348 -0.69151592 22.39160156
v -21.06436348 -0.69151592 22.24160004
v -21.11972046 -0.75584304 22.39160156
v -21.11972046 -0.75584304 22.24160004
v -20.83000374 -0.47423971 22.39160156
v -20.86144066 -0.49526563 22.39160156
v -20.83000374 -0.47423971 22.24160004
v -20.86144066 -0.49526563 22.24160004
v -20.89193535 -0.51750791 22.39160156
v -20.89193535 -0.51750791 22.24160004
v -20.92091560 -0.54169691 22.39160156
v -20.92091560 -0.54169691 22.24160004
v -20.83000374 0.70862162 22.39160156
v -20.83000374 1.15417826 22.39160156
v -20.83000374 0.70862162 22.24160004
v -20.83000374 1.15417826 22.24160004
v -20.83854866 0.54748881 22.39160156
v -20.83411789 0.58763129 22.39160156
v -20.83854866 0.54748881 22.24160004
v -20.83411789 0.58763129 22.24160004
v -20.83116150 0.62786418 22.39160156
v -20.83116150 0.62786418 22.24160004
v -20.83009148 0.66821277 22.39160156
v -20.83009148 0.66821277 22.24160004
v -20.88737679 0.41077006 22.39160156
v -20.87064743 0.44330320 22.39160156
v -20.88737679 0.41077006 22.24160004
v -20.87064743 0.44330320 22.24160004
v -20.85650635 0.47677910 22.39160156
v -20.85650635 0.47677910 22.24160004
v -20.84638786 0.51171893 22.39160156
v -20.84638786 0.51171893 22.24160004
v -20.98686409 0.32043803 22.39160156
v -20.95791817 0.33857694 22.39160156
v -20.98686409 0.32043803 22.24160004
v -20.95791817 0.33857694 22.24160004
v -20.93113899 0.35907874 22.39160156
v -20.93113899 0.35907874 22.24160004
v -20.90809441 0.38365421 22.39160156
v -20.90809441 0.38365421 22.24160004
v -21.13762093 0.28503764 22.39160156
v -21.09838104 0.28741518 22.39160156
v -21.13762093 0.28503764 22.24160004
v -21.09838104 0.28741518 22.24160004
v -21.05996513 0.29323334 22.39160156
v -21.05996513 0.29323334 22.24160004
v -21.02297211 0.30498493 22.39160156
v -21.02297211 0.30498493 22.24160004
v -21.31157112 0.33630717 22.39160156
v -21.27090073 0.31409112 22.39160156
v -21.31157112 0.33630717 22.24160004
v -21.27090073 0.31409112 22.24160004
v -21.22865868 0.29711238 22.39160156
v -21.22865868 0.29711238 22.24160004
v -21.18388176 0.28860253 22.39160156
v -21.18388176 0.28860253 22.24160004
v -21.41533089 0.47851908 22.39160156
v -21.39751434 0.43700382 22.39160156
v -21.41533089 0.47851908 22.24160004
v -21.39751434 0.43700382 22.24160004
v -21.37532043 0.39870137 22.39160156
v -21.37532043 0.39870137 22.24160004
v -21.34571075 0.36584237 22.39160156
v -21.34571075 0.36584237 22.24160004
v -21.44523811 0.74035990 22.39160156
v -21.44424057 0.67408878 22.39160156
v -21.44523811 0.74035990 22.24160004
v -21.44424057 0.67408878 22.24160004
v -21.44002151 0.60822093 22.39160156
v -21.44002151 0.60822093 22.24160004
v -21.42981148 0.54310268 22.39160156
v -21.42981148 0.54310268 22.24160004
v -21.44523811 1.15417826 22.39160156
v -21.44523811 1.15417826 22.24160004
v -21.65641975 0.76721537 22.39160156
v -21.65641975 1.15417826 22.39160156
v -21.65641975 0.76721537 22.24160004
v -21.65641975 1.15417826 22.24160004
v -21.67717171 0.54138529 22.39160156
v -21.66662598 0.59728247 22.39160156
v -21.67717171 0.54138529 22.24160004
v -21.66662598 0.59728247 22.24160004
v -21.65947342 0.65353441 22.39160156
v -21.65947342 0.65353441 22.24160004
v -21.65677643 0.71025240 22.39160156
v -21.65677643 0.71025240 22.24160004
v -21.76628304 0.40527689 22.39160156
v -21.73615074 0.43405998 22.39160156
v -21.76628304 0.40527689 22.24160004
v -21.73615074 0.43405998 22.24160004
v -21.71047783 0.46582130 22.39160156
v -21.71047783 0.46582130 22.24160004
v -21.69182014 0.50226486 22.39160156
v -21.69182014 0.50226486 22.24160004
v -21.92253304 0.35950053 22.39160156
v -21.88087273 0.36235183 22.39160156
v -21.92253304 0.35950053 22.24160004
v -21.88087273 0.36235183 22.24160004
v -21.84057999 0.36972177 22.39160156
v -21.84057999 0.36972177 22.24160004
v -21.80267334 0.38498998 22.39160156
v -21.80267334 0.38498998 22.24160004
v -22.07939339 0.40222514 22.39160156
v -22.04234505 0.38371998 22.39160156
v -22.07939339 0.40222514 22.24160004
v -22.04234505 0.38371998 22.24160004
v -22.00408745 0.36957309 22.39160156
v -22.00408745 0.36957309 22.24160004
v -21.96388054 0.36247736 22.39160156
v -21.96388054 0.36247736 22.24160004
v -22.17216682 0.52429545 22.39160156
v -22.15662956 0.48793718 22.39160156
v -22.17216682 0.52429545 22.24160004
v -22.15662956 0.48793718 22.24160004
v -22.13694572 0.45474088 22.39160156
v -22.13694572 0.45474088 22.24160004
v -22.11028671 0.42686871 22.39160156
v -22.11028671 0.42686871 22.24160004
v -22.19719124 0.79651225 22.39160156
v -22.19686317 0.72783190 22.39160156
v -22.19719124 0.79651225 22.24160004
v -22.19686317 0.72783190 22.24160004
v -22.19367790 0.65945333 22.39160156
v -22.19367790 0.65945333 22.24160004
v -22.18503189 0.59165144 22.39160156
v -22.18503189 0.59165144 22.24160004
v -22.19719124 1.15417826 22.39160156
v -22.19719124 1.15417826 22.24160004
v -22.40837288 1.39099467 22.39160156
v -20.61882210 1.39099467 22.39160156
v -22.40837288 1.39099467 22.24160004
v -20.61882210 1.39099467 22.24160004
v -22.40837288 0.71960795 22.39160156
v -22.40837288 0.71960795 22.24160004
v -22.35405159 0.39062846 22.39160156
v -22.37938881 0.47080246 22.39160156
v -22.35405159 0.39062846 22.24160004
v -22.37938881 0.47080246 22.24160004
v -22.39776802 0.55220205 22.39160156
v -22.39776802 0.55220205 22.24160004
v -22.40589142 0.63540798 22.39160156
v -22.40589142 0.63540798 22.24160004
v -22.18681526 0.19653665 22.39160156
v -22.23897743 0.23612712 22.39160156
v -22.18681526 0.19653665 22.24160004
v -22.23897743 0.23612712 22.24160004
v -22.28547287 0.28060645 22.39160156
v -22.28547287 0.28060645 22.24160004
v -22.32256889 0.33319569 22.39160156
v -22.32256889 0.33319569 22.24160004
v -21.95060921 0.12634622 22.39160156
v -22.01308632 0.13224462 22.39160156
v -21.95060921 0.12634622 22.24160004
v -22.01308632 0.13224462 22.24160004
v -22.07366753 0.14459164 22.39160156
v -22.07366753 0.14459164 22.24160004
v -22.13115311 0.16746609 22.39160156
v -22.13115311 0.16746609 22.24160004
v -21.73454475 0.18860207 22.39160156
v -21.78555870 0.16256630 22.39160156
v -21.73454475 0.18860207 22.24160004
v -21.78555870 0.16256630 22.24160004
v -21.83819962 0.14220361 22.39160156
v -21.83819962 0.14220361 22.24160004
v -21.89357567 0.13138425 22.39160156
v -21.89357567 0.13138425 22.24160004
v -21.57097054 0.37659037 22.39160156
v -21.60278511 0.32159233 22.39160156
v -21.57097054 0.37659037 22.24160004
v -21.60278511 0.32159233 22.24160004
v -21.63940239 0.27082676 22.39160156
v -21.63940239 0.27082676 22.24160004
v -21.68435287 0.22740509 22.39160156
v -21.68435287 0.22740509 22.24160004
v -21.40861702 0.12695657 22.39160156
v -21.46333694 0.18003304 22.39160156
v -21.40861702 0.12695657 22.24160004
v -21.46333694 0.18003304 22.24160004
v -21.51009369 0.23836683 22.39160156
v -21.51009369 0.23836683 22.24160004
v -21.54418564 0.30506647 22.39160156
v -21.54418564 0.30506647 22.24160004
v -21.13762093 0.03967630 22.39160156
v -21.21044731 0.04592808 22.39160156
v -21.13762093 0.03967630 22.24160004
v -21.21044731 0.04592808 22.24160004
v -21.28054810 0.06054070 22.39160156
v -21.28054810 0.06054070 22.24160004
v -21.34600639 0.08938225 22.39160156
v -21.34600639 0.08938225 22.24160004
v -20.90385628 0.09277688 22.39160156
v -20.96015739 0.07013865 22.39160156
v -20.90385628 0.09277688 22.24160004
v -20.96015739 0.07013865 22.24160004
v -21.01763725 0.05265015 22.39160156
v -21.01763725 0.05265015 22.24160004
v -21.07705307 0.04364596 22.39160156
v -21.07705307 0.04364596 22.24160004
v -20.73723030 0.22400247 22.39160156
v -20.77340508 0.18432738 22.39160156
v -20.73723030 0.22400247 22.24160004
v -20.77340508 0.18432738 22.24160004
v -20.81269646 0.14855565 22.39160156
v -20.81269646 0.14855565 22.24160004
v -20.85687828 0.11891490 22.39160156
v -20.85687828 0.11891490 22.24160004
v -20.64872932 0.41992533 22.39160156
v -20.66430092 0.36794025 22.39160156
v -20.64872932 0.41992533 22.24160004
v -20.66430092 0.36794025 22.24160004
v -20.68331146 0.31753144 22.39160156
v -20.68331146 0.31753144 22.24160004
v -20.70834923 0.26988557 22.39160156
v -20.70834923 0.26988557 22.24160004
v -20.61882210 0.70862162 22.39160156
v -20.62038231 0.63580334 22.39160156
v -20.61882210 0.70862162 22.24160004
v -20.62038231 0.63580334 22.24160004
v -20.62498856 0.56331670 22.39160156
v -20.62498856 0.56331670 22.24160004
v -20.63505363 0.49142453 22.39160156
v -20.63505363 0.49142453 22.24160004
v 49.38391876 8.50000000 22.39160156
v 49.38391876 -8.50000000 22.39160156
v 48.18391800 8.50000000 22.39160156
v 48.18391800 -8.50000000 22.39160156
v 20.46947479 1.14180112 22.39160156
v 20.46947479 -1.14180112 22.39160156
v 20.28716660 0.96462691 22.39160156
v 20.28716660 -0.96462691 22.39160156
v 20.04129982 0.89999998 22.39160156
v 20.04129982 -0.89999998 22.39160156
v 18.18799973 -0.00000000 22.39160156
v 18.08082008 -0.40000001 22.39160156
v 18.58799934 -0.89999998 22.39160156
v 17.78800011 -0.69282031 22.39160156
v 17.38800049 -0.80000001 22.39160156
v 18.18017006 -1.27376091 22.39160156
v 17.66459656 -1.47427762 22.39160156
v 48.18391800 -11.50000000 22.39160156
v 40.15441132 -15.25000000 22.39160156
v 18.32600975 -3.37196326 22.39160156
v 19.19539261 -2.99722099 22.39160156
v 49.38391876 -11.50000000 22.39160156
v 49.38391876 -14.21953201 22.39160156
v 48.56928635 -14.56619835 22.39160156
v 48.68950272 -14.57769680 22.39160156
v 49.31377029 -14.61016083 22.39160156
v 48.79892731 -14.62871456 22.39160156
v 48.88388062 -14.71403503 22.39160156
v 48.93523026 -14.82332039 22.39160156
v 49.11209106 -14.95193768 22.39160156
v 48.94657516 -14.94330406 22.39160156
v 48.91608429 -15.06014061 22.39160156
v 48.84780884 -15.15960598 22.39160156
v 48.85600281 -15.15094185 22.39160156
v 48.74994278 -15.23016930 22.39160156
v 48.85969543 -15.14683819 22.39160156
v 48.86126328 -15.14506054 22.39160156
v 48.86190796 -15.14432049 22.39160156
v 48.86217117 -15.14401722 22.39160156
v 48.86227798 -15.14389420 22.39160156
v 8.38799953 -15.25000000 22.39160156
v 17.38800049 -3.50000000 22.39160156
v 16.44998932 -3.37196326 22.39160156
v -4.67398977 -3.37196326 22.39160156
v -3.80460787 -2.99722099 22.39160156
v 8.38799953 -16.75000000 22.39160156
v 6.10007048 -16.42687988 22.39160156
v 5.67592955 -16.42687988 22.39160156
v 3.38800001 -15.25000000 22.39160156
v 3.38800001 -16.75000000 22.39160156
v 5.30459213 -16.63183022 22.39160156
v 5.07851744 -16.99069786 22.39160156
v 30.98057556 -16.75000000 22.39160156
v 18.46065521 -17.76738167 22.39160156
v 17.74695206 -17.79669380 22.39160156
v 6.53886557 -17.79669380 22.39160156
v 6.72200346 -17.41412926 22.39160156
v 6.69748259 -16.99069786 22.39160156
v 6.47140789 -16.63183022 22.39160156
v 5.05399656 -17.41412926 22.39160156
v 5.23713446 -17.79669380 22.39160156
v -5.97095251 -17.79669380 22.39160156
v -6.68465567 -17.76738167 22.39160156
v -19.20457649 -16.75000000 22.39160156
v -15.16199970 -15.25000000 22.39160156
v -16.33309746 -8.43563843 22.39160156
v -15.99322987 -7.94325590 22.39160156
v -5.61199999 -3.50000000 22.39160156
v -15.92111397 -7.34932899 22.39160156
v -16.13327026 -6.78991890 22.39160156
v -31.05314636 -13.95866776 22.39160156
v -17.46114540 -8.71367741 22.39160156
v -16.86285591 -8.71367741 22.39160156
v -31.05314636 -9.19418812 22.39160156
v -17.99090385 -8.43563843 22.39160156
v -18.33077049 -7.94325590 22.39160156
v -31.17835236 -8.20122623 22.39160156
v -18.40288544 -7.34932899 22.39160156
v -31.54613304 -7.27042675 22.39160156
v -18.19072914 -6.78991890 22.39160156
v -32.13346481 -6.46006060 22.39160156
v -17.74290466 -6.39317989 22.39160156
v -32.90357590 -5.82085943 22.39160156
v -37.29723740 -3.02110887 22.39160156
v -37.59583664 -2.91091609 22.39160156
v -37.59583664 2.91091609 22.39160156
v -37.29723740 3.02110887 22.39160156
v -32.90357590 5.82085943 22.39160156
v -17.74290466 6.39317989 22.39160156
v -32.13346481 6.46006060 22.39160156
v -18.19072914 6.78991890 22.39160156
v -31.54613304 7.27042675 22.39160156
v -18.40288544 7.34932899 22.39160156
v -31.17835236 8.20122623 22.39160156
v -18.33077049 7.94325590 22.39160156
v -31.05314636 9.19418812 22.39160156
v -17.99090385 8.43563843 22.39160156
v -17.46114540 8.71367741 22.39160156
v -31.05314636 13.95866776 22.39160156
v -15.16199970 15.25000000 22.39160156
v -37.91324615 2.93447900 22.39160156
v -37.91324615 -2.93447900 22.39160156
v -38.19229889 3.08755422 22.39160156
v -38.19229889 -3.08755422 22.39160156
v -38.38274384 3.34257293 22.39160156
v -38.38274384 -3.34257293 22.39160156
v -38.45028305 3.65360808 22.39160156
v -38.45028305 -3.65360808 22.39160156
v 3.38800001 15.25000000 22.39160156
v -16.33309746 8.43563843 22.39160156
v -16.86285591 8.71367741 22.39160156
v 3.38800001 16.75000000 22.39160156
v 5.67592955 16.42687988 22.39160156
v 8.38799953 15.25000000 22.39160156
v 16.44998932 3.37196326 22.39160156
v 17.38800049 3.50000000 22.39160156
v 18.32600975 3.37196326 22.39160156
v 40.15441132 15.25000000 22.39160156
v 48.18391800 11.50000000 22.39160156
v 48.56928635 14.56619835 22.39160156
v 49.38391876 14.21953201 22.39160156
v 48.68950272 14.57769680 22.39160156
v 49.31377029 14.61016083 22.39160156
v 48.79892731 14.62871456 22.39160156
v 48.88388062 14.71403503 22.39160156
v -19.20457649 16.75000000 22.39160156
v -6.68465567 17.76738167 22.39160156
v -5.97095251 17.79669380 22.39160156
v 5.23713446 17.79669380 22.39160156
v 5.05399656 17.41412926 22.39160156
v 5.07851744 16.99069786 22.39160156
v 5.30459213 16.63183022 22.39160156
v 6.10007048 16.42687988 22.39160156
v 8.38799953 16.75000000 22.39160156
v 6.47140789 16.63183022 22.39160156
v 6.69748259 16.99069786 22.39160156
v 6.72200346 17.41412926 22.39160156
v 6.53886557 17.79669380 22.39160156
v 17.74695206 17.79669380 22.39160156
v 18.46065521 17.76738167 22.39160156
v 30.98057556 16.75000000 22.39160156
v 48.93523026 14.82332039 22.39160156
v 49.11209106 14.95193768 22.39160156
v 48.94657516 14.94330406 22.39160156
v 48.91608429 15.06014061 22.39160156
v 48.86227798 15.14389420 22.39160156
v 48.86217117 15.14401722 22.39160156
v 48.74994278 15.23016930 22.39160156
v 48.86190796 15.14432049 22.39160156
v 48.86126328 15.14506054 22.39160156
v 48.85969543 15.14683819 22.39160156
v 48.85600281 15.15094185 22.39160156
v 48.84780884 15.15960598 22.39160156
v 49.38391876 11.50000000 22.39160156
v -17.16200066 -6.25000000 22.39160156
v -8.69347382 -1.14180112 22.39160156
v -8.76509571 -1.38572168 22.39160156
v -8.70751667 -1.63333333 22.39160156
v -17.16200066 6.25000000 22.39160156
v -8.15653801 2.40319037 22.39160156
v -7.41939211 2.99722099 22.39160156
v -16.58109665 6.39317989 22.39160156
v -6.55001020 3.37196326 22.39160156
v -16.13327026 6.78991890 22.39160156
v -5.61199999 3.50000000 22.39160156
v -15.92111397 7.34932899 22.39160156
v -15.99322987 7.94325590 22.39160156
v -8.69347382 1.14180112 22.39160156
v -8.76509571 1.38572168 22.39160156
v -8.70751667 1.63333333 22.39160156
v -6.01200008 0.69282031 22.39160156
v -6.81199980 0.89999998 22.39160156
v -5.61199999 0.80000001 22.39160156
v -6.40417004 1.27376091 22.39160156
v -5.88859653 1.47427762 22.39160156
v -6.30482054 0.40000001 22.39160156
v -8.26529980 0.89999998 22.39160156
v -6.41200018 0.00000000 22.39160156
v -8.26529980 -0.89999998 22.39160156
v -6.30482054 -0.40000001 22.39160156
v -6.81199980 -0.89999998 22.39160156
v -6.01200008 -0.69282031 22.39160156
v -5.61199999 -0.80000001 22.39160156
v -5.21199989 -0.69282031 22.39160156
v -4.41200018 -0.89999998 22.39160156
v -4.81982994 -1.27376091 22.39160156
v -5.33540344 -1.47427762 22.39160156
v -4.91917944 -0.40000001 22.39160156
v -2.95870018 -0.89999998 22.39160156
v -4.81199980 0.00000000 22.39160156
v -2.95870018 0.89999998 22.39160156
v -4.91917944 0.40000001 22.39160156
v -4.41200018 0.89999998 22.39160156
v -5.21199989 0.69282031 22.39160156
v 16.98800087 0.69282031 22.39160156
v 16.18799973 0.89999998 22.39160156
v 17.38800049 0.80000001 22.39160156
v 16.59583092 1.27376091 22.39160156
v 17.11140251 1.47427762 22.39160156
v 16.69517899 0.40000001 22.39160156
v 14.73470020 0.89999998 22.39160156
v 16.58799934 -0.00000000 22.39160156
v 14.73470020 -0.89999998 22.39160156
v 16.69517899 -0.40000001 22.39160156
v 16.18799973 -0.89999998 22.39160156
v 16.98800087 -0.69282031 22.39160156
v 18.08082008 0.40000001 22.39160156
v 18.58799934 0.89999998 22.39160156
v 17.78800011 0.69282031 22.39160156
v -6.55001020 -3.37196326 22.39160156
v -16.58109665 -6.39317989 22.39160156
v -7.41939211 -2.99722099 22.39160156
v -8.15653801 -2.40319037 22.39160156
v -5.88859653 -1.47427762 22.39160156
v -6.40417004 -1.27376091 22.39160156
v -8.51116657 0.96462691 22.39160156
v -8.51116657 -0.96462691 22.39160156
v 15.58060741 -2.99722099 22.39160156
v -3.06746149 -2.40319037 22.39160156
v 14.84346199 -2.40319037 22.39160156
v -2.51648355 -1.63333333 22.39160156
v 14.29248333 -1.63333333 22.39160156
v -2.45890403 -1.38572168 22.39160156
v 14.23490429 -1.38572168 22.39160156
v -2.53052568 -1.14180112 22.39160156
v 14.30652618 -1.14180112 22.39160156
v -2.53052568 1.14180112 22.39160156
v 14.30652618 1.14180112 22.39160156
v -2.45890403 1.38572168 22.39160156
v 14.23490429 1.38572168 22.39160156
v -2.51648355 1.63333333 22.39160156
v 14.29248333 1.63333333 22.39160156
v -3.06746149 2.40319037 22.39160156
v 14.84346199 2.40319037 22.39160156
v -3.80460787 2.99722099 22.39160156
v 15.58060741 2.99722099 22.39160156
v -4.67398977 3.37196326 22.39160156
v -2.71283388 0.96462691 22.39160156
v -2.71283388 -0.96462691 22.39160156
v 14.48883343 0.96462691 22.39160156
v 14.48883343 -0.96462691 22.39160156
v 19.93253899 -2.40319037 22.39160156
v 20.48351669 -1.63333333 22.39160156
v 20.54109573 -1.38572168 22.39160156
v 17.11140251 -1.47427762 22.39160156
v 16.59583092 -1.27376091 22.39160156
v 17.66459656 1.47427762 22.39160156
v 18.18017006 1.27376091 22.39160156
v 20.54109573 1.38572168 22.39160156
v 20.48351669 1.63333333 22.39160156
v 19.93253899 2.40319037 22.39160156
v 19.19539261 2.99722099 22.39160156
v -5.33540344 1.47427762 22.39160156
v -4.81982994 1.27376091 22.39160156
v -38.45028305 -4.05528736 22.39160156
v -38.41008759 -4.20528746 22.39160156
v -38.30028152 -4.31509495 22.39160156
v -38.15028000 -4.35528708 22.39160156
v -38.15028000 -4.14843321 22.39160156
v -37.69537735 -4.14843321 22.39160156
v -37.60791779 -4.35528708 22.39160156
v -37.63898087 -4.15378189 22.39160156
v -37.58459473 -4.16963720 22.39160156
v -38.30028152 -4.10824060 22.39160156
v -38.41008759 -3.99843311 22.39160156
v -38.45028305 -3.84843302 22.39160156
v -37.53416061 -4.19543362 22.39160156
v -37.12128448 -4.45852947 22.39160156
v -37.60791779 -8.50000000 22.39160156
v -36.35116959 -5.09773064 22.39160156
v -36.40791702 -8.50000000 22.39160156
v -35.76383972 -5.90809631 22.39160156
v -35.39606094 -6.83889627 22.39160156
v -35.27085114 -7.83185863 22.39160156
v -36.40791702 -11.50000000 22.39160156
v -35.27085114 -13.50000000 22.39160156
v -36.57632446 -15.33835220 22.39160156
v -35.12628174 -14.26737022 22.39160156
v -34.71239090 -14.92952824 22.39160156
v -34.08592606 -15.39568424 22.39160156
v -33.33278656 -15.60192585 22.39160156
v -36.95999146 -15.23679638 22.39160156
v -37.28430939 -15.00809860 22.39160156
v -37.60791779 -14.21953201 22.39160156
v -37.52385330 -14.64578247 22.39160156
v -37.60791779 -11.50000000 22.39160156
v -38.45028305 -3.84843302 20.59160042
v -38.41008759 -3.99843311 20.59160042
v -38.30028152 -4.10824060 20.59160042
v -38.15028000 -4.14843321 20.59160042
v -37.69537735 -4.14843321 20.59160042
v -37.63898087 -4.15378189 20.59160042
v -38.45028305 -3.65360808 20.59160042
v -37.29723740 -3.02110887 20.59160042
v -38.38274384 -3.34257293 20.59160042
v -38.19229889 -3.08755422 20.59160042
v -37.91324615 -2.93447900 20.59160042
v -37.59583664 -2.91091609 20.59160042
v -32.90357590 -5.82085943 20.59160042
v -37.12128448 -4.45852947 20.59160042
v -37.53416061 -4.19543362 20.59160042
v -37.58459473 -4.16963720 20.59160042
v -32.13346481 -6.46006060 20.59160042
v -33.95767975 -6.33493090 20.59160042
v -34.09123611 -6.28920841 20.59160042
v -35.76383972 -5.90809631 20.59160042
v -34.23091888 -6.30962992 20.59160042
v -34.34579849 -6.39167404 20.59160042
v -31.54613304 -7.27042675 20.59160042
v -32.86338425 -7.14359236 20.59160042
v -33.44096756 -6.66419172 20.59160042
v -32.42288589 -7.75136709 20.59160042
v -31.17835236 -8.20122623 20.59160042
v -32.14705276 -8.44946671 20.59160042
v -31.05314636 -9.19418812 20.59160042
v -32.05314636 -9.19418812 20.59160042
v -32.05314636 -14.37724781 20.59160042
v -31.05314636 -15.16262341 20.59160042
v -32.07836533 -14.49764729 20.59160042
v -32.14978790 -14.59780312 20.59160042
v -32.25539780 -14.66087627 20.59160042
v -32.37744522 -14.67626190 20.59160042
v -33.33278656 -15.60192585 20.59160042
v -34.08592606 -15.39568424 20.59160042
v -19.20457649 -16.75000000 20.59160042
v -15.21067619 -16.45000076 20.59160042
v 3.38800001 -16.75000000 20.59160042
v 3.38800001 -16.45000076 20.59160042
v -33.25179672 -14.60521126 20.59160042
v -34.71239090 -14.92952824 20.59160042
v -33.76749420 -14.42894268 20.59160042
v -35.12628174 -14.26737022 20.59160042
v -34.13692474 -14.02827644 20.59160042
v -35.27085114 -13.50000000 20.59160042
v -34.27085114 -13.50000000 20.59160042
v -35.27085114 -7.83185863 20.59160042
v -34.27085114 -7.83185863 20.59160042
v -34.28643417 -7.43741322 20.59160042
v -35.39606094 -6.83889627 20.59160042
v -34.33308792 -7.04542637 20.59160042
v -34.41051865 -6.65834141 20.59160042
v -34.41043472 -6.51717424 20.59160042
v -36.35116959 -5.09773064 20.59160042
v -33.95767975 -6.33493090 22.39160156
v -34.09123611 -6.28920841 22.39160156
v -34.23091888 -6.30962992 22.39160156
v -34.34579849 -6.39167404 22.39160156
v -34.41043472 -6.51717424 22.39160156
v -34.41051865 -6.65834141 22.39160156
v -34.33308792 -7.04542637 22.39160156
v -34.28643417 -7.43741322 22.39160156
v -34.27085114 -7.83185863 22.39160156
v -32.37744522 -14.67626190 22.39160156
v -32.25539780 -14.66087627 22.39160156
v -32.14978790 -14.59780312 22.39160156
v -32.07836533 -14.49764729 22.39160156
v -32.05314636 -14.37724781 22.39160156
v -32.05314636 -9.19418812 22.39160156
v -33.25179672 -14.60521126 22.39160156
v -33.76749420 -14.42894268 22.39160156
v -34.13692474 -14.02827644 22.39160156
v -34.27085114 -13.50000000 22.39160156
v -33.44096756 -6.66419172 22.39160156
v -32.86338425 -7.14359236 22.39160156
v -32.42288589 -7.75136709 22.39160156
v -32.14705276 -8.44946671 22.39160156
v 48.74994278 -15.23016930 20.59160042
v 48.84780884 -15.15960598 20.59160042
v 48.91608429 -15.06014061 20.59160042
v 48.94657516 -14.94330406 20.59160042
v 48.93523026 -14.82332039 20.59160042
v 48.88388062 -14.71403503 20.59160042
v 48.79892731 -14.62871456 20.59160042
v 48.68950272 -14.57769680 20.59160042
v 48.56928635 -14.56619835 20.59160042
v 25.38719749 -16.45000076 20.59160042
v 48.35232544 -15.33835220 20.59160042
v 48.62218857 -15.28248882 20.59160042
v 48.48897934 -15.31873226 20.59160042
v 30.98057556 -16.75000000 20.59160042
v 8.38799953 -16.75000000 20.59160042
v 8.38799953 -16.45000076 20.59160042
v 40.15441132 -15.25000000 21.79160118
v 14.73470020 -0.15000001 26.09160042
v 14.73470020 -0.52499998 25.99111938
v 15.17710018 -0.23090552 26.09160042
v 15.04438019 -0.58163387 25.99111938
v 15.56223297 -0.46314895 26.09160042
v 15.31397343 -0.74420428 25.99111938
v 15.84024143 -0.81666666 26.09160042
v 15.50857925 -0.99166667 25.99111938
v 15.13223457 -0.94995105 25.71660042
v 15.26578522 -1.11977553 25.71660042
v 15.06571293 -1.02525961 25.34160042
v 15.17691708 -1.16666663 25.34160042
v 14.73470020 -0.79951906 25.71660042
v 14.94722271 -0.83838481 25.71660042
v 14.73470020 -0.89999998 25.34160042
v 14.91166019 -0.93236220 25.34160042
v -2.95870018 -0.15000001 26.09160042
v 5.88800001 -0.52499998 25.99111938
v -2.95870018 -0.52499998 25.99111938
v 5.88800001 -0.79951906 25.71660042
v -2.95870018 -0.79951906 25.71660042
v -2.95870018 -0.89999998 25.34160042
v -4.06424189 -0.81666666 26.09160042
v -3.73257923 -0.99166667 25.99111938
v -3.78623271 -0.46314895 26.09160042
v -3.53797293 -0.74420428 25.99111938
v -3.40110064 -0.23090552 26.09160042
v -3.26838040 -0.58163387 25.99111938
v -3.17122269 -0.83838481 25.71660042
v -3.13566041 -0.93236220 25.34160042
v -3.48978543 -1.11977553 25.71660042
v -3.35623407 -0.94995105 25.71660042
v -3.40091681 -1.16666663 25.34160042
v -3.28971314 -1.02525961 25.34160042
v -2.95870018 -0.89999998 25.09160042
v -3.13566041 -0.93236220 25.09160042
v -3.40091681 -1.16666663 25.09160042
v -3.28971314 -1.02525961 25.09160042
v 14.73470020 -0.89999998 25.09160042
v -4.41200018 -0.89999998 25.09160042
v 16.18799973 -0.89999998 25.09160042
v 15.17691708 -1.16666663 25.09160042
v 15.06571293 -1.02525961 25.09160042
v 14.91166019 -0.93236220 25.09160042
v -31.05314636 -13.95866776 21.79160118
v -6.81199980 -0.89999998 25.09160042
v -7.94438076 -0.89999998 25.09160042
v 6.78792810 -17.79669380 22.59457016
v 7.08841515 -17.79669380 22.86064148
v 7.46721506 -17.79669380 23.21276665
v 4.30878496 -17.79669380 23.21276665
v 4.68758488 -17.79669380 22.86064148
v 4.98807192 -17.79669380 22.59457016
v 8.38799953 -15.25000000 21.79160118
v -15.16199970 -15.25000000 21.79160118
v 3.38800001 -15.25000000 21.79160118
v -4.81982994 -1.27376091 25.09160042
v -3.89250970 -1.81475973 25.09160042
v -5.33540344 -1.47427762 25.09160042
v -4.56614494 -2.27072406 25.09160042
v -6.91630745 -2.13278723 25.09160042
v -6.16254950 -2.43862557 25.09160042
v -5.35050488 -2.48628640 25.09160042
v -5.88859653 -1.47427762 25.09160042
v -7.53197813 -1.60115063 25.09160042
v -6.40417004 -1.27376091 25.09160042
v 18.58799934 -0.89999998 25.09160042
v 19.72038078 -0.89999998 25.09160042
v 18.18017006 -1.27376091 25.09160042
v 19.30797768 -1.60115063 25.09160042
v 17.66459656 -1.47427762 25.09160042
v 18.69230843 -2.13278723 25.09160042
v 17.11140251 -1.47427762 25.09160042
v 16.34214401 -2.27072406 25.09160042
v 15.66850948 -1.81475973 25.09160042
v 17.93854904 -2.43862557 25.09160042
v 17.12650490 -2.48628640 25.09160042
v 16.59583092 -1.27376091 25.09160042
v 50.08391953 -8.50000000 19.39160156
v 50.08391953 -11.50000000 19.39160156
v 49.08391953 -8.50000000 18.39160156
v 49.08391953 -11.50000000 18.39160156
v 48.39355087 -11.50000000 18.39160156
v 49.38391876 -11.50000000 19.89160156
v 50.08391953 -11.50000000 19.89160156
v 50.08391953 -8.50000000 19.89160156
v 49.38391876 -8.50000000 19.89160156
v 48.39355087 -8.50000000 18.39160156
v -37.60791779 -8.50000000 19.89160156
v -37.60791779 -11.50000000 19.89160156
v -37.30791855 -8.50000000 18.39160156
v -37.30791855 -11.50000000 18.39160156
v -38.30791855 -8.50000000 19.39160156
v -38.30791855 -11.50000000 19.39160156
v -38.30791855 -11.50000000 19.89160156
v -36.61754990 -11.50000000 18.39160156
v -38.30791855 -8.50000000 19.89160156
v -36.61754990 -8.50000000 18.39160156
v 48.62218857 -15.28248882 22.39160156
v 48.48897934 -15.31873226 22.39160156
v 48.35232544 -15.33835220 22.39160156
v 18.10184479 -17.78934479 23.04160118
v 18.43752289 -17.76923180 23.04160118
v -6.32584429 -17.78934479 23.04160118
v -6.66152239 -17.76923180 23.04160118
v -38.15028000 4.35528708 22.39160156
v -38.30028152 4.31509495 22.39160156
v -38.41008759 4.20528746 22.39160156
v -38.45028305 4.05528736 22.39160156
v -38.45028305 3.84843302 22.39160156
v -38.45028305 3.84843302 20.59160042
v -38.45028305 3.65360808 20.59160042
v -38.41008759 3.99843311 22.39160156
v -38.30028152 4.10824060 22.39160156
v -38.15028000 4.14843321 22.39160156
v -37.69537735 4.14843321 22.39160156
v -37.60791779 4.35528708 22.39160156
v -37.63898087 4.15378189 22.39160156
v -37.58459473 4.16963720 22.39160156
v -37.53416061 4.19543362 22.39160156
v -37.12128448 4.45852947 22.39160156
v -37.60791779 8.50000000 22.39160156
v -36.35116959 5.09773064 22.39160156
v -36.40791702 8.50000000 22.39160156
v -35.76383972 5.90809631 22.39160156
v -35.39606094 6.83889627 22.39160156
v -35.27085114 7.83185863 22.39160156
v -36.40791702 11.50000000 22.39160156
v -35.27085114 13.50000000 22.39160156
v -36.57632446 15.33835220 22.39160156
v -35.12628174 14.26737022 22.39160156
v -34.71239090 14.92952824 22.39160156
v -34.08592606 15.39568424 22.39160156
v -33.33278656 15.60192585 22.39160156
v -37.60791779 11.50000000 22.39160156
v -37.60791779 14.21953201 22.39160156
v -37.28430939 15.00809860 22.39160156
v -36.95999146 15.23679638 22.39160156
v -37.52385330 14.64578247 22.39160156
v -38.15028000 4.14843321 20.59160042
v -38.30028152 4.10824060 20.59160042
v -38.41008759 3.99843311 20.59160042
v -37.69537735 4.14843321 20.59160042
v -37.63898087 4.15378189 20.59160042
v -37.29723740 3.02110887 20.59160042
v -38.38274384 3.34257293 20.59160042
v -38.19229889 3.08755422 20.59160042
v -37.91324615 2.93447900 20.59160042
v -37.59583664 2.91091609 20.59160042
v -37.58459473 4.16963720 20.59160042
v -37.53416061 4.19543362 20.59160042
v -37.12128448 4.45852947 20.59160042
v -32.90357590 5.82085943 20.59160042
v -36.35116959 5.09773064 20.59160042
v -35.76383972 5.90809631 20.59160042
v -35.39606094 6.83889627 20.59160042
v -34.41043472 6.51717424 20.59160042
v -34.34579849 6.39167404 20.59160042
v -34.23091888 6.30962992 20.59160042
v -35.27085114 7.83185863 20.59160042
v -34.28643417 7.43741322 20.59160042
v -34.33308792 7.04542637 20.59160042
v -34.41051865 6.65834141 20.59160042
v -35.27085114 13.50000000 20.59160042
v -34.27085114 13.50000000 20.59160042
v -34.27085114 7.83185863 20.59160042
v -34.13692474 14.02827644 20.59160042
v -35.12628174 14.26737022 20.59160042
v -33.76749420 14.42894268 20.59160042
v -34.71239090 14.92952824 20.59160042
v -33.25179672 14.60521126 20.59160042
v -34.08592606 15.39568424 20.59160042
v -32.37744522 14.67626190 20.59160042
v -33.33278656 15.60192585 20.59160042
v -31.05314636 15.16262341 20.59160042
v -19.20457649 16.75000000 20.59160042
v -15.21067619 16.45000076 20.59160042
v 3.38800001 16.75000000 20.59160042
v 3.38800001 16.45000076 20.59160042
v -31.05314636 9.19418812 20.59160042
v -32.05314636 14.37724781 20.59160042
v -32.07836533 14.49764729 20.59160042
v -32.14978790 14.59780312 20.59160042
v -31.17835236 8.20122623 20.59160042
v -32.14705276 8.44946671 20.59160042
v -32.05314636 9.19418812 20.59160042
v -32.42288589 7.75136709 20.59160042
v -31.54613304 7.27042675 20.59160042
v -32.86338425 7.14359236 20.59160042
v -32.13346481 6.46006060 20.59160042
v -33.44096756 6.66419172 20.59160042
v -33.95767975 6.33493090 20.59160042
v -34.09123611 6.28920841 20.59160042
v -32.25539780 14.66087627 20.59160042
v -34.41051865 6.65834141 22.39160156
v -34.41043472 6.51717424 22.39160156
v -34.34579849 6.39167404 22.39160156
v -34.23091888 6.30962992 22.39160156
v -34.09123611 6.28920841 22.39160156
v -33.95767975 6.33493090 22.39160156
v -34.33308792 7.04542637 22.39160156
v -34.28643417 7.43741322 22.39160156
v -34.27085114 7.83185863 22.39160156
v -32.05314636 14.37724781 22.39160156
v -32.07836533 14.49764729 22.39160156
v -32.14978790 14.59780312 22.39160156
v -32.25539780 14.66087627 22.39160156
v -32.37744522 14.67626190 22.39160156
v -32.05314636 9.19418812 22.39160156
v -34.27085114 13.50000000 22.39160156
v -34.13692474 14.02827644 22.39160156
v -33.76749420 14.42894268 22.39160156
v -33.25179672 14.60521126 22.39160156
v -32.14705276 8.44946671 22.39160156
v -32.42288589 7.75136709 22.39160156
v -32.86338425 7.14359236 22.39160156
v -33.44096756 6.66419172 22.39160156
v -6.01200008 0.69282031 26.09160042
v -5.61199999 0.80000001 26.09160042
v -5.21199989 0.69282031 26.09160042
v -4.91917944 0.40000001 26.09160042
v -4.81199980 0.00000000 26.09160042
v -4.91917944 -0.40000001 26.09160042
v -5.21199989 -0.69282031 26.09160042
v -5.61199999 -0.80000001 26.09160042
v -6.01200008 -0.69282031 26.09160042
v -6.30482054 -0.40000001 26.09160042
v -6.41200018 0.00000000 26.09160042
v -6.30482054 0.40000001 26.09160042
v 16.98800087 0.69282031 26.09160042
v 17.38800049 0.80000001 26.09160042
v 17.78800011 0.69282031 26.09160042
v 18.08082008 0.40000001 26.09160042
v 18.18799973 -0.00000000 26.09160042
v 18.08082008 -0.40000001 26.09160042
v 17.78800011 -0.69282031 26.09160042
v 17.38800049 -0.80000001 26.09160042
v 16.98800087 -0.69282031 26.09160042
v 16.69517899 -0.40000001 26.09160042
v 16.58799934 -0.00000000 26.09160042
v 16.69517899 0.40000001 26.09160042
v 48.56928635 14.56619835 20.59160042
v 48.68950272 14.57769680 20.59160042
v 48.79892731 14.62871456 20.59160042
v 48.88388062 14.71403503 20.59160042
v 48.93523026 14.82332039 20.59160042
v 48.94657516 14.94330406 20.59160042
v 48.91608429 15.06014061 20.59160042
v 48.84780884 15.15960598 20.59160042
v 48.74994278 15.23016930 20.59160042
v 48.62218857 15.28248882 20.59160042
v 48.35232544 15.33835220 20.59160042
v 25.38719749 16.45000076 20.59160042
v 8.38799953 16.45000076 20.59160042
v 8.38799953 16.75000000 20.59160042
v 30.98057556 16.75000000 20.59160042
v 48.48897934 15.31873226 20.59160042
v 40.15441132 15.25000000 21.79160118
v 15.78580570 -1.78624296 25.71660042
v 15.71871281 -1.86104262 25.34160042
v 16.50467682 -2.23101592 25.71660042
v 16.46768761 -2.32444072 25.34160042
v 17.33317947 -2.39889264 25.71660042
v 17.33088493 -2.49934745 25.34160042
v 18.16848564 -2.26903796 25.71660042
v 18.20116997 -2.36405492 25.34160042
v 18.90692520 -1.85756791 25.71660042
v 18.97053146 -1.93535447 25.34160042
v 19.45684624 -1.21555126 25.71660042
v 19.54347992 -1.26645303 25.34160042
v 19.75000000 -0.42266989 25.71660042
v 19.84890938 -0.44036940 25.34160042
v 19.75000000 0.42266989 25.71660042
v 19.84890938 0.44036940 25.34160042
v 19.45684624 1.21555126 25.71660042
v 19.54347992 1.26645303 25.34160042
v 18.90692520 1.85756791 25.71660042
v 18.97053146 1.93535447 25.34160042
v 18.16848564 2.26903796 25.71660042
v 18.20116997 2.36405492 25.34160042
v 17.33317947 2.39889264 25.71660042
v 17.33088493 2.49934745 25.34160042
v 16.50467682 2.23101592 25.71660042
v 16.46768761 2.32444072 25.34160042
v 15.78580570 1.78624296 25.71660042
v 15.71871281 1.86104262 25.34160042
v 15.26578522 1.11977553 25.71660042
v 15.17691708 1.16666663 25.34160042
v 15.50857925 0.99166667 25.99111938
v 15.96910572 1.58188629 25.99111938
v 16.60573387 1.97577465 25.99111938
v 17.33945084 2.12444544 25.99111938
v 18.07919312 2.00944662 25.99111938
v 18.73315048 1.64505124 25.99111938
v 19.22015762 1.07648504 25.99111938
v 19.47977257 0.37431398 25.99111938
v 19.47977257 -0.37431398 25.99111938
v 19.22015762 -1.07648504 25.99111938
v 18.73315048 -1.64505124 25.99111938
v 18.07919312 -2.00944662 25.99111938
v 17.33945084 -2.12444544 25.99111938
v 16.60573387 -1.97577465 25.99111938
v 15.96910572 -1.58188629 25.99111938
v 16.29217529 -1.36442947 26.09160042
v 16.92455292 -1.68751788 26.09160042
v 17.63324356 -1.73273063 26.09160042
v 18.30155182 -1.49262249 26.09160042
v 18.81942940 -1.00673115 26.09160042
v 19.10160065 -0.35506609 26.09160042
v 15.84024143 0.81666666 26.09160042
v 16.29217529 1.36442947 26.09160042
v 16.92455292 1.68751788 26.09160042
v 17.63324356 1.73273063 26.09160042
v 18.30155182 1.49262249 26.09160042
v 18.81942940 1.00673115 26.09160042
v 19.10160065 0.35506609 26.09160042
v 14.73470020 0.89999998 25.34160042
v 14.73470020 0.79951906 25.71660042
v 14.91166019 0.93236220 25.34160042
v 14.94722271 0.83838481 25.71660042
v 15.06571293 1.02525961 25.34160042
v 15.13223457 0.94995105 25.71660042
v 15.31397343 0.74420428 25.99111938
v 15.56223297 0.46314895 26.09160042
v 14.73470020 0.52499998 25.99111938
v 15.04438019 0.58163387 25.99111938
v 14.73470020 0.15000001 26.09160042
v 15.17710018 0.23090552 26.09160042
v -2.95870018 0.89999998 25.34160042
v 5.88800001 0.79951906 25.71660042
v -2.95870018 0.79951906 25.71660042
v 5.88800001 0.52499998 25.99111938
v -2.95870018 0.52499998 25.99111938
v -2.95870018 0.15000001 26.09160042
v -3.40091681 1.16666663 25.34160042
v -3.48978543 1.11977553 25.71660042
v -3.28971314 1.02525961 25.34160042
v -3.35623407 0.94995105 25.71660042
v -3.13566041 0.93236220 25.34160042
v -3.17122269 0.83838481 25.71660042
v -3.26838040 0.58163387 25.99111938
v -3.40110064 0.23090552 26.09160042
v -3.73257923 0.99166667 25.99111938
v -3.53797293 0.74420428 25.99111938
v -4.06424189 0.81666666 26.09160042
v -3.78623271 0.46314895 26.09160042
v -4.19310570 -1.58188629 25.99111938
v -4.51617527 -1.36442947 26.09160042
v -4.82973433 -1.97577465 25.99111938
v -5.14855289 -1.68751788 26.09160042
v -5.56345129 -2.12444544 25.99111938
v -5.85724401 -1.73273063 26.09160042
v -6.30319405 -2.00944662 25.99111938
v -6.52555227 -1.49262249 26.09160042
v -6.95715094 -1.64505124 25.99111938
v -7.04343033 -1.00673115 26.09160042
v -7.44415855 -1.07648504 25.99111938
v -7.32560110 -0.35506609 26.09160042
v -7.70377302 -0.37431398 25.99111938
v -7.32560110 0.35506609 26.09160042
v -7.70377302 0.37431398 25.99111938
v -7.44415855 1.07648504 25.99111938
v -7.68084669 1.21555126 25.71660042
v -7.13092518 1.85756791 25.71660042
v -7.19453049 1.93535447 25.34160042
v -6.42516947 2.36405492 25.34160042
v -6.39248610 2.26903796 25.71660042
v -5.55488396 2.49934745 25.34160042
v -5.55717945 2.39889264 25.71660042
v -4.69168758 2.32444072 25.34160042
v -4.72867680 2.23101592 25.71660042
v -3.94271278 1.86104262 25.34160042
v -4.00980520 1.78624296 25.71660042
v -4.19310570 1.58188629 25.99111938
v -4.51617527 1.36442947 26.09160042
v -4.82973433 1.97577465 25.99111938
v -5.14855289 1.68751788 26.09160042
v -5.56345129 2.12444544 25.99111938
v -5.85724401 1.73273063 26.09160042
v -6.30319405 2.00944662 25.99111938
v -6.52555227 1.49262249 26.09160042
v -6.95715094 1.64505124 25.99111938
v -7.04343033 1.00673115 26.09160042
v -7.76748085 1.26645303 25.34160042
v -7.97399950 0.42266989 25.71660042
v -8.07290936 0.44036940 25.34160042
v -7.97399950 -0.42266989 25.71660042
v -8.07290936 -0.44036940 25.34160042
v -7.68084669 -1.21555126 25.71660042
v -7.76748085 -1.26645303 25.34160042
v -7.13092518 -1.85756791 25.71660042
v -7.19453049 -1.93535447 25.34160042
v -6.39248610 -2.26903796 25.71660042
v -6.42516947 -2.36405492 25.34160042
v -5.55717945 -2.39889264 25.71660042
v -5.55488396 -2.49934745 25.34160042
v -4.72867680 -2.23101592 25.71660042
v -4.69168758 -2.32444072 25.34160042
v -4.00980520 -1.78624296 25.71660042
v -3.94271278 -1.86104262 25.34160042
v -7.94438076 0.89999998 25.09160042
v -7.53197813 1.60115063 25.09160042
v -6.91630745 2.13278723 25.09160042
v -6.16254950 2.43862557 25.09160042
v -5.35050488 2.48628640 25.09160042
v -4.56614494 2.27072406 25.09160042
v -3.89250970 1.81475973 25.09160042
v -3.40091681 1.16666663 25.09160042
v -3.28971314 1.02525961 25.09160042
v -2.95870018 0.89999998 25.09160042
v -3.13566041 0.93236220 25.09160042
v 14.73470020 0.89999998 25.09160042
v 16.18799973 0.89999998 25.09160042
v -4.41200018 0.89999998 25.09160042
v 14.91166019 0.93236220 25.09160042
v 15.17691708 1.16666663 25.09160042
v 15.06571293 1.02525961 25.09160042
v 15.66850948 1.81475973 25.09160042
v 16.34214401 2.27072406 25.09160042
v 17.12650490 2.48628640 25.09160042
v 17.93854904 2.43862557 25.09160042
v 18.69230843 2.13278723 25.09160042
v 19.30797768 1.60115063 25.09160042
v 19.72038078 0.89999998 25.09160042
v -31.05314636 13.95866776 21.79160118
v -6.81199980 0.89999998 25.09160042
v 7.46721506 17.79669380 23.21276665
v 7.08841515 17.79669380 22.86064148
v 6.78792810 17.79669380 22.59457016
v 4.30878496 17.79669380 23.21276665
v 4.68758488 17.79669380 22.86064148
v 4.98807192 17.79669380 22.59457016
v 8.38799953 15.25000000 21.79160118
v -15.16199970 15.25000000 21.79160118
v 3.38800001 15.25000000 21.79160118
v -4.81982994 1.27376091 25.09160042
v -5.33540344 1.47427762 25.09160042
v -5.88859653 1.47427762 25.09160042
v -6.40417004 1.27376091 25.09160042
v 18.58799934 0.89999998 25.09160042
v 18.18017006 1.27376091 25.09160042
v 17.66459656 1.47427762 25.09160042
v 17.11140251 1.47427762 25.09160042
v 16.59583092 1.27376091 25.09160042
v 49.08391953 8.50000000 18.39160156
v 49.08391953 11.50000000 18.39160156
v 50.08391953 8.50000000 19.39160156
v 50.08391953 11.50000000 19.39160156
v 50.08391953 11.50000000 19.89160156
v 49.38391876 11.50000000 19.89160156
v 48.39355087 11.50000000 18.39160156
v 50.08391953 8.50000000 19.89160156
v 49.38391876 8.50000000 19.89160156
v 48.39355087 8.50000000 18.39160156
v -37.60791779 11.50000000 19.89160156
v -37.60791779 8.50000000 19.89160156
v -38.30791855 8.50000000 19.39160156
v -38.30791855 11.50000000 19.39160156
v -37.30791855 8.50000000 18.39160156
v -37.30791855 11.50000000 18.39160156
v -36.61754990 11.50000000 18.39160156
v -38.30791855 11.50000000 19.89160156
v -38.30791855 8.50000000 19.89160156
v -36.61754990 8.50000000 18.39160156
v 48.62218857 15.28248882 22.39160156
v 48.48897934 15.31873226 22.39160156
v 48.35232544 15.33835220 22.39160156
f 1 2 3
f 3 2 4
f 4 2 5
f 4 5 6
f 6 5 7
f 7 5 8
f 4 6 9
f 9 6 10
f 9 10 11
f 11 10 12
f 11 12 13
f 13 12 14
f 14 12 15
f 14 15 16
f 16 17 14
f 14 17 18
f 14 18 19
f 19 18 20
f 19 20 21
f 21 20 22
f 22 20 23
f 22 23 24
f 24 23 25
f 25 23 26
f 25 26 27
f 27 26 28
f 27 28 29
f 29 28 30
f 29 30 31
f 31 30 32
f 31 32 33
f 33 32 34
f 33 34 35
f 35 34 36
f 35 36 37
f 37 36 38
f 24 39 22
f 22 39 40
f 40 39 41
f 40 41 42
f 42 41 43
f 42 43 44
f 44 43 45
f 45 43 46
f 39 47 41
f 41 47 48
f 41 48 49
f 49 48 50
f 49 50 51
f 48 47 52
f 52 47 53
f 52 53 54
f 54 55 52
f 52 55 56
f 52 56 57
f 58 59 57
f 57 59 60
f 57 60 52
f 52 60 61
f 52 61 62
f 62 61 63
f 63 61 64
f 64 61 65
f 64 65 66
f 67 68 58
f 58 68 69
f 58 69 59
f 59 69 70
f 70 69 71
f 67 72 68
f 60 73 61
f 61 73 74
f 61 74 75
f 75 76 61
f 61 76 77
f 61 77 78
f 78 77 79
f 78 79 80
f 77 81 79
f 79 81 82
f 79 82 83
f 82 81 84
f 84 81 85
f 84 85 86
f 86 85 87
f 86 87 88
f 88 87 89
f 88 89 90
f 90 89 91
f 90 91 92
f 92 91 93
f 92 93 94
f 94 93 95
f 94 95 96
f 96 95 97
f 96 97 98
f 98 97 99
f 98 99 100
f 86 101 84
f 84 101 102
f 102 101 103
f 102 103 104
f 104 103 105
f 104 105 106
f 106 105 107
f 107 105 108
f 101 109 103
f 103 109 13
f 103 13 110
f 110 13 111
f 110 111 112
f 109 113 13
f 13 113 114
f 13 114 115
f 115 11 13
f 112 116 110
f 79 83 117
f 117 83 118
f 117 118 119
f 119 120 117
f 121 122 80
f 80 122 123
f 80 123 78
f 62 124 52
f 52 124 125
f 125 124 126
f 51 127 49
f 21 128 19
f 19 128 129
f 129 128 130
f 129 130 131
f 131 132 129
f 19 133 14
f 14 133 134
f 134 133 135
f 135 133 136
f 137 138 139
f 139 138 140
f 139 140 141
f 141 140 142
f 141 142 143
f 143 142 144
f 143 144 145
f 145 144 146
f 145 146 147
f 147 146 148
f 147 148 149
f 149 148 150
f 149 150 151
f 148 152 150
f 150 152 153
f 153 152 154
f 154 152 155
f 155 152 156
f 156 152 157
f 156 157 158
f 158 157 159
f 158 159 160
f 160 159 161
f 160 161 162
f 162 161 163
f 164 165 159
f 159 165 166
f 159 166 167
f 167 166 168
f 167 161 159
f 149 151 169
f 169 151 170
f 169 170 171
f 169 171 172
f 172 171 173
f 172 173 174
f 174 173 175
f 174 175 176
f 177 178 173
f 173 178 179
f 173 179 180
f 181 182 177
f 177 182 183
f 177 183 184
f 181 185 182
f 182 185 186
f 187 188 182
f 182 188 189
f 182 189 183
f 190 191 187
f 187 191 192
f 187 192 193
f 194 195 190
f 190 195 196
f 190 196 197
f 198 199 194
f 194 199 200
f 194 200 201
f 202 203 201
f 201 203 204
f 201 204 205
f 206 207 202
f 202 207 208
f 202 208 176
f 176 208 174
f 207 206 209
f 209 206 210
f 209 210 211
f 209 211 212
f 212 211 213
f 212 213 214
f 215 216 214
f 214 216 212
f 216 217 212
f 212 217 218
f 218 217 137
f 218 137 139
f 217 219 137
f 137 219 220
f 137 220 221
f 221 220 222
f 221 222 223
f 220 224 222
f 222 224 225
f 223 226 221
f 227 228 229
f 229 228 230
f 229 230 231
f 229 231 232
f 232 231 233
f 232 233 234
f 234 233 235
f 234 235 236
f 236 237 234
f 234 237 238
f 234 238 239
f 238 237 240
f 240 237 241
f 240 241 242
f 234 239 243
f 243 239 244
f 243 244 245
f 245 246 243
f 243 246 247
f 243 247 248
f 248 247 249
f 249 247 250
f 250 247 251
f 251 247 252
f 252 247 253
f 252 253 254
f 254 253 255
f 254 255 256
f 256 255 257
f 256 257 258
f 258 257 259
f 258 259 260
f 260 259 261
f 260 261 262
f 262 261 263
f 262 263 264
f 246 265 247
f 247 265 266
f 266 265 267
f 266 267 268
f 268 269 266
f 266 269 270
f 270 269 271
f 270 271 272
f 272 271 273
f 272 273 274
f 272 274 275
f 275 274 276
f 275 276 277
f 275 277 278
f 278 277 279
f 278 279 280
f 278 280 281
f 281 280 282
f 281 282 283
f 281 283 284
f 284 283 285
f 284 285 286
f 284 286 287
f 287 286 288
f 287 288 179
f 180 175 173
f 176 289 202
f 202 289 290
f 202 290 203
f 203 290 291
f 291 290 292
f 291 292 293
f 293 292 294
f 293 294 295
f 293 295 296
f 296 295 297
f 296 297 298
f 298 297 299
f 298 299 300
f 298 300 301
f 301 300 302
f 301 302 303
f 303 302 304
f 303 304 305
f 303 305 306
f 306 305 227
f 306 227 229
f 307 308 309
f 309 308 310
f 309 310 311
f 311 310 312
f 311 312 313
f 313 312 314
f 313 314 315
f 315 314 316
f 315 316 317
f 317 316 232
f 317 232 318
f 318 232 319
f 319 232 320
f 320 232 321
f 321 232 322
f 322 232 234
f 322 234 323
f 323 234 324
f 324 234 325
f 324 325 326
f 327 328 307
f 307 328 329
f 307 329 308
f 327 330 328
f 328 330 331
f 205 332 201
f 201 332 333
f 201 333 334
f 201 334 194
f 194 334 335
f 194 335 336
f 336 195 194
f 197 337 190
f 190 337 338
f 190 338 339
f 339 340 190
f 190 340 341
f 190 341 342
f 342 341 343
f 342 343 344
f 344 343 345
f 344 345 346
f 346 345 347
f 346 347 348
f 348 347 349
f 348 349 350
f 342 191 190
f 193 351 187
f 187 351 352
f 187 352 188
f 184 353 177
f 177 353 354
f 177 354 178
f 178 287 179
f 355 356 264
f 264 356 262
f 248 357 243
f 243 357 358
f 243 358 359
f 359 358 360
f 360 358 361
f 360 361 362
f 362 361 363
f 362 363 364
f 326 365 324
f 324 365 366
f 367 368 369
f 369 368 370
f 370 368 371
f 370 371 372
f 372 371 373
f 373 371 374
f 370 372 375
f 375 372 376
f 375 376 377
f 377 376 378
f 377 378 379
f 379 378 380
f 379 380 381
f 379 381 382
f 382 381 383
f 382 383 384
f 385 386 384
f 384 386 382
f 386 387 382
f 382 387 379
f 387 388 379
f 379 388 377
f 389 390 374
f 374 390 391
f 374 391 392
f 392 391 393
f 392 393 394
f 394 393 395
f 394 395 396
f 396 395 397
f 397 395 398
f 397 398 399
f 399 398 390
f 399 390 400
f 400 390 389
f 400 401 399
f 399 401 397
f 401 402 397
f 397 402 403
f 397 403 404
f 392 373 374
f 395 393 391
f 395 391 398
f 398 391 390
f 405 406 407
f 407 406 408
f 408 406 409
f 408 409 410
f 410 409 411
f 410 411 369
f 369 411 412
f 369 412 367
f 406 413 409
f 409 413 414
f 409 414 411
f 411 414 412
f 415 416 417
f 417 416 418
f 417 418 419
f 419 418 420
f 419 420 421
f 421 420 422
f 421 422 423
f 423 422 424
f 423 424 425
f 425 424 426
f 425 426 427
f 427 426 428
f 427 428 429
f 416 415 430
f 430 415 431
f 430 431 432
f 432 431 433
f 432 433 434
f 434 433 435
f 435 433 436
f 435 436 437
f 437 436 438
f 437 438 439
f 437 439 440
f 440 439 441
f 440 441 442
f 442 443 440
f 440 443 444
f 440 444 445
f 445 444 446
f 445 446 447
f 444 443 448
f 448 443 449
f 448 449 450
f 450 449 421
f 450 421 423
f 426 451 428
f 428 451 452
f 428 452 453
f 428 453 454
f 454 453 455
f 454 455 456
f 454 456 434
f 434 456 432
f 437 457 435
f 435 457 458
f 458 457 459
f 454 434 460
f 460 434 461
f 460 461 462
f 463 464 429
f 429 464 465
f 429 465 466
f 463 467 464
f 466 468 429
f 429 468 427
f 427 468 469
f 469 468 470
f 469 470 471
f 471 470 472
f 471 472 473
f 473 472 474
f 473 474 475
f 475 474 476
f 475 476 477
f 477 476 478
f 478 476 479
f 479 476 480
f 479 480 481
f 481 480 482
f 482 480 483
f 483 480 484
f 484 480 423
f 484 423 485
f 485 423 486
f 486 423 487
f 487 423 425
f 488 489 450
f 450 489 490
f 450 490 491
f 492 493 488
f 488 493 494
f 488 494 495
f 496 497 492
f 492 497 498
f 492 498 499
f 497 496 500
f 500 496 501
f 500 501 502
f 502 501 503
f 502 503 504
f 504 503 446
f 504 446 444
f 447 505 445
f 445 505 506
f 445 506 507
f 507 506 508
f 491 509 450
f 450 509 448
f 499 493 492
f 495 510 488
f 488 510 489
f 511 512 513
f 513 512 514
f 513 514 515
f 511 516 512
f 512 516 517
f 517 516 518
f 517 518 519
f 519 518 520
f 519 520 521
f 521 520 522
f 522 520 523
f 522 523 524
f 524 523 525
f 524 525 526
f 526 525 527
f 526 527 528
f 528 527 529
f 529 527 530
f 529 530 531
f 532 533 518
f 518 533 534
f 518 534 520
f 532 535 533
f 533 535 536
f 533 536 537
f 537 536 538
f 538 536 539
f 539 536 529
f 539 529 540
f 540 529 531
f 535 541 536
f 536 541 542
f 536 542 543
f 543 544 536
f 536 544 545
f 536 545 546
f 546 545 547
f 546 547 548
f 545 549 547
f 547 549 550
f 550 549 551
f 550 551 515
f 515 551 513
f 548 552 546
f 546 552 553
f 546 553 554
f 554 555 546
f 546 555 556
f 546 556 557
f 555 558 556
f 556 558 519
f 556 519 559
f 559 519 521
f 546 560 528
f 528 560 561
f 528 561 562
f 562 563 528
f 528 563 526
f 557 564 546
f 546 564 560
f 458 565 445
f 445 565 566
f 445 566 567
f 568 569 458
f 458 569 570
f 458 570 571
f 571 565 458
f 567 572 445
f 508 573 492
f 492 573 574
f 492 574 575
f 576 577 508
f 508 577 578
f 508 578 579
f 579 573 508
f 575 580 492
f 501 581 496
f 496 581 582
f 496 582 583
f 583 582 584
f 583 584 585
f 585 584 586
f 585 586 587
f 587 586 588
f 587 588 589
f 589 588 590
f 589 590 591
f 591 590 592
f 591 592 593
f 581 501 594
f 594 501 503
f 594 503 595
f 595 503 446
f 595 446 596
f 596 446 447
f 596 447 597
f 597 447 505
f 597 505 593
f 593 505 506
f 593 506 591
f 429 598 461
f 461 598 599
f 461 599 600
f 601 602 429
f 429 602 603
f 429 603 604
f 604 598 429
f 600 605 461
f 606 474 607
f 607 474 472
f 607 472 608
f 608 472 609
f 609 472 470
f 609 470 610
f 610 470 611
f 611 470 468
f 611 468 612
f 612 468 466
f 612 466 613
f 613 466 614
f 614 466 465
f 614 465 615
f 615 465 464
f 615 464 616
f 617 618 619
f 619 618 620
f 619 620 621
f 619 621 622
f 622 621 623
f 622 623 624
f 622 624 625
f 625 624 626
f 625 626 627
f 627 626 628
f 627 628 629
f 630 631 626
f 626 631 632
f 626 632 628
f 633 634 630
f 630 634 635
f 630 635 631
f 634 633 636
f 636 633 637
f 636 637 638
f 639 640 638
f 638 640 641
f 638 641 636
f 636 641 642
f 636 642 643
f 643 642 644
f 644 642 645
f 645 642 646
f 640 639 647
f 647 639 648
f 647 648 649
f 649 648 650
f 650 648 651
f 650 651 652
f 652 651 653
f 653 651 654
f 653 654 655
f 654 651 656
f 656 651 617
f 656 617 619
f 657 658 619
f 619 658 659
f 619 659 656
f 660 661 657
f 657 661 662
f 657 662 658
f 658 662 663
f 663 662 664
f 665 666 640
f 640 666 667
f 640 667 641
f 665 668 666
f 666 668 669
f 666 669 670
f 625 671 622
f 622 671 672
f 622 672 673
f 673 672 674
f 673 674 675
f 672 676 674
f 674 676 677
f 675 678 673
f 679 680 681
f 681 680 682
f 681 682 683
f 683 682 684
f 683 684 685
f 685 684 686
f 685 686 687
f 687 686 688
f 687 688 689
f 689 688 690
f 689 690 691
f 691 690 692
f 691 692 693
f 693 692 694
f 693 694 695
f 695 694 696
f 695 696 697
f 697 696 698
f 697 698 699
f 699 698 700
f 699 700 701
f 701 700 702
f 701 702 679
f 679 702 680
f 703 684 704
f 704 684 682
f 704 682 705
f 705 682 680
f 705 680 706
f 706 680 702
f 706 702 707
f 707 702 700
f 707 700 708
f 708 700 698
f 708 698 709
f 709 698 696
f 709 696 710
f 710 696 694
f 710 694 711
f 711 694 692
f 711 692 712
f 712 692 690
f 712 690 713
f 713 690 688
f 713 688 714
f 714 688 686
f 714 686 703
f 703 686 684
f 704 705 703
f 703 705 714
f 714 705 706
f 714 706 713
f 713 706 707
f 713 707 712
f 712 707 708
f 712 708 711
f 711 708 709
f 711 709 710
f 683 715 681
f 681 715 716
f 681 716 717
f 717 716 718
f 717 718 719
f 715 683 720
f 720 683 685
f 720 685 721
f 721 685 687
f 721 687 722
f 722 687 723
f 722 723 724
f 724 723 725
f 725 723 726
f 725 726 727
f 727 726 691
f 727 691 728
f 728 691 693
f 728 693 729
f 729 693 695
f 729 695 730
f 730 695 697
f 730 697 731
f 731 697 732
f 731 732 733
f 733 732 734
f 734 732 735
f 734 735 736
f 736 735 737
f 736 737 738
f 738 737 739
f 738 739 719
f 719 739 717
f 687 689 723
f 723 689 726
f 689 691 726
f 697 699 732
f 732 699 735
f 699 701 735
f 735 701 737
f 737 701 739
f 739 701 679
f 739 679 717
f 717 679 681
f 731 733 730
f 730 733 740
f 730 740 729
f 729 740 741
f 729 741 728
f 728 741 742
f 728 742 727
f 727 742 725
f 724 743 722
f 722 743 721
f 743 744 721
f 721 744 720
f 744 745 720
f 720 745 715
f 745 718 715
f 715 718 716
f 746 742 747
f 747 742 741
f 747 741 740
f 742 746 725
f 725 746 748
f 725 748 724
f 724 748 749
f 724 749 743
f 743 749 750
f 743 750 751
f 743 751 744
f 744 751 752
f 744 752 745
f 745 752 753
f 745 753 718
f 718 753 719
f 719 753 754
f 719 754 738
f 738 754 755
f 738 755 736
f 736 755 756
f 736 756 757
f 736 757 734
f 734 757 758
f 734 758 733
f 733 758 759
f 733 759 740
f 740 759 747
f 760 761 762
f 762 761 763
f 762 763 764
f 765 766 764
f 764 766 767
f 764 767 762
f 765 768 766
f 766 768 769
f 770 771 772
f 772 771 773
f 772 773 774
f 775 776 774
f 774 776 777
f 774 777 772
f 775 778 776
f 776 778 779
f 646 186 645
f 645 186 185
f 645 185 181
f 177 643 181
f 181 643 644
f 181 644 645
f 177 173 643
f 643 173 636
f 198 670 199
f 199 670 669
f 199 669 668
f 665 201 668
f 668 201 200
f 668 200 199
f 665 640 201
f 201 640 202
f 151 631 170
f 170 631 635
f 170 635 634
f 636 173 634
f 634 173 171
f 634 171 170
f 202 640 206
f 206 640 647
f 206 647 649
f 650 211 649
f 649 211 210
f 649 210 206
f 211 650 213
f 213 650 652
f 213 652 214
f 214 652 653
f 214 653 215
f 215 653 655
f 215 655 216
f 216 655 654
f 160 672 158
f 158 672 671
f 158 671 625
f 627 155 625
f 625 155 156
f 625 156 158
f 672 160 676
f 676 160 162
f 676 162 163
f 161 674 163
f 163 674 677
f 163 677 676
f 780 781 782
f 782 781 783
f 782 783 784
f 784 783 785
f 784 785 786
f 786 785 787
f 786 787 788
f 788 787 789
f 788 789 790
f 790 789 791
f 790 791 792
f 792 791 793
f 792 793 794
f 794 793 795
f 794 795 796
f 796 795 797
f 796 797 798
f 798 797 799
f 798 799 800
f 800 799 801
f 800 801 802
f 802 801 803
f 802 803 804
f 804 803 805
f 804 805 806
f 806 805 807
f 806 807 808
f 808 807 809
f 808 809 810
f 810 809 811
f 810 811 812
f 812 811 813
f 812 813 780
f 780 813 781
f 759 814 747
f 747 814 815
f 747 815 816
f 816 815 807
f 816 807 805
f 814 759 817
f 817 759 758
f 817 758 818
f 818 758 757
f 818 757 819
f 819 757 756
f 819 756 820
f 820 756 755
f 820 755 821
f 821 755 822
f 821 822 787
f 787 822 789
f 755 754 822
f 822 754 823
f 822 823 789
f 789 823 791
f 754 753 823
f 823 753 824
f 823 824 791
f 791 824 793
f 753 752 824
f 824 752 825
f 824 825 793
f 793 825 795
f 752 751 825
f 825 751 826
f 825 826 795
f 795 826 797
f 826 751 827
f 827 751 750
f 827 750 828
f 828 750 749
f 828 749 829
f 829 749 748
f 829 748 830
f 830 748 746
f 830 746 816
f 816 746 747
f 807 815 809
f 809 815 814
f 809 814 811
f 811 814 817
f 811 817 813
f 813 817 818
f 813 818 781
f 781 818 819
f 781 819 783
f 783 819 820
f 783 820 785
f 785 820 821
f 785 821 787
f 830 816 805
f 829 830 803
f 803 830 805
f 828 829 801
f 801 829 803
f 827 828 799
f 799 828 801
f 826 827 797
f 797 827 799
f 784 831 782
f 782 831 832
f 782 832 780
f 780 832 833
f 780 833 812
f 812 833 186
f 812 186 646
f 831 784 834
f 834 784 786
f 834 786 760
f 760 786 761
f 761 786 835
f 835 786 788
f 835 788 836
f 836 788 790
f 836 790 837
f 837 790 792
f 837 792 838
f 838 792 794
f 838 794 770
f 770 794 796
f 770 796 839
f 839 796 798
f 839 798 840
f 840 798 800
f 840 800 841
f 841 800 842
f 842 800 802
f 842 802 198
f 198 802 670
f 670 802 804
f 670 804 666
f 666 804 806
f 666 806 667
f 667 806 808
f 667 808 641
f 641 808 810
f 641 810 642
f 642 810 812
f 642 812 646
f 843 844 845
f 845 844 846
f 845 846 847
f 844 843 848
f 848 843 849
f 848 849 850
f 850 849 760
f 760 849 834
f 833 851 186
f 186 851 182
f 182 851 852
f 182 852 187
f 187 852 853
f 187 853 190
f 190 853 854
f 190 854 194
f 194 854 855
f 194 855 198
f 198 855 842
f 770 839 771
f 771 839 856
f 771 856 857
f 857 856 858
f 857 858 859
f 859 858 847
f 847 858 845
f 216 654 217
f 217 654 656
f 217 656 659
f 658 220 659
f 659 220 219
f 659 219 217
f 779 778 860
f 860 778 861
f 860 861 862
f 862 861 863
f 862 863 864
f 864 863 865
f 865 866 864
f 864 866 867
f 863 861 865
f 865 861 847
f 865 847 846
f 861 778 847
f 847 778 859
f 859 778 775
f 859 775 857
f 857 775 774
f 857 774 773
f 773 771 857
f 865 846 866
f 866 846 844
f 866 844 868
f 868 844 769
f 769 844 848
f 769 848 766
f 766 848 850
f 766 850 767
f 767 850 762
f 762 850 760
f 868 869 866
f 867 866 870
f 870 866 869
f 870 869 871
f 871 869 868
f 871 868 768
f 768 868 769
f 843 845 872
f 872 845 873
f 872 873 874
f 874 873 875
f 874 875 876
f 876 875 877
f 876 877 878
f 878 877 879
f 878 879 880
f 880 879 881
f 880 881 882
f 882 881 883
f 882 883 884
f 884 883 885
f 884 885 886
f 886 885 887
f 886 887 888
f 888 887 889
f 888 889 890
f 890 889 891
f 890 891 892
f 892 891 893
f 892 893 894
f 894 893 895
f 894 895 896
f 896 895 897
f 896 897 898
f 898 897 899
f 898 899 900
f 900 899 901
f 900 901 902
f 902 901 903
f 902 903 904
f 904 903 905
f 904 905 906
f 906 905 907
f 906 907 908
f 908 907 909
f 908 909 910
f 910 909 911
f 910 911 873
f 873 911 912
f 912 911 913
f 912 913 914
f 914 913 915
f 915 913 916
f 915 916 917
f 917 916 918
f 917 918 919
f 919 918 907
f 919 907 905
f 873 912 875
f 875 912 920
f 875 920 877
f 877 920 921
f 877 921 879
f 879 921 922
f 879 922 881
f 881 922 923
f 881 923 883
f 883 923 924
f 883 924 885
f 885 924 925
f 885 925 887
f 887 925 926
f 887 926 889
f 889 926 927
f 889 927 891
f 891 927 928
f 891 928 893
f 893 928 929
f 893 929 895
f 895 929 930
f 895 930 897
f 897 930 931
f 897 931 899
f 899 931 932
f 899 932 901
f 901 932 933
f 901 933 903
f 903 933 934
f 903 934 905
f 905 934 919
f 912 914 920
f 920 914 935
f 920 935 921
f 921 935 922
f 935 936 922
f 922 936 923
f 936 937 923
f 923 937 924
f 937 938 924
f 924 938 925
f 938 939 925
f 925 939 926
f 939 940 926
f 926 940 927
f 927 940 928
f 928 940 941
f 928 941 929
f 929 941 942
f 929 942 930
f 930 942 943
f 930 943 931
f 931 943 944
f 931 944 932
f 932 944 945
f 932 945 933
f 933 945 946
f 933 946 934
f 934 946 947
f 934 947 919
f 919 947 917
f 910 873 948
f 948 873 845
f 948 845 858
f 948 858 949
f 949 858 856
f 949 856 950
f 950 856 839
f 950 839 951
f 951 839 952
f 951 952 902
f 902 952 900
f 839 840 952
f 952 840 841
f 952 841 953
f 953 841 842
f 953 842 954
f 954 842 855
f 954 855 955
f 955 855 854
f 955 854 956
f 956 854 853
f 956 853 957
f 957 853 852
f 957 852 958
f 958 852 851
f 958 851 959
f 959 851 833
f 959 833 960
f 960 833 832
f 960 832 961
f 961 832 831
f 961 831 962
f 962 831 834
f 962 834 963
f 963 834 849
f 963 849 964
f 964 849 965
f 964 965 876
f 876 965 874
f 849 843 965
f 965 843 872
f 965 872 874
f 964 876 878
f 964 878 963
f 963 878 880
f 963 880 962
f 962 880 882
f 962 882 961
f 961 882 884
f 961 884 960
f 960 884 886
f 960 886 959
f 959 886 888
f 959 888 958
f 958 888 890
f 958 890 957
f 957 890 892
f 957 892 956
f 956 892 894
f 956 894 955
f 955 894 896
f 955 896 954
f 954 896 898
f 954 898 953
f 953 898 900
f 953 900 952
f 951 902 904
f 950 951 904
f 950 904 906
f 950 906 949
f 949 906 908
f 949 908 948
f 948 908 910
f 907 918 909
f 909 918 916
f 909 916 911
f 911 916 913
f 915 943 914
f 914 943 942
f 914 942 935
f 935 942 941
f 935 941 936
f 936 941 940
f 936 940 937
f 937 940 939
f 937 939 938
f 943 915 944
f 944 915 917
f 944 917 945
f 945 917 947
f 945 947 946
f 619 137 657
f 657 137 221
f 657 221 660
f 660 221 226
f 660 226 661
f 661 226 223
f 223 222 661
f 661 222 662
f 220 658 224
f 224 658 663
f 224 663 664
f 662 222 664
f 664 222 225
f 664 225 224
f 675 167 678
f 678 167 168
f 678 168 673
f 673 168 166
f 673 166 622
f 622 166 165
f 138 137 966
f 966 137 619
f 966 619 622
f 966 622 967
f 967 622 165
f 967 165 164
f 178 354 968
f 968 354 969
f 969 354 353
f 969 353 970
f 970 353 184
f 970 184 971
f 971 184 183
f 971 183 972
f 183 189 972
f 972 189 973
f 973 189 188
f 973 188 974
f 974 188 352
f 974 352 975
f 975 352 351
f 975 351 976
f 351 193 976
f 976 193 977
f 977 193 192
f 977 192 978
f 978 192 191
f 978 191 979
f 979 191 342
f 979 342 980
f 342 344 980
f 980 344 981
f 981 344 346
f 981 346 982
f 982 346 348
f 982 348 983
f 983 348 350
f 983 350 984
f 350 349 984
f 984 349 985
f 985 349 347
f 985 347 986
f 986 347 345
f 986 345 987
f 987 345 343
f 987 343 988
f 343 341 988
f 988 341 989
f 989 341 340
f 989 340 990
f 990 340 339
f 990 339 991
f 991 339 338
f 991 338 992
f 338 337 992
f 992 337 993
f 993 337 197
f 993 197 994
f 994 197 196
f 994 196 995
f 995 196 195
f 995 195 996
f 195 336 996
f 996 336 997
f 997 336 335
f 997 335 998
f 998 335 334
f 998 334 999
f 999 334 333
f 999 333 1000
f 333 332 1000
f 1000 332 1001
f 1001 332 205
f 1001 205 1002
f 1002 205 204
f 1002 204 1003
f 1003 204 203
f 1003 203 1004
f 203 291 1004
f 1004 291 1005
f 1005 291 293
f 1005 293 1006
f 1006 293 296
f 1006 296 1007
f 1007 296 298
f 1007 298 1008
f 298 301 1008
f 1008 301 1009
f 1009 301 303
f 1009 303 1010
f 1010 303 306
f 1010 306 1011
f 1011 306 229
f 1011 229 1012
f 229 232 1012
f 1012 232 1013
f 232 316 1013
f 1013 316 1014
f 1014 316 314
f 1014 314 1015
f 1015 314 312
f 1015 312 1016
f 1016 312 310
f 1016 310 1017
f 310 308 1017
f 1017 308 1018
f 1018 308 329
f 1018 329 1019
f 1019 329 328
f 1019 328 1020
f 1020 328 331
f 1020 331 1021
f 331 330 1021
f 1021 330 1022
f 1022 330 327
f 1022 327 1023
f 1023 327 307
f 1023 307 1024
f 1024 307 309
f 1024 309 1025
f 309 311 1025
f 1025 311 1026
f 1026 311 313
f 1026 313 1027
f 1027 313 315
f 1027 315 1028
f 1028 315 317
f 1028 317 1029
f 317 318 1029
f 1029 318 1030
f 1030 318 319
f 1030 319 1031
f 1031 319 320
f 1031 320 1032
f 1032 320 321
f 1032 321 1033
f 321 322 1033
f 1033 322 1034
f 1034 322 323
f 1034 323 1035
f 1035 323 324
f 1035 324 1036
f 1036 324 366
f 1036 366 1037
f 366 365 1037
f 1037 365 1038
f 1038 365 326
f 1038 326 1039
f 1039 326 325
f 1039 325 1040
f 1040 325 234
f 1040 234 1041
f 234 243 1041
f 1041 243 1042
f 243 359 1042
f 1042 359 1043
f 1043 359 360
f 1043 360 1044
f 1044 360 362
f 1044 362 1045
f 1045 362 364
f 1045 364 1046
f 364 363 1046
f 1046 363 1047
f 1047 363 361
f 1047 361 1048
f 1048 361 358
f 1048 358 1049
f 1049 358 357
f 1049 357 1050
f 357 248 1050
f 1050 248 1051
f 1051 248 249
f 1051 249 1052
f 1052 249 250
f 1052 250 1053
f 1053 250 251
f 1053 251 1054
f 251 252 1054
f 1054 252 1055
f 1055 252 254
f 1055 254 1056
f 1056 254 256
f 1056 256 1057
f 1057 256 258
f 1057 258 1058
f 258 260 1058
f 1058 260 1059
f 1059 260 262
f 1059 262 1060
f 1060 262 356
f 1060 356 1061
f 1061 356 355
f 1061 355 1062
f 355 264 1062
f 1062 264 1063
f 1063 264 263
f 1063 263 1064
f 1064 263 261
f 1064 261 1065
f 1065 261 259
f 1065 259 1066
f 259 257 1066
f 1066 257 1067
f 1067 257 255
f 1067 255 1068
f 1068 255 253
f 1068 253 1069
f 1069 253 247
f 1069 247 1070
f 247 266 1070
f 1070 266 1071
f 266 270 1071
f 1071 270 1072
f 1072 270 272
f 1072 272 1073
f 1073 272 275
f 1073 275 1074
f 1074 275 278
f 1074 278 1075
f 278 281 1075
f 1075 281 1076
f 1076 281 284
f 1076 284 1077
f 1077 284 287
f 1077 287 1078
f 1078 287 178
f 1078 178 968
f 1071 1072 1070
f 1070 1072 1069
f 1069 1072 1073
f 1069 1073 1074
f 1069 1074 1068
f 1068 1074 1075
f 1068 1075 1067
f 1067 1075 1076
f 1067 1076 1066
f 1066 1076 1077
f 1066 1077 1065
f 1065 1077 1064
f 1064 1077 1078
f 1064 1078 1063
f 1063 1078 968
f 1063 968 1062
f 1062 968 1061
f 1061 968 969
f 1061 969 1060
f 1060 969 970
f 1060 970 1059
f 1059 970 971
f 1059 971 1058
f 1058 971 1057
f 1057 971 972
f 1057 972 1056
f 1056 972 973
f 1056 973 1055
f 1055 973 974
f 1055 974 975
f 1055 975 1054
f 1054 975 976
f 1054 976 977
f 1054 977 1053
f 1053 977 978
f 1053 978 979
f 979 980 1053
f 1053 980 1052
f 1052 980 981
f 1052 981 1051
f 1051 981 982
f 1051 982 983
f 1051 983 1050
f 1050 983 984
f 1050 984 1049
f 1049 984 1048
f 1048 984 1033
f 1048 1033 1034
f 1033 984 1032
f 1032 984 985
f 1032 985 1031
f 1031 985 986
f 1031 986 987
f 1031 987 1030
f 1030 987 988
f 1030 988 989
f 1030 989 1029
f 1029 989 990
f 1029 990 991
f 991 992 1029
f 1029 992 993
f 1029 993 994
f 1029 994 1028
f 1028 994 995
f 1028 995 996
f 1028 996 1027
f 1027 996 997
f 1027 997 998
f 1027 998 1026
f 1026 998 999
f 1026 999 1025
f 1025 999 1000
f 1025 1000 1024
f 1024 1000 1001
f 1024 1001 1023
f 1023 1001 1002
f 1023 1002 1022
f 1022 1002 1003
f 1022 1003 1021
f 1021 1003 1004
f 1021 1004 1020
f 1020 1004 1005
f 1020 1005 1019
f 1019 1005 1006
f 1019 1006 1018
f 1018 1006 1007
f 1018 1007 1017
f 1017 1007 1016
f 1016 1007 1008
f 1016 1008 1015
f 1015 1008 1009
f 1015 1009 1014
f 1014 1009 1010
f 1014 1010 1011
f 1012 1013 1011
f 1011 1013 1014
f 1048 1034 1047
f 1047 1034 1035
f 1047 1035 1046
f 1046 1035 1036
f 1046 1036 1045
f 1045 1036 1037
f 1045 1037 1044
f 1044 1037 1038
f 1044 1038 1043
f 1043 1038 1039
f 1043 1039 1040
f 1040 1041 1043
f 1043 1041 1042
f 1079 1080 1081
f 1081 1080 1082
f 1082 1080 1083
f 1082 1083 1084
f 1084 1083 1085
f 1084 1085 1086
f 1086 1085 1087
f 1086 1087 1088
f 1087 1089 1088
f 1088 1089 1090
f 1090 1089 1091
f 1090 1091 1092
f 1092 1091 1093
f 1092 1093 1094
f 1094 1093 1095
f 1094 1095 1096
f 1095 1097 1096
f 1096 1097 1098
f 1098 1097 1099
f 1098 1099 1100
f 1100 1099 1101
f 1100 1101 1102
f 1102 1101 1103
f 1102 1103 1104
f 1103 1105 1104
f 1104 1105 1106
f 1106 1105 1107
f 1106 1107 1108
f 1108 1107 1109
f 1108 1109 1110
f 1110 1109 1111
f 1110 1111 1112
f 1111 1113 1112
f 1112 1113 1114
f 1114 1113 1115
f 1114 1115 1116
f 1116 1115 1117
f 1116 1117 1118
f 1118 1117 1119
f 1118 1119 1120
f 1121 1122 1123
f 1123 1122 1124
f 1122 1125 1124
f 1124 1125 1126
f 1126 1125 1127
f 1126 1127 1128
f 1128 1127 1129
f 1128 1129 1130
f 1130 1129 1131
f 1130 1131 1132
f 1131 1133 1132
f 1132 1133 1134
f 1134 1133 1135
f 1134 1135 1136
f 1136 1135 1137
f 1136 1137 1138
f 1138 1137 1139
f 1138 1139 1140
f 1139 1141 1140
f 1140 1141 1142
f 1142 1141 1143
f 1142 1143 1144
f 1144 1143 1145
f 1144 1145 1146
f 1146 1145 1147
f 1146 1147 1148
f 1147 1149 1148
f 1148 1149 1150
f 1150 1149 1151
f 1150 1151 1152
f 1152 1151 1153
f 1152 1153 1154
f 1154 1153 1155
f 1154 1155 1156
f 285 283 1157
f 1157 283 1158
f 1158 283 282
f 1158 282 1159
f 1159 282 280
f 1159 280 1160
f 1160 280 279
f 1160 279 1161
f 279 277 1161
f 1161 277 1162
f 1162 277 276
f 1162 276 1163
f 1163 276 274
f 1163 274 1164
f 1164 274 273
f 1164 273 1165
f 273 271 1165
f 1165 271 1166
f 1166 271 269
f 1166 269 1167
f 1167 269 268
f 1167 268 1168
f 1168 268 267
f 1168 267 1169
f 267 265 1169
f 1169 265 1170
f 1170 265 246
f 1170 246 1171
f 1171 246 245
f 1171 245 1172
f 1172 245 244
f 1172 244 1173
f 244 239 1173
f 1173 239 1174
f 1174 239 238
f 1174 238 1175
f 1175 238 240
f 1175 240 1176
f 1176 240 242
f 1176 242 1177
f 242 241 1177
f 1177 241 1178
f 1178 241 237
f 1178 237 1179
f 1179 237 236
f 1179 236 1180
f 1180 236 235
f 1180 235 1181
f 235 233 1181
f 1181 233 1182
f 1182 233 231
f 1182 231 1183
f 1183 231 230
f 1183 230 1184
f 1184 230 228
f 1184 228 1185
f 1119 1186 1120
f 1120 1186 1187
f 1187 1186 1188
f 1187 1188 1189
f 1189 1188 1190
f 1189 1190 1191
f 1191 1190 1192
f 1191 1192 1193
f 1192 1194 1193
f 1193 1194 1195
f 1195 1194 1196
f 1195 1196 1197
f 1197 1196 1198
f 1197 1198 1199
f 1199 1198 1200
f 1199 1200 1201
f 1200 1202 1201
f 1201 1202 1203
f 1202 1204 1203
f 1203 1204 1205
f 1155 1206 1156
f 1156 1206 1207
f 1207 1206 1208
f 1207 1208 1209
f 1209 1208 1210
f 1209 1210 1211
f 1211 1210 1212
f 1211 1212 1213
f 1212 1214 1213
f 1213 1214 1215
f 1215 1214 1216
f 1215 1216 1217
f 1217 1216 1218
f 1217 1218 1219
f 1219 1218 1220
f 1219 1220 1221
f 1220 1222 1221
f 1221 1222 1223
f 1222 1121 1223
f 1223 1121 1123
f 228 227 1185
f 1185 227 1224
f 1224 227 305
f 1224 305 1225
f 1225 305 304
f 1225 304 1226
f 1226 304 302
f 1226 302 1227
f 302 300 1227
f 1227 300 1228
f 1228 300 299
f 1228 299 1229
f 1229 299 297
f 1229 297 1230
f 1230 297 295
f 1230 295 1231
f 295 294 1231
f 1231 294 1232
f 1232 294 292
f 1232 292 1233
f 1233 292 290
f 1233 290 1234
f 1234 290 289
f 1234 289 1235
f 289 176 1235
f 1235 176 1236
f 176 175 1236
f 1236 175 1237
f 175 180 1237
f 1237 180 1238
f 1204 1079 1205
f 1205 1079 1081
f 180 179 1238
f 1238 179 1239
f 1239 179 288
f 1239 288 1240
f 1240 288 286
f 1240 286 1241
f 1241 286 285
f 1241 285 1157
f 1238 1203 1237
f 1237 1203 1205
f 1237 1205 1236
f 1236 1205 1223
f 1236 1223 1123
f 1239 1199 1238
f 1238 1199 1201
f 1238 1201 1203
f 1199 1239 1197
f 1197 1239 1240
f 1197 1240 1195
f 1195 1240 1193
f 1193 1240 1241
f 1193 1241 1191
f 1191 1241 1189
f 1189 1241 1157
f 1189 1157 1187
f 1187 1157 1158
f 1187 1158 1120
f 1120 1158 1159
f 1120 1159 1118
f 1118 1159 1160
f 1118 1160 1116
f 1116 1160 1161
f 1116 1161 1114
f 1114 1161 1162
f 1114 1162 1112
f 1112 1162 1163
f 1112 1163 1164
f 1112 1164 1110
f 1110 1164 1165
f 1110 1165 1108
f 1108 1165 1166
f 1108 1166 1167
f 1108 1167 1106
f 1106 1167 1168
f 1106 1168 1104
f 1104 1168 1169
f 1104 1169 1170
f 1104 1170 1102
f 1102 1170 1171
f 1102 1171 1172
f 1102 1172 1100
f 1100 1172 1173
f 1100 1173 1098
f 1098 1173 1174
f 1098 1174 1096
f 1096 1174 1175
f 1096 1175 1094
f 1094 1175 1176
f 1094 1176 1092
f 1092 1176 1177
f 1092 1177 1090
f 1090 1177 1088
f 1088 1177 1211
f 1088 1211 1213
f 1178 1207 1177
f 1177 1207 1209
f 1177 1209 1211
f 1207 1178 1156
f 1156 1178 1179
f 1156 1179 1154
f 1154 1179 1180
f 1154 1180 1152
f 1152 1180 1181
f 1152 1181 1150
f 1150 1181 1182
f 1150 1182 1183
f 1150 1183 1148
f 1148 1183 1184
f 1148 1184 1185
f 1148 1185 1146
f 1146 1185 1224
f 1146 1224 1225
f 1146 1225 1144
f 1144 1225 1226
f 1144 1226 1227
f 1144 1227 1142
f 1142 1227 1228
f 1142 1228 1140
f 1140 1228 1229
f 1140 1229 1138
f 1138 1229 1230
f 1138 1230 1136
f 1136 1230 1231
f 1136 1231 1134
f 1134 1231 1232
f 1134 1232 1132
f 1132 1232 1233
f 1132 1233 1130
f 1130 1233 1234
f 1130 1234 1128
f 1128 1234 1235
f 1128 1235 1126
f 1126 1235 1124
f 1124 1235 1123
f 1123 1235 1236
f 1088 1213 1086
f 1086 1213 1215
f 1086 1215 1084
f 1084 1215 1217
f 1084 1217 1082
f 1082 1217 1219
f 1082 1219 1081
f 1081 1219 1221
f 1081 1221 1205
f 1205 1221 1223
f 1155 1153 1206
f 1206 1153 1210
f 1206 1210 1208
f 1151 1216 1153
f 1153 1216 1214
f 1153 1214 1212
f 1151 1149 1216
f 1216 1149 1218
f 1218 1149 1147
f 1218 1147 1220
f 1220 1147 1125
f 1220 1125 1122
f 1147 1145 1125
f 1125 1145 1143
f 1125 1143 1127
f 1127 1143 1141
f 1127 1141 1129
f 1129 1141 1139
f 1129 1139 1137
f 1137 1135 1129
f 1129 1135 1133
f 1129 1133 1131
f 1121 1222 1122
f 1122 1222 1220
f 1212 1210 1153
f 860 837 779
f 779 837 838
f 779 838 776
f 776 838 777
f 777 838 772
f 772 838 770
f 862 864 860
f 860 864 837
f 864 867 837
f 837 867 836
f 836 867 871
f 836 871 768
f 867 870 871
f 836 768 835
f 835 768 765
f 835 765 764
f 764 763 835
f 835 763 761
f 675 674 167
f 167 674 161
f 631 151 632
f 632 151 150
f 632 150 628
f 628 150 153
f 628 153 629
f 629 153 154
f 629 154 627
f 627 154 155
f 624 623 145
f 145 623 1242
f 145 1242 143
f 143 1242 1243
f 143 1243 141
f 141 1243 1244
f 141 1244 139
f 139 1244 618
f 139 618 617
f 139 617 218
f 218 617 651
f 218 651 212
f 212 651 648
f 212 648 209
f 209 648 639
f 209 639 207
f 207 639 1245
f 1245 639 638
f 1245 638 1246
f 1246 638 637
f 1246 637 1247
f 1247 637 633
f 1247 633 172
f 172 633 169
f 169 633 630
f 169 630 149
f 149 630 626
f 149 626 147
f 147 626 624
f 147 624 145
f 1119 1117 1186
f 1186 1117 1115
f 1186 1115 1113
f 1111 1194 1113
f 1113 1194 1192
f 1113 1192 1190
f 1111 1109 1194
f 1194 1109 1196
f 1196 1109 1107
f 1196 1107 1198
f 1198 1107 1105
f 1198 1105 1103
f 1198 1103 1080
f 1080 1103 1101
f 1080 1101 1099
f 1080 1099 1083
f 1083 1099 1097
f 1083 1097 1085
f 1085 1097 1095
f 1085 1095 1093
f 1093 1091 1085
f 1085 1091 1089
f 1085 1089 1087
f 1198 1080 1200
f 1200 1080 1079
f 1200 1079 1202
f 1202 1079 1204
f 1190 1188 1113
f 1113 1188 1186
f 1248 1249 1250
f 1250 1249 1251
f 1250 1251 1252
f 1252 1251 1253
f 1252 1253 1254
f 1254 1253 1255
f 1254 1255 1256
f 1256 1255 1257
f 1256 1257 1258
f 1258 1257 1259
f 1258 1259 1260
f 1249 1248 1261
f 1261 1248 1262
f 1261 1262 1263
f 1264 1265 1263
f 1263 1265 1261
f 1265 1266 1261
f 1261 1266 1267
f 1261 1267 1249
f 1249 1267 1268
f 1249 1268 1251
f 1251 1268 1253
f 1267 1266 1269
f 1269 1266 1259
f 1269 1259 1257
f 1260 1270 1258
f 1258 1270 1271
f 1258 1271 1272
f 1272 1271 1273
f 1272 1273 1274
f 1274 1273 1275
f 1274 1275 1276
f 1273 1277 1275
f 1274 1276 1278
f 1278 1276 1279
f 1278 1279 1254
f 1254 1279 1252
f 1255 1253 1268
f 1272 1274 1278
f 1272 1278 1256
f 1256 1278 1254
f 1255 1268 1269
f 1269 1268 1267
f 1269 1257 1255
f 1272 1256 1258
f 1259 1280 1260
f 1260 1280 1281
f 1260 1281 1282
f 1282 1281 1283
f 1282 1283 1284
f 1284 1283 1285
f 1284 1285 1286
f 1286 1285 1287
f 1286 1287 1288
f 1288 1287 1289
f 1288 1289 1290
f 1290 1289 1291
f 1291 1289 1292
f 1291 1292 1293
f 1293 1292 1294
f 1293 1294 1295
f 1295 1294 1296
f 1295 1296 1265
f 1265 1296 1266
f 1266 1296 1297
f 1266 1297 1259
f 1259 1297 1280
f 1265 1264 1295
f 1295 1264 1298
f 1295 1298 1293
f 1286 1299 1284
f 1284 1299 1300
f 1284 1300 1282
f 1281 1280 1301
f 1301 1280 1297
f 1301 1297 1302
f 1302 1297 1296
f 1302 1296 1294
f 1283 1281 1303
f 1303 1281 1301
f 1303 1301 1304
f 1304 1301 1302
f 1304 1302 1292
f 1292 1302 1294
f 1287 1285 1303
f 1303 1285 1283
f 1287 1303 1304
f 1289 1287 1304
f 1289 1304 1292
f 1305 1290 1306
f 1306 1290 1291
f 1306 1291 1307
f 1307 1291 1293
f 1307 1293 1308
f 1308 1293 1298
f 1308 1298 1309
f 1309 1298 1264
f 1309 1310 1308
f 1308 1310 1311
f 1308 1311 1307
f 1307 1311 1312
f 1307 1312 1306
f 1306 1312 1313
f 1306 1313 1305
f 1305 1313 1314
f 1314 1313 1315
f 1314 1315 1316
f 1316 1315 1317
f 1317 1315 1318
f 1317 1318 1319
f 1319 1318 1320
f 1319 1320 1321
f 1321 1320 1322
f 1322 1320 1311
f 1322 1311 1310
f 1318 1315 1313
f 1318 1313 1312
f 1320 1318 1312
f 1320 1312 1311
f 1323 1321 1324
f 1324 1321 1322
f 1324 1322 1325
f 1325 1322 1310
f 1325 1310 1326
f 1326 1310 1309
f 1326 1309 1327
f 1327 1309 1328
f 1327 1328 1329
f 1329 1328 1330
f 1329 1330 1331
f 1331 1330 1332
f 1331 1332 1333
f 1328 1309 1334
f 1334 1309 1264
f 1334 1264 1335
f 1334 1335 1330
f 1330 1335 1332
f 1331 1333 1336
f 1336 1333 1337
f 1336 1337 1338
f 1338 1337 1339
f 1338 1339 1340
f 1340 1339 1341
f 1340 1341 1342
f 1342 1341 1343
f 1342 1343 1344
f 1344 1343 1345
f 1344 1345 1346
f 1346 1345 1323
f 1346 1323 1324
f 1339 1347 1341
f 1341 1347 1343
f 1343 1347 1348
f 1348 1347 1349
f 1348 1349 1350
f 1348 1350 1345
f 1345 1350 1323
f 1346 1324 1351
f 1351 1324 1325
f 1351 1325 1326
f 1343 1348 1345
f 1346 1351 1344
f 1344 1351 1352
f 1344 1352 1342
f 1342 1352 1353
f 1342 1353 1340
f 1340 1353 1338
f 1352 1351 1326
f 1352 1326 1354
f 1354 1326 1327
f 1354 1327 1329
f 1329 1355 1354
f 1354 1355 1353
f 1354 1353 1352
f 1334 1330 1328
f 1336 1338 1355
f 1355 1338 1353
f 1336 1355 1331
f 1331 1355 1329
f 1356 1337 1357
f 1357 1337 1333
f 1357 1333 1358
f 1358 1333 1332
f 1358 1332 1359
f 1359 1332 1335
f 1359 1335 1360
f 1360 1335 1264
f 1360 1264 1361
f 1361 1362 1360
f 1360 1362 1363
f 1360 1363 1359
f 1359 1363 1364
f 1359 1364 1358
f 1358 1364 1365
f 1358 1365 1357
f 1357 1365 1366
f 1357 1366 1356
f 1356 1366 1367
f 1367 1366 1368
f 1367 1368 1369
f 1369 1368 1370
f 1370 1368 1371
f 1370 1371 1372
f 1372 1371 1365
f 1372 1365 1364
f 1362 1373 1363
f 1363 1373 1374
f 1363 1374 1364
f 1364 1374 1372
f 1373 1375 1374
f 1374 1375 1376
f 1374 1376 1372
f 1372 1376 1370
f 1371 1368 1366
f 1371 1366 1365
f 1377 1378 1379
f 1379 1378 1380
f 1379 1380 1381
f 1381 1380 1382
f 1381 1382 1383
f 1383 1382 1384
f 1383 1384 1385
f 1385 1384 1386
f 1385 1386 1387
f 1387 1386 1388
f 1387 1388 1389
f 1389 1388 1390
f 1389 1390 1391
f 1391 1390 1392
f 1392 1390 1388
f 1380 1393 1382
f 1382 1393 1394
f 1382 1394 1395
f 1395 1394 1396
f 1395 1396 1397
f 1397 1396 1398
f 1397 1398 1399
f 1399 1398 1400
f 1399 1400 1397
f 1397 1400 1401
f 1397 1401 1395
f 1395 1401 1384
f 1395 1384 1382
f 1401 1400 1386
f 1386 1400 1388
f 1389 1391 1402
f 1402 1391 1403
f 1402 1403 1404
f 1404 1403 1405
f 1404 1405 1406
f 1406 1405 1407
f 1406 1407 1408
f 1408 1407 1409
f 1408 1409 1410
f 1410 1409 1411
f 1410 1411 1412
f 1412 1411 1413
f 1412 1413 1414
f 1414 1413 1383
f 1414 1383 1385
f 1405 1415 1407
f 1407 1415 1409
f 1409 1377 1411
f 1411 1377 1379
f 1411 1379 1413
f 1413 1379 1381
f 1413 1381 1383
f 1408 1410 1416
f 1416 1410 1412
f 1416 1412 1417
f 1417 1412 1414
f 1417 1414 1418
f 1418 1414 1385
f 1418 1385 1387
f 1417 1404 1416
f 1416 1404 1406
f 1416 1406 1408
f 1404 1417 1402
f 1402 1417 1418
f 1402 1418 1389
f 1389 1418 1387
f 1386 1384 1401
f 1419 1420 1421
f 1421 1420 1422
f 1421 1422 1423
f 1424 1425 1423
f 1423 1425 1426
f 1423 1426 1421
f 1421 1426 1427
f 1421 1427 1428
f 1428 1427 1429
f 1428 1429 1430
f 1430 1429 1431
f 1430 1431 1432
f 1432 1431 1433
f 1432 1433 1434
f 1434 1433 1435
f 1434 1435 1436
f 1425 1424 1437
f 1437 1424 1438
f 1437 1438 1439
f 1439 1438 1440
f 1439 1440 1441
f 1441 1440 1442
f 1441 1442 1443
f 1443 1442 1444
f 1443 1444 1445
f 1443 1445 1446
f 1446 1445 1447
f 1446 1447 1448
f 1448 1447 1449
f 1448 1449 1450
f 1450 1449 1451
f 1450 1451 1452
f 1452 1451 1453
f 1452 1453 1454
f 1454 1453 1455
f 1454 1455 1456
f 1456 1455 1457
f 1456 1457 1429
f 1429 1457 1431
f 1447 1458 1449
f 1449 1458 1459
f 1449 1459 1451
f 1451 1459 1460
f 1451 1460 1453
f 1453 1460 1461
f 1453 1461 1455
f 1455 1461 1462
f 1455 1462 1457
f 1457 1462 1463
f 1457 1463 1431
f 1431 1463 1433
f 1458 1464 1459
f 1459 1464 1465
f 1459 1465 1460
f 1460 1465 1461
f 1461 1465 1462
f 1462 1465 1435
f 1462 1435 1463
f 1463 1435 1433
f 1436 1466 1434
f 1434 1466 1432
f 1432 1466 1430
f 1430 1466 1419
f 1430 1419 1428
f 1428 1419 1421
f 1456 1429 1427
f 1427 1426 1467
f 1467 1426 1425
f 1467 1425 1468
f 1468 1425 1437
f 1468 1437 1469
f 1469 1437 1439
f 1469 1439 1470
f 1470 1439 1441
f 1470 1441 1446
f 1446 1441 1443
f 1468 1454 1467
f 1467 1454 1456
f 1467 1456 1427
f 1454 1468 1452
f 1452 1468 1469
f 1452 1469 1450
f 1450 1469 1470
f 1450 1470 1448
f 1448 1470 1446
f 1444 1398 1471
f 1471 1398 1396
f 1471 1396 1472
f 1472 1396 1394
f 1472 1394 1473
f 1473 1394 1393
f 1473 1393 1474
f 1474 1393 1380
f 1474 1380 1475
f 1475 1380 1378
f 1475 1378 1476
f 1477 1478 1476
f 1476 1478 1479
f 1476 1479 1480
f 1480 1479 1481
f 1480 1481 1482
f 1482 1481 1483
f 1482 1483 1484
f 1484 1483 1485
f 1484 1485 1486
f 1486 1485 1487
f 1486 1487 1488
f 1488 1487 1445
f 1488 1445 1444
f 1489 1490 1477
f 1477 1490 1491
f 1477 1491 1478
f 1478 1491 1492
f 1478 1492 1493
f 1493 1492 1494
f 1493 1494 1495
f 1495 1494 1496
f 1495 1496 1497
f 1497 1496 1498
f 1497 1498 1499
f 1499 1498 1447
f 1499 1447 1445
f 1489 1500 1490
f 1490 1500 1501
f 1490 1501 1491
f 1491 1501 1492
f 1501 1500 1502
f 1502 1500 1503
f 1502 1503 1504
f 1504 1503 1464
f 1504 1464 1505
f 1505 1464 1458
f 1505 1458 1498
f 1498 1458 1447
f 1488 1444 1471
f 1476 1480 1475
f 1475 1480 1482
f 1475 1482 1474
f 1474 1482 1484
f 1474 1484 1473
f 1473 1484 1486
f 1473 1486 1472
f 1472 1486 1488
f 1472 1488 1471
f 1445 1487 1499
f 1499 1487 1485
f 1499 1485 1497
f 1497 1485 1483
f 1497 1483 1495
f 1495 1483 1481
f 1495 1481 1493
f 1493 1481 1479
f 1493 1479 1478
f 1494 1492 1502
f 1502 1492 1501
f 1496 1494 1504
f 1504 1494 1502
f 1498 1496 1505
f 1505 1496 1504
f 1506 1507 1508
f 1508 1507 1509
f 1508 1509 1510
f 1508 1510 1511
f 1511 1510 1512
f 1511 1512 1513
f 1513 1506 1511
f 1511 1506 1508
f 1514 1515 1516
f 1516 1515 1517
f 1516 1517 1518
f 1518 1517 1519
f 1519 1517 1520
f 1519 1520 1521
f 1521 1520 1522
f 1522 1520 1523
f 1522 1523 1524
f 1524 1523 1525
f 1524 1525 1526
f 1526 1525 1527
f 1526 1527 1528
f 1528 1527 1529
f 1529 1527 1530
f 1529 1530 1531
f 1531 1530 1532
f 1532 1530 1533
f 1533 1530 1534
f 1533 1534 1535
f 1535 1534 1536
f 1535 1536 1514
f 1514 1536 1515
f 1528 1537 1526
f 1526 1537 1538
f 1526 1538 1524
f 1524 1538 1522
f 1523 1520 1517
f 1517 1515 1539
f 1539 1515 1536
f 1539 1536 1534
f 1525 1523 1539
f 1539 1523 1517
f 1525 1539 1534
f 1527 1525 1534
f 1530 1527 1534
f 1540 1537 1541
f 1541 1537 1528
f 1541 1528 1542
f 1542 1528 1529
f 1542 1529 1543
f 1543 1529 1531
f 1543 1531 1532
f 1532 1544 1543
f 1543 1544 1545
f 1543 1545 1542
f 1542 1545 1546
f 1542 1546 1541
f 1541 1546 1547
f 1541 1547 1540
f 1540 1547 1548
f 1540 1548 1549
f 1549 1548 1550
f 1549 1550 1551
f 1551 1550 1552
f 1552 1550 1553
f 1552 1553 1554
f 1554 1553 1555
f 1554 1555 1556
f 1556 1555 1557
f 1557 1555 1558
f 1557 1558 1559
f 1559 1558 1545
f 1559 1545 1544
f 1553 1550 1548
f 1548 1547 1560
f 1560 1547 1546
f 1560 1546 1558
f 1558 1546 1545
f 1555 1553 1560
f 1560 1553 1548
f 1555 1560 1558
f 1561 1556 1562
f 1562 1556 1557
f 1562 1557 1563
f 1563 1557 1559
f 1563 1559 1564
f 1564 1559 1544
f 1564 1544 1532
f 1532 1565 1564
f 1564 1565 1566
f 1564 1566 1567
f 1567 1566 1568
f 1567 1568 1569
f 1569 1568 1570
f 1569 1570 1571
f 1569 1571 1572
f 1572 1571 1573
f 1572 1573 1574
f 1574 1573 1575
f 1574 1575 1576
f 1574 1576 1577
f 1577 1576 1561
f 1577 1561 1562
f 1572 1574 1577
f 1577 1562 1578
f 1578 1562 1563
f 1578 1563 1567
f 1567 1563 1564
f 1569 1572 1578
f 1578 1572 1577
f 1569 1578 1567
f 1568 1579 1570
f 1570 1579 1580
f 1570 1580 1581
f 1581 1580 1582
f 1581 1582 1583
f 1583 1582 1584
f 1583 1584 1585
f 1585 1584 1586
f 1585 1586 1587
f 1579 1568 1588
f 1588 1568 1566
f 1588 1566 1589
f 1589 1566 1590
f 1589 1590 1591
f 1591 1590 1592
f 1591 1592 1586
f 1566 1565 1590
f 1590 1565 1593
f 1590 1593 1594
f 1594 1593 1532
f 1532 1593 1565
f 1594 1592 1590
f 1587 1595 1585
f 1585 1595 1596
f 1585 1596 1583
f 1583 1596 1597
f 1583 1597 1581
f 1581 1597 1570
f 1595 1598 1596
f 1596 1598 1599
f 1596 1599 1597
f 1597 1599 1600
f 1597 1600 1601
f 1598 1602 1599
f 1599 1602 1600
f 1601 1570 1597
f 1588 1589 1579
f 1579 1589 1580
f 1580 1589 1582
f 1582 1589 1591
f 1582 1591 1584
f 1584 1591 1586
f 1603 1587 1604
f 1604 1587 1586
f 1604 1586 1592
f 1594 1605 1592
f 1592 1605 1606
f 1592 1606 1604
f 1604 1606 1607
f 1604 1607 1603
f 1603 1607 1608
f 1608 1607 1609
f 1608 1609 1610
f 1610 1609 1611
f 1611 1609 1612
f 1611 1612 1613
f 1613 1612 1614
f 1613 1614 1615
f 1615 1614 1616
f 1615 1616 1617
f 1617 1616 1618
f 1618 1616 1619
f 1618 1619 1620
f 1620 1619 1532
f 1532 1619 1594
f 1594 1619 1605
f 1617 1621 1615
f 1615 1621 1622
f 1615 1622 1613
f 1613 1622 1611
f 1609 1607 1623
f 1623 1607 1606
f 1623 1606 1605
f 1614 1612 1623
f 1623 1612 1609
f 1614 1623 1605
f 1616 1614 1605
f 1619 1616 1605
f 1624 1625 1626
f 1626 1625 1627
f 1626 1627 1628
f 1628 1627 1629
f 1628 1629 1630
f 1630 1629 1631
f 1630 1631 1632
f 1632 1631 1633
f 1632 1634 1630
f 1630 1634 1635
f 1630 1635 1628
f 1628 1635 1636
f 1628 1636 1626
f 1626 1636 1637
f 1626 1637 1624
f 1624 1637 1638
f 1638 1637 1639
f 1638 1639 1640
f 1640 1639 1641
f 1640 1641 1642
f 1642 1641 1643
f 1643 1641 1644
f 1643 1644 1645
f 1645 1644 1646
f 1646 1644 1647
f 1646 1647 1635
f 1635 1647 1636
f 1634 1646 1635
f 1642 1648 1640
f 1640 1648 1638
f 1639 1637 1649
f 1649 1637 1636
f 1649 1636 1647
f 1644 1641 1649
f 1649 1641 1639
f 1644 1649 1647
f 1650 1645 1651
f 1651 1645 1646
f 1651 1646 1652
f 1652 1646 1634
f 1652 1634 1653
f 1653 1634 1632
f 1653 1632 1654
f 1654 1632 1633
f 1654 1655 1653
f 1653 1655 1656
f 1653 1656 1652
f 1652 1656 1657
f 1652 1657 1651
f 1651 1657 1658
f 1651 1658 1650
f 1650 1658 1659
f 1659 1658 1660
f 1659 1660 1661
f 1661 1660 1662
f 1661 1662 1663
f 1663 1662 1664
f 1664 1662 1665
f 1664 1665 1666
f 1666 1665 1667
f 1667 1665 1668
f 1667 1668 1655
f 1655 1668 1656
f 1663 1669 1661
f 1661 1669 1659
f 1660 1658 1670
f 1670 1658 1657
f 1670 1657 1668
f 1668 1657 1656
f 1665 1662 1670
f 1670 1662 1660
f 1665 1670 1668
f 1671 1666 1672
f 1672 1666 1667
f 1672 1667 1673
f 1673 1667 1655
f 1673 1655 1674
f 1674 1655 1654
f 1674 1654 1675
f 1675 1654 1676
f 1675 1676 1677
f 1633 1678 1654
f 1654 1678 1676
f 1675 1677 1679
f 1679 1677 1680
f 1679 1680 1681
f 1681 1682 1679
f 1679 1682 1683
f 1679 1683 1674
f 1674 1683 1673
f 1684 1685 1682
f 1682 1685 1686
f 1682 1686 1683
f 1683 1686 1673
f 1684 1687 1685
f 1685 1687 1688
f 1685 1688 1689
f 1689 1688 1690
f 1689 1690 1671
f 1687 1691 1688
f 1688 1691 1690
f 1691 1692 1690
f 1689 1671 1672
f 1679 1674 1675
f 1673 1686 1672
f 1672 1686 1689
f 1686 1685 1689
f 1680 1677 1693
f 1693 1677 1676
f 1693 1676 1678
f 1633 1694 1678
f 1678 1694 1693
f 1633 1695 1694
f 1694 1695 1696
f 1696 1695 1697
f 1696 1697 1698
f 1699 1700 1698
f 1698 1700 1696
f 1701 1702 1703
f 1703 1702 1704
f 1703 1704 1705
f 1705 1704 1706
f 1705 1706 1707
f 1707 1706 1708
f 1707 1708 1709
f 1709 1708 1710
f 1709 1710 1711
f 1711 1710 1712
f 1711 1712 1713
f 1713 1712 1714
f 1713 1714 1715
f 1715 1714 1716
f 1715 1716 1717
f 1717 1716 1718
f 1717 1718 1719
f 1719 1718 1720
f 1719 1720 1721
f 1721 1720 1722
f 1721 1722 1723
f 1723 1722 1724
f 1723 1724 1701
f 1710 1725 1712
f 1712 1725 1714
f 1725 1716 1714
f 1718 1726 1720
f 1720 1726 1727
f 1720 1727 1722
f 1722 1727 1724
f 1726 1728 1727
f 1727 1728 1724
f 1723 1701 1729
f 1729 1701 1703
f 1729 1703 1730
f 1730 1703 1705
f 1730 1705 1731
f 1731 1705 1707
f 1731 1707 1709
f 1723 1729 1732
f 1732 1729 1730
f 1732 1730 1733
f 1733 1730 1731
f 1733 1731 1734
f 1734 1731 1709
f 1734 1709 1711
f 1723 1732 1721
f 1721 1732 1735
f 1721 1735 1719
f 1719 1735 1717
f 1735 1732 1733
f 1735 1733 1736
f 1736 1733 1734
f 1736 1734 1713
f 1713 1734 1711
f 1715 1717 1736
f 1736 1717 1735
f 1715 1736 1713
f 1737 1738 1739
f 1739 1738 1740
f 1739 1740 1741
f 1741 1740 1742
f 1741 1742 1743
f 1743 1742 1744
f 1743 1744 1745
f 1745 1744 1746
f 1745 1746 1747
f 1747 1746 1748
f 1747 1748 1749
f 1749 1748 1750
f 1749 1750 1751
f 1751 1750 1752
f 1752 1750 1753
f 1752 1753 1754
f 1742 1755 1744
f 1744 1755 1756
f 1744 1756 1746
f 1746 1756 1757
f 1746 1757 1748
f 1748 1757 1753
f 1748 1753 1750
f 1755 1758 1756
f 1749 1751 1759
f 1759 1751 1760
f 1759 1760 1761
f 1761 1760 1762
f 1761 1762 1763
f 1763 1762 1764
f 1763 1764 1765
f 1765 1764 1741
f 1765 1741 1743
f 1762 1737 1764
f 1764 1737 1739
f 1764 1739 1741
f 1765 1743 1745
f 1765 1745 1766
f 1766 1745 1747
f 1766 1747 1759
f 1759 1747 1749
f 1761 1763 1766
f 1766 1763 1765
f 1761 1766 1759
f 1758 1755 1767
f 1767 1755 1768
f 1767 1768 1769
f 1769 1768 1770
f 1769 1770 1771
f 1771 1770 1772
f 1771 1772 1773
f 1773 1772 1774
f 1773 1774 1775
f 1775 1774 1776
f 1775 1776 1777
f 1755 1742 1768
f 1768 1742 1778
f 1768 1778 1770
f 1770 1778 1779
f 1770 1779 1772
f 1772 1779 1780
f 1772 1780 1774
f 1774 1780 1776
f 1778 1742 1781
f 1781 1742 1740
f 1781 1740 1782
f 1782 1740 1738
f 1782 1738 1783
f 1776 1780 1783
f 1783 1780 1784
f 1783 1784 1782
f 1782 1784 1781
f 1777 1785 1775
f 1775 1785 1786
f 1775 1786 1773
f 1773 1786 1787
f 1773 1787 1771
f 1771 1787 1788
f 1771 1788 1769
f 1769 1788 1767
f 1785 1789 1786
f 1786 1789 1790
f 1786 1790 1787
f 1787 1790 1791
f 1787 1791 1788
f 1788 1791 1792
f 1788 1792 1767
f 1789 1793 1790
f 1790 1793 1794
f 1790 1794 1791
f 1791 1794 1795
f 1791 1795 1792
f 1796 1795 1793
f 1793 1795 1794
f 1778 1781 1779
f 1779 1781 1784
f 1779 1784 1780
f 1797 1758 1798
f 1798 1758 1767
f 1798 1767 1799
f 1799 1767 1792
f 1799 1792 1800
f 1800 1792 1795
f 1800 1795 1801
f 1801 1795 1796
f 1801 1796 1802
f 1802 1796 1803
f 1802 1803 1804
f 1804 1803 1805
f 1804 1805 1806
f 1806 1805 1807
f 1806 1807 1808
f 1809 1810 1808
f 1808 1810 1811
f 1808 1811 1806
f 1806 1811 1812
f 1806 1812 1804
f 1804 1812 1813
f 1804 1813 1802
f 1802 1813 1800
f 1802 1800 1801
f 1810 1809 1814
f 1814 1809 1815
f 1814 1815 1816
f 1814 1816 1817
f 1817 1816 1818
f 1817 1818 1819
f 1819 1818 1797
f 1819 1797 1798
f 1819 1798 1820
f 1820 1798 1799
f 1820 1799 1813
f 1813 1799 1800
f 1810 1814 1817
f 1817 1819 1821
f 1821 1819 1820
f 1821 1820 1812
f 1812 1820 1813
f 1811 1810 1821
f 1821 1810 1817
f 1811 1821 1812
f 1758 1797 1822
f 1822 1797 1823
f 1822 1823 1824
f 1824 1823 1825
f 1824 1825 1826
f 1826 1825 1827
f 1826 1827 1828
f 1828 1827 1829
f 1828 1829 1830
f 1830 1829 1831
f 1831 1829 1832
f 1832 1829 1833
f 1832 1833 1834
f 1834 1833 1835
f 1834 1835 1836
f 1836 1835 1837
f 1836 1837 1818
f 1818 1837 1823
f 1818 1823 1797
f 1818 1816 1836
f 1836 1816 1838
f 1836 1838 1834
f 1834 1838 1839
f 1834 1839 1832
f 1816 1815 1838
f 1838 1815 1839
f 1828 1830 1840
f 1840 1830 1841
f 1840 1841 1842
f 1842 1841 1843
f 1842 1843 1844
f 1844 1843 1845
f 1844 1845 1824
f 1824 1845 1822
f 1841 1846 1843
f 1825 1823 1837
f 1840 1842 1844
f 1840 1844 1826
f 1826 1844 1824
f 1825 1837 1835
f 1825 1835 1827
f 1827 1835 1833
f 1827 1833 1829
f 1840 1826 1828
f 1847 1758 1848
f 1848 1758 1822
f 1848 1822 1849
f 1849 1822 1850
f 1849 1850 1851
f 1851 1850 1852
f 1851 1852 1853
f 1853 1852 1854
f 1853 1854 1855
f 1855 1854 1856
f 1855 1856 1857
f 1857 1856 1858
f 1858 1856 1859
f 1859 1856 1860
f 1859 1860 1861
f 1861 1860 1862
f 1861 1862 1863
f 1863 1862 1864
f 1863 1864 1845
f 1845 1864 1850
f 1845 1850 1822
f 1845 1843 1863
f 1863 1843 1865
f 1863 1865 1861
f 1861 1865 1866
f 1861 1866 1859
f 1843 1846 1865
f 1865 1846 1866
f 1855 1857 1867
f 1867 1857 1868
f 1867 1868 1869
f 1869 1868 1870
f 1869 1870 1871
f 1871 1870 1872
f 1871 1872 1873
f 1873 1872 1874
f 1873 1874 1847
f 1870 1868 1875
f 1875 1868 1876
f 1875 1876 1877
f 1875 1877 1872
f 1872 1877 1874
f 1873 1847 1848
f 1852 1850 1864
f 1873 1848 1878
f 1878 1848 1849
f 1878 1849 1851
f 1870 1875 1872
f 1851 1879 1878
f 1878 1879 1871
f 1878 1871 1873
f 1867 1869 1879
f 1879 1869 1871
f 1867 1879 1853
f 1853 1879 1851
f 1852 1864 1862
f 1852 1862 1854
f 1854 1862 1860
f 1854 1860 1856
f 1867 1853 1855
f 1880 1881 1882
f 1882 1881 1883
f 1882 1883 1884
f 1884 1883 1885
f 1884 1885 1886
f 1886 1885 1887
f 1886 1887 1888
f 1888 1887 1889
f 1888 1889 1890
f 1890 1889 1891
f 1890 1891 1892
f 1892 1891 1893
f 1892 1893 1894
f 1894 1893 1895
f 1894 1895 1896
f 1896 1895 1897
f 1896 1897 1898
f 1898 1897 1899
f 1898 1899 1900
f 1900 1899 1901
f 1900 1901 1902
f 1902 1901 1903
f 1881 1880 1904
f 1904 1880 1905
f 1904 1905 1906
f 1906 1905 1907
f 1906 1907 1908
f 1908 1907 1909
f 1908 1909 1889
f 1889 1909 1891
f 1905 1910 1907
f 1907 1910 1911
f 1907 1911 1909
f 1909 1911 1912
f 1909 1912 1891
f 1891 1912 1893
f 1910 1913 1911
f 1911 1913 1914
f 1911 1914 1912
f 1912 1914 1915
f 1912 1915 1893
f 1893 1915 1895
f 1913 1916 1914
f 1914 1916 1917
f 1914 1917 1915
f 1915 1917 1895
f 1917 1897 1895
f 1918 1919 1902
f 1902 1919 1920
f 1902 1920 1900
f 1900 1920 1898
f 1921 1922 1918
f 1918 1922 1923
f 1918 1923 1924
f 1924 1923 1925
f 1924 1925 1926
f 1926 1925 1892
f 1926 1892 1894
f 1921 1927 1922
f 1922 1927 1928
f 1922 1928 1929
f 1929 1928 1888
f 1929 1888 1890
f 1928 1927 1886
f 1886 1927 1884
f 1883 1881 1904
f 1904 1906 1930
f 1930 1906 1908
f 1930 1908 1887
f 1887 1908 1889
f 1887 1885 1930
f 1930 1885 1883
f 1930 1883 1904
f 1894 1896 1931
f 1931 1896 1898
f 1931 1898 1920
f 1894 1931 1926
f 1926 1931 1919
f 1926 1919 1924
f 1924 1919 1918
f 1919 1931 1920
f 1890 1892 1925
f 1890 1925 1929
f 1929 1925 1923
f 1929 1923 1922
f 1886 1888 1928
f 1932 1916 1933
f 1933 1916 1913
f 1933 1913 1934
f 1934 1913 1910
f 1934 1910 1935
f 1935 1910 1905
f 1935 1905 1936
f 1936 1905 1880
f 1936 1880 1937
f 1937 1880 1882
f 1937 1882 1938
f 1938 1882 1939
f 1938 1939 1940
f 1940 1939 1941
f 1940 1941 1942
f 1942 1941 1943
f 1942 1943 1944
f 1944 1943 1945
f 1944 1945 1946
f 1946 1945 1947
f 1946 1947 1948
f 1948 1947 1949
f 1948 1949 1950
f 1950 1949 1951
f 1950 1951 1952
f 1952 1951 1953
f 1952 1953 1954
f 1954 1953 1955
f 1954 1955 1956
f 1956 1955 1957
f 1956 1957 1958
f 1943 1941 1959
f 1959 1941 1960
f 1959 1960 1961
f 1962 1963 1961
f 1961 1963 1964
f 1961 1964 1959
f 1959 1964 1945
f 1959 1945 1943
f 1957 1965 1962
f 1962 1965 1966
f 1962 1966 1963
f 1963 1966 1949
f 1963 1949 1947
f 1954 1967 1952
f 1952 1967 1968
f 1952 1968 1950
f 1950 1968 1969
f 1950 1969 1948
f 1948 1969 1970
f 1948 1970 1946
f 1946 1970 1971
f 1946 1971 1944
f 1944 1971 1972
f 1944 1972 1942
f 1942 1972 1940
f 1967 1932 1968
f 1968 1932 1933
f 1968 1933 1969
f 1969 1933 1934
f 1969 1934 1970
f 1970 1934 1935
f 1970 1935 1971
f 1971 1935 1936
f 1971 1936 1972
f 1972 1936 1937
f 1972 1937 1940
f 1940 1937 1938
f 1965 1957 1955
f 1965 1955 1953
f 1965 1953 1951
f 1966 1965 1951
f 1966 1951 1949
f 1964 1963 1947
f 1964 1947 1945
f 1973 1916 1974
f 1974 1916 1932
f 1974 1932 1975
f 1975 1932 1976
f 1975 1976 1977
f 1977 1976 1978
f 1977 1978 1979
f 1979 1978 1980
f 1979 1980 1981
f 1981 1980 1982
f 1981 1982 1983
f 1983 1982 1984
f 1983 1984 1985
f 1985 1984 1986
f 1985 1986 1987
f 1987 1986 1988
f 1987 1988 1989
f 1989 1988 1990
f 1989 1990 1991
f 1991 1990 1992
f 1991 1992 1993
f 1993 1992 1994
f 1993 1994 1995
f 1995 1994 1996
f 1995 1996 1997
f 1997 1996 1998
f 1997 1998 1999
f 1999 1998 2000
f 1999 2000 2001
f 2001 2000 2002
f 2001 2002 1973
f 1932 1967 1976
f 1976 1967 2003
f 1976 2003 1978
f 1978 2003 2004
f 1978 2004 1980
f 1980 2004 2005
f 1980 2005 1982
f 1982 2005 2006
f 1982 2006 1984
f 1984 2006 2007
f 1984 2007 1986
f 1986 2007 2008
f 1986 2008 1988
f 2003 1967 2009
f 2009 1967 1954
f 2009 1954 2010
f 2010 1954 2011
f 2010 2011 2012
f 2012 2011 2013
f 2012 2013 2014
f 2014 2013 2015
f 2014 2015 2016
f 1954 1956 2011
f 2011 1956 2017
f 2011 2017 2013
f 2013 2017 2018
f 2013 2018 2015
f 1956 1958 2017
f 2017 1958 2018
f 2014 2016 2019
f 2019 2016 2008
f 2019 2008 2007
f 1992 1990 2020
f 2020 1990 2021
f 2020 2021 2022
f 2022 2021 2023
f 2022 2023 2024
f 2024 2023 2025
f 2024 2025 2026
f 2026 2025 2027
f 2026 2027 2028
f 2021 2029 2023
f 2023 2029 2030
f 2023 2030 2025
f 2025 2030 2031
f 2025 2031 2027
f 2029 2031 2030
f 2026 2028 2032
f 2032 2028 2033
f 2032 2033 2000
f 2000 2033 2002
f 2001 1973 1974
f 2001 1974 2034
f 2034 1974 1975
f 2034 1975 1977
f 2000 1998 2032
f 2032 1998 2035
f 2032 2035 2026
f 2026 2035 2024
f 1977 2036 2034
f 2034 2036 1999
f 2034 1999 2001
f 1999 2036 1997
f 1997 2036 2037
f 1997 2037 1995
f 1995 2037 2038
f 1995 2038 1993
f 1993 2038 2039
f 1993 2039 1991
f 1991 2039 1989
f 2037 2036 1979
f 1979 2036 1977
f 2035 1998 1996
f 2024 2035 2040
f 2040 2035 1996
f 2040 1996 1994
f 2020 2022 2040
f 2040 2022 2024
f 2020 2040 1994
f 2003 2009 2004
f 2004 2009 2041
f 2004 2041 2005
f 2005 2041 2042
f 2005 2042 2006
f 2006 2042 2019
f 2006 2019 2007
f 2037 1979 1981
f 2037 1981 2038
f 2038 1981 1983
f 2038 1983 2039
f 2039 1983 1985
f 2039 1985 1989
f 1989 1985 1987
f 2020 1994 1992
f 2010 2012 2041
f 2041 2012 2042
f 2019 2042 2014
f 2014 2042 2012
f 2009 2010 2041
f 2043 1916 2044
f 2044 1916 1973
f 2044 1973 2045
f 2045 1973 2002
f 2045 2002 2046
f 2046 2002 2047
f 2046 2047 2048
f 2048 2047 2049
f 2048 2049 2050
f 2050 2049 2051
f 2050 2051 2052
f 2052 2051 2053
f 2052 2053 2054
f 2054 2053 2055
f 2054 2055 2056
f 2056 2055 2057
f 2056 2057 2058
f 2002 2033 2047
f 2047 2033 2059
f 2047 2059 2049
f 2049 2059 2060
f 2049 2060 2051
f 2051 2060 2061
f 2051 2061 2053
f 2053 2061 2062
f 2053 2062 2055
f 2055 2062 2057
f 2033 2028 2059
f 2059 2028 2063
f 2059 2063 2060
f 2060 2063 2064
f 2060 2064 2061
f 2061 2064 2065
f 2061 2065 2062
f 2062 2065 2066
f 2062 2066 2057
f 2028 2027 2063
f 2063 2027 2067
f 2063 2067 2064
f 2064 2067 2068
f 2064 2068 2065
f 2065 2068 2066
f 2027 2031 2067
f 2067 2031 2069
f 2067 2069 2068
f 2068 2069 2029
f 2068 2029 2066
f 2031 2029 2069
f 2056 2058 2070
f 2070 2058 2071
f 2070 2071 2072
f 2072 2071 2073
f 2072 2073 2074
f 2074 2073 2075
f 2074 2075 2076
f 2076 2075 2077
f 2076 2077 2078
f 2078 2077 2079
f 2078 2079 2080
f 2080 2079 2081
f 2080 2081 2044
f 2044 2081 2043
f 2073 2071 2082
f 2082 2071 2083
f 2082 2083 2084
f 2084 2083 2085
f 2084 2085 2086
f 2086 2085 2087
f 2086 2087 2088
f 2088 2087 2089
f 2088 2089 2090
f 2090 2089 2043
f 2090 2043 2081
f 2085 2083 2091
f 2091 2083 2092
f 2091 2092 2093
f 2091 2093 2087
f 2087 2093 2089
f 2054 2056 2070
f 2081 2079 2090
f 2090 2079 2094
f 2090 2094 2088
f 2088 2094 2086
f 2085 2091 2087
f 2044 2045 2080
f 2080 2045 2095
f 2080 2095 2078
f 2078 2095 2096
f 2078 2096 2076
f 2076 2096 2097
f 2076 2097 2074
f 2074 2097 2098
f 2074 2098 2072
f 2072 2098 2070
f 2079 2077 2094
f 2094 2077 2099
f 2094 2099 2086
f 2086 2099 2084
f 2046 2048 2095
f 2095 2048 2096
f 2097 2096 2050
f 2050 2096 2048
f 2099 2077 2075
f 2084 2099 2082
f 2082 2099 2075
f 2082 2075 2073
f 2045 2046 2095
f 2098 2097 2052
f 2052 2097 2050
f 2070 2098 2054
f 2054 2098 2052
f 2043 2100 1916
f 1916 2100 2101
f 1916 2101 2102
f 2102 2101 2103
f 2102 2103 2104
f 2104 2103 2105
f 2105 2103 2106
f 2105 2106 2107
f 2107 2106 2108
f 2107 2108 2109
f 2109 2108 2110
f 2110 2108 2111
f 2110 2111 2112
f 2112 2111 2113
f 2112 2113 2114
f 2114 2113 2115
f 2114 2115 2116
f 2116 2115 2117
f 2116 2117 2118
f 2118 2117 2119
f 2118 2119 2120
f 2120 2119 2121
f 2120 2121 2122
f 2122 2121 2093
f 2122 2093 2092
f 2100 2043 2123
f 2123 2043 2089
f 2123 2089 2121
f 2121 2089 2093
f 2092 2124 2122
f 2122 2124 2120
f 2124 2125 2120
f 2120 2125 2118
f 2125 2126 2118
f 2118 2126 2116
f 2116 2126 2114
f 2114 2126 2127
f 2114 2127 2112
f 2101 2100 2128
f 2128 2100 2123
f 2128 2123 2119
f 2119 2123 2121
f 2103 2101 2129
f 2129 2101 2128
f 2129 2128 2117
f 2117 2128 2119
f 2111 2108 2106
f 2106 2103 2130
f 2130 2103 2129
f 2130 2129 2115
f 2115 2129 2117
f 2113 2111 2130
f 2130 2111 2106
f 2113 2130 2115
f 2131 1916 2132
f 2132 1916 2102
f 2132 2102 2133
f 2133 2102 2104
f 2133 2104 2134
f 2134 2104 2105
f 2134 2105 2135
f 2135 2105 2107
f 2135 2107 2136
f 2136 2107 2137
f 2136 2137 2138
f 2138 2137 2139
f 2138 2139 2140
f 2107 2109 2137
f 2137 2109 2139
f 2141 2142 2140
f 2140 2142 2143
f 2140 2143 2144
f 2144 2143 2145
f 2144 2145 2146
f 2146 2145 2147
f 2146 2147 2135
f 2135 2147 2134
f 2141 2148 2142
f 2142 2148 2149
f 2142 2149 2150
f 2150 2149 2151
f 2150 2151 2152
f 2152 2151 2153
f 2152 2153 2154
f 2154 2153 2155
f 2154 2155 2133
f 2133 2155 2156
f 2133 2156 2132
f 2132 2156 2131
f 2148 2157 2149
f 2149 2157 2158
f 2149 2158 2151
f 2151 2158 2159
f 2151 2159 2153
f 2153 2159 2160
f 2153 2160 2155
f 2155 2160 2161
f 2155 2161 2156
f 2156 2161 2162
f 2156 2162 2131
f 2158 2157 2163
f 2163 2157 2164
f 2163 2164 2165
f 2165 2164 2166
f 2165 2166 2167
f 2167 2166 2168
f 2167 2168 2169
f 2162 2161 2169
f 2169 2161 2170
f 2169 2170 2167
f 2167 2170 2171
f 2167 2171 2165
f 2165 2171 2163
f 2154 2133 2134
f 2146 2135 2136
f 2171 2170 2160
f 2160 2170 2161
f 2163 2171 2159
f 2159 2171 2160
f 2154 2134 2147
f 2154 2147 2152
f 2152 2147 2145
f 2152 2145 2150
f 2150 2145 2143
f 2150 2143 2142
f 2163 2159 2158
f 2146 2136 2138
f 2140 2144 2138
f 2138 2144 2146
f 2172 1916 2173
f 2173 1916 2131
f 2173 2131 2174
f 2174 2131 2162
f 2174 2162 2175
f 2175 2162 2176
f 2175 2176 2177
f 2177 2176 2178
f 2177 2178 2179
f 2179 2178 2180
f 2179 2180 2181
f 2181 2180 2182
f 2181 2182 2183
f 2183 2182 2184
f 2183 2184 2185
f 2162 2169 2176
f 2176 2169 2186
f 2176 2186 2178
f 2178 2186 2187
f 2178 2187 2180
f 2180 2187 2188
f 2180 2188 2182
f 2182 2188 2184
f 2168 2189 2169
f 2169 2189 2190
f 2169 2190 2186
f 2186 2190 2187
f 2168 2191 2189
f 2189 2191 2192
f 2189 2192 2190
f 2190 2192 2187
f 2192 2191 2188
f 2188 2191 2184
f 2183 2185 2193
f 2193 2185 2194
f 2193 2194 2195
f 2195 2196 2193
f 2193 2196 2197
f 2193 2197 2198
f 2198 2197 2199
f 2198 2199 2200
f 2200 2199 2201
f 2200 2201 2202
f 2202 2201 2203
f 2202 2203 2204
f 2204 2203 2205
f 2204 2205 2174
f 2174 2205 2173
f 2206 2207 2196
f 2196 2207 2208
f 2196 2208 2197
f 2197 2208 2199
f 2209 2210 2206
f 2206 2210 2211
f 2206 2211 2212
f 2212 2211 2213
f 2212 2213 2214
f 2214 2213 2215
f 2214 2215 2216
f 2216 2215 2217
f 2216 2217 2203
f 2203 2217 2205
f 2209 2218 2210
f 2210 2218 2219
f 2210 2219 2220
f 2220 2219 2221
f 2220 2221 2222
f 2220 2222 2223
f 2223 2222 2224
f 2223 2224 2225
f 2225 2224 2172
f 2225 2172 2226
f 2226 2172 2173
f 2226 2173 2205
f 2207 2206 2212
f 2204 2174 2175
f 2205 2217 2226
f 2226 2217 2225
f 2217 2215 2225
f 2225 2215 2223
f 2211 2210 2220
f 2215 2213 2223
f 2223 2213 2220
f 2213 2211 2220
f 2204 2175 2177
f 2204 2177 2202
f 2202 2177 2179
f 2202 2179 2200
f 2200 2179 2181
f 2200 2181 2198
f 2198 2181 2183
f 2198 2183 2193
f 2216 2203 2201
f 2214 2216 2227
f 2227 2216 2201
f 2227 2201 2199
f 2212 2214 2207
f 2207 2214 2227
f 2207 2227 2208
f 2208 2227 2199
f 2192 2188 2187
f 2228 2229 2230
f 2230 2229 2231
f 2230 2231 2232
f 2232 2231 2233
f 2232 2233 2234
f 2234 2233 2235
f 2234 2235 2236
f 2236 2235 2237
f 2236 2237 2238
f 2238 2237 2239
f 2238 2239 2240
f 2240 2239 2241
f 2240 2241 2242
f 2242 2241 2243
f 2242 2243 2244
f 2244 2243 2245
f 2244 2245 2246
f 2246 2245 2247
f 2246 2247 2248
f 2248 2247 2249
f 2248 2249 2250
f 2250 2249 2251
f 2250 2251 2252
f 2239 2253 2241
f 2241 2253 2254
f 2241 2254 2243
f 2243 2254 2255
f 2243 2255 2245
f 2245 2255 2256
f 2245 2256 2247
f 2247 2256 2257
f 2247 2257 2249
f 2249 2257 2251
f 2258 2259 2250
f 2250 2259 2260
f 2250 2260 2248
f 2248 2260 2246
f 2261 2262 2258
f 2258 2262 2263
f 2258 2263 2264
f 2264 2263 2265
f 2264 2265 2266
f 2266 2265 2267
f 2266 2267 2268
f 2268 2267 2269
f 2268 2269 2242
f 2242 2269 2240
f 2261 2270 2262
f 2262 2270 2271
f 2262 2271 2272
f 2272 2271 2273
f 2272 2273 2274
f 2274 2273 2275
f 2274 2275 2276
f 2276 2275 2236
f 2276 2236 2238
f 2271 2270 2277
f 2277 2270 2228
f 2277 2228 2278
f 2278 2228 2230
f 2278 2230 2232
f 2276 2238 2269
f 2269 2238 2240
f 2236 2275 2234
f 2234 2275 2279
f 2234 2279 2232
f 2232 2279 2278
f 2268 2242 2244
f 2274 2276 2267
f 2267 2276 2269
f 2277 2278 2279
f 2277 2279 2273
f 2273 2279 2275
f 2268 2244 2280
f 2280 2244 2246
f 2280 2246 2260
f 2272 2274 2265
f 2265 2274 2267
f 2271 2277 2273
f 2268 2280 2266
f 2266 2280 2259
f 2266 2259 2264
f 2264 2259 2258
f 2259 2280 2260
f 2262 2272 2263
f 2263 2272 2265
f 2281 2253 2282
f 2282 2253 2239
f 2282 2239 2283
f 2283 2239 2237
f 2283 2237 2284
f 2284 2237 2285
f 2284 2285 2286
f 2286 2285 2287
f 2286 2287 2288
f 2288 2287 2289
f 2288 2289 2290
f 2290 2289 2291
f 2290 2291 2292
f 2292 2291 2293
f 2292 2293 2294
f 2237 2235 2285
f 2285 2235 2295
f 2285 2295 2287
f 2287 2295 2296
f 2287 2296 2289
f 2289 2296 2297
f 2289 2297 2291
f 2291 2297 2293
f 2235 2233 2295
f 2295 2233 2231
f 2295 2231 2296
f 2296 2231 2297
f 2231 2229 2297
f 2297 2229 2293
f 2298 2299 2294
f 2294 2299 2300
f 2294 2300 2292
f 2292 2300 2301
f 2292 2301 2290
f 2290 2301 2302
f 2290 2302 2288
f 2288 2302 2303
f 2288 2303 2286
f 2286 2303 2304
f 2286 2304 2284
f 2284 2304 2283
f 2299 2298 2305
f 2305 2298 2306
f 2305 2306 2307
f 2307 2306 2308
f 2307 2308 2309
f 2309 2308 2310
f 2309 2310 2301
f 2301 2310 2302
f 2306 2311 2308
f 2308 2311 2312
f 2308 2312 2313
f 2313 2312 2314
f 2313 2314 2315
f 2315 2314 2316
f 2315 2316 2317
f 2317 2316 2318
f 2317 2318 2319
f 2319 2318 2320
f 2319 2320 2281
f 2312 2311 2321
f 2321 2311 2322
f 2321 2322 2323
f 2323 2322 2324
f 2323 2324 2325
f 2325 2324 2326
f 2325 2326 2327
f 2328 2326 2322
f 2322 2326 2324
f 2325 2327 2329
f 2329 2327 2330
f 2329 2330 2320
f 2319 2281 2282
f 2299 2305 2307
f 2329 2320 2318
f 2319 2282 2331
f 2331 2282 2283
f 2331 2283 2304
f 2318 2316 2329
f 2329 2316 2332
f 2329 2332 2325
f 2325 2332 2323
f 2319 2331 2317
f 2317 2331 2333
f 2317 2333 2315
f 2315 2333 2334
f 2315 2334 2313
f 2313 2334 2310
f 2313 2310 2308
f 2333 2331 2304
f 2321 2323 2332
f 2321 2332 2314
f 2314 2332 2316
f 2333 2304 2303
f 2333 2303 2334
f 2334 2303 2302
f 2334 2302 2310
f 2321 2314 2312
f 2299 2307 2309
f 2299 2309 2300
f 2300 2309 2301
f 2335 2253 2336
f 2336 2253 2281
f 2336 2281 2337
f 2337 2281 2320
f 2337 2320 2338
f 2338 2320 2339
f 2338 2339 2340
f 2340 2339 2341
f 2340 2341 2342
f 2342 2341 2343
f 2342 2343 2344
f 2344 2343 2345
f 2344 2345 2346
f 2320 2330 2339
f 2339 2330 2347
f 2339 2347 2341
f 2341 2347 2348
f 2341 2348 2343
f 2343 2348 2345
f 2330 2327 2347
f 2347 2327 2349
f 2347 2349 2348
f 2348 2349 2350
f 2348 2350 2345
f 2327 2326 2349
f 2349 2326 2350
f 2326 2328 2350
f 2351 2352 2346
f 2346 2352 2353
f 2346 2353 2354
f 2354 2353 2355
f 2354 2355 2356
f 2356 2355 2357
f 2356 2357 2358
f 2358 2357 2359
f 2358 2359 2360
f 2360 2359 2361
f 2360 2361 2337
f 2337 2361 2336
f 2351 2362 2352
f 2352 2362 2363
f 2352 2363 2364
f 2364 2363 2365
f 2364 2365 2366
f 2366 2365 2367
f 2366 2367 2368
f 2368 2367 2369
f 2368 2369 2370
f 2370 2369 2371
f 2370 2371 2372
f 2372 2371 2373
f 2372 2373 2335
f 2363 2362 2374
f 2374 2362 2375
f 2374 2375 2376
f 2376 2375 2377
f 2376 2377 2378
f 2378 2377 2379
f 2378 2379 2380
f 2380 2379 2381
f 2380 2381 2382
f 2377 2375 2383
f 2383 2375 2384
f 2383 2384 2385
f 2385 2381 2383
f 2383 2381 2379
f 2383 2379 2377
f 2380 2382 2386
f 2386 2382 2387
f 2386 2387 2371
f 2371 2387 2373
f 2372 2335 2336
f 2360 2337 2338
f 2370 2372 2361
f 2361 2372 2336
f 2371 2369 2386
f 2386 2369 2388
f 2386 2388 2380
f 2380 2388 2378
f 2368 2370 2359
f 2359 2370 2361
f 2369 2367 2388
f 2388 2367 2389
f 2388 2389 2378
f 2378 2389 2376
f 2360 2338 2340
f 2360 2340 2358
f 2358 2340 2342
f 2358 2342 2356
f 2356 2342 2344
f 2356 2344 2354
f 2354 2344 2346
f 2368 2359 2357
f 2368 2357 2366
f 2366 2357 2355
f 2366 2355 2364
f 2364 2355 2353
f 2364 2353 2352
f 2389 2367 2365
f 2376 2389 2374
f 2374 2389 2365
f 2374 2365 2363
f 2390 2253 2391
f 2391 2253 2335
f 2391 2335 2392
f 2392 2335 2393
f 2392 2393 2394
f 2394 2393 2395
f 2394 2395 2396
f 2396 2395 2397
f 2396 2397 2398
f 2398 2397 2399
f 2398 2399 2400
f 2400 2399 2401
f 2400 2401 2402
f 2402 2401 2403
f 2402 2403 2404
f 2404 2403 2405
f 2404 2405 2406
f 2393 2335 2407
f 2407 2335 2373
f 2407 2373 2408
f 2408 2373 2387
f 2408 2387 2409
f 2409 2387 2382
f 2409 2382 2410
f 2410 2382 2381
f 2410 2381 2411
f 2411 2381 2385
f 2411 2385 2384
f 2384 2412 2411
f 2411 2412 2413
f 2411 2413 2410
f 2410 2413 2414
f 2410 2414 2409
f 2409 2414 2415
f 2409 2415 2408
f 2408 2415 2416
f 2408 2416 2407
f 2407 2416 2395
f 2407 2395 2393
f 2413 2412 2417
f 2417 2412 2418
f 2417 2418 2419
f 2419 2418 2420
f 2419 2420 2421
f 2421 2420 2401
f 2421 2401 2399
f 2420 2418 2403
f 2403 2418 2405
f 2422 2423 2406
f 2406 2423 2424
f 2406 2424 2404
f 2404 2424 2402
f 2425 2426 2422
f 2422 2426 2427
f 2422 2427 2423
f 2423 2427 2428
f 2423 2428 2429
f 2429 2428 2430
f 2429 2430 2400
f 2400 2430 2398
f 2431 2432 2425
f 2425 2432 2433
f 2425 2433 2426
f 2426 2433 2434
f 2426 2434 2435
f 2435 2434 2436
f 2435 2436 2437
f 2437 2436 2438
f 2437 2438 2439
f 2439 2438 2440
f 2439 2440 2396
f 2396 2440 2394
f 2432 2431 2441
f 2441 2431 2442
f 2441 2442 2443
f 2443 2442 2444
f 2443 2444 2445
f 2445 2444 2446
f 2445 2446 2447
f 2447 2446 2448
f 2447 2448 2449
f 2449 2448 2450
f 2449 2450 2451
f 2451 2450 2452
f 2451 2452 2440
f 2440 2452 2394
f 2448 2390 2450
f 2450 2390 2391
f 2450 2391 2452
f 2452 2391 2392
f 2452 2392 2394
f 2447 2449 2453
f 2453 2449 2451
f 2453 2451 2438
f 2438 2451 2440
f 2445 2447 2454
f 2454 2447 2453
f 2454 2453 2436
f 2436 2453 2438
f 2432 2441 2443
f 2443 2445 2455
f 2455 2445 2454
f 2455 2454 2434
f 2434 2454 2436
f 2397 2395 2416
f 2396 2398 2439
f 2439 2398 2430
f 2439 2430 2437
f 2437 2430 2428
f 2437 2428 2435
f 2435 2428 2427
f 2435 2427 2426
f 2455 2434 2433
f 2397 2416 2456
f 2456 2416 2415
f 2456 2415 2457
f 2457 2415 2414
f 2457 2414 2417
f 2417 2414 2413
f 2421 2399 2456
f 2456 2399 2397
f 2421 2456 2457
f 2424 2423 2429
f 2424 2429 2402
f 2402 2429 2400
f 2419 2421 2457
f 2419 2457 2417
f 2403 2401 2420
f 2443 2455 2432
f 2432 2455 2433
f 2458 2253 2459
f 2459 2253 2390
f 2459 2390 2460
f 2460 2390 2461
f 2460 2461 2462
f 2462 2461 2463
f 2462 2463 2464
f 2464 2463 2465
f 2464 2465 2466
f 2466 2465 2467
f 2466 2467 2468
f 2468 2467 2469
f 2468 2469 2470
f 2470 2469 2471
f 2470 2471 2472
f 2472 2471 2473
f 2472 2473 2474
f 2474 2473 2475
f 2474 2475 2476
f 2476 2475 2477
f 2476 2477 2478
f 2478 2477 2479
f 2478 2479 2480
f 2480 2479 2481
f 2480 2481 2482
f 2482 2481 2483
f 2482 2483 2484
f 2484 2483 2485
f 2484 2485 2486
f 2486 2485 2487
f 2486 2487 2488
f 2488 2487 2489
f 2488 2489 2490
f 2490 2489 2491
f 2490 2491 2492
f 2492 2491 2493
f 2492 2493 2494
f 2390 2448 2461
f 2461 2448 2463
f 2446 2495 2448
f 2448 2495 2465
f 2448 2465 2463
f 2495 2446 2496
f 2496 2446 2444
f 2496 2444 2497
f 2497 2444 2442
f 2497 2442 2498
f 2498 2442 2431
f 2498 2431 2499
f 2500 2501 2499
f 2499 2501 2502
f 2499 2502 2498
f 2498 2502 2497
f 2475 2473 2500
f 2500 2473 2503
f 2500 2503 2501
f 2501 2503 2504
f 2501 2504 2505
f 2505 2504 2506
f 2505 2506 2496
f 2496 2506 2495
f 2479 2507 2481
f 2481 2507 2508
f 2481 2508 2483
f 2483 2508 2509
f 2483 2509 2485
f 2485 2509 2510
f 2485 2510 2487
f 2487 2510 2511
f 2487 2511 2489
f 2489 2511 2512
f 2489 2512 2491
f 2491 2512 2513
f 2491 2513 2493
f 2514 2510 2507
f 2507 2510 2509
f 2507 2509 2508
f 2514 2515 2510
f 2510 2515 2516
f 2510 2516 2511
f 2511 2516 2517
f 2511 2517 2512
f 2512 2517 2518
f 2512 2518 2513
f 2516 2515 2519
f 2519 2515 2518
f 2519 2518 2517
f 2492 2494 2520
f 2520 2494 2458
f 2520 2458 2459
f 2517 2516 2519
f 2520 2459 2521
f 2521 2459 2460
f 2521 2460 2462
f 2492 2520 2522
f 2522 2520 2521
f 2522 2521 2523
f 2523 2521 2462
f 2523 2462 2464
f 2464 2524 2523
f 2523 2524 2525
f 2523 2525 2522
f 2522 2525 2490
f 2522 2490 2492
f 2524 2526 2525
f 2525 2526 2488
f 2525 2488 2490
f 2464 2466 2524
f 2524 2466 2527
f 2524 2527 2526
f 2526 2527 2528
f 2526 2528 2486
f 2486 2528 2484
f 2526 2486 2488
f 2465 2495 2467
f 2467 2495 2506
f 2467 2506 2469
f 2469 2506 2504
f 2469 2504 2471
f 2471 2504 2503
f 2471 2503 2473
f 2527 2466 2468
f 2528 2527 2529
f 2529 2527 2468
f 2529 2468 2470
f 2484 2528 2530
f 2530 2528 2529
f 2530 2529 2531
f 2531 2529 2470
f 2531 2470 2472
f 2484 2530 2482
f 2482 2530 2532
f 2482 2532 2480
f 2480 2532 2478
f 2532 2530 2531
f 2505 2496 2497
f 2532 2531 2533
f 2533 2531 2472
f 2533 2472 2474
f 2501 2505 2502
f 2502 2505 2497
f 2476 2478 2533
f 2533 2478 2532
f 2476 2533 2474
f 2534 2253 2535
f 2535 2253 2458
f 2535 2458 2536
f 2536 2458 2494
f 2536 2494 2537
f 2537 2494 2493
f 2537 2493 2538
f 2538 2493 2513
f 2538 2513 2539
f 2539 2513 2518
f 2539 2518 2540
f 2540 2518 2541
f 2540 2541 2542
f 2542 2541 2543
f 2542 2543 2544
f 2518 2515 2541
f 2541 2515 2514
f 2541 2514 2543
f 2545 2546 2544
f 2544 2546 2547
f 2544 2547 2548
f 2548 2547 2549
f 2548 2549 2550
f 2550 2549 2551
f 2550 2551 2539
f 2539 2551 2538
f 2545 2552 2546
f 2546 2552 2553
f 2546 2553 2554
f 2554 2553 2555
f 2554 2555 2556
f 2556 2555 2557
f 2556 2557 2558
f 2558 2557 2559
f 2558 2559 2537
f 2537 2559 2536
f 2553 2552 2560
f 2560 2552 2561
f 2560 2561 2562
f 2562 2561 2563
f 2562 2563 2564
f 2564 2563 2565
f 2564 2565 2566
f 2566 2565 2567
f 2566 2567 2568
f 2568 2567 2569
f 2568 2569 2570
f 2563 2571 2565
f 2565 2571 2572
f 2565 2572 2567
f 2567 2572 2573
f 2567 2573 2569
f 2574 2575 2571
f 2571 2575 2572
f 2575 2573 2572
f 2568 2570 2576
f 2576 2570 2534
f 2576 2534 2535
f 2550 2539 2540
f 2576 2535 2577
f 2577 2535 2536
f 2577 2536 2559
f 2568 2576 2578
f 2578 2576 2577
f 2578 2577 2579
f 2579 2577 2559
f 2579 2559 2557
f 2568 2578 2566
f 2566 2578 2580
f 2566 2580 2564
f 2564 2580 2562
f 2580 2578 2579
f 2580 2579 2581
f 2581 2579 2557
f 2581 2557 2555
f 2537 2538 2558
f 2558 2538 2551
f 2558 2551 2556
f 2556 2551 2549
f 2556 2549 2554
f 2554 2549 2547
f 2554 2547 2546
f 2560 2562 2581
f 2581 2562 2580
f 2560 2581 2555
f 2553 2560 2555
f 2550 2540 2542
f 2544 2548 2542
f 2542 2548 2550
f 2582 2253 2583
f 2583 2253 2534
f 2583 2534 2584
f 2584 2534 2585
f 2584 2585 2586
f 2586 2585 2587
f 2586 2587 2588
f 2588 2587 2589
f 2588 2589 2590
f 2590 2589 2591
f 2590 2591 2592
f 2592 2591 2593
f 2592 2593 2594
f 2594 2593 2595
f 2594 2595 2596
f 2596 2595 2597
f 2596 2597 2598
f 2598 2597 2599
f 2598 2599 2600
f 2600 2599 2601
f 2600 2601 2602
f 2602 2601 2603
f 2602 2603 2604
f 2604 2603 2605
f 2604 2605 2606
f 2606 2605 2607
f 2606 2607 2608
f 2608 2607 2575
f 2608 2575 2574
f 2585 2534 2609
f 2609 2534 2570
f 2609 2570 2610
f 2610 2570 2611
f 2610 2611 2612
f 2612 2611 2613
f 2612 2613 2614
f 2614 2613 2615
f 2614 2615 2616
f 2616 2615 2601
f 2616 2601 2599
f 2570 2569 2611
f 2611 2569 2617
f 2611 2617 2613
f 2613 2617 2618
f 2613 2618 2615
f 2615 2618 2603
f 2615 2603 2601
f 2569 2573 2617
f 2617 2573 2619
f 2617 2619 2618
f 2618 2619 2605
f 2618 2605 2603
f 2619 2573 2607
f 2607 2573 2575
f 2574 2620 2608
f 2608 2620 2606
f 2606 2620 2604
f 2604 2620 2621
f 2604 2621 2602
f 2602 2621 2600
f 2621 2622 2600
f 2600 2622 2598
f 2622 2623 2598
f 2598 2623 2596
f 2596 2624 2594
f 2594 2624 2625
f 2594 2625 2592
f 2592 2625 2626
f 2592 2626 2590
f 2590 2626 2627
f 2590 2627 2588
f 2588 2627 2628
f 2588 2628 2586
f 2586 2628 2629
f 2586 2629 2584
f 2584 2629 2583
f 2630 2631 2624
f 2624 2631 2632
f 2624 2632 2625
f 2625 2632 2626
f 2633 2634 2630
f 2630 2634 2635
f 2630 2635 2636
f 2636 2635 2637
f 2636 2637 2638
f 2638 2637 2639
f 2638 2639 2640
f 2640 2639 2641
f 2640 2641 2628
f 2628 2641 2629
f 2634 2633 2642
f 2642 2633 2643
f 2642 2643 2644
f 2644 2643 2645
f 2644 2645 2646
f 2646 2645 2647
f 2646 2647 2648
f 2648 2647 2582
f 2648 2582 2583
f 2583 2629 2648
f 2648 2629 2641
f 2648 2641 2646
f 2646 2641 2639
f 2646 2639 2644
f 2644 2639 2637
f 2644 2637 2642
f 2642 2637 2635
f 2642 2635 2634
f 2631 2630 2636
f 2585 2609 2587
f 2587 2609 2649
f 2587 2649 2589
f 2589 2649 2650
f 2589 2650 2591
f 2591 2650 2651
f 2591 2651 2593
f 2593 2651 2652
f 2593 2652 2595
f 2595 2652 2597
f 2640 2628 2627
f 2638 2640 2653
f 2653 2640 2627
f 2653 2627 2626
f 2636 2638 2631
f 2631 2638 2653
f 2631 2653 2632
f 2632 2653 2626
f 2610 2612 2649
f 2649 2612 2650
f 2651 2650 2614
f 2614 2650 2612
f 2609 2610 2649
f 2652 2651 2616
f 2616 2651 2614
f 2607 2605 2619
f 2652 2616 2599
f 2599 2597 2652
f 2654 2655 2656
f 2656 2655 2657
f 2656 2657 2658
f 2658 2657 2659
f 2658 2659 2660
f 2660 2659 2661
f 2660 2661 2662
f 2662 2661 2663
f 2662 2663 2664
f 2664 2663 2665
f 2664 2665 2666
f 2666 2665 2667
f 2666 2667 2668
f 2668 2667 2669
f 2657 2670 2659
f 2659 2670 2671
f 2659 2671 2661
f 2661 2671 2672
f 2661 2672 2663
f 2663 2672 2673
f 2663 2673 2665
f 2665 2673 2674
f 2665 2674 2667
f 2670 2675 2671
f 2671 2675 2676
f 2671 2676 2672
f 2672 2676 2677
f 2672 2677 2673
f 2673 2677 2678
f 2673 2678 2674
f 2675 2679 2676
f 2676 2679 2680
f 2676 2680 2677
f 2677 2680 2681
f 2677 2681 2678
f 2679 2682 2680
f 2680 2682 2681
f 2682 2683 2681
f 2666 2668 2684
f 2684 2668 2685
f 2684 2685 2686
f 2686 2685 2687
f 2686 2687 2688
f 2688 2687 2689
f 2688 2689 2690
f 2690 2689 2691
f 2690 2691 2692
f 2692 2691 2654
f 2692 2654 2656
f 2685 2693 2687
f 2687 2693 2694
f 2687 2694 2689
f 2689 2694 2695
f 2689 2695 2691
f 2691 2695 2696
f 2691 2696 2654
f 2694 2693 2697
f 2697 2693 2698
f 2697 2698 2696
f 2692 2656 2699
f 2699 2656 2658
f 2699 2658 2660
f 2697 2696 2695
f 2694 2697 2695
f 2660 2700 2699
f 2699 2700 2690
f 2699 2690 2692
f 2690 2700 2688
f 2688 2700 2701
f 2688 2701 2686
f 2686 2701 2684
f 2701 2700 2662
f 2662 2700 2660
f 2684 2701 2664
f 2664 2701 2662
f 2666 2684 2664
f 2669 2667 2702
f 2702 2667 2703
f 2702 2703 2704
f 2704 2703 2705
f 2704 2705 2706
f 2706 2705 2707
f 2706 2707 2708
f 2708 2707 2709
f 2708 2709 2710
f 2710 2709 2711
f 2710 2711 2712
f 2712 2711 2713
f 2712 2713 2714
f 2714 2713 2715
f 2715 2713 2716
f 2716 2713 2717
f 2716 2717 2718
f 2718 2717 2719
f 2718 2719 2720
f 2720 2719 2721
f 2720 2721 2722
f 2722 2721 2723
f 2722 2723 2724
f 2724 2723 2725
f 2724 2725 2726
f 2726 2725 2683
f 2683 2725 2681
f 2681 2725 2727
f 2681 2727 2678
f 2678 2727 2728
f 2678 2728 2729
f 2729 2728 2730
f 2729 2730 2731
f 2731 2730 2732
f 2731 2732 2707
f 2707 2732 2709
f 2667 2674 2703
f 2703 2674 2733
f 2703 2733 2705
f 2705 2733 2731
f 2705 2731 2707
f 2733 2674 2729
f 2729 2674 2678
f 2712 2714 2734
f 2734 2714 2735
f 2734 2735 2736
f 2736 2735 2737
f 2736 2737 2738
f 2738 2737 2739
f 2738 2739 2740
f 2740 2739 2741
f 2740 2741 2742
f 2737 2735 2743
f 2743 2735 2744
f 2743 2744 2741
f 2702 2704 2742
f 2742 2704 2745
f 2742 2745 2740
f 2740 2745 2746
f 2740 2746 2738
f 2738 2746 2747
f 2738 2747 2736
f 2736 2747 2734
f 2746 2745 2706
f 2706 2745 2704
f 2743 2741 2739
f 2737 2743 2739
f 2729 2731 2733
f 2746 2706 2708
f 2746 2708 2747
f 2747 2708 2710
f 2747 2710 2734
f 2734 2710 2712
f 2730 2728 2748
f 2748 2728 2727
f 2748 2727 2723
f 2723 2727 2725
f 2732 2730 2749
f 2749 2730 2748
f 2749 2748 2721
f 2721 2748 2723
f 2709 2732 2750
f 2750 2732 2749
f 2750 2749 2719
f 2719 2749 2721
f 2709 2750 2711
f 2711 2750 2717
f 2711 2717 2713
f 2717 2750 2719
f 2751 2715 2752
f 2752 2715 2716
f 2752 2716 2753
f 2753 2716 2718
f 2753 2718 2754
f 2754 2718 2720
f 2754 2720 2755
f 2755 2720 2722
f 2755 2722 2756
f 2756 2722 2724
f 2756 2724 2757
f 2757 2724 2726
f 2757 2726 2758
f 2758 2726 2683
f 2758 2683 2759
f 2759 2760 2758
f 2758 2760 2761
f 2758 2761 2757
f 2757 2761 2762
f 2757 2762 2756
f 2756 2762 2763
f 2756 2763 2755
f 2755 2763 2764
f 2755 2764 2754
f 2754 2764 2765
f 2754 2765 2753
f 2753 2765 2766
f 2753 2766 2752
f 2752 2766 2767
f 2752 2767 2751
f 2751 2767 2768
f 2751 2768 2769
f 2769 2768 2770
f 2769 2770 2771
f 2771 2770 2772
f 2771 2772 2773
f 2773 2772 2774
f 2773 2774 2775
f 2775 2774 2776
f 2775 2776 2777
f 2777 2776 2778
f 2777 2778 2779
f 2779 2778 2780
f 2779 2780 2781
f 2781 2780 2764
f 2781 2764 2763
f 2761 2760 2782
f 2782 2760 2783
f 2782 2783 2784
f 2784 2783 2785
f 2784 2785 2786
f 2786 2785 2787
f 2786 2787 2779
f 2779 2787 2777
f 2783 2788 2785
f 2785 2788 2789
f 2785 2789 2790
f 2775 2777 2790
f 2790 2777 2787
f 2790 2787 2785
f 2773 2791 2771
f 2771 2791 2769
f 2768 2767 2792
f 2792 2767 2766
f 2792 2766 2793
f 2793 2766 2765
f 2793 2765 2780
f 2780 2765 2764
f 2770 2768 2794
f 2794 2768 2792
f 2794 2792 2795
f 2795 2792 2793
f 2795 2793 2778
f 2778 2793 2780
f 2774 2772 2794
f 2794 2772 2770
f 2774 2794 2795
f 2776 2774 2795
f 2776 2795 2778
f 2786 2779 2781
f 2781 2763 2796
f 2796 2763 2762
f 2796 2762 2782
f 2782 2762 2761
f 2784 2786 2796
f 2796 2786 2781
f 2784 2796 2782
f 2789 2788 2797
f 2797 2788 2798
f 2797 2798 2799
f 2799 2798 2800
f 2799 2800 2801
f 2801 2800 2802
f 2801 2802 2803
f 2803 2802 2804
f 2803 2804 2805
f 2805 2804 2806
f 2805 2806 2807
f 2807 2806 2808
f 2807 2808 2809
f 2809 2808 2810
f 2809 2810 2811
f 2811 2810 2812
f 2811 2812 2813
f 2813 2812 2814
f 2813 2814 2815
f 2815 2814 2816
f 2815 2816 2817
f 2817 2816 2818
f 2817 2818 2819
f 2819 2818 2759
f 2819 2759 2820
f 2820 2759 2683
f 2788 2783 2798
f 2798 2783 2821
f 2798 2821 2800
f 2800 2821 2822
f 2800 2822 2802
f 2802 2822 2823
f 2802 2823 2804
f 2804 2823 2824
f 2804 2824 2806
f 2806 2824 2808
f 2783 2760 2821
f 2821 2760 2825
f 2821 2825 2822
f 2822 2825 2826
f 2822 2826 2823
f 2823 2826 2827
f 2823 2827 2824
f 2824 2827 2828
f 2824 2828 2808
f 2808 2828 2810
f 2759 2829 2760
f 2760 2829 2830
f 2760 2830 2825
f 2825 2830 2826
f 2819 2820 2831
f 2831 2820 2832
f 2831 2832 2833
f 2833 2832 2834
f 2833 2834 2835
f 2835 2834 2836
f 2835 2836 2837
f 2837 2836 2838
f 2837 2838 2839
f 2839 2838 2840
f 2839 2840 2809
f 2805 2807 2841
f 2841 2807 2842
f 2841 2842 2843
f 2843 2842 2844
f 2843 2844 2845
f 2845 2844 2846
f 2845 2846 2847
f 2842 2848 2844
f 2844 2848 2846
f 2797 2799 2847
f 2847 2799 2849
f 2847 2849 2845
f 2845 2849 2850
f 2845 2850 2843
f 2843 2850 2841
f 2759 2818 2851
f 2851 2818 2816
f 2851 2816 2852
f 2852 2816 2814
f 2852 2814 2853
f 2853 2814 2812
f 2853 2812 2828
f 2828 2812 2810
f 2809 2811 2839
f 2839 2811 2813
f 2839 2813 2837
f 2837 2813 2815
f 2837 2815 2835
f 2835 2815 2817
f 2835 2817 2833
f 2833 2817 2819
f 2833 2819 2831
f 2850 2849 2801
f 2801 2849 2799
f 2841 2850 2803
f 2803 2850 2801
f 2826 2830 2854
f 2854 2830 2829
f 2854 2829 2852
f 2852 2829 2851
f 2841 2803 2805
f 2759 2851 2829
f 2852 2853 2854
f 2854 2853 2827
f 2854 2827 2826
f 2853 2828 2827
f 2855 2809 2856
f 2856 2809 2840
f 2856 2840 2838
f 2836 2857 2838
f 2838 2857 2858
f 2838 2858 2856
f 2856 2858 2859
f 2856 2859 2860
f 2860 2859 2861
f 2860 2861 2862
f 2862 2861 2863
f 2862 2863 2864
f 2864 2863 2865
f 2864 2865 2866
f 2857 2836 2867
f 2867 2836 2834
f 2867 2834 2868
f 2868 2834 2832
f 2868 2832 2869
f 2869 2832 2820
f 2869 2820 2870
f 2870 2820 2683
f 2870 2871 2869
f 2869 2871 2872
f 2869 2872 2868
f 2868 2872 2873
f 2868 2873 2867
f 2867 2873 2874
f 2867 2874 2857
f 2857 2874 2875
f 2857 2875 2858
f 2858 2875 2859
f 2871 2876 2872
f 2872 2876 2877
f 2872 2877 2873
f 2873 2877 2878
f 2873 2878 2874
f 2874 2878 2879
f 2874 2879 2875
f 2875 2879 2880
f 2875 2880 2859
f 2859 2880 2861
f 2876 2881 2877
f 2877 2881 2882
f 2877 2882 2878
f 2878 2882 2883
f 2878 2883 2879
f 2879 2883 2884
f 2879 2884 2880
f 2880 2884 2885
f 2880 2885 2861
f 2861 2885 2863
f 2881 2886 2882
f 2882 2886 2887
f 2882 2887 2888
f 2882 2888 2883
f 2883 2888 2889
f 2883 2889 2884
f 2884 2889 2890
f 2884 2890 2885
f 2885 2890 2865
f 2885 2865 2863
f 2866 2891 2864
f 2864 2891 2862
f 2862 2891 2860
f 2860 2891 2855
f 2860 2855 2856
f 2892 2887 2893
f 2893 2887 2886
f 2893 2886 2881
f 2876 2894 2881
f 2881 2894 2895
f 2881 2895 2893
f 2893 2895 2896
f 2893 2896 2897
f 2897 2896 2898
f 2897 2898 2899
f 2899 2898 2900
f 2899 2900 2901
f 2901 2900 2902
f 2901 2902 2903
f 2903 2902 2904
f 2903 2904 2905
f 2905 2904 2906
f 2905 2906 2907
f 2876 2871 2894
f 2894 2871 2908
f 2894 2908 2909
f 2909 2908 2910
f 2909 2910 2911
f 2911 2910 2912
f 2911 2912 2913
f 2913 2912 2914
f 2913 2914 2915
f 2871 2870 2908
f 2908 2870 2916
f 2908 2916 2910
f 2910 2916 2917
f 2910 2917 2912
f 2912 2917 2918
f 2912 2918 2914
f 2916 2870 2919
f 2919 2870 2683
f 2919 2683 2920
f 2919 2920 2917
f 2917 2920 2918
f 2913 2915 2921
f 2921 2915 2922
f 2921 2922 2923
f 2923 2922 2924
f 2923 2924 2925
f 2906 2926 2925
f 2925 2926 2927
f 2925 2927 2928
f 2928 2927 2929
f 2928 2929 2930
f 2930 2929 2931
f 2930 2931 2932
f 2932 2931 2933
f 2932 2933 2911
f 2911 2933 2909
f 2907 2934 2905
f 2905 2934 2903
f 2934 2935 2903
f 2903 2935 2901
f 2901 2935 2899
f 2899 2935 2892
f 2899 2892 2897
f 2897 2892 2893
f 2925 2928 2923
f 2923 2928 2930
f 2923 2930 2921
f 2921 2930 2932
f 2921 2932 2913
f 2913 2932 2911
f 2926 2906 2904
f 2896 2895 2936
f 2936 2895 2894
f 2936 2894 2909
f 2898 2896 2937
f 2937 2896 2936
f 2937 2936 2933
f 2933 2936 2909
f 2900 2898 2938
f 2938 2898 2937
f 2938 2937 2931
f 2931 2937 2933
f 2902 2900 2939
f 2939 2900 2938
f 2939 2938 2929
f 2929 2938 2931
f 2904 2902 2926
f 2926 2902 2939
f 2926 2939 2927
f 2927 2939 2929
f 2919 2917 2916
f 2922 2940 2924
f 2924 2940 2941
f 2924 2941 2942
f 2942 2941 2943
f 2942 2943 2944
f 2944 2943 2945
f 2944 2945 2946
f 2946 2945 2947
f 2946 2947 2948
f 2948 2947 2949
f 2948 2949 2950
f 2950 2949 2951
f 2950 2951 2952
f 2940 2922 2953
f 2953 2922 2915
f 2953 2915 2954
f 2954 2915 2914
f 2954 2914 2955
f 2955 2914 2918
f 2955 2918 2956
f 2956 2918 2920
f 2956 2920 2957
f 2957 2920 2683
f 2957 2958 2956
f 2956 2958 2959
f 2956 2959 2955
f 2955 2959 2960
f 2955 2960 2954
f 2954 2960 2961
f 2954 2961 2953
f 2953 2961 2962
f 2953 2962 2940
f 2940 2962 2941
f 2959 2958 2963
f 2963 2958 2964
f 2963 2964 2965
f 2965 2964 2966
f 2965 2966 2967
f 2967 2966 2968
f 2967 2968 2969
f 2967 2969 2949
f 2949 2969 2951
f 2952 2970 2950
f 2950 2970 2971
f 2950 2971 2948
f 2948 2971 2972
f 2948 2972 2946
f 2946 2972 2973
f 2946 2973 2944
f 2944 2973 2974
f 2944 2974 2942
f 2942 2974 2924
f 2971 2970 2975
f 2975 2970 2976
f 2975 2976 2977
f 2977 2976 2978
f 2977 2978 2979
f 2979 2978 2980
f 2979 2980 2981
f 2976 2982 2978
f 2978 2982 2980
f 2979 2981 2983
f 2983 2981 2924
f 2983 2924 2974
f 2943 2941 2962
f 2974 2973 2983
f 2983 2973 2984
f 2983 2984 2979
f 2979 2984 2977
f 2943 2962 2985
f 2985 2962 2961
f 2985 2961 2986
f 2986 2961 2960
f 2986 2960 2963
f 2963 2960 2959
f 2975 2977 2984
f 2975 2984 2972
f 2972 2984 2973
f 2943 2985 2945
f 2945 2985 2987
f 2945 2987 2947
f 2947 2987 2967
f 2947 2967 2949
f 2987 2985 2986
f 2971 2975 2972
f 2963 2965 2986
f 2986 2965 2987
f 2965 2967 2987
f 2988 2989 2990
f 2990 2989 2991
f 2990 2991 2992
f 2992 2991 2993
f 2992 2993 2994
f 2994 2993 2995
f 2994 2995 2996
f 2996 2995 2997
f 2996 2997 2998
f 2998 2999 2996
f 2996 2999 3000
f 2996 3000 3001
f 3001 3000 3002
f 3001 3002 3003
f 3003 3002 3004
f 3003 3004 3005
f 3005 3004 3006
f 3005 3006 3007
f 2999 3008 3000
f 3000 3008 3009
f 3000 3009 3002
f 3002 3009 3010
f 3002 3010 3004
f 3008 3011 3009
f 3009 3011 3010
f 3005 3007 3012
f 3012 3007 2988
f 3012 2988 2990
f 2996 3001 2994
f 2994 3001 3013
f 2994 3013 2992
f 2992 3013 3012
f 2992 3012 2990
f 3005 3012 3013
f 3005 3013 3003
f 3003 3013 3001
f 3014 2997 3015
f 3015 2997 2995
f 3015 2995 3016
f 3016 2995 2993
f 3016 2993 3017
f 3017 2993 2991
f 3017 2991 3018
f 3018 2991 2989
f 3018 2989 3019
f 3020 3021 3019
f 3019 3021 3022
f 3019 3022 3018
f 3018 3022 3017
f 3023 3024 3020
f 3020 3024 3025
f 3020 3025 3021
f 3021 3025 3026
f 3021 3026 3027
f 3027 3026 3028
f 3027 3028 3016
f 3016 3028 3015
f 3023 3029 3024
f 3024 3029 3030
f 3024 3030 3031
f 3031 3030 3032
f 3031 3032 3033
f 3033 3032 3034
f 3033 3034 3035
f 3035 3034 3014
f 3035 3014 3015
f 3030 3029 3036
f 3036 3029 3037
f 3036 3037 3038
f 3038 3037 3039
f 3038 3039 3040
f 3038 3040 3041
f 3041 3040 3042
f 3041 3042 3034
f 3034 3042 3014
f 3033 3035 3028
f 3028 3035 3015
f 3036 3038 3041
f 3036 3041 3032
f 3032 3041 3034
f 3031 3033 3026
f 3026 3033 3028
f 3030 3036 3032
f 3016 3017 3027
f 3027 3017 3022
f 3027 3022 3021
f 3024 3031 3025
f 3025 3031 3026
f 3043 2997 3044
f 3044 2997 3014
f 3044 3014 3042
f 3044 3042 3045
f 3045 3042 3040
f 3045 3040 3046
f 3046 3040 3039
f 3046 3039 3047
f 3046 3047 3048
f 3048 3047 3049
f 3048 3049 3050
f 3050 3049 3051
f 3050 3051 3052
f 3052 3051 3053
f 3052 3053 3054
f 3054 3053 3055
f 3054 3055 3056
f 3056 3055 3057
f 3057 3055 3058
f 3058 3055 3053
f 3058 3053 3059
f 3059 3053 3051
f 3059 3051 3060
f 3060 3051 3049
f 3056 3061 3054
f 3054 3061 3062
f 3054 3062 3052
f 3052 3062 3063
f 3052 3063 3050
f 3050 3063 3048
f 3061 3043 3062
f 3062 3043 3044
f 3062 3044 3063
f 3063 3044 3045
f 3063 3045 3048
f 3048 3045 3046
f 3064 2997 3065
f 3065 2997 3043
f 3065 3043 3061
f 3065 3061 3066
f 3066 3061 3056
f 3066 3056 3067
f 3067 3056 3057
f 3067 3057 3068
f 3067 3068 3069
f 3069 3068 3070
f 3069 3070 3071
f 3071 3070 3072
f 3071 3072 3073
f 3071 3073 3074
f 3074 3073 3075
f 3074 3075 3076
f 3076 3075 3077
f 3076 3077 3078
f 3076 3078 3079
f 3079 3078 3080
f 3079 3080 3065
f 3065 3080 3064
f 3074 3076 3079
f 3079 3065 3081
f 3081 3065 3066
f 3081 3066 3069
f 3069 3066 3067
f 3071 3074 3081
f 3081 3074 3079
f 3071 3081 3069
f 3082 2997 3083
f 3083 2997 3064
f 3083 3064 3080
f 3083 3080 3084
f 3084 3080 3078
f 3084 3078 3085
f 3085 3078 3077
f 3085 3077 3086
f 3085 3086 3087
f 3087 3086 3088
f 3087 3088 3089
f 3089 3088 3090
f 3089 3090 3091
f 3091 3090 3092
f 3091 3092 3093
f 3093 3092 3094
f 3093 3094 3095
f 3095 3094 3096
f 3096 3094 3097
f 3097 3094 3092
f 3097 3092 3098
f 3098 3092 3090
f 3098 3090 3099
f 3099 3090 3088
f 3095 3100 3093
f 3093 3100 3101
f 3093 3101 3091
f 3091 3101 3102
f 3091 3102 3089
f 3089 3102 3087
f 3100 3082 3101
f 3101 3082 3083
f 3101 3083 3102
f 3102 3083 3084
f 3102 3084 3087
f 3087 3084 3085
f 3103 3104 3105
f 3105 3104 3106
f 3105 3106 3107
f 3107 3106 3108
f 3107 3108 3109
f 3109 3108 3110
f 3109 3110 3111
f 3111 3110 3112
f 3111 3112 3113
f 3113 3112 3114
f 3113 3114 3115
f 3115 3114 3116
f 3115 3116 3117
f 3117 3116 3118
f 3117 3118 3119
f 3119 3118 3120
f 3120 3118 3121
f 3121 3118 3122
f 3122 3118 3116
f 3122 3116 3123
f 3123 3116 3114
f 3123 3114 3112
f 3108 3124 3110
f 3110 3124 3125
f 3110 3125 3126
f 3110 3126 3112
f 3112 3126 3123
f 3117 3119 3127
f 3127 3119 3128
f 3127 3128 3129
f 3103 3130 3129
f 3129 3130 3131
f 3129 3131 3127
f 3127 3131 3115
f 3127 3115 3117
f 3130 3103 3105
f 3105 3107 3109
f 3105 3109 3111
f 3130 3105 3111
f 3130 3111 3113
f 3130 3113 3131
f 3131 3113 3115
f 3125 3124 3132
f 3132 3124 3133
f 3132 3133 3134
f 3134 3133 3135
f 3134 3135 3136
f 3136 3135 3137
f 3136 3137 3138
f 3138 3137 3139
f 3138 3139 3140
f 3140 3139 3141
f 3140 3141 3142
f 3142 3141 3143
f 3143 3141 3144
f 3144 3141 3145
f 3144 3145 3146
f 3146 3145 3147
f 3146 3147 3148
f 3148 3147 3149
f 3148 3149 3150
f 3150 3149 3151
f 3150 3151 3108
f 3108 3151 3133
f 3108 3133 3124
f 3150 3108 3152
f 3152 3108 3106
f 3152 3106 3153
f 3153 3106 3104
f 3153 3104 3154
f 3144 3146 3154
f 3154 3146 3155
f 3154 3155 3153
f 3153 3155 3152
f 3140 3142 3156
f 3156 3142 3157
f 3156 3157 3158
f 3158 3157 3159
f 3158 3159 3160
f 3160 3159 3161
f 3160 3161 3162
f 3157 3163 3159
f 3159 3163 3161
f 3160 3162 3164
f 3164 3162 3132
f 3164 3132 3134
f 3135 3133 3151
f 3134 3136 3164
f 3164 3136 3165
f 3164 3165 3160
f 3160 3165 3158
f 3150 3152 3148
f 3148 3152 3155
f 3148 3155 3146
f 3149 3147 3137
f 3137 3147 3139
f 3141 3139 3145
f 3145 3139 3147
f 3140 3156 3138
f 3138 3156 3165
f 3138 3165 3136
f 3158 3165 3156
f 3151 3149 3135
f 3135 3149 3137
f 3125 3132 3166
f 3166 3132 3167
f 3166 3167 3168
f 3168 3167 3169
f 3168 3169 3170
f 3170 3169 3171
f 3170 3171 3172
f 3172 3171 3173
f 3172 3173 3174
f 3174 3173 3175
f 3174 3175 3176
f 3176 3175 3177
f 3177 3175 3178
f 3177 3178 3179
f 3179 3178 3180
f 3179 3180 3181
f 3181 3180 3182
f 3181 3182 3162
f 3162 3182 3132
f 3132 3182 3167
f 3162 3161 3181
f 3181 3161 3183
f 3181 3183 3179
f 3179 3183 3184
f 3179 3184 3177
f 3161 3163 3183
f 3183 3163 3184
f 3174 3185 3172
f 3172 3185 3186
f 3172 3186 3170
f 3170 3186 3187
f 3170 3187 3168
f 3185 3188 3186
f 3186 3188 3187
f 3169 3167 3189
f 3189 3167 3182
f 3189 3182 3180
f 3169 3189 3171
f 3171 3189 3190
f 3171 3190 3173
f 3173 3190 3175
f 3190 3189 3180
f 3175 3190 3178
f 3178 3190 3180
f 3125 3166 3191
f 3191 3166 3192
f 3191 3192 3193
f 3193 3192 3194
f 3193 3194 3195
f 3195 3194 3196
f 3195 3196 3197
f 3197 3196 3198
f 3197 3198 3199
f 3199 3198 3200
f 3200 3198 3201
f 3200 3201 3202
f 3202 3201 3203
f 3203 3201 3204
f 3203 3204 3205
f 3205 3204 3206
f 3205 3206 3207
f 3207 3206 3208
f 3207 3208 3168
f 3168 3208 3209
f 3168 3209 3192
f 3192 3209 3194
f 3166 3168 3192
f 3168 3187 3207
f 3207 3187 3210
f 3207 3210 3205
f 3205 3210 3211
f 3205 3211 3203
f 3187 3188 3210
f 3210 3188 3211
f 3199 3212 3197
f 3197 3212 3213
f 3197 3213 3195
f 3195 3213 3214
f 3195 3214 3193
f 3193 3214 3215
f 3193 3215 3191
f 3216 3217 3212
f 3212 3217 3218
f 3212 3218 3213
f 3213 3218 3214
f 3218 3217 3214
f 3214 3217 3215
f 3206 3219 3220
f 3220 3219 3196
f 3220 3196 3194
f 3201 3198 3219
f 3219 3198 3196
f 3201 3219 3204
f 3204 3219 3206
f 3209 3208 3220
f 3220 3208 3206
f 3209 3220 3194
f 3221 3125 3222
f 3222 3125 3191
f 3222 3191 3223
f 3223 3191 3215
f 3223 3215 3224
f 3224 3215 3225
f 3224 3225 3226
f 3226 3225 3227
f 3226 3227 3228
f 3228 3227 3229
f 3228 3229 3230
f 3215 3217 3225
f 3225 3217 3231
f 3225 3231 3227
f 3227 3231 3232
f 3227 3232 3229
f 3216 3232 3217
f 3217 3232 3231
f 3230 3233 3228
f 3228 3233 3234
f 3228 3234 3235
f 3235 3234 3236
f 3235 3236 3237
f 3237 3236 3238
f 3237 3238 3223
f 3223 3238 3222
f 3234 3239 3236
f 3236 3239 3240
f 3236 3240 3238
f 3238 3240 3241
f 3238 3241 3222
f 3222 3241 3242
f 3222 3242 3221
f 3239 3243 3240
f 3240 3243 3244
f 3240 3244 3245
f 3245 3244 3242
f 3245 3242 3241
f 3241 3240 3245
f 3237 3223 3224
f 3226 3228 3235
f 3237 3224 3226
f 3226 3235 3237
f 3246 3247 3248
f 3248 3247 3249
f 3248 3249 3250
f 3248 3250 3251
f 3251 3250 3252
f 3251 3252 3253
f 3253 3252 3254
f 3253 3255 3251
f 3251 3255 3256
f 3251 3256 3257
f 3257 3256 3258
f 3257 3258 3259
f 3259 3258 3260
f 3260 3258 3261
f 3261 3258 3256
f 3261 3256 3255
f 3257 3246 3251
f 3251 3246 3248
f 3254 3252 3262
f 3262 3252 3263
f 3262 3263 3264
f 3264 3263 3265
f 3264 3265 3266
f 3266 3265 3267
f 3266 3267 3268
f 3268 3267 3269
f 3268 3269 3270
f 3252 3250 3263
f 3263 3250 3249
f 3263 3249 3271
f 3271 3249 3247
f 3271 3247 3272
f 3272 3247 3273
f 3272 3273 3274
f 3274 3273 3267
f 3274 3267 3265
f 3273 3269 3267
f 3268 3270 3275
f 3275 3270 3276
f 3275 3276 3277
f 3277 3276 3278
f 3275 3277 3279
f 3279 3277 3280
f 3279 3280 3281
f 3281 3280 3282
f 3281 3282 3283
f 3283 3282 3284
f 3281 3283 3285
f 3285 3283 3286
f 3285 3286 3287
f 3287 3286 3262
f 3287 3262 3264
f 3264 3266 3287
f 3287 3266 3288
f 3287 3288 3285
f 3285 3288 3279
f 3285 3279 3281
f 3274 3265 3271
f 3271 3265 3263
f 3272 3274 3271
f 3275 3279 3288
f 3275 3288 3268
f 3268 3288 3266
f 3289 3254 3290
f 3290 3254 3262
f 3290 3262 3291
f 3291 3262 3286
f 3291 3286 3292
f 3292 3286 3283
f 3292 3283 3293
f 3293 3283 3284
f 3293 3284 3294
f 3294 3284 3295
f 3294 3295 3296
f 3296 3295 3297
f 3296 3297 3298
f 3298 3297 3299
f 3298 3299 3300
f 3301 3302 3300
f 3300 3302 3303
f 3300 3303 3298
f 3298 3303 3304
f 3298 3304 3296
f 3296 3304 3305
f 3296 3305 3294
f 3294 3305 3292
f 3294 3292 3293
f 3302 3301 3306
f 3306 3301 3307
f 3306 3307 3308
f 3306 3308 3309
f 3309 3308 3310
f 3309 3310 3311
f 3311 3310 3289
f 3311 3289 3290
f 3311 3290 3312
f 3312 3290 3291
f 3312 3291 3305
f 3305 3291 3292
f 3302 3306 3309
f 3309 3311 3313
f 3313 3311 3312
f 3313 3312 3304
f 3304 3312 3305
f 3303 3302 3313
f 3313 3302 3309
f 3303 3313 3304
f 3254 3289 3314
f 3314 3289 3315
f 3314 3315 3316
f 3316 3315 3317
f 3316 3317 3318
f 3318 3317 3319
f 3318 3319 3320
f 3320 3319 3321
f 3321 3319 3322
f 3321 3322 3323
f 3323 3322 3324
f 3323 3324 3325
f 3325 3324 3326
f 3325 3326 3327
f 3327 3326 3308
f 3327 3308 3307
f 3289 3310 3315
f 3315 3310 3326
f 3315 3326 3324
f 3310 3308 3326
f 3307 3328 3327
f 3327 3328 3325
f 3328 3329 3325
f 3325 3329 3323
f 3329 3330 3323
f 3323 3330 3321
f 3320 3331 3318
f 3322 3319 3317
f 3322 3317 3324
f 3324 3317 3315
f 3332 3254 3333
f 3333 3254 3314
f 3333 3314 3334
f 3334 3314 3335
f 3334 3335 3336
f 3336 3335 3337
f 3336 3337 3338
f 3338 3337 3339
f 3338 3339 3340
f 3340 3339 3341
f 3340 3341 3342
f 3342 3341 3343
f 3343 3341 3344
f 3344 3341 3345
f 3344 3345 3346
f 3346 3345 3347
f 3346 3347 3348
f 3348 3347 3349
f 3348 3349 3316
f 3316 3349 3335
f 3316 3335 3314
f 3316 3318 3348
f 3348 3318 3350
f 3348 3350 3346
f 3346 3350 3351
f 3346 3351 3344
f 3318 3331 3350
f 3350 3331 3351
f 3340 3342 3352
f 3352 3342 3353
f 3352 3353 3354
f 3354 3353 3355
f 3354 3355 3356
f 3356 3355 3357
f 3356 3357 3358
f 3358 3357 3359
f 3358 3359 3332
f 3353 3360 3355
f 3355 3360 3361
f 3355 3361 3357
f 3357 3361 3362
f 3357 3362 3359
f 3360 3362 3361
f 3358 3332 3333
f 3337 3335 3349
f 3358 3333 3363
f 3363 3333 3334
f 3363 3334 3336
f 3336 3364 3363
f 3363 3364 3356
f 3363 3356 3358
f 3352 3354 3364
f 3364 3354 3356
f 3352 3364 3338
f 3338 3364 3336
f 3337 3349 3347
f 3337 3347 3339
f 3339 3347 3345
f 3339 3345 3341
f 3352 3338 3340
f 3365 3366 3367
f 3367 3366 3368
f 3367 3368 3369
f 3369 3368 3370
f 3369 3370 3371
f 3371 3370 3372
f 3371 3372 3373
f 3373 3372 3374
f 3373 3374 3375
f 3375 3374 3376
f 3375 3376 3377
f 3377 3376 3378
f 3377 3378 3379
f 3379 3378 3380
f 3379 3380 3381
f 3381 3380 3382
f 3381 3382 3383
f 3383 3382 3384
f 3383 3384 3385
f 3366 3365 3386
f 3386 3365 3387
f 3386 3387 3388
f 3388 3387 3389
f 3388 3389 3390
f 3391 3392 3390
f 3390 3392 3393
f 3390 3393 3388
f 3388 3393 3394
f 3388 3394 3395
f 3395 3394 3372
f 3395 3372 3370
f 3391 3396 3392
f 3392 3396 3397
f 3392 3397 3398
f 3398 3397 3376
f 3398 3376 3374
f 3396 3399 3397
f 3397 3399 3378
f 3397 3378 3376
f 3399 3380 3378
f 3400 3401 3385
f 3385 3401 3402
f 3385 3402 3383
f 3383 3402 3381
f 3403 3404 3400
f 3400 3404 3405
f 3400 3405 3401
f 3401 3405 3406
f 3401 3406 3407
f 3407 3406 3377
f 3407 3377 3379
f 3403 3408 3404
f 3404 3408 3409
f 3404 3409 3410
f 3410 3409 3373
f 3410 3373 3375
f 3409 3408 3371
f 3371 3408 3369
f 3394 3393 3398
f 3398 3393 3392
f 3368 3366 3386
f 3368 3386 3395
f 3395 3386 3388
f 3372 3394 3374
f 3374 3394 3398
f 3370 3368 3395
f 3379 3381 3407
f 3407 3381 3402
f 3407 3402 3401
f 3375 3377 3406
f 3375 3406 3410
f 3410 3406 3405
f 3410 3405 3404
f 3371 3373 3409
f 3411 3412 3413
f 3413 3412 3414
f 3413 3414 3415
f 3413 3415 3416
f 3416 3415 3417
f 3416 3417 3418
f 3418 3417 3419
f 3418 3419 3420
f 3420 3419 3421
f 3420 3421 3422
f 3422 3421 3423
f 3422 3423 3424
f 3424 3423 3425
f 3424 3425 3426
f 3426 3425 3427
f 3426 3427 3428
f 3428 3427 3429
f 3429 3427 3430
f 3429 3430 3431
f 3431 3430 3432
f 3431 3432 3433
f 3433 3432 3434
f 3433 3434 3435
f 3435 3434 3423
f 3435 3423 3421
f 3417 3436 3419
f 3419 3436 3437
f 3419 3437 3421
f 3421 3437 3435
f 3436 3438 3437
f 3437 3438 3439
f 3437 3439 3433
f 3433 3440 3431
f 3431 3440 3429
f 3426 3428 3441
f 3441 3428 3442
f 3441 3442 3443
f 3443 3442 3444
f 3443 3444 3445
f 3411 3446 3445
f 3445 3446 3447
f 3445 3447 3443
f 3443 3447 3448
f 3443 3448 3441
f 3441 3448 3424
f 3441 3424 3426
f 3411 3449 3446
f 3446 3449 3450
f 3446 3450 3451
f 3451 3450 3420
f 3451 3420 3422
f 3437 3433 3435
f 3420 3450 3418
f 3418 3450 3416
f 3449 3411 3413
f 3450 3449 3416
f 3416 3449 3413
f 3423 3434 3425
f 3425 3434 3432
f 3425 3432 3427
f 3427 3432 3430
f 3451 3422 3448
f 3448 3422 3424
f 3446 3451 3447
f 3447 3451 3448
f 3438 3452 3439
f 3439 3452 3453
f 3439 3453 3396
f 3396 3453 3399
f 3399 3453 3454
f 3399 3454 3455
f 3455 3454 3456
f 3455 3456 3457
f 3457 3456 3458
f 3457 3458 3459
f 3459 3458 3460
f 3459 3460 3461
f 3461 3460 3462
f 3461 3462 3463
f 3463 3462 3464
f 3463 3464 3465
f 3465 3464 3466
f 3465 3466 3467
f 3467 3466 3468
f 3467 3468 3469
f 3469 3468 3470
f 3469 3470 3471
f 3471 3470 3472
f 3471 3472 3473
f 3473 3472 3415
f 3473 3415 3414
f 3452 3438 3474
f 3474 3438 3436
f 3474 3436 3475
f 3475 3436 3417
f 3475 3417 3476
f 3476 3417 3415
f 3476 3415 3472
f 3414 3412 3473
f 3473 3412 3477
f 3473 3477 3471
f 3471 3477 3469
f 3477 3478 3469
f 3469 3478 3467
f 3467 3478 3465
f 3465 3478 3479
f 3465 3479 3463
f 3459 3461 3480
f 3480 3461 3384
f 3480 3384 3481
f 3481 3384 3382
f 3481 3382 3482
f 3482 3382 3380
f 3482 3380 3455
f 3455 3380 3399
f 3454 3453 3483
f 3483 3453 3452
f 3483 3452 3484
f 3484 3452 3474
f 3484 3474 3485
f 3485 3474 3475
f 3485 3475 3486
f 3486 3475 3476
f 3486 3476 3470
f 3470 3476 3472
f 3454 3483 3456
f 3456 3483 3487
f 3456 3487 3458
f 3458 3487 3488
f 3458 3488 3460
f 3460 3488 3462
f 3487 3483 3484
f 3482 3455 3457
f 3481 3482 3480
f 3480 3482 3457
f 3480 3457 3459
f 3487 3484 3489
f 3489 3484 3485
f 3489 3485 3490
f 3490 3485 3486
f 3490 3486 3468
f 3468 3486 3470
f 3487 3489 3488
f 3488 3489 3491
f 3488 3491 3462
f 3462 3491 3464
f 3491 3489 3490
f 3468 3466 3490
f 3490 3466 3491
f 3466 3464 3491
f 3492 3493 3494
f 3494 3493 3495
f 3494 3495 3496
f 3496 3495 3497
f 3496 3497 3498
f 3498 3497 3499
f 3498 3499 3500
f 3500 3499 3501
f 3500 3501 3502
f 3502 3501 3503
f 3502 3503 3504
f 3504 3503 3505
f 3504 3505 3506
f 3506 3505 3507
f 3506 3507 3508
f 3508 3507 3509
f 3508 3509 3510
f 3510 3509 3497
f 3497 3509 3507
f 3497 3507 3511
f 3511 3507 3505
f 3511 3505 3503
f 3512 3513 3510
f 3510 3513 3514
f 3510 3514 3508
f 3508 3514 3515
f 3508 3515 3506
f 3506 3515 3516
f 3506 3516 3504
f 3504 3516 3517
f 3504 3517 3502
f 3502 3517 3518
f 3518 3517 3516
f 3518 3516 3519
f 3519 3516 3515
f 3519 3515 3514
f 3512 3519 3513
f 3513 3519 3514
f 3502 3520 3500
f 3500 3520 3521
f 3500 3521 3498
f 3498 3521 3496
f 3492 3522 3520
f 3520 3522 3523
f 3520 3523 3524
f 3524 3523 3496
f 3524 3496 3521
f 3521 3520 3524
f 3492 3494 3522
f 3522 3494 3496
f 3522 3496 3523
f 3497 3511 3499
f 3499 3511 3501
f 3501 3511 3503
f 3525 3526 3527
f 3527 3526 3528
f 3527 3528 3529
f 3529 3528 3530
f 3529 3530 3531
f 3531 3530 3532
f 3531 3532 3533
f 3533 3532 3534
f 3533 3534 3535
f 3535 3536 3533
f 3533 3536 3537
f 3533 3537 3538
f 3538 3537 3539
f 3538 3539 3540
f 3540 3539 3541
f 3540 3541 3542
f 3542 3541 3543
f 3542 3543 3544
f 3536 3545 3537
f 3537 3545 3546
f 3537 3546 3539
f 3539 3546 3547
f 3539 3547 3541
f 3545 3548 3546
f 3546 3548 3547
f 3542 3544 3549
f 3549 3544 3525
f 3549 3525 3527
f 3533 3538 3531
f 3531 3538 3550
f 3531 3550 3529
f 3529 3550 3549
f 3529 3549 3527
f 3542 3549 3550
f 3542 3550 3540
f 3540 3550 3538
f 3551 3534 3552
f 3552 3534 3532
f 3552 3532 3553
f 3553 3532 3530
f 3553 3530 3554
f 3554 3530 3528
f 3554 3528 3555
f 3555 3528 3526
f 3555 3526 3556
f 3555 3556 3557
f 3557 3556 3558
f 3557 3558 3559
f 3559 3558 3560
f 3559 3560 3561
f 3562 3563 3561
f 3561 3563 3564
f 3561 3564 3559
f 3559 3564 3565
f 3559 3565 3557
f 3557 3565 3554
f 3557 3554 3555
f 3563 3562 3566
f 3566 3562 3567
f 3566 3567 3568
f 3566 3568 3569
f 3569 3568 3570
f 3569 3570 3552
f 3552 3570 3551
f 3563 3566 3569
f 3569 3552 3571
f 3571 3552 3553
f 3571 3553 3565
f 3565 3553 3554
f 3564 3563 3571
f 3571 3563 3569
f 3564 3571 3565
f 3551 3572 3534
f 3534 3572 3573
f 3534 3573 3574
f 3574 3573 3575
f 3575 3573 3576
f 3575 3576 3577
f 3577 3576 3578
f 3577 3578 3579
f 3579 3578 3580
f 3580 3578 3581
f 3580 3581 3582
f 3582 3581 3583
f 3582 3583 3584
f 3584 3583 3585
f 3585 3583 3586
f 3585 3586 3587
f 3587 3586 3588
f 3587 3588 3589
f 3589 3588 3572
f 3589 3572 3570
f 3570 3572 3551
f 3570 3568 3589
f 3589 3568 3590
f 3589 3590 3587
f 3587 3590 3591
f 3587 3591 3585
f 3568 3567 3590
f 3590 3567 3591
f 3572 3588 3573
f 3573 3588 3592
f 3573 3592 3576
f 3576 3592 3581
f 3576 3581 3578
f 3583 3581 3592
f 3583 3592 3586
f 3586 3592 3588
f 3593 3534 3594
f 3594 3534 3574
f 3594 3574 3575
f 3594 3575 3595
f 3595 3575 3577
f 3595 3577 3596
f 3596 3577 3579
f 3596 3579 3597
f 3596 3597 3598
f 3598 3597 3599
f 3598 3599 3600
f 3600 3599 3601
f 3600 3601 3602
f 3600 3602 3603
f 3603 3602 3604
f 3603 3604 3605
f 3605 3604 3606
f 3605 3606 3607
f 3605 3607 3608
f 3608 3607 3609
f 3608 3609 3594
f 3594 3609 3593
f 3603 3605 3608
f 3608 3594 3610
f 3610 3594 3595
f 3610 3595 3598
f 3598 3595 3596
f 3600 3603 3610
f 3610 3603 3608
f 3600 3610 3598
f 3593 3611 3534
f 3534 3611 3612
f 3534 3612 3613
f 3613 3612 3614
f 3613 3614 3615
f 3615 3614 3616
f 3615 3616 3617
f 3617 3616 3618
f 3617 3618 3619
f 3619 3618 3620
f 3620 3618 3621
f 3620 3621 3622
f 3622 3621 3623
f 3622 3623 3624
f 3624 3623 3625
f 3625 3623 3626
f 3625 3626 3627
f 3627 3626 3628
f 3627 3628 3629
f 3629 3628 3630
f 3629 3630 3631
f 3631 3630 3609
f 3631 3609 3607
f 3611 3593 3612
f 3612 3593 3609
f 3612 3609 3630
f 3631 3607 3632
f 3632 3607 3606
f 3632 3606 3629
f 3629 3606 3627
f 3614 3612 3633
f 3633 3612 3630
f 3633 3630 3628
f 3621 3618 3616
f 3616 3614 3634
f 3634 3614 3633
f 3634 3633 3626
f 3626 3633 3628
f 3632 3629 3631
f 3623 3621 3634
f 3634 3621 3616
f 3623 3634 3626
f 3635 3636 3637
f 3637 3636 3638
f 3637 3638 3639
f 3639 3638 3640
f 3639 3640 3641
f 3641 3640 3642
f 3641 3642 3643
f 3643 3642 3644
f 3643 3644 3645
f 3645 3644 3646
f 3645 3646 3647
f 3647 3646 3648
f 3647 3648 3649
f 3649 3648 3650
f 3650 3648 3651
f 3651 3648 3652
f 3651 3652 3653
f 3653 3652 3654
f 3653 3654 3655
f 3655 3654 3656
f 3655 3656 3657
f 3657 3656 3658
f 3658 3656 3640
f 3658 3640 3638
f 3657 3659 3655
f 3647 3660 3645
f 3645 3660 3661
f 3645 3661 3643
f 3643 3661 3662
f 3643 3662 3641
f 3641 3662 3663
f 3641 3663 3639
f 3639 3663 3637
f 3660 3664 3661
f 3661 3664 3662
f 3662 3664 3663
f 3663 3664 3635
f 3663 3635 3637
f 3642 3640 3656
f 3644 3642 3654
f 3654 3642 3656
f 3646 3644 3652
f 3652 3644 3654
f 3648 3646 3652
f 3665 3659 3666
f 3666 3659 3657
f 3666 3657 3658
f 3666 3658 3667
f 3667 3658 3638
f 3667 3638 3668
f 3668 3638 3636
f 3668 3636 3669
f 3668 3669 3670
f 3670 3669 3671
f 3670 3671 3672
f 3672 3671 3673
f 3672 3673 3674
f 3674 3673 3675
f 3674 3675 3676
f 3676 3675 3677
f 3676 3677 3678
f 3678 3677 3679
f 3679 3677 3680
f 3680 3677 3675
f 3680 3675 3681
f 3681 3675 3673
f 3681 3673 3682
f 3682 3673 3671
f 3678 3683 3676
f 3676 3683 3684
f 3676 3684 3674
f 3674 3684 3685
f 3674 3685 3672
f 3672 3685 3670
f 3683 3665 3684
f 3684 3665 3666
f 3684 3666 3685
f 3685 3666 3667
f 3685 3667 3670
f 3670 3667 3668
f 3659 3665 3686
f 3686 3665 3687
f 3686 3687 3688
f 3688 3687 3689
f 3688 3689 3690
f 3690 3689 3691
f 3690 3691 3692
f 3692 3691 3693
f 3692 3693 3694
f 3694 3693 3695
f 3695 3693 3696
f 3696 3693 3697
f 3696 3697 3698
f 3698 3697 3699
f 3698 3699 3700
f 3700 3699 3687
f 3700 3687 3683
f 3683 3687 3665
f 3683 3678 3700
f 3700 3678 3701
f 3700 3701 3698
f 3698 3701 3702
f 3698 3702 3696
f 3678 3679 3701
f 3701 3679 3702
f 3694 3703 3692
f 3692 3703 3704
f 3692 3704 3690
f 3690 3704 3705
f 3690 3705 3688
f 3703 3706 3704
f 3704 3706 3705
f 3691 3689 3699
f 3699 3689 3687
f 3693 3691 3697
f 3697 3691 3699
f 3659 3686 3707
f 3707 3686 3708
f 3707 3708 3709
f 3709 3708 3710
f 3710 3708 3711
f 3710 3711 3712
f 3712 3711 3713
f 3713 3711 3714
f 3714 3711 3715
f 3714 3715 3716
f 3716 3715 3717
f 3716 3717 3718
f 3718 3717 3719
f 3718 3719 3720
f 3720 3719 3721
f 3721 3719 3722
f 3721 3722 3706
f 3706 3722 3705
f 3705 3722 3723
f 3705 3723 3688
f 3688 3723 3724
f 3688 3724 3708
f 3708 3724 3715
f 3708 3715 3711
f 3686 3688 3708
f 3720 3725 3718
f 3718 3725 3726
f 3718 3726 3727
f 3727 3728 3718
f 3718 3728 3716
f 3728 3714 3716
f 3715 3724 3717
f 3717 3724 3723
f 3717 3723 3719
f 3719 3723 3722
f 3659 3707 3729
f 3729 3707 3730
f 3730 3707 3709
f 3730 3709 3710
f 3710 3712 3730
f 3731 3732 3733
f 3733 3732 3734
f 3733 3734 3735
f 3735 3734 3736
f 3736 3734 3737
f 3735 3738 3733
f 3733 3738 3739
f 3733 3739 3740
f 3740 3739 3741
f 3740 3741 3742
f 3742 3741 3743
f 3742 3743 3744
f 3744 3743 3745
f 3744 3745 3746
f 3746 3745 3747
f 3746 3747 3748
f 3743 3749 3745
f 3731 3740 3748
f 3748 3740 3750
f 3748 3750 3746
f 3746 3750 3742
f 3746 3742 3744
f 3740 3731 3733
f 3742 3750 3740
f 3751 3752 3753
f 3753 3752 3754
f 3753 3754 3755
f 3755 3754 3756
f 3755 3756 3757
f 3757 3756 3758
f 3757 3758 3759
f 3759 3758 3760
f 3759 3760 3761
f 3756 3762 3758
f 3758 3762 3760
f 3762 3763 3760
f 3759 3761 3764
f 3764 3761 3765
f 3764 3765 3766
f 3766 3765 3767
f 3766 3767 3768
f 3768 3767 3769
f 3768 3769 3770
f 3770 3769 3771
f 3770 3771 3772
f 3772 3771 3773
f 3772 3773 3774
f 3774 3773 3775
f 3775 3773 3776
f 3776 3773 3771
f 3776 3771 3777
f 3777 3771 3769
f 3777 3769 3767
f 3765 3778 3767
f 3767 3778 3779
f 3767 3779 3777
f 3772 3774 3780
f 3780 3774 3751
f 3780 3751 3781
f 3781 3751 3753
f 3781 3753 3782
f 3782 3753 3755
f 3782 3755 3783
f 3783 3755 3757
f 3783 3757 3759
f 3770 3772 3780
f 3780 3781 3784
f 3784 3781 3782
f 3784 3782 3785
f 3785 3782 3783
f 3785 3783 3764
f 3764 3783 3759
f 3768 3770 3784
f 3784 3770 3780
f 3768 3784 3785
f 3768 3785 3766
f 3766 3785 3764
f 3765 3786 3778
f 3778 3786 3787
f 3778 3787 3788
f 3788 3787 3789
f 3788 3789 3790
f 3790 3789 3791
f 3790 3791 3792
f 3792 3791 3793
f 3793 3791 3794
f 3793 3794 3795
f 3795 3794 3796
f 3795 3796 3797
f 3797 3796 3798
f 3797 3798 3799
f 3799 3798 3800
f 3799 3800 3801
f 3801 3800 3761
f 3801 3761 3760
f 3786 3765 3800
f 3800 3765 3761
f 3801 3760 3802
f 3802 3760 3763
f 3802 3763 3803
f 3803 3804 3802
f 3802 3804 3805
f 3802 3805 3801
f 3801 3805 3799
f 3805 3804 3806
f 3806 3804 3807
f 3806 3807 3808
f 3808 3807 3809
f 3808 3809 3810
f 3808 3810 3795
f 3795 3810 3793
f 3800 3798 3786
f 3786 3798 3787
f 3794 3791 3789
f 3798 3796 3787
f 3787 3796 3789
f 3796 3794 3789
f 3808 3795 3797
f 3805 3806 3799
f 3799 3806 3797
f 3806 3808 3797
f 3811 3809 3812
f 3812 3809 3807
f 3812 3807 3813
f 3813 3807 3804
f 3813 3804 3814
f 3814 3804 3815
f 3814 3815 3816
f 3816 3815 3817
f 3816 3817 3818
f 3804 3803 3815
f 3815 3803 3817
f 3803 3763 3817
f 3816 3818 3819
f 3819 3818 3820
f 3819 3820 3821
f 3821 3820 3822
f 3821 3822 3823
f 3821 3823 3824
f 3824 3823 3825
f 3824 3825 3826
f 3826 3825 3827
f 3826 3827 3828
f 3828 3827 3829
f 3828 3829 3830
f 3830 3829 3811
f 3830 3811 3812
f 3825 3831 3827
f 3827 3831 3829
f 3830 3812 3832
f 3832 3812 3813
f 3832 3813 3833
f 3833 3813 3814
f 3833 3814 3816
f 3828 3830 3834
f 3834 3830 3832
f 3834 3832 3835
f 3835 3832 3833
f 3835 3833 3819
f 3819 3833 3816
f 3824 3826 3834
f 3834 3826 3828
f 3824 3834 3835
f 3824 3835 3821
f 3821 3835 3819
f 3836 3822 3837
f 3837 3822 3820
f 3837 3820 3838
f 3838 3820 3818
f 3838 3818 3839
f 3839 3818 3817
f 3839 3817 3840
f 3840 3817 3841
f 3840 3841 3842
f 3842 3841 3843
f 3842 3843 3844
f 3844 3843 3845
f 3844 3845 3846
f 3841 3817 3847
f 3847 3817 3763
f 3847 3763 3848
f 3847 3848 3843
f 3843 3848 3845
f 3844 3846 3849
f 3849 3846 3850
f 3849 3850 3851
f 3852 3853 3851
f 3851 3853 3854
f 3851 3854 3855
f 3855 3854 3856
f 3855 3856 3857
f 3857 3856 3858
f 3857 3858 3842
f 3842 3858 3840
f 3859 3860 3852
f 3852 3860 3861
f 3852 3861 3853
f 3853 3861 3862
f 3853 3862 3854
f 3854 3862 3856
f 3859 3863 3860
f 3860 3863 3864
f 3860 3864 3861
f 3861 3864 3865
f 3861 3865 3862
f 3862 3865 3866
f 3862 3866 3856
f 3856 3866 3858
f 3863 3836 3864
f 3864 3836 3867
f 3864 3867 3865
f 3865 3867 3868
f 3865 3868 3866
f 3866 3868 3839
f 3866 3839 3858
f 3858 3839 3840
f 3867 3836 3837
f 3851 3855 3849
f 3849 3855 3857
f 3849 3857 3844
f 3844 3857 3842
f 3868 3867 3837
f 3838 3839 3868
f 3837 3838 3868
f 3847 3843 3841
f 3869 3850 3870
f 3870 3850 3846
f 3870 3846 3871
f 3871 3846 3845
f 3871 3845 3872
f 3872 3845 3848
f 3872 3848 3873
f 3873 3848 3763
f 3873 3763 3874
f 3874 3875 3873
f 3873 3875 3876
f 3873 3876 3872
f 3872 3876 3877
f 3872 3877 3871
f 3871 3877 3878
f 3871 3878 3870
f 3870 3878 3879
f 3870 3879 3869
f 3869 3879 3880
f 3880 3879 3881
f 3880 3881 3882
f 3882 3881 3883
f 3882 3883 3884
f 3884 3883 3885
f 3884 3885 3886
f 3886 3885 3887
f 3886 3887 3888
f 3888 3887 3889
f 3889 3887 3890
f 3889 3890 3876
f 3876 3890 3877
f 3875 3889 3876
f 3884 3891 3882
f 3882 3891 3880
f 3881 3879 3892
f 3892 3879 3878
f 3892 3878 3893
f 3893 3878 3877
f 3893 3877 3890
f 3885 3883 3892
f 3892 3883 3881
f 3885 3892 3893
f 3887 3885 3893
f 3887 3893 3890
f 3894 3895 3896
f 3896 3895 3897
f 3896 3897 3898
f 3898 3897 3899
f 3898 3899 3900
f 3900 3899 3901
f 3900 3901 3902
f 3902 3901 3903
f 3902 3903 3904
f 3904 3903 3905
f 3904 3905 3906
f 3906 3905 3907
f 3906 3907 3908
f 3897 3909 3899
f 3899 3909 3910
f 3899 3910 3901
f 3901 3910 3911
f 3901 3911 3903
f 3903 3911 3912
f 3903 3912 3905
f 3905 3912 3907
f 3909 3913 3910
f 3910 3913 3914
f 3910 3914 3911
f 3911 3914 3915
f 3911 3915 3912
f 3912 3915 3916
f 3912 3916 3907
f 3913 3917 3914
f 3914 3917 3918
f 3914 3918 3915
f 3915 3918 3919
f 3915 3919 3916
f 3917 3920 3918
f 3918 3920 3919
f 3908 3921 3906
f 3906 3921 3922
f 3906 3922 3923
f 3923 3922 3924
f 3923 3924 3925
f 3925 3924 3926
f 3925 3926 3927
f 3927 3926 3928
f 3927 3928 3929
f 3929 3928 3930
f 3929 3930 3931
f 3931 3930 3932
f 3931 3932 3894
f 3924 3933 3926
f 3926 3933 3934
f 3926 3934 3928
f 3928 3934 3935
f 3928 3935 3930
f 3930 3935 3932
f 3933 3936 3934
f 3934 3936 3937
f 3934 3937 3935
f 3935 3937 3932
f 3936 3932 3937
f 3929 3931 3938
f 3938 3931 3894
f 3938 3894 3896
f 3929 3938 3939
f 3939 3938 3900
f 3939 3900 3902
f 3929 3939 3927
f 3927 3939 3940
f 3927 3940 3925
f 3925 3940 3923
f 3940 3939 3902
f 3896 3898 3938
f 3938 3898 3900
f 3923 3940 3904
f 3904 3940 3902
f 3906 3923 3904
f 3941 3921 3942
f 3942 3921 3908
f 3942 3908 3943
f 3943 3908 3907
f 3943 3907 3944
f 3944 3907 3945
f 3944 3945 3946
f 3946 3945 3947
f 3946 3947 3948
f 3948 3947 3949
f 3948 3949 3950
f 3950 3949 3951
f 3950 3951 3952
f 3952 3951 3953
f 3952 3953 3954
f 3954 3953 3955
f 3954 3955 3956
f 3907 3916 3945
f 3945 3916 3957
f 3945 3957 3947
f 3947 3957 3958
f 3947 3958 3949
f 3949 3958 3959
f 3949 3959 3951
f 3951 3959 3960
f 3951 3960 3953
f 3953 3960 3961
f 3953 3961 3955
f 3957 3916 3962
f 3962 3916 3919
f 3962 3919 3963
f 3963 3919 3964
f 3963 3964 3965
f 3965 3964 3966
f 3965 3966 3967
f 3919 3920 3964
f 3964 3920 3966
f 3965 3967 3968
f 3968 3967 3969
f 3968 3969 3960
f 3960 3969 3961
f 3954 3956 3970
f 3970 3956 3971
f 3970 3971 3972
f 3973 3974 3972
f 3972 3974 3975
f 3972 3975 3976
f 3976 3975 3977
f 3976 3977 3978
f 3978 3977 3979
f 3978 3979 3952
f 3952 3979 3950
f 3980 3981 3973
f 3973 3981 3982
f 3973 3982 3983
f 3983 3982 3984
f 3983 3984 3985
f 3985 3984 3986
f 3985 3986 3987
f 3987 3986 3988
f 3987 3988 3989
f 3989 3988 3990
f 3989 3990 3991
f 3991 3990 3992
f 3991 3992 3946
f 3946 3992 3944
f 3981 3980 3993
f 3993 3980 3994
f 3993 3994 3995
f 3995 3994 3996
f 3995 3996 3997
f 3997 3996 3998
f 3997 3998 3984
f 3984 3998 3986
f 3994 3999 3996
f 3996 3999 4000
f 3996 4000 3998
f 3998 4000 4001
f 3998 4001 3986
f 3986 4001 3988
f 4000 3999 4002
f 4002 3999 4003
f 4002 4003 4004
f 4004 4003 3941
f 4004 3941 3942
f 3972 3976 3970
f 3970 3976 3978
f 3970 3978 3954
f 3954 3978 3952
f 3973 3983 3974
f 3974 3983 3985
f 3974 3985 4005
f 4005 3985 3987
f 4005 3987 4006
f 4006 3987 3989
f 4006 3989 4007
f 4007 3989 3991
f 4007 3991 3948
f 3948 3991 3946
f 4004 3942 4008
f 4008 3942 3943
f 4008 3943 3992
f 3992 3943 3944
f 4001 4000 4002
f 4002 4004 4009
f 4009 4004 4008
f 4009 4008 3990
f 3990 4008 3992
f 3981 3993 3995
f 3981 3995 3997
f 3988 4001 4009
f 4009 4001 4002
f 3988 4009 3990
f 3982 3981 3997
f 3982 3997 3984
f 3957 3962 3958
f 3958 3962 4010
f 3958 4010 3959
f 3959 4010 3968
f 3959 3968 3960
f 4007 3948 3950
f 4006 4007 3979
f 3979 4007 3950
f 4005 4006 3977
f 3977 4006 3979
f 3974 4005 3975
f 3975 4005 3977
f 3963 3965 4010
f 4010 3965 3968
f 3962 3963 4010
f 3956 4011 3971
f 3971 4011 4012
f 3971 4012 4013
f 4013 4012 4014
f 4013 4014 4015
f 4015 4014 4016
f 4015 4016 4017
f 4017 4016 4018
f 4017 4018 4019
f 4019 4018 4020
f 4019 4020 4021
f 4021 4020 4022
f 4021 4022 4023
f 4023 4022 4024
f 4023 4024 4025
f 4025 4024 4026
f 4025 4026 4027
f 4027 4026 4028
f 4027 4028 4029
f 4029 4028 4030
f 4029 4030 4031
f 4031 4030 4032
f 4031 4032 4033
f 4033 4032 4034
f 4033 4034 4035
f 4035 4034 3966
f 4035 3966 3920
f 4011 3956 4036
f 4036 3956 3955
f 4036 3955 4037
f 4037 3955 3961
f 4037 3961 4038
f 4038 3961 3969
f 4038 3969 4039
f 4039 3969 3967
f 4039 3967 4040
f 4040 3967 4034
f 4040 4034 4032
f 3967 3966 4034
f 3920 4041 4035
f 4035 4041 4033
f 4041 4042 4033
f 4033 4042 4031
f 4031 4042 4029
f 4029 4042 4043
f 4029 4043 4027
f 4027 4043 4025
f 4043 4044 4025
f 4025 4044 4023
f 4019 4021 4045
f 4045 4021 4046
f 4045 4046 4047
f 4047 4046 4048
f 4047 4048 4049
f 4049 4048 4050
f 4049 4050 4051
f 4046 4050 4048
f 3971 4013 4051
f 4051 4013 4052
f 4051 4052 4049
f 4049 4052 4053
f 4049 4053 4047
f 4047 4053 4045
f 4017 4019 4045
f 4012 4011 4054
f 4054 4011 4036
f 4054 4036 4055
f 4055 4036 4037
f 4055 4037 4056
f 4056 4037 4038
f 4056 4038 4057
f 4057 4038 4039
f 4057 4039 4058
f 4058 4039 4040
f 4058 4040 4032
f 4053 4052 4015
f 4015 4052 4013
f 4012 4054 4014
f 4014 4054 4059
f 4014 4059 4016
f 4016 4059 4060
f 4016 4060 4018
f 4018 4060 4061
f 4018 4061 4020
f 4020 4061 4022
f 4059 4054 4055
f 4045 4053 4017
f 4017 4053 4015
f 4059 4055 4062
f 4062 4055 4056
f 4062 4056 4063
f 4063 4056 4057
f 4063 4057 4064
f 4064 4057 4058
f 4064 4058 4030
f 4030 4058 4032
f 4059 4062 4060
f 4060 4062 4065
f 4060 4065 4061
f 4061 4065 4066
f 4061 4066 4022
f 4022 4066 4024
f 4065 4062 4063
f 4065 4063 4067
f 4067 4063 4064
f 4067 4064 4028
f 4028 4064 4030
f 4028 4026 4067
f 4067 4026 4066
f 4067 4066 4065
f 4026 4024 4066
f 4068 4044 4069
f 4069 4044 4043
f 4069 4043 4070
f 4070 4043 4042
f 4070 4042 4071
f 4071 4042 4041
f 4071 4041 4072
f 4072 4041 3920
f 4072 3920 4073
f 4072 4073 4074
f 4074 4073 4075
f 4074 4075 4076
f 4076 4075 4077
f 4076 4077 4078
f 4078 4077 4079
f 4078 4079 4080
f 4080 4079 4081
f 4080 4081 4082
f 4080 4082 4083
f 4083 4082 4084
f 4083 4084 4085
f 4085 4084 4086
f 4085 4086 4087
f 4087 4086 4088
f 4087 4088 4089
f 4084 4090 4086
f 4086 4090 4088
f 4087 4089 4091
f 4091 4089 4068
f 4091 4068 4092
f 4092 4068 4069
f 4092 4069 4093
f 4093 4069 4070
f 4093 4070 4094
f 4094 4070 4071
f 4094 4071 4074
f 4074 4071 4072
f 4091 4092 4095
f 4095 4092 4093
f 4095 4093 4096
f 4096 4093 4094
f 4096 4094 4076
f 4076 4094 4074
f 4087 4091 4097
f 4097 4091 4095
f 4097 4095 4098
f 4098 4095 4096
f 4098 4096 4078
f 4078 4096 4076
f 4083 4085 4097
f 4097 4085 4087
f 4083 4097 4098
f 4080 4083 4098
f 4080 4098 4078
f 4099 4081 4100
f 4100 4081 4079
f 4100 4079 4101
f 4101 4079 4102
f 4101 4102 4103
f 4103 4102 4104
f 4103 4104 4105
f 4105 4104 4106
f 4105 4106 4107
f 4107 4106 4108
f 4107 4108 4109
f 4109 4108 4110
f 4109 4110 4111
f 4079 4077 4102
f 4102 4077 4112
f 4102 4112 4104
f 4104 4112 4113
f 4104 4113 4106
f 4106 4113 4114
f 4106 4114 4108
f 4108 4114 4110
f 4077 4075 4112
f 4112 4075 4115
f 4112 4115 4113
f 4113 4115 4116
f 4113 4116 4114
f 4114 4116 4117
f 4114 4117 4110
f 4075 4073 4115
f 4115 4073 4118
f 4115 4118 4116
f 4116 4118 4119
f 4116 4119 4117
f 4073 3920 4118
f 4118 3920 4119
f 4111 4120 4109
f 4109 4120 4121
f 4109 4121 4107
f 4107 4121 4122
f 4107 4122 4105
f 4105 4122 4123
f 4105 4123 4103
f 4103 4123 4124
f 4103 4124 4101
f 4101 4124 4100
f 4120 4125 4121
f 4121 4125 4126
f 4121 4126 4122
f 4122 4126 4127
f 4122 4127 4123
f 4123 4127 4128
f 4123 4128 4124
f 4124 4128 4129
f 4124 4129 4100
f 4100 4129 4099
f 4125 4130 4126
f 4126 4130 4131
f 4126 4131 4127
f 4127 4131 4132
f 4127 4132 4128
f 4128 4132 4133
f 4128 4133 4129
f 4129 4133 4099
f 4130 4134 4131
f 4131 4134 4135
f 4131 4135 4132
f 4132 4135 4136
f 4132 4136 4133
f 4133 4136 4137
f 4133 4137 4099
f 4135 4134 4138
f 4138 4134 4139
f 4138 4139 4137
f 4138 4137 4136
f 4135 4138 4136
f 4140 4111 4141
f 4141 4111 4110
f 4141 4110 4142
f 4142 4110 4143
f 4142 4143 4144
f 4144 4143 4145
f 4144 4145 4146
f 4146 4145 4147
f 4146 4147 4148
f 4148 4147 4149
f 4148 4149 4150
f 4150 4149 4151
f 4150 4151 4152
f 4152 4151 4153
f 4152 4153 4154
f 4110 4117 4143
f 4143 4117 4155
f 4143 4155 4145
f 4145 4155 4156
f 4145 4156 4147
f 4147 4156 4157
f 4147 4157 4149
f 4149 4157 4158
f 4149 4158 4151
f 4151 4158 4159
f 4151 4159 4153
f 4155 4117 4160
f 4160 4117 4119
f 4160 4119 4161
f 4161 4119 4162
f 4161 4162 4163
f 4163 4162 4164
f 4163 4164 4165
f 4119 3920 4162
f 4162 3920 4164
f 4163 4165 4166
f 4166 4165 4167
f 4166 4167 4158
f 4158 4167 4159
f 4154 4168 4152
f 4152 4168 4169
f 4152 4169 4170
f 4170 4169 4171
f 4170 4171 4172
f 4172 4171 4173
f 4172 4173 4174
f 4174 4173 4175
f 4174 4175 4176
f 4176 4175 4177
f 4176 4177 4178
f 4178 4177 4179
f 4178 4179 4141
f 4141 4179 4140
f 4171 4169 4180
f 4180 4169 4181
f 4180 4181 4182
f 4182 4181 4183
f 4182 4183 4184
f 4184 4183 4185
f 4184 4185 4186
f 4186 4185 4187
f 4186 4187 4140
f 4183 4181 4188
f 4188 4181 4189
f 4188 4189 4190
f 4190 4191 4188
f 4188 4191 4185
f 4188 4185 4183
f 4191 4187 4185
f 4150 4152 4170
f 4186 4140 4192
f 4192 4140 4179
f 4192 4179 4177
f 4186 4192 4193
f 4193 4192 4177
f 4193 4177 4175
f 4141 4142 4178
f 4178 4142 4144
f 4178 4144 4176
f 4176 4144 4146
f 4176 4146 4174
f 4174 4146 4148
f 4174 4148 4172
f 4172 4148 4150
f 4172 4150 4170
f 4186 4193 4184
f 4184 4193 4194
f 4184 4194 4182
f 4182 4194 4180
f 4194 4193 4175
f 4155 4160 4156
f 4156 4160 4195
f 4156 4195 4157
f 4157 4195 4166
f 4157 4166 4158
f 4171 4180 4173
f 4173 4180 4194
f 4173 4194 4175
f 4161 4163 4195
f 4195 4163 4166
f 4160 4161 4195
f 4196 4168 4197
f 4197 4168 4154
f 4197 4154 4153
f 4197 4153 4198
f 4198 4153 4159
f 4198 4159 4199
f 4199 4159 4167
f 4199 4167 4200
f 4200 4167 4165
f 4200 4165 4201
f 4201 4165 4164
f 4201 4164 4202
f 4202 4164 3920
f 4202 4203 4201
f 4201 4203 4204
f 4201 4204 4200
f 4200 4204 4205
f 4200 4205 4199
f 4199 4205 4206
f 4199 4206 4198
f 4198 4206 4207
f 4198 4207 4197
f 4197 4207 4208
f 4197 4208 4196
f 4196 4208 4209
f 4196 4209 4210
f 4210 4209 4211
f 4210 4211 4212
f 4212 4211 4213
f 4212 4213 4214
f 4214 4213 4215
f 4214 4215 4216
f 4216 4215 4217
f 4216 4217 4218
f 4218 4217 4219
f 4218 4219 4220
f 4220 4219 4221
f 4220 4221 4222
f 4222 4221 4205
f 4222 4205 4204
f 4204 4203 4222
f 4222 4203 4223
f 4222 4223 4220
f 4220 4223 4218
f 4223 4224 4218
f 4218 4224 4225
f 4218 4225 4216
f 4214 4226 4212
f 4212 4226 4210
f 4209 4208 4227
f 4227 4208 4207
f 4227 4207 4228
f 4228 4207 4206
f 4228 4206 4221
f 4221 4206 4205
f 4211 4209 4229
f 4229 4209 4227
f 4229 4227 4230
f 4230 4227 4228
f 4230 4228 4219
f 4219 4228 4221
f 4215 4213 4229
f 4229 4213 4211
f 4215 4229 4230
f 4217 4215 4230
f 4217 4230 4219
f 4231 4232 4233
f 4233 4232 4234
f 4233 4234 4235
f 4235 4234 4236
f 4235 4236 4237
f 4237 4236 4238
f 4237 4238 4239
f 4239 4238 4240
f 4239 4240 4241
f 4241 4240 4242
f 4241 4242 4243
f 4243 4242 4244
f 4243 4244 4245
f 4245 4244 4246
f 4245 4246 4247
f 4234 4248 4236
f 4236 4248 4249
f 4236 4249 4238
f 4238 4249 4250
f 4238 4250 4240
f 4240 4250 4251
f 4240 4251 4242
f 4242 4251 4252
f 4242 4252 4244
f 4244 4252 4253
f 4244 4253 4246
f 4248 4254 4249
f 4249 4254 4255
f 4249 4255 4250
f 4250 4255 4256
f 4250 4256 4251
f 4251 4256 4257
f 4251 4257 4252
f 4252 4257 4258
f 4252 4258 4253
f 4254 4259 4255
f 4255 4259 4260
f 4255 4260 4256
f 4256 4260 4261
f 4256 4261 4257
f 4257 4261 4262
f 4257 4262 4258
f 4259 4263 4260
f 4260 4263 4264
f 4260 4264 4261
f 4261 4264 4265
f 4261 4265 4262
f 4266 4265 4263
f 4263 4265 4264
f 4247 4267 4245
f 4245 4267 4268
f 4245 4268 4243
f 4243 4268 4269
f 4243 4269 4241
f 4241 4269 4270
f 4241 4270 4239
f 4239 4270 4271
f 4239 4271 4237
f 4237 4271 4272
f 4237 4272 4235
f 4235 4272 4233
f 4268 4267 4273
f 4273 4267 4274
f 4273 4274 4275
f 4275 4274 4276
f 4275 4276 4277
f 4277 4276 4278
f 4277 4278 4279
f 4279 4278 4280
f 4279 4280 4281
f 4281 4280 4231
f 4281 4231 4282
f 4282 4231 4233
f 4282 4233 4272
f 4274 4283 4276
f 4276 4283 4284
f 4276 4284 4278
f 4278 4284 4285
f 4278 4285 4280
f 4280 4285 4286
f 4280 4286 4231
f 4284 4283 4287
f 4287 4283 4288
f 4287 4288 4286
f 4281 4282 4289
f 4289 4282 4272
f 4289 4272 4271
f 4287 4286 4285
f 4284 4287 4285
f 4271 4290 4289
f 4289 4290 4279
f 4289 4279 4281
f 4279 4290 4277
f 4277 4290 4291
f 4277 4291 4275
f 4275 4291 4273
f 4291 4290 4270
f 4270 4290 4271
f 4273 4291 4269
f 4269 4291 4270
f 4268 4273 4269
f 4247 4246 4292
f 4292 4246 4293
f 4292 4293 4294
f 4294 4293 4295
f 4294 4295 4296
f 4296 4295 4297
f 4296 4297 4298
f 4298 4297 4299
f 4298 4299 4300
f 4300 4299 4301
f 4300 4301 4302
f 4302 4301 4303
f 4302 4303 4304
f 4304 4303 4305
f 4304 4305 4306
f 4246 4253 4293
f 4293 4253 4307
f 4293 4307 4295
f 4295 4307 4308
f 4295 4308 4297
f 4297 4308 4309
f 4297 4309 4299
f 4299 4309 4310
f 4299 4310 4301
f 4301 4310 4311
f 4301 4311 4303
f 4303 4311 4312
f 4303 4312 4305
f 4307 4253 4313
f 4313 4253 4258
f 4313 4258 4262
f 4265 4314 4262
f 4262 4314 4315
f 4262 4315 4313
f 4313 4315 4316
f 4313 4316 4308
f 4308 4316 4309
f 4314 4265 4317
f 4317 4265 4266
f 4317 4266 4318
f 4318 4319 4317
f 4317 4319 4320
f 4317 4320 4314
f 4314 4320 4321
f 4314 4321 4315
f 4315 4321 4316
f 4319 4322 4320
f 4320 4322 4323
f 4320 4323 4321
f 4321 4323 4324
f 4321 4324 4316
f 4316 4324 4309
f 4323 4322 4325
f 4325 4322 4326
f 4325 4326 4311
f 4311 4326 4312
f 4306 4327 4304
f 4304 4327 4328
f 4304 4328 4302
f 4302 4328 4329
f 4302 4329 4300
f 4300 4329 4330
f 4300 4330 4298
f 4298 4330 4331
f 4298 4331 4296
f 4296 4331 4332
f 4296 4332 4294
f 4294 4332 4292
f 4328 4327 4333
f 4333 4327 4334
f 4333 4334 4335
f 4335 4334 4336
f 4335 4336 4337
f 4337 4336 4338
f 4337 4338 4339
f 4339 4338 4340
f 4339 4340 4341
f 4336 4334 4342
f 4342 4334 4343
f 4342 4343 4340
f 4292 4332 4341
f 4341 4332 4344
f 4341 4344 4339
f 4339 4344 4345
f 4339 4345 4337
f 4337 4345 4346
f 4337 4346 4335
f 4335 4346 4333
f 4345 4344 4331
f 4331 4344 4332
f 4342 4340 4338
f 4336 4342 4338
f 4313 4308 4307
f 4345 4331 4330
f 4345 4330 4346
f 4346 4330 4329
f 4346 4329 4333
f 4333 4329 4328
f 4309 4324 4310
f 4310 4324 4325
f 4310 4325 4311
f 4325 4324 4323
f 4347 4306 4348
f 4348 4306 4305
f 4348 4305 4349
f 4349 4305 4312
f 4349 4312 4350
f 4350 4312 4326
f 4350 4326 4351
f 4351 4326 4322
f 4351 4322 4352
f 4352 4322 4319
f 4352 4319 4353
f 4353 4319 4318
f 4353 4318 4354
f 4354 4318 4355
f 4354 4355 4356
f 4356 4355 4357
f 4356 4357 4358
f 4318 4266 4355
f 4355 4266 4357
f 4356 4358 4359
f 4359 4358 4360
f 4359 4360 4361
f 4361 4360 4362
f 4361 4362 4363
f 4363 4362 4364
f 4363 4364 4365
f 4365 4364 4366
f 4365 4366 4367
f 4367 4366 4368
f 4367 4368 4369
f 4369 4368 4370
f 4369 4370 4371
f 4371 4370 4372
f 4371 4372 4373
f 4373 4372 4374
f 4373 4374 4375
f 4375 4374 4376
f 4375 4376 4377
f 4377 4376 4378
f 4377 4378 4379
f 4379 4378 4380
f 4379 4380 4381
f 4381 4380 4382
f 4381 4382 4383
f 4383 4382 4384
f 4383 4384 4385
f 4385 4384 4374
f 4385 4374 4372
f 4360 4386 4362
f 4362 4386 4387
f 4362 4387 4364
f 4364 4387 4388
f 4364 4388 4366
f 4366 4388 4389
f 4366 4389 4368
f 4368 4389 4390
f 4368 4390 4370
f 4370 4390 4391
f 4370 4391 4372
f 4372 4391 4385
f 4386 4392 4387
f 4387 4392 4393
f 4387 4393 4388
f 4388 4393 4394
f 4388 4394 4389
f 4389 4394 4395
f 4389 4395 4390
f 4390 4395 4396
f 4390 4396 4391
f 4391 4396 4397
f 4391 4397 4385
f 4385 4397 4383
f 4392 4398 4393
f 4393 4398 4399
f 4393 4399 4394
f 4394 4399 4395
f 4395 4399 4396
f 4396 4399 4400
f 4396 4400 4397
f 4397 4400 4383
f 4400 4381 4383
f 4377 4347 4375
f 4375 4347 4401
f 4375 4401 4373
f 4373 4401 4402
f 4373 4402 4371
f 4371 4402 4403
f 4371 4403 4369
f 4369 4403 4404
f 4369 4404 4367
f 4367 4404 4405
f 4367 4405 4365
f 4365 4405 4406
f 4365 4406 4363
f 4363 4406 4407
f 4363 4407 4361
f 4361 4407 4359
f 4401 4347 4408
f 4408 4347 4348
f 4408 4348 4409
f 4409 4348 4349
f 4409 4349 4410
f 4410 4349 4350
f 4410 4350 4411
f 4411 4350 4351
f 4411 4351 4412
f 4412 4351 4352
f 4412 4352 4413
f 4413 4352 4353
f 4413 4353 4414
f 4414 4353 4354
f 4414 4354 4356
f 4402 4401 4408
f 4402 4408 4409
f 4382 4380 4378
f 4374 4384 4376
f 4376 4384 4378
f 4384 4382 4378
f 4403 4402 4409
f 4403 4409 4410
f 4404 4403 4410
f 4404 4410 4411
f 4405 4404 4411
f 4405 4411 4412
f 4406 4405 4412
f 4406 4412 4413
f 4407 4406 4413
f 4407 4413 4414
f 4359 4407 4414
f 4359 4414 4356
f 4415 4398 4416
f 4416 4398 4392
f 4416 4392 4417
f 4417 4392 4386
f 4417 4386 4418
f 4418 4386 4419
f 4418 4419 4420
f 4420 4419 4421
f 4420 4421 4422
f 4422 4421 4423
f 4422 4423 4424
f 4424 4423 4425
f 4424 4425 4426
f 4426 4425 4427
f 4426 4427 4428
f 4428 4427 4429
f 4428 4429 4430
f 4430 4429 4431
f 4430 4431 4432
f 4386 4360 4419
f 4419 4360 4358
f 4419 4358 4433
f 4433 4358 4434
f 4433 4434 4435
f 4435 4434 4436
f 4435 4436 4437
f 4437 4436 4438
f 4437 4438 4439
f 4439 4438 4440
f 4439 4440 4441
f 4441 4440 4442
f 4441 4442 4443
f 4358 4357 4434
f 4434 4357 4444
f 4434 4444 4436
f 4436 4444 4445
f 4436 4445 4438
f 4438 4445 4446
f 4438 4446 4440
f 4440 4446 4447
f 4440 4447 4442
f 4444 4357 4445
f 4445 4357 4266
f 4445 4266 4448
f 4448 4266 4449
f 4448 4449 4447
f 4441 4443 4429
f 4429 4443 4431
f 4430 4432 4450
f 4450 4432 4451
f 4450 4451 4452
f 4452 4451 4453
f 4452 4453 4454
f 4454 4453 4455
f 4454 4455 4456
f 4456 4455 4457
f 4456 4457 4458
f 4458 4457 4459
f 4458 4459 4460
f 4460 4459 4461
f 4460 4461 4462
f 4462 4461 4463
f 4462 4463 4464
f 4464 4463 4465
f 4464 4465 4416
f 4416 4465 4415
f 4455 4453 4466
f 4466 4453 4467
f 4466 4467 4468
f 4468 4467 4469
f 4468 4469 4470
f 4470 4469 4471
f 4470 4471 4472
f 4472 4471 4473
f 4472 4473 4474
f 4474 4473 4475
f 4474 4475 4476
f 4476 4475 4415
f 4476 4415 4465
f 4469 4467 4477
f 4477 4467 4478
f 4477 4478 4479
f 4479 4478 4480
f 4479 4480 4481
f 4481 4480 4473
f 4481 4473 4471
f 4480 4475 4473
f 4446 4445 4448
f 4421 4419 4433
f 4465 4463 4476
f 4476 4463 4482
f 4476 4482 4474
f 4474 4482 4472
f 4477 4479 4481
f 4477 4481 4471
f 4416 4417 4464
f 4464 4417 4483
f 4464 4483 4462
f 4462 4483 4484
f 4462 4484 4460
f 4460 4484 4485
f 4460 4485 4458
f 4458 4485 4486
f 4458 4486 4456
f 4456 4486 4487
f 4456 4487 4454
f 4454 4487 4488
f 4454 4488 4452
f 4452 4488 4450
f 4463 4461 4482
f 4482 4461 4489
f 4482 4489 4472
f 4472 4489 4470
f 4469 4477 4471
f 4418 4420 4483
f 4483 4420 4484
f 4485 4484 4422
f 4422 4484 4420
f 4489 4461 4459
f 4470 4489 4490
f 4490 4489 4459
f 4490 4459 4457
f 4466 4468 4490
f 4490 4468 4470
f 4466 4490 4457
f 4417 4418 4483
f 4421 4433 4435
f 4421 4435 4423
f 4423 4435 4437
f 4423 4437 4425
f 4425 4437 4439
f 4425 4439 4427
f 4427 4439 4441
f 4427 4441 4429
f 4485 4422 4424
f 4485 4424 4486
f 4486 4424 4426
f 4486 4426 4487
f 4487 4426 4428
f 4487 4428 4488
f 4488 4428 4430
f 4488 4430 4450
f 4466 4457 4455
f 4448 4447 4446
f 4491 4451 4492
f 4492 4451 4432
f 4492 4432 4431
f 4443 4493 4431
f 4431 4493 4494
f 4431 4494 4492
f 4492 4494 4495
f 4492 4495 4496
f 4496 4495 4497
f 4496 4497 4498
f 4498 4497 4499
f 4498 4499 4500
f 4500 4499 4501
f 4500 4501 4502
f 4502 4501 4503
f 4502 4503 4504
f 4493 4443 4505
f 4505 4443 4442
f 4505 4442 4506
f 4506 4442 4447
f 4506 4447 4507
f 4507 4447 4449
f 4507 4449 4508
f 4508 4449 4266
f 4508 4266 4509
f 4509 4510 4508
f 4508 4510 4511
f 4508 4511 4507
f 4507 4511 4512
f 4507 4512 4506
f 4506 4512 4513
f 4506 4513 4505
f 4505 4513 4514
f 4505 4514 4493
f 4493 4514 4515
f 4493 4515 4494
f 4494 4515 4495
f 4510 4516 4511
f 4511 4516 4517
f 4511 4517 4512
f 4512 4517 4518
f 4512 4518 4513
f 4513 4518 4519
f 4513 4519 4514
f 4514 4519 4520
f 4514 4520 4515
f 4515 4520 4521
f 4515 4521 4495
f 4495 4521 4497
f 4516 4522 4517
f 4517 4522 4523
f 4517 4523 4518
f 4518 4523 4524
f 4518 4524 4519
f 4519 4524 4525
f 4519 4525 4520
f 4520 4525 4526
f 4520 4526 4521
f 4521 4526 4527
f 4521 4527 4497
f 4497 4527 4499
f 4523 4522 4528
f 4528 4522 4529
f 4528 4529 4530
f 4530 4531 4528
f 4528 4531 4532
f 4528 4532 4524
f 4524 4532 4525
f 4531 4533 4532
f 4532 4533 4534
f 4532 4534 4525
f 4525 4534 4526
f 4534 4533 4535
f 4535 4533 4536
f 4535 4536 4537
f 4537 4536 4503
f 4537 4503 4501
f 4504 4538 4502
f 4502 4538 4500
f 4500 4538 4498
f 4498 4538 4491
f 4498 4491 4496
f 4496 4491 4492
f 4501 4499 4537
f 4537 4499 4527
f 4537 4527 4535
f 4535 4527 4526
f 4535 4526 4534
f 4528 4524 4523
f 4539 4530 4540
f 4540 4530 4529
f 4540 4529 4541
f 4541 4529 4522
f 4541 4522 4542
f 4542 4522 4543
f 4542 4543 4544
f 4544 4543 4545
f 4544 4545 4546
f 4546 4545 4547
f 4546 4547 4548
f 4548 4547 4549
f 4548 4549 4550
f 4550 4549 4551
f 4550 4551 4552
f 4552 4551 4553
f 4552 4553 4554
f 4554 4553 4555
f 4555 4553 4556
f 4555 4556 4557
f 4557 4556 4558
f 4557 4558 4559
f 4559 4558 4560
f 4559 4560 4561
f 4561 4560 4562
f 4561 4562 4563
f 4563 4562 4564
f 4563 4564 4565
f 4565 4564 4566
f 4565 4566 4266
f 4266 4566 4567
f 4266 4567 4509
f 4509 4567 4568
f 4509 4568 4569
f 4569 4568 4570
f 4569 4570 4571
f 4571 4570 4572
f 4571 4572 4573
f 4573 4572 4574
f 4573 4574 4549
f 4549 4574 4551
f 4522 4516 4543
f 4543 4516 4575
f 4543 4575 4545
f 4545 4575 4576
f 4545 4576 4547
f 4547 4576 4573
f 4547 4573 4549
f 4516 4510 4575
f 4575 4510 4577
f 4575 4577 4576
f 4576 4577 4571
f 4576 4571 4573
f 4510 4509 4577
f 4577 4509 4569
f 4577 4569 4571
f 4578 4579 4554
f 4554 4579 4580
f 4554 4580 4581
f 4581 4580 4582
f 4581 4582 4550
f 4550 4582 4548
f 4583 4584 4578
f 4578 4584 4585
f 4578 4585 4586
f 4586 4585 4587
f 4586 4587 4588
f 4588 4587 4589
f 4588 4589 4590
f 4590 4589 4591
f 4590 4591 4592
f 4592 4591 4593
f 4592 4593 4544
f 4544 4593 4542
f 4584 4583 4594
f 4594 4583 4595
f 4594 4595 4596
f 4596 4595 4597
f 4596 4597 4598
f 4598 4597 4599
f 4598 4599 4600
f 4600 4599 4601
f 4600 4601 4589
f 4589 4601 4591
f 4597 4539 4599
f 4599 4539 4602
f 4599 4602 4601
f 4601 4602 4603
f 4601 4603 4591
f 4591 4603 4593
f 4602 4539 4540
f 4550 4552 4581
f 4581 4552 4554
f 4578 4586 4579
f 4579 4586 4588
f 4579 4588 4604
f 4604 4588 4590
f 4604 4590 4605
f 4605 4590 4592
f 4605 4592 4546
f 4546 4592 4544
f 4603 4602 4540
f 4584 4594 4596
f 4596 4598 4606
f 4606 4598 4600
f 4606 4600 4587
f 4587 4600 4589
f 4593 4603 4541
f 4541 4603 4540
f 4542 4593 4541
f 4585 4584 4606
f 4606 4584 4596
f 4585 4606 4587
f 4546 4548 4605
f 4605 4548 4582
f 4605 4582 4604
f 4604 4582 4580
f 4604 4580 4579
f 4570 4568 4607
f 4607 4568 4567
f 4607 4567 4564
f 4564 4567 4566
f 4572 4570 4608
f 4608 4570 4607
f 4608 4607 4562
f 4562 4607 4564
f 4574 4572 4609
f 4609 4572 4608
f 4609 4608 4560
f 4560 4608 4562
f 4551 4574 4610
f 4610 4574 4609
f 4610 4609 4558
f 4558 4609 4560
f 4556 4553 4610
f 4610 4553 4551
f 4556 4610 4558
f 4557 4611 4555
f 4555 4611 4612
f 4555 4612 4613
f 4613 4612 4614
f 4613 4614 4615
f 4615 4614 4616
f 4615 4616 4617
f 4617 4616 4618
f 4617 4618 4619
f 4619 4618 4620
f 4619 4620 4621
f 4621 4620 4622
f 4621 4622 4623
f 4611 4557 4624
f 4624 4557 4559
f 4624 4559 4625
f 4625 4559 4561
f 4625 4561 4626
f 4626 4561 4563
f 4626 4563 4627
f 4627 4563 4565
f 4627 4565 4628
f 4628 4565 4266
f 4629 4630 4628
f 4628 4630 4631
f 4628 4631 4632
f 4632 4631 4633
f 4632 4633 4626
f 4626 4633 4625
f 4630 4629 4634
f 4634 4629 4635
f 4634 4635 4620
f 4620 4635 4622
f 4621 4623 4636
f 4636 4623 4637
f 4636 4637 4638
f 4639 4640 4638
f 4638 4640 4641
f 4638 4641 4636
f 4636 4641 4642
f 4636 4642 4621
f 4621 4642 4619
f 4643 4644 4639
f 4639 4644 4645
f 4639 4645 4640
f 4640 4645 4646
f 4640 4646 4647
f 4647 4646 4648
f 4647 4648 4649
f 4649 4648 4650
f 4649 4650 4617
f 4617 4650 4615
f 4643 4651 4644
f 4644 4651 4652
f 4644 4652 4645
f 4645 4652 4646
f 4651 4653 4652
f 4652 4653 4654
f 4652 4654 4646
f 4646 4654 4648
f 4653 4555 4654
f 4654 4555 4655
f 4654 4655 4648
f 4648 4655 4650
f 4612 4611 4656
f 4656 4611 4624
f 4656 4624 4657
f 4657 4624 4625
f 4657 4625 4633
f 4655 4555 4658
f 4658 4555 4613
f 4658 4613 4615
f 4650 4655 4658
f 4650 4658 4615
f 4612 4656 4614
f 4614 4656 4659
f 4614 4659 4616
f 4616 4659 4660
f 4616 4660 4618
f 4618 4660 4634
f 4618 4634 4620
f 4659 4656 4657
f 4659 4657 4661
f 4661 4657 4633
f 4661 4633 4631
f 4617 4619 4649
f 4649 4619 4642
f 4649 4642 4647
f 4647 4642 4641
f 4647 4641 4640
f 4659 4661 4660
f 4660 4661 4630
f 4660 4630 4634
f 4630 4661 4631
f 4628 4632 4627
f 4627 4632 4626
f 4662 4663 4664
f 4664 4663 4665
f 4664 4665 4666
f 4666 4665 4667
f 4666 4667 4668
f 4668 4667 4669
f 4668 4669 4670
f 4670 4669 4671
f 4670 4671 4672
f 4672 4671 4673
f 4672 4673 4674
f 4674 4673 4675
f 4674 4675 4676
f 4676 4675 4677
f 4676 4677 4678
f 4678 4677 4679
f 4678 4679 4680
f 4680 4679 4681
f 4680 4681 4682
f 4682 4681 4683
f 4682 4683 4684
f 4684 4683 4685
f 4684 4685 4686
f 4686 4685 4687
f 4686 4687 4688
f 4673 4689 4675
f 4675 4689 4690
f 4675 4690 4691
f 4675 4691 4677
f 4677 4691 4692
f 4677 4692 4679
f 4679 4692 4693
f 4679 4693 4681
f 4681 4693 4694
f 4681 4694 4683
f 4683 4694 4695
f 4683 4695 4685
f 4685 4695 4687
f 4696 4697 4686
f 4686 4697 4698
f 4686 4698 4684
f 4684 4698 4682
f 4699 4700 4696
f 4696 4700 4701
f 4696 4701 4702
f 4702 4701 4703
f 4702 4703 4704
f 4704 4703 4705
f 4704 4705 4706
f 4706 4705 4707
f 4706 4707 4678
f 4678 4707 4676
f 4699 4708 4700
f 4700 4708 4709
f 4700 4709 4710
f 4710 4709 4711
f 4710 4711 4712
f 4712 4711 4713
f 4712 4713 4714
f 4714 4713 4715
f 4714 4715 4716
f 4716 4715 4672
f 4716 4672 4674
f 4709 4708 4717
f 4717 4708 4662
f 4717 4662 4718
f 4718 4662 4719
f 4718 4719 4720
f 4720 4719 4666
f 4720 4666 4668
f 4719 4662 4664
f 4716 4674 4676
f 4672 4715 4670
f 4670 4715 4721
f 4670 4721 4668
f 4668 4721 4720
f 4719 4664 4666
f 4714 4716 4707
f 4707 4716 4676
f 4715 4713 4721
f 4721 4713 4722
f 4721 4722 4720
f 4720 4722 4718
f 4706 4678 4680
f 4712 4714 4705
f 4705 4714 4707
f 4717 4718 4722
f 4717 4722 4711
f 4711 4722 4713
f 4706 4680 4723
f 4723 4680 4682
f 4723 4682 4698
f 4706 4723 4704
f 4704 4723 4697
f 4704 4697 4702
f 4702 4697 4696
f 4697 4723 4698
f 4712 4705 4703
f 4712 4703 4710
f 4710 4703 4701
f 4710 4701 4700
f 4717 4711 4709
f 4724 4689 4725
f 4725 4689 4673
f 4725 4673 4726
f 4726 4673 4671
f 4726 4671 4727
f 4727 4671 4669
f 4727 4669 4728
f 4728 4669 4667
f 4728 4667 4665
f 4663 4729 4665
f 4665 4729 4730
f 4665 4730 4728
f 4728 4730 4731
f 4728 4731 4727
f 4727 4731 4732
f 4727 4732 4726
f 4726 4732 4733
f 4726 4733 4725
f 4725 4733 4734
f 4725 4734 4724
f 4724 4734 4735
f 4735 4734 4736
f 4735 4736 4737
f 4737 4736 4738
f 4737 4738 4739
f 4739 4738 4740
f 4739 4740 4741
f 4741 4740 4742
f 4742 4740 4743
f 4742 4743 4744
f 4744 4743 4745
f 4744 4745 4746
f 4746 4745 4747
f 4746 4747 4748
f 4748 4747 4732
f 4748 4732 4731
f 4663 4749 4729
f 4729 4749 4750
f 4729 4750 4751
f 4751 4750 4752
f 4751 4752 4748
f 4748 4752 4746
f 4749 4753 4750
f 4750 4753 4754
f 4750 4754 4752
f 4752 4754 4755
f 4752 4755 4746
f 4746 4755 4744
f 4756 4757 4753
f 4753 4757 4758
f 4753 4758 4754
f 4754 4758 4755
f 4756 4759 4757
f 4757 4759 4760
f 4757 4760 4758
f 4758 4760 4755
f 4760 4759 4744
f 4744 4759 4742
f 4761 4762 4741
f 4741 4762 4739
f 4762 4737 4739
f 4736 4734 4763
f 4763 4734 4733
f 4763 4733 4747
f 4747 4733 4732
f 4738 4736 4764
f 4764 4736 4763
f 4764 4763 4745
f 4745 4763 4747
f 4743 4740 4764
f 4764 4740 4738
f 4743 4764 4745
f 4751 4748 4731
f 4751 4731 4730
f 4760 4744 4755
f 4729 4751 4730
f 4765 4689 4766
f 4766 4689 4724
f 4766 4724 4767
f 4767 4724 4735
f 4767 4735 4768
f 4768 4735 4769
f 4768 4769 4770
f 4770 4769 4771
f 4770 4771 4772
f 4772 4771 4773
f 4772 4773 4774
f 4774 4773 4775
f 4774 4775 4776
f 4776 4775 4777
f 4776 4777 4778
f 4778 4777 4779
f 4778 4779 4780
f 4780 4779 4781
f 4780 4781 4782
f 4782 4781 4783
f 4782 4783 4784
f 4784 4783 4785
f 4784 4785 4786
f 4786 4785 4787
f 4786 4787 4788
f 4788 4787 4789
f 4789 4787 4790
f 4790 4787 4791
f 4791 4787 4785
f 4791 4785 4783
f 4735 4737 4769
f 4769 4737 4792
f 4769 4792 4771
f 4771 4792 4793
f 4771 4793 4773
f 4773 4793 4794
f 4773 4794 4775
f 4792 4737 4795
f 4795 4737 4762
f 4795 4762 4796
f 4796 4762 4761
f 4795 4796 4793
f 4793 4796 4794
f 4775 4797 4777
f 4777 4797 4798
f 4777 4798 4779
f 4779 4798 4781
f 4798 4791 4781
f 4781 4791 4783
f 4786 4788 4799
f 4799 4788 4800
f 4799 4800 4801
f 4801 4800 4802
f 4801 4802 4803
f 4803 4802 4804
f 4803 4804 4765
f 4803 4765 4766
f 4803 4766 4805
f 4805 4766 4767
f 4805 4767 4806
f 4806 4767 4768
f 4806 4768 4770
f 4801 4803 4807
f 4807 4803 4805
f 4807 4805 4808
f 4808 4805 4806
f 4808 4806 4809
f 4809 4806 4770
f 4809 4770 4772
f 4784 4786 4799
f 4799 4801 4810
f 4810 4801 4807
f 4810 4807 4811
f 4811 4807 4808
f 4811 4808 4812
f 4812 4808 4809
f 4812 4809 4813
f 4813 4809 4772
f 4813 4772 4774
f 4782 4784 4810
f 4810 4784 4799
f 4782 4810 4811
f 4782 4811 4780
f 4780 4811 4812
f 4780 4812 4778
f 4778 4812 4813
f 4778 4813 4776
f 4776 4813 4774
f 4795 4793 4792
f 4814 4689 4815
f 4815 4689 4765
f 4815 4765 4816
f 4816 4765 4817
f 4816 4817 4818
f 4818 4817 4819
f 4818 4819 4820
f 4820 4819 4821
f 4820 4821 4822
f 4822 4821 4823
f 4822 4823 4824
f 4824 4823 4825
f 4824 4825 4826
f 4826 4825 4827
f 4827 4825 4828
f 4828 4825 4829
f 4828 4829 4830
f 4830 4829 4831
f 4830 4831 4832
f 4832 4831 4833
f 4832 4833 4834
f 4834 4833 4835
f 4834 4835 4802
f 4802 4835 4804
f 4804 4835 4817
f 4804 4817 4765
f 4802 4800 4834
f 4834 4800 4836
f 4834 4836 4832
f 4832 4836 4837
f 4832 4837 4830
f 4830 4837 4828
f 4800 4788 4836
f 4836 4788 4838
f 4836 4838 4837
f 4837 4838 4839
f 4837 4839 4828
f 4788 4789 4838
f 4838 4789 4790
f 4838 4790 4839
f 4824 4826 4840
f 4840 4826 4841
f 4840 4841 4842
f 4842 4841 4843
f 4842 4843 4844
f 4844 4843 4845
f 4844 4845 4846
f 4846 4845 4847
f 4846 4847 4848
f 4848 4847 4849
f 4848 4849 4814
f 4841 4850 4843
f 4843 4850 4851
f 4843 4851 4845
f 4845 4851 4852
f 4845 4852 4847
f 4847 4852 4853
f 4847 4853 4849
f 4854 4855 4850
f 4850 4855 4856
f 4850 4856 4851
f 4851 4856 4852
f 4855 4853 4856
f 4856 4853 4852
f 4848 4814 4815
f 4848 4815 4857
f 4857 4815 4816
f 4857 4816 4818
f 4819 4817 4835
f 4818 4858 4857
f 4857 4858 4846
f 4857 4846 4848
f 4846 4858 4844
f 4844 4858 4859
f 4844 4859 4842
f 4842 4859 4840
f 4859 4858 4820
f 4820 4858 4818
f 4821 4819 4833
f 4833 4819 4835
f 4840 4859 4822
f 4822 4859 4820
f 4823 4821 4831
f 4831 4821 4833
f 4824 4840 4822
f 4825 4823 4829
f 4829 4823 4831
f 4860 4689 4861
f 4861 4689 4814
f 4861 4814 4862
f 4862 4814 4863
f 4862 4863 4864
f 4864 4863 4865
f 4864 4865 4866
f 4866 4865 4867
f 4866 4867 4868
f 4868 4867 4869
f 4868 4869 4870
f 4870 4869 4871
f 4870 4871 4872
f 4872 4871 4873
f 4872 4873 4874
f 4874 4873 4875
f 4874 4875 4876
f 4876 4875 4877
f 4877 4875 4878
f 4877 4878 4879
f 4879 4878 4880
f 4879 4880 4881
f 4881 4880 4882
f 4881 4882 4883
f 4883 4882 4884
f 4883 4884 4849
f 4849 4884 4885
f 4849 4885 4814
f 4814 4885 4886
f 4814 4886 4863
f 4863 4886 4865
f 4883 4849 4887
f 4887 4849 4853
f 4887 4853 4888
f 4888 4853 4855
f 4888 4855 4889
f 4889 4855 4854
f 4888 4889 4890
f 4890 4889 4891
f 4890 4891 4879
f 4879 4891 4877
f 4892 4893 4872
f 4872 4893 4894
f 4872 4894 4870
f 4870 4894 4868
f 4892 4895 4893
f 4893 4895 4896
f 4893 4896 4897
f 4897 4896 4898
f 4897 4898 4899
f 4899 4898 4900
f 4899 4900 4901
f 4901 4900 4902
f 4901 4902 4903
f 4904 4905 4895
f 4895 4905 4906
f 4895 4906 4896
f 4896 4906 4898
f 4905 4904 4907
f 4907 4904 4908
f 4907 4908 4900
f 4900 4908 4902
f 4901 4903 4861
f 4861 4903 4860
f 4901 4861 4909
f 4909 4861 4862
f 4909 4862 4864
f 4906 4905 4907
f 4906 4907 4898
f 4898 4907 4900
f 4865 4886 4910
f 4910 4886 4885
f 4910 4885 4911
f 4911 4885 4884
f 4911 4884 4882
f 4865 4910 4867
f 4867 4910 4912
f 4867 4912 4869
f 4869 4912 4913
f 4869 4913 4871
f 4871 4913 4873
f 4912 4910 4911
f 4868 4894 4914
f 4914 4894 4893
f 4914 4893 4897
f 4868 4914 4866
f 4866 4914 4915
f 4866 4915 4864
f 4864 4915 4909
f 4915 4914 4897
f 4883 4887 4881
f 4881 4887 4890
f 4881 4890 4879
f 4888 4890 4887
f 4880 4916 4917
f 4917 4916 4913
f 4917 4913 4912
f 4875 4873 4916
f 4916 4873 4913
f 4875 4916 4878
f 4878 4916 4880
f 4911 4882 4917
f 4917 4882 4880
f 4911 4917 4912
f 4909 4915 4899
f 4899 4915 4897
f 4901 4909 4899
f 4689 4860 4918
f 4918 4860 4919
f 4918 4919 4920
f 4920 4919 4921
f 4920 4921 4922
f 4922 4921 4923
f 4922 4923 4924
f 4924 4923 4925
f 4924 4925 4926
f 4926 4925 4927
f 4926 4927 4928
f 4860 4903 4919
f 4919 4903 4929
f 4919 4929 4930
f 4930 4929 4931
f 4930 4931 4932
f 4932 4931 4933
f 4932 4933 4934
f 4934 4933 4935
f 4934 4935 4936
f 4936 4935 4937
f 4936 4937 4938
f 4938 4937 4939
f 4939 4937 4940
f 4939 4940 4941
f 4941 4940 4942
f 4941 4942 4943
f 4943 4942 4944
f 4943 4944 4904
f 4904 4944 4908
f 4908 4944 4945
f 4908 4945 4902
f 4902 4945 4929
f 4902 4929 4903
f 4943 4904 4946
f 4946 4904 4895
f 4946 4895 4892
f 4892 4947 4946
f 4946 4947 4941
f 4946 4941 4943
f 4947 4939 4941
f 4936 4948 4934
f 4934 4948 4949
f 4934 4949 4932
f 4932 4949 4950
f 4932 4950 4930
f 4930 4950 4921
f 4930 4921 4919
f 4948 4951 4949
f 4949 4951 4952
f 4949 4952 4950
f 4950 4952 4923
f 4950 4923 4921
f 4951 4927 4952
f 4952 4927 4925
f 4952 4925 4923
f 4929 4945 4931
f 4931 4945 4953
f 4931 4953 4933
f 4933 4953 4954
f 4933 4954 4935
f 4935 4954 4937
f 4945 4944 4953
f 4953 4944 4942
f 4953 4942 4954
f 4954 4942 4940
f 4954 4940 4937
f 4955 4689 4956
f 4956 4689 4918
f 4956 4918 4957
f 4957 4918 4958
f 4957 4958 4959
f 4959 4958 4960
f 4959 4960 4961
f 4961 4960 4962
f 4961 4962 4963
f 4963 4962 4964
f 4963 4964 4965
f 4965 4964 4966
f 4965 4966 4967
f 4918 4920 4958
f 4958 4920 4968
f 4958 4968 4960
f 4960 4968 4969
f 4960 4969 4962
f 4962 4969 4970
f 4962 4970 4964
f 4964 4970 4966
f 4920 4922 4968
f 4968 4922 4971
f 4968 4971 4969
f 4969 4971 4972
f 4969 4972 4970
f 4970 4972 4973
f 4970 4973 4966
f 4922 4924 4971
f 4971 4924 4974
f 4971 4974 4972
f 4972 4974 4973
f 4924 4926 4974
f 4974 4926 4973
f 4926 4928 4973
f 4965 4967 4975
f 4975 4967 4976
f 4975 4976 4977
f 4978 4979 4977
f 4977 4979 4980
f 4977 4980 4975
f 4975 4980 4981
f 4975 4981 4965
f 4965 4981 4963
f 4982 4983 4978
f 4978 4983 4984
f 4978 4984 4979
f 4979 4984 4985
f 4979 4985 4986
f 4986 4985 4987
f 4986 4987 4988
f 4988 4987 4989
f 4988 4989 4961
f 4961 4989 4959
f 4983 4982 4990
f 4990 4982 4991
f 4990 4991 4992
f 4992 4991 4993
f 4992 4993 4994
f 4994 4993 4995
f 4994 4995 4996
f 4996 4995 4997
f 4996 4997 4998
f 4998 4997 4955
f 4998 4955 4956
f 4998 4956 4999
f 4999 4956 4957
f 4999 4957 4959
f 4996 4998 5000
f 5000 4998 4999
f 5000 4999 4989
f 4989 4999 4959
f 4994 4996 5001
f 5001 4996 5000
f 5001 5000 4987
f 4987 5000 4989
f 4983 4990 4992
f 4992 4994 5002
f 5002 4994 5001
f 5002 5001 4985
f 4985 5001 4987
f 4985 4984 5002
f 5002 4984 4983
f 5002 4983 4992
f 4961 4963 4988
f 4988 4963 4981
f 4988 4981 4986
f 4986 4981 4980
f 4986 4980 4979
f 5003 5004 5005
f 5005 5004 5006
f 5005 5006 5007
f 5007 5006 5008
f 5007 5008 5009
f 5009 5008 5010
f 5009 5010 5011
f 5011 5010 5012
f 5011 5012 5013
f 5013 5012 5014
f 5014 5012 5015
f 5014 5015 5016
f 5016 5015 5017
f 5017 5015 5018
f 5017 5018 5019
f 5019 5018 5020
f 5019 5020 5021
f 5021 5020 5022
f 5021 5022 5023
f 5023 5022 5004
f 5023 5004 5003
f 5003 5024 5023
f 5023 5024 5025
f 5023 5025 5021
f 5021 5025 5026
f 5021 5026 5019
f 5019 5026 5027
f 5019 5027 5017
f 5024 5028 5025
f 5025 5028 5029
f 5025 5029 5026
f 5026 5029 5027
f 5028 5030 5029
f 5029 5030 5031
f 5029 5031 5027
f 5011 5013 5032
f 5032 5013 5033
f 5032 5033 5034
f 5032 5034 5009
f 5009 5034 5007
f 5004 5022 5006
f 5006 5022 5035
f 5006 5035 5008
f 5008 5035 5010
f 5011 5032 5009
f 5022 5020 5035
f 5035 5020 5036
f 5035 5036 5010
f 5010 5036 5012
f 5015 5012 5036
f 5015 5036 5018
f 5018 5036 5020
f 5017 5037 5016
f 5016 5037 5038
f 5016 5038 5039
f 5039 5038 5040
f 5039 5040 5041
f 5041 5040 5042
f 5041 5042 5043
f 5043 5042 5044
f 5044 5042 5045
f 5044 5045 5046
f 5046 5045 5047
f 5046 5047 5048
f 5048 5047 5049
f 5049 5047 5050
f 5049 5050 5051
f 5051 5050 5052
f 5051 5052 5053
f 5053 5052 5054
f 5053 5054 5030
f 5030 5054 5031
f 5031 5054 5027
f 5027 5054 5055
f 5027 5055 5017
f 5017 5055 5037
f 5038 5037 5056
f 5056 5037 5055
f 5056 5055 5052
f 5052 5055 5054
f 5045 5042 5040
f 5040 5038 5057
f 5057 5038 5056
f 5057 5056 5050
f 5050 5056 5052
f 5047 5045 5057
f 5057 5045 5040
f 5047 5057 5050
f 5058 5048 5059
f 5059 5048 5049
f 5059 5049 5060
f 5060 5049 5051
f 5060 5051 5061
f 5061 5051 5053
f 5061 5053 5030
f 5030 5062 5061
f 5061 5062 5063
f 5061 5063 5064
f 5064 5063 5065
f 5064 5065 5066
f 5066 5065 5067
f 5066 5067 5068
f 5066 5068 5069
f 5069 5068 5070
f 5069 5070 5071
f 5071 5070 5072
f 5071 5072 5073
f 5071 5073 5074
f 5074 5073 5058
f 5074 5058 5059
f 5069 5071 5074
f 5074 5059 5075
f 5075 5059 5060
f 5075 5060 5064
f 5064 5060 5061
f 5066 5069 5075
f 5075 5069 5074
f 5066 5075 5064
f 5065 5076 5067
f 5067 5076 5077
f 5067 5077 5078
f 5078 5077 5079
f 5078 5079 5080
f 5080 5079 5081
f 5080 5081 5082
f 5082 5081 5083
f 5083 5081 5084
f 5083 5084 5085
f 5085 5084 5086
f 5085 5086 5087
f 5087 5086 5088
f 5088 5086 5089
f 5088 5089 5090
f 5090 5089 5091
f 5090 5091 5092
f 5092 5091 5076
f 5092 5076 5065
f 5065 5063 5092
f 5092 5063 5093
f 5092 5093 5090
f 5090 5093 5094
f 5090 5094 5088
f 5063 5062 5093
f 5093 5062 5030
f 5093 5030 5095
f 5095 5094 5093
f 5076 5091 5077
f 5077 5091 5096
f 5077 5096 5079
f 5079 5096 5084
f 5079 5084 5081
f 5086 5084 5096
f 5086 5096 5089
f 5089 5096 5091
f 5097 5087 5098
f 5098 5087 5088
f 5098 5088 5099
f 5099 5088 5094
f 5099 5094 5100
f 5100 5094 5095
f 5100 5095 5101
f 5101 5095 5030
f 5101 5030 5102
f 5102 5103 5101
f 5101 5103 5104
f 5101 5104 5100
f 5100 5104 5105
f 5100 5105 5106
f 5106 5105 5107
f 5106 5107 5108
f 5108 5107 5109
f 5108 5109 5110
f 5110 5109 5111
f 5111 5109 5112
f 5112 5109 5107
f 5112 5107 5113
f 5113 5107 5105
f 5113 5105 5114
f 5114 5105 5104
f 5114 5104 5115
f 5115 5104 5103
f 5115 5116 5114
f 5114 5116 5117
f 5114 5117 5113
f 5113 5117 5112
f 5110 5097 5108
f 5108 5097 5098
f 5108 5098 5099
f 5106 5108 5099
f 5100 5106 5099
f 5118 5119 5120
f 5120 5119 5121
f 5120 5121 5122
f 5122 5121 5123
f 5122 5123 5124
f 5124 5123 5125
f 5124 5125 5126
f 5126 5125 5127
f 5126 5127 5128
f 5128 5127 5129
f 5128 5129 5130
f 5123 5131 5125
f 5125 5131 5132
f 5125 5132 5127
f 5127 5132 5129
f 5133 5134 5131
f 5131 5134 5132
f 5134 5129 5132
f 5135 5136 5130
f 5130 5136 5137
f 5130 5137 5128
f 5128 5137 5138
f 5128 5138 5126
f 5126 5138 5139
f 5126 5139 5124
f 5124 5139 5122
f 5135 5140 5136
f 5136 5140 5141
f 5136 5141 5142
f 5142 5141 5143
f 5142 5143 5144
f 5144 5143 5145
f 5144 5145 5146
f 5146 5145 5147
f 5146 5147 5120
f 5120 5147 5118
f 5141 5140 5148
f 5148 5140 5149
f 5148 5149 5150
f 5150 5149 5151
f 5150 5151 5152
f 5152 5151 5153
f 5152 5153 5154
f 5154 5153 5118
f 5154 5118 5147
f 5149 5155 5151
f 5151 5155 5153
f 5147 5145 5154
f 5154 5145 5156
f 5154 5156 5152
f 5152 5156 5150
f 5120 5122 5146
f 5146 5122 5139
f 5146 5139 5144
f 5144 5139 5138
f 5144 5138 5142
f 5142 5138 5137
f 5142 5137 5136
f 5148 5150 5156
f 5148 5156 5143
f 5143 5156 5145
f 5148 5143 5141
f 5157 5135 5158
f 5158 5135 5130
f 5158 5130 5159
f 5159 5130 5129
f 5159 5129 5160
f 5160 5129 5134
f 5160 5134 5161
f 5161 5134 5162
f 5161 5162 5163
f 5134 5133 5162
f 5164 5165 5163
f 5163 5165 5166
f 5163 5166 5161
f 5161 5166 5160
f 5165 5164 5167
f 5167 5164 5168
f 5167 5168 5169
f 5167 5169 5170
f 5170 5169 5171
f 5170 5171 5172
f 5172 5171 5173
f 5172 5173 5174
f 5174 5173 5175
f 5174 5175 5176
f 5176 5175 5157
f 5176 5157 5158
f 5171 5177 5173
f 5173 5177 5175
f 5176 5158 5178
f 5178 5158 5159
f 5178 5159 5179
f 5179 5159 5160
f 5179 5160 5166
f 5174 5176 5180
f 5180 5176 5178
f 5180 5178 5181
f 5181 5178 5179
f 5181 5179 5165
f 5165 5179 5166
f 5170 5172 5180
f 5180 5172 5174
f 5170 5180 5181
f 5167 5170 5181
f 5167 5181 5165
f 5182 5168 5183
f 5183 5168 5164
f 5183 5164 5184
f 5184 5164 5163
f 5184 5163 5185
f 5185 5163 5186
f 5185 5186 5187
f 5187 5186 5188
f 5187 5188 5189
f 5189 5188 5190
f 5189 5190 5191
f 5163 5162 5186
f 5186 5162 5192
f 5186 5192 5188
f 5188 5192 5193
f 5188 5193 5190
f 5133 5193 5162
f 5162 5193 5192
f 5189 5191 5194
f 5194 5191 5195
f 5194 5195 5196
f 5194 5196 5197
f 5197 5196 5198
f 5197 5198 5199
f 5199 5198 5200
f 5199 5200 5201
f 5201 5200 5202
f 5201 5202 5203
f 5203 5202 5204
f 5203 5204 5182
f 5198 5205 5200
f 5200 5205 5206
f 5200 5206 5202
f 5202 5206 5204
f 5205 5207 5206
f 5206 5207 5204
f 5203 5182 5183
f 5203 5183 5208
f 5208 5183 5184
f 5208 5184 5209
f 5209 5184 5185
f 5209 5185 5187
f 5203 5208 5201
f 5201 5208 5210
f 5201 5210 5199
f 5199 5210 5197
f 5210 5208 5209
f 5210 5209 5211
f 5211 5209 5187
f 5211 5187 5189
f 5194 5197 5211
f 5211 5197 5210
f 5194 5211 5189
f 5212 5195 5213
f 5213 5195 5191
f 5213 5191 5214
f 5214 5191 5190
f 5214 5190 5215
f 5215 5190 5193
f 5215 5193 5216
f 5216 5193 5217
f 5216 5217 5218
f 5218 5217 5219
f 5218 5219 5220
f 5133 5221 5193
f 5193 5221 5217
f 5221 5219 5217
f 5218 5220 5222
f 5222 5220 5223
f 5222 5223 5224
f 5225 5226 5224
f 5224 5226 5227
f 5224 5227 5222
f 5222 5227 5228
f 5222 5228 5218
f 5218 5228 5216
f 5229 5230 5225
f 5225 5230 5231
f 5225 5231 5226
f 5226 5231 5232
f 5226 5232 5233
f 5233 5232 5214
f 5233 5214 5215
f 5229 5234 5230
f 5230 5234 5235
f 5230 5235 5236
f 5236 5235 5212
f 5236 5212 5213
f 5231 5230 5236
f 5214 5232 5213
f 5213 5232 5236
f 5232 5231 5236
f 5227 5226 5233
f 5216 5228 5215
f 5215 5228 5233
f 5228 5227 5233
f 5237 5223 5238
f 5238 5223 5220
f 5238 5220 5219
f 5221 5239 5219
f 5219 5239 5240
f 5219 5240 5238
f 5238 5240 5241
f 5238 5241 5242
f 5242 5241 5243
f 5242 5243 5244
f 5244 5243 5245
f 5244 5245 5246
f 5246 5245 5247
f 5246 5247 5248
f 5133 5249 5221
f 5221 5249 5250
f 5221 5250 5239
f 5239 5250 5251
f 5239 5251 5252
f 5252 5251 5253
f 5252 5253 5254
f 5254 5253 5255
f 5254 5255 5256
f 5256 5255 5247
f 5256 5247 5245
f 5250 5249 5251
f 5251 5249 5257
f 5251 5257 5253
f 5253 5257 5258
f 5253 5258 5255
f 5255 5258 5259
f 5255 5259 5247
f 5258 5260 5259
f 5248 5261 5246
f 5246 5261 5244
f 5244 5261 5242
f 5242 5261 5237
f 5242 5237 5238
f 5241 5240 5252
f 5252 5240 5239
f 5243 5241 5254
f 5254 5241 5252
f 5245 5243 5256
f 5256 5243 5254
f 5262 5263 5264
f 5264 5263 5265
f 5264 5265 5266
f 5266 5265 5267
f 5266 5267 5268
f 5268 5267 5269
f 5268 5269 5270
f 5270 5269 5271
f 5270 5271 5272
f 5272 5271 5273
f 5272 5273 5274
f 5274 5273 5275
f 5274 5275 5276
f 5276 5275 5277
f 5276 5277 5278
f 5278 5277 5279
f 5278 5279 5280
f 5280 5279 5281
f 5280 5281 5282
f 5282 5281 5283
f 5282 5283 5284
f 5284 5283 5285
f 5284 5285 5286
f 5286 5285 5287
f 5286 5287 5288
f 5288 5287 5289
f 5288 5289 5290
f 5290 5289 5291
f 5290 5291 5292
f 5292 5291 5293
f 5292 5293 5294
f 5294 5293 5295
f 5294 5295 5296
f 5296 5295 5297
f 5265 5263 5298
f 5298 5263 5299
f 5298 5299 5300
f 5300 5299 5301
f 5300 5301 5267
f 5267 5301 5302
f 5267 5302 5269
f 5269 5302 5303
f 5269 5303 5271
f 5271 5303 5304
f 5271 5304 5273
f 5273 5304 5305
f 5273 5305 5275
f 5275 5305 5306
f 5275 5306 5277
f 5277 5306 5307
f 5277 5307 5308
f 5301 5309 5302
f 5302 5309 5303
f 5309 5310 5303
f 5303 5310 5304
f 5304 5310 5305
f 5305 5310 5311
f 5305 5311 5306
f 5306 5311 5307
f 5308 5279 5277
f 5283 5281 5312
f 5312 5281 5313
f 5312 5313 5314
f 5314 5313 5315
f 5314 5316 5312
f 5312 5316 5285
f 5312 5285 5283
f 5316 5287 5285
f 5294 5296 5317
f 5317 5296 5318
f 5317 5318 5319
f 5319 5318 5264
f 5319 5264 5320
f 5320 5264 5266
f 5320 5266 5268
f 5265 5298 5300
f 5267 5265 5300
f 5276 5278 5321
f 5321 5278 5280
f 5321 5280 5322
f 5322 5280 5282
f 5322 5282 5284
f 5274 5276 5323
f 5323 5276 5321
f 5323 5321 5324
f 5324 5321 5322
f 5324 5322 5325
f 5325 5322 5284
f 5325 5284 5286
f 5272 5274 5326
f 5326 5274 5323
f 5326 5323 5327
f 5327 5323 5324
f 5327 5324 5328
f 5328 5324 5325
f 5328 5325 5288
f 5288 5325 5286
f 5270 5272 5329
f 5329 5272 5326
f 5329 5326 5330
f 5330 5326 5327
f 5330 5327 5331
f 5331 5327 5328
f 5331 5328 5290
f 5290 5328 5288
f 5268 5270 5332
f 5332 5270 5329
f 5332 5329 5333
f 5333 5329 5330
f 5333 5330 5334
f 5334 5330 5331
f 5334 5331 5292
f 5292 5331 5290
f 5319 5320 5332
f 5332 5320 5268
f 5319 5332 5333
f 5292 5294 5334
f 5334 5294 5317
f 5334 5317 5333
f 5333 5317 5319
f 621 5335 623
f 623 5335 5336
f 623 5336 5337
f 5337 5336 5338
f 5337 5338 5339
f 5339 5338 5340
f 5339 5340 5341
f 5341 5340 172
f 5341 172 5342
f 5342 172 174
f 5342 174 5343
f 5343 174 208
f 5343 208 5344
f 5344 208 207
f 5344 207 5345
f 5345 207 5346
f 5345 5346 5347
f 5347 5346 5348
f 5347 5348 5349
f 5349 5348 5350
f 5349 5350 5351
f 5351 5350 5352
f 5351 5352 618
f 618 5352 5353
f 618 5353 620
f 620 5353 5354
f 620 5354 621
f 621 5354 5335
f 5351 618 5355
f 5355 618 1244
f 5355 1244 1243
f 5355 1243 5356
f 5356 1243 1242
f 5356 1242 5357
f 5357 1242 623
f 5357 623 5337
f 5346 207 5358
f 5358 207 1245
f 5358 1245 1246
f 5358 1246 5359
f 5359 1246 1247
f 5359 1247 5360
f 5360 1247 172
f 5360 172 5340
f 5339 5341 5337
f 5337 5341 5342
f 5337 5342 5357
f 5357 5342 5343
f 5357 5343 5356
f 5356 5343 5344
f 5356 5344 5355
f 5355 5344 5345
f 5355 5345 5351
f 5351 5345 5347
f 5351 5347 5349
f 5361 5362 5363
f 5363 5362 5364
f 5365 5361 5366
f 5366 5361 5363
f 5367 5368 5369
f 5369 5368 5370
f 5370 5368 5371
f 5370 5371 5372
f 5372 5371 5373
f 5372 5373 5374
f 5374 5373 5365
f 5374 5365 5366
f 5375 5376 5377
f 5377 5376 5378
f 5378 5376 5379
f 5378 5379 5380
f 5380 5379 5381
f 5380 5381 5382
f 5382 5381 5367
f 5382 5367 5369
f 5383 5375 5384
f 5384 5375 5377
f 5385 5386 5387
f 5387 5386 5388
f 5388 5386 5389
f 5388 5389 5390
f 5390 5389 5391
f 5390 5391 5392
f 5392 5391 5383
f 5392 5383 5384
f 5393 5394 5395
f 5395 5394 5396
f 5396 5394 5397
f 5396 5397 5398
f 5398 5397 5399
f 5398 5399 5400
f 5400 5399 5385
f 5400 5385 5387
f 5401 5393 5402
f 5402 5393 5395
f 5362 5401 5364
f 5364 5401 5402
f 5363 5364 5366
f 5366 5364 5402
f 5366 5402 5395
f 5395 5396 5366
f 5366 5396 5398
f 5366 5398 5400
f 5366 5400 5374
f 5374 5400 5387
f 5374 5387 5372
f 5372 5387 5370
f 5370 5387 5388
f 5370 5388 5369
f 5369 5388 5390
f 5369 5390 5382
f 5382 5390 5380
f 5380 5390 5392
f 5380 5392 5378
f 5378 5392 5384
f 5378 5384 5377
f 5403 5404 5405
f 5405 5404 5406
f 5407 5408 5409
f 5409 5408 5410
f 5410 5408 5411
f 5410 5411 5412
f 5412 5411 5413
f 5412 5413 5414
f 5414 5413 5403
f 5414 5403 5405
f 5415 5416 5417
f 5417 5416 5418
f 5418 5416 5419
f 5418 5419 5420
f 5420 5419 5421
f 5420 5421 5422
f 5422 5421 5407
f 5422 5407 5409
f 5423 5424 5425
f 5425 5424 5426
f 5426 5424 5427
f 5426 5427 5428
f 5428 5427 5429
f 5428 5429 5430
f 5430 5429 5415
f 5430 5415 5417
f 5431 5432 5433
f 5433 5432 5434
f 5434 5432 5435
f 5434 5435 5436
f 5436 5435 5437
f 5436 5437 5438
f 5438 5437 5423
f 5438 5423 5425
f 5439 5440 5441
f 5441 5440 5442
f 5442 5440 5443
f 5442 5443 5444
f 5444 5443 5445
f 5444 5445 5446
f 5446 5445 5431
f 5446 5431 5433
f 5447 5448 5449
f 5449 5448 5450
f 5450 5448 5451
f 5450 5451 5452
f 5452 5451 5453
f 5452 5453 5454
f 5454 5453 5439
f 5454 5439 5441
f 5455 5456 5457
f 5457 5456 5458
f 5458 5456 5459
f 5458 5459 5460
f 5460 5459 5461
f 5460 5461 5462
f 5462 5461 5447
f 5462 5447 5449
f 5463 5455 5464
f 5464 5455 5457
f 5404 5463 5406
f 5406 5463 5464
f 5465 5466 5467
f 5467 5466 5468
f 5469 5470 5471
f 5471 5470 5472
f 5472 5470 5473
f 5472 5473 5474
f 5474 5473 5475
f 5474 5475 5476
f 5476 5475 5465
f 5476 5465 5467
f 5477 5478 5479
f 5479 5478 5480
f 5480 5478 5481
f 5480 5481 5482
f 5482 5481 5483
f 5482 5483 5484
f 5484 5483 5469
f 5484 5469 5471
f 5485 5486 5487
f 5487 5486 5488
f 5488 5486 5489
f 5488 5489 5490
f 5490 5489 5491
f 5490 5491 5492
f 5492 5491 5477
f 5492 5477 5479
f 5493 5494 5495
f 5495 5494 5496
f 5496 5494 5497
f 5496 5497 5498
f 5498 5497 5499
f 5498 5499 5500
f 5500 5499 5485
f 5500 5485 5487
f 5501 5502 5503
f 5503 5502 5504
f 5504 5502 5505
f 5504 5505 5506
f 5506 5505 5507
f 5506 5507 5508
f 5508 5507 5493
f 5508 5493 5495
f 5509 5510 5511
f 5511 5510 5512
f 5512 5510 5513
f 5512 5513 5514
f 5514 5513 5515
f 5514 5515 5516
f 5516 5515 5501
f 5516 5501 5503
f 5517 5509 5518
f 5518 5509 5511
f 5466 5517 5468
f 5468 5517 5518
f 5519 5520 5521
f 5521 5520 5522
f 5523 5519 5524
f 5524 5519 5521
f 5525 5526 5527
f 5527 5526 5528
f 5528 5526 5529
f 5528 5529 5530
f 5530 5529 5531
f 5530 5531 5532
f 5532 5531 5523
f 5532 5523 5524
f 5533 5534 5535
f 5535 5534 5536
f 5536 5534 5537
f 5536 5537 5538
f 5538 5537 5539
f 5538 5539 5540
f 5540 5539 5525
f 5540 5525 5527
f 5541 5542 5543
f 5543 5542 5544
f 5544 5542 5545
f 5544 5545 5546
f 5546 5545 5547
f 5546 5547 5548
f 5548 5547 5533
f 5548 5533 5535
f 5549 5550 5551
f 5551 5550 5552
f 5552 5550 5553
f 5552 5553 5554
f 5554 5553 5555
f 5554 5555 5556
f 5556 5555 5541
f 5556 5541 5543
f 5557 5558 5559
f 5559 5558 5560
f 5560 5558 5561
f 5560 5561 5562
f 5562 5561 5563
f 5562 5563 5564
f 5564 5563 5549
f 5564 5549 5551
f 5565 5566 5567
f 5567 5566 5568
f 5568 5566 5569
f 5568 5569 5570
f 5570 5569 5571
f 5570 5571 5572
f 5572 5571 5557
f 5572 5557 5559
f 5573 5574 5575
f 5575 5574 5576
f 5576 5574 5577
f 5576 5577 5578
f 5578 5577 5579
f 5578 5579 5580
f 5580 5579 5565
f 5580 5565 5567
f 5581 5582 5583
f 5583 5582 5584
f 5584 5582 5585
f 5584 5585 5586
f 5586 5585 5587
f 5586 5587 5588
f 5588 5587 5573
f 5588 5573 5575
f 5589 5590 5591
f 5591 5590 5592
f 5592 5590 5593
f 5592 5593 5594
f 5594 5593 5595
f 5594 5595 5596
f 5596 5595 5581
f 5596 5581 5583
f 5597 5598 5599
f 5599 5598 5600
f 5600 5598 5601
f 5600 5601 5602
f 5602 5601 5603
f 5602 5603 5604
f 5604 5603 5589
f 5604 5589 5591
f 5605 5606 5607
f 5607 5606 5608
f 5608 5606 5609
f 5608 5609 5610
f 5610 5609 5611
f 5610 5611 5612
f 5612 5611 5597
f 5612 5597 5599
f 5520 5605 5522
f 5522 5605 5607
f 5607 5406 5522
f 5522 5406 5464
f 5522 5464 5521
f 5521 5464 5468
f 5521 5468 5518
f 5608 5414 5607
f 5607 5414 5405
f 5607 5405 5406
f 5414 5608 5412
f 5412 5608 5610
f 5412 5610 5410
f 5410 5610 5409
f 5409 5610 5612
f 5409 5612 5422
f 5422 5612 5420
f 5420 5612 5599
f 5420 5599 5418
f 5418 5599 5600
f 5418 5600 5417
f 5417 5600 5602
f 5417 5602 5430
f 5430 5602 5604
f 5430 5604 5428
f 5428 5604 5591
f 5428 5591 5426
f 5426 5591 5592
f 5426 5592 5425
f 5425 5592 5594
f 5425 5594 5596
f 5425 5596 5438
f 5438 5596 5583
f 5438 5583 5436
f 5436 5583 5584
f 5436 5584 5586
f 5436 5586 5434
f 5434 5586 5588
f 5434 5588 5433
f 5433 5588 5575
f 5433 5575 5576
f 5433 5576 5446
f 5446 5576 5578
f 5446 5578 5580
f 5446 5580 5444
f 5444 5580 5567
f 5444 5567 5442
f 5442 5567 5568
f 5442 5568 5441
f 5441 5568 5570
f 5441 5570 5454
f 5454 5570 5572
f 5454 5572 5452
f 5452 5572 5559
f 5452 5559 5450
f 5450 5559 5449
f 5449 5559 5484
f 5449 5484 5471
f 5560 5480 5559
f 5559 5480 5482
f 5559 5482 5484
f 5480 5560 5479
f 5479 5560 5562
f 5479 5562 5492
f 5492 5562 5564
f 5492 5564 5490
f 5490 5564 5551
f 5490 5551 5488
f 5488 5551 5552
f 5488 5552 5554
f 5488 5554 5487
f 5487 5554 5556
f 5487 5556 5543
f 5487 5543 5500
f 5500 5543 5544
f 5500 5544 5546
f 5500 5546 5498
f 5498 5546 5548
f 5498 5548 5535
f 5498 5535 5496
f 5496 5535 5536
f 5496 5536 5495
f 5495 5536 5538
f 5495 5538 5508
f 5508 5538 5540
f 5508 5540 5506
f 5506 5540 5527
f 5506 5527 5504
f 5504 5527 5528
f 5504 5528 5503
f 5503 5528 5530
f 5503 5530 5516
f 5516 5530 5532
f 5516 5532 5514
f 5514 5532 5524
f 5514 5524 5512
f 5512 5524 5511
f 5511 5524 5518
f 5518 5524 5521
f 5449 5471 5462
f 5462 5471 5472
f 5462 5472 5460
f 5460 5472 5474
f 5460 5474 5458
f 5458 5474 5476
f 5458 5476 5457
f 5457 5476 5467
f 5457 5467 5464
f 5464 5467 5468
f 3518 5335 5613
f 5613 5335 5354
f 5613 5354 5353
f 3519 5614 3518
f 3518 5614 5615
f 3518 5615 5362
f 5362 5615 5616
f 5362 5616 5617
f 3519 3512 5614
f 5615 5618 5616
f 5616 5618 5619
f 5619 5618 5620
f 5620 5618 5621
f 5620 5621 5622
f 3343 5623 5617
f 5617 5623 5624
f 5617 5624 5625
f 3344 5626 3343
f 3343 5626 5627
f 3343 5627 5628
f 5626 3344 5629
f 5629 3344 3351
f 5629 3351 3331
f 5629 3331 5630
f 5630 3331 3320
f 5630 3320 3321
f 5630 3321 5631
f 5631 3321 3330
f 5631 3330 5632
f 5632 3330 5633
f 5632 5633 5634
f 5634 5633 5635
f 5634 5635 5636
f 5636 5635 5637
f 5636 5637 5638
f 5638 5637 5639
f 5638 5639 5640
f 5640 5639 5641
f 5640 5641 5642
f 5642 5641 5643
f 5642 5643 5644
f 5644 5643 5645
f 5644 5645 5646
f 5646 5645 5647
f 5646 5647 5648
f 5648 5647 5649
f 5648 5649 5650
f 5650 5649 5651
f 5650 5651 5652
f 5652 5651 5653
f 5652 5653 5654
f 5654 5653 5655
f 5654 5655 5656
f 5656 5655 5657
f 5657 5655 5658
f 5657 5658 5659
f 5660 5661 5643
f 5643 5661 5662
f 5643 5662 5663
f 5664 5665 5660
f 5660 5665 5666
f 5660 5666 5667
f 5664 5668 5665
f 5665 5668 5669
f 5669 5668 5670
f 5669 5670 5671
f 5669 5671 5672
f 5672 5671 5673
f 5672 5673 5674
f 5674 5673 1316
f 5674 1316 5675
f 5675 1316 1317
f 5675 1317 5676
f 5676 1317 1319
f 5676 1319 1321
f 5676 1321 5677
f 5677 1321 1323
f 5677 1323 1350
f 5677 1350 5678
f 5678 1350 1349
f 5678 1349 5679
f 5679 1349 1415
f 5679 1415 5680
f 5680 1415 5681
f 5681 1415 5682
f 5682 1415 5683
f 5683 1415 5684
f 5684 1415 5685
f 5685 1415 5686
f 5686 1415 5687
f 5687 1415 5358
f 5687 5358 5359
f 5358 1415 5346
f 5346 1415 1405
f 5346 1405 5348
f 5348 1405 1403
f 5348 1403 5350
f 5350 1403 1391
f 5350 1391 5688
f 5688 1391 5689
f 5689 1391 1392
f 5688 5690 5350
f 5350 5690 5352
f 5352 5690 5691
f 5352 5691 5613
f 5613 5691 5692
f 5692 5691 5693
f 5340 5338 5520
f 5520 5338 5336
f 5520 5336 5335
f 5353 5352 5613
f 5360 5519 5359
f 5359 5519 5694
f 5359 5694 5687
f 5519 5360 5520
f 5520 5360 5340
f 5362 5361 3518
f 3518 5361 5335
f 5365 5373 5361
f 5361 5373 5371
f 5361 5371 5368
f 5368 5367 5361
f 5361 5367 5381
f 5361 5381 5379
f 5379 5376 5361
f 5361 5376 5375
f 5361 5375 5574
f 5574 5375 5577
f 5577 5375 5579
f 5579 5375 5565
f 5565 5375 5566
f 5566 5375 5549
f 5566 5549 5563
f 5383 5555 5375
f 5375 5555 5553
f 5375 5553 5550
f 5391 5547 5383
f 5383 5547 5545
f 5383 5545 5542
f 5547 5391 5533
f 5533 5391 5389
f 5533 5389 5386
f 5533 5386 5534
f 5534 5386 5385
f 5534 5385 5399
f 5399 5397 5534
f 5534 5397 5537
f 5537 5397 5394
f 5537 5394 5393
f 5401 5695 5393
f 5393 5695 5531
f 5393 5531 5529
f 5362 5617 5401
f 5401 5617 5696
f 5401 5696 5697
f 5523 5698 5519
f 5519 5698 5699
f 5519 5699 5694
f 5523 5531 5698
f 5698 5531 5700
f 5698 5700 5701
f 5701 5700 5661
f 5701 5661 5660
f 5529 5526 5393
f 5393 5526 5525
f 5393 5525 5539
f 5539 5537 5393
f 5542 5541 5383
f 5383 5541 5555
f 5550 5549 5375
f 5566 5563 5569
f 5569 5563 5561
f 5569 5561 5571
f 5571 5561 5558
f 5571 5558 5557
f 5574 5573 5361
f 5361 5573 5587
f 5361 5587 5585
f 5585 5582 5361
f 5361 5582 5581
f 5361 5581 5595
f 5595 5593 5361
f 5361 5593 5590
f 5361 5590 5589
f 5589 5603 5361
f 5361 5603 5601
f 5361 5601 5598
f 5598 5597 5361
f 5361 5597 5611
f 5361 5611 5609
f 5609 5606 5361
f 5361 5606 5335
f 5606 5605 5335
f 5335 5605 5520
f 5702 5703 5704
f 5704 5703 5705
f 5704 5705 5706
f 5706 5705 5707
f 5707 5705 5708
f 5707 5708 5709
f 5702 5710 5703
f 5703 5710 5711
f 5711 5710 5712
f 5712 5710 5713
f 5712 5713 5714
f 5714 5713 5659
f 5659 5713 5657
f 5652 5654 5715
f 5715 5654 5716
f 5715 5716 5717
f 5718 5719 5717
f 5717 5719 5720
f 5717 5720 5715
f 5721 5722 5718
f 5718 5722 5723
f 5718 5723 5719
f 5724 5725 5721
f 5721 5725 5726
f 5721 5726 5722
f 5724 5704 5725
f 5725 5704 5706
f 5707 5709 5727
f 5727 5709 5728
f 5727 5728 5729
f 5729 5728 5730
f 5729 5730 5731
f 5731 5730 5732
f 5731 5732 5628
f 5628 5732 3343
f 5732 5623 3343
f 5625 5733 5617
f 5617 5733 5734
f 5617 5734 5696
f 5697 5695 5401
f 5695 5700 5531
f 5663 5645 5643
f 5667 5735 5660
f 5660 5735 5736
f 5660 5736 5701
f 5517 5466 5509
f 5509 5466 5465
f 5509 5465 5510
f 5510 5465 5485
f 5510 5485 5499
f 5465 5475 5485
f 5485 5475 5486
f 5486 5475 5473
f 5486 5473 5489
f 5489 5473 5491
f 5491 5473 5470
f 5491 5470 5477
f 5477 5470 5478
f 5478 5470 5483
f 5478 5483 5481
f 5470 5469 5483
f 5499 5497 5510
f 5510 5497 5513
f 5513 5497 5494
f 5513 5494 5515
f 5515 5494 5493
f 5515 5493 5507
f 5507 5505 5515
f 5515 5505 5502
f 5515 5502 5501
f 5708 5737 5709
f 5709 5737 5738
f 5709 5738 5739
f 5709 5739 5728
f 5728 5739 5740
f 5728 5740 5730
f 5730 5740 5741
f 5730 5741 5732
f 5732 5741 5742
f 5732 5742 5623
f 5623 5742 5743
f 5623 5743 5624
f 5624 5743 5625
f 5625 5743 5744
f 5625 5744 5733
f 5733 5744 5745
f 5733 5745 5734
f 5734 5745 5746
f 5734 5746 5696
f 5696 5746 5747
f 5696 5747 5748
f 5696 5748 5697
f 5697 5748 5749
f 5697 5749 5695
f 5695 5749 5750
f 5695 5750 5700
f 5653 5751 5655
f 5655 5751 5752
f 5655 5752 5658
f 5658 5752 5753
f 5754 5755 5756
f 5756 5755 5757
f 5756 5757 5726
f 5726 5757 5722
f 5722 5757 5758
f 5722 5758 5723
f 5723 5758 5759
f 5723 5759 5719
f 5719 5759 5760
f 5719 5760 5720
f 5720 5760 5761
f 5761 5760 5762
f 5761 5762 5763
f 5763 5762 5764
f 5763 5764 5765
f 5765 5764 5766
f 5765 5766 5767
f 5755 5754 5768
f 5768 5754 5769
f 5768 5769 5770
f 5770 5769 5771
f 5771 5769 5772
f 5771 5772 5773
f 5773 5772 5774
f 5773 5774 5775
f 5775 5774 5711
f 5775 5711 5712
f 5714 5776 5712
f 5712 5776 5777
f 5712 5777 5775
f 5776 5714 5778
f 5778 5714 5659
f 5778 5659 5779
f 5779 5659 5780
f 5780 5659 5658
f 5780 5658 5753
f 5780 5753 5781
f 5781 5753 5782
f 5781 5782 5767
f 5767 5782 5765
f 5774 5783 5711
f 5711 5783 5703
f 5703 5783 5784
f 5703 5784 5705
f 5708 5705 5737
f 5737 5705 5784
f 5750 5785 5700
f 5700 5785 5661
f 5661 5785 5786
f 5661 5786 5662
f 5662 5786 5787
f 5662 5787 5663
f 5663 5787 5788
f 5663 5788 5645
f 5645 5788 5789
f 5645 5789 5647
f 5647 5789 5790
f 5647 5790 5649
f 5649 5790 5791
f 5649 5791 5651
f 5653 5651 5751
f 5751 5651 5791
f 5792 5793 5650
f 5650 5793 5648
f 5648 5793 5794
f 5648 5794 5646
f 5646 5794 5795
f 5646 5795 5644
f 5644 5795 5796
f 5644 5796 5642
f 5642 5796 5797
f 5642 5797 5640
f 5640 5797 5798
f 5640 5798 5638
f 5638 5798 5799
f 5638 5799 5636
f 5799 5800 5636
f 5636 5800 5634
f 5634 5800 5801
f 5634 5801 5632
f 5632 5801 5802
f 5632 5802 5631
f 5631 5802 5630
f 5630 5802 5803
f 5630 5803 5629
f 5629 5803 5804
f 5629 5804 5626
f 5626 5804 5805
f 5806 5707 5807
f 5807 5707 5727
f 5807 5727 5808
f 5808 5727 5729
f 5808 5729 5809
f 5809 5729 5731
f 5809 5731 5810
f 5810 5731 5628
f 5810 5628 5811
f 5811 5628 5627
f 5811 5627 5812
f 5812 5627 5626
f 5812 5626 5805
f 5806 5813 5707
f 5707 5813 5706
f 5813 5814 5706
f 5706 5814 5725
f 5725 5814 5756
f 5725 5756 5726
f 5720 5761 5715
f 5715 5761 5815
f 5715 5815 5652
f 5652 5815 5816
f 5650 5652 5792
f 5792 5652 5816
f 5308 5307 5817
f 5817 5307 5818
f 5817 5818 5819
f 5819 5818 5820
f 5819 5820 5821
f 5821 5820 5822
f 5821 5822 5823
f 5823 5822 5824
f 5823 5824 5825
f 5825 5824 5826
f 5825 5826 5827
f 5827 5826 5828
f 5827 5828 5829
f 5829 5828 5830
f 5829 5830 5831
f 5831 5830 5832
f 5831 5832 5833
f 5833 5832 5834
f 5833 5834 5835
f 5835 5834 5836
f 5835 5836 5837
f 5837 5836 5838
f 5837 5838 5839
f 5839 5838 5840
f 5839 5840 5841
f 5841 5840 5842
f 5841 5842 5843
f 5843 5842 5844
f 5843 5844 5845
f 5845 5844 5846
f 5845 5846 5847
f 5847 5846 5848
f 5847 5848 5849
f 5849 5848 5850
f 5849 5850 5851
f 5851 5850 5852
f 5851 5852 5853
f 5853 5852 5854
f 5853 5854 5293
f 5293 5854 5295
f 5295 5854 5855
f 5295 5855 5297
f 5307 5311 5818
f 5818 5311 5856
f 5818 5856 5857
f 5857 5856 5858
f 5857 5858 5859
f 5859 5858 5860
f 5859 5860 5861
f 5861 5860 5862
f 5861 5862 5863
f 5863 5862 5864
f 5863 5864 5865
f 5865 5864 5866
f 5865 5866 5867
f 5867 5866 5868
f 5867 5868 5869
f 5869 5868 5870
f 5869 5870 5871
f 5871 5870 5872
f 5871 5872 5873
f 5873 5872 5874
f 5873 5874 5875
f 5875 5874 5876
f 5875 5876 5877
f 5877 5876 5878
f 5877 5878 5879
f 5311 5310 5856
f 5856 5310 5858
f 5310 5309 5858
f 5858 5309 5880
f 5858 5880 5860
f 5860 5880 5881
f 5860 5881 5862
f 5862 5881 5882
f 5862 5882 5864
f 5864 5882 5883
f 5864 5883 5866
f 5866 5883 5884
f 5866 5884 5868
f 5868 5884 5885
f 5868 5885 5870
f 5870 5885 5886
f 5870 5886 5872
f 5872 5886 5887
f 5872 5887 5874
f 5874 5887 5888
f 5874 5888 5876
f 5876 5888 5889
f 5876 5889 5878
f 5880 5309 5890
f 5890 5309 5301
f 5890 5301 5891
f 5891 5301 5299
f 5891 5299 5892
f 5892 5299 5263
f 5892 5263 5893
f 5893 5263 5894
f 5894 5263 5262
f 5893 5895 5892
f 5892 5895 5896
f 5892 5896 5897
f 5897 5896 5898
f 5897 5898 5882
f 5882 5898 5883
f 5895 5899 5896
f 5896 5899 5898
f 5899 5900 5898
f 5898 5900 5901
f 5898 5901 5883
f 5883 5901 5884
f 5901 5900 5902
f 5902 5900 5903
f 5902 5903 5904
f 5904 5903 5905
f 5904 5905 5906
f 5907 5908 5906
f 5906 5908 5909
f 5906 5909 5904
f 5904 5909 5886
f 5904 5886 5885
f 5908 5907 5888
f 5888 5907 5910
f 5888 5910 5889
f 5911 5912 5879
f 5879 5912 5913
f 5879 5913 5877
f 5877 5913 5914
f 5877 5914 5875
f 5875 5914 5915
f 5875 5915 5873
f 5873 5915 5916
f 5873 5916 5871
f 5871 5916 5917
f 5871 5917 5869
f 5869 5917 5918
f 5869 5918 5867
f 5867 5918 5919
f 5867 5919 5865
f 5865 5919 5920
f 5865 5920 5863
f 5863 5920 5921
f 5863 5921 5861
f 5861 5921 5922
f 5861 5922 5859
f 5859 5922 5857
f 5923 5848 5911
f 5911 5848 5846
f 5911 5846 5844
f 5855 5852 5923
f 5923 5852 5850
f 5923 5850 5848
f 5293 5291 5853
f 5853 5291 5924
f 5853 5924 5851
f 5851 5924 5925
f 5851 5925 5849
f 5849 5925 5926
f 5849 5926 5847
f 5847 5926 5927
f 5847 5927 5845
f 5845 5927 5928
f 5845 5928 5843
f 5843 5928 5929
f 5843 5929 5841
f 5841 5929 5930
f 5841 5930 5839
f 5839 5930 5931
f 5839 5931 5837
f 5837 5931 5932
f 5837 5932 5835
f 5835 5932 5933
f 5835 5933 5833
f 5833 5933 5934
f 5833 5934 5831
f 5291 5289 5924
f 5924 5289 5935
f 5924 5935 5925
f 5925 5935 5936
f 5925 5936 5926
f 5926 5936 5937
f 5926 5937 5927
f 5927 5937 5938
f 5927 5938 5928
f 5928 5938 5939
f 5928 5939 5929
f 5929 5939 5940
f 5929 5940 5930
f 5930 5940 5941
f 5930 5941 5931
f 5931 5941 5942
f 5931 5942 5932
f 5932 5942 5943
f 5932 5943 5933
f 5933 5943 5944
f 5933 5944 5934
f 5289 5287 5935
f 5935 5287 5945
f 5935 5945 5936
f 5936 5945 5946
f 5936 5946 5937
f 5937 5946 5947
f 5937 5947 5938
f 5938 5947 5948
f 5938 5948 5939
f 5939 5948 5949
f 5939 5949 5940
f 5940 5949 5950
f 5940 5950 5941
f 5941 5950 5951
f 5941 5951 5942
f 5942 5951 5952
f 5942 5952 5943
f 5943 5952 5953
f 5943 5953 5944
f 5945 5287 5954
f 5954 5287 5316
f 5954 5316 5955
f 5955 5316 5314
f 5955 5314 5956
f 5956 5314 5315
f 5956 5957 5955
f 5955 5957 5958
f 5955 5958 5959
f 5959 5958 5960
f 5959 5960 5947
f 5947 5960 5948
f 5957 5961 5958
f 5958 5961 5962
f 5958 5962 5960
f 5960 5962 5963
f 5960 5963 5948
f 5948 5963 5949
f 5961 5964 5962
f 5962 5964 5965
f 5962 5965 5963
f 5963 5965 5966
f 5963 5966 5949
f 5949 5966 5950
f 5964 5967 5965
f 5965 5967 5968
f 5965 5968 5966
f 5966 5968 5969
f 5966 5969 5950
f 5950 5969 5951
f 5967 5970 5968
f 5968 5970 5971
f 5968 5971 5969
f 5969 5971 5972
f 5969 5972 5951
f 5951 5972 5952
f 5970 5973 5971
f 5971 5973 5972
f 5973 5974 5972
f 5972 5974 5952
f 5974 5953 5952
f 5852 5855 5854
f 5912 5911 5844
f 5890 5891 5897
f 5897 5891 5892
f 5881 5880 5890
f 5881 5890 5897
f 5820 5818 5857
f 5882 5881 5897
f 5820 5857 5975
f 5975 5857 5922
f 5975 5922 5976
f 5976 5922 5921
f 5976 5921 5977
f 5977 5921 5920
f 5977 5920 5978
f 5978 5920 5919
f 5978 5919 5979
f 5979 5919 5918
f 5979 5918 5980
f 5980 5918 5917
f 5980 5917 5981
f 5981 5917 5916
f 5981 5916 5982
f 5982 5916 5915
f 5982 5915 5983
f 5983 5915 5914
f 5983 5914 5984
f 5984 5914 5913
f 5984 5913 5912
f 5824 5822 5975
f 5975 5822 5820
f 5824 5975 5976
f 5824 5976 5826
f 5826 5976 5977
f 5826 5977 5828
f 5828 5977 5978
f 5828 5978 5830
f 5830 5978 5979
f 5830 5979 5832
f 5832 5979 5980
f 5832 5980 5834
f 5834 5980 5981
f 5834 5981 5836
f 5836 5981 5982
f 5836 5982 5838
f 5838 5982 5983
f 5838 5983 5840
f 5840 5983 5984
f 5840 5984 5842
f 5842 5984 5912
f 5842 5912 5844
f 5884 5901 5902
f 5885 5884 5902
f 5885 5902 5904
f 5887 5886 5909
f 5887 5909 5908
f 5888 5887 5908
f 5947 5946 5959
f 5959 5946 5954
f 5959 5954 5955
f 5954 5946 5945
f 5724 5900 5704
f 5704 5900 5899
f 5704 5899 5895
f 5721 5905 5724
f 5724 5905 5903
f 5724 5903 5900
f 5905 5721 5906
f 5906 5721 5718
f 5906 5718 5907
f 5907 5718 5910
f 5910 5718 5717
f 5910 5717 5889
f 5889 5717 5878
f 5878 5717 5716
f 5878 5716 5879
f 5879 5716 5654
f 5879 5654 5911
f 5911 5654 5656
f 5911 5656 5923
f 5923 5656 5657
f 5923 5657 5855
f 5855 5657 5713
f 5855 5713 5297
f 5297 5713 5296
f 5296 5713 5710
f 5296 5710 5318
f 5318 5710 5264
f 5264 5710 5702
f 5264 5702 5262
f 5262 5702 5894
f 5894 5702 5893
f 5893 5702 5895
f 5895 5702 5704
f 5817 5985 5308
f 5308 5985 5986
f 5308 5986 5279
f 5279 5986 5281
f 5281 5986 5987
f 5281 5987 5313
f 5313 5987 5988
f 5313 5988 5315
f 5315 5988 5956
f 5956 5988 5989
f 5956 5989 5957
f 5957 5989 5990
f 5957 5990 5961
f 5961 5990 5964
f 5964 5990 5991
f 5964 5991 5967
f 5967 5991 5992
f 5967 5992 5970
f 5970 5992 5993
f 5970 5993 5973
f 5973 5993 5974
f 5974 5993 5994
f 5974 5994 5953
f 5953 5994 5995
f 5953 5995 5944
f 5944 5995 5996
f 5944 5996 5934
f 5934 5996 5997
f 5934 5997 5831
f 5831 5997 5998
f 5998 5997 5999
f 5999 5997 5759
f 5999 5759 5758
f 5985 5817 6000
f 6000 5817 5819
f 6000 5819 6001
f 6001 5819 5821
f 6001 5821 5823
f 6001 5823 6002
f 6002 5823 5825
f 6002 5825 6003
f 6003 5825 5827
f 6003 5827 6004
f 6004 5827 5829
f 6004 5829 6005
f 6005 5829 5998
f 6005 5998 5999
f 5829 5831 5998
f 5999 5758 6005
f 6005 5758 5757
f 6005 5757 6004
f 6004 5757 5755
f 6004 5755 6003
f 6003 5755 5768
f 6003 5768 6002
f 6002 5768 6001
f 5768 5770 6001
f 6001 5770 6000
f 5770 5771 6000
f 6000 5771 5985
f 5771 5773 5985
f 5985 5773 5775
f 5985 5775 5986
f 5986 5775 5777
f 5986 5777 5987
f 5987 5777 5776
f 5987 5776 5988
f 5988 5776 5778
f 5988 5778 5989
f 5989 5778 5779
f 5989 5779 5990
f 5990 5779 5780
f 5990 5780 5991
f 5991 5780 5781
f 5991 5781 5767
f 5991 5767 5992
f 5992 5767 5766
f 5992 5766 5993
f 5993 5766 5764
f 5993 5764 5994
f 5994 5764 5762
f 5994 5762 5995
f 5995 5762 5760
f 5995 5760 5996
f 5996 5760 5759
f 5996 5759 5997
f 5617 6006 3343
f 3343 6006 3342
f 3342 6006 3353
f 3353 6006 6007
f 3353 6007 3360
f 3360 6007 6008
f 6008 6007 6009
f 6008 6009 6010
f 6010 6009 6011
f 6010 6011 6012
f 6012 6011 6013
f 6006 6014 6007
f 6007 6014 3367
f 6007 3367 3369
f 3369 3408 6007
f 6007 3408 6015
f 6007 6015 6009
f 3408 3403 6015
f 6016 6017 6018
f 6018 6017 6019
f 6018 6019 6020
f 6016 6021 6017
f 6017 6022 6019
f 6018 6020 6023
f 6023 6020 6024
f 6020 6019 6024
f 6024 6019 6025
f 6026 6027 6028
f 6028 6027 6029
f 6028 6029 6030
f 6030 6029 6031
f 6027 6032 6029
f 6027 6026 6033
f 6033 6026 6034
f 6034 6026 6035
f 6035 6026 6028
f 6035 6028 6036
f 6036 6037 6035
f 6038 6039 6040
f 6040 6039 6041
f 6040 6041 6042
f 6038 6043 6039
f 6039 6044 6041
f 6038 6045 6043
f 6043 6045 6046
f 6038 6040 6045
f 6045 6040 6047
f 6047 6040 6048
f 6048 6040 6049
f 6049 6040 6042
f 6049 6042 6050
f 6049 6051 6048
f 6052 6053 6054
f 6054 6053 6055
f 6054 6055 6056
f 6056 6055 6057
f 6053 6058 6055
f 6052 6059 6053
f 6053 6059 6060
f 6054 6061 6052
f 6052 6061 6059
f 6056 6062 6054
f 6054 6062 6063
f 6054 6063 6061
f 6061 6063 6064
f 6064 6065 6061
f 6061 6065 6060
f 6061 6060 6059
f 6064 6066 6065
f 6065 6067 6060
f 6064 6063 6066
f 6066 6063 6068
f 6024 6025 6023
f 6023 6025 6069
f 6023 6069 6070
f 6070 6069 6071
f 6025 6072 6069
f 6070 6071 6073
f 6073 6071 6074
f 6074 4139 6075
f 6075 4139 6076
f 6075 6076 6031
f 6071 6077 6074
f 6074 6077 6078
f 6074 6078 4643
f 6071 6069 6077
f 4639 4638 4643
f 4643 4638 6079
f 4643 6079 6074
f 6074 6079 4139
f 4638 4637 6079
f 6079 4637 6080
f 6079 6080 6081
f 4134 4130 4139
f 4139 4130 4125
f 4139 4125 4120
f 4120 4111 4139
f 4139 4111 4140
f 4139 4140 6068
f 6068 4140 4187
f 6068 4187 4191
f 4191 4190 6068
f 6068 4190 4189
f 6068 4189 5111
f 5112 5117 5111
f 5111 5117 6082
f 5111 6082 6068
f 6068 6082 6083
f 6068 6083 6084
f 5117 5116 6082
f 6082 5116 6085
f 6082 6085 6086
f 6065 6066 6084
f 6084 6066 6068
f 6068 6087 4139
f 4139 6087 6046
f 4139 6046 6088
f 6087 6057 6046
f 6046 6057 6043
f 6043 6057 6055
f 6043 6055 6039
f 4139 6088 6089
f 6089 6088 6090
f 6089 6090 6091
f 6089 6076 4139
f 6075 6031 6021
f 6021 6031 6029
f 6021 6029 6017
f 6072 6092 6069
f 6069 6092 6077
f 6030 6031 6093
f 6093 6031 6076
f 6034 6035 6033
f 6016 6094 6021
f 6021 6094 6075
f 6016 6018 6094
f 6094 6018 6073
f 6073 6018 6023
f 6073 6023 6070
f 6041 6095 6042
f 6042 6095 6050
f 6096 6097 6098
f 6098 6097 6099
f 6098 6099 6100
f 6100 6099 6101
f 6100 6101 6102
f 6102 6103 6100
f 6104 6105 6106
f 6106 6105 6107
f 6106 6107 6108
f 6108 6109 6106
f 6106 6109 6110
f 6106 6110 6104
f 6104 6110 6111
f 6111 6110 6112
f 6111 6112 6113
f 6113 6112 6114
f 6113 6114 6115
f 6109 6116 6110
f 6110 6116 6112
f 6116 6114 6112
f 6113 6115 6117
f 6117 6115 6118
f 6117 6118 6119
f 6119 6120 6117
f 6117 6120 6113
f 6120 6111 6113
f 6118 6121 6119
f 6119 6121 6122
f 6119 6122 6123
f 6123 6122 6100
f 6123 6100 6119
f 6098 6124 6118
f 6118 6124 6125
f 6118 6125 6121
f 6121 6125 6098
f 6121 6098 6100
f 6098 6125 6124
f 6100 6122 6121
f 6126 6127 6128
f 6128 6127 6129
f 6127 6130 6129
f 6129 6130 6131
f 6129 6131 6132
f 6132 6131 6105
f 6132 6105 6129
f 6107 6133 6127
f 6127 6133 6134
f 6127 6134 6130
f 6130 6134 6107
f 6130 6107 6105
f 6107 6134 6133
f 6105 6131 6130
f 6135 6136 6137
f 6137 6136 6083
f 6137 6083 6138
f 6138 6135 6137
f 6128 6135 6139
f 6139 6135 6138
f 6139 6138 6126
f 6126 6128 6139
f 6084 6140 6065
f 6065 6140 6067
f 6136 6140 6141
f 6141 6140 6084
f 6141 6084 6083
f 6083 6136 6141
f 6098 5207 6096
f 6096 5207 5205
f 6096 5205 5198
f 5198 5196 6096
f 6096 5196 5195
f 6096 5195 5212
f 5212 5235 6096
f 6096 5235 5234
f 6096 5234 5229
f 6096 5229 3792
f 3792 5229 3775
f 3792 3775 3776
f 3776 3777 3792
f 3792 3777 3779
f 3792 3779 3778
f 3788 3790 3778
f 3778 3790 3792
f 3792 6142 6096
f 6098 6118 5207
f 5207 6118 5204
f 5204 6118 6115
f 5204 6115 5182
f 5182 6115 6114
f 5182 6114 5168
f 5168 6114 6116
f 5168 6116 5169
f 5169 6116 6109
f 5169 6109 5171
f 5171 6109 6108
f 5171 6108 5177
f 5177 6108 6107
f 5177 6107 6127
f 6127 6126 5177
f 5177 6126 5175
f 5175 6126 5157
f 5157 6126 5135
f 5135 6126 5140
f 5140 6126 5155
f 5140 5155 5149
f 6126 5033 5155
f 5155 5033 5043
f 5043 5033 5013
f 5043 5013 5041
f 5041 5013 5014
f 5041 5014 5039
f 5039 5014 5016
f 6138 5007 6126
f 6126 5007 5034
f 6126 5034 5033
f 6083 6143 6138
f 6138 6143 6144
f 6138 6144 5005
f 6083 6082 6143
f 5005 5007 6138
f 6039 6055 6044
f 6044 6055 6058
f 6032 6022 6029
f 6029 6022 6017
f 6145 6078 6146
f 6146 6078 6147
f 6146 6147 6148
f 6148 6145 6146
f 6092 6147 6149
f 6149 6147 6078
f 6149 6078 6077
f 6077 6092 6149
f 6150 6151 6152
f 6152 6151 6153
f 6148 6153 6154
f 6154 6153 6151
f 6154 6151 6145
f 6145 6148 6154
f 6155 6156 6157
f 6157 6156 6158
f 6157 6158 6159
f 6157 6159 6160
f 6160 6159 6161
f 6160 6161 6162
f 6162 6161 6163
f 6162 6163 6164
f 6164 6163 6165
f 6164 6165 6166
f 6166 6165 6167
f 6166 6167 6168
f 6168 6167 6169
f 6168 6170 6166
f 6166 6170 6164
f 6170 6171 6164
f 6164 6171 6162
f 6162 6171 6160
f 6160 6171 6155
f 6160 6155 6157
f 6169 6172 6168
f 6168 6172 6173
f 6168 6173 6174
f 6174 6173 6152
f 6174 6152 6168
f 6150 6175 6169
f 6169 6175 6176
f 6169 6176 6172
f 6172 6176 6150
f 6172 6150 6152
f 6150 6176 6175
f 6152 6173 6172
f 6177 6178 6179
f 6179 6178 6180
f 6179 6180 6181
f 6181 6180 6156
f 6181 6156 6179
f 6158 6182 6177
f 6177 6182 6183
f 6177 6183 6178
f 6178 6183 6158
f 6178 6158 6156
f 6158 6183 6182
f 6156 6180 6178
f 4643 6078 4651
f 4651 6078 6145
f 4651 6145 4653
f 4653 6145 4555
f 4555 6145 4554
f 4554 6145 6151
f 4554 6151 4578
f 4578 6151 4583
f 6150 4504 6151
f 6151 4504 4583
f 4583 4504 4503
f 4583 4503 4536
f 4536 4533 4583
f 4583 4533 4531
f 4583 4531 4595
f 4595 4531 4530
f 4595 4530 4597
f 4597 4530 4539
f 6150 6169 4504
f 4504 6169 6167
f 4504 6167 4538
f 4538 6167 6165
f 4538 6165 4491
f 4491 6165 6163
f 4491 6163 4451
f 4451 6163 6161
f 4451 6161 4453
f 4453 6161 6159
f 4453 6159 4467
f 4467 6159 6158
f 4467 6158 4478
f 4478 6158 6177
f 6184 6185 6186
f 6186 6185 6187
f 6186 6187 6188
f 6188 6187 6189
f 6188 6189 6190
f 6190 6189 6191
f 6184 6192 6185
f 6185 6192 6193
f 6194 6195 6196
f 6196 6195 6197
f 6196 6197 6198
f 6198 6197 6199
f 6198 6199 6192
f 6192 6199 6193
f 6200 6201 6202
f 6202 6201 6203
f 6200 6204 6201
f 6201 6204 6205
f 6204 6206 6205
f 6205 6206 6207
f 6206 6202 6207
f 6207 6202 6203
f 6207 6203 6205
f 6205 6203 6201
f 6208 6209 6210
f 6210 6209 6211
f 6212 6208 6213
f 6213 6208 6210
f 6212 6213 6214
f 6214 6213 6215
f 6209 6214 6211
f 6211 6214 6215
f 6211 6215 6210
f 6210 6215 6213
f 6216 6217 6218
f 6218 6217 6219
f 6218 6219 6220
f 6220 6219 6221
f 6220 6221 6222
f 6222 6221 6223
f 6222 6223 6224
f 6224 6223 6225
f 6224 6225 6226
f 6226 6225 410
f 6226 410 369
f 6227 6228 6221
f 6221 6228 6229
f 6221 6229 6223
f 6223 6229 6230
f 6223 6230 6225
f 6225 6230 410
f 6227 6231 6228
f 6228 6231 6232
f 6228 6232 6233
f 6233 6232 408
f 6233 408 6230
f 6230 408 410
f 6231 6234 6232
f 6232 6234 407
f 6232 407 408
f 369 6235 6226
f 6226 6235 6236
f 6226 6236 6224
f 6224 6236 6237
f 6224 6237 6222
f 6222 6237 6220
f 6236 6235 6238
f 6238 6235 6216
f 6238 6216 6218
f 6230 6229 6233
f 6233 6229 6228
f 6220 6237 6238
f 6238 6237 6236
f 6218 6220 6238
f 6239 6217 6240
f 6240 6217 6216
f 6240 6216 6241
f 6241 6216 6235
f 6241 6235 370
f 370 6235 369
f 6242 6243 6244
f 6244 6243 6245
f 6244 6245 6246
f 6247 6248 6242
f 6242 6248 6243
f 6243 6248 6249
f 6249 6248 6250
f 6249 6250 6251
f 6251 6250 6252
f 6251 6253 6249
f 6249 6253 6254
f 6249 6254 6243
f 6243 6254 6245
f 6253 6246 6254
f 6254 6246 6245
f 6255 6256 6257
f 6257 6256 6258
f 6257 6258 6247
f 6247 6258 6248
f 6248 6258 6250
f 6250 6258 6259
f 6250 6259 6252
f 6252 6259 6260
f 6252 6260 6261
f 6261 6260 6262
f 6262 6260 6263
f 6263 6260 6256
f 6263 6256 6255
f 6261 6264 6252
f 6252 6264 6265
f 6259 6258 6256
f 6260 6259 6256
f 6266 6267 6268
f 6268 6267 6269
f 6268 6269 6270
f 6270 6269 6271
f 6270 6271 6272
f 6269 6267 6273
f 6273 6267 6274
f 6273 6274 6275
f 6275 6274 6276
f 6275 6277 6273
f 6273 6277 6278
f 6273 6278 6269
f 6269 6278 6271
f 6277 6272 6278
f 6278 6272 6271
f 6276 6279 6275
f 6275 6279 6280
f 6275 6280 6277
f 6277 6280 6281
f 6277 6281 6272
f 6272 6281 6282
f 6272 6246 6270
f 6270 6246 6253
f 6270 6253 6268
f 6268 6253 6251
f 6268 6251 6266
f 6266 6251 6252
f 6283 6284 6285
f 6285 6284 6286
f 6285 6286 6287
f 6287 6286 6288
f 6287 6288 6274
f 6274 6288 6276
f 6276 6288 6289
f 6276 6289 6290
f 6290 6289 6291
f 6291 6289 6286
f 6291 6286 6292
f 6292 6286 6284
f 6290 6293 6276
f 6274 6267 6287
f 6287 6267 6266
f 6287 6266 6285
f 6289 6288 6286
f 6294 6295 6246
f 6246 6295 6244
f 6244 6295 6296
f 6244 6296 6242
f 6242 6296 6297
f 6242 6297 6247
f 6266 6252 6285
f 6285 6252 6265
f 6257 6247 6297
f 6298 6299 6300
f 6300 6299 6301
f 6300 6301 6302
f 6302 6301 6303
f 6302 6303 6304
f 6304 6303 6305
f 6305 6303 6306
f 6305 6306 6307
f 6299 6308 6301
f 6301 6308 6309
f 6301 6309 6303
f 6303 6309 6306
f 6308 6307 6309
f 6304 6310 6302
f 6309 6307 6306
f 6307 6311 6305
f 6305 6311 6312
f 6305 6312 6304
f 6304 6312 6313
f 6304 6313 6310
f 6310 6313 6314
f 6315 6316 6317
f 6317 6316 6318
f 6317 6318 6310
f 6310 6318 6302
f 6302 6318 6300
f 6300 6318 6319
f 6300 6319 6298
f 6298 6319 6320
f 6298 6320 6321
f 6321 6320 6322
f 6322 6320 6323
f 6323 6320 6316
f 6323 6316 6315
f 6321 6324 6298
f 6298 6324 6325
f 6319 6318 6316
f 6320 6319 6316
f 6326 6327 6328
f 6328 6327 6329
f 6328 6329 6330
f 6331 6332 6326
f 6326 6332 6327
f 6327 6332 6333
f 6333 6332 6334
f 6333 6334 6335
f 6335 6334 6336
f 6335 6337 6333
f 6333 6337 6338
f 6333 6338 6327
f 6327 6338 6329
f 6337 6330 6338
f 6338 6330 6329
f 6339 6340 6341
f 6341 6340 6342
f 6341 6342 6331
f 6331 6342 6332
f 6332 6342 6334
f 6334 6342 6343
f 6334 6343 6336
f 6336 6343 6344
f 6336 6344 6345
f 6345 6344 6346
f 6346 6344 6340
f 6346 6340 6347
f 6347 6340 6348
f 6348 6340 6339
f 6345 6349 6336
f 6343 6342 6340
f 6344 6343 6340
f 6336 6350 6335
f 6335 6350 6351
f 6335 6351 6337
f 6337 6351 6352
f 6337 6352 6330
f 6330 6352 6353
f 6330 6307 6328
f 6328 6307 6308
f 6328 6308 6326
f 6326 6308 6299
f 6326 6299 6331
f 6331 6299 6298
f 6317 6310 6354
f 6354 6310 6314
f 6354 6314 6355
f 6356 6357 6355
f 6355 6357 6354
f 6311 6307 6353
f 6353 6307 6330
f 6358 6359 6360
f 6360 6359 6361
f 6360 6361 6362
f 6362 6361 6363
f 6362 6363 6364
f 6364 6363 6365
f 6365 6363 6366
f 6365 6366 6367
f 6359 6368 6361
f 6361 6368 6369
f 6361 6369 6363
f 6363 6369 6366
f 6368 6367 6369
f 6364 6370 6362
f 6369 6367 6366
f 6371 6372 6367
f 6367 6372 6365
f 6365 6372 6373
f 6365 6373 6364
f 6364 6373 6374
f 6364 6374 6370
f 6375 6376 6377
f 6377 6376 6378
f 6377 6378 6370
f 6370 6378 6362
f 6362 6378 6360
f 6360 6378 6379
f 6360 6379 6358
f 6358 6379 6380
f 6358 6380 6381
f 6381 6380 6382
f 6382 6380 6383
f 6383 6380 6376
f 6383 6376 6375
f 6381 6384 6358
f 6358 6384 6385
f 6379 6378 6376
f 6380 6379 6376
f 6386 6387 6388
f 6388 6387 6389
f 6388 6389 6390
f 6390 6389 6391
f 6390 6391 6392
f 6392 6391 6393
f 6393 6391 6394
f 6393 6394 6395
f 6387 6396 6389
f 6389 6396 6397
f 6389 6397 6391
f 6391 6397 6394
f 6396 6395 6397
f 6392 6398 6390
f 6397 6395 6394
f 6395 6367 6393
f 6393 6367 6368
f 6393 6368 6392
f 6392 6368 6359
f 6392 6359 6398
f 6398 6359 6358
f 6399 6400 6401
f 6401 6400 6402
f 6401 6402 6403
f 6403 6402 6404
f 6403 6404 6388
f 6388 6404 6386
f 6386 6404 6405
f 6386 6405 6406
f 6406 6405 6407
f 6407 6405 6402
f 6407 6402 6408
f 6408 6402 6400
f 6406 6409 6386
f 6388 6390 6403
f 6403 6390 6398
f 6403 6398 6401
f 6405 6404 6402
f 6386 6410 6387
f 6387 6410 6411
f 6387 6411 6396
f 6396 6411 6412
f 6396 6412 6395
f 6395 6412 6413
f 6377 6370 6374
f 6367 6414 6371
f 6371 6414 6415
f 6371 6415 6416
f 6395 6417 6367
f 6367 6417 6418
f 6367 6418 6419
f 6413 6420 6395
f 6395 6420 6421
f 6395 6421 6422
f 6423 6424 6413
f 6413 6424 6420
f 6422 6417 6395
f 6419 6414 6367
f 6425 6426 6427
f 6427 6426 6428
f 6427 6428 6429
f 6429 6428 6430
f 6429 6430 6431
f 6431 6430 6432
f 6432 6430 6433
f 6432 6433 6434
f 6426 6435 6428
f 6428 6435 6436
f 6428 6436 6430
f 6430 6436 6433
f 6435 6434 6436
f 6431 6437 6429
f 6436 6434 6433
f 6438 6439 6434
f 6434 6439 6432
f 6432 6439 6440
f 6432 6440 6431
f 6431 6440 6441
f 6431 6441 6437
f 6442 6443 6444
f 6444 6443 6445
f 6444 6445 6437
f 6437 6445 6446
f 6437 6446 6429
f 6429 6446 6427
f 6427 6446 6447
f 6427 6447 6425
f 6425 6447 6448
f 6425 6448 6449
f 6449 6448 6450
f 6449 6450 6451
f 6451 6450 6442
f 6442 6450 6443
f 6447 6446 6445
f 6450 6448 6443
f 6443 6448 6445
f 6448 6447 6445
f 6452 6453 6454
f 6454 6453 6455
f 6454 6455 6456
f 6456 6455 6457
f 6456 6457 6458
f 6458 6457 6459
f 6459 6457 6460
f 6459 6460 6461
f 6453 6462 6455
f 6455 6462 6463
f 6455 6463 6457
f 6457 6463 6460
f 6462 6461 6463
f 6458 6464 6456
f 6463 6461 6460
f 6465 6466 6467
f 6467 6466 6468
f 6467 6468 6469
f 6469 6468 6470
f 6469 6470 6471
f 6471 6470 6472
f 6472 6470 6473
f 6472 6473 6474
f 6466 6475 6468
f 6468 6475 6476
f 6468 6476 6470
f 6470 6476 6473
f 6475 6474 6476
f 6471 6477 6469
f 6476 6474 6473
f 6478 6479 6474
f 6474 6479 6472
f 6472 6479 6480
f 6472 6480 6471
f 6471 6480 6481
f 6471 6481 6477
f 6482 6483 6484
f 6484 6483 6485
f 6484 6485 6477
f 6477 6485 6486
f 6477 6486 6469
f 6469 6486 6467
f 6467 6486 6487
f 6467 6487 6465
f 6465 6487 6488
f 6465 6488 6489
f 6489 6488 6490
f 6489 6490 6491
f 6491 6490 6482
f 6482 6490 6483
f 6487 6486 6485
f 6490 6488 6483
f 6483 6488 6485
f 6488 6487 6485
f 6461 6474 6459
f 6459 6474 6475
f 6459 6475 6458
f 6458 6475 6466
f 6458 6466 6464
f 6464 6466 6465
f 6492 6493 6494
f 6494 6493 6495
f 6494 6495 6464
f 6464 6495 6496
f 6464 6496 6456
f 6456 6496 6454
f 6454 6496 6497
f 6454 6497 6452
f 6452 6497 6498
f 6452 6498 6499
f 6499 6498 6500
f 6499 6500 6501
f 6501 6500 6492
f 6492 6500 6493
f 6497 6496 6495
f 6500 6498 6493
f 6493 6498 6495
f 6498 6497 6495
f 6452 6502 6453
f 6453 6502 6503
f 6453 6503 6462
f 6462 6503 6504
f 6462 6504 6461
f 6461 6504 6505
f 6484 6477 6506
f 6506 6477 6507
f 6507 6477 6508
f 6508 6477 6481
f 6508 6481 6509
f 6509 6510 6508
f 6478 6474 6505
f 6505 6474 6461
f 6511 6512 6513
f 6513 6512 6514
f 6513 6514 6515
f 6515 6514 6516
f 6515 6516 6517
f 6517 6516 6518
f 6518 6516 6519
f 6518 6519 6520
f 6512 6521 6514
f 6514 6521 6522
f 6514 6522 6516
f 6516 6522 6519
f 6521 6520 6522
f 6517 6523 6515
f 6522 6520 6519
f 6524 6525 6526
f 6526 6525 6527
f 6526 6527 6528
f 6528 6527 6529
f 6528 6529 6530
f 6530 6529 6531
f 6531 6529 6532
f 6531 6532 6533
f 6525 6534 6527
f 6527 6534 6535
f 6527 6535 6529
f 6529 6535 6532
f 6534 6533 6535
f 6530 6536 6528
f 6535 6533 6532
f 6533 6537 6531
f 6531 6537 6538
f 6531 6538 6530
f 6530 6538 6539
f 6530 6539 6536
f 6536 6539 6540
f 6541 6542 6543
f 6543 6542 6544
f 6543 6544 6536
f 6536 6544 6528
f 6528 6544 6526
f 6526 6544 6545
f 6526 6545 6524
f 6524 6545 6546
f 6524 6546 6547
f 6547 6546 6548
f 6548 6546 6549
f 6549 6546 6542
f 6549 6542 6541
f 6547 6550 6524
f 6524 6550 6551
f 6545 6544 6542
f 6546 6545 6542
f 6520 6533 6518
f 6518 6533 6534
f 6518 6534 6517
f 6517 6534 6525
f 6517 6525 6523
f 6523 6525 6524
f 6552 6553 6554
f 6554 6553 6555
f 6554 6555 6556
f 6556 6555 6557
f 6556 6557 6513
f 6513 6557 6511
f 6511 6557 6558
f 6511 6558 6559
f 6559 6558 6560
f 6560 6558 6555
f 6560 6555 6561
f 6561 6555 6553
f 6559 6562 6511
f 6513 6515 6556
f 6556 6515 6523
f 6556 6523 6554
f 6558 6557 6555
f 6511 6563 6512
f 6512 6563 6564
f 6512 6564 6521
f 6521 6564 6565
f 6521 6565 6520
f 6520 6565 6566
f 6543 6536 6567
f 6567 6536 6540
f 6567 6540 6568
f 6569 6570 6568
f 6568 6570 6567
f 6537 6533 6566
f 6566 6533 6520
f 6571 6572 6573
f 6573 6572 6574
f 6573 6574 6575
f 6575 6574 6576
f 6575 6576 6577
f 6577 6576 6578
f 6578 6576 6579
f 6578 6579 6580
f 6572 6581 6574
f 6574 6581 6582
f 6574 6582 6576
f 6576 6582 6579
f 6581 6580 6582
f 6577 6583 6575
f 6582 6580 6579
f 6584 6585 6586
f 6586 6585 6587
f 6586 6587 6588
f 6588 6587 6589
f 6588 6589 6590
f 6590 6589 6591
f 6591 6589 6592
f 6591 6592 6593
f 6585 6594 6587
f 6587 6594 6595
f 6587 6595 6589
f 6589 6595 6592
f 6594 6593 6595
f 6590 6596 6588
f 6595 6593 6592
f 6593 6597 6591
f 6591 6597 6598
f 6591 6598 6590
f 6590 6598 6599
f 6590 6599 6596
f 6596 6599 6600
f 6601 6602 6603
f 6603 6602 6604
f 6603 6604 6596
f 6596 6604 6588
f 6588 6604 6586
f 6586 6604 6605
f 6586 6605 6584
f 6584 6605 6606
f 6584 6606 6607
f 6607 6606 6608
f 6608 6606 6609
f 6609 6606 6602
f 6609 6602 6601
f 6607 6610 6584
f 6584 6610 6611
f 6605 6604 6602
f 6606 6605 6602
f 6580 6593 6578
f 6578 6593 6594
f 6578 6594 6577
f 6577 6594 6585
f 6577 6585 6583
f 6583 6585 6584
f 6612 6613 6614
f 6614 6613 6615
f 6614 6615 6616
f 6616 6615 6617
f 6616 6617 6573
f 6573 6617 6571
f 6571 6617 6618
f 6571 6618 6619
f 6619 6618 6620
f 6620 6618 6615
f 6620 6615 6621
f 6621 6615 6613
f 6619 6622 6571
f 6573 6575 6616
f 6616 6575 6583
f 6616 6583 6614
f 6618 6617 6615
f 6571 6623 6572
f 6572 6623 6624
f 6572 6624 6581
f 6581 6624 6625
f 6581 6625 6580
f 6580 6625 6626
f 6603 6596 6627
f 6627 6596 6600
f 6627 6600 6628
f 6629 6630 6628
f 6628 6630 6627
f 6597 6593 6626
f 6626 6593 6580
f 6631 6632 6633
f 6633 6632 6634
f 6633 6634 6635
f 6636 6637 6631
f 6631 6637 6632
f 6632 6637 6638
f 6638 6637 6639
f 6638 6639 6640
f 6640 6639 6641
f 6640 6642 6638
f 6638 6642 6643
f 6638 6643 6632
f 6632 6643 6634
f 6642 6635 6643
f 6643 6635 6634
f 6644 6645 6646
f 6646 6645 6647
f 6646 6647 6636
f 6636 6647 6637
f 6637 6647 6639
f 6639 6647 6648
f 6639 6648 6641
f 6641 6648 6649
f 6641 6649 6650
f 6650 6649 6651
f 6651 6649 6645
f 6651 6645 6652
f 6652 6645 6653
f 6653 6645 6644
f 6650 6654 6641
f 6648 6647 6645
f 6649 6648 6645
f 6641 6655 6640
f 6640 6655 6656
f 6640 6656 6642
f 6642 6656 6657
f 6642 6657 6635
f 6635 6657 6658
f 6659 6660 6661
f 6661 6660 6662
f 6661 6662 6663
f 6664 6665 6659
f 6659 6665 6660
f 6660 6665 6666
f 6666 6665 6667
f 6666 6667 6668
f 6668 6667 6669
f 6668 6670 6666
f 6666 6670 6671
f 6666 6671 6660
f 6660 6671 6662
f 6670 6663 6671
f 6671 6663 6662
f 6672 6673 6674
f 6674 6673 6675
f 6674 6675 6664
f 6664 6675 6665
f 6665 6675 6667
f 6667 6675 6676
f 6667 6676 6669
f 6669 6676 6677
f 6669 6677 6678
f 6678 6677 6679
f 6679 6677 6680
f 6680 6677 6673
f 6680 6673 6672
f 6678 6681 6669
f 6669 6681 6682
f 6676 6675 6673
f 6677 6676 6673
f 6635 6663 6633
f 6633 6663 6670
f 6633 6670 6631
f 6631 6670 6668
f 6631 6668 6636
f 6636 6668 6669
f 6683 6684 6663
f 6663 6684 6661
f 6661 6684 6685
f 6661 6685 6659
f 6659 6685 6686
f 6659 6686 6664
f 6636 6669 6646
f 6646 6669 6682
f 6674 6664 6686
f 6687 6688 6689
f 6689 6688 6690
f 6689 6690 6691
f 6692 6693 6687
f 6687 6693 6688
f 6688 6693 6694
f 6694 6693 6695
f 6694 6695 6696
f 6696 6695 6697
f 6696 6698 6694
f 6694 6698 6699
f 6694 6699 6688
f 6688 6699 6690
f 6698 6691 6699
f 6699 6691 6690
f 6700 6701 6702
f 6702 6701 6703
f 6702 6703 6692
f 6692 6703 6693
f 6693 6703 6695
f 6695 6703 6704
f 6695 6704 6697
f 6697 6704 6705
f 6697 6705 6706
f 6706 6705 6707
f 6707 6705 6708
f 6708 6705 6701
f 6708 6701 6700
f 6706 6709 6697
f 6697 6709 6710
f 6704 6703 6701
f 6705 6704 6701
f 6711 6712 6713
f 6713 6712 6714
f 6713 6714 6715
f 6715 6714 6716
f 6715 6716 6717
f 6714 6712 6718
f 6718 6712 6719
f 6718 6719 6720
f 6720 6719 6721
f 6720 6722 6718
f 6718 6722 6723
f 6718 6723 6714
f 6714 6723 6716
f 6722 6717 6723
f 6723 6717 6716
f 6721 6724 6720
f 6720 6724 6725
f 6720 6725 6722
f 6722 6725 6726
f 6722 6726 6717
f 6717 6726 6727
f 6717 6691 6715
f 6715 6691 6698
f 6715 6698 6713
f 6713 6698 6696
f 6713 6696 6711
f 6711 6696 6697
f 6728 6729 6730
f 6730 6729 6731
f 6730 6731 6732
f 6732 6731 6733
f 6732 6733 6719
f 6719 6733 6721
f 6721 6733 6734
f 6721 6734 6735
f 6735 6734 6736
f 6736 6734 6731
f 6736 6731 6737
f 6737 6731 6729
f 6735 6738 6721
f 6719 6712 6732
f 6732 6712 6711
f 6732 6711 6730
f 6734 6733 6731
f 6739 6740 6691
f 6691 6740 6689
f 6689 6740 6741
f 6689 6741 6687
f 6687 6741 6742
f 6687 6742 6692
f 6711 6697 6730
f 6730 6697 6710
f 6702 6692 6742
f 6743 6744 6745
f 6745 6744 6746
f 6745 6746 6747
f 6747 6746 6748
f 6747 6748 6749
f 6749 6748 6750
f 6750 6748 6751
f 6750 6751 6752
f 6744 6753 6746
f 6746 6753 6754
f 6746 6754 6748
f 6748 6754 6751
f 6753 6752 6754
f 6749 6755 6747
f 6754 6752 6751
f 6756 6757 6758
f 6758 6757 6759
f 6758 6759 6760
f 6761 6762 6756
f 6756 6762 6757
f 6757 6762 6763
f 6763 6762 6764
f 6763 6764 6765
f 6765 6764 6766
f 6765 6767 6763
f 6763 6767 6768
f 6763 6768 6757
f 6757 6768 6759
f 6767 6760 6768
f 6768 6760 6759
f 6769 6770 6771
f 6771 6770 6772
f 6771 6772 6761
f 6761 6772 6762
f 6762 6772 6764
f 6764 6772 6773
f 6764 6773 6766
f 6766 6773 6774
f 6766 6774 6775
f 6775 6774 6776
f 6776 6774 6777
f 6777 6774 6770
f 6777 6770 6769
f 6775 6778 6766
f 6766 6778 6779
f 6773 6772 6770
f 6774 6773 6770
f 6752 6760 6750
f 6750 6760 6767
f 6750 6767 6749
f 6749 6767 6765
f 6749 6765 6755
f 6755 6765 6766
f 6780 6781 6760
f 6760 6781 6758
f 6758 6781 6782
f 6758 6782 6756
f 6756 6782 6783
f 6756 6783 6761
f 6784 6785 6786
f 6786 6785 6787
f 6786 6787 6788
f 6788 6787 6789
f 6788 6789 6745
f 6745 6789 6743
f 6743 6789 6790
f 6743 6790 6791
f 6791 6790 6792
f 6792 6790 6787
f 6792 6787 6793
f 6793 6787 6785
f 6791 6794 6743
f 6745 6747 6788
f 6788 6747 6755
f 6788 6755 6786
f 6790 6789 6787
f 6743 6795 6744
f 6744 6795 6796
f 6744 6796 6753
f 6753 6796 6797
f 6753 6797 6752
f 6752 6797 6798
f 6771 6761 6783
f 6760 6752 6780
f 6780 6752 6798
f 6799 6800 6801
f 6801 6800 6802
f 6801 6802 6803
f 6803 6802 6804
f 6803 6804 6805
f 6805 6804 6806
f 6806 6804 6807
f 6806 6807 6808
f 6800 6809 6802
f 6802 6809 6810
f 6802 6810 6804
f 6804 6810 6807
f 6809 6808 6810
f 6805 6811 6803
f 6810 6808 6807
f 6812 6813 6814
f 6814 6813 6815
f 6814 6815 6816
f 6817 6818 6812
f 6812 6818 6813
f 6813 6818 6819
f 6819 6818 6820
f 6819 6820 6821
f 6821 6820 6822
f 6821 6823 6819
f 6819 6823 6824
f 6819 6824 6813
f 6813 6824 6815
f 6823 6816 6824
f 6824 6816 6815
f 6825 6826 6827
f 6827 6826 6828
f 6827 6828 6817
f 6817 6828 6829
f 6817 6829 6818
f 6818 6829 6820
f 6820 6829 6830
f 6820 6830 6822
f 6822 6830 6831
f 6822 6831 6832
f 6832 6831 6833
f 6832 6833 6834
f 6834 6833 6825
f 6825 6833 6826
f 6830 6829 6828
f 6833 6831 6826
f 6826 6831 6828
f 6831 6830 6828
f 6808 6816 6806
f 6806 6816 6823
f 6806 6823 6805
f 6805 6823 6821
f 6805 6821 6811
f 6811 6821 6822
f 6835 6836 6816
f 6816 6836 6814
f 6814 6836 6837
f 6814 6837 6812
f 6812 6837 6838
f 6812 6838 6817
f 6839 6840 6841
f 6841 6840 6842
f 6841 6842 6811
f 6811 6842 6843
f 6811 6843 6803
f 6803 6843 6801
f 6801 6843 6844
f 6801 6844 6799
f 6799 6844 6845
f 6799 6845 6846
f 6846 6845 6847
f 6846 6847 6848
f 6848 6847 6839
f 6839 6847 6840
f 6844 6843 6842
f 6847 6845 6840
f 6840 6845 6842
f 6845 6844 6842
f 6799 6849 6800
f 6800 6849 6850
f 6800 6850 6809
f 6809 6850 6851
f 6809 6851 6808
f 6808 6851 6852
f 6827 6817 6853
f 6853 6817 6854
f 6854 6817 6855
f 6855 6817 6838
f 6855 6838 6856
f 6856 6857 6855
f 6835 6816 6852
f 6852 6816 6808
f 6858 6859 6860
f 6860 6859 6861
f 6860 6861 6862
f 6862 6861 6863
f 6862 6863 6864
f 6864 6863 6865
f 6865 6863 6866
f 6865 6866 6867
f 6859 6868 6861
f 6861 6868 6869
f 6861 6869 6863
f 6863 6869 6866
f 6868 6867 6869
f 6864 6870 6862
f 6869 6867 6866
f 6871 6872 6873
f 6873 6872 6874
f 6873 6874 6875
f 6876 6877 6871
f 6871 6877 6872
f 6872 6877 6878
f 6878 6877 6879
f 6878 6879 6880
f 6880 6879 6881
f 6880 6882 6878
f 6878 6882 6883
f 6878 6883 6872
f 6872 6883 6874
f 6882 6875 6883
f 6883 6875 6874
f 6884 6885 6886
f 6886 6885 6887
f 6886 6887 6876
f 6876 6887 6877
f 6877 6887 6879
f 6879 6887 6888
f 6879 6888 6881
f 6881 6888 6889
f 6881 6889 6890
f 6890 6889 6891
f 6891 6889 6892
f 6892 6889 6885
f 6892 6885 6884
f 6890 6893 6881
f 6881 6893 6894
f 6888 6887 6885
f 6889 6888 6885
f 6867 6875 6865
f 6865 6875 6882
f 6865 6882 6864
f 6864 6882 6880
f 6864 6880 6870
f 6870 6880 6881
f 6895 6896 6873
f 6873 6896 6897
f 6873 6897 6871
f 6871 6897 6898
f 6871 6898 6876
f 6876 6898 6899
f 6873 6875 6895
f 6895 6875 6900
f 6901 6902 6903
f 6903 6902 6904
f 6903 6904 6905
f 6905 6904 6906
f 6905 6906 6860
f 6860 6906 6858
f 6858 6906 6907
f 6858 6907 6908
f 6908 6907 6909
f 6909 6907 6904
f 6909 6904 6910
f 6910 6904 6902
f 6908 6911 6858
f 6860 6862 6905
f 6905 6862 6870
f 6905 6870 6903
f 6907 6906 6904
f 6858 6912 6859
f 6859 6912 6913
f 6859 6913 6868
f 6868 6913 6914
f 6868 6914 6867
f 6867 6914 6915
f 6886 6876 6899
f 6900 6875 6916
f 6916 6875 6867
f 6916 6867 6915
f 6917 6918 6919
f 6919 6918 6920
f 6919 6920 6921
f 6921 6920 6922
f 6921 6922 6923
f 6923 6922 6924
f 6924 6922 6925
f 6924 6925 6926
f 6918 6927 6920
f 6920 6927 6928
f 6920 6928 6922
f 6922 6928 6925
f 6927 6926 6928
f 6923 6929 6921
f 6928 6926 6925
f 6930 6931 6932
f 6932 6931 6933
f 6932 6933 6934
f 6934 6933 6935
f 6934 6935 6936
f 6933 6931 6937
f 6937 6931 6938
f 6937 6938 6939
f 6939 6938 6940
f 6939 6941 6937
f 6937 6941 6942
f 6937 6942 6933
f 6933 6942 6935
f 6941 6936 6942
f 6942 6936 6935
f 6926 6936 6924
f 6924 6936 6941
f 6924 6941 6923
f 6923 6941 6939
f 6923 6939 6929
f 6929 6939 6940
f 6943 6944 6936
f 6936 6944 6934
f 6934 6944 6945
f 6934 6945 6932
f 6932 6945 6946
f 6932 6946 6930
f 565 6940 566
f 566 6940 567
f 567 6940 572
f 572 6940 6947
f 6947 6940 6938
f 6947 6938 6948
f 6948 6938 6931
f 6948 6931 6949
f 6949 6931 6930
f 6949 6930 6950
f 568 458 6951
f 6951 458 6952
f 6951 6952 6953
f 458 459 6952
f 6951 6953 6954
f 6954 6953 6955
f 6954 6955 6956
f 6956 6955 6957
f 6956 6957 6958
f 6959 6960 6961
f 6961 6960 6962
f 6961 6962 440
f 6963 6964 6959
f 6959 6964 6960
f 6960 6964 6965
f 6965 6964 6966
f 6965 6966 6967
f 6967 6966 6968
f 6967 6969 6965
f 6965 6969 6970
f 6965 6970 6960
f 6960 6970 6962
f 6969 440 6970
f 6970 440 6962
f 5618 6971 5621
f 5621 6971 6972
f 5621 6972 6963
f 6963 6972 6964
f 6964 6972 6966
f 6966 6972 6973
f 6966 6973 6968
f 6968 6973 6974
f 6968 6974 5614
f 5614 6974 5615
f 5615 6974 5618
f 5618 6974 6971
f 6973 6972 6971
f 6973 6971 6974
f 6975 6976 6977
f 6977 6976 6978
f 6977 6978 6979
f 6979 6978 6980
f 6979 6980 6981
f 6981 6980 6982
f 6982 6980 6983
f 6982 6983 457
f 6976 6984 6978
f 6978 6984 6985
f 6978 6985 6980
f 6980 6985 6983
f 6984 457 6985
f 6981 6986 6979
f 6985 457 6983
f 6987 6988 6989
f 6989 6988 6990
f 6989 6990 437
f 6991 6992 6987
f 6987 6992 6988
f 6988 6992 6993
f 6993 6992 6994
f 6993 6994 6995
f 6995 6994 6996
f 6995 6997 6993
f 6993 6997 6998
f 6993 6998 6988
f 6988 6998 6990
f 6997 437 6998
f 6998 437 6990
f 6999 6239 7000
f 7000 6239 6240
f 7000 6240 7001
f 7001 6240 7002
f 7001 7002 7003
f 7003 7002 7004
f 7003 7004 7005
f 7005 7004 7006
f 7005 7006 7007
f 7007 7006 7008
f 7007 7008 7009
f 7009 7008 7010
f 7009 7010 7011
f 6240 6241 7002
f 7002 6241 7012
f 7002 7012 7004
f 7004 7012 7013
f 7004 7013 7006
f 7006 7013 7014
f 7006 7014 7008
f 7012 6241 7015
f 7015 6241 370
f 7015 370 7014
f 7009 7011 7016
f 7016 7011 7017
f 7016 7017 7018
f 7018 7017 7019
f 7018 7019 7020
f 7020 7019 7021
f 7020 7021 7022
f 7022 7021 7023
f 7022 7023 6999
f 7017 7024 7019
f 7019 7024 7025
f 7019 7025 7021
f 7021 7025 7023
f 7024 7023 7025
f 7022 6999 7026
f 7026 6999 7000
f 7026 7000 7027
f 7027 7000 7001
f 7027 7001 7003
f 7022 7026 7028
f 7028 7026 7027
f 7028 7027 7029
f 7029 7027 7003
f 7029 7003 7005
f 7020 7028 7030
f 7030 7028 7029
f 7030 7029 7031
f 7031 7029 7005
f 7031 7005 7007
f 7028 7020 7022
f 7016 7018 7030
f 7030 7018 7020
f 7016 7030 7031
f 7014 7013 7015
f 7015 7013 7012
f 7016 7031 7009
f 7009 7031 7007
f 6991 6239 7032
f 7032 6239 6999
f 7032 6999 7033
f 7033 6999 7023
f 7033 7023 7024
f 7024 6996 7033
f 7033 6996 6994
f 7033 6994 7032
f 7032 6994 6992
f 7032 6992 6991
f 457 437 6982
f 6982 437 6997
f 6982 6997 6981
f 6981 6997 6995
f 6981 6995 6986
f 6986 6995 6996
f 437 440 6989
f 6989 440 6969
f 6989 6969 6987
f 6987 6969 6967
f 6987 6967 6991
f 6991 6967 6968
f 3739 7034 3741
f 3741 7034 7035
f 3741 7035 6979
f 6979 7035 6977
f 6977 7035 7036
f 6977 7036 6975
f 6975 7036 3736
f 3736 7036 7037
f 3736 7037 3735
f 3735 7037 3738
f 3738 7037 7034
f 3738 7034 3739
f 6979 6986 3741
f 7036 7035 7034
f 7037 7036 7034
f 459 457 6952
f 6952 457 6984
f 6952 6984 6953
f 6953 6984 6976
f 6953 6976 6955
f 6955 6976 6975
f 6955 6975 6957
f 6950 6963 6949
f 6949 6963 6959
f 6949 6959 6948
f 6948 6959 6961
f 6948 6961 6947
f 6947 6961 445
f 6947 445 572
f 6961 440 445
f 6958 6917 6956
f 6956 6917 6919
f 6956 6919 6954
f 6954 6919 6921
f 6954 6921 6951
f 6951 6921 6929
f 6951 6929 568
f 568 6929 569
f 569 6929 570
f 570 6929 571
f 7038 7039 6917
f 6917 7039 6918
f 6918 7039 7040
f 6918 7040 6927
f 6927 7040 7041
f 6927 7041 6926
f 7042 6227 3495
f 3495 6227 3497
f 3497 6227 3510
f 3510 6227 3512
f 3512 6227 6968
f 3512 6968 5614
f 6227 6221 6968
f 6968 6221 6991
f 6991 6221 6219
f 6991 6219 6217
f 6217 6239 6991
f 5621 6963 5622
f 5622 6963 7043
f 7043 6963 7044
f 7044 6963 3391
f 3391 6963 3396
f 3396 6963 3440
f 3396 3440 3439
f 3439 3440 3433
f 6963 6950 3440
f 3440 6950 7045
f 7045 6950 7046
f 7045 7046 7047
f 7047 7046 7048
f 6930 6946 6950
f 6950 6946 7046
f 6936 6926 6943
f 6943 6926 7041
f 7049 7050 7051
f 7051 7050 7052
f 7051 7052 7053
f 7054 7055 7049
f 7049 7055 7050
f 7050 7055 7056
f 7056 7055 7057
f 7056 7057 7058
f 7058 7057 7059
f 7058 7060 7056
f 7056 7060 7061
f 7056 7061 7050
f 7050 7061 7052
f 7060 7053 7061
f 7061 7053 7052
f 7054 579 7055
f 7055 579 578
f 7055 578 7057
f 7057 578 577
f 7057 577 576
f 576 7059 7057
f 3727 3726 7059
f 7059 3726 7058
f 7058 3726 3725
f 7058 3725 7062
f 7058 7062 7060
f 7060 7062 7063
f 7060 7063 7053
f 7053 7063 7064
f 7053 7064 7065
f 7065 7066 7053
f 7067 7068 7069
f 7069 7068 7070
f 7069 7070 7071
f 7071 7070 7072
f 7071 7072 7073
f 7073 7072 7074
f 7074 7072 7075
f 7074 7075 7076
f 7068 7077 7070
f 7070 7077 7078
f 7070 7078 7072
f 7072 7078 7075
f 7077 7076 7078
f 7073 7079 7071
f 7078 7076 7075
f 7080 7081 7076
f 7076 7081 7074
f 7074 7081 7082
f 7074 7082 7073
f 7073 7082 7083
f 7073 7083 7079
f 7079 580 7071
f 7071 580 575
f 7071 575 7069
f 7069 575 574
f 7069 574 573
f 573 7067 7069
f 7067 7054 7068
f 7068 7054 7049
f 7068 7049 7077
f 7077 7049 7051
f 7077 7051 7076
f 7076 7051 7053
f 3727 7059 3728
f 3728 7059 3714
f 3714 7059 3713
f 3713 7059 576
f 3713 576 3712
f 3712 576 3730
f 3730 576 3729
f 3729 576 7084
f 7084 576 7085
f 7085 576 508
f 7085 508 7086
f 7086 508 506
f 7054 7067 579
f 579 7067 573
f 6276 6293 6279
f 6282 6294 6272
f 6272 6294 6246
f 6721 6738 6724
f 6727 6739 6717
f 6717 6739 6691
f 6641 6654 6655
f 6658 6683 6635
f 6635 6683 6663
f 6385 6401 6358
f 6358 6401 6398
f 6386 6409 6410
f 6894 6903 6881
f 6881 6903 6870
f 6611 6614 6584
f 6584 6614 6583
f 6551 6554 6524
f 6524 6554 6523
f 6325 6341 6298
f 6298 6341 6331
f 6779 6786 6766
f 6766 6786 6755
f 6743 6794 6795
f 7087 7088 7089
f 7089 7088 7090
f 7089 7090 7091
f 7091 7090 7092
f 7091 7092 7093
f 7093 7092 7094
f 7093 7094 7095
f 7088 7087 7096
f 7096 7087 7097
f 7096 7097 7098
f 4216 4225 7099
f 7099 4225 7100
f 7099 7100 7101
f 3891 5082 7099
f 7099 5082 4226
f 7099 4226 4214
f 3884 3886 3891
f 3891 3886 3888
f 3891 3888 7102
f 7102 7103 3891
f 3891 7103 7104
f 3891 7104 5072
f 7103 7105 7104
f 7104 7105 5248
f 7104 5248 5247
f 5247 5259 7104
f 7104 5259 5260
f 7104 5260 7106
f 7106 5260 7107
f 5072 5070 3891
f 3891 5070 5068
f 3891 5068 5067
f 5067 5078 3891
f 3891 5078 5080
f 3891 5080 5082
f 4214 4216 7099
f 5248 7105 5261
f 5261 7105 7108
f 5261 7108 7109
f 3752 5223 7109
f 7109 5223 5237
f 7109 5237 5261
f 5223 3752 5224
f 5224 3752 3751
f 5224 3751 3774
f 3775 5229 3774
f 3774 5229 5225
f 3774 5225 5224
f 5133 5131 5249
f 5249 5131 7110
f 5249 7110 7111
f 7111 7110 7112
f 7111 7112 7113
f 7113 7112 7114
f 7113 7114 7115
f 7115 7114 7116
f 7115 7116 7117
f 7117 7116 7118
f 7117 7118 7119
f 7119 7118 7120
f 7119 7120 7121
f 7121 7120 7106
f 7121 7106 7107
f 5131 5123 7110
f 7110 5123 7112
f 5123 5121 7112
f 7112 5121 7114
f 5121 5119 7114
f 7114 5119 7116
f 7118 7104 7120
f 7120 7104 7106
f 5260 5258 7107
f 7107 5258 7122
f 7107 7122 7121
f 7121 7122 7123
f 7121 7123 7119
f 7119 7123 7117
f 7122 5258 7124
f 7124 5258 5257
f 7124 5257 7125
f 7125 5257 5249
f 7125 5249 7111
f 7113 7115 7126
f 7126 7115 7117
f 7126 7117 7123
f 7111 7113 7125
f 7125 7113 7126
f 7125 7126 7124
f 7124 7126 7123
f 7124 7123 7122
f 5072 7104 5073
f 5073 7104 7118
f 5073 7118 5058
f 5058 7118 7116
f 5058 7116 5048
f 5048 7116 5119
f 5048 5119 5046
f 5046 5119 5118
f 5046 5118 5044
f 5044 5118 5153
f 5044 5153 5043
f 5043 5153 5155
f 6049 6050 6095
f 6030 6093 6028
f 6028 6093 7127
f 6028 7127 6036
f 6074 6075 6073
f 6073 6075 6094
f 6076 6089 6093
f 6093 6089 7127
f 6036 7127 6037
f 6037 7127 6089
f 6037 6089 6091
f 6048 6051 6047
f 6047 6051 6088
f 6088 6051 6090
f 6088 6046 6047
f 6047 6046 6045
f 6056 6057 6062
f 6062 6057 6087
f 6068 6063 6087
f 6087 6063 6062
f 5102 5030 7128
f 7128 5030 5028
f 7128 5028 7129
f 7129 5028 5024
f 7129 5024 7130
f 7130 5024 5003
f 7130 5003 7131
f 7131 5003 5005
f 7131 5005 6144
f 7131 6144 7132
f 7132 6144 6143
f 7132 6143 7133
f 7133 6143 6082
f 7133 6082 6086
f 7133 6086 7134
f 7134 6086 6085
f 7134 6085 7135
f 7135 6085 5116
f 7135 5116 7136
f 7136 5116 5115
f 7136 5115 7137
f 7137 5115 5103
f 7137 5103 7128
f 7128 5103 5102
f 7131 7132 7130
f 7130 7132 7138
f 7130 7138 7129
f 7129 7138 7139
f 7129 7139 7128
f 7128 7139 7137
f 7133 7134 7132
f 7132 7134 7138
f 7136 7137 7139
f 7134 7135 7138
f 7138 7135 7139
f 7135 7136 7139
f 4226 5082 4210
f 4210 5082 5083
f 4210 5083 4196
f 4196 5083 5085
f 4196 5085 4168
f 4168 5085 5087
f 4168 5087 4169
f 4169 5087 5097
f 4169 5097 4181
f 4181 5097 5110
f 4181 5110 4189
f 4189 5110 5111
f 4976 7140 4977
f 4977 7140 7141
f 4977 7141 4978
f 4978 7141 4982
f 4982 7141 7142
f 4982 7142 7143
f 7143 7142 7144
f 7144 7142 7145
f 7144 7145 7146
f 6349 7145 6336
f 6336 7145 7140
f 6336 7140 6350
f 7145 7142 7140
f 7140 7142 7141
f 6354 6357 7147
f 7147 6357 7148
f 7148 6357 6356
f 7148 6356 7149
f 7149 6356 6355
f 7149 6355 7150
f 6562 7147 6511
f 6511 7147 6563
f 6563 7147 7150
f 7150 7147 7148
f 7150 7148 7149
f 7151 7152 6568
f 6568 7152 6569
f 6569 7152 7153
f 6569 7153 6570
f 6570 7153 7154
f 6570 7154 6567
f 6622 7154 6571
f 6571 7154 6623
f 6623 7154 7151
f 7151 7154 7153
f 7151 7153 7152
f 7155 7156 6628
f 6628 7156 6629
f 6629 7156 7157
f 6629 7157 6630
f 6630 7157 7158
f 6630 7158 6627
f 6911 7158 6858
f 6858 7158 6912
f 6912 7158 7155
f 7155 7158 7157
f 7155 7157 7156
f 6916 7159 6900
f 6900 7159 7160
f 6900 7160 6895
f 6895 7160 6896
f 6416 7161 6371
f 6371 7161 7162
f 6371 7162 6372
f 6372 7162 6373
f 6373 7162 6374
f 6374 7162 6282
f 6374 6282 6780
f 6780 6282 6281
f 6780 6281 6781
f 6781 6281 6782
f 6782 6281 6280
f 6782 6280 6783
f 6783 6280 6279
f 6783 6279 6771
f 6771 6279 6293
f 6771 6293 6290
f 7163 6296 7162
f 7162 6296 6295
f 7162 6295 6294
f 7164 6257 7163
f 7163 6257 6297
f 7163 6297 6296
f 6257 7164 7165
f 7165 7164 7166
f 7165 7166 7167
f 7167 7166 7168
f 4699 6646 7165
f 7165 6646 6682
f 7165 6682 6730
f 6730 6682 6681
f 6730 6681 6728
f 6728 6681 6678
f 6728 6678 6729
f 6729 6678 6679
f 6729 6679 6737
f 6737 6679 6680
f 6737 6680 6736
f 6736 6680 6672
f 6736 6672 6735
f 6735 6672 6674
f 6735 6674 6738
f 6738 6674 6724
f 6724 6674 6686
f 6724 6686 6725
f 6725 6686 6685
f 6725 6685 6726
f 6726 6685 6684
f 6726 6684 6683
f 4696 4686 4699
f 4699 4686 6347
f 4699 6347 6348
f 4686 4688 6347
f 6347 4688 6346
f 6346 4688 7169
f 6346 7169 7170
f 7170 7146 6346
f 6346 7146 6345
f 6345 7146 6349
f 6349 7146 7145
f 6348 6339 4699
f 4699 6339 6341
f 4699 6341 6325
f 4699 6325 6554
f 6554 6325 6324
f 6554 6324 6552
f 6552 6324 6321
f 6552 6321 6553
f 6553 6321 6322
f 6553 6322 6561
f 6561 6322 6323
f 6561 6323 6560
f 6560 6323 6315
f 6560 6315 6559
f 6559 6315 6317
f 6559 6317 6562
f 6562 6317 6354
f 6562 6354 7147
f 6554 6551 4699
f 4699 6551 6614
f 4699 6614 6611
f 6551 6550 6614
f 6614 6550 6612
f 6612 6550 6547
f 6612 6547 6613
f 6613 6547 6548
f 6613 6548 6621
f 6621 6548 6549
f 6621 6549 6620
f 6620 6549 6541
f 6620 6541 6619
f 6619 6541 6543
f 6619 6543 6622
f 6622 6543 6567
f 6622 6567 7154
f 4699 6611 6903
f 6903 6611 6610
f 6903 6610 6901
f 6901 6610 6607
f 6901 6607 6902
f 6902 6607 6608
f 6902 6608 6910
f 6910 6608 6609
f 6910 6609 6909
f 6909 6609 6601
f 6909 6601 6908
f 6908 6601 6603
f 6908 6603 6911
f 6911 6603 6627
f 6911 6627 7158
f 6903 6894 4699
f 4699 6894 6646
f 6894 6893 6646
f 6646 6893 6644
f 6644 6893 6890
f 6644 6890 6653
f 6653 6890 6891
f 6653 6891 6652
f 6652 6891 6892
f 6652 6892 6651
f 6651 6892 6884
f 6651 6884 6650
f 6650 6884 6886
f 6650 6886 6654
f 6654 6886 6655
f 6655 6886 6899
f 6655 6899 6898
f 6655 6898 6656
f 6656 6898 6897
f 6656 6897 6657
f 6657 6897 6896
f 6657 6896 6658
f 6658 6896 7160
f 6658 7160 6683
f 6683 7160 6410
f 6683 6410 6727
f 6727 6410 6739
f 6739 6410 6740
f 6740 6410 6741
f 6741 6410 6742
f 6742 6410 6409
f 6742 6409 6702
f 6702 6409 6406
f 6702 6406 6700
f 6700 6406 6407
f 6700 6407 6708
f 6708 6407 6408
f 6708 6408 6707
f 6707 6408 6400
f 6707 6400 6706
f 6706 6400 6399
f 6706 6399 6709
f 6709 6399 6401
f 6709 6401 6710
f 6710 6401 7165
f 6710 7165 6730
f 7171 6413 7160
f 7160 6413 6412
f 7160 6412 6411
f 7171 6423 6413
f 6411 6410 7160
f 6401 6385 7165
f 7165 6385 6786
f 7165 6786 6779
f 6385 6384 6786
f 6786 6384 6784
f 6784 6384 6381
f 6784 6381 6785
f 6785 6381 6382
f 6785 6382 6793
f 6793 6382 6383
f 6793 6383 6792
f 6792 6383 6375
f 6792 6375 6791
f 6791 6375 6377
f 6791 6377 6794
f 6794 6377 6795
f 6795 6377 6374
f 6795 6374 6796
f 6796 6374 6797
f 6797 6374 6798
f 6798 6374 6780
f 7165 6779 6285
f 6285 6779 6778
f 6285 6778 6283
f 6283 6778 6775
f 6283 6775 6284
f 6284 6775 6776
f 6284 6776 6292
f 6292 6776 6777
f 6292 6777 6291
f 6291 6777 6769
f 6291 6769 6290
f 6290 6769 6771
f 6727 6726 6683
f 6294 6282 7162
f 6285 6265 7165
f 7165 6265 6264
f 7165 6264 6261
f 6261 6262 7165
f 7165 6262 6263
f 7165 6263 6255
f 6255 6257 7165
f 7091 7172 7089
f 7089 7172 7173
f 7089 7173 7087
f 7087 7173 7174
f 7087 7174 7161
f 7093 6423 7091
f 7091 6423 7171
f 7091 7171 7175
f 6423 7093 6424
f 6424 7093 7095
f 6424 7095 6420
f 6420 7095 7094
f 6420 7094 6421
f 6421 7094 7092
f 6421 7092 6422
f 6422 7092 7090
f 6422 7090 6417
f 6417 7090 6418
f 6418 7090 7088
f 6418 7088 6419
f 6419 7088 7096
f 6419 7096 6414
f 6414 7096 7098
f 6414 7098 6415
f 6415 7098 7097
f 6415 7097 6416
f 6416 7097 7087
f 6416 7087 7161
f 7175 7172 7091
f 4662 7176 4663
f 4663 7176 7177
f 4663 7177 4749
f 4749 7177 4753
f 4753 7177 4756
f 4756 7177 7178
f 4756 7178 7179
f 7179 7178 7180
f 7179 7180 7181
f 7181 7180 7165
f 7181 7165 7182
f 4662 4708 7176
f 7176 4708 7183
f 7176 7183 7177
f 7177 7183 7178
f 4699 7165 4708
f 4708 7165 7183
f 7182 7184 7181
f 7181 7184 3732
f 7181 3732 7185
f 7185 3732 3731
f 7185 3731 3748
f 3747 4756 3748
f 3748 4756 7179
f 3748 7179 7185
f 7185 7179 7181
f 7165 7180 7183
f 7183 7180 7178
f 6832 6841 6822
f 6822 6841 6811
f 6489 6494 6465
f 6465 6494 6464
f 7186 6506 7187
f 7187 6506 6507
f 7187 6507 6508
f 7187 6508 7188
f 7188 6508 6510
f 7188 6510 7189
f 7189 6510 7190
f 7190 6510 6509
f 6846 7186 6799
f 6799 7186 7187
f 6799 7187 7188
f 7189 7190 7188
f 7188 7190 6849
f 7188 6849 6799
f 4797 6853 4798
f 4798 6853 6854
f 4798 6854 4791
f 4791 6854 6855
f 4791 6855 4790
f 4790 6855 4839
f 4839 6855 6857
f 4839 6857 4828
f 4828 6857 6856
f 4828 6856 4827
f 4689 4955 4690
f 4690 4955 7191
f 4690 7191 7192
f 7192 7191 7193
f 7192 7193 7194
f 7194 7193 7195
f 7194 7195 7196
f 7196 7195 7197
f 7196 7197 7198
f 7198 7197 7199
f 7198 7199 7200
f 7200 7199 7144
f 7200 7144 7201
f 7201 7144 7146
f 7201 7146 7170
f 4955 4997 7191
f 7191 4997 7202
f 7191 7202 7193
f 7193 7202 7203
f 7193 7203 7195
f 7195 7203 7204
f 7195 7204 7197
f 7197 7204 7205
f 7197 7205 7199
f 7199 7205 7143
f 7199 7143 7144
f 4997 4995 7202
f 7202 4995 7206
f 7202 7206 7203
f 7203 7206 7207
f 7203 7207 7204
f 7204 7207 7208
f 7204 7208 7205
f 7205 7208 7143
f 4995 4993 7206
f 7206 4993 7209
f 7206 7209 7207
f 7207 7209 7210
f 7207 7210 7208
f 7208 7210 7143
f 4993 4991 7209
f 7209 4991 7211
f 7209 7211 7210
f 7210 7211 7143
f 4991 4982 7211
f 7211 4982 7143
f 7169 7212 7170
f 7170 7212 7213
f 7170 7213 7201
f 7201 7213 7214
f 7201 7214 7200
f 7200 7214 7198
f 4688 7215 7169
f 7169 7215 7216
f 7169 7216 7212
f 7212 7216 7217
f 7212 7217 7218
f 7218 7217 7219
f 7218 7219 7220
f 7220 7219 7221
f 7220 7221 7196
f 7196 7221 7194
f 4688 4687 7215
f 7215 4687 4695
f 7215 4695 7222
f 7222 4695 4694
f 7222 4694 7223
f 7223 4694 4693
f 7223 4693 4692
f 7223 4692 7224
f 7224 4692 4691
f 7224 4691 7225
f 7225 4691 7192
f 7225 7192 7194
f 4691 4690 7192
f 7194 7221 7225
f 7225 7221 7224
f 7221 7219 7224
f 7224 7219 7223
f 7216 7215 7222
f 7219 7217 7223
f 7223 7217 7222
f 7217 7216 7222
f 7196 7198 7220
f 7220 7198 7214
f 7220 7214 7218
f 7218 7214 7213
f 7218 7213 7212
f 4876 7226 4874
f 4874 7226 7227
f 4874 7227 4872
f 4872 7227 4892
f 4892 7227 7228
f 4892 7228 4947
f 4947 7228 4939
f 4939 7228 7229
f 4939 7229 4938
f 6441 7230 6437
f 6437 7230 7231
f 6437 7231 7232
f 6441 7233 7230
f 7230 7233 7234
f 7232 6444 6437
f 7233 7235 7234
f 7234 7235 7236
f 7234 7236 7237
f 7234 7237 7230
f 7230 7237 7238
f 7230 7238 7231
f 7231 7238 7232
f 7232 7238 7239
f 6499 7239 6452
f 6452 7239 7238
f 6452 7238 7237
f 7236 7235 7237
f 7237 7235 6502
f 7237 6502 6452
f 4628 4266 7240
f 7240 4266 4263
f 7240 4263 7241
f 7241 4263 4259
f 7241 4259 7242
f 7242 4259 4254
f 7242 4254 7243
f 7243 4254 4248
f 7243 4248 7244
f 7244 4248 4234
f 7244 4234 7245
f 7245 4234 7246
f 7245 7246 7247
f 7247 7246 7248
f 7247 7248 7249
f 7249 7248 7250
f 7249 7250 7251
f 7251 7250 7252
f 7251 7252 7253
f 7253 7252 7254
f 7253 7254 6081
f 6081 7254 6079
f 6079 7254 7255
f 7255 7254 7252
f 7255 7252 7250
f 4234 4232 7246
f 7246 4232 7256
f 7246 7256 7248
f 7248 7256 7250
f 7256 7255 7250
f 6080 7257 6081
f 6081 7257 7258
f 6081 7258 7253
f 7253 7258 7251
f 4637 7259 6080
f 6080 7259 7260
f 6080 7260 7257
f 7257 7260 7261
f 7257 7261 7262
f 7262 7261 7263
f 7262 7263 7249
f 7249 7263 7247
f 7259 4637 7264
f 7264 4637 4623
f 7264 4623 4622
f 7264 4622 7265
f 7265 4622 4635
f 7265 4635 7266
f 7266 4635 4629
f 7266 4629 7267
f 7267 4629 4628
f 7267 4628 7240
f 7244 7245 7268
f 7268 7245 7247
f 7268 7247 7263
f 7243 7244 7269
f 7269 7244 7268
f 7269 7268 7270
f 7270 7268 7263
f 7270 7263 7261
f 7242 7243 7271
f 7271 7243 7269
f 7271 7269 7272
f 7272 7269 7270
f 7272 7270 7273
f 7273 7270 7261
f 7273 7261 7260
f 7267 7240 7241
f 7241 7242 7274
f 7274 7242 7271
f 7274 7271 7275
f 7275 7271 7272
f 7275 7272 7276
f 7276 7272 7273
f 7276 7273 7259
f 7259 7273 7260
f 7262 7249 7251
f 7275 7266 7274
f 7274 7266 7267
f 7274 7267 7241
f 7266 7275 7265
f 7265 7275 7276
f 7265 7276 7264
f 7264 7276 7259
f 7262 7251 7258
f 7258 7257 7262
f 7255 7277 6079
f 6079 7277 7278
f 6079 7278 7279
f 7279 7278 7280
f 7279 7280 4099
f 4099 7280 4081
f 4081 7280 4082
f 4082 7280 7281
f 4082 7281 4084
f 4084 7281 4090
f 4090 7281 7282
f 4090 7282 7283
f 7283 7282 7284
f 7283 7284 4231
f 4231 7284 4232
f 4232 7284 7256
f 7256 7284 7277
f 7256 7277 7255
f 4231 4286 7283
f 7283 4286 4090
f 4286 4288 4090
f 4099 4137 7279
f 7279 4137 6079
f 4137 4139 6079
f 7278 7277 7285
f 7285 7277 7284
f 7285 7284 7282
f 7281 7280 7285
f 7285 7280 7278
f 7281 7285 7282
f 4202 3920 7286
f 7286 3920 3917
f 7286 3917 7287
f 7287 3917 3913
f 7287 3913 7288
f 7288 3913 3909
f 7288 3909 7289
f 7289 3909 3897
f 7289 3897 7290
f 7290 3897 7291
f 7290 7291 7292
f 7292 7291 7293
f 7292 7293 7294
f 7294 7293 7295
f 7294 7295 7296
f 7296 7295 7297
f 7296 7297 7298
f 7298 7297 7299
f 7298 7299 7300
f 7300 7299 7301
f 7300 7301 7101
f 7101 7301 7099
f 7099 7301 7302
f 7302 7301 7299
f 7302 7299 7297
f 3897 3895 7291
f 7291 3895 7293
f 3895 7303 7293
f 7293 7303 7295
f 7295 7303 7297
f 7297 7303 7302
f 7300 7101 7304
f 7304 7101 7100
f 7304 7100 7305
f 7305 7100 7306
f 7305 7306 7307
f 7307 7306 7308
f 7307 7308 7309
f 7309 7308 7310
f 7309 7310 7311
f 7311 7310 7312
f 7311 7312 7313
f 7313 7312 7314
f 7313 7314 7288
f 7288 7314 7287
f 7100 4225 7306
f 7306 4225 7315
f 7306 7315 7308
f 7308 7315 7316
f 7308 7316 7310
f 7310 7316 7317
f 7310 7317 7312
f 7312 7317 7318
f 7312 7318 7314
f 7314 7318 7319
f 7314 7319 7287
f 7287 7319 7286
f 4225 4224 7315
f 7315 4224 4223
f 7315 4223 7316
f 7316 4223 4203
f 7316 4203 7317
f 7317 4203 7318
f 4203 4202 7318
f 7318 4202 7319
f 7319 4202 7286
f 7313 7288 7289
f 7289 7290 7320
f 7320 7290 7292
f 7320 7292 7321
f 7321 7292 7294
f 7321 7294 7322
f 7322 7294 7296
f 7322 7296 7323
f 7323 7296 7298
f 7323 7298 7304
f 7304 7298 7300
f 7322 7309 7321
f 7321 7309 7311
f 7321 7311 7320
f 7320 7311 7313
f 7320 7313 7289
f 7309 7322 7307
f 7307 7322 7323
f 7307 7323 7305
f 7305 7323 7304
f 3891 7099 3880
f 3880 7099 7302
f 3880 7302 3869
f 3869 7302 7303
f 3869 7303 3850
f 3850 7303 3895
f 3850 3895 3851
f 3851 3895 3894
f 3851 3894 3852
f 3852 3894 3932
f 3852 3932 3859
f 3859 3932 3936
f 3763 3762 3874
f 3874 3762 7324
f 3874 7324 7325
f 7325 7324 7326
f 7325 7326 7327
f 7327 7326 7328
f 7327 7328 7329
f 7329 7328 7330
f 7329 7330 7331
f 7331 7330 7109
f 7331 7109 7108
f 3762 3756 7324
f 7324 3756 7326
f 7326 3756 7328
f 7328 3756 3754
f 7328 3754 7330
f 7330 3754 3752
f 7330 3752 7109
f 7105 7332 7108
f 7108 7332 7333
f 7108 7333 7331
f 7331 7333 7334
f 7331 7334 7329
f 7329 7334 7335
f 7329 7335 7327
f 7327 7335 7336
f 7327 7336 7325
f 7325 7336 3875
f 7325 3875 3874
f 7332 7105 7337
f 7337 7105 7103
f 7337 7103 7338
f 7338 7103 7339
f 7338 7339 7335
f 7335 7339 7336
f 7103 7102 7339
f 7339 7102 3889
f 7339 3889 7336
f 7336 3889 3875
f 7102 3888 3889
f 7334 7333 7337
f 7337 7333 7332
f 7335 7334 7338
f 7338 7334 7337
f 7340 7341 7342
f 7342 7341 7343
f 7342 7343 7162
f 7162 7343 7163
f 6957 7164 6958
f 6958 7164 7163
f 6958 7163 6917
f 6917 7163 7038
f 7038 7163 7340
f 7340 7163 7343
f 7340 7343 7341
f 7344 7345 6957
f 6957 7345 7164
f 3736 3737 6975
f 6975 3737 6957
f 6957 3737 7344
f 3734 7346 3737
f 3737 7346 7347
f 3737 7347 7344
f 7344 7347 7348
f 7344 7348 7345
f 7345 7348 7349
f 7345 7349 7350
f 7350 7349 7351
f 7350 7351 7352
f 7352 7351 7353
f 7352 7353 7166
f 7166 7353 7354
f 7166 7354 7168
f 7168 7354 7355
f 7168 7355 7167
f 7167 7355 7356
f 7167 7356 7165
f 7165 7356 7182
f 7182 7356 7357
f 7182 7357 7358
f 7358 7357 7359
f 7358 7359 7360
f 7360 7359 7361
f 7360 7361 7347
f 7347 7361 7348
f 7346 3734 7362
f 7362 3734 3732
f 7362 3732 7184
f 7362 7184 7363
f 7363 7184 7182
f 7363 7182 7358
f 7166 7164 7352
f 7352 7164 7364
f 7352 7364 7350
f 7350 7364 7164
f 7350 7164 7345
f 7347 7346 7360
f 7360 7346 7363
f 7360 7363 7358
f 7362 7363 7346
f 7359 7365 7366
f 7366 7365 7367
f 7366 7367 7368
f 7368 7367 7369
f 7368 7369 7349
f 7349 7369 7351
f 7365 7355 7367
f 7367 7355 7354
f 7367 7354 7369
f 7369 7354 7353
f 7369 7353 7351
f 7359 7357 7365
f 7365 7357 7356
f 7365 7356 7355
f 7348 7361 7366
f 7366 7361 7359
f 7348 7366 7368
f 7348 7368 7349
f 7161 7174 7162
f 7162 7174 7370
f 7162 7370 7371
f 7371 7372 7162
f 7162 7372 7373
f 7373 7372 7374
f 7162 7373 7375
f 7375 7373 7376
f 7375 7376 7342
f 7342 7162 7375
f 6049 6095 6051
f 6051 6095 6090
f 6035 6037 6033
f 6033 6037 6091
f 7377 7378 7379
f 7379 7378 7380
f 7379 7380 7226
f 7226 7380 7227
f 7227 7380 7381
f 7227 7381 7382
f 7382 7381 7383
f 7382 7383 7384
f 7384 7383 7385
f 7384 7385 7386
f 7378 7377 7387
f 7387 7377 7385
f 7387 7385 7383
f 7386 7388 7384
f 7384 7388 7389
f 7384 7389 7382
f 7382 7389 7228
f 7382 7228 7227
f 7388 7229 7389
f 7389 7229 7228
f 7380 7378 7387
f 7380 7387 7381
f 7381 7387 7383
f 7155 6600 6912
f 6912 6600 6599
f 6912 6599 6913
f 6913 6599 6598
f 6913 6598 6914
f 6914 6598 6597
f 6914 6597 6915
f 6915 6597 7390
f 6915 7390 7159
f 7155 6628 6600
f 6597 6626 7390
f 7390 6626 6537
f 7390 6537 6566
f 6626 6625 6537
f 6537 6625 6538
f 6538 6625 6624
f 6538 6624 6539
f 6539 6624 6623
f 6539 6623 6540
f 6540 6623 7151
f 6540 7151 6568
f 7390 6566 6311
f 6311 6566 6565
f 6311 6565 6312
f 6312 6565 6564
f 6312 6564 6313
f 6313 6564 6563
f 6313 6563 6314
f 6314 6563 7150
f 6314 7150 6355
f 7390 6311 7388
f 7388 6311 6353
f 7388 6353 6352
f 7388 6352 7229
f 7229 6352 6351
f 7229 6351 6350
f 7229 6350 4938
f 4938 6350 7140
f 4938 7140 4976
f 4967 4927 4976
f 4976 4927 4951
f 4976 4951 4948
f 4927 4967 4928
f 4928 4967 4966
f 4928 4966 4973
f 4948 4936 4976
f 4976 4936 4938
f 7159 6916 6915
f 7159 7390 7391
f 7391 7390 7392
f 7391 7392 7160
f 7160 7159 7391
f 7393 7394 7392
f 7392 7394 7160
f 7160 7394 7395
f 7160 7395 7396
f 7396 7175 7160
f 7160 7175 7171
f 7394 7393 7395
f 7395 7393 7397
f 7395 7397 7396
f 7396 7397 7175
f 7175 7397 7398
f 7175 7398 7172
f 7172 7398 7399
f 7172 7399 7400
f 7172 7400 7173
f 7173 7400 7401
f 7173 7401 7174
f 7174 7401 7402
f 7174 7402 7370
f 7370 7402 7371
f 7371 7402 7372
f 7372 7402 7374
f 3543 7045 3544
f 3544 7045 7047
f 3544 7047 3525
f 3525 7047 3526
f 3526 7047 7048
f 3526 7048 3556
f 3556 7048 3558
f 3558 7048 7046
f 3558 7046 3560
f 6946 3682 7046
f 7046 3682 3584
f 7046 3584 3560
f 3560 3584 3561
f 3561 3584 3585
f 3561 3585 3562
f 3562 3585 3591
f 3562 3591 3567
f 6946 6945 3682
f 3682 6945 3681
f 3681 6945 3680
f 3680 6945 3679
f 3679 6945 6944
f 3679 6944 3702
f 3702 6944 3696
f 3696 6944 3695
f 3695 6944 7403
f 7403 6944 6943
f 7403 6943 7404
f 7404 6943 7376
f 7376 6943 7041
f 7376 7041 7342
f 7342 7041 7040
f 7342 7040 7039
f 7039 7038 7342
f 7342 7038 7340
f 565 571 6940
f 6940 571 6929
f 6096 6142 6097
f 6097 6142 7405
f 7405 6142 7406
f 7406 6142 7407
f 7406 7407 7408
f 7408 7407 7409
f 7409 7407 7410
f 7411 7412 6142
f 6142 7412 7407
f 6103 6102 7413
f 7413 6102 7414
f 7414 6102 6101
f 7414 6101 7415
f 7415 6101 6099
f 7415 6099 7405
f 7405 6099 6097
f 7416 7417 7404
f 7404 7417 7418
f 7404 7418 7403
f 7403 7418 7419
f 7419 7418 7420
f 7419 7420 7421
f 7421 7420 7422
f 7421 7422 7423
f 7423 7422 7424
f 7423 7424 7425
f 7417 7416 7426
f 7426 7416 7424
f 7426 7424 7422
f 7425 7427 7423
f 7423 7427 7428
f 7423 7428 7421
f 7421 7428 7429
f 7421 7429 7419
f 7427 7430 7428
f 7428 7430 7429
f 7418 7417 7426
f 7418 7426 7420
f 7420 7426 7422
f 7063 7062 7430
f 7430 7062 3725
f 7430 3725 7429
f 7429 3725 3720
f 7429 3720 3721
f 3721 3706 7429
f 7429 3706 7419
f 7419 3706 3703
f 7419 3703 3694
f 3695 7403 3694
f 3694 7403 7419
f 3659 3729 3655
f 3655 3729 7084
f 3655 7084 3653
f 3653 7084 3651
f 3651 7084 7085
f 3651 7085 3650
f 3635 3597 3636
f 3636 3597 3579
f 3636 3579 3669
f 3669 3579 3580
f 3669 3580 3671
f 3671 3580 3582
f 3671 3582 3682
f 3682 3582 3584
f 3597 3635 3599
f 3599 3635 3664
f 3599 3664 3601
f 3601 3664 3660
f 3535 3534 7431
f 7431 3534 3613
f 7431 3613 7432
f 7432 3613 3615
f 7432 3615 7433
f 7433 3615 3617
f 7433 3617 7434
f 7434 3617 3619
f 7434 3619 7435
f 7434 7435 7436
f 7436 7435 7437
f 7436 7437 7438
f 7438 7437 7439
f 7438 7439 7440
f 7441 7442 7440
f 7440 7442 7443
f 7440 7443 7438
f 7438 7443 7444
f 7438 7444 7436
f 7436 7444 7433
f 7436 7433 7434
f 7442 7441 7445
f 7445 7441 3548
f 7445 3548 3545
f 7445 3545 7446
f 7446 3545 3536
f 7446 3536 3535
f 7446 3535 7431
f 7442 7445 7446
f 7446 7431 7447
f 7447 7431 7432
f 7447 7432 7444
f 7444 7432 7433
f 7443 7442 7447
f 7447 7442 7446
f 7443 7447 7444
f 3620 3477 3619
f 3619 3477 3412
f 3619 3412 7435
f 7435 3412 3411
f 7435 3411 7437
f 7437 3411 3445
f 7437 3445 7439
f 7439 3445 3444
f 3477 3620 3478
f 3478 3620 3622
f 3478 3622 3479
f 3479 3622 3624
f 3440 7045 3429
f 3429 7045 3428
f 3428 7045 3442
f 3442 7045 3444
f 3444 7045 3543
f 3444 3543 7439
f 7439 3543 7440
f 7440 3543 7441
f 7441 3543 3548
f 3548 3543 3547
f 3547 3543 3541
f 7410 7407 5633
f 5633 7407 7448
f 5633 7448 5635
f 5635 7448 7449
f 5635 7449 7450
f 7451 5639 7450
f 7450 5639 5637
f 7450 5637 5635
f 5643 5641 7451
f 7451 5641 5639
f 3493 7452 3495
f 3495 7452 7453
f 3495 7453 7042
f 7042 7453 7454
f 7454 7453 7455
f 7455 7453 7452
f 7455 7452 3493
f 3493 3492 7455
f 3299 7406 3300
f 3300 7406 7408
f 3300 7408 3301
f 3301 7408 3307
f 3307 7408 7409
f 3307 7409 3328
f 3328 7409 3329
f 3329 7409 7410
f 3329 7410 3330
f 3330 7410 5633
f 3269 7456 3270
f 3270 7456 3276
f 3276 7456 3278
f 7066 7430 7080
f 7080 7430 7427
f 7080 7427 7081
f 7081 7427 7413
f 7081 7413 7082
f 7082 7413 6214
f 7082 6214 7083
f 7083 6214 6209
f 7083 6209 7456
f 7456 6209 3278
f 3278 6209 6208
f 3278 6208 3277
f 3277 6208 3280
f 3280 6208 3282
f 3282 6208 6212
f 3282 6212 3284
f 3284 6212 3295
f 3295 6212 3297
f 3297 6212 3299
f 3299 6212 7406
f 7406 6212 6214
f 7406 6214 7405
f 7405 6214 7413
f 7405 7413 7415
f 7415 7413 7414
f 7066 7065 7430
f 7430 7065 7064
f 7430 7064 7063
f 7066 7080 7053
f 7053 7080 7076
f 592 584 593
f 593 584 582
f 593 582 597
f 597 582 581
f 597 581 596
f 596 581 594
f 596 594 595
f 584 592 586
f 586 592 590
f 586 590 588
f 7457 3601 7086
f 7086 3601 3660
f 7086 3660 7085
f 7085 3660 3647
f 7085 3647 3650
f 3650 3647 3649
f 7457 7458 3601
f 3601 7458 7459
f 3601 7459 7460
f 7460 7461 3601
f 3601 7461 7462
f 3601 7462 7463
f 3601 7463 3602
f 3602 7463 6015
f 3602 6015 3604
f 3604 6015 3606
f 3606 6015 3627
f 3627 6015 3625
f 3625 6015 3624
f 3624 6015 3403
f 3624 3403 3479
f 3479 3403 3463
f 3463 3403 3461
f 3461 3403 3384
f 3384 3403 3385
f 3385 3403 3400
f 7044 3391 7464
f 7464 3391 3390
f 7464 3390 7465
f 7465 3390 7466
f 7465 7466 7467
f 7467 7466 7468
f 7467 7468 7469
f 7469 7468 7470
f 7469 7470 7471
f 7471 7470 7472
f 7471 7472 7473
f 7473 7472 6006
f 7473 6006 5617
f 3390 3389 7466
f 7466 3389 7474
f 7466 7474 7468
f 7468 7474 7475
f 7468 7475 7470
f 7470 7475 7476
f 7470 7476 7472
f 7472 7476 6006
f 3389 3387 7474
f 7474 3387 3365
f 7474 3365 7477
f 7477 3365 3367
f 7477 3367 7478
f 7478 3367 6014
f 7478 6014 7479
f 7479 6014 6006
f 7479 6006 7476
f 5617 5616 7473
f 7473 5616 7480
f 7473 7480 7471
f 7471 7480 7481
f 7471 7481 7469
f 7469 7481 7482
f 7469 7482 7467
f 7467 7482 7483
f 7467 7483 7465
f 7465 7483 7464
f 7480 5616 7484
f 7484 5616 5619
f 7484 5619 7485
f 7485 5619 5620
f 7485 5620 7486
f 7486 5620 7487
f 7486 7487 7043
f 7043 7487 5622
f 5622 7487 5620
f 7044 7488 7043
f 7043 7488 7489
f 7043 7489 7486
f 7486 7489 7485
f 7489 7488 7490
f 7490 7488 7482
f 7490 7482 7481
f 7484 7485 7490
f 7490 7485 7489
f 7484 7490 7481
f 7482 7488 7483
f 7483 7488 7044
f 7483 7044 7464
f 7480 7484 7481
f 7474 7477 7475
f 7475 7477 7479
f 7475 7479 7476
f 7478 7479 7477
f 3253 3254 7491
f 7491 3254 3332
f 7491 3332 7492
f 7492 3332 3359
f 7492 3359 7493
f 7493 3359 3362
f 7493 3362 7494
f 7494 3362 3360
f 7494 3360 6008
f 7494 6008 7495
f 7495 6008 6010
f 7495 6010 7496
f 7496 6010 6012
f 7496 6012 7497
f 7498 7499 7497
f 7497 7499 7500
f 7497 7500 7496
f 7496 7500 7501
f 7496 7501 7495
f 7495 7501 7493
f 7495 7493 7494
f 7499 7498 7502
f 7502 7498 3260
f 7502 3260 3261
f 7502 3261 7503
f 7503 3261 3255
f 7503 3255 7491
f 7491 3255 3253
f 7499 7502 7503
f 7503 7491 7504
f 7504 7491 7492
f 7504 7492 7501
f 7501 7492 7493
f 7500 7499 7504
f 7504 7499 7503
f 7500 7504 7501
f 6013 3259 6012
f 6012 3259 3260
f 6012 3260 7498
f 7498 7497 6012
f 7079 7083 580
f 580 7083 7456
f 580 7456 3269
f 3269 3273 580
f 580 3273 3247
f 580 3247 3246
f 3246 3257 580
f 580 3257 3259
f 580 3259 492
f 492 3259 6013
f 492 6013 496
f 496 6013 6011
f 7086 506 7457
f 7457 506 505
f 7457 505 7458
f 7458 505 447
f 7458 447 7459
f 7459 447 7460
f 7460 447 446
f 7460 446 7461
f 7461 446 7462
f 7462 446 503
f 7462 503 7463
f 7463 503 501
f 7463 501 6015
f 6015 501 6009
f 6009 501 496
f 6009 496 6011
f 5701 5736 7505
f 7505 5736 7506
f 7505 7506 7507
f 7505 7507 7508
f 7508 7507 7509
f 7508 7509 7510
f 7510 7509 7511
f 7510 7511 7512
f 7512 7511 7513
f 7512 7513 5699
f 5699 7513 7514
f 5699 7514 5694
f 5694 7514 7513
f 5694 7513 7515
f 7516 7517 7515
f 7515 7517 5687
f 7515 5687 7518
f 7518 5687 5694
f 7518 5694 7515
f 7517 7516 7519
f 7519 7516 7520
f 7519 7520 7521
f 7521 7520 7522
f 7521 7522 7523
f 7523 7522 7524
f 7523 7524 7525
f 7525 7524 7526
f 7525 7526 5683
f 5683 5684 7525
f 7525 5684 7523
f 7523 5684 7521
f 7521 5684 5685
f 7521 5685 7519
f 7519 5685 5686
f 7519 5686 7517
f 7517 5686 5687
f 5699 5698 7512
f 7512 5698 7510
f 7510 5698 7508
f 7508 5698 5701
f 7508 5701 7505
f 7527 7528 7529
f 7529 7528 5666
f 7529 5666 5665
f 7529 5665 7530
f 7530 5665 5669
f 7530 5669 7531
f 7531 5669 5672
f 7531 5672 7532
f 7532 5672 5674
f 7532 5674 7533
f 7533 5674 5675
f 7533 5675 7534
f 7534 5675 5676
f 7534 5676 7535
f 7535 5676 7536
f 7535 7536 7537
f 7537 7536 7538
f 7538 7536 7539
f 7538 7539 7540
f 7540 7539 5678
f 7540 5678 5679
f 5676 5677 7536
f 7536 5677 7539
f 5677 5678 7539
f 7540 5679 7541
f 7541 5679 5680
f 7541 5680 7542
f 7542 7543 7541
f 7541 7543 7540
f 7543 7538 7540
f 7537 7544 7535
f 7535 7544 7534
f 7544 7545 7534
f 7534 7545 7533
f 7545 7546 7533
f 7533 7546 7532
f 7546 7547 7532
f 7532 7547 7531
f 7547 7527 7531
f 7531 7527 7530
f 7530 7527 7529
f 5463 5404 5455
f 5455 5404 5403
f 5455 5403 5431
f 5431 5403 5432
f 5432 5403 5413
f 5432 5413 5435
f 5435 5413 5437
f 5437 5413 5411
f 5437 5411 5408
f 5407 5429 5408
f 5408 5429 5427
f 5408 5427 5424
f 5407 5421 5429
f 5429 5421 5419
f 5429 5419 5416
f 5416 5415 5429
f 5424 5423 5408
f 5408 5423 5437
f 5455 5431 5456
f 5456 5431 5445
f 5456 5445 5443
f 5456 5443 5459
f 5459 5443 5440
f 5459 5440 5461
f 5461 5440 5439
f 5461 5439 5453
f 5453 5451 5461
f 5461 5451 5448
f 5461 5448 5447
f 1988 1960 3980
f 3980 1960 3936
f 3980 3936 3933
f 2008 2015 1988
f 1988 2015 2018
f 1988 2018 1958
f 2008 2016 2015
f 1958 1957 1988
f 1988 1957 1962
f 1988 1962 1961
f 1961 1960 1988
f 1858 7542 1960
f 1960 7542 7548
f 1960 7548 7549
f 1859 7538 1858
f 1858 7538 7543
f 1858 7543 7542
f 7538 1859 7537
f 7537 1859 1866
f 7537 1866 1846
f 7537 1846 7544
f 7544 1846 1841
f 7544 1841 1830
f 1830 1831 7544
f 7544 1831 7545
f 7545 1831 7546
f 7546 1831 3831
f 7546 3831 5800
f 5800 3831 5801
f 5801 3831 5802
f 5802 3831 3825
f 5802 3825 5803
f 5803 3825 3823
f 5803 3823 3822
f 3822 3836 5803
f 5803 3836 5804
f 5804 3836 3863
f 5804 3863 3859
f 3936 5742 3859
f 3859 5742 5811
f 3859 5811 5812
f 3933 3924 3980
f 3980 3924 3922
f 3980 3922 3921
f 3921 3941 3980
f 3980 3941 4003
f 3980 4003 3994
f 3994 4003 3999
f 5761 5763 5815
f 5815 5763 5816
f 5816 5763 5792
f 5792 5763 5765
f 5792 5765 5793
f 5793 5765 5794
f 5794 5765 5789
f 5794 5789 5788
f 5782 5791 5765
f 5765 5791 5790
f 5765 5790 5789
f 5753 5752 5782
f 5782 5752 5751
f 5782 5751 5791
f 5794 5788 5795
f 5795 5788 5787
f 5795 5787 5796
f 5796 5787 7550
f 5796 7550 7528
f 5786 7506 5787
f 5787 7506 7551
f 5787 7551 7550
f 7506 5786 7507
f 7507 5786 5785
f 7507 5785 7509
f 7509 5785 5750
f 7509 5750 5749
f 7509 5749 7511
f 7511 5749 5748
f 7511 5748 7513
f 7513 5748 3936
f 7513 3936 1960
f 5748 5747 3936
f 3936 5747 5746
f 3936 5746 5745
f 5745 5744 3936
f 3936 5744 5743
f 3936 5743 5742
f 5811 5742 5810
f 5810 5742 5741
f 5810 5741 5740
f 5810 5740 5809
f 5809 5740 5739
f 5809 5739 5808
f 5808 5739 5769
f 5808 5769 5807
f 5807 5769 5806
f 5806 5769 5754
f 5806 5754 5813
f 5813 5754 5814
f 5814 5754 5756
f 5739 5738 5769
f 5769 5738 5737
f 5769 5737 5772
f 5772 5737 5784
f 5772 5784 5783
f 5783 5774 5772
f 5812 5805 3859
f 3859 5805 5804
f 7546 5800 7547
f 7547 5800 5799
f 7547 5799 7527
f 7527 5799 5798
f 7527 5798 5797
f 7527 5797 7528
f 7528 5797 5796
f 7549 7526 1960
f 1960 7526 7524
f 1960 7524 7522
f 7522 7520 1960
f 1960 7520 7516
f 1960 7516 7515
f 7515 7513 1960
f 5666 7528 5667
f 5667 7528 5735
f 5735 7528 5736
f 5736 7528 7550
f 5736 7550 7551
f 7551 7506 5736
f 5680 5681 7542
f 7542 5681 5682
f 7542 5682 5683
f 7526 7549 5683
f 5683 7549 7548
f 5683 7548 7542
f 7552 7553 7554
f 7554 7553 7555
f 7554 7555 7556
f 7556 7555 7557
f 7556 7558 7554
f 7555 7559 7557
f 7557 7559 7560
f 7557 7560 7556
f 7556 7560 7561
f 7556 7561 7558
f 7558 7561 7562
f 7558 7562 7563
f 7563 7562 7564
f 7564 7562 7565
f 7564 7565 7566
f 7566 7565 7567
f 7566 7567 7568
f 7568 7569 7566
f 7566 7569 7570
f 7570 7569 7571
f 7570 7571 7572
f 7572 7571 7573
f 7572 7573 7574
f 7574 7575 7572
f 7572 7575 7576
f 7576 7575 7577
f 7577 7575 7578
f 7577 7578 7579
f 7579 7578 7580
f 7579 7580 7581
f 7581 7580 7582
f 7581 7582 6179
f 7581 6179 7379
f 7379 6179 6156
f 7379 6156 7377
f 7377 6156 6155
f 7377 6155 7385
f 7385 6155 6171
f 7385 6171 7386
f 7386 6171 7388
f 7388 6171 6170
f 7388 6170 6168
f 6168 6152 7388
f 7388 6152 7390
f 7390 6152 6153
f 7390 6153 7392
f 7392 6153 6148
f 7392 6148 6147
f 6147 6092 7392
f 7392 6092 7393
f 7393 6092 6072
f 7393 6072 7397
f 7397 6072 6022
f 7397 6022 6032
f 6072 6025 6022
f 6022 6025 6019
f 6027 6033 6032
f 6032 6033 7398
f 6032 7398 7397
f 6033 6091 7398
f 7398 6091 7399
f 7399 6091 6090
f 7399 6090 7400
f 7400 6090 7401
f 7401 6090 6095
f 7401 6095 6044
f 6044 6095 6041
f 7401 6044 7402
f 7402 6044 6058
f 7402 6058 6067
f 6067 6058 6060
f 6060 6058 6053
f 7402 6067 7374
f 7374 6067 6140
f 7374 6140 7373
f 7373 6140 6136
f 7373 6136 6135
f 6135 6128 7373
f 7373 6128 7376
f 7376 6128 6129
f 7376 6129 7404
f 7404 6129 6105
f 7404 6105 6104
f 6104 6111 7404
f 7404 6111 7416
f 7416 6111 7424
f 7424 6111 6120
f 7424 6120 7425
f 7425 6120 6119
f 7425 6119 7427
f 7427 6119 6100
f 7427 6100 6103
f 6103 7413 7427
f 7558 7563 7583
f 7583 7563 7584
f 7583 7584 7585
f 7585 7584 7586
f 7586 7584 7587
f 7586 7587 7588
f 7586 7588 7589
f 7589 7588 7590
f 7589 7590 7591
f 7591 7590 7592
f 7591 7592 7593
f 7590 7594 7592
f 7592 7594 7595
f 7595 7594 7596
f 7595 7596 7597
f 7594 7598 7596
f 7596 7598 7599
f 7599 7598 7600
f 7599 7600 7601
f 7601 7600 7602
f 7602 7600 7603
f 7603 7600 7604
f 7603 7604 7605
f 7605 7604 7606
f 7605 7606 7607
f 7607 7606 7608
f 7608 7606 7609
f 7609 7606 7610
f 7609 7610 7611
f 7609 7611 7612
f 7612 7611 7613
f 7612 7613 7614
f 7614 7613 7615
f 7614 7615 7616
f 7616 7615 7617
f 7617 7615 7618
f 7597 7619 7595
f 7585 7620 7583
f 7621 7622 7620
f 7620 7622 7623
f 7620 7623 7583
f 7622 7624 7623
f 7623 7624 7625
f 7620 7585 7621
f 7621 7585 7626
f 7627 7622 7628
f 7628 7622 7621
f 7628 7621 7626
f 7628 7629 7627
f 7630 7631 7632
f 7632 7631 7633
f 7632 7633 7593
f 7593 7633 7634
f 7593 7592 7632
f 7631 7630 7635
f 7635 7630 7636
f 7631 7635 7633
f 7633 7635 7637
f 7633 7637 7638
f 7639 7634 7640
f 7640 7634 7633
f 7640 7633 7638
f 7638 7641 7640
f 7642 7643 7619
f 7619 7643 7644
f 7619 7644 7595
f 7643 7645 7644
f 7644 7645 7646
f 7642 7619 7647
f 7647 7619 7597
f 7643 7642 7648
f 7648 7642 7647
f 7645 7643 7649
f 7649 7643 7650
f 7650 7643 7648
f 7650 7648 7651
f 7652 7651 7653
f 7653 7651 7648
f 7653 7648 7597
f 7597 7648 7647
f 7597 7596 7653
f 7651 7652 7650
f 7650 7652 7654
f 7560 7559 7561
f 7561 7559 7655
f 7561 7655 7562
f 7559 7656 7655
f 7655 7656 7657
f 7656 7658 7657
f 7657 7658 7659
f 7660 2141 7659
f 7659 2141 2261
f 7659 2261 7661
f 7661 2261 7662
f 7661 7662 7663
f 2141 7660 7664
f 7664 7660 7552
f 7664 7552 7625
f 7625 7552 7623
f 7623 7552 7554
f 7664 7665 2141
f 2141 7665 7666
f 2141 7666 7636
f 7665 7586 7666
f 7666 7586 7589
f 2141 7636 7667
f 7667 7636 7630
f 7667 7630 7646
f 7646 7630 7644
f 7644 7630 7632
f 7667 7654 2141
f 2141 7654 2191
f 2141 2191 2168
f 7652 7668 7654
f 7654 7668 7669
f 7654 7669 3006
f 7652 7653 7668
f 3004 3010 3006
f 3006 3010 3011
f 3006 3011 7670
f 7671 7672 7670
f 7670 7672 3006
f 3006 7672 7654
f 7654 7672 2195
f 7654 2195 2194
f 2194 2185 7654
f 7654 2185 2184
f 7654 2184 2191
f 2168 2166 2141
f 2141 2166 2164
f 2141 2164 2157
f 2157 2148 2141
f 2258 2250 2261
f 2261 2250 2252
f 2261 2252 7662
f 7661 7673 7659
f 7659 7673 7674
f 7659 7674 7657
f 7657 7674 7655
f 7562 7655 7565
f 7565 7655 7674
f 7624 7675 7625
f 7625 7675 7664
f 7628 7626 7585
f 7553 7552 7676
f 7676 7552 7660
f 7553 7676 7555
f 7555 7676 7658
f 7555 7658 7559
f 7559 7658 7656
f 7593 7634 7591
f 7591 7634 7639
f 7617 7677 7616
f 7616 7677 7678
f 7616 7678 7679
f 7616 7679 7680
f 7680 7679 7681
f 7680 7681 7682
f 7683 7607 7684
f 7684 7607 7685
f 7684 7685 7686
f 7686 7685 7687
f 7686 7687 7688
f 7688 7687 7689
f 7688 7689 7690
f 7690 7689 7691
f 7690 7691 7692
f 7692 7691 7693
f 7692 7693 7694
f 7694 7693 7614
f 7614 7693 7612
f 7612 7693 7691
f 7612 7691 7609
f 7609 7691 7689
f 7609 7689 7687
f 7607 7608 7685
f 7685 7608 7687
f 7608 7609 7687
f 7680 7694 7695
f 7695 7694 7614
f 7695 7614 7616
f 7616 7680 7695
f 7603 7605 7696
f 7696 7605 7697
f 7683 7697 7698
f 7698 7697 7605
f 7698 7605 7607
f 7607 7683 7698
f 7699 7669 7700
f 7700 7669 7601
f 7700 7601 7602
f 7602 7699 7700
f 7696 7699 7701
f 7701 7699 7602
f 7701 7602 7603
f 7603 7696 7701
f 7668 7653 7599
f 7599 7653 7596
f 7669 7668 7702
f 7702 7668 7599
f 7702 7599 7601
f 7601 7669 7702
f 7680 7682 3202
f 3202 7682 3200
f 3200 7682 3199
f 3199 7682 3212
f 3212 7682 3216
f 3216 7682 3232
f 3232 7682 3229
f 3229 7682 3230
f 3230 7682 3233
f 3233 7682 1807
f 3233 1807 1777
f 1777 1807 1785
f 1785 1807 1789
f 1789 1807 1793
f 1793 1807 1796
f 1796 1807 1805
f 1796 1805 1803
f 7682 7703 1807
f 7680 3202 7694
f 7694 3202 3203
f 7694 3203 7692
f 7692 3203 3211
f 7692 3211 7690
f 7690 3211 3188
f 7690 3188 7688
f 7688 3188 3185
f 7688 3185 7686
f 7686 3185 3174
f 7686 3174 7684
f 7684 3174 3176
f 7684 3176 7683
f 7683 3176 7697
f 7697 3176 7696
f 7696 3176 3177
f 7696 3177 3184
f 3184 3163 7696
f 7696 3163 3157
f 7696 3157 3143
f 3143 3157 3142
f 7696 3143 3023
f 3023 3143 3060
f 3023 3060 3029
f 3029 3060 3049
f 3029 3049 3037
f 3037 3049 3047
f 3037 3047 3039
f 7696 3019 7699
f 7699 3019 2989
f 7699 2989 2988
f 3023 3020 7696
f 7696 3020 3019
f 2988 3007 7699
f 7699 3007 7669
f 7669 3007 3006
f 7644 7632 7595
f 7595 7632 7592
f 7558 7583 7554
f 7554 7583 7623
f 7568 7567 7704
f 7704 7567 7673
f 7704 7673 7705
f 7705 7568 7704
f 7674 7673 7706
f 7706 7673 7567
f 7706 7567 7565
f 7565 7674 7706
f 7571 7569 7707
f 7707 7569 7708
f 7705 7708 7709
f 7709 7708 7569
f 7709 7569 7568
f 7568 7705 7709
f 7710 7711 7712
f 7712 7711 7580
f 7712 7580 7578
f 7712 7578 7713
f 7713 7578 7575
f 7713 7575 7714
f 7714 7575 7715
f 7714 7715 7716
f 7716 7715 7717
f 7717 7715 7718
f 7717 7718 7719
f 7719 7718 7720
f 7720 7718 7573
f 7573 7718 7574
f 7574 7718 7715
f 7574 7715 7575
f 7716 7721 7714
f 7714 7721 7713
f 7721 7710 7713
f 7713 7710 7712
f 7707 7720 7722
f 7722 7720 7573
f 7722 7573 7571
f 7571 7707 7722
f 6179 7582 6177
f 6177 7582 7723
f 7711 7723 7724
f 7724 7723 7582
f 7724 7582 7580
f 7580 7711 7724
f 7673 7725 7705
f 7705 7725 7726
f 7705 7726 2630
f 7673 7661 7725
f 2630 2624 7705
f 7705 2624 7708
f 7708 2624 2596
f 7708 2596 2623
f 7707 7708 2545
f 2545 7708 2623
f 2545 2623 2552
f 2552 2623 2561
f 2561 2623 2563
f 2563 2623 2571
f 2571 2623 2622
f 2571 2622 2574
f 2574 2622 2621
f 2574 2621 2620
f 7707 2545 7720
f 7720 2545 7719
f 7719 2545 2544
f 7719 2544 7717
f 7717 2544 2543
f 7717 2543 7716
f 7716 2543 2514
f 7716 2514 7721
f 7721 2514 2507
f 7721 2507 7710
f 7710 2507 2479
f 7710 2479 7711
f 7711 2479 2477
f 7711 2477 7723
f 7723 2477 6177
f 6177 2477 4478
f 4478 2477 4379
f 4478 4379 4480
f 4480 4379 4475
f 4475 4379 4415
f 4415 4379 4398
f 4398 4379 4399
f 4399 4379 4381
f 4399 4381 4400
f 4379 2477 2405
f 2405 2477 2475
f 2405 2475 2500
f 2500 2499 2405
f 2405 2499 2431
f 2405 2431 2425
f 2422 2406 2425
f 2425 2406 2405
f 7727 7728 7729
f 7729 7728 7730
f 7729 7730 7731
f 7731 7730 7732
f 7731 7732 7733
f 7733 7732 7734
f 7734 7735 7733
f 7733 7735 7736
f 7736 7735 7737
f 7737 7735 7738
f 7737 7738 7739
f 7739 7738 7740
f 7739 7740 7741
f 7741 7740 7742
f 7742 6195 7741
f 7741 6195 6194
f 7727 6190 7728
f 7728 6190 6191
f 7732 7730 7734
f 7734 7730 7728
f 7734 7728 7742
f 7742 7728 6195
f 6195 7728 6191
f 6195 6191 6193
f 6193 6191 6185
f 6185 6191 6189
f 6185 6189 6187
f 6199 6197 6193
f 6193 6197 6195
f 7734 7742 7735
f 7735 7742 7740
f 7735 7740 7738
f 7743 7744 7745
f 7745 7744 7746
f 7747 7743 7748
f 7748 7743 7745
f 7747 7748 7749
f 7749 7748 7750
f 7744 7749 7746
f 7746 7749 7750
f 7746 7750 7745
f 7745 7750 7748
f 7751 7752 7753
f 7753 7752 7754
f 7753 7754 7755
f 7755 7754 7756
f 7755 7756 7757
f 7757 7756 7758
f 7757 7758 7759
f 7759 7758 7760
f 7759 7760 7581
f 7581 7760 7761
f 7581 7761 7762
f 7581 7762 7763
f 7763 7762 7764
f 7763 7764 7765
f 7766 7747 7765
f 7765 7747 7749
f 7765 7749 7744
f 2791 2789 7766
f 7766 2789 2797
f 7766 2797 2847
f 2789 2791 2790
f 2790 2791 2773
f 2790 2773 2775
f 2847 2846 7766
f 7766 2846 2848
f 7766 2848 7747
f 7747 2848 7743
f 7743 2848 7763
f 7743 7763 7744
f 7744 7763 7765
f 7379 7767 7581
f 7581 7767 7768
f 7581 7768 7759
f 7226 6836 7379
f 7379 6836 6835
f 7379 6835 6852
f 4876 6200 7226
f 7226 6200 6202
f 7226 6202 6838
f 6838 6202 6206
f 6838 6206 6204
f 4877 6856 4876
f 4876 6856 6204
f 4876 6204 6200
f 4877 4891 6856
f 6856 4891 4889
f 6856 4889 4854
f 6856 4854 4827
f 4827 4854 4850
f 4827 4850 4826
f 4826 4850 4841
f 6856 6838 6204
f 6838 6837 7226
f 7226 6837 6836
f 6851 6479 6852
f 6852 6479 6478
f 6852 6478 7379
f 7379 6478 6505
f 7379 6505 6438
f 6438 6505 6439
f 6439 6505 6504
f 6439 6504 6440
f 6440 6504 6503
f 6440 6503 6441
f 6441 6503 6502
f 6441 6502 7233
f 7233 6502 7235
f 6479 6851 6480
f 6480 6851 6850
f 6480 6850 6481
f 6481 6850 6849
f 6481 6849 6509
f 6509 6849 7190
f 6438 7767 7379
f 7768 7767 7769
f 7769 7767 7770
f 7769 7770 7771
f 7771 7770 7772
f 7771 7772 7773
f 7773 7772 7774
f 7773 7774 7775
f 7775 7774 7776
f 7777 7778 7779
f 7779 7778 7780
f 7777 7781 7778
f 7778 7781 7782
f 7781 7783 7782
f 7782 7783 7784
f 7783 7779 7784
f 7784 7779 7780
f 7784 7780 7782
f 7782 7780 7778
f 7785 7786 7787
f 7787 7786 7788
f 7787 7788 7789
f 7789 7788 7790
f 7789 7790 7791
f 7791 7790 7792
f 7791 7792 387
f 387 7792 388
f 388 7792 7793
f 388 7793 7794
f 7794 7793 7795
f 7794 7795 7796
f 7796 7795 7797
f 7796 7797 7798
f 7798 7797 7799
f 7798 7799 7800
f 7800 7799 7801
f 7800 7801 7788
f 7788 7801 7802
f 7788 7802 7790
f 7790 7802 7803
f 7790 7803 7804
f 7804 7803 7797
f 7804 7797 7795
f 7800 7805 7798
f 7796 377 7794
f 7794 377 388
f 7791 387 7806
f 7806 387 386
f 7806 386 7807
f 7807 7785 7806
f 7806 7785 7787
f 7806 7787 7789
f 7804 7795 7793
f 7790 7804 7792
f 7792 7804 7793
f 7791 7806 7789
f 7799 7797 7803
f 7799 7803 7801
f 7801 7803 7802
f 375 377 7808
f 7808 377 7796
f 7808 7796 7809
f 7809 7796 7798
f 7809 7798 7810
f 7810 7798 7805
f 7811 7812 7813
f 7813 7812 7814
f 7813 7814 7815
f 7815 7814 7816
f 7815 7816 7817
f 7817 7816 7818
f 7818 7816 7819
f 7818 7819 7820
f 7812 7821 7814
f 7814 7821 7822
f 7814 7822 7816
f 7816 7822 7819
f 7821 7820 7822
f 7817 7823 7815
f 7822 7820 7819
f 7824 7825 7826
f 7826 7825 7827
f 7826 7827 7828
f 7828 7827 7829
f 7828 7829 7813
f 7813 7829 7811
f 7811 7829 7830
f 7811 7830 7831
f 7831 7830 7832
f 7832 7830 7827
f 7832 7827 7833
f 7833 7827 7825
f 7831 7834 7811
f 7813 7815 7828
f 7828 7815 7823
f 7828 7823 7826
f 7830 7829 7827
f 7835 7836 7837
f 7837 7836 7838
f 7837 7838 7839
f 7839 7838 7840
f 7839 7840 7841
f 7838 7836 7842
f 7842 7836 7843
f 7842 7843 7844
f 7844 7843 7845
f 7844 7846 7842
f 7842 7846 7847
f 7842 7847 7838
f 7838 7847 7840
f 7846 7841 7847
f 7847 7841 7840
f 7848 7849 7841
f 7841 7849 7839
f 7839 7849 7850
f 7839 7850 7837
f 7837 7850 7851
f 7837 7851 7835
f 7845 7823 7844
f 7844 7823 7817
f 7844 7817 7846
f 7846 7817 7818
f 7846 7818 7841
f 7841 7818 7820
f 7852 7853 7854
f 7854 7853 7855
f 7854 7855 7835
f 7835 7855 7836
f 7836 7855 7843
f 7843 7855 7856
f 7843 7856 7845
f 7845 7856 7857
f 7845 7857 7858
f 7858 7857 7859
f 7859 7857 7860
f 7860 7857 7853
f 7860 7853 7852
f 7858 7861 7845
f 7845 7861 7862
f 7856 7855 7853
f 7857 7856 7853
f 7811 7863 7812
f 7812 7863 7864
f 7812 7864 7821
f 7821 7864 7865
f 7821 7865 7820
f 7820 7865 7866
f 7862 7826 7845
f 7845 7826 7823
f 7811 7834 7863
f 7867 7868 7869
f 7869 7868 7870
f 7869 7870 7871
f 7872 7873 7867
f 7867 7873 7868
f 7868 7873 7874
f 7874 7873 7875
f 7874 7875 7876
f 7876 7875 7877
f 7876 7878 7874
f 7874 7878 7879
f 7874 7879 7868
f 7868 7879 7870
f 7878 7871 7879
f 7879 7871 7870
f 7880 7881 7877
f 7877 7881 7876
f 7876 7881 7882
f 7876 7882 7878
f 7878 7882 7883
f 7878 7883 7871
f 7884 7885 7886
f 7886 7885 7887
f 7886 7887 7888
f 7888 7887 7889
f 7888 7889 7875
f 7875 7889 7877
f 7877 7889 7890
f 7877 7890 7891
f 7891 7890 7892
f 7892 7890 7887
f 7892 7887 7893
f 7893 7887 7885
f 7891 7894 7877
f 7875 7873 7888
f 7888 7873 7872
f 7888 7872 7886
f 7890 7889 7887
f 7895 7896 7897
f 7897 7896 7898
f 7897 7898 7899
f 7899 7898 7900
f 7899 7900 7901
f 7901 7900 7902
f 7902 7900 7903
f 7902 7903 7904
f 7896 7905 7898
f 7898 7905 7906
f 7898 7906 7900
f 7900 7906 7903
f 7905 7904 7906
f 7901 7907 7899
f 7906 7904 7903
f 7908 7909 7910
f 7910 7909 7911
f 7910 7911 7907
f 7907 7911 7899
f 7899 7911 7897
f 7897 7911 7912
f 7897 7912 7895
f 7895 7912 7913
f 7895 7913 7914
f 7914 7913 7915
f 7915 7913 7916
f 7916 7913 7917
f 7917 7913 7909
f 7917 7909 7908
f 7914 7918 7895
f 7912 7911 7909
f 7913 7912 7909
f 7919 7920 7904
f 7904 7920 7902
f 7902 7920 7921
f 7902 7921 7901
f 7901 7921 7922
f 7901 7922 7907
f 7895 7872 7896
f 7896 7872 7867
f 7896 7867 7905
f 7905 7867 7869
f 7905 7869 7904
f 7904 7869 7871
f 7894 7923 7877
f 7877 7923 7880
f 7880 7923 7924
f 7924 7923 7925
f 7924 7925 7926
f 7883 7919 7871
f 7871 7919 7904
f 7927 7928 7929
f 7929 7928 7930
f 7929 7930 7931
f 7932 7933 7927
f 7927 7933 7928
f 7928 7933 7934
f 7934 7933 7935
f 7934 7935 7936
f 7936 7935 7937
f 7936 7938 7934
f 7934 7938 7939
f 7934 7939 7928
f 7928 7939 7930
f 7938 7931 7939
f 7939 7931 7930
f 7937 7940 7936
f 7936 7940 7941
f 7936 7941 7938
f 7938 7941 7942
f 7938 7942 7931
f 7931 7942 7943
f 7944 7945 7946
f 7946 7945 7947
f 7946 7947 7948
f 7948 7947 7949
f 7948 7949 7935
f 7935 7949 7937
f 7937 7949 7950
f 7937 7950 7951
f 7951 7950 7952
f 7952 7950 7947
f 7952 7947 7953
f 7953 7947 7945
f 7951 7954 7937
f 7935 7933 7948
f 7948 7933 7932
f 7948 7932 7946
f 7950 7949 7947
f 7955 7956 7957
f 7957 7956 7958
f 7957 7958 7959
f 7960 7961 7955
f 7955 7961 7956
f 7956 7961 7962
f 7962 7961 7963
f 7962 7963 7964
f 7964 7963 7965
f 7964 7966 7962
f 7962 7966 7967
f 7962 7967 7956
f 7956 7967 7958
f 7966 7959 7967
f 7967 7959 7958
f 7965 7932 7964
f 7964 7932 7927
f 7964 7927 7966
f 7966 7927 7929
f 7966 7929 7959
f 7959 7929 7931
f 7968 7969 7970
f 7970 7969 7971
f 7970 7971 7960
f 7960 7971 7961
f 7961 7971 7963
f 7963 7971 7972
f 7963 7972 7965
f 7965 7972 7973
f 7965 7973 7974
f 7974 7973 7975
f 7975 7973 7976
f 7976 7973 7969
f 7976 7969 7968
f 7974 7977 7965
f 7965 7977 7978
f 7972 7971 7969
f 7973 7972 7969
f 7979 7980 7959
f 7959 7980 7957
f 7957 7980 7981
f 7957 7981 7955
f 7955 7981 7982
f 7955 7982 7960
f 7937 7954 7940
f 7943 7983 7931
f 7931 7983 7984
f 7931 7984 7985
f 7986 7987 7943
f 7943 7987 7983
f 7985 7988 7931
f 7931 7988 7959
f 7959 7988 7989
f 7959 7989 7990
f 7990 7991 7959
f 7959 7991 7979
f 7979 7991 7992
f 7979 7992 7993
f 7994 7995 7996
f 7996 7995 7997
f 7996 7997 7998
f 7999 8000 7994
f 7994 8000 7995
f 7995 8000 8001
f 8001 8000 8002
f 8001 8002 8003
f 8003 8002 8004
f 8003 8005 8001
f 8001 8005 8006
f 8001 8006 7995
f 7995 8006 7997
f 8005 7998 8006
f 8006 7998 7997
f 8004 7774 8003
f 8003 7774 7772
f 8003 7772 8005
f 8005 7772 7770
f 8005 7770 7998
f 7998 7770 7767
f 8007 8008 8009
f 8009 8008 8010
f 8009 8010 7999
f 7999 8010 8011
f 7999 8011 8000
f 8000 8011 8002
f 8002 8011 8012
f 8002 8012 8004
f 8004 8012 8013
f 8004 8013 8014
f 8014 8013 8015
f 8014 8015 8016
f 8016 8015 8007
f 8007 8015 8008
f 8012 8011 8010
f 8015 8013 8008
f 8008 8013 8010
f 8013 8012 8010
f 6425 7999 6426
f 6426 7999 7994
f 6426 7994 6435
f 6435 7994 7996
f 6435 7996 6434
f 6434 7996 7998
f 7998 7767 6434
f 6434 7767 6438
f 7999 6425 8009
f 8009 6425 6449
f 8017 8018 8019
f 8019 8018 8020
f 8019 8020 8021
f 8022 8023 8017
f 8017 8023 8018
f 8018 8023 8024
f 8024 8023 8025
f 8024 8025 8026
f 8026 8025 8027
f 8026 8028 8024
f 8024 8028 8029
f 8024 8029 8018
f 8018 8029 8020
f 8028 8021 8029
f 8029 8021 8020
f 8030 8031 8032
f 8032 8031 8033
f 8032 8033 8034
f 8035 8036 8030
f 8030 8036 8031
f 8031 8036 8037
f 8037 8036 8038
f 8037 8038 8039
f 8039 8038 8040
f 8039 8041 8037
f 8037 8041 8042
f 8037 8042 8031
f 8031 8042 8033
f 8041 8034 8042
f 8042 8034 8033
f 8040 7753 8039
f 8039 7753 7755
f 8039 7755 8041
f 8041 7755 7757
f 8041 7757 8034
f 8034 7757 7759
f 8043 8044 8045
f 8045 8044 8046
f 8045 8046 8035
f 8035 8046 8047
f 8035 8047 8036
f 8036 8047 8038
f 8038 8047 8048
f 8038 8048 8040
f 8040 8048 8049
f 8040 8049 8050
f 8050 8049 8051
f 8050 8051 8052
f 8052 8051 8043
f 8043 8051 8044
f 8048 8047 8046
f 8051 8049 8044
f 8044 8049 8046
f 8049 8048 8046
f 8027 8035 8026
f 8026 8035 8030
f 8026 8030 8028
f 8028 8030 8032
f 8028 8032 8021
f 8021 8032 8034
f 8053 8054 8055
f 8055 8054 8056
f 8055 8056 8022
f 8022 8056 8057
f 8022 8057 8023
f 8023 8057 8025
f 8025 8057 8058
f 8025 8058 8027
f 8027 8058 8059
f 8027 8059 8060
f 8060 8059 8061
f 8060 8061 8062
f 8062 8061 8053
f 8053 8061 8054
f 8058 8057 8056
f 8061 8059 8054
f 8054 8059 8056
f 8059 8058 8056
f 7768 7769 8021
f 8021 7769 8019
f 8019 7769 7771
f 8019 7771 8017
f 8017 7771 7773
f 8017 7773 8022
f 8050 8063 8040
f 8040 8063 8064
f 8040 8064 8065
f 8066 7751 8065
f 8065 7751 7753
f 8065 7753 8040
f 8034 7759 8021
f 8021 7759 7768
f 8067 8068 8069
f 8069 8068 8070
f 8069 8070 8071
f 8072 8073 8067
f 8067 8073 8068
f 8068 8073 8074
f 8074 8073 8075
f 8074 8075 8076
f 8076 8075 8077
f 8076 8078 8074
f 8074 8078 8079
f 8074 8079 8068
f 8068 8079 8070
f 8078 8071 8079
f 8079 8071 8070
f 8080 8081 8082
f 8082 8081 8083
f 8082 8083 8084
f 8085 8086 8080
f 8080 8086 8081
f 8081 8086 8087
f 8087 8086 8088
f 8087 8088 8089
f 8089 8088 8090
f 8089 8091 8087
f 8087 8091 8092
f 8087 8092 8081
f 8081 8092 8083
f 8091 8084 8092
f 8092 8084 8083
f 8093 8094 8090
f 8090 8094 8089
f 8089 8094 8095
f 8089 8095 8091
f 8091 8095 8096
f 8091 8096 8084
f 8097 8098 8099
f 8099 8098 8100
f 8099 8100 8101
f 8101 8100 8102
f 8101 8102 8088
f 8088 8102 8090
f 8090 8102 8103
f 8090 8103 8104
f 8104 8103 8105
f 8105 8103 8100
f 8105 8100 8106
f 8106 8100 8098
f 8104 8107 8090
f 8088 8086 8101
f 8101 8086 8085
f 8101 8085 8099
f 8103 8102 8100
f 8077 8085 8076
f 8076 8085 8080
f 8076 8080 8078
f 8078 8080 8082
f 8078 8082 8071
f 8071 8082 8084
f 8108 8109 8110
f 8110 8109 8111
f 8110 8111 8072
f 8072 8111 8073
f 8073 8111 8075
f 8075 8111 8112
f 8075 8112 8077
f 8077 8112 8113
f 8077 8113 8114
f 8114 8113 8115
f 8115 8113 8116
f 8116 8113 8109
f 8116 8109 8108
f 8114 8117 8077
f 8077 8117 8118
f 8112 8111 8109
f 8113 8112 8109
f 8119 8120 8071
f 8071 8120 8069
f 8069 8120 8121
f 8069 8121 8067
f 8067 8121 8122
f 8067 8122 8072
f 8107 8123 8090
f 8090 8123 8093
f 8093 8123 8124
f 8124 8123 8125
f 8124 8125 8126
f 8096 8119 8084
f 8084 8119 8071
f 8127 8128 8129
f 8129 8128 8130
f 8129 8130 8131
f 8132 8133 8127
f 8127 8133 8128
f 8128 8133 8134
f 8134 8133 8135
f 8134 8135 8136
f 8136 8135 8137
f 8136 8138 8134
f 8134 8138 8139
f 8134 8139 8128
f 8128 8139 8130
f 8138 8131 8139
f 8139 8131 8130
f 8140 8141 8142
f 8142 8141 8143
f 8142 8143 8144
f 8145 8146 8140
f 8140 8146 8141
f 8141 8146 8147
f 8147 8146 8148
f 8147 8148 8149
f 8149 8148 8150
f 8149 8151 8147
f 8147 8151 8152
f 8147 8152 8141
f 8141 8152 8143
f 8151 8144 8152
f 8152 8144 8143
f 8153 8154 8150
f 8150 8154 8149
f 8149 8154 8155
f 8149 8155 8151
f 8151 8155 8156
f 8151 8156 8144
f 8157 8158 8159
f 8159 8158 8160
f 8159 8160 8161
f 8161 8160 8162
f 8161 8162 8148
f 8148 8162 8150
f 8150 8162 8163
f 8150 8163 8164
f 8164 8163 8165
f 8165 8163 8160
f 8165 8160 8166
f 8166 8160 8158
f 8164 8167 8150
f 8148 8146 8161
f 8161 8146 8145
f 8161 8145 8159
f 8163 8162 8160
f 8137 8145 8136
f 8136 8145 8140
f 8136 8140 8138
f 8138 8140 8142
f 8138 8142 8131
f 8131 8142 8144
f 8168 8169 8170
f 8170 8169 8171
f 8170 8171 8132
f 8132 8171 8133
f 8133 8171 8135
f 8135 8171 8172
f 8135 8172 8137
f 8137 8172 8173
f 8137 8173 8174
f 8174 8173 8175
f 8175 8173 8176
f 8176 8173 8169
f 8176 8169 8168
f 8174 8177 8137
f 8137 8177 8178
f 8172 8171 8169
f 8173 8172 8169
f 8179 8180 8131
f 8131 8180 8129
f 8129 8180 8181
f 8129 8181 8127
f 8127 8181 8182
f 8127 8182 8132
f 8167 8183 8150
f 8150 8183 8153
f 8153 8183 8184
f 8184 8183 8185
f 8184 8185 8186
f 8156 8179 8144
f 8144 8179 8131
f 8187 8188 8189
f 8189 8188 8190
f 8189 8190 8191
f 8191 8190 8192
f 8191 8192 8193
f 8193 8192 8194
f 8194 8192 8195
f 8194 8195 8196
f 8188 8197 8190
f 8190 8197 8198
f 8190 8198 8192
f 8192 8198 8195
f 8197 8196 8198
f 8193 8199 8191
f 8198 8196 8195
f 8200 8201 8202
f 8202 8201 8203
f 8202 8203 8199
f 8199 8203 8191
f 8191 8203 8189
f 8189 8203 8204
f 8189 8204 8187
f 8187 8204 8205
f 8187 8205 8206
f 8206 8205 8207
f 8207 8205 8208
f 8208 8205 8209
f 8209 8205 8201
f 8209 8201 8200
f 8206 8210 8187
f 8204 8203 8201
f 8205 8204 8201
f 8211 8212 8196
f 8196 8212 8194
f 8194 8212 8213
f 8194 8213 8193
f 8193 8213 8214
f 8193 8214 8199
f 8215 8216 8217
f 8217 8216 8218
f 8217 8218 8219
f 8219 8218 8220
f 8219 8220 8221
f 8221 8220 8222
f 8222 8220 8223
f 8222 8223 8224
f 8216 8225 8218
f 8218 8225 8226
f 8218 8226 8220
f 8220 8226 8223
f 8225 8224 8226
f 8221 8227 8219
f 8226 8224 8223
f 8228 8229 8230
f 8230 8229 8231
f 8230 8231 8232
f 8232 8231 8233
f 8232 8233 8217
f 8217 8233 8215
f 8215 8233 8234
f 8215 8234 8235
f 8235 8234 8236
f 8236 8234 8231
f 8236 8231 8237
f 8237 8231 8229
f 8235 8238 8215
f 8217 8219 8232
f 8232 8219 8227
f 8232 8227 8230
f 8234 8233 8231
f 8187 8227 8188
f 8188 8227 8221
f 8188 8221 8197
f 8197 8221 8222
f 8197 8222 8196
f 8196 8222 8224
f 8215 8239 8216
f 8216 8239 8240
f 8216 8240 8225
f 8225 8240 8241
f 8225 8241 8224
f 8224 8241 8242
f 8210 8230 8187
f 8187 8230 8227
f 8215 8238 8239
f 8243 8244 8245
f 8245 8244 8246
f 8245 8246 8247
f 8247 8246 8248
f 8247 8248 8249
f 8249 8248 8250
f 8250 8248 8251
f 8250 8251 8252
f 8244 8253 8246
f 8246 8253 8254
f 8246 8254 8248
f 8248 8254 8251
f 8253 8252 8254
f 8249 8255 8247
f 8254 8252 8251
f 8256 8257 8258
f 8258 8257 8259
f 8258 8259 8260
f 8260 8259 8261
f 8260 8261 8245
f 8245 8261 8243
f 8243 8261 8262
f 8243 8262 8263
f 8263 8262 8264
f 8264 8262 8259
f 8264 8259 8265
f 8265 8259 8257
f 8263 8266 8243
f 8245 8247 8260
f 8260 8247 8255
f 8260 8255 8258
f 8262 8261 8259
f 8267 8268 8269
f 8269 8268 8270
f 8269 8270 8271
f 8271 8270 8272
f 8271 8272 8273
f 8270 8268 8274
f 8274 8268 8275
f 8274 8275 8276
f 8276 8275 8277
f 8276 8278 8274
f 8274 8278 8279
f 8274 8279 8270
f 8270 8279 8272
f 8278 8273 8279
f 8279 8273 8272
f 8280 8281 8273
f 8273 8281 8271
f 8271 8281 8282
f 8271 8282 8269
f 8269 8282 8283
f 8269 8283 8267
f 8277 8255 8276
f 8276 8255 8249
f 8276 8249 8278
f 8278 8249 8250
f 8278 8250 8273
f 8273 8250 8252
f 8284 8285 8286
f 8286 8285 8287
f 8286 8287 8267
f 8267 8287 8268
f 8268 8287 8275
f 8275 8287 8288
f 8275 8288 8277
f 8277 8288 8289
f 8277 8289 8290
f 8290 8289 8291
f 8291 8289 8292
f 8292 8289 8285
f 8292 8285 8284
f 8290 8293 8277
f 8277 8293 8294
f 8288 8287 8285
f 8289 8288 8285
f 8243 8295 8244
f 8244 8295 8296
f 8244 8296 8253
f 8253 8296 8297
f 8253 8297 8252
f 8252 8297 8298
f 8294 8258 8277
f 8277 8258 8255
f 8243 8266 8295
f 8299 8300 8301
f 8301 8300 8302
f 8301 8302 8303
f 8304 8305 8299
f 8299 8305 8300
f 8300 8305 8306
f 8306 8305 8307
f 8306 8307 8308
f 8308 8307 8309
f 8308 8310 8306
f 8306 8310 8311
f 8306 8311 8300
f 8300 8311 8302
f 8310 8303 8311
f 8311 8303 8302
f 8312 8313 8314
f 8314 8313 8315
f 8314 8315 8316
f 8316 8315 8317
f 8316 8317 8318
f 8318 8317 8319
f 8319 8317 8320
f 8319 8320 8321
f 8313 8322 8315
f 8315 8322 8323
f 8315 8323 8317
f 8317 8323 8320
f 8322 8321 8323
f 8318 8324 8316
f 8323 8321 8320
f 8325 8326 8327
f 8327 8326 8328
f 8327 8328 8329
f 8329 8328 8330
f 8329 8330 8314
f 8314 8330 8312
f 8312 8330 8331
f 8312 8331 8332
f 8332 8331 8333
f 8333 8331 8328
f 8333 8328 8334
f 8334 8328 8326
f 8332 8335 8312
f 8314 8316 8329
f 8329 8316 8324
f 8329 8324 8327
f 8331 8330 8328
f 8309 8324 8308
f 8308 8324 8318
f 8308 8318 8310
f 8310 8318 8319
f 8310 8319 8303
f 8303 8319 8321
f 8312 8336 8313
f 8313 8336 8337
f 8313 8337 8322
f 8322 8337 8338
f 8322 8338 8321
f 8321 8338 8339
f 8340 8341 8342
f 8342 8341 8343
f 8342 8343 8304
f 8304 8343 8305
f 8305 8343 8307
f 8307 8343 8344
f 8307 8344 8309
f 8309 8344 8345
f 8309 8345 8346
f 8346 8345 8347
f 8347 8345 8348
f 8348 8345 8341
f 8348 8341 8340
f 8346 8349 8309
f 8309 8349 8350
f 8344 8343 8341
f 8345 8344 8341
f 8351 8352 8303
f 8303 8352 8301
f 8301 8352 8353
f 8301 8353 8299
f 8299 8353 8354
f 8299 8354 8304
f 8312 8335 8336
f 8339 8351 8321
f 8321 8351 8303
f 8355 8356 8357
f 8357 8356 8358
f 8357 8358 8359
f 8360 8361 8355
f 8355 8361 8356
f 8356 8361 8362
f 8362 8361 8363
f 8362 8363 8364
f 8364 8363 8365
f 8364 8366 8362
f 8362 8366 8367
f 8362 8367 8356
f 8356 8367 8358
f 8366 8359 8367
f 8367 8359 8358
f 8368 8369 8370
f 8370 8369 8371
f 8370 8371 8372
f 8372 8371 8373
f 8372 8373 8374
f 8374 8373 8375
f 8375 8373 8376
f 8375 8376 8377
f 8369 8378 8371
f 8371 8378 8379
f 8371 8379 8373
f 8373 8379 8376
f 8378 8377 8379
f 8374 8380 8372
f 8379 8377 8376
f 8381 8382 8383
f 8383 8382 8384
f 8383 8384 8380
f 8380 8384 8385
f 8380 8385 8372
f 8372 8385 8370
f 8370 8385 8386
f 8370 8386 8368
f 8368 8386 8387
f 8368 8387 8388
f 8388 8387 8389
f 8388 8389 8390
f 8390 8389 8381
f 8381 8389 8382
f 8386 8385 8384
f 8389 8387 8382
f 8382 8387 8384
f 8387 8386 8384
f 8365 8380 8364
f 8364 8380 8374
f 8364 8374 8366
f 8366 8374 8375
f 8366 8375 8359
f 8359 8375 8377
f 8368 7765 8369
f 8369 7765 7764
f 8369 7764 8378
f 8378 7764 7762
f 8378 7762 8377
f 8377 7762 7761
f 8391 8392 8393
f 8393 8392 8394
f 8393 8394 8360
f 8360 8394 8395
f 8360 8395 8361
f 8361 8395 8363
f 8363 8395 8396
f 8363 8396 8365
f 8365 8396 8397
f 8365 8397 8398
f 8398 8397 8399
f 8398 8399 8400
f 8400 8399 8391
f 8391 8399 8392
f 8396 8395 8394
f 8399 8397 8392
f 8392 8397 8394
f 8397 8396 8394
f 7760 7758 8359
f 8359 7758 8357
f 8357 7758 7756
f 8357 7756 8355
f 8355 7756 7754
f 8355 7754 8360
f 8388 8401 8368
f 8368 8401 8402
f 8368 8402 8403
f 8404 7766 8403
f 8403 7766 7765
f 8403 7765 8368
f 8377 7761 8359
f 8359 7761 7760
f 8405 8406 8407
f 8407 8406 8408
f 8407 8408 8409
f 8410 8411 8405
f 8405 8411 8406
f 8406 8411 8412
f 8412 8411 8413
f 8412 8413 8414
f 8414 8413 8415
f 8414 8416 8412
f 8412 8416 8417
f 8412 8417 8406
f 8406 8417 8408
f 8416 8409 8417
f 8417 8409 8408
f 8418 8419 8420
f 8420 8419 8421
f 8420 8421 8422
f 8422 8421 8423
f 8422 8423 8424
f 8424 8423 8425
f 8425 8423 8426
f 8425 8426 8427
f 8419 8428 8421
f 8421 8428 8429
f 8421 8429 8423
f 8423 8429 8426
f 8428 8427 8429
f 8424 8430 8422
f 8429 8427 8426
f 8431 8432 8433
f 8433 8432 8434
f 8433 8434 8435
f 8435 8434 8436
f 8435 8436 8420
f 8420 8436 8418
f 8418 8436 8437
f 8418 8437 8438
f 8438 8437 8439
f 8439 8437 8434
f 8439 8434 8440
f 8440 8434 8432
f 8438 8441 8418
f 8420 8422 8435
f 8435 8422 8430
f 8435 8430 8433
f 8437 8436 8434
f 8415 8430 8414
f 8414 8430 8424
f 8414 8424 8416
f 8416 8424 8425
f 8416 8425 8409
f 8409 8425 8427
f 8442 8443 8418
f 8418 8443 8419
f 8419 8443 8444
f 8419 8444 8428
f 8428 8444 8445
f 8428 8445 8446
f 8447 8427 8446
f 8446 8427 8428
f 8448 8449 8450
f 8450 8449 8451
f 8450 8451 8410
f 8410 8451 8411
f 8411 8451 8413
f 8413 8451 8452
f 8413 8452 8415
f 8415 8452 8453
f 8415 8453 8454
f 8454 8453 8455
f 8455 8453 8456
f 8456 8453 8449
f 8456 8449 8448
f 8454 8457 8415
f 8415 8457 8458
f 8452 8451 8449
f 8453 8452 8449
f 8459 8460 8409
f 8409 8460 8407
f 8407 8460 8461
f 8407 8461 8405
f 8405 8461 8462
f 8405 8462 8410
f 8418 8441 8442
f 8447 8463 8427
f 8427 8463 8409
f 8409 8463 8459
f 8464 8465 8466
f 8466 8465 8467
f 8466 8467 8468
f 8469 8470 8464
f 8464 8470 8465
f 8465 8470 8471
f 8471 8470 8472
f 8471 8472 8473
f 8473 8472 8474
f 8473 8475 8471
f 8471 8475 8476
f 8471 8476 8465
f 8465 8476 8467
f 8475 8468 8476
f 8476 8468 8467
f 8477 8478 8479
f 8479 8478 8480
f 8479 8480 8481
f 8481 8480 8482
f 8481 8482 8483
f 8480 8478 8484
f 8484 8478 8485
f 8484 8485 8486
f 8486 8485 8487
f 8486 8488 8484
f 8484 8488 8489
f 8484 8489 8480
f 8480 8489 8482
f 8488 8483 8489
f 8489 8483 8482
f 8474 8477 8473
f 8473 8477 8479
f 8473 8479 8475
f 8475 8479 8481
f 8475 8481 8468
f 8468 8481 8483
f 8487 8490 8486
f 8486 8490 8491
f 8486 8491 8488
f 8488 8491 8492
f 8488 8492 8483
f 8483 8492 8493
f 604 603 8477
f 8477 603 602
f 8477 602 601
f 601 8494 8477
f 8477 8494 8478
f 8478 8494 8495
f 8478 8495 8485
f 8485 8495 8496
f 8485 8496 8487
f 8487 8496 8497
f 605 8498 461
f 461 8498 8499
f 461 8499 462
f 8499 8498 8500
f 8500 8498 8501
f 8500 8501 8502
f 8502 8501 8503
f 8502 8503 8504
f 8504 8503 8505
f 8506 8507 8508
f 8508 8507 8509
f 8508 8509 8510
f 8510 8509 8511
f 8510 8511 8512
f 8512 8511 8513
f 8513 8511 8514
f 8513 8514 428
f 8507 8515 8509
f 8509 8515 8516
f 8509 8516 8511
f 8511 8516 8514
f 8515 428 8516
f 8512 8517 8510
f 8516 428 8514
f 5690 8518 5691
f 5691 8518 8519
f 5691 8519 8517
f 8517 8519 8510
f 8510 8519 8508
f 8508 8519 8520
f 8508 8520 8506
f 8506 8520 5689
f 5689 8520 8521
f 5689 8521 5688
f 5688 8521 8518
f 5688 8518 5690
f 8520 8519 8518
f 8521 8520 8518
f 8522 8523 8524
f 8524 8523 8525
f 8524 8525 460
f 8526 8527 8522
f 8522 8527 8523
f 8523 8527 8528
f 8528 8527 8529
f 8528 8529 8530
f 8530 8529 8531
f 8530 8532 8528
f 8528 8532 8533
f 8528 8533 8523
f 8523 8533 8525
f 8532 460 8533
f 8533 460 8525
f 8534 8535 8536
f 8536 8535 8537
f 8536 8537 8538
f 8538 8537 8539
f 8538 8539 8540
f 8540 8539 8541
f 8541 8539 8542
f 8541 8542 454
f 8535 8543 8537
f 8537 8543 8544
f 8537 8544 8539
f 8539 8544 8542
f 8543 454 8544
f 8540 8545 8538
f 8544 454 8542
f 8546 375 8547
f 8547 375 7808
f 8547 7808 8548
f 8548 7808 8549
f 8548 8549 8550
f 8550 8549 8551
f 8550 8551 8552
f 8552 8551 8553
f 8552 8553 8554
f 8554 8553 8555
f 8554 8555 8556
f 8556 8555 8557
f 8556 8557 8558
f 7808 7809 8549
f 8549 7809 8559
f 8549 8559 8551
f 8551 8559 8560
f 8551 8560 8553
f 8553 8560 8561
f 8553 8561 8555
f 8559 7809 8562
f 8562 7809 7810
f 8562 7810 8561
f 8563 8564 8558
f 8558 8564 8565
f 8558 8565 8556
f 8556 8565 8566
f 8556 8566 8554
f 8554 8566 8552
f 8567 8568 8563
f 8563 8568 8569
f 8563 8569 8564
f 8564 8569 8570
f 8564 8570 8571
f 8571 8570 8572
f 8571 8572 8573
f 8573 8572 8574
f 8573 8574 8550
f 8550 8574 8548
f 8567 8575 8568
f 8568 8575 8576
f 8568 8576 8569
f 8569 8576 8570
f 8576 8575 8577
f 8577 8575 8546
f 8577 8546 8578
f 8578 8546 8547
f 8578 8547 8574
f 8574 8547 8548
f 8570 8576 8577
f 8574 8572 8578
f 8578 8572 8577
f 8572 8570 8577
f 8573 8550 8552
f 8571 8573 8566
f 8566 8573 8552
f 8564 8571 8565
f 8565 8571 8566
f 8562 8561 8560
f 8559 8562 8560
f 375 8579 370
f 370 8579 8580
f 370 8580 8581
f 8581 8580 8582
f 8581 8582 8583
f 8583 8582 7010
f 8583 7010 7008
f 8546 8584 375
f 375 8584 8585
f 375 8585 8586
f 8586 8585 8587
f 8586 8587 8588
f 8588 8587 8567
f 8588 8567 7010
f 8584 8546 8589
f 8589 8546 8575
f 8589 8575 8567
f 8583 7008 8590
f 8590 7008 7014
f 8590 7014 370
f 8579 375 8586
f 8585 8584 8591
f 8591 8584 8589
f 8591 8589 8567
f 8586 8588 8579
f 8579 8588 8592
f 8579 8592 8580
f 8580 8592 8582
f 8590 370 8581
f 8583 8590 8581
f 8567 8587 8591
f 8591 8587 8585
f 7010 8582 8592
f 8592 8588 7010
f 8545 8557 8593
f 8593 8557 8555
f 8593 8555 8594
f 8594 8555 8561
f 8594 8561 7810
f 7810 8534 8594
f 8594 8534 8536
f 8594 8536 8593
f 8593 8536 8538
f 8593 8538 8545
f 8531 8545 8530
f 8530 8545 8540
f 8530 8540 8532
f 8532 8540 8541
f 8532 8541 460
f 460 8541 454
f 8534 8517 8535
f 8535 8517 8512
f 8535 8512 8543
f 8543 8512 8513
f 8543 8513 454
f 454 8513 428
f 8595 8596 8597
f 8597 8596 8598
f 8597 8598 8526
f 8526 8598 8527
f 8527 8598 8529
f 8529 8598 8599
f 8529 8599 8531
f 8531 8599 8600
f 8531 8600 8601
f 8601 8600 8602
f 8602 8600 8596
f 8602 8596 8595
f 8601 8603 8531
f 8599 8598 8596
f 8600 8599 8596
f 462 8499 460
f 460 8499 8524
f 8524 8499 8500
f 8524 8500 8522
f 8522 8500 8502
f 8522 8502 8526
f 8526 8502 8504
f 8497 8496 8506
f 8506 8496 8507
f 8507 8496 8495
f 8507 8495 8515
f 8515 8495 8494
f 8515 8494 428
f 428 8494 429
f 429 8494 601
f 8505 8503 8469
f 8469 8503 8470
f 8470 8503 8501
f 8470 8501 8472
f 8472 8501 8498
f 8472 8498 8474
f 8474 8498 605
f 8474 605 600
f 600 599 8474
f 8474 599 598
f 8468 8604 8466
f 8466 8604 8605
f 8466 8605 8464
f 8464 8605 8606
f 8464 8606 8469
f 8469 8606 8607
f 1512 1510 7786
f 7786 1510 8608
f 7786 8608 8609
f 8609 5693 7786
f 7786 5693 8517
f 7786 8517 7788
f 7788 8517 8534
f 7788 8534 7800
f 7800 8534 7805
f 7805 8534 7810
f 5693 5691 8517
f 5689 1392 8506
f 8506 1392 1388
f 8506 1388 1400
f 1400 1398 8506
f 8506 1398 1444
f 8506 1444 8610
f 8610 1444 1442
f 8610 1442 8611
f 8506 8610 8497
f 8497 8610 8612
f 8497 8612 8613
f 8613 8612 8614
f 8613 8614 8615
f 8613 8490 8497
f 8497 8490 8487
f 8483 8493 8468
f 8468 8493 8604
f 8616 8617 8618
f 8618 8617 8619
f 8618 8619 8620
f 8620 8619 8621
f 8620 8621 8622
f 8622 8621 8623
f 8623 8621 8624
f 8623 8624 8625
f 8617 8626 8619
f 8619 8626 8627
f 8619 8627 8621
f 8621 8627 8624
f 8626 8625 8627
f 8622 8628 8620
f 8627 8625 8624
f 8628 8629 8620
f 8620 8629 8630
f 8620 8630 8618
f 8618 8630 8631
f 8618 8631 8632
f 8632 8616 8618
f 8633 1692 8622
f 8622 1692 1691
f 8622 1691 8628
f 8628 1691 1687
f 8622 8623 8633
f 8633 8623 8634
f 8634 8623 8625
f 8634 8625 8635
f 8635 8625 8636
f 8636 8625 8637
f 8638 8639 8640
f 8640 8639 8641
f 8640 8641 8642
f 8643 8644 8638
f 8638 8644 8639
f 8639 8644 8645
f 8645 8644 8646
f 8645 8646 8647
f 8647 8646 8648
f 8647 8649 8645
f 8645 8649 8650
f 8645 8650 8639
f 8639 8650 8641
f 8649 8642 8650
f 8650 8642 8641
f 8648 8651 8647
f 8647 8651 8652
f 8647 8652 8649
f 8649 8652 8653
f 8649 8653 8642
f 8642 8653 8654
f 8643 8655 8644
f 8644 8655 8656
f 8644 8656 8646
f 8646 8656 8657
f 8646 8657 8658
f 8658 8648 8646
f 8642 8625 8640
f 8640 8625 8626
f 8640 8626 8638
f 8638 8626 8617
f 8638 8617 8643
f 8643 8617 8616
f 1687 1684 8628
f 8628 1684 1682
f 8628 1682 1681
f 8628 1681 8629
f 8629 1681 1680
f 8629 1680 1693
f 1693 1694 8629
f 8629 1694 1696
f 8629 1696 1700
f 8629 1700 467
f 467 1700 616
f 467 616 464
f 8632 8655 8616
f 8616 8655 8643
f 607 1367 606
f 606 1367 1369
f 606 1369 8659
f 608 1489 607
f 607 1489 1477
f 607 1477 8660
f 8660 1477 1476
f 8660 1476 1378
f 1378 1377 8660
f 8660 1377 1347
f 8660 1347 1339
f 1377 1409 1347
f 1347 1409 1415
f 1347 1415 1349
f 1339 1337 8660
f 8660 1337 1356
f 8660 1356 607
f 607 1356 1367
f 7854 7835 7851
f 7841 7820 7848
f 7848 7820 7866
f 8286 8267 8283
f 8273 8252 8280
f 8280 8252 8298
f 8202 8199 8214
f 8196 8224 8211
f 8211 8224 8242
f 7932 7965 7946
f 7946 7965 7978
f 7970 7960 7982
f 8430 8415 8433
f 8433 8415 8458
f 8145 8137 8159
f 8159 8137 8178
f 8085 8077 8099
f 8099 8077 8118
f 7872 7895 7886
f 7886 7895 7918
f 8324 8309 8327
f 8327 8309 8350
f 8342 8304 8354
f 8661 8662 8663
f 8663 8662 8664
f 8663 8664 8665
f 8665 8664 8666
f 8665 8666 8667
f 8667 8666 8668
f 8667 8668 8669
f 8662 8661 8670
f 8670 8661 8671
f 8670 8671 8672
f 1918 1902 1921
f 1921 1902 1903
f 1921 1903 8673
f 8673 8674 1921
f 1921 8674 8675
f 1921 8675 3099
f 1921 3099 8676
f 8676 3099 3088
f 8676 3088 3086
f 3086 3077 8676
f 8676 3077 3075
f 8676 3075 3073
f 3073 3072 8676
f 8676 3072 3128
f 8676 3128 1751
f 1751 3128 1760
f 1760 3128 8677
f 8677 3128 8678
f 8678 3128 8679
f 8679 3128 3121
f 3121 3128 3119
f 3121 3119 3120
f 1751 1752 8676
f 8676 1752 1754
f 8676 1754 8680
f 8680 8681 8676
f 1737 8682 1738
f 1738 8682 3243
f 1738 3243 1783
f 1783 3243 3239
f 1783 3239 3234
f 1737 1762 8682
f 8682 1762 8683
f 8683 1762 8677
f 8677 1762 1760
f 3233 1777 3234
f 3234 1777 1776
f 3234 1776 1783
f 3125 3221 3126
f 3126 3221 8684
f 3126 8684 8685
f 8685 8684 8686
f 8685 8686 8687
f 8687 8686 8688
f 8687 8688 8689
f 8689 8688 8690
f 8689 8690 8678
f 8678 8690 8677
f 8677 8690 8683
f 8683 8690 8691
f 8683 8691 8692
f 8692 8691 8693
f 8692 8693 8694
f 8694 8693 8695
f 8694 8695 3242
f 3242 8695 3221
f 3221 8695 8684
f 8694 3242 8696
f 8696 3242 3244
f 8696 3244 3243
f 3243 8682 8696
f 8696 8682 8692
f 8696 8692 8694
f 8682 8683 8692
f 8689 8678 8697
f 8697 8678 8679
f 8697 8679 8698
f 8698 8679 3122
f 8698 3122 8699
f 8699 3122 3123
f 8699 3123 8685
f 8685 3123 3126
f 8679 3121 3122
f 8697 8698 8699
f 8697 8699 8687
f 8687 8699 8685
f 8693 8691 8688
f 8688 8691 8690
f 8697 8687 8689
f 8695 8693 8686
f 8686 8693 8688
f 8684 8695 8686
f 3103 3068 3104
f 3104 3068 3057
f 3104 3057 3154
f 3154 3057 3058
f 3154 3058 3144
f 3144 3058 3059
f 3144 3059 3143
f 3143 3059 3060
f 3068 3103 3070
f 3070 3103 3129
f 3070 3129 3072
f 3072 3129 3128
f 7639 7640 7591
f 7624 7622 7675
f 7675 7622 8700
f 8700 7622 7627
f 7659 7658 7660
f 7660 7658 7676
f 7665 7664 8700
f 8700 7664 7675
f 7627 7629 8700
f 8700 7629 7665
f 7665 7629 7586
f 7638 7637 7641
f 7641 7637 7666
f 7641 7666 7589
f 7636 7666 7635
f 7635 7666 7637
f 7645 7649 7646
f 7646 7649 7667
f 7654 7667 7650
f 7650 7667 7649
f 2998 2997 8701
f 8701 2997 3082
f 8701 3082 8702
f 8702 3082 3100
f 8702 3100 8703
f 8703 3100 3095
f 8703 3095 8704
f 8704 3095 3096
f 8704 3096 8705
f 8704 8705 8706
f 8706 8705 8707
f 8706 8707 8708
f 8708 8707 7672
f 8708 7672 7671
f 7670 8709 7671
f 7671 8709 8710
f 7671 8710 8708
f 8708 8710 8711
f 8708 8711 8706
f 8706 8711 8703
f 8706 8703 8704
f 8709 7670 8712
f 8712 7670 3011
f 8712 3011 3008
f 8712 3008 8713
f 8713 3008 2999
f 8713 2999 2998
f 8713 2998 8701
f 8709 8712 8713
f 8713 8701 8714
f 8714 8701 8702
f 8714 8702 8711
f 8711 8702 8703
f 8710 8709 8714
f 8714 8709 8713
f 8710 8714 8711
f 3097 8715 3096
f 3096 8715 2209
f 3096 2209 8705
f 8705 2209 2206
f 8705 2206 8707
f 8707 2206 2196
f 8707 2196 7672
f 7672 2196 2195
f 8715 3097 8716
f 8716 3097 3098
f 8716 3098 8675
f 8675 3098 3099
f 2982 8717 2980
f 2980 8717 8718
f 2980 8718 2981
f 2981 8718 2924
f 2924 8718 8719
f 2924 8719 2925
f 2925 8719 2906
f 2906 8719 8720
f 2906 8720 2907
f 7910 7907 8717
f 8717 7907 8720
f 8717 8720 8718
f 8718 8720 8719
f 7907 7922 8720
f 8721 7924 8722
f 8722 7924 7926
f 8722 7926 8723
f 8723 7926 7925
f 8723 7925 8724
f 8724 7925 7923
f 8110 8072 8724
f 8724 8072 8122
f 8724 8122 8721
f 8722 8723 8721
f 8721 8723 8724
f 8123 8725 8125
f 8125 8725 8726
f 8125 8726 8126
f 8126 8726 8727
f 8126 8727 8124
f 8124 8727 8728
f 8170 8132 8725
f 8725 8132 8182
f 8725 8182 8728
f 8727 8726 8728
f 8728 8726 8725
f 8183 8729 8185
f 8185 8729 8730
f 8185 8730 8186
f 8186 8730 8731
f 8186 8731 8184
f 8184 8731 8732
f 8450 8410 8729
f 8729 8410 8462
f 8729 8462 8732
f 8731 8730 8732
f 8732 8730 8729
f 8463 8447 8733
f 8733 8447 8734
f 8734 8447 8446
f 8734 8446 8445
f 7986 7943 8735
f 8735 7943 8736
f 8736 7943 7942
f 8736 7942 7941
f 7941 7940 8736
f 8736 7940 7848
f 8736 7848 7866
f 7954 8354 7940
f 7940 8354 8353
f 7940 8353 8352
f 7951 8340 7954
f 7954 8340 8342
f 7954 8342 8354
f 8340 7951 8348
f 8348 7951 7952
f 8348 7952 8347
f 8347 7952 7953
f 8347 7953 8346
f 8346 7953 7945
f 8346 7945 8349
f 8349 7945 7944
f 8349 7944 8350
f 8350 7944 7946
f 8350 7946 1728
f 1728 7946 7978
f 1728 7978 8258
f 8258 7978 8256
f 8256 7978 7977
f 8256 7977 8257
f 8257 7977 7974
f 8257 7974 8265
f 8265 7974 7975
f 8265 7975 8264
f 8264 7975 7976
f 8264 7976 8263
f 8263 7976 7968
f 8263 7968 8266
f 8266 7968 7970
f 8266 7970 8295
f 8295 7970 7982
f 8295 7982 8296
f 8296 7982 8297
f 8297 7982 8298
f 8298 7982 8280
f 8280 7982 8242
f 8280 8242 8281
f 8281 8242 8241
f 8281 8241 8240
f 8242 7982 8734
f 8734 7982 7981
f 8734 7981 7980
f 7980 7979 8734
f 8734 7979 8737
f 8737 7979 7993
f 8242 8734 8211
f 8211 8734 8445
f 8211 8445 8212
f 8212 8445 8444
f 8212 8444 8213
f 8213 8444 8443
f 8213 8443 8214
f 8214 8443 8442
f 8214 8442 8441
f 8438 8200 8441
f 8441 8200 8202
f 8441 8202 8214
f 8200 8438 8209
f 8209 8438 8439
f 8209 8439 8208
f 8208 8439 8440
f 8208 8440 8207
f 8207 8440 8432
f 8207 8432 8206
f 8206 8432 8431
f 8206 8431 8210
f 8210 8431 8433
f 8210 8433 8738
f 8738 8433 8458
f 8738 8458 8159
f 8159 8458 8157
f 8157 8458 8457
f 8157 8457 8158
f 8158 8457 8454
f 8158 8454 8166
f 8166 8454 8455
f 8166 8455 8165
f 8165 8455 8456
f 8165 8456 8164
f 8164 8456 8448
f 8164 8448 8167
f 8167 8448 8450
f 8167 8450 8183
f 8183 8450 8729
f 8159 8178 8738
f 8738 8178 8099
f 8738 8099 8118
f 8099 8178 8097
f 8097 8178 8177
f 8097 8177 8098
f 8098 8177 8174
f 8098 8174 8106
f 8106 8174 8175
f 8106 8175 8105
f 8105 8175 8176
f 8105 8176 8104
f 8104 8176 8168
f 8104 8168 8107
f 8107 8168 8170
f 8107 8170 8123
f 8123 8170 8725
f 8117 7884 8118
f 8118 7884 7886
f 8118 7886 8738
f 8738 7886 7918
f 8738 7918 7914
f 7884 8117 7885
f 7885 8117 8114
f 7885 8114 7893
f 7893 8114 8115
f 7893 8115 7892
f 7892 8115 8116
f 7892 8116 7891
f 7891 8116 8108
f 7891 8108 7894
f 7894 8108 8110
f 7894 8110 7923
f 7923 8110 8724
f 7914 7915 8738
f 8738 7915 7916
f 8738 7916 8739
f 8739 7916 2952
f 2952 7916 7917
f 2952 7917 2970
f 2970 7917 2976
f 2976 7917 2982
f 2982 7917 7908
f 2982 7908 7910
f 7910 8717 2982
f 8739 8740 8738
f 8738 1728 8210
f 8210 1728 8230
f 8230 1728 8294
f 8230 8294 8228
f 8228 8294 8293
f 8228 8293 8229
f 8229 8293 8290
f 8229 8290 8237
f 8237 8290 8291
f 8237 8291 8236
f 8236 8291 8292
f 8236 8292 8235
f 8235 8292 8284
f 8235 8284 8238
f 8238 8284 8286
f 8238 8286 8283
f 1726 1716 1728
f 1728 1716 1725
f 1728 1725 7834
f 7834 1725 8741
f 7834 8741 7863
f 7863 8741 7864
f 7864 8741 8736
f 7864 8736 7865
f 7865 8736 7866
f 1726 1718 1716
f 8335 7851 8336
f 8336 7851 7850
f 8336 7850 8337
f 8337 7850 7849
f 8337 7849 8338
f 8338 7849 8339
f 8339 7849 7848
f 8339 7848 7940
f 8332 7852 8335
f 8335 7852 7854
f 8335 7854 7851
f 7852 8332 7860
f 7860 8332 8333
f 7860 8333 7859
f 7859 8333 8334
f 7859 8334 7858
f 7858 8334 8326
f 7858 8326 7861
f 7861 8326 8325
f 7861 8325 7862
f 7862 8325 8327
f 7862 8327 1728
f 1728 8327 8350
f 8352 8351 7940
f 7940 8351 8339
f 8281 8240 8282
f 8282 8240 8239
f 8282 8239 8283
f 8283 8239 8238
f 8258 8294 1728
f 7834 7831 1728
f 1728 7831 7832
f 1728 7832 7833
f 7833 7825 1728
f 1728 7825 7824
f 1728 7824 7826
f 7826 7862 1728
f 8665 8742 8663
f 8663 8742 8743
f 8663 8743 8661
f 8661 8743 8744
f 8661 8744 8737
f 8667 7986 8665
f 8665 7986 8735
f 8665 8735 8745
f 7986 8667 7987
f 7987 8667 8669
f 7987 8669 7983
f 7983 8669 8668
f 7983 8668 7984
f 7984 8668 8666
f 7984 8666 7985
f 7985 8666 8664
f 7985 8664 7988
f 7988 8664 7989
f 7989 8664 8662
f 7989 8662 7990
f 7990 8662 8670
f 7990 8670 7991
f 7991 8670 8672
f 7991 8672 7992
f 7992 8672 8671
f 7992 8671 7993
f 7993 8671 8661
f 7993 8661 8737
f 8745 8742 8665
f 8746 8747 8738
f 8738 8747 8748
f 8738 8748 8749
f 8749 8748 8750
f 8749 8750 8751
f 8751 8750 8752
f 8751 8752 8753
f 8746 8754 8747
f 8747 8754 2655
f 8747 2655 8755
f 8755 2655 2654
f 8755 2654 2696
f 2698 8752 2696
f 2696 8752 8756
f 2696 8756 8755
f 8755 8756 8747
f 8753 8757 8751
f 8751 8757 1702
f 8751 1702 8758
f 8758 1702 1701
f 8758 1701 1724
f 1728 8738 1724
f 1724 8738 8749
f 1724 8749 8758
f 8758 8749 8751
f 8750 8748 8756
f 8756 8748 8747
f 8752 8750 8756
f 8380 8365 8383
f 8383 8365 8398
f 8035 8027 8045
f 8045 8027 8060
f 7752 7751 8759
f 8759 7751 8066
f 8759 8066 8065
f 8759 8065 8760
f 8760 8065 8064
f 8760 8064 8761
f 8761 8064 8762
f 8762 8064 8063
f 8393 8360 8762
f 8762 8360 8761
f 8761 8360 8760
f 8760 8360 7754
f 8760 7754 7752
f 7752 8759 8760
f 2791 7766 2769
f 2769 7766 8404
f 2769 8404 2751
f 2751 8404 8403
f 2751 8403 2715
f 2715 8403 2714
f 2714 8403 8402
f 2714 8402 2735
f 2735 8402 8401
f 2735 8401 2744
f 2683 2682 2957
f 2957 2682 8763
f 2957 8763 2958
f 2958 8763 8764
f 2958 8764 2964
f 2964 8764 8765
f 2964 8765 2966
f 2966 8765 8766
f 2966 8766 2968
f 2968 8766 8767
f 2968 8767 2969
f 2969 8767 8768
f 2969 8768 2951
f 2951 8768 2952
f 2952 8768 8769
f 2952 8769 8739
f 8739 8769 8770
f 8739 8770 8771
f 8771 8770 8772
f 8771 8772 8773
f 8773 8772 8774
f 8773 8774 8775
f 8775 8774 8776
f 8775 8776 8777
f 8777 8776 8778
f 8777 8778 8754
f 8754 8778 8779
f 8754 8779 2655
f 2655 8779 2657
f 2657 8779 8780
f 2657 8780 8781
f 8781 8780 8782
f 8781 8782 8783
f 8783 8782 8784
f 8783 8784 8785
f 8785 8784 8786
f 8785 8786 8787
f 8787 8786 8788
f 8787 8788 8767
f 8767 8788 8768
f 8763 2682 8789
f 8789 2682 2679
f 8789 2679 8790
f 8790 2679 2675
f 8790 2675 8791
f 8791 2675 2670
f 8791 2670 8781
f 8781 2670 2657
f 8777 8754 8792
f 8792 8754 8746
f 8792 8746 8793
f 8793 8746 8794
f 8793 8794 8795
f 8795 8794 8740
f 8795 8740 8796
f 8796 8740 8771
f 8796 8771 8773
f 8746 8738 8794
f 8794 8738 8740
f 8740 8739 8771
f 8780 8779 8797
f 8797 8779 8778
f 8797 8778 8776
f 8781 8783 8791
f 8791 8783 8798
f 8791 8798 8790
f 8790 8798 8799
f 8790 8799 8789
f 8789 8799 8764
f 8789 8764 8763
f 8776 8800 8797
f 8797 8800 8782
f 8797 8782 8780
f 8782 8800 8784
f 8784 8800 8801
f 8784 8801 8786
f 8786 8801 8802
f 8786 8802 8788
f 8788 8802 8769
f 8788 8769 8768
f 8801 8800 8774
f 8774 8800 8776
f 8798 8783 8785
f 8799 8798 8803
f 8803 8798 8785
f 8803 8785 8787
f 8764 8799 8765
f 8765 8799 8803
f 8765 8803 8766
f 8766 8803 8787
f 8766 8787 8767
f 8795 8796 8804
f 8804 8796 8773
f 8804 8773 8775
f 8772 8770 8802
f 8802 8770 8769
f 8774 8772 8801
f 8801 8772 8802
f 8792 8793 8804
f 8804 8793 8795
f 8792 8804 8775
f 8777 8792 8775
f 2866 8805 2891
f 2891 8805 8806
f 2891 8806 2855
f 2855 8806 2809
f 2809 8806 8807
f 2809 8807 2807
f 2807 8807 2842
f 2842 8807 7763
f 2842 7763 2848
f 7776 7774 8808
f 8808 7774 8004
f 8808 8004 8809
f 8809 8004 8810
f 8810 8004 8014
f 8808 8811 7776
f 8810 8812 8809
f 8809 8812 8813
f 8809 8813 8814
f 8809 8814 8808
f 8808 8814 8815
f 8808 8815 8811
f 8811 8815 7776
f 7776 8815 7775
f 8055 8022 8812
f 8812 8022 8813
f 8813 8022 8814
f 8814 8022 7773
f 8814 7773 7775
f 7775 8815 8814
f 2582 8816 2253
f 2253 8816 8817
f 2253 8817 2254
f 2254 8817 8818
f 2254 8818 8819
f 8819 8818 8820
f 8819 8820 8821
f 8821 8820 8822
f 8821 8822 8823
f 8823 8822 8824
f 8823 8824 8825
f 8825 8824 8826
f 8825 8826 8827
f 8827 8826 7725
f 8827 7725 7661
f 2582 2647 8816
f 8816 2647 8828
f 8816 8828 8829
f 8829 8828 8830
f 8829 8830 8831
f 8831 8830 8832
f 8831 8832 8833
f 8833 8832 8834
f 8833 8834 8835
f 8835 8834 7726
f 8835 7726 8836
f 8836 7726 7725
f 8836 7725 8826
f 2647 2645 8828
f 8828 2645 8837
f 8828 8837 8830
f 8830 8837 8838
f 8830 8838 8832
f 8832 8838 8839
f 8832 8839 8834
f 8834 8839 7726
f 2645 2643 8837
f 8837 2643 8840
f 8837 8840 8838
f 8838 8840 8841
f 8838 8841 8839
f 8839 8841 7726
f 2643 2633 8840
f 8840 2633 8842
f 8840 8842 8841
f 8841 8842 7726
f 2633 2630 8842
f 8842 2630 7726
f 7661 7663 8827
f 8827 7663 8843
f 8827 8843 8825
f 8825 8843 8844
f 8825 8844 8823
f 8823 8844 8845
f 8823 8845 8821
f 8821 8845 8846
f 8821 8846 8819
f 8819 8846 2254
f 8843 7663 8847
f 8847 7663 7662
f 8847 7662 8848
f 8848 7662 8849
f 8848 8849 8850
f 8850 8849 2257
f 8850 2257 2256
f 2252 2251 7662
f 7662 2251 8849
f 2251 2257 8849
f 8850 2256 8851
f 8851 2256 2255
f 8851 2255 8846
f 8846 2255 2254
f 8816 8829 8817
f 8817 8829 8852
f 8817 8852 8818
f 8818 8852 8820
f 8846 8845 8851
f 8851 8845 8853
f 8851 8853 8850
f 8850 8853 8848
f 8829 8831 8852
f 8852 8831 8854
f 8852 8854 8820
f 8820 8854 8822
f 8847 8848 8853
f 8847 8853 8844
f 8844 8853 8845
f 8831 8833 8854
f 8854 8833 8855
f 8854 8855 8822
f 8822 8855 8824
f 8843 8847 8844
f 8833 8835 8855
f 8855 8835 8836
f 8855 8836 8824
f 8824 8836 8826
f 2293 2229 8856
f 8856 2229 2228
f 8856 2228 8857
f 8857 2228 2270
f 8857 2270 2141
f 2141 2270 2261
f 2140 8858 2141
f 2141 8858 8859
f 2141 8859 8857
f 8857 8859 8856
f 2140 2139 8858
f 8858 2139 8860
f 8858 8860 8861
f 8861 8860 8862
f 8861 8862 8863
f 8863 8862 2298
f 8863 2298 2294
f 2139 2109 8860
f 8860 2109 2110
f 8860 2110 8864
f 8864 2110 2112
f 8864 2112 2298
f 2298 2112 2127
f 2294 2293 8863
f 8863 2293 8856
f 8863 8856 8861
f 8861 8856 8859
f 8861 8859 8858
f 2298 8862 8864
f 8864 8862 8860
f 1917 1916 8865
f 8865 1916 2172
f 8865 2172 8866
f 8866 2172 2224
f 8866 2224 8867
f 8867 2224 2222
f 8867 2222 8868
f 8868 2222 2221
f 8868 2221 2219
f 8868 2219 8869
f 8869 2219 2218
f 8869 2218 2209
f 2209 8715 8869
f 8869 8715 8870
f 8869 8870 8871
f 8871 8870 8872
f 8871 8872 8873
f 8873 8872 8874
f 8873 8874 8875
f 8875 8874 8876
f 8875 8876 8877
f 8877 8876 8878
f 8877 8878 1897
f 1897 8878 8879
f 1897 8879 1899
f 1899 8879 8880
f 1899 8880 1901
f 1901 8880 8673
f 1901 8673 1903
f 8870 8715 8881
f 8881 8715 8716
f 8881 8716 8882
f 8882 8716 8883
f 8882 8883 8884
f 8884 8883 8674
f 8884 8674 8673
f 8716 8675 8883
f 8883 8675 8674
f 1897 1917 8877
f 8877 1917 8865
f 8877 8865 8875
f 8875 8865 8866
f 8875 8866 8873
f 8873 8866 8867
f 8873 8867 8871
f 8871 8867 8868
f 8871 8868 8869
f 8885 8673 8886
f 8886 8673 8880
f 8886 8880 8879
f 8879 8878 8887
f 8887 8878 8876
f 8887 8876 8888
f 8888 8876 8874
f 8888 8874 8889
f 8889 8874 8872
f 8889 8872 8881
f 8881 8872 8870
f 8885 8886 8887
f 8887 8886 8879
f 8885 8887 8888
f 8673 8885 8884
f 8884 8885 8888
f 8884 8888 8889
f 8882 8884 8889
f 8882 8889 8881
f 1884 8890 1882
f 1882 8890 1876
f 1882 1876 1939
f 1939 1876 1868
f 1939 1868 1941
f 1941 1868 1857
f 1941 1857 1960
f 1960 1857 1858
f 8890 1884 8891
f 8891 1884 1927
f 8891 1927 8676
f 8676 1927 1921
f 1756 1758 8892
f 8892 1758 1847
f 8892 1847 8893
f 8893 1847 1874
f 8893 1874 8894
f 8894 1874 1877
f 8894 1877 8895
f 8895 1877 1876
f 8895 1876 8890
f 8895 8890 8896
f 8896 8890 8891
f 8896 8891 8897
f 8897 8891 8898
f 8897 8898 8899
f 8899 8898 8900
f 8899 8900 8901
f 8901 8900 8902
f 8901 8902 8903
f 8903 8902 8904
f 8903 8904 1753
f 1753 8904 1754
f 1754 8904 8680
f 8680 8904 8902
f 8680 8902 8681
f 8681 8902 8900
f 8681 8900 8898
f 8891 8676 8898
f 8898 8676 8681
f 1753 1757 8903
f 8903 1757 8905
f 8903 8905 8901
f 8901 8905 8906
f 8901 8906 8899
f 8899 8906 8907
f 8899 8907 8897
f 8897 8907 8896
f 1757 1756 8905
f 8905 1756 8892
f 8905 8892 8906
f 8906 8892 8893
f 8906 8893 8907
f 8907 8893 8894
f 8907 8894 8896
f 8896 8894 8895
f 8741 8908 8736
f 8736 8908 8909
f 8909 8908 8910
f 8909 8910 8911
f 8505 1725 8504
f 8504 1725 1710
f 8504 1710 1708
f 1725 8505 8741
f 8741 8505 8469
f 8741 8469 8607
f 8607 8911 8741
f 8741 8911 8908
f 8908 8911 8910
f 8597 8526 1706
f 1706 8526 8504
f 1706 8504 1708
f 1702 8912 1704
f 1704 8912 8595
f 1704 8595 8597
f 1702 8757 8912
f 8912 8757 8913
f 8912 8913 8601
f 8601 8913 8603
f 8603 8913 8914
f 8603 8914 8915
f 8915 8914 8916
f 8915 8916 8917
f 8917 8916 8918
f 8917 8918 8752
f 8752 8918 8753
f 8753 8918 8919
f 8753 8919 8913
f 8913 8919 8914
f 8757 8753 8913
f 8917 8920 8915
f 8601 8602 8912
f 8912 8602 8595
f 8597 1706 1704
f 8914 8919 8916
f 8916 8919 8918
f 7598 8921 7600
f 7600 8921 8736
f 8736 8921 8922
f 8736 8922 8923
f 8923 8745 8736
f 8736 8745 8735
f 8909 7604 8924
f 8924 7604 7600
f 8924 7600 8736
f 8736 8909 8924
f 7640 7641 7591
f 7591 7641 7589
f 7628 7585 7629
f 7629 7585 7586
f 7572 7576 8805
f 8805 7576 8925
f 8805 8925 8806
f 8806 8925 8926
f 8806 8926 8807
f 8807 8926 8927
f 8807 8927 8928
f 8928 8927 8929
f 8928 8929 7581
f 7581 8929 7579
f 7579 8929 8930
f 7579 8930 7577
f 7577 8930 8931
f 7577 8931 8932
f 8932 8931 8925
f 8932 8925 7576
f 7576 7577 8932
f 7581 7763 8928
f 8928 7763 8807
f 8929 8927 8930
f 8930 8927 8926
f 8930 8926 8931
f 8931 8926 8925
f 8184 8732 8153
f 8153 8732 8462
f 8153 8462 8154
f 8154 8462 8461
f 8154 8461 8155
f 8155 8461 8460
f 8155 8460 8156
f 8156 8460 8459
f 8156 8459 7570
f 7570 8459 8733
f 8733 8459 8463
f 7572 7883 7570
f 7570 7883 8119
f 7570 8119 8096
f 8805 7920 7572
f 7572 7920 7919
f 7572 7919 7883
f 2866 7922 8805
f 8805 7922 7921
f 8805 7921 7920
f 2865 2907 2866
f 2866 2907 8720
f 2866 8720 7922
f 2865 2890 2907
f 2907 2890 2889
f 2907 2889 2888
f 2907 2888 2934
f 2934 2888 2887
f 2934 2887 2935
f 2935 2887 2892
f 8119 7883 8120
f 8120 7883 7882
f 8120 7882 8121
f 8121 7882 7881
f 8121 7881 8122
f 8122 7881 7880
f 8122 7880 8721
f 8721 7880 7924
f 8095 8180 8096
f 8096 8180 8179
f 8096 8179 7570
f 7570 8179 8156
f 8180 8095 8181
f 8181 8095 8094
f 8181 8094 8182
f 8182 8094 8093
f 8182 8093 8728
f 8728 8093 8124
f 8734 7566 8933
f 8933 7566 7570
f 8933 7570 8733
f 8733 8734 8933
f 8737 8744 8734
f 8734 8744 8934
f 8734 8934 8935
f 8935 8936 8734
f 8734 8936 7566
f 7566 8936 7564
f 8921 7598 8922
f 8922 7598 7594
f 8922 7594 8923
f 8923 7594 8745
f 8745 7594 7590
f 8745 7590 8742
f 8742 7590 7588
f 8742 7588 7587
f 8742 7587 8743
f 8743 7587 7584
f 8743 7584 8744
f 8744 7584 7563
f 8744 7563 8934
f 8934 7563 8935
f 8935 7563 8936
f 8936 7563 7564
f 8920 8752 3749
f 3749 8752 3747
f 3749 3747 3745
f 8920 8917 8752
f 2698 8398 8752
f 8752 8398 8045
f 8752 8045 8060
f 2693 2669 2698
f 2698 2669 2702
f 2698 2702 2742
f 2685 2668 2693
f 2693 2668 2669
f 2742 2741 2698
f 2698 2741 2744
f 2698 2744 8381
f 8381 2744 8390
f 8390 2744 8388
f 8388 2744 8401
f 8381 8383 2698
f 2698 8383 8398
f 8045 8398 8043
f 8043 8398 8400
f 8043 8400 8052
f 8052 8400 8391
f 8052 8391 8393
f 8052 8393 8050
f 8050 8393 8762
f 8050 8762 8063
f 8062 8007 8060
f 8060 8007 8009
f 8060 8009 8752
f 8752 8009 6449
f 8752 6449 3747
f 3747 6449 6494
f 3747 6494 6489
f 8007 8062 8016
f 8016 8062 8053
f 8016 8053 8014
f 8014 8053 8055
f 8014 8055 8812
f 8812 8810 8014
f 6494 6449 6492
f 6492 6449 6451
f 6492 6451 6501
f 6501 6451 6442
f 6501 6442 6499
f 6499 6442 6444
f 6499 6444 7232
f 7232 7239 6499
f 6491 6839 6489
f 6489 6839 6841
f 6489 6841 3747
f 3747 6841 4756
f 4756 6841 6832
f 4756 6832 6834
f 6839 6491 6848
f 6848 6491 6482
f 6848 6482 6846
f 6846 6482 6484
f 6846 6484 6506
f 6506 7186 6846
f 4756 6834 4797
f 4797 6834 6825
f 4797 6825 6827
f 6827 6853 4797
f 4797 4775 4756
f 4756 4775 4794
f 4756 4794 4796
f 4796 4761 4756
f 4756 4761 4759
f 4759 4761 4741
f 4759 4741 4742
f 4379 2405 4377
f 4377 2405 8937
f 4377 8937 4347
f 4347 8937 8938
f 4347 8938 4306
f 4306 8938 8939
f 4306 8939 4327
f 4327 8939 8940
f 4327 8940 4334
f 4334 8940 4343
f 4343 8940 2362
f 4343 2362 2351
f 2405 2418 8937
f 8937 2418 2412
f 8937 2412 8938
f 8938 2412 2384
f 8938 2384 8939
f 8939 2384 2375
f 8939 2375 8940
f 8940 2375 2362
f 4046 6190 2058
f 2058 6190 7727
f 2058 7727 2071
f 2071 7727 2083
f 2083 7727 2127
f 2083 2127 2092
f 2092 2127 2124
f 2124 2127 2125
f 2125 2127 2126
f 4046 4021 6190
f 6190 4021 4023
f 6190 4023 4090
f 4090 4023 4044
f 4090 4044 4068
f 4068 4089 4090
f 4090 4089 4088
f 4288 6184 4090
f 4090 6184 6186
f 4090 6186 6188
f 4283 4247 4288
f 4288 4247 6194
f 4288 6194 6196
f 4274 4267 4283
f 4283 4267 4247
f 4247 4292 6194
f 6194 4292 4341
f 6194 4341 4340
f 4340 4343 6194
f 6194 4343 2351
f 6194 2351 7741
f 7741 2351 2346
f 7741 2346 2345
f 2345 2350 7741
f 7741 2350 2328
f 7741 2328 2298
f 2298 2328 2306
f 2306 2328 2322
f 2306 2322 2311
f 2127 7733 2298
f 2298 7733 7736
f 2298 7736 7737
f 7727 7729 2127
f 2127 7729 7731
f 2127 7731 7733
f 7737 7739 2298
f 2298 7739 7741
f 6196 6198 4288
f 4288 6198 6192
f 4288 6192 6184
f 6188 6190 4090
f 4046 2058 4050
f 4050 2058 2057
f 4050 2057 4051
f 4051 2057 2066
f 4051 2066 3971
f 3971 2066 2029
f 3971 2029 3972
f 3972 2029 2021
f 3972 2021 3973
f 3973 2021 1990
f 3973 1990 3980
f 3980 1990 1988
f 8941 8942 1815
f 1815 8942 7451
f 1815 7451 3809
f 3809 7451 7450
f 3809 7450 7449
f 3809 7449 3810
f 3810 7449 7448
f 3810 7448 7407
f 7407 7412 3810
f 3810 7412 3793
f 3793 7412 7411
f 3793 7411 3792
f 3792 7411 6142
f 1815 3809 1839
f 1839 3809 3811
f 1839 3811 3829
f 3831 1831 3829
f 3829 1831 1832
f 3829 1832 1839
f 8941 1815 8943
f 8943 1815 1809
f 8943 1809 8944
f 8944 1809 8945
f 8945 1809 8946
f 8946 1809 1808
f 8946 1808 8947
f 8947 1808 1807
f 8947 1807 7703
f 1521 8613 1519
f 1519 8613 8615
f 1519 8615 1518
f 1518 8615 1516
f 1516 8615 8614
f 1516 8614 8948
f 8948 8614 8949
f 8949 8614 8612
f 8949 8612 8950
f 8491 8490 1648
f 1648 8490 8613
f 1648 8613 1551
f 1551 8613 1521
f 1551 1521 1522
f 1551 1522 1549
f 1549 1522 1538
f 1549 1538 1540
f 1540 1538 1537
f 1648 1642 8491
f 8491 1642 1643
f 8491 1643 1645
f 8491 1645 8492
f 8492 1645 1650
f 8492 1650 1659
f 1659 1669 8492
f 8492 1669 8951
f 8492 8951 8493
f 8493 8951 7606
f 8493 7606 7604
f 8493 7604 8604
f 8604 7604 8909
f 8604 8909 8605
f 8605 8909 8606
f 8606 8909 8607
f 8607 8909 8911
f 8477 8474 604
f 604 8474 598
f 8567 3749 7010
f 7010 3749 3741
f 7010 3741 7011
f 7011 3741 7017
f 7017 3741 7024
f 7024 3741 6986
f 7024 6986 6996
f 8563 8603 8567
f 8567 8603 8920
f 8567 8920 3749
f 8563 8558 8603
f 8603 8558 8557
f 8603 8557 8531
f 8531 8557 8545
f 8603 8915 8920
f 3749 3743 3741
f 7682 7681 7703
f 7703 7681 8952
f 7703 8952 8953
f 7703 8953 8945
f 8945 8953 8954
f 8945 8954 8955
f 8955 8956 8945
f 8945 8946 7703
f 7703 8946 8947
f 7681 7679 8952
f 8952 7679 8957
f 8957 7679 7678
f 8957 7678 8958
f 8958 7678 7677
f 8958 7677 7618
f 7618 7677 7617
f 7615 7613 8959
f 8959 7613 8960
f 8959 8960 8961
f 8961 8960 8962
f 8961 8962 8963
f 8963 8962 8964
f 8963 8964 8965
f 8965 8964 8966
f 8965 8966 7606
f 7606 8966 7610
f 7610 8966 8967
f 7610 8967 7611
f 7611 8967 8968
f 7611 8968 8969
f 8969 8968 8960
f 8969 8960 7613
f 7613 7611 8969
f 7606 8951 8965
f 8965 8951 8963
f 8966 8964 8967
f 8967 8964 8962
f 8967 8962 8968
f 8968 8962 8960
f 8634 8959 8633
f 8633 8959 1692
f 1692 8959 8961
f 1692 8961 1690
f 1690 8961 1671
f 1671 8961 1666
f 1666 8961 8963
f 1666 8963 1664
f 1664 8963 1663
f 1663 8963 8951
f 1663 8951 1669
f 1633 1631 1695
f 1695 1631 8970
f 1695 8970 8971
f 8971 8970 8972
f 8971 8972 8973
f 8973 8972 8974
f 8973 8974 8975
f 8975 8974 8976
f 8975 8976 8977
f 8977 8976 8978
f 8977 8978 8979
f 1631 1629 8970
f 8970 1629 8972
f 1629 1627 8972
f 8972 1627 8974
f 8974 1627 8976
f 8976 1627 1625
f 8976 1625 8978
f 8980 8981 8979
f 8979 8981 8982
f 8979 8982 8977
f 8977 8982 8983
f 8977 8983 8975
f 8975 8983 8984
f 8975 8984 8973
f 8973 8984 8985
f 8973 8985 8971
f 8971 8985 1697
f 8971 1697 1695
f 8981 8980 8986
f 8986 8980 8987
f 8986 8987 8988
f 8988 8987 8989
f 8988 8989 8990
f 8990 8989 1698
f 8990 1698 8985
f 8985 1698 1697
f 8989 1699 1698
f 8983 8982 8986
f 8986 8982 8981
f 8984 8983 8988
f 8988 8983 8986
f 8985 8984 8990
f 8990 8984 8988
f 1575 8980 1576
f 1576 8980 8979
f 1576 8979 1561
f 1561 8979 8978
f 1561 8978 1556
f 1556 8978 1625
f 1556 1625 1554
f 1554 1625 1624
f 1554 1624 1552
f 1552 1624 1638
f 1552 1638 1551
f 1551 1638 1648
f 1620 1532 8991
f 8991 1532 1533
f 8991 1533 8992
f 8992 1533 1535
f 8992 1535 8993
f 8993 1535 1514
f 8993 1514 8994
f 8994 1514 1516
f 8994 1516 8948
f 8994 8948 8995
f 8995 8948 8949
f 8995 8949 8996
f 8996 8949 8950
f 8996 8950 8997
f 8996 8997 8998
f 8998 8997 8999
f 8998 8999 9000
f 9000 8999 1621
f 9000 1621 9001
f 9001 1621 1617
f 9001 1617 9002
f 9002 1617 1618
f 9002 1618 8991
f 8991 1618 1620
f 8994 8995 8993
f 8993 8995 9003
f 8993 9003 8992
f 8992 9003 9004
f 8992 9004 8991
f 8991 9004 9002
f 8996 8998 8995
f 8995 8998 9003
f 9001 9002 9004
f 8998 9000 9003
f 9003 9000 9004
f 9000 9001 9004
f 1436 1602 1466
f 1466 1602 1598
f 1466 1598 1419
f 1419 1598 1595
f 1419 1595 1420
f 1420 1595 1587
f 1420 1587 9005
f 9005 1587 1603
f 9005 1603 9006
f 9006 1603 1608
f 9006 1608 9007
f 9007 1608 1610
f 8610 9008 8612
f 8612 9008 9009
f 8612 9009 9010
f 9010 9007 8612
f 8612 9007 8950
f 8950 9007 1610
f 8950 1610 1611
f 1611 1622 8950
f 8950 1622 1621
f 8950 1621 8999
f 8999 8997 8950
f 5660 5643 8942
f 8942 5643 7451
f 8956 5673 8945
f 8945 5673 8944
f 8944 5673 5671
f 8944 5671 8943
f 8943 5671 8941
f 8941 5671 5670
f 8941 5670 5668
f 8941 5668 8942
f 8942 5668 5664
f 8942 5664 5660
f 1509 9011 1510
f 1510 9011 9012
f 1510 9012 9013
f 9013 9012 9014
f 9013 9014 9015
f 9015 9014 9016
f 9015 9016 9017
f 9017 9016 9018
f 9017 9018 8608
f 8608 9018 9019
f 8608 9019 9020
f 9020 9019 9021
f 9020 9021 9022
f 9022 9021 9023
f 9022 9023 9024
f 9024 9023 9025
f 9024 9025 5692
f 5692 9025 9026
f 5692 9026 5613
f 5613 9026 9027
f 5613 9027 9028
f 9028 9027 9029
f 9028 9029 9030
f 9030 9029 9023
f 9030 9023 9021
f 1509 1507 9011
f 9011 1507 9012
f 1507 9014 9012
f 9016 9014 9031
f 9031 9014 9028
f 9031 9028 9032
f 9032 9028 9021
f 9032 9021 9019
f 9024 5692 9033
f 9033 5692 5693
f 9033 5693 8609
f 8608 9034 8609
f 8609 9034 9022
f 8609 9022 9024
f 9017 8608 9035
f 9035 8608 1510
f 9035 1510 9013
f 9015 9017 9035
f 9015 9035 9013
f 9030 9021 9028
f 9031 9032 9019
f 9022 9034 9020
f 9020 9034 8608
f 8609 9024 9033
f 9029 9027 9026
f 9023 9029 9025
f 9025 9029 9026
f 9016 9031 9018
f 9018 9031 9019
f 405 407 9036
f 9036 407 7042
f 9036 7042 3518
f 3518 7042 7454
f 3518 7454 7455
f 407 6234 7042
f 7042 6234 6231
f 7042 6231 6227
f 7455 3492 3518
f 3518 3492 3502
f 3502 3492 3520
f 5613 9037 3518
f 3518 9037 9038
f 3518 9038 9036
f 9028 1507 5613
f 5613 1507 1506
f 5613 1506 1513
f 9028 9014 1507
f 1513 1512 5613
f 5613 1512 9039
f 5613 9039 9037
f 7786 7785 1512
f 1512 7785 7807
f 1512 7807 386
f 385 9039 386
f 386 9039 1512
f 404 403 9037
f 9037 403 9038
f 8955 1314 8956
f 8956 1314 1316
f 8956 1316 5673
f 8954 1290 8955
f 8955 1290 1305
f 8955 1305 1314
f 8953 1286 8954
f 8954 1286 1288
f 8954 1288 1290
f 8953 1299 1286
f 1279 1276 9040
f 9040 1276 1275
f 9040 1275 1277
f 8636 8637 8959
f 8959 8637 8654
f 8959 8654 7615
f 7615 8654 8653
f 7615 8653 7618
f 7618 8653 8652
f 7618 8652 7783
f 7783 8652 8651
f 7783 8651 7779
f 7779 8651 9040
f 7779 9040 1277
f 7779 1277 7777
f 7777 1277 1273
f 7777 1273 1271
f 1271 1270 7777
f 7777 1270 7781
f 7781 1270 1260
f 7781 1260 1282
f 1282 1300 7781
f 7781 1300 1299
f 7781 1299 8953
f 7781 8953 7783
f 7783 8953 8952
f 7783 8952 7618
f 7618 8952 8957
f 7618 8957 8958
f 8634 8635 8959
f 8959 8635 8636
f 8625 8642 8637
f 8637 8642 8654
f 9041 9042 9043
f 9043 9042 9044
f 9043 9044 9045
f 9045 9044 9046
f 9045 9046 9047
f 9047 9046 9048
f 9047 9048 9049
f 9042 9041 9050
f 9050 9041 9051
f 9050 9051 9052
f 476 8632 467
f 467 8632 8631
f 467 8631 8630
f 8658 8657 476
f 476 8657 8656
f 476 8656 8655
f 8655 8632 476
f 8630 8629 467
f 609 1573 608
f 608 1573 1571
f 608 1571 1570
f 1573 609 1575
f 1575 609 610
f 1575 610 611
f 611 612 1575
f 1575 612 613
f 1575 613 614
f 614 615 1575
f 1575 615 616
f 1575 616 8980
f 8980 616 1700
f 8980 1700 8987
f 8987 1700 1699
f 8987 1699 8989
f 1570 1601 608
f 608 1601 1600
f 608 1600 1602
f 608 1602 1489
f 1489 1602 1436
f 1489 1436 1435
f 1435 1465 1489
f 1489 1465 1464
f 1489 1464 1503
f 1503 1500 1489
f 1440 9053 1442
f 1442 9053 9054
f 1442 9054 8611
f 8611 9054 9055
f 8611 9055 9056
f 9056 9055 9057
f 9056 9057 9058
f 9058 9057 9059
f 9058 9059 9060
f 9060 9059 9061
f 9060 9061 9062
f 9062 9061 9063
f 9062 9063 9064
f 9064 9063 9006
f 9064 9006 9065
f 9065 9006 9007
f 9065 9007 9010
f 1440 1438 9053
f 9053 1438 9066
f 9053 9066 9054
f 9054 9066 9067
f 9054 9067 9055
f 9055 9067 9057
f 1438 1424 9066
f 9066 1424 9068
f 9066 9068 9067
f 9067 9068 9069
f 9067 9069 9057
f 9057 9069 9059
f 1424 1423 9068
f 9068 1423 9070
f 9068 9070 9069
f 9069 9070 9071
f 9069 9071 9059
f 9059 9071 9061
f 1423 1422 9070
f 9070 1422 9072
f 9070 9072 9071
f 9071 9072 9073
f 9071 9073 9061
f 9061 9073 9063
f 1422 1420 9072
f 9072 1420 9005
f 9072 9005 9073
f 9073 9005 9063
f 9005 9006 9063
f 9065 9010 9074
f 9074 9010 9009
f 9074 9009 9075
f 9075 9009 9008
f 9075 9008 9076
f 9076 9008 9077
f 9076 9077 9058
f 9058 9077 9056
f 9008 8610 9077
f 9077 8610 9078
f 9077 9078 9056
f 9056 9078 8611
f 8610 8611 9078
f 9062 9064 9074
f 9074 9064 9065
f 9060 9062 9075
f 9075 9062 9074
f 9058 9060 9076
f 9076 9060 9075
f 1264 1263 1361
f 1361 1263 9079
f 1361 9079 1362
f 1362 9079 9080
f 1362 9080 1373
f 1373 9080 9081
f 1373 9081 1375
f 1375 9081 9082
f 9082 9081 9083
f 9083 9081 9080
f 9083 9080 9079
f 1263 1262 9079
f 9079 1262 9084
f 9079 9084 9083
f 9083 9084 9085
f 9085 9084 1250
f 1250 9084 1248
f 1248 9084 1262
f 8659 1369 9082
f 9082 1369 1375
f 1375 1369 1376
f 1376 1369 1370
f 8648 8658 8651
f 8651 8658 9040
f 9040 8658 1279
f 1279 8658 1252
f 1252 8658 1250
f 1250 8658 9085
f 9085 8658 9083
f 9083 8658 9082
f 9082 8658 476
f 9082 476 8659
f 8659 476 474
f 8659 474 606
f 465 9041 464
f 464 9041 9043
f 464 9043 9086
f 9086 9043 9045
f 9086 9045 9087
f 9087 9045 9047
f 9087 9047 9088
f 9088 9047 9049
f 9088 9049 9089
f 9089 9049 9048
f 9089 9048 9090
f 9090 9048 9046
f 9090 9046 9044
f 9041 465 9051
f 9051 465 466
f 9051 466 9052
f 9052 466 468
f 9052 468 9050
f 9050 468 470
f 9050 470 9042
f 9042 470 472
f 9042 472 9044
f 9044 472 474
f 9044 474 9090
f 9091 488 9092
f 9092 488 9093
f 9093 488 9094
f 9094 488 450
f 423 9095 450
f 450 9095 9094
f 9096 9097 9098
f 9098 9097 9099
f 9096 9098 9100
f 9100 9098 9101
f 9098 9099 9101
f 9101 9099 9102
f 9097 9096 9103
f 9103 9096 9100
f 9103 9100 9102
f 9102 9100 9101
f 9104 9105 480
f 480 9105 9106
f 480 9106 9095
f 9095 423 480
f 9091 9092 9104
f 9104 9092 9105
f 9092 9102 9105
f 9105 9102 9099
f 9105 9099 9097
f 9092 9093 9102
f 9102 9093 9103
f 9103 9093 9106
f 9103 9106 9097
f 9097 9106 9105
f 9093 9094 9106
f 9106 9094 9095
f 9090 474 522
f 522 474 472
f 522 472 521
f 521 472 559
f 559 472 470
f 559 470 556
f 556 470 468
f 556 468 557
f 557 468 466
f 557 466 564
f 564 466 465
f 564 465 560
f 560 465 464
f 560 464 561
f 561 464 9086
f 561 9086 562
f 562 9086 9087
f 562 9087 563
f 563 9087 9088
f 563 9088 526
f 526 9088 9089
f 526 9089 524
f 524 9089 9090
f 524 9090 522
f 591 506 539
f 539 506 505
f 539 505 538
f 538 505 537
f 537 505 447
f 537 447 533
f 533 447 446
f 533 446 534
f 534 446 503
f 534 503 520
f 520 503 501
f 520 501 523
f 523 501 496
f 523 496 525
f 525 496 583
f 525 583 527
f 527 583 585
f 527 585 530
f 530 585 587
f 530 587 531
f 531 587 589
f 531 589 540
f 540 589 591
f 540 591 539
f 434 546 461
f 461 546 429
f 429 546 528
f 429 528 463
f 435 536 434
f 434 536 546
f 529 9091 528
f 528 9091 9104
f 528 9104 476
f 476 9104 480
f 507 508 529
f 529 508 492
f 529 492 9091
f 9091 492 488
f 476 467 528
f 528 467 463
f 507 529 445
f 445 529 536
f 445 536 458
f 458 536 435
f 510 9107 489
f 489 9107 9108
f 489 9108 490
f 490 9108 9109
f 490 9109 491
f 491 9109 9110
f 491 9110 509
f 509 9110 9111
f 509 9111 448
f 448 9111 9112
f 448 9112 444
f 444 9112 9113
f 444 9113 504
f 504 9113 9114
f 504 9114 502
f 502 9114 9115
f 502 9115 500
f 500 9115 9116
f 500 9116 497
f 497 9116 9117
f 497 9117 498
f 498 9117 9118
f 498 9118 499
f 499 9118 9119
f 499 9119 493
f 493 9119 9120
f 493 9120 494
f 494 9120 9121
f 494 9121 495
f 495 9121 9122
f 495 9122 510
f 510 9122 9107
f 9107 9117 9108
f 9108 9117 9116
f 9108 9116 9109
f 9109 9116 9115
f 9109 9115 9110
f 9110 9115 9114
f 9110 9114 9111
f 9111 9114 9113
f 9111 9113 9112
f 9117 9107 9118
f 9118 9107 9122
f 9118 9122 9119
f 9119 9122 9121
f 9119 9121 9120
f 475 9123 473
f 473 9123 9124
f 473 9124 471
f 471 9124 9125
f 471 9125 469
f 469 9125 9126
f 469 9126 427
f 427 9126 9127
f 427 9127 425
f 425 9127 9128
f 425 9128 487
f 487 9128 9129
f 487 9129 486
f 486 9129 9130
f 486 9130 485
f 485 9130 9131
f 485 9131 484
f 484 9131 9132
f 484 9132 483
f 483 9132 9133
f 483 9133 482
f 482 9133 9134
f 482 9134 481
f 481 9134 9135
f 481 9135 479
f 479 9135 9136
f 479 9136 478
f 478 9136 9137
f 478 9137 477
f 477 9137 9138
f 477 9138 475
f 475 9138 9123
f 9125 9124 9139
f 9139 9124 9123
f 9139 9123 9140
f 9140 9123 9138
f 9140 9138 9141
f 9141 9138 9137
f 9141 9137 9142
f 9142 9137 9136
f 9142 9136 9135
f 9142 9135 9143
f 9143 9135 9134
f 9143 9134 9144
f 9144 9134 9133
f 9144 9133 9145
f 9145 9133 9132
f 9145 9132 9131
f 9145 9131 9146
f 9146 9131 9130
f 9146 9130 9147
f 9147 9130 9129
f 9147 9129 9148
f 9148 9129 9128
f 9148 9128 9127
f 9148 9127 9149
f 9149 9127 9126
f 9149 9126 9150
f 9150 9126 9125
f 9150 9125 9139
f 9140 9151 9139
f 9139 9151 9152
f 9139 9152 9150
f 9150 9152 9153
f 9150 9153 9149
f 9149 9153 9154
f 9149 9154 9148
f 9148 9154 9155
f 9148 9155 9147
f 9147 9155 9156
f 9147 9156 9146
f 9146 9156 9157
f 9146 9157 9145
f 9145 9157 9158
f 9145 9158 9144
f 9144 9158 9159
f 9144 9159 9143
f 9143 9159 9160
f 9143 9160 9142
f 9142 9160 9161
f 9142 9161 9141
f 9141 9161 9162
f 9141 9162 9140
f 9140 9162 9151
f 9151 9159 9152
f 9152 9159 9158
f 9152 9158 9153
f 9153 9158 9157
f 9153 9157 9154
f 9154 9157 9156
f 9154 9156 9155
f 9159 9151 9160
f 9160 9151 9162
f 9160 9162 9161
f 966 967 9163
f 9163 967 9164
f 9163 9164 9165
f 9165 9164 9166
f 9165 9166 9039
f 9039 9166 9037
f 966 9163 138
f 138 9163 9165
f 138 9165 9039
f 138 9039 455
f 455 9039 385
f 455 385 384
f 384 383 455
f 455 383 381
f 455 381 380
f 380 378 455
f 455 378 456
f 456 378 376
f 456 376 432
f 432 376 372
f 432 372 430
f 430 372 373
f 430 373 392
f 392 394 430
f 430 394 416
f 416 394 396
f 416 396 397
f 397 404 416
f 416 404 9166
f 416 9166 164
f 164 9166 9164
f 164 9164 967
f 404 9037 9166
f 164 159 416
f 416 159 418
f 418 159 157
f 418 157 420
f 420 157 152
f 420 152 422
f 422 152 148
f 422 148 424
f 424 148 146
f 424 146 426
f 426 146 144
f 426 144 451
f 451 144 142
f 451 142 452
f 452 142 140
f 452 140 453
f 453 140 138
f 453 138 455
f 9036 9038 9167
f 9167 9038 9168
f 9167 9168 9169
f 9169 9168 9170
f 9169 9170 9171
f 9171 9170 9172
f 9171 9172 9173
f 9173 9172 9174
f 9036 439 405
f 405 439 438
f 405 438 406
f 406 438 413
f 413 438 414
f 414 438 412
f 412 438 367
f 367 438 436
f 367 436 368
f 368 436 433
f 368 433 371
f 371 433 431
f 371 431 374
f 374 431 389
f 389 431 400
f 400 431 415
f 400 415 401
f 401 415 402
f 402 415 403
f 403 415 9168
f 403 9168 9038
f 9036 9167 439
f 439 9167 441
f 441 9167 9169
f 441 9169 442
f 442 9169 9171
f 442 9171 443
f 443 9171 9173
f 443 9173 449
f 449 9173 9174
f 449 9174 421
f 421 9174 9172
f 421 9172 419
f 419 9172 9170
f 419 9170 417
f 417 9170 9168
f 417 9168 415
f 9175 9176 9177
f 9177 9176 9178
f 9179 9175 9180
f 9180 9175 9177
f 9181 9182 9183
f 9183 9182 9184
f 9184 9182 9185
f 9184 9185 9186
f 9186 9185 9187
f 9186 9187 9188
f 9188 9187 9179
f 9188 9179 9180
f 9189 9190 9191
f 9191 9190 9192
f 9192 9190 9193
f 9192 9193 9194
f 9194 9193 9195
f 9194 9195 9196
f 9196 9195 9181
f 9196 9181 9183
f 9197 9198 9199
f 9199 9198 9200
f 9200 9198 9201
f 9200 9201 9202
f 9202 9201 9203
f 9202 9203 9204
f 9204 9203 9189
f 9204 9189 9191
f 9205 9206 9207
f 9207 9206 9208
f 9208 9206 9209
f 9208 9209 9210
f 9210 9209 9211
f 9210 9211 9212
f 9212 9211 9197
f 9212 9197 9199
f 9213 9214 9215
f 9215 9214 9216
f 9216 9214 9217
f 9216 9217 9218
f 9218 9217 9219
f 9218 9219 9220
f 9220 9219 9205
f 9220 9205 9207
f 9221 9222 9223
f 9223 9222 9224
f 9224 9222 9225
f 9224 9225 9226
f 9226 9225 9227
f 9226 9227 9228
f 9228 9227 9213
f 9228 9213 9215
f 9229 9230 9231
f 9231 9230 9232
f 9232 9230 9233
f 9232 9233 9234
f 9234 9233 9235
f 9234 9235 9236
f 9236 9235 9221
f 9236 9221 9223
f 9237 9238 9239
f 9239 9238 9240
f 9240 9238 9241
f 9240 9241 9242
f 9242 9241 9243
f 9242 9243 9244
f 9244 9243 9229
f 9244 9229 9231
f 9245 9246 9247
f 9247 9246 9248
f 9248 9246 9249
f 9248 9249 9250
f 9250 9249 9251
f 9250 9251 9252
f 9252 9251 9237
f 9252 9237 9239
f 9253 9245 9254
f 9254 9245 9247
f 9255 9256 9257
f 9257 9256 9258
f 9258 9256 9259
f 9258 9259 9260
f 9260 9259 9261
f 9260 9261 9262
f 9262 9261 9253
f 9262 9253 9254
f 9263 9264 9265
f 9265 9264 9266
f 9266 9264 9267
f 9266 9267 9268
f 9268 9267 9269
f 9268 9269 9270
f 9270 9269 9255
f 9270 9255 9257
f 9271 9272 9273
f 9273 9272 9274
f 9274 9272 9275
f 9274 9275 9276
f 9276 9275 9277
f 9276 9277 9278
f 9278 9277 9263
f 9278 9263 9265
f 9279 9280 9281
f 9281 9280 9282
f 9282 9280 9283
f 9282 9283 9284
f 9284 9283 9285
f 9284 9285 9286
f 9286 9285 9271
f 9286 9271 9273
f 9287 9288 9289
f 9289 9288 9290
f 9290 9288 9291
f 9290 9291 9292
f 9292 9291 9293
f 9292 9293 9294
f 9294 9293 9279
f 9294 9279 9281
f 9295 9296 9297
f 9297 9296 9298
f 9298 9296 9299
f 9298 9299 9300
f 9300 9299 9301
f 9300 9301 9302
f 9302 9301 9287
f 9302 9287 9289
f 9303 9304 9305
f 9305 9304 9306
f 9306 9304 9307
f 9306 9307 9308
f 9308 9307 9309
f 9308 9309 9310
f 9310 9309 9295
f 9310 9295 9297
f 9311 9312 9313
f 9313 9312 9314
f 9314 9312 9315
f 9314 9315 9316
f 9316 9315 9317
f 9316 9317 9318
f 9318 9317 9303
f 9318 9303 9305
f 9319 9320 9321
f 9321 9320 9322
f 9322 9320 9323
f 9322 9323 9324
f 9324 9323 9325
f 9324 9325 9326
f 9326 9325 9311
f 9326 9311 9313
f 9176 9319 9178
f 9178 9319 9321
f 9178 9321 9177
f 9177 9321 9180
f 9180 9321 9188
f 9188 9321 9186
f 9186 9321 9184
f 9184 9321 9183
f 9183 9321 9196
f 9196 9321 9194
f 9194 9321 9192
f 9192 9321 9191
f 9191 9321 9204
f 9204 9321 9322
f 9204 9322 9324
f 9324 9326 9204
f 9204 9326 9202
f 9202 9326 9313
f 9202 9313 9200
f 9200 9313 9314
f 9200 9314 9316
f 9200 9316 9199
f 9199 9316 9318
f 9199 9318 9212
f 9212 9318 9305
f 9212 9305 9210
f 9210 9305 9306
f 9210 9306 9308
f 9210 9308 9208
f 9208 9308 9310
f 9208 9310 9207
f 9207 9310 9297
f 9207 9297 9220
f 9220 9297 9298
f 9220 9298 9218
f 9218 9298 9300
f 9218 9300 9302
f 9218 9302 9216
f 9216 9302 9289
f 9216 9289 9290
f 9216 9290 9215
f 9215 9290 9292
f 9215 9292 9294
f 9294 9281 9215
f 9215 9281 9282
f 9215 9282 9228
f 9228 9282 9284
f 9228 9284 9286
f 9228 9286 9226
f 9226 9286 9273
f 9226 9273 9224
f 9224 9273 9274
f 9224 9274 9223
f 9223 9274 9276
f 9223 9276 9236
f 9236 9276 9234
f 9234 9276 9278
f 9234 9278 9232
f 9232 9278 9265
f 9232 9265 9231
f 9231 9265 9244
f 9244 9265 9266
f 9244 9266 9242
f 9242 9266 9268
f 9242 9268 9240
f 9240 9268 9270
f 9240 9270 9239
f 9239 9270 9257
f 9239 9257 9252
f 9252 9257 9258
f 9252 9258 9250
f 9250 9258 9260
f 9250 9260 9248
f 9248 9260 9262
f 9248 9262 9247
f 9247 9262 9254
f 9327 9328 9329
f 9329 9328 9330
f 9331 9332 9333
f 9333 9332 9334
f 9334 9332 9335
f 9334 9335 9336
f 9336 9335 9337
f 9336 9337 9338
f 9338 9337 9327
f 9338 9327 9329
f 9339 9340 9341
f 9341 9340 9342
f 9342 9340 9343
f 9342 9343 9344
f 9344 9343 9345
f 9344 9345 9346
f 9346 9345 9331
f 9346 9331 9333
f 9347 9348 9349
f 9349 9348 9350
f 9350 9348 9351
f 9350 9351 9352
f 9352 9351 9353
f 9352 9353 9354
f 9354 9353 9339
f 9354 9339 9341
f 9355 9356 9357
f 9357 9356 9358
f 9358 9356 9359
f 9358 9359 9360
f 9360 9359 9361
f 9360 9361 9362
f 9362 9361 9347
f 9362 9347 9349
f 9363 9364 9365
f 9365 9364 9366
f 9366 9364 9367
f 9366 9367 9368
f 9368 9367 9369
f 9368 9369 9370
f 9370 9369 9355
f 9370 9355 9357
f 9371 9372 9373
f 9373 9372 9374
f 9374 9372 9375
f 9374 9375 9376
f 9376 9375 9377
f 9376 9377 9378
f 9378 9377 9363
f 9378 9363 9365
f 9379 9380 9381
f 9381 9380 9382
f 9382 9380 9383
f 9382 9383 9384
f 9384 9383 9385
f 9384 9385 9386
f 9386 9385 9371
f 9386 9371 9373
f 9387 9379 9388
f 9388 9379 9381
f 9328 9387 9330
f 9330 9387 9388
f 9389 9390 9391
f 9391 9390 9392
f 9393 9394 9395
f 9395 9394 9396
f 9396 9394 9397
f 9396 9397 9398
f 9398 9397 9399
f 9398 9399 9400
f 9400 9399 9389
f 9400 9389 9391
f 9401 9402 9403
f 9403 9402 9404
f 9404 9402 9405
f 9404 9405 9406
f 9406 9405 9407
f 9406 9407 9408
f 9408 9407 9393
f 9408 9393 9395
f 9409 9410 9411
f 9411 9410 9412
f 9412 9410 9413
f 9412 9413 9414
f 9414 9413 9415
f 9414 9415 9416
f 9416 9415 9401
f 9416 9401 9403
f 9417 9418 9419
f 9419 9418 9420
f 9420 9418 9421
f 9420 9421 9422
f 9422 9421 9423
f 9422 9423 9424
f 9424 9423 9409
f 9424 9409 9411
f 9425 9426 9427
f 9427 9426 9428
f 9428 9426 9429
f 9428 9429 9430
f 9430 9429 9431
f 9430 9431 9432
f 9432 9431 9417
f 9432 9417 9419
f 9433 9434 9435
f 9435 9434 9436
f 9436 9434 9437
f 9436 9437 9438
f 9438 9437 9439
f 9438 9439 9440
f 9440 9439 9425
f 9440 9425 9427
f 9441 9433 9442
f 9442 9433 9435
f 9390 9441 9392
f 9392 9441 9442
f 9443 9444 9445
f 9445 9444 9446
f 9447 9443 9448
f 9448 9443 9445
f 9449 9450 9451
f 9451 9450 9452
f 9452 9450 9453
f 9452 9453 9454
f 9454 9453 9455
f 9454 9455 9456
f 9456 9455 9447
f 9456 9447 9448
f 9457 9458 9459
f 9459 9458 9460
f 9460 9458 9461
f 9460 9461 9462
f 9462 9461 9463
f 9462 9463 9464
f 9464 9463 9449
f 9464 9449 9451
f 9465 9466 9467
f 9467 9466 9468
f 9468 9466 9469
f 9468 9469 9470
f 9470 9469 9471
f 9470 9471 9472
f 9472 9471 9457
f 9472 9457 9459
f 9473 9474 9475
f 9475 9474 9476
f 9476 9474 9477
f 9476 9477 9478
f 9478 9477 9479
f 9478 9479 9480
f 9480 9479 9465
f 9480 9465 9467
f 9481 9482 9483
f 9483 9482 9484
f 9484 9482 9485
f 9484 9485 9486
f 9486 9485 9487
f 9486 9487 9488
f 9488 9487 9473
f 9488 9473 9475
f 9489 9490 9491
f 9491 9490 9492
f 9492 9490 9493
f 9492 9493 9494
f 9494 9493 9495
f 9494 9495 9496
f 9496 9495 9481
f 9496 9481 9483
f 9497 9498 9499
f 9499 9498 9500
f 9500 9498 9501
f 9500 9501 9502
f 9502 9501 9503
f 9502 9503 9504
f 9504 9503 9489
f 9504 9489 9491
f 9505 9506 9507
f 9507 9506 9508
f 9508 9506 9509
f 9508 9509 9510
f 9510 9509 9511
f 9510 9511 9512
f 9512 9511 9497
f 9512 9497 9499
f 9513 9514 9515
f 9515 9514 9516
f 9516 9514 9517
f 9516 9517 9518
f 9518 9517 9519
f 9518 9519 9520
f 9520 9519 9505
f 9520 9505 9507
f 9521 9522 9523
f 9523 9522 9524
f 9524 9522 9525
f 9524 9525 9526
f 9526 9525 9527
f 9526 9527 9528
f 9528 9527 9513
f 9528 9513 9515
f 9529 9530 9531
f 9531 9530 9532
f 9532 9530 9533
f 9532 9533 9534
f 9534 9533 9535
f 9534 9535 9536
f 9536 9535 9521
f 9536 9521 9523
f 9444 9529 9446
f 9446 9529 9531
f 9531 9330 9446
f 9446 9330 9388
f 9446 9388 9445
f 9445 9388 9392
f 9445 9392 9442
f 9532 9338 9531
f 9531 9338 9329
f 9531 9329 9330
f 9338 9532 9336
f 9336 9532 9534
f 9336 9534 9334
f 9334 9534 9333
f 9333 9534 9536
f 9333 9536 9346
f 9346 9536 9344
f 9344 9536 9523
f 9344 9523 9342
f 9342 9523 9524
f 9342 9524 9341
f 9341 9524 9526
f 9341 9526 9354
f 9354 9526 9528
f 9354 9528 9352
f 9352 9528 9515
f 9352 9515 9350
f 9350 9515 9516
f 9350 9516 9349
f 9349 9516 9518
f 9349 9518 9520
f 9349 9520 9362
f 9362 9520 9507
f 9362 9507 9360
f 9360 9507 9508
f 9360 9508 9510
f 9360 9510 9358
f 9358 9510 9512
f 9358 9512 9357
f 9357 9512 9499
f 9357 9499 9500
f 9357 9500 9370
f 9370 9500 9502
f 9370 9502 9504
f 9370 9504 9368
f 9368 9504 9491
f 9368 9491 9366
f 9366 9491 9492
f 9366 9492 9365
f 9365 9492 9494
f 9365 9494 9378
f 9378 9494 9496
f 9378 9496 9376
f 9376 9496 9483
f 9376 9483 9374
f 9374 9483 9373
f 9373 9483 9408
f 9373 9408 9395
f 9484 9404 9483
f 9483 9404 9406
f 9483 9406 9408
f 9404 9484 9403
f 9403 9484 9486
f 9403 9486 9416
f 9416 9486 9488
f 9416 9488 9414
f 9414 9488 9475
f 9414 9475 9412
f 9412 9475 9476
f 9412 9476 9478
f 9412 9478 9411
f 9411 9478 9480
f 9411 9480 9467
f 9411 9467 9424
f 9424 9467 9468
f 9424 9468 9470
f 9424 9470 9422
f 9422 9470 9472
f 9422 9472 9459
f 9422 9459 9420
f 9420 9459 9460
f 9420 9460 9419
f 9419 9460 9462
f 9419 9462 9432
f 9432 9462 9464
f 9432 9464 9430
f 9430 9464 9451
f 9430 9451 9428
f 9428 9451 9452
f 9428 9452 9427
f 9427 9452 9454
f 9427 9454 9440
f 9440 9454 9456
f 9440 9456 9438
f 9438 9456 9448
f 9438 9448 9436
f 9436 9448 9435
f 9435 9448 9442
f 9442 9448 9445
f 9373 9395 9386
f 9386 9395 9396
f 9386 9396 9384
f 9384 9396 9398
f 9384 9398 9382
f 9382 9398 9400
f 9382 9400 9381
f 9381 9400 9391
f 9381 9391 9388
f 9388 9391 9392
f 9537 9538 9539
f 9539 9538 9540
f 9539 9540 9541
f 9541 9540 9542
f 9541 9542 9543
f 9543 9542 9544
f 9543 9544 9545
f 9545 9544 9546
f 9545 9546 9547
f 9547 9546 9548
f 9548 9546 9549
f 9548 9549 9550
f 9550 9549 9551
f 9551 9549 9552
f 9551 9552 9553
f 9554 9555 9540
f 9540 9555 9556
f 9540 9556 9557
f 9558 9559 9554
f 9554 9559 9560
f 9554 9560 9555
f 9560 9559 9561
f 9561 9559 9562
f 9561 9562 9563
f 9563 9562 9564
f 9564 9562 9565
f 9565 9562 9566
f 9565 9566 9567
f 9567 9566 9568
f 9569 9570 9571
f 9571 9570 9572
f 9571 9572 9573
f 9573 9574 9571
f 9571 9574 9575
f 9571 9575 9576
f 9555 9577 9556
f 9556 9577 9578
f 9578 9577 9579
f 9579 9577 9580
f 9579 9580 9581
f 9582 9583 9577
f 9577 9583 9584
f 9577 9584 9585
f 9585 9584 9586
f 9586 9584 9587
f 9586 9587 9588
f 9589 9590 9582
f 9582 9590 9591
f 9582 9591 9592
f 9592 9593 9582
f 9582 9593 9594
f 9582 9594 9595
f 9595 9583 9582
f 9588 9596 9586
f 9586 9596 9597
f 9586 9597 9598
f 9598 9599 9586
f 9586 9599 9600
f 9601 9602 9585
f 9585 9602 9603
f 9585 9603 9604
f 9604 9603 9605
f 9604 9605 9606
f 9607 9608 9601
f 9601 9608 9609
f 9601 9609 9602
f 9607 9610 9608
f 9608 9610 9611
f 9611 9610 9612
f 9612 9610 9613
f 9612 9613 9614
f 9614 9613 9615
f 9614 9615 9616
f 9616 9615 9617
f 9616 9617 9618
f 9618 9617 9619
f 9618 9619 9280
f 9280 9619 9283
f 9283 9619 9285
f 9285 9619 9620
f 9285 9620 9271
f 9271 9620 9272
f 9272 9620 9275
f 9275 9620 9277
f 9277 9620 9263
f 9263 9620 9264
f 9264 9620 9267
f 9267 9620 9621
f 9267 9621 9450
f 9450 9621 9622
f 9450 9622 9453
f 9453 9622 9623
f 9453 9623 9455
f 9455 9623 9447
f 9447 9623 9443
f 9443 9623 9624
f 9443 9624 9625
f 9625 9624 9626
f 9625 9626 9627
f 9627 9626 9628
f 9627 9628 9629
f 9629 9628 9630
f 9629 9630 9631
f 9631 9630 9632
f 9631 9632 9633
f 9633 9632 9634
f 9634 9632 9635
f 9634 9635 9636
f 9622 9621 9637
f 9637 9621 9638
f 9637 9638 9639
f 9639 9638 9640
f 9639 9640 9641
f 9641 9640 9642
f 9641 9642 9643
f 9643 9642 9644
f 9645 9646 9636
f 9636 9646 9647
f 9636 9647 9634
f 9648 9649 9645
f 9645 9649 9650
f 9645 9650 9651
f 9651 9650 9652
f 9652 9650 9653
f 9653 9650 9654
f 9653 9654 9539
f 9539 9654 9655
f 9655 9654 9656
f 9655 9656 9657
f 9657 9656 9658
f 9657 9658 9659
f 9659 9658 9660
f 9659 9660 9661
f 9662 9663 9648
f 9648 9663 9664
f 9648 9664 9665
f 9665 9666 9648
f 9648 9666 9667
f 9648 9667 9668
f 9668 9649 9648
f 9649 9669 9650
f 9650 9669 9670
f 9670 9669 9671
f 9670 9671 9672
f 9672 9673 9670
f 9670 9673 9674
f 9670 9674 9675
f 9675 9676 9670
f 9670 9676 9677
f 9661 9678 9659
f 9659 9678 9679
f 9679 9678 9680
f 9679 9680 9681
f 9682 9683 9684
f 9684 9683 9685
f 9684 9685 9686
f 9686 9687 9684
f 9684 9687 9688
f 9684 9688 9689
f 9657 9690 9655
f 9175 9691 9176
f 9176 9691 9618
f 9176 9618 9279
f 9279 9618 9280
f 9179 9692 9175
f 9175 9692 9693
f 9175 9693 9694
f 9187 9505 9179
f 9179 9505 9519
f 9179 9519 9517
f 9505 9187 9506
f 9506 9187 9185
f 9506 9185 9509
f 9509 9185 9182
f 9509 9182 9511
f 9511 9182 9181
f 9511 9181 9497
f 9497 9181 9195
f 9497 9195 9193
f 9190 9253 9193
f 9193 9253 9498
f 9193 9498 9497
f 9190 9189 9253
f 9253 9189 9203
f 9253 9203 9245
f 9245 9203 9201
f 9245 9201 9198
f 9198 9197 9245
f 9245 9197 9237
f 9245 9237 9251
f 9237 9197 9238
f 9238 9197 9211
f 9238 9211 9241
f 9241 9211 9243
f 9243 9211 9209
f 9243 9209 9229
f 9229 9209 9230
f 9230 9209 9206
f 9230 9206 9233
f 9233 9206 9235
f 9235 9206 9205
f 9235 9205 9221
f 9221 9205 9219
f 9221 9219 9222
f 9222 9219 9217
f 9222 9217 9214
f 9213 9227 9214
f 9214 9227 9225
f 9214 9225 9222
f 9249 9246 9251
f 9251 9246 9245
f 9261 9466 9253
f 9253 9466 9465
f 9253 9465 9479
f 9466 9261 9469
f 9469 9261 9259
f 9469 9259 9471
f 9471 9259 9457
f 9457 9259 9256
f 9457 9256 9458
f 9458 9256 9255
f 9458 9255 9461
f 9461 9255 9463
f 9463 9255 9269
f 9463 9269 9449
f 9449 9269 9267
f 9449 9267 9450
f 9279 9293 9176
f 9176 9293 9291
f 9176 9291 9288
f 9288 9287 9176
f 9176 9287 9301
f 9176 9301 9299
f 9299 9296 9176
f 9176 9296 9295
f 9176 9295 9309
f 9309 9307 9176
f 9176 9307 9304
f 9176 9304 9303
f 9303 9317 9176
f 9176 9317 9315
f 9176 9315 9312
f 9312 9311 9176
f 9176 9311 9319
f 9319 9311 9325
f 9319 9325 9320
f 9320 9325 9323
f 9443 9625 9444
f 9444 9625 9695
f 9444 9695 9696
f 9696 9695 9697
f 9697 9695 9698
f 9697 9698 9699
f 9699 9698 9700
f 9699 9700 9701
f 9701 9700 9702
f 9701 9702 9703
f 9253 9479 9503
f 9503 9479 9477
f 9503 9477 9489
f 9489 9477 9474
f 9489 9474 9473
f 9489 9473 9490
f 9490 9473 9487
f 9490 9487 9493
f 9493 9487 9485
f 9493 9485 9495
f 9495 9485 9482
f 9495 9482 9481
f 9503 9501 9253
f 9253 9501 9498
f 9517 9514 9179
f 9179 9514 9513
f 9179 9513 9527
f 9527 9525 9179
f 9179 9525 9522
f 9179 9522 9521
f 9179 9521 9704
f 9704 9521 9535
f 9704 9535 9533
f 9533 9530 9704
f 9704 9530 9529
f 9704 9529 9705
f 9705 9529 9444
f 9705 9444 9706
f 9706 9444 9696
f 9707 9708 9709
f 9709 9708 9710
f 9709 9710 9711
f 9707 9712 9708
f 9708 9712 9713
f 9713 9712 9714
f 9713 9714 9715
f 9715 9714 9716
f 9715 9716 9717
f 9717 9716 9718
f 9717 9718 9719
f 9720 9721 9719
f 9719 9721 9722
f 9719 9722 9723
f 9720 9724 9721
f 9721 9724 9725
f 9725 9724 9726
f 9725 9726 9727
f 9727 9726 9728
f 9727 9728 9729
f 9729 9728 9730
f 9729 9730 9709
f 9731 9732 9733
f 9733 9732 9734
f 9733 9734 9735
f 9731 9736 9732
f 9732 9736 9737
f 9737 9736 9738
f 9737 9738 9739
f 9739 9738 9740
f 9739 9740 9741
f 9741 9740 9742
f 9741 9742 9551
f 9547 9743 9545
f 9545 9743 9744
f 9744 9743 9745
f 9744 9745 9733
f 9604 9606 9746
f 9746 9606 9747
f 9746 9747 9748
f 9748 9747 9691
f 9748 9691 9749
f 9749 9691 9175
f 9749 9175 9694
f 9723 9750 9719
f 9719 9750 9751
f 9719 9751 9717
f 9713 9715 9752
f 9752 9715 9753
f 9752 9753 9179
f 9179 9753 9692
f 9604 9580 9585
f 9585 9580 9577
f 9579 9581 9754
f 9754 9581 9755
f 9754 9755 9756
f 9756 9755 9757
f 9756 9757 9758
f 9758 9757 9759
f 9758 9759 9760
f 9760 9759 9761
f 9760 9761 9762
f 9762 9761 9763
f 9762 9763 9764
f 9764 9763 9765
f 9764 9765 9766
f 9766 9765 9767
f 9766 9767 9768
f 9768 9767 9769
f 9768 9769 9770
f 9770 9769 9771
f 9770 9771 9772
f 9772 9771 9773
f 9772 9773 9651
f 9651 9773 9645
f 9763 9761 9774
f 9774 9761 9775
f 9774 9775 9727
f 9727 9775 9725
f 9737 9739 9776
f 9776 9739 9777
f 9776 9777 9764
f 9764 9777 9762
f 9557 9778 9540
f 9540 9778 9779
f 9540 9779 9780
f 9780 9542 9540
f 9553 9781 9551
f 9551 9781 9782
f 9551 9782 9741
f 9735 9783 9733
f 9733 9783 9784
f 9733 9784 9744
f 9541 9785 9539
f 9539 9785 9786
f 9539 9786 9787
f 9787 9788 9539
f 9539 9788 9653
f 9773 9701 9645
f 9645 9701 9703
f 9645 9703 9646
f 9704 9752 9179
f 9711 9789 9709
f 9709 9789 9790
f 9709 9790 9729
f 9441 9390 9433
f 9433 9390 9389
f 9433 9389 9434
f 9434 9389 9409
f 9434 9409 9423
f 9389 9399 9409
f 9409 9399 9410
f 9410 9399 9397
f 9410 9397 9413
f 9413 9397 9415
f 9415 9397 9394
f 9415 9394 9401
f 9401 9394 9402
f 9402 9394 9407
f 9402 9407 9405
f 9394 9393 9407
f 9423 9421 9434
f 9434 9421 9437
f 9437 9421 9418
f 9437 9418 9439
f 9439 9418 9417
f 9439 9417 9431
f 9431 9429 9439
f 9439 9429 9426
f 9439 9426 9425
f 62 9791 124
f 124 9791 9792
f 124 9792 126
f 126 9792 9793
f 126 9793 125
f 125 9793 9794
f 9793 9795 9794
f 9794 9795 9796
f 9794 9796 9797
f 9797 9796 9798
f 9797 9798 9799
f 9795 9793 9800
f 9800 9793 9792
f 9800 9792 9801
f 9801 9792 9791
f 9801 9791 9802
f 9799 9803 9797
f 9797 9803 9804
f 9797 9804 9805
f 9805 9804 9806
f 9805 9806 9807
f 9807 9806 9808
f 9807 9808 9809
f 9809 9810 9807
f 9807 9810 9811
f 9811 9810 9812
f 9811 9812 9813
f 9813 9812 9814
f 9813 9814 9815
f 9815 9816 9813
f 9813 9816 9817
f 9813 9818 9811
f 9811 9818 9819
f 9811 9819 9820
f 9820 9819 9821
f 9820 9822 9811
f 9802 9823 9801
f 9801 9823 9824
f 9801 9824 9800
f 9800 9824 9825
f 9800 9825 9795
f 9795 9825 9826
f 9826 9825 9827
f 9827 9825 9824
f 9827 9824 9823
f 9827 9823 9828
f 9828 9823 9829
f 9828 9829 9830
f 9830 9829 9831
f 9830 9831 9832
f 9832 9833 9830
f 9830 9833 9834
f 9835 9836 9830
f 9830 9836 9837
f 9830 9837 9838
f 9839 9840 9835
f 9835 9840 9841
f 9835 9841 9842
f 9842 9841 9843
f 9842 9843 9844
f 9845 9846 9839
f 9839 9846 9847
f 9839 9847 9840
f 9846 9845 9848
f 9848 9845 9849
f 9848 9849 9850
f 9850 9849 9851
f 9850 9851 9852
f 9852 9851 9853
f 9853 9851 9854
f 9853 9854 9855
f 9855 9854 9856
f 9856 9854 9857
f 9857 9854 9858
f 9858 9854 9859
f 9858 9859 9860
f 9859 9854 9861
f 9861 9854 9862
f 9861 9862 9863
f 9863 9862 9864
f 9858 9860 9865
f 9865 9860 9866
f 9865 9866 9867
f 9867 9866 9868
f 9867 9868 9869
f 9869 9868 9870
f 9869 9870 9871
f 9871 9870 9872
f 9871 9872 9873
f 9873 9872 9874
f 9874 9872 9875
f 9874 9875 9876
f 9876 9875 9877
f 9877 9875 9878
f 9878 9875 9842
f 9878 9842 9844
f 9842 9879 9835
f 9835 9879 9836
f 9838 9828 9830
f 9826 9827 9795
f 9795 9827 9796
f 9837 9803 9838
f 9838 9803 9799
f 9838 9799 9828
f 9828 9799 9798
f 9828 9798 9827
f 9827 9798 9796
f 9840 9880 9841
f 9841 9880 9881
f 9841 9881 9843
f 9843 9881 9882
f 9843 9882 9844
f 9844 9882 9883
f 9844 9883 9878
f 9878 9883 9884
f 9878 9884 9877
f 9877 9884 9885
f 9877 9885 9876
f 9876 9885 9886
f 9876 9886 9874
f 9874 9886 9887
f 9874 9887 9873
f 9873 9887 9888
f 9858 9889 9857
f 9857 9889 9890
f 9857 9890 9856
f 9856 9890 9891
f 9856 9891 9855
f 9855 9891 9892
f 9855 9892 9853
f 9853 9892 9893
f 9893 9894 9853
f 9853 9894 9852
f 9895 9865 9896
f 9896 9865 9867
f 9896 9867 9897
f 9897 9867 9869
f 9897 9869 9898
f 9898 9869 9871
f 9858 9865 9889
f 9889 9865 9895
f 9899 9847 9900
f 9900 9847 9846
f 9900 9846 9848
f 9900 9848 9901
f 9901 9848 9850
f 9901 9850 9902
f 9902 9850 9894
f 9894 9850 9852
f 9840 9847 9880
f 9880 9847 9899
f 9871 9873 9898
f 9898 9873 9888
f 9884 9883 9885
f 9885 9883 9886
f 9886 9883 9882
f 9886 9882 9881
f 9886 9881 9887
f 9887 9881 9880
f 9887 9880 9888
f 9888 9880 9899
f 9888 9899 9898
f 9898 9899 9896
f 9898 9896 9897
f 9896 9899 9895
f 9895 9899 9900
f 9895 9900 9901
f 9902 9894 9901
f 9901 9894 9895
f 9895 9894 9889
f 9889 9894 9893
f 9889 9893 9890
f 9890 9893 9891
f 9891 9893 9892
f 9903 9904 9571
f 9571 9904 9569
f 9569 9904 9570
f 9570 9904 9572
f 9572 9904 9573
f 9573 9904 9574
f 9574 9904 9575
f 9575 9904 9576
f 9576 9904 9905
f 9576 9905 9568
f 9568 9905 9906
f 9568 9906 9567
f 9567 9906 9907
f 9567 9907 9565
f 9565 9907 9908
f 9565 9908 9564
f 9564 9908 9909
f 9564 9909 9563
f 9563 9909 9910
f 9563 9910 9561
f 9561 9910 9911
f 9561 9911 9560
f 9910 9909 9911
f 9911 9909 9908
f 9911 9908 9912
f 9912 9908 9907
f 9912 9907 9906
f 9906 9905 9912
f 9912 9905 9904
f 9912 9904 9913
f 9913 9904 9903
f 9913 9903 9914
f 9914 9915 9913
f 9913 9916 9912
f 9912 9916 9917
f 9912 9917 9918
f 9555 9560 9919
f 9919 9560 9911
f 9919 9911 9912
f 9620 9830 9621
f 9621 9830 9834
f 9621 9834 9833
f 9621 9833 9638
f 9638 9833 9832
f 9638 9832 9640
f 9640 9832 9831
f 9640 9831 9642
f 9642 9831 9644
f 9644 9831 9829
f 9620 9619 9830
f 9830 9619 9835
f 9920 9921 9922
f 9922 9921 9923
f 9922 9923 9924
f 9924 9923 9925
f 9924 9925 9926
f 9926 9925 9927
f 9927 9925 9928
f 9927 9928 9929
f 9929 9928 9930
f 9929 9930 9931
f 9921 9932 9923
f 9923 9932 9933
f 9923 9933 9925
f 9925 9933 9928
f 9932 9934 9933
f 9933 9934 9935
f 9933 9935 9928
f 9928 9935 9930
f 9920 9936 9937
f 9937 9936 9938
f 9937 9938 9939
f 9939 9938 9940
f 9939 9940 9941
f 9941 9934 9939
f 9939 9934 9932
f 9939 9932 9937
f 9937 9932 9921
f 9937 9921 9920
f 9942 9943 9944
f 9944 9943 9945
f 9944 9945 9946
f 9946 9945 9947
f 9946 9947 9936
f 9936 9947 9938
f 9938 9947 9948
f 9938 9948 9940
f 9940 9948 9949
f 9940 9949 9941
f 9943 9950 9945
f 9945 9950 9951
f 9945 9951 9947
f 9947 9951 9948
f 9950 9952 9951
f 9951 9952 9953
f 9951 9953 9948
f 9948 9953 9949
f 9954 9941 9955
f 9955 9941 9949
f 9955 9949 9953
f 9952 9956 9953
f 9953 9956 9957
f 9953 9957 9955
f 9934 9941 9958
f 9958 9941 9954
f 9958 9954 38
f 38 9954 37
f 37 9954 9959
f 37 9959 9721
f 9721 9725 37
f 9739 9741 38
f 38 9741 9960
f 38 9960 9958
f 9961 9931 9962
f 9962 9931 9930
f 9962 9930 9935
f 9934 9958 9935
f 9935 9958 9963
f 9935 9963 9962
f 9610 9851 9613
f 9613 9851 9849
f 9613 9849 9615
f 9615 9849 9845
f 9615 9845 9617
f 9617 9845 9839
f 9617 9839 9619
f 9619 9839 9835
f 9854 9851 9964
f 9964 9851 9610
f 9964 9610 9607
f 9872 9810 9875
f 9875 9810 9809
f 9875 9809 9842
f 9842 9809 9808
f 9842 9808 9879
f 9879 9808 9806
f 9879 9806 9836
f 9836 9806 9804
f 9837 9836 9803
f 9803 9836 9804
f 9715 67 9753
f 9753 67 58
f 9753 58 9692
f 9692 58 57
f 9692 57 9693
f 9693 57 56
f 9693 56 9694
f 9694 56 55
f 67 9715 72
f 72 9715 9717
f 72 9717 9965
f 9965 9966 72
f 9757 29 9759
f 9759 29 31
f 9759 31 9761
f 9761 31 33
f 9761 33 9775
f 9775 33 35
f 9775 35 9725
f 9725 35 37
f 9694 55 9749
f 9749 55 54
f 9749 54 9748
f 9748 54 53
f 9748 53 9746
f 9746 53 47
f 9746 47 9604
f 9604 47 39
f 9604 39 9580
f 9580 39 24
f 9580 24 9581
f 9581 24 25
f 9581 25 9755
f 9755 25 27
f 9755 27 9757
f 9757 27 29
f 9739 38 9777
f 9777 38 36
f 9777 36 9762
f 9762 36 34
f 9762 34 9760
f 9760 34 32
f 9760 32 9758
f 9758 32 30
f 9779 15 9780
f 9780 15 12
f 9780 12 9542
f 9542 12 10
f 9542 10 9544
f 9544 10 6
f 9544 6 9546
f 9546 6 7
f 9758 30 9756
f 9756 30 28
f 9756 28 9754
f 9754 28 26
f 9754 26 9579
f 9579 26 23
f 9579 23 9578
f 9578 23 20
f 9578 20 9556
f 9556 20 18
f 9556 18 9557
f 9557 18 17
f 9557 17 9778
f 9778 17 16
f 9778 16 9779
f 9779 16 15
f 9592 9967 9593
f 9593 9967 9968
f 9593 9968 9969
f 9969 132 9593
f 9593 132 131
f 9593 131 9594
f 9594 131 130
f 9594 130 9595
f 9595 130 128
f 9595 128 21
f 9595 21 9583
f 9583 21 22
f 9583 22 9584
f 9584 22 40
f 9584 40 9587
f 9587 40 42
f 9587 42 44
f 9587 44 9588
f 9588 44 45
f 9588 45 9596
f 9596 45 46
f 9596 46 9970
f 9970 9971 9596
f 9596 9971 9972
f 9596 9972 9597
f 9597 9972 9598
f 9598 9972 9971
f 9598 9971 9970
f 46 43 9970
f 9970 43 9598
f 9918 9973 9912
f 9912 9973 9919
f 9577 9973 9582
f 9582 9973 9918
f 9582 9918 9917
f 9919 9973 9555
f 9555 9973 9577
f 9964 9974 9854
f 9854 9974 9862
f 9862 9974 9864
f 9864 9974 9975
f 9954 9955 9959
f 9959 9955 9957
f 9959 9957 9956
f 9959 9956 9976
f 9976 9956 9977
f 9976 9977 9978
f 9978 9977 9979
f 9978 9979 9980
f 9980 9979 9981
f 9981 9979 9982
f 9978 9980 9983
f 9983 9980 9984
f 9983 9984 9985
f 9985 9984 9966
f 9985 9966 9965
f 9986 9987 9988
f 9988 9987 9989
f 9988 9989 9990
f 9990 9989 9991
f 9990 9991 9992
f 9992 9991 9993
f 9992 9993 9994
f 9991 9995 9993
f 9993 9995 9996
f 9992 9994 9997
f 9997 9994 9961
f 9997 9961 9960
f 9960 9961 9962
f 9960 9962 9963
f 9963 9958 9960
f 9998 9999 10000
f 10000 9999 10001
f 10002 10001 10003
f 10003 10001 9999
f 10003 9999 10004
f 9558 9554 10003
f 10003 9554 10002
f 9999 9998 10004
f 10004 9998 10005
f 10006 10003 10005
f 10005 10003 10004
f 10005 9998 10006
f 10006 9998 10000
f 10006 10000 10007
f 10007 9540 10006
f 10006 9540 9538
f 9554 9540 10002
f 10002 9540 10007
f 10001 10002 10000
f 10000 10002 10007
f 9797 9805 52
f 52 9805 48
f 48 9805 9822
f 48 9822 9820
f 10008 10009 9805
f 9805 10009 9822
f 10010 10011 10012
f 10012 10011 10013
f 10014 10013 10009
f 10009 10013 10011
f 10009 10011 10015
f 10015 9811 10009
f 10009 9811 9822
f 10012 10013 10016
f 10016 10013 10014
f 10009 10008 10014
f 10014 10008 10016
f 10017 10010 10008
f 10008 10010 10012
f 10008 10012 10016
f 9805 9807 10008
f 10008 9807 10017
f 9807 9811 10017
f 10017 9811 10015
f 10010 10017 10011
f 10011 10017 10015
f 9872 9870 9810
f 9810 9870 9812
f 9974 9964 9601
f 9601 9964 9607
f 9975 9974 9585
f 9585 9974 9601
f 9863 9864 9586
f 9586 9864 9975
f 9586 9975 9585
f 9586 9600 9863
f 9863 9600 9861
f 9859 9817 9860
f 9860 9817 9816
f 9860 9816 9866
f 9866 9816 9815
f 9866 9815 9868
f 9868 9815 9814
f 9868 9814 9870
f 9870 9814 9812
f 9571 10018 9903
f 9903 10018 9914
f 9914 10018 10019
f 9914 10019 9915
f 9915 10019 10020
f 9915 10020 9913
f 9589 9582 9916
f 9916 9582 9917
f 512 9618 514
f 514 9618 9691
f 514 9691 515
f 515 9691 9747
f 515 9747 550
f 550 9747 9606
f 550 9606 547
f 547 9606 9605
f 547 9605 548
f 548 9605 9603
f 548 9603 552
f 552 9603 9602
f 552 9602 553
f 553 9602 9609
f 553 9609 554
f 554 9609 9608
f 554 9608 555
f 555 9608 9611
f 555 9611 558
f 558 9611 9612
f 558 9612 519
f 519 9612 9614
f 519 9614 517
f 517 9614 9616
f 517 9616 512
f 512 9616 9618
f 7 8 9546
f 9546 8 9549
f 9549 8 9986
f 9986 8 9987
f 9549 9986 9552
f 9552 9986 9988
f 9552 9988 9990
f 9552 9990 9553
f 9553 9990 9992
f 9553 9992 9781
f 9781 9992 9997
f 9781 9997 9782
f 9782 9997 9741
f 9741 9997 9960
f 9721 9959 9722
f 9722 9959 9976
f 9722 9976 9978
f 9722 9978 9723
f 9723 9978 9983
f 9723 9983 9750
f 9750 9983 9985
f 9750 9985 9751
f 9751 9985 9717
f 9717 9985 9965
f 9559 14 9562
f 9562 14 134
f 9562 134 9566
f 9566 134 135
f 9566 135 136
f 133 10018 136
f 136 10018 9571
f 136 9571 9566
f 10020 10019 133
f 133 10019 10018
f 10020 133 9589
f 9589 133 19
f 9589 19 9590
f 9916 9913 9589
f 9589 9913 10020
f 129 10021 19
f 19 10021 10022
f 19 10022 9590
f 9590 10022 10021
f 9590 10021 9591
f 9591 10021 129
f 132 9969 129
f 129 9969 9591
f 9591 9969 9968
f 9591 9968 9967
f 9967 9592 9591
f 9598 43 10023
f 10023 43 41
f 10023 41 10024
f 10024 41 9599
f 10024 9599 10023
f 10023 9599 9598
f 9599 41 9600
f 9600 41 49
f 9600 49 9817
f 9817 49 9813
f 9859 9861 9817
f 9817 9861 9600
f 49 127 9813
f 9813 127 9818
f 9818 127 51
f 9818 51 9819
f 9819 51 50
f 9819 50 9821
f 9821 50 48
f 9821 48 9820
f 9794 9797 125
f 125 9797 52
f 65 10025 66
f 66 10025 10026
f 66 10026 64
f 64 10026 10027
f 64 10027 63
f 63 10027 10028
f 10028 10029 63
f 63 10029 9643
f 63 9643 9644
f 10030 10031 10029
f 10029 10031 9643
f 9829 9823 9644
f 9644 9823 9802
f 9644 9802 62
f 62 9802 9791
f 62 63 9644
f 10029 10028 10032
f 10032 10028 10027
f 10032 10027 10033
f 10033 10027 10026
f 10033 10026 10034
f 10034 10026 10025
f 10034 10025 10035
f 10035 10025 10036
f 10035 10036 10037
f 10037 10036 10038
f 10038 10036 10039
f 10039 10036 10040
f 10040 10036 10041
f 10040 10041 10042
f 10042 10041 10043
f 10042 10043 10044
f 10044 10043 10045
f 10045 10043 10046
f 10046 10043 10047
f 10046 10047 10048
f 10048 10047 10049
f 10048 10049 10050
f 10050 10049 10051
f 10051 10049 10052
f 10052 10049 10053
f 10054 10055 10047
f 10047 10055 10056
f 10047 10056 10057
f 10055 10058 10056
f 10057 10049 10047
f 10034 10059 10033
f 10033 10059 10060
f 10033 10060 10032
f 10032 10060 10061
f 10032 10061 10029
f 10029 10061 10030
f 10061 10062 10030
f 10030 10062 10063
f 10030 10063 10031
f 10031 10063 10064
f 10031 10064 10065
f 10065 10064 10066
f 10066 10064 10067
f 10067 10064 10068
f 10061 10060 10062
f 10062 10060 10059
f 10063 10069 10064
f 10064 10069 10070
f 10064 10070 10071
f 10064 10071 10072
f 10072 10071 10073
f 10072 10073 10074
f 10075 10076 10074
f 10074 10076 10077
f 10074 10077 10078
f 10079 10080 10075
f 10075 10080 10081
f 10075 10081 10082
f 10083 10084 10079
f 10079 10084 10085
f 10079 10085 10080
f 10084 10083 10086
f 10086 10083 10087
f 10086 10087 10088
f 10088 10087 10089
f 10088 10089 10090
f 10090 10089 10091
f 10090 10091 10092
f 10092 10091 10093
f 10092 10093 10094
f 10094 10093 10095
f 10094 10095 10096
f 10096 10095 10097
f 10096 10097 10098
f 10099 10100 10094
f 10094 10100 10101
f 10094 10101 10102
f 10103 10104 10099
f 10099 10104 10105
f 10099 10105 10100
f 10104 10103 10106
f 10106 10103 10107
f 10106 10107 10108
f 10108 10107 10109
f 10108 10109 10110
f 10110 10109 10111
f 10111 10109 10072
f 10111 10072 10112
f 10112 10072 10074
f 10112 10074 10078
f 10082 10076 10075
f 10102 10113 10094
f 10094 10113 10092
f 10034 10035 10059
f 10059 10035 10062
f 10062 10035 10063
f 10063 10035 10037
f 10063 10037 10069
f 10069 10037 10038
f 10069 10038 10070
f 10070 10038 10039
f 10082 10114 10076
f 10076 10114 10115
f 10076 10115 10077
f 10077 10115 10116
f 10077 10116 10078
f 10078 10116 10117
f 10078 10117 10112
f 10112 10117 10118
f 10112 10118 10111
f 10111 10118 10119
f 10114 10082 10120
f 10120 10082 10081
f 10120 10081 10121
f 10121 10081 10080
f 10121 10080 10122
f 10122 10080 10085
f 10100 10123 10101
f 10101 10123 10124
f 10101 10124 10102
f 10102 10124 10125
f 10102 10125 10113
f 10113 10125 10126
f 10113 10126 10092
f 10092 10126 10127
f 10100 10105 10123
f 10123 10105 10128
f 10129 10084 10130
f 10130 10084 10086
f 10130 10086 10131
f 10131 10086 10088
f 10131 10088 10132
f 10132 10088 10090
f 10127 10132 10092
f 10092 10132 10090
f 10128 10105 10133
f 10133 10105 10104
f 10133 10104 10106
f 10133 10106 10134
f 10134 10106 10108
f 10134 10108 10135
f 10135 10108 10136
f 10136 10108 10110
f 10119 10136 10111
f 10111 10136 10110
f 10085 10084 10122
f 10122 10084 10129
f 10118 10121 10119
f 10119 10121 10122
f 10119 10122 10136
f 10136 10122 10129
f 10136 10129 10131
f 10131 10129 10130
f 10121 10118 10120
f 10120 10118 10117
f 10120 10117 10116
f 10115 10114 10116
f 10116 10114 10120
f 10131 10132 10136
f 10136 10132 10135
f 10135 10132 10134
f 10134 10132 10128
f 10134 10128 10133
f 10132 10127 10128
f 10128 10127 10123
f 10123 10127 10126
f 10123 10126 10125
f 10125 10124 10123
f 10137 9707 10138
f 10138 9707 9709
f 10138 9709 10139
f 10139 9709 9730
f 10139 9730 10140
f 10140 9730 9728
f 10140 9728 10141
f 10141 9728 9726
f 10141 9726 10142
f 10142 9726 9724
f 10142 9724 10143
f 10143 9724 9720
f 10143 9720 10144
f 10144 9720 9719
f 10144 9719 10145
f 10145 9719 9718
f 10145 9718 10146
f 10146 9718 9716
f 10146 9716 10147
f 10147 9716 9714
f 10147 9714 10148
f 10148 9714 9712
f 10148 9712 10137
f 10137 9712 9707
f 10149 9731 10150
f 10150 9731 9733
f 10150 9733 10151
f 10151 9733 9745
f 10151 9745 10152
f 10152 9745 9743
f 10152 9743 10153
f 10153 9743 9547
f 10153 9547 10154
f 10154 9547 9548
f 10154 9548 10155
f 10155 9548 9550
f 10155 9550 10156
f 10156 9550 9551
f 10156 9551 10157
f 10157 9551 9742
f 10157 9742 10158
f 10158 9742 9740
f 10158 9740 10159
f 10159 9740 9738
f 10159 9738 10160
f 10160 9738 9736
f 10160 9736 10149
f 10149 9736 9731
f 9387 9328 9379
f 9379 9328 9327
f 9379 9327 9355
f 9355 9327 9356
f 9356 9327 9337
f 9356 9337 9359
f 9359 9337 9361
f 9361 9337 9335
f 9361 9335 9332
f 9331 9353 9332
f 9332 9353 9351
f 9332 9351 9348
f 9331 9345 9353
f 9353 9345 9343
f 9353 9343 9340
f 9340 9339 9353
f 9348 9347 9332
f 9332 9347 9361
f 9379 9355 9380
f 9380 9355 9369
f 9380 9369 9367
f 9380 9367 9383
f 9383 9367 9364
f 9383 9364 9385
f 9385 9364 9363
f 9385 9363 9377
f 9377 9375 9385
f 9385 9375 9372
f 9385 9372 9371
f 10161 10162 9656
f 9656 10162 9658
f 9658 10162 10163
f 9658 10163 9660
f 9660 10163 10164
f 9660 10164 9661
f 9661 10164 10165
f 9661 10165 9678
f 9678 10165 10166
f 9678 10166 9680
f 9680 10166 10167
f 9680 10167 9681
f 9681 10167 9682
f 9682 10167 10168
f 9682 10168 9683
f 9683 10168 9685
f 9685 10168 9686
f 9686 10168 9687
f 9687 10168 9688
f 9688 10168 9689
f 9689 10168 10169
f 9689 10169 9684
f 10170 10169 10171
f 10171 10169 10168
f 10171 10168 10172
f 10172 10168 10167
f 10172 10167 10166
f 10166 10165 10172
f 10172 10165 10164
f 10172 10164 10161
f 10161 10164 10163
f 10161 10163 10162
f 10173 10174 10172
f 10172 10174 10175
f 10172 10175 10171
f 10171 10176 10170
f 10172 10161 10177
f 10177 10161 9656
f 10177 9656 9654
f 9643 10031 9641
f 9641 10031 10065
f 9641 10065 10066
f 9641 10066 9639
f 9639 10066 10067
f 9639 10067 9637
f 9637 10067 10068
f 9637 10068 9622
f 9622 10068 9623
f 9623 10068 10064
f 10064 10072 9623
f 9623 10072 9624
f 9929 9931 10178
f 10178 9931 10179
f 10178 10179 10180
f 10180 10179 10181
f 10180 10181 10182
f 10182 10181 10183
f 10182 10183 10184
f 10184 10183 10185
f 10184 10185 10186
f 10186 10185 10187
f 10186 10187 10188
f 10188 10187 10189
f 10188 10189 10190
f 10190 10189 10191
f 10190 10191 10192
f 10192 10191 10193
f 10192 10193 10194
f 10194 10193 10195
f 10194 10195 10196
f 10196 10195 10197
f 10196 10197 10198
f 10198 10197 10199
f 10198 10199 10200
f 10200 10199 10201
f 10200 10201 10202
f 10202 10201 10203
f 10202 10203 10204
f 10204 10203 10205
f 10204 10205 10206
f 10206 10205 10207
f 10206 10208 10204
f 10204 10208 10209
f 10204 10209 10202
f 10202 10209 10210
f 10202 10210 10200
f 10200 10210 10211
f 10200 10211 10198
f 10198 10211 10212
f 10198 10212 10196
f 10196 10212 10213
f 10196 10213 10194
f 10194 10213 10214
f 10194 10214 10192
f 10192 10214 10215
f 10192 10215 10190
f 10190 10215 10216
f 10190 10216 10188
f 10188 10216 10217
f 10188 10217 10186
f 10186 10217 10218
f 10186 10218 10184
f 10184 10218 10219
f 10184 10219 10182
f 10182 10219 10220
f 10182 10220 10180
f 10180 10220 10221
f 10180 10221 10178
f 10178 10221 10222
f 10178 10222 9929
f 9929 10222 9927
f 9927 10222 9926
f 9926 10222 10223
f 10223 10222 10221
f 10223 10221 10224
f 10224 10221 10220
f 10224 10220 10225
f 10225 10220 10219
f 10225 10219 10226
f 10226 10219 10218
f 10226 10218 10227
f 10227 10218 10217
f 10227 10217 10228
f 10228 10217 10216
f 10228 10216 10215
f 10208 10229 10209
f 10209 10229 10230
f 10209 10230 10210
f 10210 10230 10231
f 10210 10231 10211
f 10211 10231 10232
f 10211 10232 10212
f 10212 10232 10233
f 10212 10233 10213
f 10213 10233 10234
f 10213 10234 10214
f 10214 10234 10235
f 10214 10235 10215
f 10215 10235 10228
f 10236 10237 10238
f 10238 10237 10239
f 10238 10239 10240
f 10240 10239 10241
f 10240 10241 10207
f 10207 10241 10206
f 10206 10241 10242
f 10206 10242 10208
f 10208 10242 10243
f 10208 10243 10229
f 10237 10244 10239
f 10239 10244 10245
f 10239 10245 10241
f 10241 10245 10242
f 10244 10246 10245
f 10245 10246 10247
f 10245 10247 10242
f 10242 10247 10243
f 10236 10248 10249
f 10249 10248 10250
f 10249 10250 10251
f 10251 10250 10252
f 10251 10252 10253
f 10253 10246 10251
f 10251 10246 10244
f 10251 10244 10249
f 10249 10244 10237
f 10249 10237 10236
f 10254 10255 10256
f 10256 10255 10257
f 10256 10257 10258
f 10258 10257 10259
f 10258 10259 10248
f 10248 10259 10250
f 10250 10259 10260
f 10250 10260 10252
f 10252 10260 10261
f 10252 10261 10253
f 10255 10262 10257
f 10257 10262 10263
f 10257 10263 10259
f 10259 10263 10260
f 10262 10264 10263
f 10263 10264 10265
f 10263 10265 10260
f 10260 10265 10261
f 9943 9942 10266
f 10266 9942 10267
f 10266 10267 10268
f 10268 10267 10269
f 10268 10269 10270
f 10270 10269 10271
f 10270 10271 10272
f 10272 10271 10273
f 10272 10273 10274
f 10274 10273 10275
f 10274 10275 10276
f 10276 10275 10277
f 10276 10277 10278
f 10278 10277 10279
f 10278 10279 10280
f 10280 10279 10281
f 10280 10281 10282
f 10282 10281 10283
f 10282 10283 10284
f 10284 10283 10285
f 10285 10283 10286
f 10285 10286 10287
f 10287 10286 10288
f 10287 10288 10289
f 10289 10288 10290
f 10289 10290 10291
f 10291 10290 10292
f 10291 10292 10254
f 10254 10292 10255
f 10255 10292 10293
f 10255 10293 10262
f 10262 10293 10264
f 10264 10293 10294
f 10294 10293 10295
f 10294 10295 10296
f 10296 10295 10297
f 10296 10297 10298
f 10298 10297 10299
f 10298 10299 10300
f 10300 10299 10301
f 10300 10301 10302
f 10302 10301 10281
f 10302 10281 10279
f 10284 10303 10282
f 10282 10303 10304
f 10282 10304 10280
f 10280 10304 10278
f 10303 10305 10304
f 10304 10305 10306
f 10304 10306 10278
f 10278 10306 10276
f 10305 10307 10306
f 10306 10307 10308
f 10306 10308 10276
f 10276 10308 10274
f 10307 10309 10308
f 10308 10309 10310
f 10308 10310 10274
f 10274 10310 10272
f 10309 10311 10310
f 10310 10311 10312
f 10310 10312 10272
f 10272 10312 10270
f 10311 10313 10312
f 10312 10313 10314
f 10312 10314 10270
f 10270 10314 10268
f 10313 10315 10314
f 10314 10315 10316
f 10314 10316 10268
f 10268 10316 10266
f 10315 10317 10316
f 10316 10317 10318
f 10316 10318 10266
f 10266 10318 9943
f 10317 10319 10318
f 10318 10319 9950
f 10318 9950 9943
f 10319 9952 9950
f 10286 10283 10301
f 10301 10283 10281
f 10288 10286 10299
f 10299 10286 10301
f 10290 10288 10297
f 10297 10288 10299
f 10292 10290 10295
f 10295 10290 10297
f 10293 10292 10295
f 9956 9952 9977
f 9977 9952 10319
f 9977 10319 9979
f 9979 10319 10317
f 9979 10317 9982
f 9982 10317 10315
f 9982 10315 9981
f 9981 10315 10313
f 9981 10313 9980
f 9980 10313 10311
f 9980 10311 9984
f 9984 10311 10309
f 9984 10309 9966
f 9966 10309 10307
f 9966 10307 72
f 72 10307 68
f 68 10307 10305
f 68 10305 69
f 69 10305 71
f 71 10305 10320
f 10320 10305 10303
f 10320 10303 10321
f 10321 10303 10284
f 10321 10284 10322
f 10322 10284 10285
f 10322 10285 10323
f 10323 10285 10287
f 10323 10287 10324
f 10324 10287 10289
f 10324 10289 10325
f 10325 10289 10291
f 10325 10291 10326
f 10326 10291 10254
f 10326 10254 10327
f 10327 10254 10328
f 10328 10254 10256
f 10328 10256 10258
f 10248 10329 10258
f 10258 10329 10330
f 10258 10330 10328
f 10248 10236 10329
f 10329 10236 10331
f 10329 10331 99
f 99 10331 100
f 100 10331 10332
f 100 10332 9732
f 9732 9737 100
f 9727 9729 99
f 99 9729 10333
f 99 10333 10329
f 10331 10236 10334
f 10334 10236 10238
f 10334 10238 10240
f 10207 10335 10240
f 10240 10335 10336
f 10240 10336 10334
f 10335 10207 10337
f 10337 10207 10205
f 10337 10205 10338
f 10338 10205 10203
f 10338 10203 10339
f 10339 10203 10201
f 10339 10201 10340
f 10340 10201 10199
f 10340 10199 10341
f 10341 10199 10197
f 10341 10197 10342
f 10342 10197 10195
f 10342 10195 10343
f 10343 10195 10193
f 10343 10193 1
f 1 10193 2
f 2 10193 10191
f 2 10191 5
f 5 10191 8
f 8 10191 9987
f 9987 10191 10189
f 9987 10189 9989
f 9989 10189 10187
f 9989 10187 9991
f 9991 10187 10185
f 9991 10185 9995
f 9995 10185 10183
f 9995 10183 9996
f 9996 10183 10181
f 9996 10181 9993
f 9993 10181 10179
f 9993 10179 9994
f 9994 10179 9931
f 9994 9931 9961
f 9624 10072 9626
f 9626 10072 10109
f 9626 10109 9628
f 9628 10109 10107
f 9628 10107 9630
f 9630 10107 10103
f 9630 10103 9632
f 9632 10103 10099
f 9635 9632 10344
f 10344 9632 10099
f 10344 10099 10094
f 10071 10040 10073
f 10073 10040 10042
f 10073 10042 10074
f 10074 10042 10044
f 10074 10044 10075
f 10075 10044 10045
f 10075 10045 10079
f 10079 10045 10046
f 10039 10040 10070
f 10070 10040 10071
f 9706 74 9705
f 9705 74 73
f 9705 73 9704
f 9704 73 60
f 9704 60 9752
f 9752 60 59
f 9752 59 9713
f 9713 59 70
f 70 71 9713
f 9713 71 9708
f 9708 71 10345
f 10345 71 10320
f 9727 99 9774
f 9774 99 97
f 9774 97 9763
f 9763 97 95
f 9763 95 9765
f 9765 95 93
f 9765 93 9767
f 9767 93 91
f 74 9706 75
f 75 9706 9696
f 75 9696 76
f 76 9696 9697
f 76 9697 77
f 77 9697 9699
f 77 9699 81
f 81 9699 9701
f 81 9701 85
f 85 9701 9773
f 85 9773 87
f 87 9773 9771
f 87 9771 89
f 89 9771 9769
f 89 9769 91
f 91 9769 9767
f 9768 92 9766
f 9766 92 94
f 9766 94 9764
f 9764 94 96
f 9764 96 9776
f 9776 96 98
f 9776 98 9737
f 9737 98 100
f 9545 3 9543
f 9543 3 4
f 9543 4 9541
f 9541 4 9
f 9541 9 9785
f 9785 9 11
f 9785 11 9786
f 9786 11 115
f 92 9768 90
f 90 9768 9770
f 90 9770 88
f 88 9770 9772
f 88 9772 86
f 86 9772 9651
f 86 9651 101
f 101 9651 9652
f 101 9652 109
f 109 9652 9653
f 109 9653 113
f 113 9653 9788
f 113 9788 114
f 114 9788 9787
f 114 9787 115
f 115 9787 9786
f 107 108 9673
f 9673 108 10346
f 9673 10346 10347
f 10347 10348 9673
f 9673 10348 9674
f 9673 9672 107
f 107 9672 106
f 106 9672 9671
f 106 9671 104
f 104 9671 102
f 102 9671 9669
f 102 9669 84
f 84 9669 9649
f 84 9649 82
f 82 9649 9668
f 82 9668 83
f 83 9668 118
f 118 9668 9667
f 118 9667 119
f 119 9667 9666
f 119 9666 120
f 120 9666 10349
f 10349 9666 10350
f 10350 9666 10351
f 10351 9666 9665
f 120 10349 117
f 117 10349 9664
f 9664 10349 10350
f 9664 10350 10351
f 10351 9665 9664
f 10173 10172 10352
f 10352 10172 10177
f 10174 10173 9670
f 9670 10173 10352
f 9670 10352 9650
f 10352 10177 9650
f 9650 10177 9654
f 10344 10094 10353
f 10353 10094 10096
f 10096 10098 10353
f 10353 10098 10354
f 10329 10333 10330
f 10330 10333 10328
f 10328 10333 10327
f 10327 10333 10355
f 10327 10355 10326
f 10326 10355 10356
f 10326 10356 10325
f 10325 10356 10322
f 10325 10322 10323
f 10356 10357 10322
f 10322 10357 10321
f 10321 10357 10358
f 10321 10358 10320
f 10320 10358 10345
f 10323 10324 10325
f 10359 10360 10343
f 10343 10360 10342
f 10342 10360 10361
f 10342 10361 10341
f 10341 10361 10362
f 10341 10362 10338
f 10338 10362 10337
f 10337 10362 10363
f 10337 10363 10335
f 10335 10363 10332
f 10335 10332 10336
f 10336 10332 10334
f 10334 10332 10331
f 10339 10340 10338
f 10338 10340 10341
f 10223 10156 9926
f 9926 10156 10157
f 9926 10157 9924
f 9924 10157 10158
f 9924 10158 9922
f 9922 10158 10159
f 9922 10159 9920
f 9920 10159 10246
f 9920 10246 9936
f 9936 10246 10253
f 9936 10253 10141
f 10141 10253 10261
f 10141 10261 10140
f 10140 10261 10265
f 10140 10265 10139
f 10139 10265 10264
f 10139 10264 10138
f 10138 10264 10294
f 10138 10294 10302
f 10302 10294 10300
f 10300 10294 10296
f 10300 10296 10298
f 10224 10226 10223
f 10223 10226 10227
f 10223 10227 10156
f 10156 10227 10155
f 10155 10227 10228
f 10155 10228 10154
f 10154 10228 10153
f 10153 10228 10235
f 10153 10235 10152
f 10152 10235 10151
f 10151 10235 10234
f 10151 10234 10150
f 10150 10234 10230
f 10150 10230 10229
f 10224 10225 10226
f 10234 10233 10230
f 10230 10233 10231
f 10231 10233 10232
f 10150 10229 10149
f 10149 10229 10243
f 10149 10243 10160
f 10160 10243 10247
f 10160 10247 10159
f 10159 10247 10246
f 10138 10302 10137
f 10137 10302 10279
f 10137 10279 10148
f 10148 10279 10147
f 10147 10279 10277
f 10147 10277 10146
f 10146 10277 10145
f 10145 10277 10275
f 10145 10275 10144
f 10144 10275 10267
f 10144 10267 9942
f 10275 10273 10267
f 10267 10273 10269
f 10269 10273 10271
f 10144 9942 10143
f 10143 9942 9944
f 10143 9944 10142
f 10142 9944 9946
f 10142 9946 10141
f 10141 9946 9936
f 10364 10365 10366
f 10366 10365 10367
f 10368 10367 10369
f 10369 10367 10365
f 10369 10365 10370
f 10370 9655 10369
f 10369 9655 9690
f 10366 10367 10371
f 10371 10367 10368
f 10369 10372 10368
f 10368 10372 10371
f 10373 10364 10372
f 10372 10364 10366
f 10372 10366 10371
f 9537 9539 10372
f 10372 9539 10373
f 9539 9655 10373
f 10373 9655 10370
f 10364 10373 10365
f 10365 10373 10370
f 10372 10369 9537
f 9537 10369 9690
f 9537 9690 13
f 13 9690 9657
f 13 14 9537
f 9537 14 9538
f 9538 14 9558
f 9538 9558 10006
f 10006 9558 10003
f 14 9559 9558
f 10036 61 10041
f 10041 61 78
f 10041 78 10054
f 10054 78 10055
f 10374 10375 10054
f 10054 10375 10041
f 10376 10377 10378
f 10378 10377 10379
f 10380 10379 10374
f 10374 10379 10377
f 10374 10377 10381
f 10054 10047 10374
f 10374 10047 10380
f 10377 10376 10381
f 10381 10376 10382
f 10375 10374 10382
f 10382 10374 10381
f 10382 10376 10375
f 10375 10376 10378
f 10375 10378 10383
f 10383 10043 10375
f 10375 10043 10041
f 10047 10043 10380
f 10380 10043 10383
f 10379 10380 10378
f 10378 10380 10383
f 10046 10048 10079
f 10079 10048 10083
f 10344 10353 9635
f 9635 10353 9636
f 10353 10354 9636
f 9636 10354 9645
f 9645 10354 9648
f 9648 10354 10098
f 9648 10098 10097
f 9662 9648 10095
f 10095 9648 10097
f 10083 10048 10087
f 10087 10048 10050
f 10087 10050 10089
f 10089 10050 10051
f 10089 10051 10091
f 10091 10051 10052
f 10091 10052 10093
f 10093 10052 10053
f 10169 10170 9684
f 9684 10170 10384
f 10384 10170 10176
f 10384 10176 10385
f 10385 10176 10171
f 10385 10171 10386
f 9670 9677 10174
f 10174 9677 10175
f 551 9698 513
f 513 9698 9695
f 513 9695 511
f 511 9695 9625
f 511 9625 516
f 516 9625 9627
f 516 9627 518
f 518 9627 9629
f 518 9629 532
f 532 9629 9631
f 532 9631 535
f 535 9631 9633
f 535 9633 541
f 541 9633 9634
f 541 9634 542
f 542 9634 9647
f 542 9647 543
f 543 9647 9646
f 543 9646 544
f 544 9646 9703
f 544 9703 545
f 545 9703 9702
f 545 9702 549
f 549 9702 9700
f 549 9700 551
f 551 9700 9698
f 3 9545 1
f 1 9545 9744
f 1 9744 10359
f 10359 10343 1
f 10359 9744 10360
f 10360 9744 9784
f 10360 9784 9783
f 10360 9783 10361
f 10361 9783 9735
f 10361 9735 10362
f 10362 9735 9734
f 10362 9734 10363
f 10363 9734 10332
f 10332 9734 9732
f 10333 9729 10355
f 10355 9729 9790
f 10355 9790 9789
f 10355 9789 10356
f 10356 9789 9711
f 10356 9711 10357
f 10357 9711 9710
f 10357 9710 10358
f 10358 9710 10345
f 10345 9710 9708
f 116 10384 110
f 110 10384 10385
f 110 10385 10386
f 112 9679 116
f 116 9679 9684
f 116 9684 10384
f 112 111 9679
f 9679 111 9659
f 9659 111 13
f 9659 13 9657
f 9676 103 9677
f 9677 103 110
f 9677 110 10386
f 10171 10175 10386
f 10386 10175 9677
f 105 103 9675
f 9675 103 9676
f 9674 10348 9675
f 9675 10348 10347
f 9675 10347 10346
f 108 105 10346
f 10346 105 9675
f 79 117 9663
f 9663 117 9664
f 79 9662 80
f 80 9662 10053
f 80 10053 10049
f 79 9663 9662
f 10095 10093 9662
f 9662 10093 10053
f 78 123 10055
f 10055 123 10058
f 10058 123 122
f 10058 122 10056
f 10056 122 121
f 10056 121 10057
f 10057 121 80
f 10057 80 10049
f 65 61 10025
f 10025 61 10036

