# https://github.com/mikedh/trimesh

o c_thorr_1.stl
v -95.83258820 -51.57996750 10.09432411
v -94.51681519 -51.57996750 10.30567646
v -95.87007141 -51.57996750 10.37902451
v -94.59021759 -51.57996750 10.72196007
v -94.73479462 -51.57996750 11.11917305
v -94.51681519 -51.57996750 9.88297081
v -95.87007141 -51.57996750 9.80962276
v -94.59021759 -51.57996750 9.46668816
v -94.73479462 -51.57996750 9.06947422
v -95.97995758 -51.57996750 9.54432392
v -94.94614410 -51.57996750 8.70340061
v -96.15476990 -51.57996750 9.31650639
v -95.21785736 -51.57996750 8.37959003
v -95.54166412 -51.57996750 8.10788059
v -96.38259125 -51.57996750 9.14169598
v -95.90773773 -51.57996750 7.89652777
v -96.64788818 -51.57996750 9.03180599
v -96.30495453 -51.57996750 7.75195360
v -96.72123718 -51.57996750 7.67855167
v -96.93258667 -51.57996750 8.99432373
v -97.14394379 -51.57996750 7.67855167
v -97.21728516 -51.57996750 9.03180599
v -97.56022644 -51.57996750 7.75195360
v -97.95743561 -51.57996750 7.89652777
v -97.48258972 -51.57996750 9.14169598
v -98.32350922 -51.57996750 8.10788059
v -97.71040344 -51.57996750 9.31650639
v -98.64732361 -51.57996750 8.37959003
v -98.91902924 -51.57996750 8.70340061
v -97.88521576 -51.57996750 9.54432392
v -99.13038635 -51.57996750 9.06947422
v -97.99510956 -51.57996750 9.80962276
v -99.27495575 -51.57996750 9.46668816
v -99.34835815 -51.57996750 9.88297081
v -98.03258514 -51.57996750 10.09432411
v -99.34835815 -51.57996750 10.30567646
v -97.99510956 -51.57996750 10.37902451
v -99.27495575 -51.57996750 10.72196007
v -99.13038635 -51.57996750 11.11917305
v -97.88521576 -51.57996750 10.64432430
v -98.91902924 -51.57996750 11.48524666
v -97.71040344 -51.57996750 10.87214184
v -98.64732361 -51.57996750 11.80905819
v -98.32350922 -51.57996750 12.08076763
v -97.48258972 -51.57996750 11.04695225
v -97.95743561 -51.57996750 12.29211998
v -97.21728516 -51.57996750 11.15684223
v -97.56022644 -51.57996750 12.43669415
v -97.14394379 -51.57996750 12.51009560
v -96.93258667 -51.57996750 11.19432354
v -96.72123718 -51.57996750 12.51009560
v -96.64788818 -51.57996750 11.15684223
v -96.30495453 -51.57996750 12.43669415
v -95.90773773 -51.57996750 12.29211998
v -96.38259125 -51.57996750 11.04695225
v -95.54166412 -51.57996750 12.08076763
v -96.15476990 -51.57996750 10.87214184
v -95.21785736 -51.57996750 11.80905819
v -94.94614410 -51.57996750 11.48524666
v -95.97995758 -51.57996750 10.64432430
v -94.83835602 -51.48434448 13.66247845
v -94.84883881 -51.55694199 13.66058731
v -94.84026337 -51.42996216 13.66213322
v -94.86890411 -51.65216827 13.65696526
v -94.93833923 -51.42996216 13.66536808
v -94.94795227 -51.78022385 13.66190910
v -95.03628540 -51.78776169 13.70355797
v -94.99420166 -52.14053726 13.64884377
v -95.06760406 -52.15970230 13.71101665
v -95.01251221 -52.37997055 13.63105202
v -95.01417542 -52.51175690 13.61396599
v -94.94149780 -52.48334885 13.55452156
v -94.95017242 -52.84851456 13.47744942
v -94.87850952 -52.81126785 13.42177010
v -94.87598419 -53.16503525 13.30292034
v -94.80559540 -53.11948013 13.25200272
v -94.79238892 -53.45713043 13.09327316
v -94.72351837 -53.40390396 13.04804039
v -94.70029449 -53.72088242 12.85193062
v -94.63317108 -53.66072845 12.81321430
v -94.60062408 -53.95237350 12.58231640
v -94.53545380 -53.88614273 12.55085945
v -94.49433136 -54.14783859 12.28794765
v -94.43127441 -54.07647324 12.26440048
v -94.38256073 -54.30482101 11.97316265
v -94.32176208 -54.22933578 11.95806026
v -94.26659393 -54.42155838 11.64273453
v -94.20817566 -54.34300613 11.63648796
v -94.14772034 -54.49629974 11.30143929
v -94.09175110 -54.41578674 11.30433464
v -94.02722168 -54.52738571 10.95406342
v -93.97373962 -54.44605637 10.96625996
v -93.90641022 -54.51453018 10.60553265
v -93.85543060 -54.43354034 10.62705994
v -93.78663635 -54.45846176 10.26087475
v -93.73812866 -54.37894440 10.29163170
v -93.66924286 -54.35994339 9.92512035
v -93.62315369 -54.28300858 9.96487427
v -93.55558777 -54.21976852 9.60328484
v -93.51180267 -54.14651871 9.65166855
v -93.44687653 -54.03986740 9.29992771
v -93.40528107 -53.97134018 9.35645676
v -93.34421539 -53.82332230 9.01914310
v -93.30464172 -53.76047897 9.08322430
v -93.24869537 -53.57328033 8.76499939
v -93.21096039 -53.51700211 8.83593369
v -93.16139984 -53.29289627 8.54155445
v -93.12528229 -53.24398041 8.61853600
v -93.08322144 -52.98594284 8.35213757
v -93.04848480 -52.94508743 8.43427181
v -93.01477051 -52.65709686 8.19901657
v -92.98115540 -52.62487411 8.28535271
v -92.95662689 -52.31110001 8.08437634
v -92.94151306 -52.37997055 8.19271755
v -92.92387390 -52.28796387 8.17390156
v -92.84129333 -52.14066315 8.22874069
v -92.82855988 -51.98738861 8.19102287
v -92.78540039 -52.05137634 8.24883080
v -92.82140350 -51.92826462 8.18184090
v -92.74549103 -51.92156219 8.24271870
v -92.78592682 -51.57948685 8.15177631
v -92.71014404 -51.57747650 8.21315098
v -92.76118469 -51.22853088 8.16177940
v -92.68539429 -51.23123932 8.22311211
v -92.74710846 -50.88040543 8.21160126
v -92.67116547 -50.88779449 8.27235603
v -92.70748138 -50.74695587 8.27684021
v -92.67505646 -50.79712296 8.28849792
v -92.63280487 -50.83102036 8.30368519
v -92.58087921 -50.89026260 8.31003761
v -92.60707855 -50.83608627 8.31293297
v -92.58121490 -50.83070374 8.32222939
v -92.53614044 -50.79991150 8.33843136
v -92.48377991 -50.88780212 8.32259178
v -92.40988922 -50.60829163 8.38381290
v -92.38743591 -50.88042450 8.30808735
v -92.29615021 -50.52102661 8.35836124
v -92.29914093 -50.86861801 8.26720142
v -92.22583008 -50.85346222 8.20400047
v -92.23934174 -51.21865463 8.15207291
v -92.19103241 -51.21295929 8.07875347
v -92.21570587 -51.59104538 8.06850624
v -92.18698883 -51.59549332 7.98540163
v -92.22352600 -51.98160172 8.01941776
v -92.21662903 -51.99623489 7.93275833
v -92.26567841 -52.38446426 8.01347065
v -92.28169250 -52.40724564 7.92966843
v -92.34338379 -52.79099274 8.05756569
v -92.38149261 -52.81785583 7.98287964
v -92.45555878 -53.18978500 8.15695858
v -92.51293182 -53.21567535 8.09543037
v -92.59887695 -53.56795120 8.31382751
v -92.67103577 -53.58764267 8.26739597
v -92.76809692 -53.91239166 8.52727890
v -92.78627014 -53.71393967 8.32411575
v -92.89049530 -54.03717041 8.60746670
v -92.87467957 -54.20199966 8.82271671
v -93.00439453 -54.32131577 8.92689037
v -92.98953247 -54.45280838 9.14900970
v -93.12656403 -54.56235123 9.27718639
v -93.11139679 -54.66117477 9.50144577
v -93.25561523 -54.75626755 9.65315247
v -93.23899078 -54.82352448 9.87528706
v -93.39009094 -54.89954758 10.04938221
v -93.37090302 -54.93762970 10.26524734
v -93.52832794 -54.99072266 10.45965004
v -93.50557709 -55.00255966 10.66552162
v -93.66860962 -55.02882385 10.87752628
v -93.64145660 -55.01744843 11.07028294
v -93.80920410 -55.01287842 11.29658127
v -93.77697754 -54.98144531 11.47370529
v -93.94840240 -54.94245911 11.71043873
v -93.91061401 -54.89488602 11.87008572
v -94.08456421 -54.81927490 12.11294079
v -94.04087067 -54.75968170 12.25387859
v -94.21604156 -54.64556503 12.49798298
v -94.16627502 -54.57786942 12.61955357
v -94.34120941 -54.42357254 12.85945988
v -94.28534698 -54.35147858 12.96158123
v -94.45850372 -54.15600204 13.19155598
v -94.39673615 -54.08334732 13.27493668
v -94.56667328 -53.84739304 13.48960781
v -94.49935150 -53.77785873 13.55554771
v -94.66455078 -53.50275803 13.74923801
v -94.59212494 -53.43954468 13.79944897
v -94.75096130 -53.12709427 13.96607208
v -94.67400360 -53.07295227 14.00267601
v -94.82485199 -52.72565460 14.13620472
v -94.74408722 -52.68293381 14.16187572
v -94.74510956 -52.67651367 14.16406155
v -94.65721130 -52.67149353 14.15338039
v -94.65924835 -52.65876389 14.15769958
v -94.57579041 -52.65347672 14.12518311
v -94.57881927 -52.63465500 14.13154507
v -94.50511932 -52.62978745 14.07832336
v -94.50909424 -52.60516739 14.08661079
v -94.44979858 -52.60182190 14.01543617
v -94.45469666 -52.57175446 14.02551365
v -94.41353607 -52.57154465 13.94101810
v -94.41931915 -52.53638458 13.95274925
v -94.39826202 -52.54087830 13.85991955
v -94.40489197 -52.50094604 13.87318134
v -94.40474701 -52.51171494 13.77715588
v -94.41220856 -52.46726227 13.79185009
v -94.45032501 -52.37997055 13.73249531
v -94.45817566 -52.15966797 13.87420273
v -94.49029541 -52.14048767 13.78366280
v -94.50070190 -51.79739380 13.93057442
v -94.53237152 -51.78773499 13.83837223
v -94.56218719 -51.44861221 13.85260010
v -94.61762238 -51.45221329 13.77202702
v -94.57389832 -51.42996216 13.83318329
v -94.61926270 -51.42996216 13.77167511
v -94.62164307 -51.42996216 13.76907730
v -94.69332123 -51.45585632 13.71067333
v -94.58822632 -51.78021240 13.75818443
v -94.66429901 -51.77551270 13.69705677
v -94.55229950 -52.08110809 13.71409607
v -94.67621613 -51.76594162 13.69173622
v -94.89569855 -51.76751328 13.65213108
v -94.95792389 -52.04853439 13.64090347
v -94.87817383 -52.37997055 13.54608059
v -94.85409546 -52.46116257 13.51630020
v -94.79188538 -52.78217316 13.38648891
v -94.71997070 -53.08389664 13.22044182
v -94.63908386 -53.36232758 13.02091885
v -94.55010223 -53.61374283 12.79118347
v -94.45390320 -53.83440781 12.53449917
v -94.35137939 -54.02072906 12.25421715
v -94.24363708 -54.17037201 11.95447445
v -94.13190460 -54.28165054 11.63982010
v -94.01738739 -54.35289764 11.31480694
v -93.90132904 -54.38253403 10.98399734
v -93.78496552 -54.37027740 10.65208626
v -93.66960144 -54.31682968 10.32386684
v -93.55650330 -54.22291565 10.00413609
v -93.44696045 -54.08930206 9.69767189
v -93.34214020 -53.91781235 9.40882206
v -93.24308777 -53.71139526 9.14148903
v -93.15083313 -53.47304535 8.89955139
v -93.06642914 -53.20577240 8.68687630
v -92.99070740 -52.91317368 8.50663853
v -92.92426300 -52.59970856 8.36100006
v -92.89048767 -52.37997055 8.27736473
v -92.82067871 -52.37997055 8.34089565
v -92.84764862 -52.58397293 8.41928387
v -92.75714111 -52.57872391 8.45614147
v -92.82286072 -52.88656616 8.59904385
v -92.72616577 -52.89321518 8.61310482
v -92.80120850 -53.18187332 8.79082489
v -92.70674896 -53.20570755 8.78334332
v -92.79115295 -53.47296906 8.99600983
v -92.70713806 -53.51686478 8.97108173
v -92.80081940 -53.76032257 9.21835518
v -92.73483276 -53.82323837 9.18249893
v -92.83748627 -54.03977203 9.46327400
v -92.79909515 -54.11013412 9.42696762
v -92.91004181 -54.29487991 9.73867607
v -92.89413452 -54.37395477 9.70337296
v -93.01265717 -54.52187347 10.04337502
v -93.02058411 -54.60388947 10.01204014
v -93.14561462 -54.71061325 10.37631893
v -93.17713165 -54.78891373 10.35038471
v -93.30718231 -54.85110092 10.73339748
v -93.35977173 -54.91862488 10.71274662
v -93.49305725 -54.93316650 11.10783482
v -93.56230927 -54.98470688 11.09063148
v -93.69683075 -54.94903183 11.49030876
v -94.75841522 -52.44729233 13.50340462
v -94.72193909 -52.37997055 13.52740860
v -94.66153717 -52.44266129 13.51649761
v -94.64413452 -52.37997055 13.54573250
v -94.57101440 -52.44728470 13.55359173
v -94.58117676 -52.38799286 13.57291412
v -94.56875610 -52.37997055 13.58437061
v -94.49945831 -52.37997055 13.64913559
v -94.50361633 -52.40694046 13.63031673
v -94.49436188 -52.46112442 13.61258125
v -94.50930023 -52.76397705 13.42562008
v -94.59998322 -52.75791550 13.38913822
v -94.52890015 -53.05422211 13.22619343
v -94.62540436 -53.06164932 13.21170998
v -94.54526520 -53.33634186 13.01496315
v -94.44595337 -52.43396378 13.70556641
v -94.43759918 -52.48327637 13.68934727
v -94.43215942 -52.78212357 13.48277569
v -94.43801117 -53.06163406 13.26189995
v -94.44900513 -53.32766342 13.03037262
v -94.45713806 -53.58437347 12.78840923
v -94.72279358 -51.65217209 13.68333054
v -94.76033020 -51.55707550 13.67655754
v -94.69761658 -51.42996216 13.70889187
v -94.79020691 -51.42996216 13.67116642
v -94.56352997 -51.42996216 13.85230064
v -94.53628540 -51.42996216 13.92539024
v -94.52970886 -51.42996216 14.05969620
v -94.53200531 -51.42996216 13.94506359
v -94.53096008 -51.44492722 13.94530678
v -94.49542236 -51.80730438 14.01784420
v -94.45243835 -52.17934418 13.95976734
v -94.57927704 -51.42996216 14.19589520
v -94.54359436 -51.42996216 14.11934853
v -94.54307556 -51.43779755 14.11947823
v -94.51197052 -51.81771851 14.10367966
v -94.54948425 -51.82799911 14.18277645
v -94.46850586 -52.20003128 14.04381084
v -94.50553894 -52.22045135 14.12113762
v -94.63585663 -51.42996216 14.26494980
v -94.58126831 -51.42996216 14.19904327
v -94.58100891 -51.43391800 14.19910908
v -94.60595703 -51.83749008 14.24998569
v -94.67761993 -51.84555054 14.30050373
v -94.56158447 -52.23931122 14.18671131
v -94.63286591 -52.25529861 14.23584557
v -94.73062897 -51.42996216 14.32804298
v -94.75978088 -51.85169601 14.33148193
v -94.71474457 -52.26747131 14.26577187
v -94.84695435 -51.42996216 14.35825157
v -94.84712982 -51.85559082 14.34174442
v -94.80191803 -52.27519989 14.27536583
v -94.96656036 -51.42996216 14.34811401
v -94.93306732 -51.87060928 14.32877159
v -94.88569641 -52.30466461 14.25761986
v -92.69298553 -53.35597992 8.08163929
v -92.58453369 -53.23212433 8.04692268
v -92.43815613 -52.83827591 7.91868782
v -92.31908417 -52.42653656 7.85232258
v -92.23207855 -52.00975037 7.84686661
v -92.17979431 -51.59988403 7.89765787
v -92.16233826 -51.20697021 7.99574184
v -92.17784882 -50.83792114 8.13189697
v -92.22344208 -50.49649048 8.29743767
v -92.30377960 -50.18639755 8.48918533
v -92.31326294 -50.37997055 8.41854572
v -92.39089966 -50.21255493 8.52569103
v -92.43601227 -50.37997055 8.46804523
v -92.48650360 -50.22889328 8.53745937
v -92.59028625 -50.37997055 8.45844364
v -92.58335876 -50.23434830 8.52399063
v -92.67388916 -50.22888184 8.48722458
v -92.69007111 -49.92253113 8.64994526
v -92.76731873 -49.90198135 8.59405804
v -92.79321289 -49.61283875 8.79304790
v -92.85224915 -49.57374191 8.72536850
v -92.88791656 -49.30461884 8.96084023
v -92.92591858 -49.24731064 8.89087105
v -92.97137451 -49.00212097 9.16285896
v -92.98542023 -48.92931366 9.09932995
v -93.04026794 -48.71201324 9.40637207
v -93.02904510 -48.62872314 9.35633755
v -93.09259796 -48.44394684 9.69587898
v -93.05862427 -48.35771179 9.66376209
v -93.12989807 -48.21085739 10.03211975
v -93.07559204 -48.13060379 10.01971817
v -93.15322876 -48.02716827 10.41181374
v -93.09686279 -47.97323990 10.41590118
v -93.17864990 -47.91701508 10.82350159
v -93.11357117 -47.87571335 10.83768940
v -93.19760895 -47.86856079 11.25367546
v -93.12644196 -47.84245682 11.27390575
v -93.21070099 -47.88566208 11.69071293
v -93.07331085 -47.83969879 11.40269947
v -93.16012573 -47.89877701 11.83232594
v -93.29280853 -47.97942352 12.09949589
v -93.24416351 -48.01160431 12.25162697
v -93.37129211 -48.12213516 12.49474525
v -93.32384491 -48.17582703 12.65463638
v -93.44472504 -48.31118393 12.87114239
v -93.39758301 -48.38856125 13.03549099
v -93.51168060 -48.54395676 13.22337246
v -93.46382141 -48.64691925 13.38832951
v -93.57075500 -48.81775665 13.54617882
v -93.52106476 -48.94759750 13.70762157
v -93.62078857 -49.12869644 13.83525181
v -93.56819153 -49.28562164 13.98915672
v -93.66083527 -49.47191620 14.08705139
v -93.60416412 -49.65560913 14.22905540
v -93.68994904 -49.84253311 14.29805946
v -93.62794495 -50.05216217 14.42344093
v -93.70719910 -50.23563766 14.46479988
v -93.63861847 -50.46968460 14.56892300
v -93.71149445 -50.47024918 14.53979015
v -93.71198273 -50.64581680 14.58498955
v -93.77684021 -50.65152359 14.54121304
v -93.70404816 -51.06707001 14.65770721
v -93.76876831 -51.06970978 14.61345100
v -93.68315887 -51.49336624 14.68210220
v -93.74784851 -51.49290466 14.63771915
v -93.64910126 -51.91867828 14.65734196
v -93.71385193 -51.91512299 14.61318874
v -93.60192108 -52.33707809 14.58361626
v -93.66683197 -52.33047867 14.54004955
v -93.62464142 -52.62553787 14.45716858
v -93.72073364 -52.32001495 14.48411751
v -93.67922211 -52.60902405 14.40311146
v -93.76058197 -52.30612564 14.41838169
v -93.71984100 -52.58805084 14.33955383
v -93.78702545 -52.28481674 14.32679176
v -93.74732971 -52.55673599 14.25101852
v -93.78691101 -52.26081848 14.23167801
v -93.74831390 -52.52204895 14.15915203
v -93.76039124 -52.23611450 14.14083004
v -93.72289276 -52.48661041 14.07155514
v -93.70812988 -52.21264267 14.06176186
v -93.67168427 -52.45296097 13.99556160
v -93.63481140 -52.19209290 13.99992085
v -93.59932709 -52.42329025 13.93647099
v -93.54690552 -52.17604065 13.95982647
v -93.51226044 -52.39961624 13.89867878
v -93.50830841 -52.37997055 13.90247822
v -93.49316406 -52.50974274 13.86163139
v -93.39755249 -52.49522018 13.84897900
v -93.42947388 -52.82830429 13.72628307
v -93.33437347 -52.80949783 13.71554279
v -93.35626984 -53.12700272 13.55540466
v -93.26180267 -53.10417938 13.54705429
v -93.27411652 -53.40149307 13.35116959
v -93.18041992 -53.37497711 13.34565830
v -93.18395233 -53.64830017 13.11700058
v -93.09111786 -53.61846542 13.11473083
v -93.08672333 -53.86406708 12.85649109
v -92.99485016 -53.83133316 12.85781765
v -92.98339844 -54.04543686 12.57323742
v -92.89257812 -54.01026154 12.57846546
v -92.87500763 -54.18947601 12.27105522
v -92.78529358 -54.15236282 12.28043938
v -92.76275635 -54.29467010 11.95448780
v -92.67421722 -54.25614166 11.96822262
v -92.64791870 -54.35978699 11.62822914
v -92.56056976 -54.32038116 11.64644432
v -92.53173065 -54.38359451 11.29697418
v -92.44561005 -54.34387207 11.31973648
v -92.41546631 -54.36520386 10.96541691
v -92.33055878 -54.32572937 10.99273014
v -92.30037689 -54.30535126 10.63824940
v -92.21667480 -54.26667786 10.67005539
v -92.18772888 -54.20526123 10.32016850
v -92.10519409 -54.16793442 10.35634422
v -92.07876587 -54.06616211 10.01586628
v -91.99735260 -54.03070831 10.05622673
v -91.97473145 -53.88947296 9.72994041
v -91.89437103 -53.85639572 9.77423954
v -91.87666321 -53.67795563 9.46629429
v -91.79727936 -53.64772415 9.51423168
v -91.78553009 -53.43496704 9.22852421
v -91.70703125 -53.40800095 9.27975178
v -91.70229340 -53.16385651 9.02022457
v -91.62456512 -53.14053726 9.07434559
v -91.62788391 -52.86806488 8.84488869
v -91.55081940 -52.84872055 8.90145969
v -91.56294250 -52.55179977 8.70486450
v -91.48640442 -52.53671265 8.76341057
v -91.50789642 -52.21978378 8.60178375
v -91.43175507 -52.20916367 8.66180897
v -91.46318817 -51.87673950 8.53726768
v -91.38730621 -51.87073135 8.59825325
v -91.42922974 -51.52739716 8.51287365
v -91.35345459 -51.52608871 8.57427883
v -91.40612030 -51.17660522 8.52897835
v -91.33031464 -51.18001556 8.59025860
v -91.39368439 -50.82932281 8.58491611
v -91.31770325 -50.83740234 8.64553738
v -91.39173126 -50.49050903 8.67998981
v -91.31543732 -50.50314331 8.73942375
v -91.40007782 -50.16510773 8.81347084
v -91.32331848 -50.18211746 8.87120152
v -91.41826630 -49.85766983 8.98369598
v -91.34091949 -49.87881851 9.03923035
v -91.44554138 -49.57224655 9.18784428
v -91.36748505 -49.59723282 9.24072456
v -91.48113251 -49.31285477 9.42302132
v -91.40225220 -49.34132767 9.47283173
v -91.52426147 -49.08350754 9.68632984
v -91.44445801 -49.11506271 9.73268986
v -91.57402039 -48.88757706 9.97436333
v -91.49320221 -48.92176819 10.01694202
v -91.62924957 -48.72732925 10.28283978
v -91.54734802 -48.76367569 10.32136154
v -91.68878937 -48.60491562 10.60738468
v -91.60574341 -48.64291000 10.64163399
v -91.75145721 -48.52249146 10.94362736
v -91.66722870 -48.56159592 10.97344685
v -91.81606293 -48.48158264 11.28707409
v -91.73061371 -48.52123642 11.31236649
v -91.88131714 -48.48217010 11.63293648
v -91.79464722 -48.52181625 11.65366936
v -91.94591522 -48.52399826 11.97637844
v -91.85803223 -48.56308365 11.99258423
v -92.00857544 -48.60681152 12.31256485
v -91.91950226 -48.64477921 12.32434177
v -92.06802368 -48.72992325 12.63678360
v -91.97780609 -48.76623535 12.64429188
v -92.12312317 -48.89111710 12.94477463
v -92.03182983 -48.92526245 12.94823360
v -92.17276764 -49.08782578 13.23237896
v -92.08045197 -49.11932755 13.23206234
v -92.21582794 -49.31748581 13.49543858
v -92.12259674 -49.34589767 13.49167633
v -92.25125122 -49.57731247 13.73000145
v -92.15720367 -49.60222626 13.72317600
v -92.27828217 -49.86338043 13.93321800
v -92.18351746 -49.88444901 13.92375088
v -92.29624939 -50.17139053 14.10260868
v -92.20089722 -50.18831635 14.09095669
v -92.30448151 -50.49703217 14.23569393
v -92.20867920 -50.50957870 14.22234440
v -92.30237579 -50.83594894 14.33016777
v -92.20625305 -50.84394073 14.31563854
v -92.28967285 -51.18334579 14.38510704
v -92.19338226 -51.18666458 14.36993217
v -92.26631165 -51.53421783 14.40026093
v -92.16998291 -51.53281403 14.38497448
v -92.23221588 -51.88355637 14.37538052
v -92.13600922 -51.87745667 14.36052132
v -92.18736267 -52.22637939 14.31032181
v -92.09141541 -52.21566772 14.29642868
v -92.13204956 -52.55797195 14.20625019
v -92.03650665 -52.54280090 14.19384956
v -92.06684113 -52.87380600 14.06522942
v -91.97182465 -52.85438919 14.05481720
v -91.99228668 -53.16935349 13.88933945
v -91.89793396 -53.14595795 13.88138580
v -91.90895844 -53.44012070 13.68070221
v -91.81538391 -53.41308594 13.67564583
v -91.81766510 -53.68236923 13.44231892
v -91.72496796 -53.65207672 13.44056129
v -91.71942902 -53.89307022 13.17804050
v -91.62770844 -53.85994339 13.17992973
v -91.61528778 -54.06923676 12.89174747
v -91.52462769 -54.03373718 12.89757919
v -91.50629425 -54.20788574 12.58733177
v -91.41675568 -54.17052460 12.59734917
v -91.39359283 -54.30697250 12.26905346
v -91.30522156 -54.26828003 12.28344440
v -91.27844238 -54.36568451 11.94166851
v -91.19128418 -54.32620239 11.96055412
v -91.16213989 -54.38329697 11.60996723
v -91.07619476 -54.34357834 11.63340664
v -91.04596710 -54.35909271 11.27874184
v -90.96124268 -54.31969833 11.30672836
v -90.93118286 -54.29312515 10.95270729
v -90.84765625 -54.25461960 10.98517132
v -90.81901550 -54.18690872 10.63644409
v -90.73665619 -54.14982986 10.67325306
v -90.71069336 -54.04211807 10.33451176
v -90.62944031 -54.00698471 10.37547398
v -90.60742950 -53.86043549 10.05147457
v -90.52722168 -53.82774734 10.09633541
v -90.51036835 -53.64402390 9.79157829
v -90.43112183 -53.61424637 9.84002781
v -90.42041016 -53.39638519 9.55821323
v -90.34203339 -53.36993790 9.60989285
v -90.33843231 -53.12123489 9.35462189
v -90.26081848 -53.09848785 9.40913200
v -90.26530457 -52.82229614 9.18404770
v -90.18832397 -52.80356979 9.24094391
v -90.20180511 -52.50348282 9.04939079
v -90.12532806 -52.48904800 9.10819054
v -90.14833069 -52.16946793 8.95218182
v -90.07223511 -52.15951920 9.01238155
v -90.10520935 -51.82510376 8.89360809
v -90.02935028 -51.81978607 8.95468712
v -90.07276154 -51.47525024 8.87485600
v -89.99699402 -51.47463989 8.93627930
v -90.05123138 -51.12477112 8.89685154
v -89.97541046 -51.12887573 8.95807171
v -90.04045868 -50.77852631 8.95897388
v -89.96443176 -50.78728867 9.01945114
v -90.04011536 -50.44137192 9.06003857
v -89.96375275 -50.45466995 9.11924839
v -90.04988098 -50.11817169 9.19885635
v -89.97305298 -50.13581467 9.25629139
v -90.06941986 -49.81370544 9.37410164
v -89.99197388 -49.83544159 9.42927170
v -90.09802246 -49.53205872 9.58319473
v -90.01985168 -49.55758667 9.63564491
v -90.13482666 -49.27696228 9.82289886
v -90.05581665 -49.30591965 9.87221718
v -90.17896271 -49.05213547 10.08997059
v -90.09901428 -49.08411789 10.13578987
v -90.22955322 -48.86122513 10.38111496
v -90.14858246 -48.89577103 10.42311096
v -90.28551483 -48.70675278 10.69231987
v -90.20344543 -48.74337769 10.73022175
v -90.34563446 -48.59041977 11.01903343
v -90.26241302 -48.62860870 11.05263424
v -90.40868378 -48.51390457 11.35669518
v -90.32427216 -48.55312347 11.38584614
v -90.47344971 -48.47883987 11.70073700
v -90.38781738 -48.51852798 11.72535324
v -90.53866577 -48.48572540 12.04648495
v -90.45182037 -48.52532578 12.06654358
v -90.60306549 -48.53390121 12.38915443
v -90.51499939 -48.57285309 12.40469646
v -90.66534424 -48.62263870 12.72395325
v -90.57610321 -48.66039658 12.73508453
v -90.72424316 -48.75119781 13.04609871
v -90.63386536 -48.78722382 13.05298901
v -90.77855682 -48.91796112 13.35115433
v -90.68710327 -48.95174408 13.35403442
v -90.82723999 -49.12003708 13.63519764
v -90.73479462 -49.15110397 13.63434982
v -90.86925507 -49.35443115 13.89434624
v -90.77589417 -49.38234711 13.89010525
v -90.90356445 -49.61814499 14.12472153
v -90.80939484 -49.64251328 14.11747456
v -90.92926788 -49.90771866 14.32298470
v -90.83440399 -49.92819214 14.31316280
v -90.94576263 -50.21875000 14.48691463
v -90.85034180 -50.23504257 14.47498035
v -90.95250702 -50.54671097 14.61443233
v -90.85665131 -50.55858994 14.60087585
v -90.94894409 -50.88707352 14.70345783
v -90.85278320 -50.89437485 14.68879604
v -90.93463898 -51.23520279 14.75242233
v -90.83833313 -51.23782349 14.73719406
v -90.90959167 -51.58615875 14.76128769
v -90.81327820 -51.58405685 14.74603271
v -90.87386322 -51.93493271 14.73030281
v -90.77768707 -51.92813873 14.71555710
v -90.82752228 -52.27651596 14.65971661
v -90.73162842 -52.26512909 14.64601231
v -90.77073669 -52.60601044 14.55011463
v -90.67525482 -52.59019089 14.53797626
v -90.70404053 -52.91897964 14.40356731
v -90.60911560 -52.89895630 14.39349174
v -90.62812042 -53.21112442 14.22255421
v -90.53386688 -53.18716812 14.21500587
v -90.54361725 -53.47813416 14.00955582
v -90.45016479 -53.45058823 14.00496387
v -90.45126343 -53.71587753 13.76721573
v -90.35870361 -53.68513489 13.76597595
v -90.35204315 -53.92133713 13.49925900
v -90.26047516 -53.88782883 13.50171471
v -90.24707031 -54.09194183 13.20984268
v -90.15657043 -54.05614090 13.21628380
v -90.13745880 -54.22512817 12.90312576
v -90.04808807 -54.18753433 12.91378307
v -90.02433777 -54.31846237 12.58330536
v -89.93614960 -54.27961349 12.59835720
v -89.90894318 -54.37089157 12.25498486
v -89.82196045 -54.33133698 12.27454472
v -89.79256439 -54.38214874 11.92299652
v -89.70680237 -54.34244156 11.94711304
v -89.67649841 -54.35197449 11.59217453
v -89.59194946 -54.31267548 11.62083340
v -89.56203461 -54.28018951 11.26734066
v -89.47868347 -54.24185562 11.30045986
v -89.45040131 -54.16789246 10.95307064
v -89.36820984 -54.13106918 10.99050808
v -89.34277344 -54.01720047 10.65374088
v -89.26168060 -53.98240662 10.69529724
v -89.24031830 -53.83027267 10.37372494
v -89.16026306 -53.79799271 10.41913891
v -89.14420319 -53.60928726 10.11737251
v -89.06509399 -53.57997894 10.16632652
v -89.05541992 -53.35726547 9.88836861
v -88.97716522 -53.33134460 9.94049454
v -88.97474670 -53.07817459 9.68964767
v -88.89723206 -53.05600739 9.74453926
v -88.90296936 -52.77603531 9.52410316
v -88.82607269 -52.75793076 9.58131313
v -88.84085083 -52.45486832 9.39461517
v -88.76444244 -52.44108582 9.45365906
v -88.78894806 -52.11904526 9.30326843
v -88.71289825 -52.10977554 9.36363220
v -88.74748230 -51.77347183 9.25087547
v -88.67164612 -51.76885223 9.31203651
v -88.71665192 -51.42311096 9.23813629
v -88.64088440 -51.42320251 9.29956150
v -88.69662476 -51.07292175 9.26574802
v -88.62078094 -51.07772446 9.32689285
v -88.68742371 -50.72779846 9.33376026
v -88.61135864 -50.73723984 9.39408302
v -88.68866730 -50.39248276 9.44075489
v -88.61224365 -50.40643692 9.49973202
v -88.69992828 -50.07170486 9.58511257
v -88.62300873 -50.08996964 9.64223957
v -88.72075653 -49.77017975 9.76521111
v -88.64321899 -49.79250336 9.82000828
v -88.75062561 -49.49236298 9.97903347
v -88.67234039 -49.51842117 10.03104782
v -88.78864288 -49.24179077 10.22325516
v -88.70950317 -49.27122116 10.27207565
v -88.83383942 -49.02183151 10.49427891
v -88.75374603 -49.05421829 10.53954697
v -88.88525391 -48.83583450 10.78851223
v -88.80412292 -48.87072372 10.82991505
v -88.94188690 -48.68687057 11.10220814
v -88.85964966 -48.72376633 11.13948441
v -89.00253296 -48.57659912 11.43089485
v -88.91913605 -48.61497498 11.46384335
v -89.06594086 -48.50624084 11.76987839
v -88.98134613 -48.54556274 11.79835987
v -89.13085175 -48.47703552 12.11446476
v -89.04503632 -48.51675034 12.13840294
v -89.19599915 -48.48998642 12.45995903
v -89.10897064 -48.52952957 12.47934341
v -89.26013947 -48.54455948 12.80166721
v -89.17189789 -48.58336639 12.81654835
v -89.32200623 -48.63952637 13.13489723
v -89.23258972 -48.67705917 13.14538860
v -89.38034058 -48.77366257 13.45495319
v -89.28979492 -48.80938721 13.46123219
v -89.43389893 -48.94561768 13.75719833
v -89.34229279 -48.97903061 13.75950432
v -89.48162079 -49.15283203 14.03763294
v -89.38902283 -49.18345642 14.03625965
v -89.52252960 -49.39194870 14.29265594
v -89.42903900 -49.41936111 14.28794479
v -89.55566406 -49.65961838 14.51867199
v -89.46138763 -49.68342972 14.51101303
v -89.58008575 -49.95244217 14.71214104
v -89.48513031 -49.97231293 14.70197201
v -89.59510040 -50.26632690 14.87052536
v -89.49960327 -50.28197861 14.85831928
v -89.60027313 -50.59657669 14.99217606
v -89.50436401 -50.60778427 14.97842598
v -89.59516144 -50.93846130 15.07547092
v -89.49897766 -50.94507217 15.06069279
v -89.57935333 -51.28726196 15.11881733
v -89.48303986 -51.28918076 15.10354900
v -89.55268097 -51.63814163 15.12161636
v -89.45638275 -51.63534164 15.10640240
v -89.51531219 -51.98615646 15.08449078
v -89.41916656 -51.97867584 15.06986713
v -89.46743011 -52.32634354 15.00813961
v -89.37158203 -52.31428909 14.99463558
v -89.40922546 -52.65374756 14.89327240
v -89.31381989 -52.63728714 14.88140583
v -89.34109497 -52.96373367 14.74134636
v -89.24626160 -52.94310379 14.73161507
v -89.26377106 -53.25222397 14.55512524
v -89.16963959 -53.22771454 14.54799080
v -89.17803955 -53.51520157 14.33750057
v -89.08470917 -53.48715591 14.33338547
v -89.08466339 -53.74864578 14.09136772
v -88.99224854 -53.71746063 14.09065437
v -88.98452759 -53.94902420 13.82000160
v -88.89311218 -53.91514206 13.82303047
v -88.87876129 -54.11399841 13.52762890
v -88.78842926 -54.07789993 13.53468323
v -88.76853943 -54.24141312 13.21862411
v -88.67934418 -54.20359802 13.22992516
v -88.65503693 -54.32911682 12.89735699
v -88.56701660 -54.29012299 12.91307163
v -88.53943634 -54.37539673 12.56828499
v -88.45262909 -54.33578110 12.58851814
v -88.42301941 -54.38014603 12.23617458
v -88.33744049 -54.34046936 12.26096630
v -88.30709076 -54.34362793 11.90586090
v -88.22272491 -54.30443954 11.93518734
v -88.19293976 -54.26609039 11.58217907
v -88.10976410 -54.22794724 11.61595058
v -88.08183289 -54.14807892 11.26988029
v -87.99980927 -54.11152267 11.30794430
v -87.97493744 -53.99165344 10.97327328
v -87.89400482 -53.95719910 11.01541901
v -87.87335205 -53.79938126 10.69651604
v -87.79344177 -53.76751328 10.74247551
v -87.77820587 -53.57382965 10.44376755
v -87.69923401 -53.54499817 10.49321842
v -87.69057465 -53.31770325 10.21905613
v -87.61243439 -53.29231262 10.27162170
v -87.61125183 -53.03477478 10.02536869
v -87.53382874 -53.01319122 10.08063126
v -87.54090118 -52.72935486 9.86518574
v -87.46408844 -52.71187973 9.92269516
v -87.48020172 -52.40574646 9.74098778
v -87.40386200 -52.39262390 9.80026054
v -87.42977905 -52.06828308 9.65515518
v -87.35376740 -52.05970001 9.71567345
v -87.38993835 -51.72169876 9.60880947
v -87.31411743 -51.71777725 9.67004395
v -87.36074829 -51.37099457 9.60221863
v -87.28498077 -51.37178802 9.66363430
v -87.34227753 -51.02117538 9.63563156
v -87.26641083 -51.02667618 9.69668961
v -87.33457947 -50.67723846 9.70924282
v -87.25847626 -50.68736267 9.76940250
v -87.33739471 -50.34394455 9.82210922
v -87.26091003 -50.35855103 9.88084316
v -87.35018921 -50.02582550 9.97219276
v -87.27318573 -50.04470825 10.02900124
v -87.37239075 -49.72740555 10.15741253
v -87.29474640 -49.75030518 10.21182251
v -87.40345001 -49.45320129 10.37567043
v -87.32504272 -49.47978592 10.42723656
v -87.44260406 -49.20709991 10.62413597
v -87.36332703 -49.23699570 10.67245197
v -87.48883057 -48.99215698 10.89899921
v -87.40858459 -49.02494049 10.94371033
v -87.54109192 -48.81136703 11.19637871
v -87.45980072 -48.84658432 11.23718357
v -87.59834290 -48.66772079 11.51239395
v -87.51593781 -48.70487213 11.54904079
v -87.65946960 -48.56348038 11.84286785
v -87.57589722 -48.60203171 11.87516212
v -87.72319794 -48.49952316 12.18306732
v -87.63842773 -48.53893280 12.21087837
v -87.78825378 -48.47656631 12.52819633
v -87.70226288 -48.51628876 12.55145741
v -87.85334015 -48.49533844 12.87345982
v -87.76612854 -48.53480530 12.89216995
v -87.91719818 -48.55598068 13.21411896
v -87.82878113 -48.59463501 13.22833920
v -87.97859192 -48.65709305 13.54559422
v -87.88900757 -48.69438553 13.55544949
v -88.03630829 -48.79699326 13.86333370
v -87.94560242 -48.83240509 13.86900711
v -88.08911896 -48.97401428 14.16278267
v -87.99736023 -49.00704575 14.16452122
v -88.13726807 -49.19352722 14.44811630
v -88.04450226 -49.22360611 14.44611168
v -88.17793274 -49.44670486 14.70551872
v -88.08426666 -49.47338104 14.70014858
v -88.21014404 -49.72944260 14.93140221
v -88.11569214 -49.75231552 14.92308903
v -88.23295593 -50.03763580 15.12217522
v -88.13784027 -50.05636215 15.11139107
v -88.24549866 -50.36697769 15.27463436
v -88.14986420 -50.38127518 15.26189518
v -88.24732971 -50.71235657 15.38712597
v -88.15131378 -50.72200775 15.37296867
v -88.23812103 -51.06845474 15.45838165
v -88.14186859 -51.07331848 15.44336128
v -88.13772583 -51.42996216 15.47242260
v -88.04479980 -51.07493973 15.45574474
v -87.98860931 -51.42996216 15.49558640
v -87.95446777 -51.07331467 15.49354744
v -87.86417389 -51.42996216 15.57662773
v -87.87838745 -51.06846619 15.55465698
v -87.82253265 -51.06069946 15.63481712
v -87.83137512 -50.69696426 15.56218529
v -87.79921722 -50.67717743 15.65258121
v -87.79599762 -50.31486893 15.53492165
v -87.78942871 -50.28480530 15.61735725
v -87.77387238 -49.93000412 15.45365906
v -87.78790283 -49.88860703 15.53008938
v -87.75981903 -49.54742432 15.31965351
v -87.79339600 -49.49748611 15.38406754
v -87.75318909 -49.17618179 15.12833881
v -87.80443573 -49.12238693 15.17605019
v -87.75280762 -48.82780838 14.87771225
v -87.81850433 -48.77644730 14.90597439
v -87.75644684 -48.51599503 14.56874847
v -87.83277893 -48.47311020 14.57795525
v -87.76397705 -48.25998688 14.21883106
v -87.84674835 -48.23078156 14.21201611
v -87.77111816 -48.06080246 13.82742405
v -87.92997742 -48.21435547 14.18232918
v -87.85132599 -48.04064560 13.78313255
v -87.69101715 -47.93795776 13.42614079
v -87.76799011 -47.91746140 13.36647606
v -87.60793304 -47.86428070 13.01369953
v -87.68161011 -47.84704208 12.93846416
v -87.52333832 -47.84147263 12.59566307
v -87.59384155 -47.83109665 12.50525570
v -87.43879700 -47.86936188 12.17779064
v -87.50638580 -47.86919785 12.07322502
v -87.35585785 -47.94706726 11.76590824
v -87.42097473 -47.96037292 11.64880276
v -87.27608490 -48.07371902 11.36584282
v -87.33931732 -48.10365295 11.23841953
v -87.20101929 -48.24825287 10.98334789
v -87.26309204 -48.29756927 10.84829903
v -87.13201904 -48.46792221 10.62349415
v -87.19374847 -48.53860474 10.48384857
v -87.07035065 -48.72909164 10.29100132
v -87.13267517 -48.82275009 10.15027046
v -87.01728058 -49.02811813 9.99057961
v -87.08126831 -49.14598083 9.85276604
v -86.97403717 -49.36128998 9.72686195
v -87.04080963 -49.50394058 9.59613514
v -86.94155121 -49.72388077 9.50328350
v -87.01216125 -49.89090347 9.38356972
v -86.92050934 -50.11040878 9.32239628
v -86.99607086 -50.30080032 9.21786213
v -86.91158295 -50.51537323 9.18673134
v -86.99327850 -50.72756195 9.10180187
v -86.91543579 -50.93326950 9.09876537
v -87.00440216 -51.16501999 9.03765869
v -86.93237305 -51.35831451 9.05964470
v -87.02948761 -51.60656357 9.02561951
v -86.96234131 -51.78443527 9.06912994
v -87.06843567 -52.04547882 9.06534958
v -87.00524902 -52.20554733 9.12691784
v -87.12117767 -52.47506332 9.15651512
v -87.06101227 -52.61558151 9.23268414
v -87.18746948 -52.88875198 9.29828358
v -87.12926483 -53.00878143 9.38506222
v -87.26656342 -53.28061676 9.48782825
v -87.20923615 -53.37987900 9.58116245
v -87.35757446 -53.64488983 9.72182655
v -87.30010986 -53.72364807 9.81797314
v -87.45960236 -53.97579956 9.99695396
v -87.40109253 -54.03485489 10.09247875
v -87.57166290 -54.26795959 10.30951023
v -87.51119232 -54.30890656 10.40105343
v -87.69235229 -54.51753998 10.65429592
v -87.62911987 -54.54252243 10.73880100
v -87.82019043 -54.72109985 11.02573395
v -87.75350189 -54.73258209 11.10066700
v -87.95367432 -54.87519455 11.41825008
v -87.88299561 -54.87596893 11.48159885
v -88.09127045 -54.97690201 11.82611561
v -88.01619720 -54.97018433 11.87636089
v -88.23127747 -55.02536011 12.24300003
v -88.15155792 -55.01456070 12.27918053
v -88.37197113 -55.02022171 12.66242027
v -88.28749847 -55.00878906 12.68418217
v -88.42245483 -54.95256042 13.08549118
v -88.20794678 -54.97612381 12.70300293
v -88.34189606 -54.92040634 13.10058689
v -88.13804626 -54.92470169 12.71780205
v -88.27043152 -54.86978912 13.10952187
v -88.08252716 -54.85705566 12.72750950
v -88.21284485 -54.80320740 13.11151505
v -88.04511261 -54.77716827 12.73143291
v -88.17298889 -54.72457504 13.10632610
v -88.02823639 -54.69067383 12.72934723
v -88.15346527 -54.63943863 13.09437561
v -88.03257751 -54.60309219 12.72149181
v -88.15513611 -54.55323410 13.07653141
v -88.05773163 -54.51979065 12.70838833
v -88.17774200 -54.47124100 13.05392742
v -88.10878754 -54.43856812 12.68850422
v -88.22631073 -54.39129639 13.02478027
v -88.17973328 -54.37528610 12.66465855
v -88.29532623 -54.32900620 12.99371815
v -88.26523590 -54.33575821 12.63872719
v -88.37962341 -54.29010010 12.96327782
v -88.35871887 -54.32255554 12.61267090
v -88.47270203 -54.27710724 12.93571568
v -92.61151123 -52.96901703 7.88322830
v -92.50930023 -52.85124969 7.86848879
v -92.37520599 -52.44120026 7.78610754
v -92.26900482 -52.02119446 7.76775074
v -92.19498444 -51.60393906 7.81076479
v -92.15516663 -51.20105362 7.90809059
v -92.14949799 -50.82158279 8.05016327
v -92.17608643 -50.47132492 8.22766781
v -92.23197174 -50.15282440 8.43160725
v -92.32143402 -49.86920929 8.65741920
v -92.40763855 -49.90203857 8.69052982
v -92.43353271 -49.61290741 8.88951302
v -92.52788544 -49.63729477 8.89658260
v -92.56145477 -49.37738419 9.12422657
v -92.65762329 -49.38671112 9.10818672
v -92.69853973 -49.15718079 9.36324310
v -92.79006958 -49.14678955 9.33018875
v -92.83792114 -48.94838715 9.61112404
v -92.91857910 -48.91455841 9.56796551
v -92.97303772 -48.74863434 9.87356091
v -93.03814697 -48.69094467 9.82853889
v -93.09891510 -48.56001663 10.15768623
v -93.14536285 -48.48263168 10.11925030
v -93.21199036 -48.39023209 10.47024250
v -93.23632050 -48.29907227 10.44509888
v -93.30799103 -48.24814606 10.81492424
v -93.30811310 -48.15064240 10.80721283
v -93.38366699 -48.14404297 11.19155216
v -93.36105347 -48.04914856 11.20183754
v -93.43898010 -48.08986664 11.59502697
v -93.39493561 -48.00659561 11.62090588
v -93.47336578 -48.09716034 12.01597595
v -93.42369080 -48.04433823 12.04505157
v -93.50022125 -48.18436050 12.43299484
v -93.44011688 -48.14620590 12.46578026
v -93.51283264 -48.33387756 12.83948803
v -92.54259491 -52.55912018 7.73167467
v -92.44600677 -52.45051575 7.73462296
v -92.32476044 -52.02989578 7.70019007
v -92.23168182 -51.60737228 7.73080111
v -92.17037964 -51.19559097 7.82128191
v -92.14266205 -50.80544281 7.96377277
v -92.14839172 -50.44486618 8.14838791
v -92.18553162 -50.11839294 8.36526966
v -92.25079346 -49.82707596 8.60419846
v -92.34843445 -49.57386780 8.86052990
v -92.46791077 -49.34946442 9.12016106
v -92.60267639 -49.14680862 9.38041496
v -92.74605560 -48.95968246 9.64293003
v -92.89130402 -48.78469849 9.91270065
v -93.03199005 -48.62046432 10.19591999
v -93.16311646 -48.47004318 10.49964237
v -93.28083038 -48.34078979 10.82950020
v -93.38054657 -48.24174500 11.18803978
v -93.45869446 -48.18362045 11.57389736
v -93.51488495 -48.17822647 11.98065472
v -93.54830170 -48.23499680 12.39797497
v -93.57179260 -48.36985397 12.80244064
v -93.57910919 -48.56495667 13.18920517
v -92.48698425 -52.13235855 7.62976837
v -92.39533234 -52.03542328 7.64785147
v -92.28726196 -51.60998535 7.66259718
v -92.20709229 -51.19096756 7.74139214
v -92.15818787 -50.79053497 7.87812901
v -92.14221191 -50.41873550 8.06442165
v -92.15880585 -50.08219147 8.28959942
v -92.20555115 -49.78386307 8.54232883
v -92.27921295 -49.52375793 8.81260777
v -92.38410187 -49.30476379 9.09598637
v -92.51004791 -49.11574936 9.37974167
v -92.65053558 -48.94841003 9.66134834
v -92.79907990 -48.79673767 9.94316578
v -92.94911957 -48.65825272 10.23081589
v -93.09430695 -48.53238678 10.53081799
v -93.22947693 -48.42190170 10.84964752
v -93.35052490 -48.33457184 11.19195175
v -93.45258331 -48.28014374 11.55922031
v -93.53175354 -48.26950073 11.94889259
v -93.58737183 -48.31271362 12.35352802
v -93.61835480 -48.41759491 12.76176453
v -93.63700104 -48.59824753 13.14817333
v -93.63756561 -48.83676529 13.50971222
v -92.44528198 -51.69490051 7.57977915
v -92.35772705 -51.61164474 7.60984945
v -92.26269531 -51.18745041 7.67324495
v -92.19516754 -50.77791595 7.79922676
v -92.15833282 -50.39459610 7.98101616
v -92.15357971 -50.04644394 8.20919704
v -92.18008423 -49.73843002 8.47135544
v -92.23542786 -49.47236633 8.75617123
v -92.31653595 -49.24738693 9.05423546
v -92.42768097 -49.06602859 9.36099720
v -92.55889893 -48.91464996 9.66440296
v -92.70391846 -48.78472137 9.96292210
v -92.85652161 -48.67086792 10.25986481
v -93.01024628 -48.57135773 10.56130219
v -93.15872955 -48.48525620 10.87359524
v -93.29666901 -48.41584778 11.20276260
v -93.41971588 -48.37185287 11.55252457
v -93.52270508 -48.36346817 11.92327023
v -93.60148621 -48.40021133 12.31149292
v -93.65510559 -48.49086761 12.70863628
v -93.68215179 -48.64242554 13.10221004
v -93.69448090 -48.86689758 13.46503544
v -93.68704987 -49.14544296 13.79673100
v -92.41754150 -51.25335693 7.58189392
v -92.33316803 -51.18521881 7.62053251
v -92.25096893 -50.76832581 7.73183155
v -92.19581604 -50.37416077 7.90400934
v -92.17058563 -50.01342010 8.12908363
v -92.17610168 -49.69355774 8.39559269
v -92.21148682 -49.41833496 8.69091129
v -92.27444458 -49.18854904 9.00412846
v -92.36198425 -49.00220871 9.32621479
v -92.47813416 -48.86060715 9.65162659
v -92.61334991 -48.74873734 9.96998692
v -92.76172638 -48.65827560 10.28103542
v -92.91725159 -48.58436966 10.58887863
v -93.07346344 -48.52486038 10.89956188
v -93.22396851 -48.47933197 11.21941662
v -93.36337280 -48.45215225 11.55404663
v -93.48705292 -48.45275497 11.90617371
v -93.58959961 -48.49029541 12.27529240
v -93.66659546 -48.57336807 12.65682507
v -93.71672821 -48.71022797 13.04096794
v -93.73833466 -48.90688324 13.41423512
v -93.74309540 -49.17198563 13.74879837
v -93.72661591 -49.48616409 14.04674911
v -92.40367126 -50.81444168 7.63577843
v -92.32157135 -50.76222992 7.67959642
v -92.25200653 -50.35862732 7.83805609
v -92.20881653 -49.98546219 8.05486393
v -92.19425201 -49.65211487 8.31976509
v -92.20901489 -49.36497498 8.62079144
v -92.25228882 -49.12668228 8.94552326
v -92.32180786 -48.93675613 9.28325558
v -92.41448975 -48.79124451 9.62450600
v -92.53430939 -48.69112778 9.96362877
v -92.67230225 -48.62057114 10.29233360
v -92.82286072 -48.57138443 10.61151886
v -92.98006439 -48.53808212 10.92562962
v -93.13748169 -48.51901627 11.24082470
v -93.28872681 -48.51486969 11.56344700
v -93.42826843 -48.53092575 11.89859104
v -93.55125427 -48.57588577 12.24814606
v -93.65201569 -48.65830231 12.61056042
v -93.72576904 -48.78656769 12.98002148
v -93.77091980 -48.96825409 13.34556961
v -93.78578949 -49.20721436 13.69367695
v -93.78190613 -49.50875092 13.99598885
v -93.75534058 -49.85408401 14.25627136
v -92.40357971 -50.38485718 7.74109793
v -92.32285309 -50.34875870 7.78673649
v -92.26557159 -49.96420670 7.99102831
v -92.23345947 -49.61702347 8.24917316
v -92.22856903 -49.31568909 8.55017471
v -92.25157928 -49.06558609 8.88197517
v -92.30167389 -48.86794281 9.23216534
v -92.37641907 -48.72010422 9.58940315
v -92.47286987 -48.61718750 9.94474602
v -92.59507751 -48.56021118 10.29275417
v -92.73461151 -48.53249741 10.62722015
v -92.88607025 -48.52488708 10.94977570
v -93.04367065 -48.53226471 11.26537037
v -93.20101929 -48.55407715 11.58032036
v -93.35171509 -48.59198761 11.90087891
v -93.49011993 -48.65082550 12.23176384
v -93.61110687 -48.73900223 12.57385254
v -93.70867157 -48.86516571 12.92435074
v -93.77772522 -49.03734970 13.27626514
v -93.81659698 -49.26128006 13.61838055
v -93.82359314 -49.53872299 13.93711758
v -93.80998993 -49.87239456 14.20315647
v -93.77227783 -50.24432755 14.42184734
v -93.77642059 -50.47538376 14.49579716
v -92.41705322 -49.97117233 7.89702082
v -92.33677673 -49.95070648 7.94105434
v -92.29095459 -49.59034729 8.18809414
v -92.26895142 -49.27395630 8.48399544
v -92.27275085 -49.00915527 8.81742954
v -92.30294800 -48.79998016 9.17603874
v -92.35848999 -48.64530945 9.54657364
v -92.43706512 -48.54135895 9.91809177
v -92.53597260 -48.48273468 10.28257179
v -92.65927124 -48.47024155 10.63468838
v -92.79903412 -48.48536682 10.96998501
v -92.95008850 -48.51904297 11.29103470
v -93.10681152 -48.56716537 11.60335159
v -93.26282501 -48.63015747 11.91330528
v -93.41172791 -48.70936203 12.22717857
v -93.54772949 -48.80965805 12.54909801
v -93.66536713 -48.93984222 12.87870598
v -93.75831604 -49.10848999 13.21199131
v -93.82140350 -49.32215118 13.54161167
v -93.85285950 -49.58472824 13.85606670
v -93.85084534 -49.89669418 14.14116001
v -93.82643890 -50.25810623 14.36688805
v -92.44332123 -49.57930374 8.10072041
v -92.36263275 -49.57340240 8.13987160
v -92.32734680 -49.24223328 8.42626858
v -92.31451416 -48.96137238 8.75638866
v -92.32595825 -48.73720932 9.11834812
v -92.36195374 -48.57144547 9.49860573
v -92.42152405 -48.46162796 9.88414574
v -92.50255585 -48.40328217 10.26484108
v -92.60259247 -48.39033890 10.63355160
v -92.72562408 -48.42210007 10.98466969
v -92.86426544 -48.47944260 11.31579399
v -93.01362610 -48.55410385 11.63052750
v -93.16821289 -48.64289856 11.93485260
v -93.32167816 -48.74595261 12.23530960
v -93.46757507 -48.86484909 12.53797436
v -93.59989166 -49.00522614 12.84612751
v -93.71282959 -49.17608261 13.15817070
v -93.79993439 -49.38482285 13.46965218
v -93.85592651 -49.63652039 13.77281857
v -93.87882233 -49.93399048 14.05531120
v -93.86663818 -50.27639008 14.30244446
v -93.83034515 -50.48464966 14.43950462
v -93.83065033 -50.66056824 14.48494720
v -92.48150635 -49.21503067 8.34887314
v -92.39959717 -49.22208023 8.38017654
v -92.37395477 -48.92504883 8.70256805
v -92.36927795 -48.68405914 9.06311131
v -92.38698578 -48.50321960 9.44845009
v -92.42733765 -48.38288879 9.84494972
v -92.48952484 -48.31974030 10.24027634
v -92.57166290 -48.30839539 10.62509823
v -92.67142487 -48.34089661 10.99279690
v -92.79281616 -48.41604996 11.33776188
v -92.92902374 -48.51498032 11.65981102
v -93.07543182 -48.63018036 11.96351051
v -93.22668457 -48.75816727 12.25542259
v -93.37643433 -48.89934540 12.54201698
v -93.51810455 -49.05629349 12.82889175
v -93.64543152 -49.23526382 13.11843395
v -93.75248718 -49.44437027 13.40852928
v -93.83267975 -49.68984604 13.69418812
v -93.88044739 -49.97598267 13.96666336
v -93.89360809 -50.30445099 14.21284008
v -93.87023926 -50.49760056 14.37347507
v -93.87038422 -50.67257309 14.41876888
v -93.82238007 -51.07389832 14.55642700
v -92.44686890 -48.90197372 8.65895748
v -92.53071594 -48.88412094 8.63815403
v -92.50356293 -48.61799240 8.97289562
v -92.58995056 -48.59196091 8.96486473
v -92.56842804 -48.37364197 9.31730938
v -92.65781403 -48.34238052 9.32380390
v -92.64009857 -48.17204285 9.68714714
v -92.73282623 -48.13882065 9.70939636
v -92.71723175 -48.01631165 10.07735443
v -92.81348419 -47.98472595 10.11606598
v -92.79844666 -47.90929413 10.48279667
v -92.89825439 -47.88301849 10.53808594
v -92.88222504 -47.85202408 10.89781094
v -92.98544312 -47.83456039 10.96912479
v -92.96699524 -47.84482193 11.31652451
v -93.05118561 -47.88800049 11.73305988
v -93.13322449 -47.98170090 12.14157772
v -93.21163940 -48.12431717 12.53657055
v -93.28500366 -48.31324387 12.91272354
v -93.35189819 -48.54586029 13.26472569
v -93.41091156 -48.81948090 13.58732319
v -93.46089935 -49.13021469 13.87621021
v -93.50090027 -49.47320938 14.12784863
v -93.52998352 -49.84357834 14.33872318
v -93.54720306 -50.23642349 14.50535679
v -93.55196381 -50.64633179 14.62547112
v -93.63580322 -50.90174103 14.66407299
v -93.54401398 -51.06731033 14.69814491
v -93.61925507 -51.34167862 14.70795536
v -93.52312469 -51.49332428 14.72252846
v -93.58871460 -51.78284836 14.69962978
v -93.48907471 -51.91835403 14.69778919
v -93.54407501 -52.21865082 14.63867855
v -93.44190979 -52.33647919 14.62411690
v -93.48577881 -52.64270020 14.52675533
v -93.38211823 -52.74194717 14.50333309
v -93.41440582 -53.04866409 14.36603260
v -93.31024170 -53.12900925 14.33740807
v -93.33053589 -53.43021393 14.15868473
v -93.22678375 -53.49193954 14.12831020
v -93.23487854 -53.78131866 13.90732574
v -93.13247681 -53.82545471 13.87868214
v -93.12859344 -54.09716797 13.61633301
v -93.02841949 -54.12533569 13.59267998
v -93.01298523 -54.37326431 13.29052734
v -92.91578674 -54.38749695 13.27467442
v -92.88934326 -54.60510635 12.93472862
v -92.79574585 -54.60786819 12.92903328
v -92.75901794 -54.78866577 12.55400181
v -92.66954803 -54.78288651 12.56039429
v -92.62363434 -54.92182159 12.15439510
v -92.53866577 -54.91070175 12.17427731
v -92.40462494 -54.98982239 11.77638721
v -92.32462311 -54.95732880 11.79354477
v -92.18996429 -54.98599625 11.39333248
v -92.12094879 -54.93442917 11.41141605
v -91.98777008 -54.91260910 11.01674652
v -91.93549347 -54.84519958 11.03854561
v -91.80577087 -54.77555466 10.65675640
v -91.77460480 -54.69756699 10.68402004
v -91.65007782 -54.58382416 10.32161522
v -91.64252472 -54.50232697 10.35434151
v -91.52464294 -54.34833908 10.01673222
v -91.54090881 -54.26995087 10.05337906
v -91.43080902 -54.07960510 9.74481964
v -91.46952057 -54.01004791 9.78232193
v -91.36790466 -53.78816223 9.50541496
v -91.43417358 -53.72616959 9.54233456
v -91.34162903 -53.47796631 9.29931736
v -91.42584991 -53.43489075 9.32498360
v -91.34261322 -53.16379547 9.11669159
v -91.43717957 -53.14052200 9.12457657
v -91.36343384 -52.84870911 8.95169258
v -91.46015930 -52.84226608 8.93774414
v -91.39591980 -52.53167343 8.80035496
v -92.48487854 -55.00292206 11.74220181
v -92.26895905 -55.01875305 11.37242508
v -92.05520630 -54.96385193 10.99275589
v -91.85599518 -54.84159088 10.62728691
v -91.67887878 -54.65909958 10.28553867
v -91.52973938 -54.42575455 9.97486973
v -91.41220856 -54.15274048 9.69946766
v -91.32714081 -53.85173798 9.46026325
v -91.27355194 -53.53325653 9.25565243
v -91.25715637 -53.20104599 9.08640385
v -91.26821136 -52.86801147 8.94136238
v -91.29901886 -52.53670120 8.81364536
v -91.34140778 -52.20561600 8.69924736
v -92.34443665 -55.03032303 11.32371426
v -92.13319397 -54.99640656 10.96809578
v -91.92186737 -54.89178848 10.59746552
v -91.72710419 -54.72283554 10.24860573
v -91.55628204 -54.49725723 9.93035316
v -91.41500092 -54.22496414 9.64900780
v -91.30638123 -53.91857910 9.40686798
v -91.23093414 -53.58996201 9.20358181
v -91.18749237 -53.24885941 9.03680515
v -91.18170929 -52.89890671 8.90715981
v -91.20326996 -52.55175781 8.80134392
v -91.24436951 -52.20915604 8.71204472
v -91.29703522 -51.86872482 8.63601208
v -92.20400238 -55.00292206 10.90522766
v -91.99886322 -54.92367935 10.56910133
v -91.79145050 -54.77128220 10.21311378
v -91.60259247 -54.55779648 9.88627434
v -91.43941498 -54.29167557 9.59655094
v -91.30705261 -53.98459244 9.34846401
v -91.20822906 -53.64957809 9.14291286
v -91.14324188 -53.29789734 8.97865009
v -91.11069489 -52.93856430 8.85253716
v -91.11592102 -52.57585907 8.76398563
v -91.14822388 -52.21975708 8.69826794
v -91.19992065 -51.87072754 8.64848995
v -91.26322937 -51.52565002 8.61217785
v -92.06524658 -54.92182159 10.49303341
v -91.86748505 -54.80206299 10.18114567
v -91.66548920 -54.60381699 9.84534931
v -91.48392487 -54.34815979 9.54574680
v -91.32949829 -54.04556656 9.28867054
v -91.20697784 -53.70845795 9.07732582
v -91.11882019 -53.34945297 8.91158295
v -91.06506348 -52.97923279 8.78922939
v -91.04382324 -52.60679626 8.70531178
v -91.06024170 -52.23672485 8.65854740
v -91.10351562 -51.87672424 8.63375473
v -91.16606903 -51.52608490 8.62451553
v -91.24007416 -51.18115234 8.62811661
v -91.92986298 -54.78866577 10.09342670
v -91.74059296 -54.63305283 9.80993080
v -91.54544830 -54.39109039 9.49971008
v -91.37233734 -54.09719467 9.23165417
v -91.22764587 -53.76284027 9.01089764
v -91.11587524 -53.40036774 8.83967781
v -91.03919220 -53.02199554 8.71674538
v -90.99707794 -52.63852310 8.63785076
v -90.98733521 -52.25850296 8.59684277
v -91.01512146 -51.88632202 8.59250069
v -91.06955719 -51.52739334 8.60936165
v -91.14292908 -51.18001556 8.64049530
v -91.22740173 -50.84009933 8.68317413
v -91.79953766 -54.60510635 9.71269989
v -91.61968994 -54.41836929 9.46104336
v -91.43260193 -54.13643646 9.18089294
v -91.26898193 -53.80888748 8.94826221
v -91.13497925 -53.44739914 8.76741409
v -91.03481293 -53.06422806 8.63949013
v -90.97003937 -52.67188263 8.56099892
v -90.93975830 -52.28084183 8.52627277
v -90.94168091 -51.89864349 8.52882767
v -90.98097992 -51.52948761 8.56743622
v -91.04644775 -51.17661667 8.62546539
v -91.13031769 -50.83740616 8.69577312
v -91.22502899 -50.50736237 8.77666473
v -91.67589569 -54.37326431 9.35690117
v -91.50603485 -54.16136932 9.13922691
v -91.32809448 -53.84388733 8.89323044
v -91.17499542 -53.48722076 8.69983768
v -91.05258942 -53.10323334 8.56228447
v -90.96450043 -52.70482254 8.47943020
v -90.91184235 -52.30432510 8.44615173
v -90.89356995 -51.91127777 8.45623970
v -90.90731049 -51.53217316 8.50290203
v -90.95793152 -51.17117310 8.58373833
v -91.03401184 -50.82934570 8.68140221
v -91.12805176 -50.50315094 8.78965855
v -91.23276520 -50.18779755 8.90787411
v -91.56028748 -54.09716797 9.03109550
v -91.40080261 -53.86612701 8.84885025
v -91.23310089 -53.51749039 8.64104843
v -91.09148407 -53.13626099 8.49052334
v -90.98120880 -52.73525238 8.39824009
v -90.90543365 -52.32751846 8.36135483
v -90.86508179 -51.92456436 8.37399673
v -90.85896301 -51.53493118 8.42943001
v -90.88432312 -51.16418457 8.51945877
v -90.94577789 -50.81644058 8.64072990
v -91.03205872 -50.49054337 8.77647114
v -91.13593292 -50.18212891 8.92143536
v -91.25016785 -49.88587570 9.07516861
v -91.45400238 -53.78131866 8.74010277
v -91.30516815 -53.53672028 8.59428215
v -91.14874268 -53.16136932 8.42855453
v -91.01920319 -52.76101685 8.32310772
v -90.92134857 -52.34894180 8.27718163
v -90.85811615 -51.93768311 8.28710365
v -90.83022308 -51.53782654 8.34625721
v -90.83604431 -51.15702057 8.44624805
v -90.87253571 -50.79987717 8.57780361
v -90.94433594 -50.47035980 8.73769474
v -91.04040527 -50.16515350 8.90994740
v -91.15353394 -49.87882996 9.08946228
v -91.27649689 -49.60557175 9.27577782
v -91.35834503 -53.43021393 8.48874378
v -91.22026825 -53.17731857 8.37976837
v -91.07576752 -52.78060150 8.25857639
v -90.95866394 -52.36708069 8.19952488
v -90.87351227 -51.94980240 8.20099449
v -90.82301331 -51.54068756 8.25844669
v -90.80738068 -51.14948654 8.36335087
v -90.82462311 -50.78289032 8.50598049
v -90.87174225 -50.44445038 8.67720127
v -90.95339966 -50.13798141 8.87389183
v -91.05858612 -49.85773087 9.08016682
v -91.18009949 -49.59724808 9.29095554
v -91.31098938 -49.35083389 9.50685883
v -91.27447510 -53.04866409 8.28139591
v -91.14685822 -52.79304504 8.20816135
v -91.01471710 -52.38087082 8.13307667
v -90.91038513 -51.96006393 8.12169933
v -90.83818054 -51.54333115 8.17149067
v -90.80024719 -51.14204788 8.27581215
v -90.79635620 -50.76502991 8.42454243
v -90.82450104 -50.41788483 8.60787296
v -90.88175201 -50.10309982 8.81689072
v -90.97252655 -49.82394791 9.04762077
v -91.08586121 -49.57231522 9.28430843
v -91.21486664 -49.34134674 9.52306080
v -91.35289001 -49.12559891 9.76556683
v -91.20310211 -52.64270020 8.12067413
v -91.08547974 -52.38963318 8.08144283
v -90.96611023 -51.96786118 8.05400562
v -90.87486267 -51.54557037 8.09147739
v -90.81548309 -51.13517761 8.18910694
v -90.78960419 -50.74739456 8.33844566
v -90.79693604 -50.38994980 8.52905846
v -90.83547211 -50.06732941 8.75114346
v -90.90208435 -49.78059387 8.99512482
v -91.00093842 -49.53240585 9.25600052
v -91.12145233 -49.31293488 9.51947689
v -91.25707245 -49.11508560 9.78291702
v -91.40129089 -48.93318558 10.04855633
v -91.14480591 -52.21865082 8.00875092
v -91.03665924 -51.97281647 8.00158119
v -90.93044281 -51.54726791 8.02323818
v -90.85221863 -51.12935638 8.10930538
v -90.80519867 -50.73110199 8.25307274
v -90.79087830 -50.36236191 8.44555187
v -90.80890656 -50.02972031 8.67609310
v -90.85704041 -49.73612595 8.93399811
v -90.93195343 -49.48117447 9.20894432
v -91.03784943 -49.26744843 9.49607468
v -91.16458130 -49.08359528 9.78277588
v -91.30581665 -48.92179108 10.06716728
v -91.45507050 -48.77581024 10.35162067
v -91.10016632 -51.78284836 7.94779921
v -91.00090027 -51.54835129 7.97046614
v -90.90783691 -51.12493134 8.04122639
v -90.84223938 -50.71730804 8.17439747
v -90.80711365 -50.33687973 8.36257172
v -90.80384827 -49.99257660 8.59630489
v -90.83178711 -49.68937302 8.86380577
v -90.88840485 -49.42863846 9.15339756
v -90.97054291 -49.20906830 9.45531559
v -91.08245087 -49.03318024 9.76488304
v -91.21433258 -48.88766861 10.07079887
v -91.35996246 -48.76369858 10.37158298
v -91.51308441 -48.65559387 10.67046738
v -91.06962585 -51.34167862 7.93947363
v -90.97832489 -51.12212372 7.98855686
v -90.89808655 -50.70682144 8.10717297
v -90.84469604 -50.31530380 8.28592205
v -90.82100677 -49.95827103 8.51675987
v -90.82801056 -49.64320374 8.78881454
v -90.86472321 -49.37339783 9.08907223
v -90.92872620 -49.14919281 9.40622520
v -91.01704407 -48.96847534 9.73119545
v -91.13381958 -48.83304977 10.05894756
v -91.26956177 -48.72742844 10.37926388
v -91.41835022 -48.64293289 10.69185257
v -91.57417297 -48.57464981 11.00080013
v -91.05307770 -50.90174103 7.98335552
v -90.96871948 -50.70015717 8.05504704
v -90.90095520 -50.29890442 8.22023582
v -90.85936737 -49.92922211 8.44301796
v -90.84635162 -49.60055923 8.71370029
v -90.86249542 -49.31884766 9.01987457
v -90.90686035 -49.08624268 9.34868908
v -90.97717285 -48.90211487 9.68935871
v -91.07049561 -48.76293945 10.03301334
v -91.19078827 -48.66936493 10.37389183
v -91.32909393 -48.60501862 10.70379734
v -91.47983551 -48.56161880 11.02366257
v -91.63715363 -48.53447342 11.33820915
v -91.05026245 -50.46968460 8.07850647
v -90.97184753 -50.28848267 8.16908836
v -90.91621399 -49.90713882 8.37954235
v -90.88571930 -49.56444931 8.64371109
v -90.88227081 -49.26845932 8.95011044
v -90.90643311 -49.02407074 9.28619576
v -90.95734406 -48.83234406 9.63944817
v -91.03274536 -48.69104004 9.99912834
v -91.12968445 -48.59483719 10.35627556
v -91.25215149 -48.54432678 10.70525074
v -91.39176941 -48.52259827 11.04002666
v -91.54322815 -48.52126312 11.36257935
v -91.70077515 -48.53505325 11.67798996
v -91.06093597 -50.05216217 8.22398758
v -90.98748779 -49.89311218 8.32979870
v -90.94333649 -49.53700256 8.58308792
v -90.92285156 -49.22579575 8.88465309
v -90.92787170 -48.96664810 9.22262478
v -90.95893860 -48.76343918 9.58448505
v -91.01516724 -48.61544037 9.95757866
v -91.09423065 -48.51840210 10.33092022
v -91.19339752 -48.46642303 10.69639492
v -91.31671143 -48.46013260 11.04855728
v -91.45636749 -48.48169327 11.38346100
v -91.60725403 -48.52184296 11.70387936
v -91.76376343 -48.57612991 12.01539326
v -91.08471680 -49.65560913 8.41837311
v -91.01509094 -49.51956558 8.53515625
v -90.98139191 -49.19336700 8.82747555
v -90.96985626 -48.91802979 9.16241169
v -90.98223114 -48.69979477 9.52787018
v -91.01896667 -48.54078293 9.91087341
v -91.07904816 -48.43803787 10.29833889
v -91.16034698 -48.38652802 10.68002415
v -91.26039886 -48.37995529 11.04878521
v -91.38324738 -48.41834641 11.39922333
v -91.52161407 -48.48228073 11.72931099
v -91.67063904 -48.56311035 12.04279137
v -91.82483673 -48.65745544 12.34567165
v -91.12068939 -49.28562164 8.65827274
v -91.05373383 -49.17276382 8.78173256
v -91.02946472 -48.88107300 9.10922146
v -91.02580261 -48.64590836 9.47354603
v -91.04431152 -48.47182465 9.86188412
v -91.08522034 -48.35867691 10.26049137
v -91.14769745 -48.30252457 10.65688992
v -91.22984314 -48.29772949 11.04172897
v -91.32942200 -48.33704376 11.40873337
v -91.45044708 -48.41894913 11.75235653
v -91.58621216 -48.52410889 12.07274055
v -91.73210907 -48.64480591 12.37454510
v -91.88275909 -48.77835846 12.66419792
v -91.16781616 -48.94759750 8.93980694
v -91.10248566 -48.85759354 9.06601143
v -91.08660889 -48.60494614 9.42483425
v -91.08960724 -48.41343689 9.81401825
v -91.11275482 -48.28537369 10.21968269
v -91.15637207 -48.21956635 10.62837029
v -91.21981812 -48.21127701 11.02838898
v -91.30141449 -48.25366211 11.41119671
v -91.39912415 -48.33766174 11.77121449
v -91.51698303 -48.46167374 12.10301781
v -91.64886475 -48.60691452 12.40891457
v -91.79041290 -48.76625824 12.69449329
v -91.93641663 -48.93666077 12.96678638
v -91.22505951 -48.64691925 9.25909901
v -91.16039276 -48.57892609 9.38446808
v -91.15172577 -48.36905289 9.77021503
v -91.15991211 -48.22330475 10.17874336
v -91.18621826 -48.14294434 10.59617996
v -91.23108673 -48.12590027 11.00954247
v -91.29407501 -48.16598892 11.40786457
v -91.37368774 -48.25429535 11.78326511
v -91.46814728 -48.38153839 12.13115692
v -91.58153534 -48.54626083 12.44626713
v -91.70831299 -48.73002243 12.73312187
v -91.84442902 -48.92528534 12.99843216
v -91.98470306 -49.12984085 13.24935436
v -91.29129791 -48.38856125 9.61193752
v -91.22634888 -48.34085846 9.73296738
v -91.22344208 -48.17612076 10.14020538
v -91.23532104 -48.07806015 10.56253624
v -91.26332092 -48.04703903 10.98628616
v -91.30799103 -48.07941055 11.39890289
v -91.36904907 -48.16664124 11.79001331
v -91.44525909 -48.29935837 12.15272617
v -91.53512573 -48.46841049 12.48348808
v -91.64280701 -48.67201233 12.77729225
v -91.76341248 -48.89121246 13.04110146
v -91.89305878 -49.11934662 13.28225803
v -92.02653503 -49.35538101 13.50781822
v -91.36503601 -48.17582703 9.99279308
v -91.29895782 -48.14614868 10.10630226
v -91.30033875 -48.02873993 10.52954197
v -91.31445312 -47.98026657 10.96020699
v -91.34267426 -47.99944305 11.38477516
v -91.38562775 -48.08008194 11.79100704
v -91.44329834 -48.21294785 12.16948318
v -91.51473999 -48.38856888 12.51437187
v -91.59874725 -48.59755707 12.82326508
v -91.69963837 -48.83666611 13.09174252
v -91.81304932 -49.08791351 13.32869625
v -91.93519592 -49.34591293 13.54187012
v -92.06086731 -49.61054611 13.73829556
v -91.44471741 -48.01160431 10.39580154
v -91.37680054 -47.99740982 10.49916267
v -91.38101196 -47.92950439 10.93296242
v -91.39587402 -47.93172836 11.36642551
v -91.42277527 -48.00012589 11.78607464
v -91.46253204 -48.12761307 12.18036079
v -91.51540375 -48.30462265 12.54092121
v -91.58076477 -48.52119827 12.86312389
v -91.65780640 -48.76665497 13.14601898
v -91.75089264 -49.03759384 13.38536835
v -91.85610962 -49.31756210 13.59174633
v -91.96980286 -49.60224533 13.77336788
v -92.08695221 -49.89148331 13.93798923
v -91.52875519 -47.89877701 10.81510258
v -91.45845032 -47.89725876 10.90623474
v -91.46401215 -47.88025665 11.34505653
v -91.47806549 -47.93242645 11.77551079
v -91.50212860 -48.04879379 12.18455791
v -91.53722382 -48.22172165 12.56146908
v -91.58395386 -48.44091034 12.89911079
v -91.64210510 -48.69485474 13.19439411
v -91.71113586 -48.97300720 13.44738674
v -91.79543304 -49.27217865 13.65392303
v -91.89153290 -49.57738113 13.82629967
v -91.99612427 -49.88446426 13.97394085
v -92.10413361 -50.19396973 14.10446453
v -91.61557007 -47.83969879 11.24473000
v -91.54244995 -47.84755707 11.32206249
v -91.54779053 -47.88096619 11.76005936
v -91.55948639 -47.98205566 12.18172359
v -91.57921600 -48.14514542 12.57459831
v -91.60827637 -48.36162567 12.92897797
v -91.64769745 -48.61936188 13.23933506
v -91.69755554 -48.90676880 13.50370216
v -91.75756073 -49.21392441 13.72300625
v -91.83216858 -49.53757477 13.89336872
v -91.91855621 -49.86343765 14.02950859
v -92.01350403 -50.18832779 14.14114475
v -92.11176300 -50.51377106 14.23528576
v -91.70343781 -47.83456039 11.67830372
v -91.62723541 -47.84827423 11.74082470
v -91.63078308 -47.93132782 12.17214870
v -91.63860321 -48.08031082 12.57932854
v -91.65257263 -48.28839111 12.95071507
v -91.67438507 -48.54480743 13.27804470
v -91.70539093 -48.83712387 13.55699158
v -91.74592590 -49.15418243 13.78656769
v -91.79598236 -49.48648834 13.96873188
v -91.86032104 -49.82978058 14.10079670
v -91.93652344 -50.17143631 14.19889355
v -92.02128601 -50.50959015 14.27253151
v -92.10923767 -50.84660721 14.32818699
v -91.79062653 -47.88301849 12.10934258
v -91.71122742 -47.89910126 12.15664673
v -91.71144104 -48.03102875 12.57550240
v -91.71391296 -48.22638321 12.96273327
v -91.72087097 -48.47594452 13.30795002
v -91.73428345 -48.76834869 13.60394478
v -91.75579834 -49.09136581 13.84747410
v -91.78607178 -49.43409348 14.03873158
v -91.82558441 -49.78658295 14.18157387
v -91.87921906 -50.14439774 14.27367306
v -91.94475555 -50.49706650 14.33197403
v -92.01885986 -50.84394455 14.36582565
v -92.09629822 -51.18777084 14.38226414
v -91.87539673 -47.98472595 12.53136253
v -91.79286194 -47.99972153 12.56365299
v -91.78823090 -48.17924881 12.96444988
v -91.78406525 -48.41763687 13.32688522
v -91.78280640 -48.70482254 13.64146423
v -91.78671265 -49.02933502 13.90195179
v -91.79776001 -49.37900543 14.10641003
v -91.81716919 -49.74227905 14.25712776
v -91.84568787 -50.10969162 14.35893345
v -91.88818359 -50.47702408 14.40946579
v -91.94264221 -50.83597183 14.42644405
v -92.00598145 -51.18666458 14.42011833
v -92.07289886 -51.53234863 14.39726925
v -91.95605469 -48.13882065 12.93803215
v -91.87059784 -48.14930344 12.95612049
v -91.85979462 -48.37331772 13.33385849
v -91.84773254 -48.65103149 13.66684723
v -91.83709717 -48.97203827 13.94642067
v -91.83045959 -49.32460022 14.16757393
v -91.83041382 -49.69569397 14.33064461
v -91.83850098 -50.07409668 14.43908310
v -91.85558319 -50.45129776 14.49820709
v -91.88657379 -50.82321167 14.50581837
v -91.92993927 -51.18335724 14.48138237
v -91.98258972 -51.53281403 14.43516064
v -92.03896332 -51.87541962 14.37295818
v -91.94305420 -48.34516144 13.32886982
v -92.03106689 -48.34238052 13.32362366
v -92.00887299 -48.58416748 13.67684841
v -92.09893036 -48.59196091 13.68256283
v -92.06669617 -48.86321259 13.99500275
v -92.15816498 -48.88412094 14.00927353
v -92.11524200 -49.17890930 14.27852917
v -92.20737457 -49.21503067 14.29855633
v -92.15358734 -49.52650070 14.52396870
v -92.24555206 -49.57930374 14.54670906
v -92.18091583 -49.90074539 14.72830963
v -92.27182770 -49.97117233 14.75040913
v -92.19642639 -50.29641724 14.88853836
v -92.28530121 -50.38486099 14.90633202
v -92.19936371 -50.70821381 15.00185394
v -92.28520966 -50.81444168 15.01165009
v -92.18943024 -51.13031769 15.06713676
v -92.27133942 -51.25335693 15.06553268
v -92.16654968 -51.55664062 15.08407784
v -92.24359894 -51.69490051 15.06764603
v -92.13063049 -51.98109818 15.05237484
v -92.20189667 -52.13235474 15.01765728
v -92.08162689 -52.39764404 14.97185040
v -92.14628601 -52.55912018 14.91575336
v -92.01992798 -52.80054092 14.84392357
v -92.07736969 -52.96902084 14.76420307
v -91.94619751 -53.18429184 14.67110062
v -91.99589539 -53.35598373 14.56579399
v -91.86111450 -53.54339218 14.45590973
v -91.90261078 -53.71394348 14.32331657
v -91.76536560 -53.87238693 14.20093155
v -91.79837799 -54.03717041 14.03996086
v -91.65993500 -54.16672897 13.90981293
v -91.68447876 -54.32131195 13.72053051
v -91.54608154 -54.42274475 13.58723068
v -91.56230927 -54.56234741 13.37023067
v -91.42504883 -54.63679123 13.23790073
v -91.43326569 -54.75625992 12.99426556
v -91.29812622 -54.80525970 12.86655045
v -91.29878998 -54.89954758 12.59804440
v -91.16668701 -54.92565155 12.47835445
v -91.16055298 -54.99073029 12.18778801
v -91.03227997 -54.99698639 12.07909393
v -91.02027893 -55.02883148 11.76991844
v -90.89646912 -55.01838303 11.67458820
v -90.87967682 -55.01288605 11.35085964
v -90.76081085 -54.98897552 11.27065945
v -90.74047089 -54.94245911 10.93698406
v -90.62684631 -54.90882111 10.87303925
v -90.60430908 -54.81925964 10.53446007
v -90.49606323 -54.77976608 10.48728943
v -90.47282410 -54.64554214 10.14940453
v -90.36994171 -54.60384369 10.11895561
v -90.34766388 -54.42355347 9.78793430
v -90.24997711 -54.38309097 9.77357960
v -90.23037720 -54.15599823 9.45587158
v -90.13754272 -54.12014389 9.45632267
v -90.12221527 -53.84741592 9.15785980
v -90.03375244 -53.81924820 9.17130184
v -90.02434540 -53.50278854 8.89824677
v -89.93964386 -53.48492813 8.92245770
v -89.93792725 -53.12711334 8.68138218
v -89.85629272 -53.12170410 8.71372890
v -89.78463745 -52.73433304 8.54863930
v -89.71360016 -52.72242737 8.59926319
v -89.65444183 -52.32028580 8.48082829
v -89.59844971 -52.30738068 8.54750443
v -89.55206299 -51.89879227 8.47672844
v -89.51522827 -51.88971710 8.55618763
v -89.48165894 -51.48265839 8.53324795
v -89.46649933 -51.48143005 8.62024021
v -89.44552612 -51.08314514 8.64430046
v -89.45262909 -51.09210587 8.73170662
v -89.44343567 -50.70879745 8.79974556
v -89.47161865 -50.72816849 8.88086510
v -89.47322845 -50.36495209 8.98921204
v -89.52033997 -50.39291000 9.05806828
v -89.53184509 -50.05386353 9.20335579
v -89.60334015 -50.09003830 9.25974941
v -89.62384033 -49.77904129 9.43860626
v -89.70973969 -49.81376266 9.47057247
v -89.73834229 -49.53213120 9.67965794
v -89.83246613 -49.55760193 9.68587589
v -89.86843109 -49.30593872 9.92244625
v -89.96450806 -49.31558609 9.90608120
v -90.00739288 -49.09479523 10.16848469
v -89.86400604 -52.72562790 8.51115417
v -89.72516632 -52.32848740 8.42904949
v -89.60774994 -51.90568924 8.40890694
v -89.51833344 -51.48369598 8.45320034
v -89.46079254 -51.07486725 8.55771923
v -89.43676758 -50.68967056 8.71396160
v -89.44579315 -50.33555603 8.91089344
v -89.48573303 -50.01676559 9.13823223
v -89.55359650 -49.73447037 9.38685608
v -89.65360260 -49.49135590 9.65203667
v -89.77514648 -49.27704239 9.91935349
v -89.91162872 -49.08413696 10.18601513
v -90.05661774 -48.90730667 10.45452976
v -89.80313110 -52.30459595 8.38961506
v -89.67827606 -51.91007233 8.35640240
v -89.57389832 -51.48448944 8.38493156
v -89.49755859 -51.06785583 8.47801876
v -89.45243835 -50.67200089 8.62887859
v -89.43986511 -50.30652618 8.82787609
v -89.45935059 -49.97776031 9.06383705
v -89.50875854 -49.68875885 9.32649422
v -89.58485413 -49.43901825 9.60586357
v -89.69174957 -49.23078537 9.89673519
v -89.81928253 -49.05222702 10.18641472
v -89.96118927 -48.89579391 10.47333431
v -90.11111450 -48.75560760 10.76027393
v -89.75572968 -51.87053680 8.31835461
v -89.64435577 -51.48498917 8.33214188
v -89.55319977 -51.06253052 8.41001511
v -89.48954010 -50.65703964 8.55044937
v -89.45622253 -50.27971268 8.74534798
v -89.45446014 -49.93923950 8.98469448
v -89.48371124 -49.64070129 9.25710678
v -89.54154968 -49.38534546 9.55122089
v -89.62471771 -49.17141724 9.85698223
v -89.73738098 -49.00114059 10.16938782
v -89.86986542 -48.86132050 10.47754860
v -90.01605988 -48.74340057 10.78044224
v -90.16969299 -48.64136124 11.08125019
v -89.72222900 -51.42996216 8.29896545
v -89.62369537 -51.05914688 8.35739422
v -89.54544067 -50.64566803 8.48341179
v -89.49390411 -50.25700760 8.66908264
v -89.47177887 -49.90365601 8.90574551
v -89.48014832 -49.59323883 9.18290901
v -89.51811218 -49.32891083 9.48784637
v -89.58317566 -49.11052704 9.80892467
v -89.67227173 -48.93556976 10.13681030
v -89.78960419 -48.80613327 10.46662998
v -89.92582703 -48.70685577 10.78874207
v -90.07501984 -48.62863541 11.10285187
v -90.23115540 -48.56621552 11.41297722
v -89.70290375 -50.98938370 8.33250809
v -89.61610413 -50.63844299 8.43140411
v -89.55024719 -50.23975372 8.60369205
v -89.51027679 -49.87353134 8.83251190
v -89.49868774 -49.54940033 9.10852623
v -89.51614380 -49.27317810 9.41958809
v -89.56159973 -49.04650879 9.75247478
v -89.63270569 -48.86832047 10.09611225
v -89.72659302 -48.73529816 10.44189262
v -89.84731293 -48.64834595 10.78436184
v -89.98593903 -48.59052658 11.11544418
v -90.13687897 -48.55315018 11.43606186
v -90.29429626 -48.53178024 11.75096989
v -89.69748688 -50.55532455 8.41792297
v -89.62119293 -50.22879028 8.55273056
v -89.56723022 -49.85063171 8.76942539
v -89.53822327 -49.51228333 9.03915977
v -89.53614807 -49.22169876 9.35069180
v -89.56146240 -48.98328400 9.69105434
v -89.61319733 -48.79761505 10.04739952
v -89.68917847 -48.66265106 10.40923405
v -89.78655243 -48.57325363 10.76801682
v -89.90927124 -48.52951813 11.11793518
v -90.04898834 -48.51401520 11.45309353
v -90.20043182 -48.51855469 11.77556515
v -90.35788727 -48.53854370 12.09063911
v -89.70553589 -50.13429260 8.55361748
v -89.63856506 -49.83608627 8.71992779
v -89.59596252 -49.48406601 8.97901344
v -89.57692719 -49.17811203 9.28596973
v -89.58316040 -48.92488861 9.62847328
v -89.61510468 -48.72779083 9.99361992
v -89.67194366 -48.58626938 10.36897373
v -89.75144958 -48.49623871 10.74396515
v -89.85087585 -48.45121765 11.11041164
v -89.97422791 -48.45136261 11.46269131
v -90.11374664 -48.47894669 11.79712296
v -90.26442719 -48.52535248 12.11675358
v -90.42066956 -48.58585739 12.42728329
v -89.72663116 -49.73280716 8.73799896
v -89.66780090 -49.46614456 8.93138313
v -89.63562012 -49.14498138 9.22935200
v -89.62537384 -48.87544250 9.56909752
v -89.63870239 -48.66329956 9.93809795
v -89.67608643 -48.51083755 10.32354355
v -89.73663330 -48.41526413 10.71275520
v -89.81819153 -48.37091064 11.09540558
v -89.91827393 -48.37094879 11.46428967
v -90.04092407 -48.41554642 11.81396580
v -90.17896271 -48.48583603 12.14285851
v -90.32760620 -48.57287598 12.45490265
v -90.48137665 -48.67300034 12.75619984
v -89.76022339 -49.35713196 8.96901798
v -89.70806122 -49.12393188 9.18396473
v -89.68515015 -48.83785629 9.51654434
v -89.68251038 -48.60868835 9.88469791
v -89.70174408 -48.44116592 10.27573204
v -89.74317169 -48.33529663 10.67626190
v -89.80592346 -48.28647995 11.07370663
v -89.88809967 -48.28848267 11.45864010
v -89.98746490 -48.33416367 11.82486153
v -90.10809326 -48.42258072 12.16698170
v -90.24335480 -48.53400803 12.48551559
v -90.38871002 -48.66041946 12.78528881
v -90.53875732 -48.79925156 13.07268810
v -89.80527496 -49.01250458 9.24278450
v -89.75827789 -48.81397629 9.47373867
v -89.74350739 -48.56717300 9.83668518
v -89.74730682 -48.38217163 10.22886086
v -89.77104187 -48.26143265 10.63670540
v -89.81497955 -48.20309448 11.04660606
v -89.87846375 -48.20177460 11.44677734
v -89.95983887 -48.25070572 11.82874775
v -90.05713654 -48.34139252 12.18722343
v -90.17441559 -48.47179031 12.51685333
v -90.30564117 -48.62274170 12.82030201
v -90.44647217 -48.78724670 13.10318947
v -90.59163666 -48.96302414 13.37239361
v -89.86061096 -48.70392227 9.55495071
v -89.81740570 -48.54080200 9.79676533
v -89.80963135 -48.33732605 10.18581104
v -89.81848145 -48.19889069 10.59682369
v -89.84517670 -48.12607574 11.01572514
v -89.89012909 -48.11614227 11.42939091
v -89.95290375 -48.16295242 11.82691193
v -90.03208160 -48.25812531 12.20069408
v -90.12593842 -48.39192581 12.54635525
v -90.23858643 -48.56243134 12.85868645
v -90.36453247 -48.75129700 13.14243507
v -90.49971008 -48.95176697 13.40423203
v -90.63899231 -49.16147614 13.65146446
v -89.92507172 -48.43636703 9.90116787
v -89.88437653 -48.30883789 10.14904308
v -89.88222504 -48.15135193 10.55908775
v -89.89457703 -48.06086349 10.98318958
v -89.92272186 -48.03704834 11.40748215
v -89.96720886 -48.07629013 11.81942654
v -90.02783966 -48.17057800 12.20893478
v -90.10343170 -48.31002426 12.56932354
v -90.19253540 -48.48501587 12.89723110
v -90.29929352 -48.69374466 13.18759251
v -90.41884613 -48.91805267 13.44747925
v -90.54739380 -49.15112305 13.68454456
v -90.67979431 -49.39166641 13.90608788
v -89.99741364 -48.21437836 10.27679157
v -89.95787811 -48.12115097 10.52569485
v -89.95982361 -48.01129532 10.95103741
v -89.97416687 -47.97007751 11.38254452
v -90.00225830 -47.99624634 11.80666351
v -90.04481506 -48.08412170 12.21140099
v -90.10186768 -48.22391129 12.58754921
v -90.17250824 -48.40562057 12.92947388
v -90.25556946 -48.61987686 13.23483276
v -90.35532379 -48.86408615 13.49904442
v -90.46752167 -49.12012482 13.73151207
v -90.58850098 -49.38236237 13.94029808
v -90.71302795 -49.65064621 14.13245296
v -90.07607269 -48.04066086 10.67600155
v -90.03643036 -47.97980499 10.92119312
v -90.04095459 -47.91917419 11.35616779
v -90.05577850 -47.92847061 11.78946972
v -90.08232880 -48.00426102 12.20782948
v -90.12148285 -48.13886642 12.59987640
v -90.17355347 -48.32214355 12.95745087
v -90.23793793 -48.54411697 13.27599144
v -90.31380463 -48.79481506 13.55450726
v -90.40560150 -49.07049561 13.78903198
v -90.50953674 -49.35450745 13.99065208
v -90.62200165 -49.64252853 14.16766548
v -90.73780823 -49.93502808 14.32728195
v -90.15940857 -47.91746140 11.09267998
v -90.11854553 -47.88683701 11.32999229
v -90.12414551 -47.87695694 11.76898003
v -90.13793182 -47.93664551 12.19841957
v -90.16143799 -48.06031799 12.60541344
v -90.19575500 -48.23970795 12.97940922
v -90.24149323 -48.46446228 13.31334400
v -90.29843140 -48.72377396 13.60409832
v -90.36613464 -49.00679779 13.85213947
v -90.44906616 -49.30991745 14.05359268
v -90.54383850 -49.61821365 14.22101879
v -90.64701080 -49.92820740 14.36335278
v -90.75355530 -50.24047852 14.48839474
v -90.24578857 -47.84703445 11.52070999
v -90.20273590 -47.84422684 11.74654484
v -90.20788574 -47.88525009 12.18384743
v -90.21910095 -47.99380493 12.60371590
v -90.23809052 -48.16356659 12.99384022
v -90.26617432 -48.38580322 13.34456062
v -90.30435944 -48.64907837 13.65031815
v -90.35285187 -48.94147110 13.90956974
v -90.41146088 -49.25268173 14.12365627
v -90.48465729 -49.57928467 14.28876209
v -90.56954193 -49.90777588 14.41927433
v -90.66294861 -50.23505402 14.52516937
v -90.75971985 -50.56255722 14.61374760
v -90.33356476 -47.83108902 11.95392227
v -90.28748322 -47.85259628 12.16516972
v -90.29063416 -47.94324875 12.59500599
v -90.29777527 -48.09909058 12.99967384
v -90.31080627 -48.31314468 13.36754417
v -90.33139038 -48.57531357 13.69029140
v -90.36100006 -48.87278366 13.96403122
v -90.40009308 -49.19398499 14.18822193
v -90.44869995 -49.52932358 14.36498928
v -90.51145172 -49.87507248 14.49112988
v -90.58603668 -50.21879578 14.58319950
v -90.66925812 -50.55859756 14.65106297
v -90.75575256 -50.89681244 14.70129967
v -90.42101288 -47.86919022 12.38594627
v -90.37122345 -47.91112900 12.58005333
v -90.37083435 -48.05007935 12.99668980
v -90.37242889 -48.25162506 13.38061810
v -90.37818146 -48.50717926 13.72136402
v -90.39020538 -48.80495453 14.01214504
v -90.41024780 -49.13226700 14.25018597
v -90.43903351 -49.47808456 14.43587685
v -90.47691345 -49.83309555 14.57263565
v -90.52886200 -50.19277573 14.65842819
v -90.59278107 -50.54674530 14.71071243
v -90.66539001 -50.89437866 14.73898315
v -90.74124908 -51.23869705 14.74950790
v -90.50642395 -47.96037292 12.81035709
v -90.45240784 -48.01894379 12.98537350
v -90.44696045 -48.20485687 13.38313675
v -90.44164276 -48.44948959 13.74128628
v -90.43901825 -48.74230194 14.05073547
v -90.44144440 -49.07131958 14.30570793
v -90.45096588 -49.42420959 14.50448704
v -90.46869659 -49.79004669 14.64893532
v -90.49548340 -50.15937424 14.74426556
v -90.53630066 -50.52776718 14.78853416
v -90.58921051 -50.88709259 14.79973507
v -90.65093231 -51.23782349 14.78738022
v -90.71618652 -51.58335495 14.75833797
v -90.58808136 -48.10366058 13.22073269
v -90.52946472 -48.17514801 13.37531757
v -90.51757050 -48.40563202 13.74900913
v -90.50418091 -48.68925095 14.07702255
v -90.49208832 -49.01502228 14.35114193
v -90.48391724 -49.37100601 14.56657219
v -90.48215485 -49.74478149 14.72323704
v -90.48844910 -50.12511826 14.82500839
v -90.50380707 -50.50341034 14.87769890
v -90.53320312 -50.87542725 14.87932205
v -90.57490540 -51.23521042 14.84869766
v -90.62587738 -51.58405685 14.79621887
v -90.68064880 -51.92587280 14.72803211
v -90.66429901 -48.29757690 13.61085129
v -90.60096741 -48.37777328 13.74449635
v -90.58140564 -48.64892578 14.08958340
v -90.55879974 -48.96735764 14.38322258
v -90.53618622 -49.32186127 14.61806870
v -90.51661682 -49.70008087 14.79094315
v -90.50315857 -50.08910370 14.90398121
v -90.49769592 -50.47843170 14.96185398
v -90.50131989 -50.86045837 14.97075272
v -90.51913452 -51.23102570 14.92918873
v -90.54985809 -51.58615112 14.85756302
v -90.59028625 -51.92813492 14.76574326
v -90.63468170 -52.26132584 14.65883446
v -90.73365021 -48.53861237 13.97530556
v -90.66561890 -48.62330627 14.08814526
v -90.63720703 -48.93112564 14.40018749
v -90.60427856 -49.28025055 14.65528297
v -90.57027435 -49.65879059 14.84763145
v -90.53885651 -50.05353546 14.97629929
v -90.51336670 -50.45216751 15.04441452
v -90.49582672 -50.84510422 15.05723190
v -90.48757172 -51.22565460 15.02178097
v -90.49410248 -51.58950806 14.93809795
v -90.51413727 -51.93491364 14.82657909
v -90.54422760 -52.26512146 14.69619846
v -90.57844543 -52.58491135 14.55132198
v -90.79472351 -48.82275009 14.30889034
v -90.72217560 -48.90810776 14.40154648
v -90.68373108 -49.24862671 14.67615032
v -90.63954163 -49.62383270 14.88924217
v -90.59365845 -50.02068329 15.03724670
v -90.55001068 -50.42623138 15.12027550
v -90.51215363 -50.82896042 15.14223576
v -90.48239899 -51.22014999 15.10945129
v -90.46254730 -51.59381485 15.03074551
v -90.45816040 -51.94576263 14.90630150
v -90.46779633 -52.27648163 14.75599575
v -90.48786163 -52.59018326 14.58816433
v -90.51249695 -52.89226913 14.40752602
v -90.84613037 -49.14597702 14.60639954
v -90.76935577 -49.22853088 14.67998791
v -90.71989441 -49.59725952 14.91345215
v -90.66389465 -49.99287033 15.08246613
v -90.60569000 -50.40227509 15.18449593
v -90.54944611 -50.81301880 15.22050953
v -90.49906158 -51.21435547 15.19570637
v -90.45738983 -51.59823227 15.11847210
v -90.42632294 -51.95968628 14.99790573
v -90.41137695 -52.29467010 14.83405399
v -90.41101074 -52.60596466 14.64639854
v -90.42172241 -52.89894104 14.44368172
v -90.43746948 -53.17917252 14.22988415
v -90.88658905 -49.50393677 14.86303139
v -90.80608368 -49.58037949 14.91941261
v -90.74497986 -49.97172546 15.10941982
v -90.67666626 -50.38198853 15.23248672
v -90.60572052 -50.79829407 15.28695774
v -90.53668213 -51.20863724 15.27521706
v -90.47406769 -51.60287857 15.20478725
v -90.42088318 -51.97396851 15.08456135
v -90.37896729 -52.31801605 14.92352295
v -90.35391235 -52.63123322 14.72195435
v -90.34431458 -52.91892624 14.49985695
v -90.34647369 -53.18715286 14.26519680
v -90.35403442 -53.44139099 14.02082920
v -90.91523743 -49.89089966 15.07559490
v -90.83164215 -49.95829391 15.11712360
v -90.75831604 -50.36657333 15.26154804
v -90.67720795 -50.78582764 15.33683681
v -90.59326172 -51.20335770 15.34280872
v -90.51170349 -51.60746384 15.28435707
v -90.43725586 -51.98898315 15.16975212
v -90.37294006 -52.34195709 15.00798893
v -90.32064819 -52.66366196 14.80821133
v -90.28633881 -52.95091629 14.57211685
v -90.26839447 -53.21105957 14.31885052
v -90.26277161 -53.45057297 14.05515766
v -90.26287079 -53.67486954 13.78295994
v -90.93132782 -50.30080032 15.24129963
v -90.84533691 -50.35677719 15.27059078
v -90.75923920 -50.77634811 15.36733246
v -90.66500854 -51.19888306 15.39365387
v -90.56829834 -51.61170197 15.35200310
v -90.47459412 -52.00381088 15.24821091
v -90.38869476 -52.36713028 15.09087563
v -90.31373596 -52.69692230 14.88938427
v -90.25194550 -52.99197769 14.65414333
v -90.20933533 -53.24932480 14.38707542
v -90.18389893 -53.47806168 14.10586071
v -90.17131042 -53.68511581 13.81617165
v -90.16497040 -53.87664413 13.51993370
v -90.93412018 -50.72756577 15.35735798
v -90.84650421 -50.77032852 15.37728691
v -90.74723053 -51.19548035 15.42488384
v -90.64006042 -51.61528778 15.40289307
v -90.53091431 -52.01750946 15.31483078
v -90.42543030 -52.39198685 15.16706181
v -90.32856750 -52.73189163 14.96880817
v -90.24386597 -53.03408813 14.73097801
v -90.17354584 -53.29844284 14.46392059
v -90.12357330 -53.52206421 14.16936111
v -90.09154510 -53.71579361 13.86353016
v -90.07307434 -53.88780975 13.55191326
v -90.06142426 -54.04418945 13.23583221
v -90.92299652 -51.16501999 15.42150021
v -90.83462524 -51.19332123 15.43530464
v -90.72229767 -51.61801529 15.43415737
v -90.60243988 -52.02910614 15.36485195
v -90.48118591 -52.41495132 15.23158169
v -90.36437988 -52.76642609 15.04157352
v -90.25747681 -53.07836533 14.80584145
v -90.16404724 -53.34881592 14.53544235
v -90.08616638 -53.57854462 14.24014378
v -90.02978516 -53.76490784 13.92167664
v -89.99232483 -53.92124557 13.59558392
v -89.96916962 -54.05611801 13.26648426
v -89.95332336 -54.17498398 12.93474007
v -90.89791870 -51.60656357 15.43354130
v -90.80969238 -51.61974716 15.44459915
v -90.68450165 -52.03791809 15.39545250
v -90.55223083 -52.43439102 15.27982235
v -90.41928864 -52.79832458 15.10293484
v -90.29208374 -53.12208939 14.87410164
v -90.17616272 -53.40177917 14.60471916
v -90.07499695 -53.63646698 14.30544758
v -89.99053192 -53.82794189 13.98558807
v -89.92898560 -53.97476959 13.64782619
v -89.88735199 -54.09184265 13.30617809
v -89.86069489 -54.18751144 12.96398640
v -89.84177399 -54.26664352 12.62077999
v -90.85896301 -52.04548264 15.39381218
v -90.77178192 -52.04351807 15.40547466
v -90.63393402 -52.44916916 15.30907059
v -90.48962402 -52.82533646 15.14850235
v -90.34587860 -53.16247559 14.93130112
v -90.20928955 -53.45408249 14.66746235
v -90.08535767 -53.69737244 14.36818790
v -89.97747803 -53.89258957 14.04384422
v -89.88770294 -54.04347229 13.70415878
v -89.82231140 -54.14903641 13.35205555
v -89.77774811 -54.22502518 12.99947262
v -89.74875641 -54.27959061 12.64856339
v -89.72798920 -54.31813431 12.29847240
v -90.72098541 -52.45855713 15.31823349
v -90.80622864 -52.47505951 15.30264854
v -90.65748596 -52.85890961 15.18358898
v -90.73992920 -52.88874817 15.16088009
v -90.58195496 -53.23918533 15.00405502
v -90.66083527 -53.28061676 14.97133446
v -90.49520111 -53.59415436 14.78264523
v -90.56982422 -53.64488983 14.73733521
v -90.39804077 -53.91858292 14.52237129
v -90.46779633 -53.97579956 14.46220684
v -90.29132080 -54.20744705 14.22644424
v -90.35573578 -54.26795959 14.14965057
v -90.17626190 -54.45708847 13.89939022
v -90.23504639 -54.51753998 13.80486584
v -90.05422211 -54.66437531 13.54626179
v -90.10720825 -54.72109985 13.43342781
v -89.92654419 -54.82620239 13.17211151
v -89.97373199 -54.87519455 13.04091263
v -89.79460144 -54.93960953 12.78204155
v -89.83613586 -54.97690201 12.63304710
v -89.65988922 -55.00331497 12.38164330
v -89.69612122 -55.02536011 12.21616268
v -89.52398682 -55.01699448 11.97678947
v -89.55542755 -55.02022171 11.79674244
v -89.38846588 -54.98033142 11.57335377
v -89.41579437 -54.96114349 11.38126850
v -89.25489044 -54.89311218 11.17719460
v -89.27893066 -54.84831619 10.97612190
v -89.12475586 -54.75666428 10.79386997
v -89.14642334 -54.68409348 10.58726788
v -88.99948120 -54.57356644 10.42869949
v -89.01985931 -54.47135925 10.22056675
v -88.88050079 -54.34643936 10.08699417
v -88.90080261 -54.21300125 9.88188267
v -88.76921844 -54.07793045 9.77403927
v -88.79073334 -53.91232300 9.57674503
v -88.66684723 -53.77171707 9.49431419
v -88.69078064 -53.57429886 9.30936432
v -88.57432556 -53.43260956 9.25138378
v -88.60198212 -53.20431137 9.08361912
v -88.49261475 -53.06549835 9.04876328
v -88.52538300 -52.80775833 8.90338802
v -88.42263794 -52.67527008 8.88995647
v -88.46188354 -52.39023590 8.77206039
v -88.36507416 -52.26722717 8.77749348
v -88.41187286 -51.95817947 8.69106388
v -88.32020569 -51.84734344 8.71236324
v -88.37560272 -51.51824188 8.66133595
v -88.28823853 -51.42163849 8.69541264
v -88.35331726 -51.07707214 8.68381596
v -88.26940918 -50.99614334 8.72748852
v -88.34513092 -50.64126968 8.75892162
v -88.26373291 -50.57680130 8.80865097
v -88.35060883 -50.21722031 8.88499928
v -88.27074432 -50.16938019 8.93717766
v -88.36915588 -49.81125641 9.05987549
v -88.28992462 -49.77961731 9.11110020
v -88.40019989 -49.42970657 9.28137684
v -88.32073975 -49.41325378 9.32845211
v -88.44303131 -49.07860184 9.54689026
v -88.36253357 -49.07569504 9.58678150
v -88.49649048 -48.76275253 9.85203743
v -88.41423035 -48.77124786 9.88204670
v -88.47464752 -48.50398636 10.20988083
v -88.40061951 -48.53069305 10.24934673
v -88.46774292 -48.30676270 10.60219193
v -88.40521240 -48.35204697 10.64446926
v -88.47717285 -48.17530441 11.01538944
v -88.42945862 -48.23830032 11.05420113
v -88.50420380 -48.10999298 11.43551636
v -88.47365570 -48.18738556 11.46508312
v -88.54920197 -48.10743332 11.84937000
v -88.53715515 -48.19329071 11.86529350
v -88.61174774 -48.16095352 12.24602985
v -88.61828613 -48.24876022 12.24636841
v -88.69045258 -48.26271439 12.61804104
v -88.71512604 -48.34585953 12.60315323
v -88.78366089 -48.40311050 12.96127796
v -88.83177185 -48.48267746 12.93042088
v -88.89551544 -48.57968140 13.27064991
v -88.96229553 -48.63963318 13.23124313
v -89.02062225 -48.77376175 13.55128765
v -89.10240173 -48.80941010 13.51143169
v -89.15489960 -48.97905350 13.80970192
v -89.24678040 -48.99018860 13.77767277
v -89.29318237 -49.19368362 14.05319977
v -88.55927277 -48.48665619 10.19199657
v -88.54262543 -48.27799606 10.56591320
v -88.54114532 -48.12741852 10.97846889
v -88.55390930 -48.04446411 11.40409565
v -88.58216095 -48.02813339 11.82881165
v -88.62645721 -48.07424164 12.24002361
v -88.68660736 -48.17529297 12.62777138
v -88.76152802 -48.32150650 12.98563480
v -88.84981537 -48.50273132 13.31050777
v -88.95565033 -48.71669006 13.59742355
v -89.07418823 -48.94571304 13.85352230
v -89.20162964 -49.18347931 14.08645535
v -89.33290100 -49.42851257 14.30377102
v -88.63009644 -48.25481415 10.56194973
v -88.61693573 -48.09699631 10.94559383
v -88.61937714 -47.99465179 11.37279320
v -88.63391113 -47.96098709 11.80501938
v -88.66187286 -47.99414825 12.22862625
v -88.70397949 -48.08896255 12.63171005
v -88.76035309 -48.23571014 13.00532246
v -88.83015442 -48.42381668 13.34409428
v -88.91226196 -48.64344025 13.64591789
v -89.01091003 -48.89233780 13.90600395
v -89.12190247 -49.15291595 14.13394642
v -89.24164581 -49.41937637 14.33813858
v -89.36498260 -49.69137573 14.52585506
v -88.70759583 -48.07125473 10.95683098
v -88.69612885 -47.96300507 11.34348774
v -88.70093536 -47.90994263 11.77951336
v -88.71569061 -47.92633057 12.21258926
v -88.74185944 -48.00922012 12.62949753
v -88.78035736 -48.15097809 13.01909447
v -88.83157349 -48.34084320 13.37348652
v -88.89497375 -48.56831741 13.68836212
v -88.96971130 -48.82382965 13.96264362
v -89.06020355 -49.10399246 14.19230652
v -89.16281128 -49.39202499 14.38896084
v -89.27399445 -49.68344498 14.56120491
v -89.38850403 -49.97894669 14.71597576
v -88.79015350 -47.93809891 11.37059212
v -88.77867126 -47.87751770 11.75389099
v -88.78430176 -47.87477875 12.19297886
v -88.79776764 -47.94169998 12.62123775
v -88.82067108 -48.07271957 13.02596474
v -88.85414886 -48.25889969 13.39684200
v -88.89889526 -48.48933411 13.72706795
v -88.95465851 -48.75357056 14.01344299
v -89.02101898 -49.04119873 14.25648975
v -89.10253906 -49.34823990 14.45265102
v -89.19594574 -49.65968323 14.61496830
v -89.29773712 -49.97232437 14.75216198
v -89.40278625 -50.28720093 14.87164307
v -88.87608337 -47.85699844 11.79693985
v -88.86303711 -47.84202576 12.17110157
v -88.86795807 -47.89037323 12.60753822
v -88.87863922 -48.00645065 13.02539444
v -88.89683533 -48.18321609 13.41256523
v -88.92393494 -48.41133118 13.75961971
v -88.96092987 -48.67969894 14.06093121
v -89.00804138 -48.97679901 14.31502628
v -89.06519318 -49.29204178 14.52367878
v -89.13693237 -49.62165070 14.68336773
v -89.22035980 -49.95249557 14.80843067
v -89.31220245 -50.28198624 14.90850735
v -89.40740967 -50.61152649 14.99123383
v -88.96369934 -47.82959747 12.22958088
v -88.94770050 -47.85776520 12.58941555
v -88.95039368 -47.95607758 13.01753998
v -88.95681000 -48.11912918 13.41948986
v -88.96889496 -48.33928299 13.78383827
v -88.98829651 -48.60674286 14.10215759
v -89.01649475 -48.90908813 14.37065029
v -89.05409241 -49.23440552 14.58923340
v -89.10120392 -49.57283020 14.76043892
v -89.16242218 -49.92075348 14.88083935
v -89.23537445 -50.26637268 14.96680927
v -89.31696320 -50.60779190 15.02861309
v -89.40193939 -50.94728088 15.07315731
v -89.05131531 -47.85699844 12.66222191
v -89.03112793 -47.92407990 13.00313091
v -89.03009033 -48.07041931 13.41733265
v -89.03079987 -48.27827835 13.79795647
v -89.03540039 -48.53936005 14.13438797
v -89.04601288 -48.84222031 14.41991043
v -89.06452179 -49.17380524 14.65223694
v -89.09176636 -49.52276230 14.83219147
v -89.12807465 -49.88000870 14.96305561
v -89.17830658 -50.24137115 15.04247379
v -89.24053955 -50.59660721 15.08845520
v -89.31158447 -50.94507599 15.11087894
v -89.38595581 -51.28982162 15.11584949
v -89.13724518 -47.93809891 13.08856964
v -89.11180115 -48.03947067 13.40654373
v -89.10554504 -48.23191071 13.80126667
v -89.09912109 -48.48230743 14.15528965
v -89.09510803 -48.78045654 14.45955944
v -89.09599304 -49.11395645 14.70878410
v -89.10394287 -49.47012329 14.90171146
v -89.12004852 -49.83822250 15.04008579
v -89.14508057 -50.20928192 15.12887001
v -89.18414307 -50.57870102 15.16658592
v -89.23543549 -50.93848038 15.17174721
v -89.29563904 -51.28918076 15.15373421
v -89.35929871 -51.63440704 15.11872101
v -89.21981049 -48.07125473 13.50233078
v -89.18818665 -48.20244980 13.79395103
v -89.17524719 -48.43893814 14.16375828
v -89.16050720 -48.72816086 14.48674583
v -89.14688873 -49.05867767 14.75516415
v -89.13713837 -49.41813660 14.96469402
v -89.13371277 -49.79428864 15.11515522
v -89.13820648 -50.17637253 15.21018505
v -89.15175629 -50.55572128 15.25614738
v -89.17947388 -50.92792130 15.25152016
v -89.21962738 -51.28726578 15.21509266
v -89.26898193 -51.63534164 15.15658760
v -89.32213593 -51.97618103 15.08238411
v -89.29730988 -48.25481415 13.89721203
v -89.25876617 -48.41138840 14.15971851
v -89.23792267 -48.68841171 14.49999046
v -89.21382141 -49.01187515 14.78805065
v -89.18962860 -49.37011719 15.01701927
v -89.16837311 -49.75090027 15.18361759
v -89.15307617 -50.14177322 15.28975964
v -89.14575195 -50.53215027 15.34070873
v -89.14765930 -50.91436768 15.34318924
v -89.16387177 -51.28419876 15.29564953
v -89.19295502 -51.63813400 15.21789169
v -89.23177338 -51.97867203 15.12005424
v -89.27465820 -52.31026459 15.00752544
v -89.36812592 -48.48665619 14.26716518
v -89.32225037 -48.66315842 14.49898624
v -89.29238892 -48.97629547 14.80562878
v -89.25791168 -49.32946014 15.05493832
v -89.22222137 -49.71082687 15.24100399
v -89.18892670 -50.10760117 15.36267185
v -89.16153717 -50.50737000 15.42369652
v -89.14223480 -50.90046692 15.42991257
v -89.13233185 -51.28026581 15.38832569
v -89.13717651 -51.64260864 15.29836178
v -89.15558624 -51.98613739 15.18076706
v -89.18418884 -52.31428146 15.04482365
v -89.21704102 -52.63179398 14.89484215
v -89.43090820 -48.76275253 14.60712433
v -89.37745667 -48.95369339 14.80737686
v -89.33750153 -49.29855347 15.07634354
v -89.29164886 -49.67689133 15.28320885
v -89.24387360 -50.07604218 15.42416954
v -89.19829559 -50.48289871 15.49998093
v -89.15862274 -50.88585281 15.51517296
v -89.12718201 -51.27622986 15.47608089
v -89.10559845 -51.64834976 15.39092541
v -89.09955597 -51.99808502 15.26029205
v -89.10770416 -52.32631302 15.10441971
v -89.12642670 -52.63727951 14.93159389
v -89.14967346 -52.93621826 14.74576473
v -89.48436737 -49.07860184 14.91227150
v -89.42322540 -49.27891922 15.08052254
v -89.37211609 -49.65109634 15.30787182
v -89.31423950 -50.04931641 15.46985340
v -89.25408173 -50.46029282 15.56459236
v -89.19598389 -50.87141800 15.59370232
v -89.14386749 -51.27198410 15.56242657
v -89.10041809 -51.65423584 15.47856522
v -89.06764984 -52.01342392 15.35164261
v -89.05119324 -52.34556961 15.18215656
v -89.04949951 -52.65370178 14.98955727
v -89.05886841 -52.94309235 14.78180504
v -89.07327271 -53.21953201 14.56300735
v -89.52719879 -49.42970657 15.17778492
v -89.45838928 -49.63470840 15.31412029
v -89.39541626 -50.02900314 15.49715996
v -89.32514954 -50.44115448 15.61291122
v -89.25231934 -50.85808945 15.66038704
v -89.18151093 -51.26779556 15.64202690
v -89.11707306 -51.66042709 15.56479073
v -89.06214142 -52.02915573 15.43803978
v -89.01867676 -52.37028885 15.27121258
v -88.99229431 -52.67999649 15.06467915
v -88.98136902 -52.96367645 14.83763695
v -88.98223877 -53.22769928 14.59818172
v -88.98861694 -53.47779083 14.34940910
v -89.55824280 -49.81125641 15.39928722
v -89.48213959 -50.01609421 15.50508785
v -89.40686035 -50.42660522 15.64222050
v -89.32386017 -50.84680176 15.71046162
v -89.23811340 -51.26392365 15.70970154
v -89.15468597 -51.66653824 15.64427185
v -89.07843781 -52.04569244 15.52295685
v -89.01253510 -52.39563751 15.35525703
v -88.95887756 -52.71374130 15.15037823
v -88.92324829 -52.99662781 14.90934753
v -88.90405273 -53.25215530 14.65142250
v -88.89731598 -53.48713684 14.38357830
v -88.89646149 -53.70705032 14.10781479
v -89.57679749 -50.21722031 15.57416344
v -89.49392700 -50.41736221 15.65142059
v -89.40592957 -50.83821869 15.74110317
v -89.30987549 -51.26064682 15.76061344
v -89.21125793 -51.67218781 15.71183586
v -89.11570740 -52.06202698 15.60114670
v -89.02817535 -52.42229462 15.43770027
v -88.95181274 -52.74835205 15.23097992
v -88.88865662 -53.03892136 14.99066925
v -88.84481812 -53.29130554 14.71898556
v -88.81831360 -53.51512146 14.43380642
v -88.80484772 -53.71744156 14.14085007
v -88.79766083 -53.90383148 13.84144020
v -89.58226776 -50.64126968 15.70024109
v -89.49322510 -50.83276749 15.75115108
v -89.39212036 -51.25815582 15.79189205
v -89.28299713 -51.67696762 15.76265621
v -89.17195892 -52.07711029 15.66751766
v -89.06478882 -52.44861603 15.51344585
v -88.96647644 -52.78474045 15.30980396
v -88.88038635 -53.08229828 15.06678009
v -88.80879974 -53.34155655 14.79498196
v -88.75778961 -53.55992126 14.49654675
v -88.72494507 -53.74855804 14.18768215
v -88.70571899 -53.91512299 13.87322807
v -88.69333649 -54.06584549 13.55443573
v -89.57408142 -51.07707214 15.77534676
v -89.47951508 -51.25657654 15.80234528
v -89.36521912 -51.68060303 15.79386520
v -89.24343109 -52.08988571 15.71732807
v -89.12043762 -52.47292709 15.57755947
v -89.00213623 -52.82067871 15.38197517
v -88.89379120 -53.12790680 15.14088249
v -88.79906464 -53.39308929 14.86563206
v -88.72011566 -53.61742401 14.56635284
v -88.66296387 -53.79837418 14.24498749
v -88.62480927 -53.94892883 13.91632652
v -88.60103607 -54.07787323 13.58488369
v -88.58463287 -54.19097519 13.25109673
v -89.55180359 -51.51824188 15.79782581
v -89.45261383 -51.68291473 15.80427265
v -89.32544708 -52.09959793 15.74777126
v -89.19139099 -52.49351501 15.62545967
v -89.05690002 -52.85387039 15.44278622
v -88.92819977 -53.17294693 15.20839119
v -88.81093597 -53.44727707 14.93399334
v -88.70867920 -53.67639542 14.63065434
v -88.62342072 -53.86231613 14.30781746
v -88.56122589 -54.00305176 13.96765423
v -88.51905060 -54.11389542 13.62396622
v -88.49195099 -54.20357513 13.28012848
v -89.51552582 -51.95817947 15.76809788
v -89.41270447 -52.10576630 15.75769234
v -89.27301788 -52.50916672 15.65445232
v -89.12710571 -52.88197708 15.48789215
v -88.98181152 -53.21454620 15.26489639
v -88.84381866 -53.50078583 14.99583244
v -88.71875763 -53.73840332 14.69234085
v -88.61006927 -53.92789078 14.36496449
v -88.51963043 -54.07251740 14.02281189
v -88.45374298 -54.17156219 13.66886425
v -88.40882874 -54.24130630 13.31497288
v -89.46551514 -52.39023590 15.68710136
v -89.36003113 -52.51910782 15.66345119
v -89.20816803 -52.90334320 15.51476002
v -89.05104065 -53.24977112 15.30635452
v -88.89602661 -53.55021286 15.04710102
v -88.74987793 -53.79963684 14.74758816
v -88.61812592 -53.99683380 14.41912746
v -88.50416565 -54.14375687 14.07209015
v -88.40993500 -54.24557495 13.71577072
v -88.34170532 -54.30170822 13.35308456
v -89.40201569 -52.80775833 15.55577374
v -89.29481506 -52.91691589 15.52240944
v -89.13135529 -53.27654648 15.33045006
v -88.96406555 -53.59206390 15.08412457
v -88.80045319 -53.85619354 14.79276848
v -88.64726257 -54.06492615 14.46694660
v -88.51000977 -54.21866226 14.11798096
v -88.39220428 -54.32148361 13.75658703
v -88.29556274 -54.37923813 13.39128017
v -89.32541656 -53.20431137 15.37554359
v -89.21752930 -53.29355621 15.33633804
v -89.04347992 -53.62387466 15.10484791
v -88.86711884 -53.90408325 14.82463646
v -88.69599915 -54.12781525 14.50526524
v -88.53695679 -54.29263306 14.15762901
v -88.39566803 -54.40129471 13.79358006
v -88.27544403 -54.45874786 13.42316437
v -89.23661804 -53.57429886 15.14979839
v -89.12908173 -53.64408112 15.10859394
v -88.94548035 -53.94048309 14.84143925
v -88.76110077 -54.18106461 14.53132153
v -88.58367157 -54.36096191 14.18840218
v -88.42024994 -54.48011017 13.82444191
v -88.27638245 -54.54234695 13.45076466
v -89.13666534 -53.91232300 14.88241768
v -89.03041077 -53.96360779 14.84269524
v -88.83827972 -54.22154236 14.54370689
v -88.64705658 -54.41881180 14.20806885
v -88.46479034 -54.55290985 13.84709740
v -88.29848480 -54.62490463 13.47235107
v -89.02659607 -54.21300125 14.57728004
v -88.92246246 -54.24725723 14.54215717
v -88.72293854 -54.46278763 14.21559715
v -88.52634430 -54.61455154 13.85989285
v -88.34072876 -54.70116043 13.48643970
v -88.90753937 -54.47135925 14.23859501
v -88.80629730 -54.49072647 14.21096134
v -88.60082245 -54.66141129 13.86219788
v -88.40033722 -54.76573181 13.49198151
v -88.78097534 -54.68409348 13.87189388
v -88.68328857 -54.69117737 13.85424423
v -88.47333527 -54.81481171 13.48877335
v -88.64846802 -54.84831619 13.48303986
v -88.55487061 -54.84599304 13.47731686
v -88.51160431 -54.96114349 13.07789326
v -88.00231934 -48.43634796 14.55796051
v -87.91641998 -48.44586945 14.57438469
v -87.89613342 -48.73740387 14.92003822
v -87.87167358 -49.07684326 15.21006203
v -87.84624481 -49.45135880 15.43771458
v -87.82292175 -49.84771729 15.59989738
v -87.80461121 -50.25319672 15.69811058
v -87.79344177 -50.65687943 15.73799801
v -87.79084778 -51.05073166 15.72698307
v -87.79473114 -51.42996216 15.67935848
v -87.98059845 -48.71259689 14.91955376
v -88.06678772 -48.70392227 14.90421009
v -88.03568268 -49.02023315 15.23078632
v -88.12213898 -49.01252747 15.21641636
v -88.08051300 -49.36378098 15.50372028
v -88.16719055 -49.35716248 15.49020004
v -88.11389923 -49.73823929 15.73399353
v -88.20077515 -49.73282623 15.72118855
v -88.13481903 -50.13837433 15.91771507
v -88.22184753 -50.13426590 15.90547562
v -88.14273071 -50.55799484 16.05287552
v -88.22985840 -50.55525589 16.04104424
v -88.13721466 -50.99066925 16.13793182
v -88.22441101 -50.98931122 16.12635040
v -88.20507812 -51.42996216 16.15984726
v -88.11463165 -51.42996216 16.17134094
v -88.04986572 -50.99468994 16.12768364
v -88.05557251 -50.56596375 16.04333878
v -88.04798126 -50.15016937 15.90934849
v -88.02749634 -49.75367737 15.72723866
v -87.99464417 -49.38263321 15.49900246
v -87.95046997 -49.04222488 15.22849464
v -88.02417755 -51.42996216 16.15925407
v -87.96771240 -51.00102997 16.09672928
v -87.97372437 -50.57852173 16.01350403
v -87.96662140 -50.16873550 15.88135338
v -87.94681549 -49.77797699 15.70178127
v -87.91482544 -49.41231155 15.47675037
v -87.93964386 -51.42996216 16.12482834
v -87.89606476 -51.00934601 16.04624176
v -87.90246582 -50.59501648 15.96449089
v -87.89601135 -50.19315720 15.83476067
v -87.87709808 -49.80995178 15.65852642
v -87.87200165 -51.42996216 16.07443047
v -87.83959961 -51.01914597 15.97906876
v -87.84646606 -50.61447144 15.89905834
v -87.84078217 -50.22198486 15.77218819
v -87.79736328 -51.42996216 15.96990681
v -87.80209351 -51.02975464 15.90001011
v -87.80947113 -50.63554001 15.82188511
v -87.76762390 -51.42996216 15.86706543
v -87.78555298 -51.04050446 15.81421471
v -87.76931000 -51.42996216 15.76364708
v -88.26948547 -51.42996216 15.50818920
v -88.32643890 -51.06067276 15.50000191
v -88.33528137 -50.69691086 15.42736626
v -88.33283997 -50.34410858 15.31260586
v -88.31945801 -50.00768280 15.15701866
v -88.29559326 -49.69285965 14.96229362
v -88.26211548 -49.40403748 14.73170376
v -88.22000885 -49.14540863 14.46891403
v -88.17025757 -48.92117310 14.17759418
v -88.11576080 -48.74034119 13.87185001
v -88.05625153 -48.59743118 13.54742146
v -87.99298096 -48.49414825 13.20896149
v -87.92720795 -48.43219757 12.86112022
v -87.86016083 -48.41302490 12.50857639
v -87.79315948 -48.43647385 12.15616894
v -87.72750854 -48.50180435 11.80879784
v -87.66451263 -48.60828781 11.47136116
v -87.60547638 -48.75502396 11.14869404
v -87.55154419 -48.93970490 10.84506321
v -87.50377655 -49.15927124 10.56443405
v -87.46322632 -49.41067123 10.31077003
v -87.43095398 -49.69077682 10.08796406
v -87.40772247 -49.99561310 9.89890671
v -87.39410400 -50.32057953 9.74574089
v -87.39067078 -50.66104507 9.63059330
v -87.39798737 -51.01238251 9.55554581
v -87.41630554 -51.36972809 9.52156162
v -87.44557190 -51.72797775 9.52844238
v -87.48571777 -52.08201981 9.57593250
v -87.53667450 -52.42674255 9.66376019
v -87.59813690 -52.75731277 9.79077721
v -87.66944122 -53.06930542 9.95455360
v -87.74992371 -53.35831833 10.15255642
v -87.83889008 -53.61995697 10.38224888
v -87.93553162 -53.85036087 10.64058304
v -88.03874969 -54.04676819 10.92344284
v -88.14739990 -54.20656204 11.22657967
v -88.26034546 -54.32711029 11.54574490
v -88.37640381 -54.40631485 11.87653923
v -88.49427795 -54.44362259 12.21410751
v -88.61264801 -54.43877029 12.55351067
v -88.73017883 -54.39149475 12.88980961
v -88.84558105 -54.30190277 13.21813583
v -88.95761871 -54.17174530 13.53393745
v -89.06510925 -54.00322342 13.83274746
v -89.16684723 -53.79853439 14.11009979
v -89.26168060 -53.56006622 14.36167622
v -89.34871674 -53.29143143 14.58413124
v -89.42714691 -52.99673080 14.77450657
v -89.49619293 -52.68008041 14.92984867
v -89.55509949 -52.34563065 15.04733467
v -89.60346222 -51.99812317 15.12547588
v -89.64108276 -51.64262390 15.16354752
v -89.66778564 -51.28419113 15.16083622
v -89.68338013 -50.92788696 15.11670399
v -89.68804932 -50.57864380 15.03176498
v -89.68221283 -50.24129105 14.90764523
v -89.66632080 -49.92065048 14.74600029
v -89.64083099 -49.62152863 14.54851627
v -89.60643005 -49.34810257 14.31778526
v -89.56408691 -49.10383606 14.05742264
v -89.51479340 -48.89216614 13.77110100
v -89.45952606 -48.71651077 13.46250057
v -89.39939117 -48.57949066 13.13570595
v -89.33563995 -48.48247910 12.79545403
v -89.26957703 -48.42673111 12.44654083
v -89.20246887 -48.41349792 12.09376049
v -89.13561249 -48.44333649 11.74190807
v -89.07029724 -48.51520538 11.39577866
v -89.00778961 -48.62785339 11.06016827
v -88.94939423 -48.78002167 10.73986912
v -88.89631653 -48.97002029 10.43945312
v -88.84960175 -49.19471359 10.16274548
v -88.81021881 -49.45067215 9.91341782
v -88.77915192 -49.73446655 9.69514179
v -88.75731659 -50.04248047 9.51131535
v -88.74526978 -50.37016296 9.36400032
v -88.74344635 -50.71268845 9.25485039
v -88.75229645 -51.06523895 9.18552303
v -88.77220154 -51.42296219 9.15746498
v -88.80315399 -51.78086090 9.17062473
v -88.84495544 -52.13386917 9.22429180
v -88.89742279 -52.47692108 9.31775188
v -88.96032715 -52.80499649 9.45017338
v -89.03310394 -53.11363983 9.61942768
v -89.11495972 -53.39873505 9.82257175
v -89.20510101 -53.65617752 10.05665016
v -89.30273438 -53.88191605 10.31866646
v -89.40683746 -54.07286835 10.60485458
v -89.51623535 -54.22679901 10.91077137
v -89.62971497 -54.34151459 11.23195076
v -89.74609375 -54.41484451 11.56392097
v -89.86410522 -54.44566727 11.90200806
v -89.98243713 -54.43416977 12.24128723
v -90.09976959 -54.38061142 12.57681942
v -90.21477509 -54.28526688 12.90366745
v -90.32618713 -54.14921570 13.21713257
v -90.43286896 -53.97494125 13.51292324
v -90.53367615 -53.76506424 13.78679276
v -90.62747192 -53.52220535 14.03449345
v -90.71323395 -53.24944687 14.25222301
v -90.79024506 -52.95101929 14.43727779
v -90.85781860 -52.63131332 14.58712482
v -90.91528320 -52.29472733 14.69923306
v -90.96206665 -51.94579697 14.77148533
v -90.99800873 -51.58951950 14.80328465
v -91.02304840 -51.23101425 14.79437637
v -91.03710938 -50.87539291 14.74450588
v -91.04019928 -50.52770615 14.65371227
v -91.03276062 -50.19269180 14.52359867
v -91.01535797 -49.87496948 14.35628891
v -90.98854828 -49.57916260 14.15390778
v -90.95295715 -49.30977631 13.91872311
v -90.90948486 -49.07033920 13.65414619
v -90.85920715 -48.86391449 13.36413860
v -90.80316925 -48.69356155 13.05266762
v -90.74245453 -48.56223679 12.72373867
v -90.67828369 -48.47159195 12.38188457
v -90.61195374 -48.42237854 12.03199005
v -90.54477692 -48.41534424 11.67894936
v -90.47807312 -48.45116425 11.32765293
v -90.41311646 -48.52932739 10.98287392
v -90.35115051 -48.64816284 10.64927769
v -90.29343414 -48.80595779 10.33152580
v -90.24120331 -49.00097656 10.03426361
v -90.19556427 -49.23064041 9.76159382
v -90.15741730 -49.49122620 9.51688004
v -90.12764740 -49.77893066 9.30343533
v -90.10714722 -50.08994675 9.12456799
v -90.09661102 -50.42010498 8.98291016
v -90.09641266 -50.76451111 8.87981892
v -90.10687256 -51.11820602 8.81650639
v -90.12831879 -51.47622681 8.79418564
v -90.16091156 -51.83360291 8.81348801
v -90.20440674 -52.18537903 8.87347031
v -90.25847626 -52.52658081 8.97291851
v -90.32279968 -52.85225296 9.11061954
v -90.39694977 -53.15762329 9.28501225
v -90.48014069 -53.43869400 9.49313068
v -90.57147980 -53.69166183 9.73166466
v -90.67008209 -53.91272736 9.99729919
v -90.77501678 -54.09832001 10.28657436
v -90.88511658 -54.24622345 10.59514999
v -90.99915314 -54.35472870 10.91836643
v -91.11585236 -54.42211533 11.25156212
v -91.23397827 -54.44683838 11.59006214
v -91.35223389 -54.42884827 11.92904758
v -91.46930695 -54.36887360 12.26362419
v -91.58388519 -54.26765442 12.58889771
v -91.69467163 -54.12602234 12.90001106
v -91.80049896 -53.94606781 13.19261074
v -91.90029907 -53.73083115 13.46272278
v -91.99301147 -53.48337173 13.70638180
v -92.07758331 -53.20677567 13.91965580
v -92.15318298 -52.90487289 14.09947777
v -92.21924591 -52.58224487 14.24368095
v -92.27519989 -52.24351501 14.35013866
v -92.32047272 -51.89331436 14.41674614
v -92.35474396 -51.53646088 14.44230843
v -92.37805939 -51.17803955 14.42697620
v -92.39048004 -50.82316971 14.37100124
v -92.39208984 -50.47695923 14.27464294
v -92.38312531 -50.14431000 14.13884163
v -92.36421967 -49.82967377 13.96595383
v -92.33605957 -49.53744888 13.75851250
v -92.29932404 -49.27203369 13.51905155
v -92.25478363 -49.03743362 13.25047970
v -92.20352173 -48.83649063 12.95683384
v -92.14668274 -48.67182922 12.64236355
v -92.08540344 -48.54607010 12.31131649
v -92.02085114 -48.46147537 11.96804428
v -91.95430756 -48.41874695 11.61736012
v -91.88710022 -48.41814804 11.26420403
v -91.82056427 -48.45993423 10.91351509
v -91.75598907 -48.54413223 10.57018566
v -91.69461823 -48.66917801 10.23880577
v -91.63764954 -48.83287430 9.92384052
v -91.58627319 -49.03302002 9.62975693
v -91.54166412 -49.26730347 9.36093140
v -91.50476074 -49.53227615 9.12084103
v -91.47634125 -49.82384109 8.91244793
v -91.45721436 -50.13789368 8.73870754
v -91.44814301 -50.47029495 8.60250187
v -91.44957733 -50.81639862 8.50553131
v -91.46173096 -51.17115402 8.44853687
v -91.48478699 -51.52949524 8.43223381
v -91.51892853 -51.88635254 8.45730019
v -91.56404877 -52.23677826 8.52335167
v -91.61972809 -52.57593536 8.62879658
v -91.68551636 -52.89900589 8.77198124
v -91.76097107 -53.20116425 8.95123768
v -91.84545135 -53.47810364 9.16416645
v -91.93799591 -53.72632217 9.40719986
v -92.03762054 -53.94239044 9.67666626
v -92.14334869 -54.12288284 9.96889114
v -92.25410461 -54.26497269 10.27988815
v -92.36862946 -54.36721420 10.60496044
v -92.48564148 -54.42835999 10.93931389
v -92.60385895 -54.44714355 11.27815342
v -92.72199249 -54.42282104 11.61668301
v -92.83875275 -54.35630417 11.95010757
v -92.95286560 -54.24885178 12.27363396
v -93.06304169 -54.10171127 12.58246517
v -93.16803741 -53.91643906 12.87196159
v -93.26680756 -53.69602966 13.13822269
v -93.35836029 -53.44391251 13.37757874
v -93.44172668 -53.16351700 13.58635521
v -93.51596069 -52.85839081 13.76105785
v -93.58047485 -52.53297806 13.89946556
v -88.35990906 -51.42996216 15.57247162
v -88.40027618 -51.05071259 15.56379890
v -88.40865326 -50.67714310 15.48939419
v -88.40543365 -50.31482697 15.37173176
v -88.39097595 -49.96932983 15.21213913
v -88.36575317 -49.64601898 15.01235485
v -88.33065796 -49.34940720 14.77573681
v -88.28670502 -49.08380508 14.50605297
v -88.23490143 -48.85352325 14.20706844
v -88.17823792 -48.66781616 13.89326382
v -88.11643982 -48.52105331 13.56027317
v -88.05078125 -48.41498184 13.21287155
v -87.98253632 -48.35136414 12.85583496
v -87.91299438 -48.33167267 12.49396992
v -87.84349823 -48.35575485 12.13224411
v -87.77538300 -48.42284775 11.77569103
v -87.70999908 -48.53219986 11.42934036
v -87.64868164 -48.68289566 11.09815788
v -87.59260559 -48.87255478 10.78652477
v -87.54285431 -49.09804535 10.49851322
v -87.50052643 -49.35622025 10.23819447
v -87.46669006 -49.64387894 10.00956535
v -87.44213867 -49.95693588 9.81559467
v -87.42746735 -50.29066467 9.65848255
v -87.42325592 -50.64031219 9.54041576
v -87.43007660 -51.00112152 9.46352863
v -87.44819641 -51.36810303 9.42881393
v -87.47756195 -51.73601151 9.43606472
v -87.51810455 -52.09960175 9.48502064
v -87.56974792 -52.45362091 9.57540131
v -87.63217163 -52.79310608 9.70602798
v -87.70471191 -53.11351013 9.87440586
v -87.78667450 -53.41031647 10.07793236
v -87.87734985 -53.67901230 10.31400394
v -87.97591400 -53.91562653 10.57948875
v -88.08122253 -54.11733246 10.87016010
v -88.19210815 -54.28142929 11.18165588
v -88.30741119 -54.40523148 11.50961208
v -88.42590332 -54.48657227 11.84951115
v -88.54627228 -54.52488708 12.19636726
v -88.66713715 -54.51990128 12.54510689
v -88.78715515 -54.47135162 12.89065933
v -88.90497589 -54.37934494 13.22802448
v -89.01934814 -54.24567795 13.55252552
v -89.12904358 -54.07260895 13.85957813
v -89.23284149 -53.86240005 14.14459419
v -89.32953644 -53.61750412 14.40313911
v -89.41822815 -53.34162521 14.63177681
v -89.49808502 -53.03897858 14.82747173
v -89.56830597 -52.71378708 14.98718739
v -89.62810516 -52.37032318 15.10802650
v -89.67708588 -52.01344681 15.18845844
v -89.71503448 -51.64835739 15.22774220
v -89.74176025 -51.28025818 15.22514248
v -89.75708771 -50.91434860 15.18000507
v -89.76119232 -50.55569077 15.09296036
v -89.75450897 -50.20923996 14.96567917
v -89.73750305 -49.87995148 14.79986000
v -89.71063232 -49.57276535 14.59723568
v -89.67461395 -49.29196548 14.36046791
v -89.63043976 -49.04111481 14.09326935
v -89.57912445 -48.82373810 13.79941273
v -89.52168274 -48.64334106 13.48267460
v -89.45922852 -48.50262833 13.14725304
v -89.39307404 -48.40299988 12.79801178
v -89.32453156 -48.34574890 12.43987465
v -89.25492859 -48.33216095 12.07776642
v -89.18558502 -48.36280060 11.71661186
v -89.11781311 -48.43661118 11.36133385
v -89.05293274 -48.55229568 11.01685810
v -88.99227142 -48.70856476 10.68810749
v -88.93707275 -48.90368652 10.37977600
v -88.88840485 -49.13444138 10.09579086
v -88.84726715 -49.39730072 9.83992481
v -88.81468201 -49.68874741 9.61594772
v -88.79156494 -50.00506592 9.42735004
v -88.77850342 -50.34158325 9.27624702
v -88.77593994 -50.69334793 9.16433907
v -88.78433990 -51.05540466 9.09332657
v -88.80409241 -51.42277527 9.06469727
v -88.83518219 -51.79032516 9.07839680
v -88.87742615 -52.15285110 9.13369656
v -88.93061829 -52.50515366 9.22986031
v -88.99452972 -52.84207535 9.36603737
v -89.06857300 -53.15903854 9.54004097
v -89.15194702 -53.45182037 9.74884796
v -89.24383545 -53.71620941 9.98942280
v -89.34340668 -53.94803238 10.25868893
v -89.44963074 -54.14413452 10.55277920
v -89.56128693 -54.30221558 10.86713028
v -89.67713928 -54.42002487 11.19715500
v -89.79596710 -54.49533081 11.53826237
v -89.91647339 -54.52698517 11.88564968
v -90.03730774 -54.51517487 12.23426247
v -90.15710449 -54.46017456 12.57902718
v -90.27452087 -54.36225891 12.91487408
v -90.38825226 -54.22254181 13.23697567
v -90.49711609 -54.04356766 13.54092789
v -90.59995270 -53.82802963 13.82236767
v -90.69558716 -53.57862091 14.07693291
v -90.78297424 -53.29851151 14.30071735
v -90.86137390 -52.99203491 14.49094677
v -90.93007660 -52.66370773 14.64501953
v -90.98840332 -52.31804657 14.76033497
v -91.03575897 -51.95970535 14.83472061
v -91.07197571 -51.59382248 14.86756229
v -91.09700012 -51.22564697 14.85859871
v -91.11074829 -50.86043930 14.80756950
v -91.11324310 -50.50337982 14.71451187
v -91.10491180 -50.15932846 14.58107471
v -91.08634186 -49.83303833 14.40943718
v -91.05812836 -49.52925491 14.20178413
v -91.02088165 -49.25260544 13.96044254
v -90.97554779 -49.00671005 13.68891621
v -90.92322540 -48.79471970 13.39127350
v -90.86498260 -48.61977386 13.07158852
v -90.80194855 -48.48490906 12.73397636
v -90.73535156 -48.39181900 12.38308811
v -90.66654205 -48.34128189 12.02394295
v -90.59687042 -48.33405304 11.66156864
v -90.52767181 -48.37084198 11.30098343
v -90.46027374 -48.45111084 10.94709301
v -90.39595032 -48.57315063 10.60468578
v -90.33598328 -48.73519897 10.27855015
v -90.28165436 -48.93547821 9.97345829
v -90.23410034 -49.17133713 9.69362068
v -90.19423676 -49.43894577 9.44249344
v -90.16297150 -49.73440933 9.22347832
v -90.14122772 -50.05381393 9.03997135
v -90.12971497 -50.39287186 8.89467907
v -90.12882233 -50.74656677 8.78899288
v -90.13887787 -51.10979843 8.72415829
v -90.16020966 -51.47747421 8.70141983
v -90.19299316 -51.84448624 8.72142792
v -90.23696899 -52.20574570 8.78321266
v -90.29180908 -52.55615234 8.88552761
v -90.35717010 -52.89060593 9.02712727
v -90.43263245 -53.20420837 9.20640659
v -90.51737976 -53.49285889 9.42032242
v -90.61048889 -53.75264740 9.66547203
v -90.71105957 -53.97967529 9.93845463
v -90.81813049 -54.17027283 10.23571491
v -90.93051910 -54.32216644 10.55279541
v -91.04692841 -54.43359375 10.88491249
v -91.16609192 -54.50279999 11.22727871
v -91.28671265 -54.52819061 11.57509136
v -91.40746307 -54.50971222 11.92340183
v -91.52700806 -54.44812012 12.26718521
v -91.64398193 -54.34417343 12.60141468
v -91.75707245 -54.19871902 12.92110157
v -91.86505890 -54.01391220 13.22177601
v -91.96685791 -53.79287338 13.49935627
v -92.06137848 -53.53874207 13.74977112
v -92.14754486 -53.25468826 13.96898079
v -92.22449493 -52.94464111 14.15383625
v -92.29164886 -52.61331558 14.30211258
v -92.34841919 -52.26545334 14.41162682
v -92.39421844 -51.90581131 14.48021412
v -92.42872620 -51.53933334 14.50665188
v -92.45198059 -51.17124939 14.49108982
v -92.46405029 -50.80680847 14.43379021
v -92.46501160 -50.45126343 14.33501816
v -92.45511627 -50.10964203 14.19573975
v -92.43501282 -49.78652191 14.01837540
v -92.40540314 -49.48641968 13.80552578
v -92.36698151 -49.21384430 13.55979252
v -92.32055664 -48.97291946 13.28416348
v -92.26722717 -48.76655960 12.98278427
v -92.20816040 -48.59745789 12.66001892
v -92.14453888 -48.46830368 12.32023048
v -92.07755280 -48.38143158 11.96788692
v -92.00852966 -48.33755112 11.60793114
v -91.93881989 -48.33693314 11.24543762
v -91.86979675 -48.37984848 10.88547707
v -91.80279541 -48.46631622 10.53307533
v -91.73907471 -48.59473419 10.19294357
v -91.67987823 -48.76284409 9.86967087
v -91.62642670 -48.96838760 9.56784248
v -91.57992554 -49.20898819 9.29195213
v -91.54133606 -49.48110580 9.04557228
v -91.51146698 -49.78053284 8.83174515
v -91.49112701 -50.10305405 8.65350437
v -91.48112488 -50.44441605 8.51381111
v -91.48191071 -50.79985428 8.41441059
v -91.49369812 -51.16417694 8.35606480
v -91.51668549 -51.53217697 8.33950710
v -91.55105591 -51.89865875 8.36543369
v -91.59671021 -52.25853348 8.43345070
v -91.65319824 -52.60683823 8.54192448
v -91.72006989 -52.93861771 8.68915462
v -91.79686737 -53.24892426 8.87342930
v -91.88293457 -53.53333282 9.09228420
v -91.97728729 -53.78824615 9.34205627
v -92.07891083 -54.01013947 9.61897373
v -92.18679810 -54.19549561 9.91926384
v -92.29985046 -54.34141922 10.23883152
v -92.41677094 -54.44641876 10.57285500
v -92.53624725 -54.50920868 10.91640854
v -92.65696716 -54.52850342 11.26456928
v -92.77758789 -54.50352478 11.61241150
v -92.89681244 -54.43521500 11.95501232
v -93.01331329 -54.32485962 12.28744698
v -93.12577057 -54.17375183 12.60479164
v -93.23290253 -53.98348618 12.90227795
v -93.33364868 -53.75713348 13.17590523
v -93.42698669 -53.49821854 13.42189980
v -93.51190948 -53.21026230 13.63649082
v -93.58745575 -52.89691162 13.81608868
v -93.65301514 -52.56272125 13.95841312
v -88.42375946 -51.42996216 15.65686035
v -88.45313263 -51.03934097 15.64509964
v -88.46096802 -50.65456772 15.56867695
v -88.45685577 -50.28138351 15.44769669
v -88.44117737 -49.92552567 15.28353119
v -88.41440582 -49.59251785 15.07796669
v -88.37746429 -49.28701401 14.83446598
v -88.33140564 -49.01344681 14.55690575
v -88.27725220 -48.77625656 14.24916649
v -88.21812439 -48.58498383 13.92615795
v -88.15370941 -48.43381500 13.58338642
v -88.08530426 -48.32456589 13.22577190
v -88.01425171 -48.25904083 12.85823441
v -87.94185638 -48.23875809 12.48572159
v -87.86950684 -48.26356125 12.11335468
v -87.79858398 -48.33266830 11.74631405
v -87.73047638 -48.44530106 11.38978195
v -87.66654968 -48.60051346 11.04887295
v -87.60802460 -48.79586029 10.72809982
v -87.55601501 -49.02811050 10.43165684
v -87.51165009 -49.29402924 10.16373634
v -87.47602844 -49.59031677 9.92845631
v -87.44997406 -49.91276169 9.72887421
v -87.43409729 -50.25649643 9.56725693
v -87.42898560 -50.61663055 9.44585419
v -87.43524933 -50.98826218 9.36686802
v -87.45314789 -51.36624908 9.33131695
v -87.48262787 -51.74518967 9.33899117
v -87.52361298 -52.11968231 9.38962078
v -87.57604218 -52.48431778 9.48291683
v -87.63957214 -52.83398438 9.61766720
v -87.71351624 -53.16399765 9.79129982
v -87.79716492 -53.46970367 10.00113583
v -87.88979340 -53.74645996 10.24449253
v -87.99054718 -53.99016953 10.51814461
v -88.09824371 -54.19792557 10.81773853
v -88.21169281 -54.36694336 11.13878155
v -88.32968140 -54.49445724 11.47677898
v -88.45096588 -54.57823944 11.82707691
v -88.57417297 -54.61770248 12.18453979
v -88.69789886 -54.61256790 12.54394436
v -88.82074738 -54.56256104 12.90006447
v -88.94132996 -54.46779251 13.24775314
v -89.05836487 -54.33012009 13.58219147
v -89.17058563 -54.15186310 13.89865780
v -89.27672577 -53.93534851 14.19242668
v -89.37555695 -53.68310547 14.45893097
v -89.46614075 -53.39895248 14.69463158
v -89.54763031 -53.08723450 14.89639950
v -89.61918640 -52.75228882 15.06111145
v -89.68001556 -52.39852142 15.18577957
v -89.72969055 -52.03094482 15.26883030
v -89.76801300 -51.65490723 15.30949688
v -89.79476929 -51.27576828 15.30702496
v -89.80979156 -50.89888763 15.26074028
v -89.81324768 -50.52946854 15.17129040
v -89.80560303 -50.17263031 15.04039669
v -89.78731537 -49.83346939 14.86981106
v -89.75887299 -49.51706696 14.66131592
v -89.72100830 -49.22784805 14.41765308
v -89.67474365 -48.96947479 14.14264679
v -89.62112427 -48.74557877 13.84018326
v -89.56118774 -48.55977249 13.51415253
v -89.49609375 -48.41484070 13.16887665
v -89.42718506 -48.31222534 12.80936813
v -89.35582733 -48.25325775 12.44069576
v -89.28337097 -48.23926163 12.06793404
v -89.21117401 -48.27082062 11.69615364
v -89.14060211 -48.34683990 11.33042717
v -89.07301331 -48.46599579 10.97582626
v -89.00975800 -48.62695312 10.63742256
v -88.95214081 -48.82792664 10.32004929
v -88.90124512 -49.06559753 10.02775383
v -88.85810852 -49.33634186 9.76442051
v -88.82377625 -49.63653183 9.53393269
v -88.79920197 -49.96233368 9.33988380
v -88.78498077 -50.30894470 9.18445492
v -88.78157043 -50.67125702 9.06939697
v -88.78945160 -51.04417038 8.99645996
v -88.80902863 -51.42255783 8.96717739
v -88.84029388 -51.80113220 8.98149395
v -88.88303375 -52.17453003 9.03865719
v -88.93704987 -52.53739548 9.13791084
v -89.00211334 -52.88442230 9.27837753
v -89.07761383 -53.21089172 9.45780468
v -89.16271973 -53.51245499 9.67307854
v -89.25659180 -53.78477097 9.92107487
v -89.35838318 -54.02354813 10.19862175
v -89.46702576 -54.22552872 10.50173664
v -89.58126068 -54.38835526 10.82572079
v -89.69982147 -54.50969696 11.16584873
v -89.82144165 -54.58725739 11.51739025
v -89.94479370 -54.61986160 11.87540245
v -90.06848907 -54.60770035 12.23467541
v -90.19111633 -54.55104828 12.58998394
v -90.31127930 -54.45019913 12.93610859
v -90.42765808 -54.30628967 13.26807594
v -90.53902435 -54.12194824 13.58134842
v -90.64417267 -53.89994431 13.87143326
v -90.74190521 -53.64305878 14.13383865
v -90.83114624 -53.35454559 14.36454010
v -90.91112518 -53.03887939 14.56068039
v -90.98112488 -52.70070648 14.71957970
v -91.04043579 -52.34468079 14.83855915
v -91.08843994 -51.97559357 14.91538143
v -91.12498474 -51.59873581 14.94941330
v -91.14998627 -51.21952057 14.94038582
v -91.16338348 -50.84335709 14.88803101
v -91.16517639 -50.47558975 14.79238892
v -91.15583038 -50.12122345 14.65515518
v -91.13594055 -49.78514862 14.47857761
v -91.10610962 -49.47225571 14.26490211
v -91.06698608 -49.18730545 14.01652813
v -91.01952362 -48.93404007 13.73706436
v -90.96485901 -48.71569061 13.43070221
v -90.90410614 -48.53549957 13.10163498
v -90.83840942 -48.39659119 12.75410271
v -90.76905060 -48.30070877 12.39289761
v -90.69741058 -48.24865341 12.02318859
v -90.62487793 -48.24121094 11.65015125
v -90.55284119 -48.27909851 11.27895927
v -90.48265076 -48.36177826 10.91466045
v -90.41563416 -48.48747635 10.56219101
v -90.35310364 -48.65438461 10.22648048
v -90.29637909 -48.86067200 9.91244411
v -90.24662781 -49.10359955 9.62442017
v -90.20480347 -49.37923813 9.36596680
v -90.17183685 -49.68355942 9.14058876
v -90.14866638 -50.01254654 8.95178509
v -90.13604736 -50.36177063 8.80234146
v -90.13436127 -50.72607422 8.69369125
v -90.14394379 -51.10019684 8.62711716
v -90.16514587 -51.47889709 8.60390282
v -90.19815063 -51.85691833 8.62471676
v -90.24267578 -52.22901154 8.68855953
v -90.29839325 -52.58992767 8.79414845
v -90.36495209 -52.93441010 8.94019985
v -90.44190979 -53.25741577 9.12506104
v -90.52842712 -53.55472183 9.34559822
v -90.62356567 -53.82230377 9.59830570
v -90.72637939 -54.05614090 9.87968063
v -90.83589935 -54.25245285 10.18606091
v -90.95088959 -54.40890121 10.51285648
v -91.07002258 -54.52367020 10.85513878
v -91.19199371 -54.59495163 11.20797825
v -91.31546021 -54.62110519 11.56642628
v -91.43907166 -54.60207367 11.92538834
v -91.56142426 -54.53863525 12.27968693
v -91.68114471 -54.43156815 12.62414551
v -91.79685211 -54.28175354 12.95362473
v -91.90731812 -54.09140396 13.26352310
v -92.01140594 -53.86373520 13.54963398
v -92.10799408 -53.60198212 13.80776310
v -92.19596863 -53.30941010 14.03375244
v -92.27446747 -52.99006653 14.22435760
v -92.34286499 -52.64880371 14.37728596
v -92.40056610 -52.29050827 14.49028969
v -92.44697571 -51.92008209 14.56113911
v -92.48175049 -51.54261398 14.58857536
v -92.50493622 -51.16349030 14.57275295
v -92.51660156 -50.78812027 14.51394081
v -92.51682281 -50.42191315 14.41241264
v -92.50585938 -50.07004929 14.26916313
v -92.48439026 -49.73723602 14.08668423
v -92.45312500 -49.42813110 13.86765671
v -92.41278839 -49.14738464 13.61475945
v -92.36419678 -48.89923477 13.33106995
v -92.30849457 -48.68668365 13.02085972
v -92.24689484 -48.51251221 12.68861961
v -92.18060303 -48.37948608 12.33884621
v -92.11083984 -48.29000854 11.97614193
v -92.03897095 -48.24481201 11.60559750
v -91.96640778 -48.24417496 11.23243809
v -91.89454651 -48.28837585 10.86188793
v -91.82476807 -48.37743759 10.49912357
v -91.75837708 -48.50970840 10.14899731
v -91.69663239 -48.68286133 9.81623554
v -91.64081573 -48.89456558 9.50556087
v -91.59214783 -49.14238358 9.22160244
v -91.55163574 -49.42266083 8.96804047
v -91.52009583 -49.73106766 8.74800587
v -91.49838257 -50.06325912 8.56462574
v -91.48731232 -50.41485977 8.42094803
v -91.48735809 -50.78096008 8.31877232
v -91.49873352 -51.15620422 8.25888157
v -91.52164459 -51.53524399 8.24203300
v -91.55627441 -51.91271591 8.26894379
v -91.60252380 -52.28338242 8.33920574
v -91.65994263 -52.64213181 8.45113850
v -91.72805786 -52.98386002 8.60298920
v -91.80638885 -53.30347443 8.79299641
v -91.89427185 -53.59641266 9.01862049
v -91.99068451 -53.85897064 9.27608871
v -92.09458923 -54.08751678 9.56151581
v -92.20494080 -54.27843475 9.87101650
v -92.32061768 -54.42873001 10.20037365
v -92.44027710 -54.53688049 10.54461956
v -92.56257629 -54.60155487 10.89868164
v -92.68614197 -54.62142563 11.25748920
v -92.80961609 -54.59569931 11.61596870
v -92.93164825 -54.52534103 11.96905041
v -93.05087280 -54.41167831 12.31165981
v -93.16593170 -54.25603867 12.63872623
v -93.27551270 -54.06006622 12.94534016
v -93.37850952 -53.82692337 13.22737789
v -93.47387695 -53.56024170 13.48095608
v -93.56058502 -53.26364899 13.70218849
v -93.63762665 -52.94090271 13.88737774
v -93.70438385 -52.59669113 14.03417587
v -88.45375824 -51.42996216 15.73569584
v -88.48029327 -51.02737808 15.73829746
v -88.48754883 -50.63081741 15.65974903
v -88.48250580 -50.24618912 15.53527927
v -88.46553802 -49.87942505 15.36629868
v -88.43713379 -49.53620911 15.15465260
v -88.39825439 -49.22134399 14.90390587
v -88.34997559 -48.93939590 14.61805725
v -88.29335022 -48.69493866 14.30110455
v -88.23162842 -48.49780273 13.96840763
v -88.16445160 -48.34200287 13.61534214
v -88.09317017 -48.22940445 13.24697876
v -88.01914978 -48.16186905 12.86838818
v -87.94376373 -48.14096451 12.48467159
v -87.86840820 -48.16652679 12.10110378
v -87.79452515 -48.23775482 11.72302532
v -87.72354126 -48.35383987 11.35577774
v -87.65688324 -48.51380920 11.00463200
v -87.59577179 -48.71514130 10.67423820
v -87.54138947 -48.95450974 10.36892128
v -87.49488068 -49.22857666 10.09300041
v -87.45738220 -49.53393936 9.85072136
v -87.42974854 -49.86626816 9.64523315
v -87.41259766 -50.22053528 9.47887421
v -87.40654755 -50.59170532 9.35396099
v -87.41221619 -50.97472763 9.27276421
v -87.42987823 -51.36429596 9.23633385
v -87.45948029 -51.75485229 9.24445343
v -87.50093842 -52.14081955 9.29684353
v -87.55418396 -52.51662827 9.39320850
v -87.61887360 -52.87701035 9.53229904
v -87.69430542 -53.21713638 9.71146202
v -87.77973938 -53.53221130 9.92793941
v -87.87442017 -53.81744385 10.17896366
v -87.97747040 -54.06862640 10.46121216
v -88.08769226 -54.28274536 10.77019691
v -88.20382690 -54.45694733 11.10128784
v -88.32465363 -54.58836746 11.44985199
v -88.44886780 -54.67471313 11.81109428
v -88.57506561 -54.71538544 12.17972183
v -88.70179749 -54.71009445 12.55035019
v -88.82762146 -54.65855408 12.91759396
v -88.95112610 -54.56088638 13.27614689
v -89.07096100 -54.41899109 13.62104416
v -89.18583679 -54.23527145 13.94741917
v -89.29444122 -54.01212311 14.25039959
v -89.39552307 -53.75215149 14.52528095
v -89.48809052 -53.45929337 14.76841354
v -89.57129669 -53.13801956 14.97657490
v -89.64425659 -52.79280853 15.14654350
v -89.70616913 -52.42820358 15.27524281
v -89.75658417 -52.04935837 15.36104870
v -89.79529572 -51.66180038 15.40317249
v -89.82209015 -51.27104568 15.40083504
v -89.83679199 -50.88261032 15.35334206
v -89.83956909 -50.50187683 15.26136112
v -89.83090210 -50.13410187 15.12666607
v -89.81127167 -49.78454590 14.95106220
v -89.78117371 -49.45845032 14.73638821
v -89.74136353 -49.16036606 14.48546791
v -89.69289398 -48.89407349 14.20224571
v -89.63684845 -48.66331482 13.89072323
v -89.57429504 -48.47181702 13.55491161
v -89.50641632 -48.32244492 13.19926643
v -89.43461609 -48.21668243 12.82894993
v -89.36028290 -48.15591049 12.44919109
v -89.28482056 -48.14148331 12.06521606
v -89.20963287 -48.17401123 11.68225288
v -89.13611603 -48.25236130 11.30552864
v -89.06566620 -48.37516785 10.94027138
v -88.99969482 -48.54105759 10.59170723
v -88.93952942 -48.74818802 10.26481915
v -88.88628387 -48.99314499 9.96377659
v -88.84104156 -49.27218628 9.69258404
v -88.80487061 -49.58157349 9.45524311
v -88.77876282 -49.91736221 9.25545788
v -88.76332092 -50.27459335 9.09547615
v -88.75902557 -50.64801025 8.97710133
v -88.76636505 -51.03234863 8.90213966
v -88.78575897 -51.42233276 8.87216949
v -88.81719208 -51.81250381 8.88713551
v -88.86045837 -52.19734573 8.94626141
v -88.91534424 -52.57133102 9.04876709
v -88.98162079 -52.92899323 9.19374847
v -89.05864716 -53.26546860 9.37888336
v -89.14557648 -53.57627487 9.60096359
v -89.24154663 -53.85693359 9.85676861
v -89.34567261 -54.10302734 10.14303112
v -89.45686340 -54.31119919 10.45564556
v -89.57381439 -54.47901154 10.78976727
v -89.69522095 -54.60406876 11.14052868
v -89.81978607 -54.68400955 11.50305367
v -89.94613647 -54.71761322 11.87224674
v -90.07283020 -54.70507812 12.24273872
v -90.19843292 -54.64669418 12.60914707
v -90.32149506 -54.54275131 12.96608734
v -90.44065094 -54.39443207 13.30843735
v -90.55464935 -54.20444107 13.63151932
v -90.66223907 -53.97563553 13.93070412
v -90.76218414 -53.71087646 14.20136070
v -90.85337067 -53.41352463 14.43934250
v -90.93502045 -53.08818436 14.64170361
v -91.00638580 -52.73964691 14.80568218
v -91.06671906 -52.37271118 14.92851830
v -91.11541748 -51.99231339 15.00790405
v -91.15229034 -51.60390854 15.04318810
v -91.17727661 -51.21307373 15.03409481
v -91.19029999 -50.82538223 14.98034477
v -91.19136810 -50.44634628 14.88198280
v -91.18095398 -50.08111954 14.74075413
v -91.15966797 -49.73474503 14.55897522
v -91.12813568 -49.41226196 14.33896255
v -91.08702850 -49.11858368 14.08318806
v -91.03733063 -48.85755539 13.79537010
v -90.98020172 -48.63251495 13.47982883
v -90.91680908 -48.44680023 13.14088821
v -90.84831238 -48.30363464 12.78291607
v -90.77604675 -48.20481491 12.41085148
v -90.70142365 -48.15116501 12.03002262
v -90.62588501 -48.14349365 11.64576530
v -90.55085754 -48.18254471 11.26340771
v -90.47773743 -48.26775360 10.88815689
v -90.40787506 -48.39730835 10.52509594
v -90.34264374 -48.56933212 10.17930794
v -90.28340149 -48.78193665 9.85585785
v -90.23133850 -49.03231049 9.55921745
v -90.18744659 -49.31639481 9.29305363
v -90.15268707 -49.63004303 9.06097984
v -90.12802887 -49.96910858 8.86660004
v -90.11423492 -50.32903671 8.71278667
v -90.11170959 -50.70450211 8.60101795
v -90.12080383 -51.09009171 8.53261471
v -90.14187622 -51.48039627 8.50889969
v -90.17510223 -51.87000275 8.53056145
v -90.22021484 -52.25349808 8.59657001
v -90.27685547 -52.62547302 8.70560360
v -90.34466553 -52.98051453 8.85634136
v -90.42319489 -53.31341934 9.04707718
v -90.51158142 -53.61983490 9.27458286
v -90.60884857 -53.89561462 9.53524494
v -90.71403503 -54.13661575 9.82545280
v -90.82612610 -54.33894348 10.14143181
v -90.94385529 -54.50018692 10.47845173
v -91.06585693 -54.61847687 10.83143330
v -91.19078064 -54.69194031 11.19529438
v -91.31724548 -54.71889496 11.56493664
v -91.44385529 -54.69927979 11.93510914
v -91.56918335 -54.63389587 12.30047417
v -91.69178772 -54.52354813 12.65569878
v -91.81025696 -54.36914444 12.99548531
v -91.92331696 -54.17296219 13.31509018
v -92.02980804 -53.93831635 13.61017895
v -92.12857056 -53.66854095 13.87642860
v -92.21846008 -53.36700439 14.10955334
v -92.29858398 -53.03787613 14.30620861
v -92.36829376 -52.68615341 14.46403313
v -92.42697906 -52.31687927 14.58070946
v -92.47402954 -51.93510056 14.65394115
v -92.50908661 -51.54606247 14.68242741
v -92.53219604 -51.15532303 14.66633129
v -92.54343414 -50.76845169 14.60592747
v -92.54287720 -50.39102173 14.50149822
v -92.53079224 -50.02837372 14.35406876
v -92.50788116 -49.68536758 14.16620827
v -92.47487640 -49.36679077 13.94067860
v -92.43251038 -49.07743835 13.68024158
v -92.38165283 -48.82168198 13.38806820
v -92.32346344 -48.60261917 13.06856155
v -92.25919342 -48.42310715 12.72635174
v -92.19007874 -48.28600693 12.36606979
v -92.11739349 -48.19378662 11.99246120
v -92.04254150 -48.14720535 11.61077118
v -91.96697235 -48.14654922 11.22638702
v -91.89212036 -48.19210815 10.84469223
v -91.81941986 -48.28389740 10.47102070
v -91.75020599 -48.42021942 10.11037540
v -91.68579102 -48.59867859 9.76762581
v -91.62747955 -48.81687164 9.44764042
v -91.57653809 -49.07228088 9.15519142
v -91.53399658 -49.36114883 8.89406872
v -91.50070953 -49.67900848 8.66750240
v -91.47754669 -50.02137756 8.47871304
v -91.46534729 -50.38375473 8.33084297
v -91.46461487 -50.76107025 8.22574520
v -91.47555542 -51.14781570 8.16422939
v -91.49838257 -51.53847122 8.14707375
v -91.53329468 -51.92750931 8.17501926
v -91.58017731 -52.30953598 8.24764538
v -91.63856506 -52.67927933 8.36321831
v -91.70798492 -53.03147888 8.51993275
v -91.78793335 -53.36088562 8.71597195
v -91.87772369 -53.66279984 8.94872093
v -91.97630310 -53.93340302 9.21428871
v -92.08261108 -54.16895676 9.50867176
v -92.19556427 -54.36572266 9.82786655
v -92.31399536 -54.52062607 10.16752720
v -92.43654633 -54.63208771 10.52253246
v -92.56179810 -54.69874573 10.88765526
v -92.68836975 -54.71922302 11.25766754
v -92.81484985 -54.69271088 11.62734318
v -92.93983459 -54.62019348 11.99145412
v -93.06192780 -54.50304794 12.34477329
v -93.17973328 -54.34263992 12.68207264
v -93.29188538 -54.14066315 12.99829197
v -93.39725494 -53.90037918 13.28918266
v -93.49475861 -53.62552261 13.55074024
v -93.58333588 -53.31984329 13.77896214
v -93.66195679 -52.98720169 13.97003746
v -93.72998047 -52.63244247 14.12154484
v -88.45800781 -51.42996216 15.88839626
v -88.48101044 -51.01575851 15.83569527
v -88.48772430 -50.60774231 15.75508213
v -88.48177338 -50.21200562 15.62722206
v -88.46354675 -49.83464432 15.45356655
v -88.43356323 -49.48151398 15.23601151
v -88.39279938 -49.15755844 14.97822762
v -88.34235382 -48.86746979 14.68432808
v -88.28334045 -48.61595154 14.35842609
v -88.21909332 -48.41312408 14.01631832
v -88.14923859 -48.25282288 13.65325451
v -88.07515717 -48.13697052 13.27445126
v -87.99826050 -48.06748581 12.88512516
v -87.91995239 -48.04597855 12.49052429
v -87.84168243 -48.07228088 12.09607697
v -87.76493073 -48.14556503 11.70727825
v -87.69116211 -48.26500320 11.32962227
v -87.62183380 -48.42958832 10.96853352
v -87.55822754 -48.63673782 10.62879658
v -87.50152588 -48.88301849 10.31485939
v -87.45293427 -49.16500092 10.03116798
v -87.41362000 -49.47918320 9.78208923
v -87.38444519 -49.82110977 9.57086563
v -87.36605835 -50.18560791 9.39990044
v -87.35910034 -50.56749725 9.27157879
v -87.36418915 -50.96157837 9.18823433
v -87.38162231 -51.36240005 9.15094948
v -87.41133881 -51.76423645 9.15950108
v -87.45326233 -52.16135025 9.21360207
v -87.50730133 -52.54801178 9.31294823
v -87.57312775 -52.91880035 9.45625305
v -87.64999390 -53.26874924 9.64078903
v -87.73715210 -53.59292221 9.86371613
v -87.83383179 -53.88639450 10.12218857
v -87.93912506 -54.14482880 10.41278553
v -88.05178070 -54.36513519 10.73089218
v -88.17053986 -54.54436493 11.07174206
v -88.29411316 -54.67958069 11.43057156
v -88.42117310 -54.76842499 11.80244446
v -88.55027771 -54.81026840 12.18191624
v -88.67993164 -54.80482483 12.56344604
v -88.80865479 -54.75179672 12.94149303
v -88.93498230 -54.65130615 13.31059933
v -89.05754089 -54.50531387 13.66565609
v -89.17499542 -54.31628799 14.00165367
v -89.28600311 -54.08669662 14.31358337
v -89.38925934 -53.81921768 14.59660053
v -89.48376465 -53.51789856 14.84695244
v -89.56862640 -53.18734741 15.06132412
v -89.64295959 -52.83216858 15.23639870
v -89.70591736 -52.45703125 15.36901283
v -89.75704956 -52.06724930 15.45749474
v -89.79614258 -51.66849518 15.50103378
v -89.82297516 -51.26645660 15.49882698
v -89.83735657 -50.86680603 15.45016003
v -89.83947754 -50.47507477 15.35572052
v -89.82981873 -50.09667587 15.21733379
v -89.80888367 -49.73702621 15.03685570
v -89.77717590 -49.40151215 14.81618023
v -89.73548126 -49.09481812 14.55821133
v -89.68487549 -48.82083893 14.26700783
v -89.62647247 -48.58341599 13.94668674
v -89.56137085 -48.38638687 13.60137558
v -89.49079895 -48.23269653 13.23565674
v -89.41618347 -48.12388611 12.85484409
v -89.33896637 -48.06135559 12.46431541
v -89.26058197 -48.04651260 12.06944847
v -89.18247986 -48.07997894 11.67562389
v -89.10610199 -48.16059494 11.28821754
v -89.03288269 -48.28694534 10.91261005
v -88.96426392 -48.45762634 10.55417728
v -88.90161896 -48.67073822 10.21804714
v -88.84609985 -48.92276764 9.90850925
v -88.79881287 -49.20986938 9.62968159
v -88.76086426 -49.52819443 9.38568497
v -88.73326111 -49.87367630 9.18032837
v -88.71662903 -50.24122620 9.01592350
v -88.71147156 -50.62542725 8.89432812
v -88.71828461 -51.02086639 8.81739902
v -88.73749542 -51.42211151 8.78676128
v -88.76910400 -51.82355118 8.80235767
v -88.81288147 -52.21950912 8.86338902
v -88.86861420 -52.60429382 8.96905422
v -88.93605804 -52.97228622 9.11841965
v -89.01457977 -53.31847763 9.30909920
v -89.10327911 -53.63825989 9.53779221
v -89.20127869 -53.92702484 9.80118179
v -89.30767059 -54.18022537 10.09590912
v -89.42133331 -54.39440918 10.41774940
v -89.54092407 -54.56706619 10.76171970
v -89.66510010 -54.69573975 11.12280846
v -89.79251862 -54.77798843 11.49600220
v -89.92178345 -54.81256104 11.87605476
v -90.05139923 -54.79966354 12.25744534
v -90.17988586 -54.73959351 12.63463306
v -90.30577087 -54.63264847 13.00207996
v -90.42762756 -54.48004532 13.35451412
v -90.54417419 -54.28456879 13.68712521
v -90.65412903 -54.04915237 13.99514771
v -90.75622559 -53.77674866 14.27381897
v -90.84931183 -53.47080994 14.51887131
v -90.93257141 -53.13607025 14.72727489
v -91.00525665 -52.77746964 14.89618874
v -91.06659698 -52.39993668 15.02276993
v -91.11595917 -52.00855255 15.10464573
v -91.15316772 -51.60893250 15.14114666
v -91.17813873 -51.20681000 15.13198853
v -91.19079590 -50.80792236 15.07688427
v -91.19115448 -50.41793823 14.97587967
v -91.17969513 -50.04216385 14.83077049
v -91.15705872 -49.68578720 14.64393997
v -91.12387848 -49.35399246 14.41777134
v -91.08084106 -49.05183029 14.15480804
v -91.02897644 -48.78326416 13.85887623
v -90.96945953 -48.55172729 13.53442001
v -90.90349579 -48.36064911 13.18588829
v -90.83228302 -48.21334839 12.81777573
v -90.75718689 -48.11167145 12.43516445
v -90.67967224 -48.05647278 12.04353523
v -90.60121155 -48.04858017 11.64837837
v -90.52327728 -48.08876038 11.25517750
v -90.44730377 -48.17642975 10.86928654
v -90.37468719 -48.30972290 10.49593925
v -90.30683899 -48.48671722 10.14036274
v -90.24514008 -48.70546341 9.80776978
v -90.19084167 -48.96306992 9.50275993
v -90.14493561 -49.25535583 9.22910690
v -90.10843658 -49.57806396 8.99052811
v -90.08232117 -49.92691803 8.79073334
v -90.06739807 -50.29724121 8.63267612
v -90.06405640 -50.68355179 8.51787758
v -90.07267761 -51.08027649 8.44769764
v -90.09362030 -51.48185349 8.42349434
v -90.12706757 -51.88271332 8.44598007
v -90.17273712 -52.27728271 8.51409340
v -90.23027802 -52.65999985 8.62647343
v -90.29930878 -53.02529144 8.78176117
v -90.37937164 -53.36781311 8.97820473
v -90.46956635 -53.68307877 9.21247864
v -90.56890106 -53.96682358 9.48086739
v -90.67639160 -54.21478271 9.77965355
v -90.79097748 -54.42295456 10.10495663
v -90.91136169 -54.58885574 10.45190716
v -91.03615570 -54.71055984 10.81528091
v -91.16394043 -54.78614426 11.18984795
v -91.29332733 -54.81387711 11.57036400
v -91.42285156 -54.79369736 11.95142365
v -91.55105591 -54.72642517 12.32753944
v -91.67646790 -54.61289215 12.69322109
v -91.79761505 -54.45402527 13.04301834
v -91.91320801 -54.25217819 13.37205124
v -92.02203369 -54.01075745 13.67586040
v -92.12290955 -53.73319244 13.94999790
v -92.21466064 -53.42294693 14.19005299
v -92.29634857 -53.08431244 14.39258575
v -92.36734009 -52.72243118 14.55516529
v -92.42697906 -52.34249496 14.67540932
v -92.47464752 -51.94968796 14.75095367
v -92.50997925 -51.54941559 14.78046131
v -92.53302002 -51.14739227 14.76409817
v -92.54383850 -50.74934769 14.70214844
v -92.54252625 -50.36101532 14.59490108
v -92.52935791 -49.98789597 14.44341183
v -92.50504303 -49.63498306 14.25032330
v -92.47034454 -49.30720520 14.01847839
v -92.42602539 -49.00949860 13.75071716
v -92.37295532 -48.74635696 13.45030499
v -92.31234741 -48.52096558 13.12176895
v -92.24547577 -48.33626938 12.76987362
v -92.17362976 -48.19520950 12.39938545
v -92.09810638 -48.10032654 12.01518440
v -92.02035522 -48.05239868 11.62267017
v -91.94186401 -48.05172729 11.22738266
v -91.86411285 -48.09859848 10.83486271
v -91.78857422 -48.19303894 10.45059681
v -91.71662140 -48.33329773 10.07973480
v -91.64961243 -48.51691055 9.72728443
v -91.58886719 -48.74140549 9.39825630
v -91.53572083 -49.00419235 9.09755898
v -91.49121094 -49.30140305 8.82909393
v -91.45622253 -49.62844086 8.59618187
v -91.43165588 -49.98069763 8.40213776
v -91.41836548 -50.35354233 8.25019550
v -91.41687012 -50.74175262 8.14226055
v -91.42738342 -51.13966751 8.07916546
v -91.45013428 -51.54160309 8.06171322
v -91.48531342 -51.94187927 8.09066296
v -91.53281403 -52.33493805 8.16558456
v -91.59215546 -52.71535873 8.28469372
v -91.66283417 -53.07772827 8.44613266
v -91.74435425 -53.41664886 8.64803219
v -91.83599854 -53.72728348 8.88770008
v -91.93669128 -54.00570297 9.16113472
v -92.04532623 -54.24805832 9.46421814
v -92.16079712 -54.45050812 9.79282951
v -92.28191376 -54.60988235 10.14249611
v -92.40726471 -54.72456741 10.50795269
v -92.53540039 -54.79314804 10.88381767
v -92.66488647 -54.81421661 11.26471519
v -92.79427338 -54.78693771 11.64526463
v -92.92213440 -54.71232986 12.02008915
v -93.04701233 -54.59180069 12.38381004
v -93.16748047 -54.42676163 12.73104858
v -93.28213501 -54.21894836 13.05659866
v -93.38980865 -53.97172165 13.35608768
v -93.48939514 -53.68893051 13.62539673
v -93.57978821 -53.37442017 13.86040783
v -93.65994263 -53.03217697 14.05719852
v -93.72918701 -52.66717148 14.21328068
v -88.45511627 -51.00542068 15.92931175
v -88.43026733 -51.42996216 15.97326660
v -88.41561890 -50.99867249 15.99636745
v -88.37411499 -51.42996216 16.05591965
v -88.36198425 -50.99358749 16.05329323
v -88.29695892 -51.42996216 16.11993217
v -88.29724121 -50.99038696 16.09748840
v -88.30274200 -50.55743027 16.01238060
v -88.29481506 -50.13752747 15.87713623
v -88.27386475 -49.73711777 15.69329739
v -88.24043274 -49.36241150 15.46287632
v -88.19555664 -49.01863861 15.18976688
v -88.14041901 -48.71080399 14.87833309
v -88.07617950 -48.44390106 14.53293991
v -88.00644684 -48.22867203 14.17033672
v -87.93074799 -48.05857849 13.78549576
v -87.85057831 -47.93565369 13.38395214
v -87.76741791 -47.86192322 12.97124195
v -87.68275452 -47.83910370 12.55293560
v -87.59813690 -47.86700821 12.13479137
v -87.51512909 -47.94476700 11.72264099
v -87.43528748 -48.07150269 11.32231617
v -87.36015320 -48.24615097 10.93957233
v -87.29109192 -48.46596527 10.57948589
v -87.22936249 -48.72730637 10.24677658
v -87.17623901 -49.02653122 9.94616127
v -87.13295746 -49.35992432 9.68227386
v -87.10043335 -49.72275162 9.45855331
v -87.07936096 -50.10953522 9.27755165
v -87.07040405 -50.51477051 9.14180183
v -87.07424927 -50.93294144 9.05378246
v -87.09117889 -51.35826492 9.01463985
v -87.12114716 -51.78466797 9.02413559
v -87.16407013 -52.20606232 9.08196545
v -87.21984863 -52.61636353 9.18780613
v -87.28813171 -53.00982285 9.34028912
v -87.36814117 -53.38116837 9.53652382
v -87.45906067 -53.72516251 9.77349663
v -87.56008911 -54.03657532 10.04818821
v -87.67024994 -54.31081009 10.35697174
v -87.78823090 -54.54457855 10.69494629
v -87.91268158 -54.73476410 11.05705547
v -88.04224396 -54.87824631 11.43824291
v -88.17551422 -54.97252274 11.83327007
v -88.31094360 -55.01692963 12.23636055
v -88.44696045 -55.01115417 12.64163399
v -88.58199310 -54.95488358 13.04321289
v -88.65215302 -54.92923355 13.01923656
v -88.78385925 -54.82337570 13.40842247
v -88.84484100 -54.78394318 13.37894344
v -88.97139740 -54.63193893 13.74890041
v -89.01908112 -54.58198547 13.71239090
v -89.13882446 -54.38824463 14.05693531
v -88.71446991 -54.84825134 13.43530178
v -88.91159821 -54.66958237 13.78280926
v -89.09263611 -54.43513107 14.09901524
v -89.25196075 -54.15293121 14.37681198
v -88.84296417 -54.69333267 13.81248379
v -89.03395844 -54.47045898 14.13712025
v -89.20715332 -54.19608307 14.42406940
v -89.35715485 -53.87878036 14.66705704
v -88.96603394 -54.49274826 14.16944122
v -89.14952850 -54.22860336 14.46607685
v -89.31361389 -53.91759109 14.71902370
v -89.45337677 -53.56995010 14.92382145
v -89.08226013 -54.24911880 14.50086021
v -89.25693512 -53.94683456 14.76457882
v -89.41095734 -53.60386658 14.97996712
v -89.53971863 -53.23115921 15.14370823
v -89.19026947 -53.96528244 14.80160046
v -89.35511780 -53.62942123 15.02867222
v -89.49826050 -53.25970459 15.20344830
v -89.61526489 -52.86712646 15.32331848
v -89.28898621 -53.64554596 15.06767941
v -89.44315338 -53.28121567 15.25486183
v -89.57460022 -52.88990402 15.38601398
v -89.67915344 -52.48263931 15.45940971
v -89.37747192 -53.29478836 15.29557800
v -89.52008820 -52.90707016 15.43965530
v -89.63909912 -52.49932098 15.52437019
v -89.73092651 -52.08313751 15.55026817
v -89.45478821 -52.91789627 15.48177624
v -89.58504486 -52.51189423 15.57971859
v -89.69128418 -52.09349060 15.61677647
v -89.77035522 -51.67444229 15.59506321
v -89.52003479 -52.51982498 15.62291622
v -89.63754272 -52.10129166 15.67329121
v -89.73092651 -51.67831802 15.66238880
v -89.79721832 -51.26237869 15.59297180
v -89.57272339 -52.10621262 15.71722412
v -89.67735291 -51.68123627 15.71951866
v -89.75781250 -51.25972366 15.66037178
v -89.81131744 -50.85276413 15.54326248
v -89.61264038 -51.68307877 15.76384163
v -89.70424652 -51.25772095 15.71755791
v -89.77173615 -50.84361649 15.60998344
v -89.81285095 -50.45126724 15.44664001
v -89.63954926 -51.25645828 15.76191711
v -89.71803284 -50.83672333 15.66665745
v -89.77288818 -50.43575668 15.51193905
v -89.80231476 -50.06343842 15.30497456
v -89.65324402 -50.83237457 15.71069336
v -89.71890259 -50.42406845 15.56754208
v -89.76177979 -50.04177856 15.36813831
v -89.78022003 -49.69482040 15.12016869
v -89.65393066 -50.41669464 15.61090183
v -89.70735931 -50.02545929 15.42213154
v -89.73892975 -49.66732025 15.18051338
v -89.74708557 -49.35094070 14.89416218
v -89.64212036 -50.01516342 15.46447563
v -89.68394470 -49.64659882 15.23238277
v -89.70486450 -49.31799316 14.95103359
v -89.70371246 -49.03660202 14.62993336
v -89.61833954 -49.63352585 15.27338600
v -89.64917755 -49.29316330 15.00028706
v -89.66039276 -48.99867249 14.68272591
v -89.65120697 -48.75579071 14.33164024
v -89.58312988 -49.27750015 15.03963852
v -89.60388184 -48.97008896 14.72890472
v -89.60665131 -48.71341324 14.37981319
v -89.59070587 -48.51245117 14.00350475
v -89.53732300 -48.95205688 14.76631737
v -89.54920959 -48.68147659 14.42251015
v -89.54478455 -48.46621323 14.04658508
v -89.52334595 -48.31050873 13.64975452
v -89.48205566 -48.66132736 14.45772743
v -89.48631287 -48.43137360 14.08544445
v -89.47595215 -48.26107407 13.68733692
v -89.45037842 -48.15298843 13.27508926
v -89.41851807 -48.40939331 14.11824131
v -89.41636658 -48.22381973 13.72205353
v -89.40142059 -48.10105515 13.30684185
v -89.37326813 -48.04146194 12.88495350
v -89.34786987 -48.20031738 13.75223637
v -89.34066010 -48.06192017 13.33716583
v -89.32268524 -47.98776245 12.91063213
v -89.29348755 -47.97737503 12.48485947
v -89.27142334 -48.03723145 13.36457825
v -89.26069641 -47.94729233 12.93637848
v -89.24123383 -47.92265320 12.50430679
v -89.21250916 -47.96216202 12.08032036
v -89.19068146 -47.92176437 12.96090317
v -89.17798615 -47.88142014 12.52535725
v -89.15856934 -47.90720367 12.09346581
v -89.13182831 -47.99646378 11.67684841
v -89.10717773 -47.85540771 12.54691887
v -89.09405518 -47.86578369 12.10976696
v -89.07620239 -47.94204712 11.68370819
v -89.05290222 -48.07908630 11.27995491
v -89.02243805 -47.83965683 12.12833309
v -89.01041412 -47.90103912 11.69527340
v -88.99562073 -48.02598190 11.28063393
v -88.97721863 -48.20858765 10.89515400
v -88.93800354 -47.87517166 11.71085072
v -88.92858124 -47.98596191 11.28754139
v -88.91833496 -48.15753555 10.88984299
v -88.90625000 -48.38352585 10.52795696
v -88.85538483 -47.96071625 11.30018044
v -88.85009003 -48.11906433 10.89223671
v -88.84583282 -48.33524704 10.51693535
v -88.84140778 -48.60195160 10.18361759
v -88.77612305 -48.09479523 10.90202808
v -88.77643585 -48.29886246 10.51502514
v -88.77955627 -48.55713272 10.16724586
v -88.78387451 -48.86026382 9.86653233
v -88.70174408 -48.27591324 10.52210140
v -88.70908356 -48.52336121 10.16130447
v -88.72070312 -48.81953812 9.84524345
v -88.73476410 -49.15452194 9.58092499
v -88.63371277 -48.50205231 10.16583920
v -88.64923096 -48.78885269 9.83559704
v -88.67041779 -49.11846161 9.55521774
v -88.69522858 -49.48078156 9.33101559
v -88.57323456 -48.76948929 9.83779430
v -88.59805298 -49.09128571 9.54224110
v -88.62984467 -49.44989014 9.30145645
v -88.66629791 -49.83487701 9.12071037
v -88.52149200 -49.07414246 9.54233742
v -88.47965240 -49.41192245 9.28384209
v -88.44879913 -49.77853012 9.06635189
v -88.42958832 -50.16854858 8.89231777
v -88.42255402 -50.57623672 8.76371002
v -88.42821503 -50.99585724 8.68249798
v -88.44704437 -51.42163086 8.65040588
v -88.47901154 -51.84761810 8.66737270
v -88.52390289 -52.26778030 8.73255157
v -88.58148193 -52.67609024 8.84509373
v -88.65148163 -53.06657791 9.00401020
v -88.73323822 -53.43393326 9.20676804
v -88.82579803 -53.77326202 9.44986343
v -88.92822266 -54.07968140 9.72977734
v -89.03955841 -54.34836578 10.04294300
v -89.15860748 -54.57564163 10.38487816
v -89.28394318 -54.75886154 10.75029564
v -89.41414642 -54.89540100 11.13387775
v -89.54779053 -54.98267746 11.53030396
v -89.68338776 -55.01936340 11.93401051
v -89.81936646 -55.00567245 12.33913708
v -89.95414734 -54.94192505 12.73980331
v -90.08615875 -54.82844543 13.13013554
v -90.21390533 -54.66651535 13.50453663
v -90.33601379 -54.45908737 13.85790348
v -90.45112610 -54.20928192 14.18517780
v -90.55789948 -53.92022705 14.48130417
v -90.65511322 -53.59558105 14.74175549
v -90.74190521 -53.24037933 14.96331692
v -90.81746674 -52.85985184 15.14297390
v -90.88098907 -52.45923615 15.27771187
v -90.93180847 -52.04392242 15.36501503
v -90.96972656 -51.61987305 15.40416908
v -91.03442383 -51.61848831 15.35981941
v -91.05936432 -51.19488907 15.35054016
v -91.11293793 -51.19762039 15.29339409
v -91.12506104 -50.78231049 15.23630524
v -91.16468811 -50.79241562 15.16974163
v -91.16442108 -50.39270782 15.06638908
v -90.99465942 -51.19316483 15.39487267
v -91.07133484 -50.77469635 15.29286098
v -91.12438202 -50.37627029 15.13142300
v -91.15203857 -50.00756454 14.91783237
v -91.00652313 -50.76989365 15.33682060
v -91.07034302 -50.36388016 15.18682671
v -91.11139679 -49.98502350 14.98062038
v -91.12819672 -49.64230347 14.72651482
v -91.00534058 -50.35606766 15.23005867
v -91.05690765 -49.96803665 15.03433037
v -91.08677673 -49.61397171 14.78637791
v -91.09355927 -49.30223846 14.49487877
v -90.99161530 -49.95732117 15.07649517
v -91.03169250 -49.59262466 14.83788395
v -91.05117798 -49.26851654 14.55117798
v -91.04881287 -48.99254227 14.22553062
v -90.96603394 -49.57915497 14.87865925
v -90.99537659 -49.24310684 14.59999943
v -91.00531769 -48.95391464 14.27766991
v -90.99501038 -48.71728134 13.92239189
v -90.92926025 -49.22707748 14.63908100
v -90.94866943 -48.92480469 14.32335567
v -90.95025635 -48.67428970 13.96983624
v -90.93337250 -48.47996902 13.59001827
v -90.88202667 -48.90644073 14.36046028
v -90.89266205 -48.64189148 14.01198387
v -90.88723755 -48.43321609 13.63230419
v -90.86512756 -48.28413010 13.23296833
v -90.82542419 -48.62145233 14.04685593
v -90.82860565 -48.39798355 13.67056561
v -90.81750488 -48.23427200 13.26970577
v -90.79149628 -48.13315582 12.85585022
v -90.76070404 -48.37575912 13.70298481
v -90.75775146 -48.19669724 13.30378532
v -90.74230957 -48.08090591 12.88671970
v -90.71389008 -48.02894592 12.46387100
v -90.68914032 -48.17299652 13.33356571
v -90.68136597 -48.04153061 12.91637802
v -90.66306305 -47.97504425 12.48863697
v -90.63381195 -47.97237015 12.06264973
v -90.61201477 -48.01669312 12.94336891
v -90.60089111 -47.93442917 12.51369572
v -90.58130646 -47.91757584 12.08116531
v -90.55275726 -47.96428299 11.65781212
v -90.53076172 -47.90880585 12.53778553
v -90.51787567 -47.87628174 12.10151386
v -90.49856567 -47.90935898 11.67002010
v -90.47224426 -48.00546265 11.25497818
v -90.44694519 -47.85023499 12.12263203
v -90.43385315 -47.86796951 11.68561554
v -90.41636658 -47.95119095 11.26091003
v -90.39373779 -48.09531784 10.85963821
v -90.36212921 -47.84185791 11.70373535
v -90.35039520 -47.91029358 11.27177620
v -90.33621216 -48.04247284 10.85941219
v -90.31867218 -48.23193359 10.47715378
v -90.27786255 -47.88449478 11.28691292
v -90.26898956 -48.00264740 10.86563778
v -90.25955200 -48.18125153 10.47097397
v -90.24848938 -48.41334152 10.11288261
v -90.19567871 -47.97752380 10.87784767
v -90.19113159 -48.14305878 10.47271347
v -90.18785095 -48.36553192 10.10103893
v -90.18461609 -48.63753891 9.77217007
v -90.11705780 -48.11896515 10.48209381
v -90.11828613 -48.32950211 10.09850979
v -90.12256622 -48.59328461 9.75503540
v -90.12832642 -48.90156555 9.45972729
v -90.04349518 -48.30677414 10.10519695
v -90.05193329 -48.55993271 9.74851894
v -90.06497192 -48.86149597 9.43775082
v -90.08064270 -49.20114136 9.17942333
v -89.97646332 -48.53889465 9.75269127
v -89.99336243 -48.83129883 9.42758560
v -90.01612854 -49.16581726 9.15311432
v -90.04258728 -49.53189468 8.93506813
v -89.91727448 -48.81224823 9.42945480
v -89.94364166 -49.13919830 9.13968468
v -89.97706604 -49.50181198 8.90499592
v -90.01519012 -49.88945007 8.73046303
v -89.86700439 -49.12240601 9.13949394
v -89.90382385 -49.47914505 8.88873005
v -89.94882965 -49.86503601 8.69725609
v -89.99925232 -50.26900482 8.56863594
v -89.82670593 -49.46484375 8.88675022
v -89.87495422 -49.84663773 8.67862892
v -89.93222809 -50.25060654 8.53297234
v -89.99519348 -50.66494370 8.45114613
v -89.79743195 -49.83503342 8.67515945
v -89.85785675 -50.23674011 8.51249313
v -89.92770386 -50.65282059 8.41372776
v -90.00338745 -51.07155991 8.37938595
v -89.78002930 -50.22799683 8.50785637
v -89.85297394 -50.64368439 8.39192581
v -89.93562317 -51.06587982 8.34093857
v -90.02421570 -51.48314667 8.35475159
v -89.77492523 -50.63792038 8.38645554
v -89.86068726 -51.06159973 8.31836128
v -89.95636749 -51.48398972 8.31602097
v -90.05785370 -51.89399719 8.37796783
v -89.78250885 -51.05889893 8.31240177
v -89.88137817 -51.48462677 8.29323101
v -89.99014282 -51.90135193 8.33971596
v -90.10403442 -52.29840469 8.44795036
v -89.80316162 -51.48502731 8.28713799
v -89.91524506 -51.90689468 8.31728554
v -90.03664398 -52.31216812 8.41091728
v -90.16236877 -52.69066238 8.56330395
v -89.83708954 -51.91038895 8.31141853
v -89.96199799 -52.32254028 8.38940525
v -90.09549713 -52.71064377 8.52820873
v -90.23248291 -53.06506348 8.72263527
v -89.88399506 -52.32908249 8.38411713
v -90.02124023 -52.72569656 8.50815678
v -90.16632080 -53.09097672 8.69017315
v -90.31390381 -53.41612244 8.92414570
v -89.94348145 -52.73519516 8.50378990
v -90.09259033 -53.11050415 8.67210770
v -90.24861908 -53.44760132 8.89498711
v -90.40570831 -53.73925018 9.16443157
v -90.01517487 -53.12282181 8.66899204
v -90.17556000 -53.47132111 8.87940884
v -90.34147644 -53.77584839 9.13918781
v -90.50688171 -54.03006744 9.43968105
v -90.09856415 -53.48628616 8.87786388
v -90.19271088 -53.82082748 9.12687778
v -90.29655457 -54.12192154 9.41209126
v -90.40904236 -54.38504028 9.72956276
v -90.52907562 -54.60593796 10.07517147
v -90.65525818 -54.78197861 10.44375324
v -90.78611755 -54.91112137 10.82976151
v -90.92015076 -54.99132538 11.22764969
v -91.05587769 -55.02075577 11.63184929
v -91.19176483 -54.99934387 12.03662586
v -91.32624054 -54.92795944 12.43615532
v -91.45774841 -54.80748749 12.82461166
v -91.58474731 -54.63890839 13.19621277
v -91.70583344 -54.42472076 13.54577827
v -91.81975555 -54.16853714 13.86857891
v -91.92523193 -53.87400055 14.15989399
v -92.02102661 -53.54478836 14.41504478
v -92.10614777 -53.18545151 14.63038158
v -92.17990875 -52.80144882 14.80332279
v -92.24163818 -52.39828110 14.93133831
v -92.29064941 -51.98146439 15.01192093
v -92.32657623 -51.55672073 15.04364967
v -92.34946442 -51.13011932 15.02670193
v -92.35938263 -50.70773697 14.96138191
v -92.35642242 -50.29566574 14.84799576
v -92.34088898 -49.89973450 14.68766499
v -92.31352234 -49.52524185 14.48319435
v -92.27513885 -49.17742538 14.23759651
v -92.22653961 -48.86151505 13.95388603
v -92.16866302 -48.58229065 13.63552666
v -92.10278320 -48.34312057 13.28732300
v -92.03026581 -48.14713669 12.91433239
v -91.95246124 -47.99745178 12.52161121
v -92.02192688 -48.02243042 12.49504471
v -91.94100189 -47.92247772 12.09068680
v -92.00336456 -47.96323395 12.06632328
v -91.92135620 -47.91333389 11.65792942
v -91.97411346 -47.96819687 11.64035034
v -91.89302063 -47.96750641 11.23537922
v -91.87075806 -47.89676666 12.11433983
v -91.85773468 -47.87199020 11.67757320
v -91.83857727 -47.91262817 11.24664974
v -91.81269073 -48.01554489 10.83324337
v -91.78668976 -47.84590912 11.69824791
v -91.77368164 -47.87127686 11.26153755
v -91.75656891 -47.96142960 10.83825016
v -91.73463440 -48.11234283 10.43956947
v -91.70183563 -47.84519196 11.27921295
v -91.69040680 -47.92065048 10.84841824
v -91.67686462 -48.05976105 10.43844604
v -91.66025543 -48.25609589 10.05963230
v -91.61775970 -47.89492798 10.86311531
v -91.60946655 -48.02013779 10.44399548
v -91.60090637 -48.20579529 10.05259705
v -91.59092712 -48.44428635 9.69856644
v -91.53604126 -47.99514389 10.45577812
v -91.53231049 -48.16788864 10.05369091
v -91.53007507 -48.39696884 9.68591785
v -91.52803802 -48.67437744 9.36150646
v -91.45812988 -48.14397812 10.06266308
v -91.46035004 -48.36131287 9.68278217
v -91.46578217 -48.63071060 9.34362411
v -91.47293091 -48.94371796 9.05348301
v -91.38545227 -48.33881760 9.68908501
v -91.39499664 -48.59780121 9.33654499
v -91.40939331 -48.90431595 9.03082752
v -91.42666626 -49.24833679 8.77849579
v -91.31943512 -48.57704163 9.34036064
v -91.33764648 -48.87462234 9.02015114
v -91.36199188 -49.21376419 8.75158978
v -91.39017487 -49.58352661 8.53994751
v -91.26147461 -48.85589218 9.02169800
v -91.28939056 -49.18770981 8.73771000
v -91.32451630 -49.55426407 8.50936890
v -91.36434937 -49.94456863 8.34123707
v -91.21267700 -49.17127228 8.73723698
v -91.25116730 -49.53221512 8.49272156
v -91.29788208 -49.92102814 8.30761719
v -91.35009766 -50.32670593 8.18567753
v -91.17398834 -49.51830292 8.49050236
v -91.22392273 -49.90328598 8.28867817
v -91.28298950 -50.30921936 8.14970112
v -91.34792328 -50.72459793 8.07522297
v -91.14635468 -49.89209747 8.28501415
v -91.20855713 -50.29604340 8.12898636
v -91.28038025 -50.71341705 8.03760624
v -91.35806274 -51.13243103 8.01072693
v -91.13068390 -50.28773117 8.12420177
v -91.20561218 -50.70499039 8.01565456
v -91.29027557 -51.12771606 7.97219753
v -91.38073730 -51.54438782 7.99301052
v -91.12753296 -50.69967651 8.01008987
v -91.21532440 -51.12416077 7.94955873
v -91.31290436 -51.54619980 7.95430994
v -91.41616058 -51.95463943 8.02285290
v -91.13713074 -51.12192154 7.94355917
v -91.23792267 -51.54756546 7.93154240
v -91.34848022 -51.96295547 7.98473454
v -91.46420288 -52.35749817 8.09981346
v -91.15970612 -51.54842758 7.92546082
v -91.27361298 -51.96922302 7.96240520
v -91.39688110 -52.37220001 8.06302166
v -91.52438354 -52.74740219 8.22206211
v -91.19547272 -51.97317505 7.95660019
v -91.32228088 -52.38327789 8.04169273
v -91.45761108 -52.76828384 8.18731594
v -91.59619141 -53.11880875 8.38769627
v -91.24430847 -52.39026642 8.03652000
v -91.38342285 -52.78401947 8.16752815
v -91.53015137 -53.14557648 8.35568237
v -91.67910767 -53.46617889 8.59480000
v -91.30570984 -52.79394531 8.16332722
v -91.45651245 -53.16574860 8.33795357
v -91.61397552 -53.49845123 8.56617641
v -91.77239990 -53.78455734 8.84061337
v -91.37915039 -53.17847061 8.33505249
v -91.54102325 -53.52276993 8.55100250
v -91.70833588 -53.82187271 8.81599522
v -91.87496185 -54.06991577 9.12103653
v -91.46408844 -53.53811264 8.54971313
v -91.63619232 -53.84999466 8.80383873
v -91.81211853 -54.11175537 9.10097218
v -91.98566437 -54.31831360 9.43184757
v -91.55976868 -53.86773300 8.80445290
v -91.74089813 -54.14328384 9.09224701
v -91.92417145 -54.36408997 9.41681767
v -92.10337830 -54.52581024 9.76882172
v -91.66505432 -54.16317368 9.09502602
v -91.85396576 -54.39858246 9.41188812
v -92.04335022 -54.57487106 9.75924206
v -92.22688293 -54.68915939 10.12737751
v -91.77877045 -54.42034149 9.41705990
v -91.97424316 -54.61184311 9.75841904
v -92.16840363 -54.74081039 10.12358952
v -92.35471344 -54.80670166 10.50211525
v -91.89973450 -54.63516998 9.76618195
v -92.10046387 -54.77973557 10.12713051
v -92.29785156 -54.86021805 10.50437450
v -92.48540497 -54.87699127 10.88752174
v -92.02669525 -54.80429077 10.13764572
v -92.23114014 -54.90054703 10.51247215
v -92.43021393 -54.93162537 10.89599705
v -92.61748505 -54.89859009 11.27808571
v -92.15814209 -54.92598724 10.52586269
v -92.36475372 -54.97279358 10.90878010
v -92.56397247 -54.95356369 11.29285908
v -92.74945831 -54.87062836 11.66829395
v -92.29254913 -54.99876404 10.92512608
v -92.49978638 -54.99499130 11.31038666
v -92.69763947 -54.92515945 11.68935871
v -92.87986755 -54.79415894 12.05263329
v -92.42838287 -55.02112198 11.32972717
v -92.63471985 -54.96625137 11.71162891
v -92.82971191 -54.84747696 12.07989788
v -93.00722504 -54.67062759 12.42559242
v -92.56411743 -54.99217224 11.73396015
v -92.76804352 -54.88765717 12.10683918
v -92.95867920 -54.72198486 12.45887661
v -93.13005829 -54.50147247 12.78165913
v -92.69823456 -54.91300201 12.13211823
v -92.89823151 -54.76068497 12.49035454
v -93.08305359 -54.55014801 12.82069492
v -93.24693298 -54.28847885 13.11549664
v -92.82918549 -54.78510284 12.51849461
v -92.95545197 -54.60997009 12.88738155
v -93.07555389 -54.38945389 13.23325539
v -93.18824005 -54.12711716 13.55147457
v -93.29235077 -53.82703781 13.83766937
v -93.38671112 -53.49330139 14.08746815
v -93.47019958 -53.13013077 14.29670811
v -93.54211426 -52.74281311 14.46274853
v -93.55914307 -52.63697052 14.49921894
v -93.04160309 -47.84965897 10.85492134
v -93.03050995 -47.93260193 10.42537689
v -93.01758575 -48.07831573 10.01769924
v -93.00189972 -48.28112030 9.64234829
v -92.99249268 -48.54782486 9.31461334
v -92.97173309 -48.85268402 9.04009724
v -92.93783569 -49.18185425 8.81939030
v -92.88859558 -49.52368927 8.64923477
v -92.82524109 -49.86910629 8.52224445
v -92.75057220 -50.21250916 8.42921257
v -92.72454071 -50.37997055 8.38035011
v -92.66989136 -50.36511230 8.42859364
v -92.95774841 -47.90696716 10.43963718
v -92.95000458 -48.03891373 10.02257442
v -92.94232178 -48.23121643 9.63445663
v -92.93347931 -48.47597122 9.28466511
v -92.93278503 -48.77825165 8.98943806
v -92.92190552 -49.11296463 8.75178909
v -92.89862823 -49.46652222 8.57071304
v -92.86016846 -49.82701874 8.44081783
v -92.80758667 -50.18631363 8.35400009
v -92.77767944 -50.37997055 8.31590939
v -92.74665070 -50.33899307 8.37450504
v -92.87646484 -48.01405716 10.03393173
v -92.87355042 -48.19361496 9.63490582
v -92.87241364 -48.42915726 9.27121353
v -92.87165070 -48.71214294 8.95155334
v -92.88077545 -49.04605103 8.69300079
v -92.88070679 -49.40635300 8.49570179
v -92.86858368 -49.77894592 8.35625172
v -92.84134674 -50.15277863 8.26822186
v -92.81686401 -50.37997055 8.23752308
v -92.80368805 -50.30368423 8.30300140
v -92.79926300 -48.16989136 9.64347172
v -92.80252075 -48.39387894 9.26747227
v -92.80919647 -48.66906738 8.93293095
v -92.81771088 -48.98661804 8.64789772
v -92.83765411 -49.34791183 8.42971516
v -92.84896088 -49.72835541 8.27487755
v -92.84842682 -50.11447906 8.17868519
v -92.84459686 -50.21365738 8.13521957
v -92.83746338 -50.26118469 8.22091484
v -92.83281708 -50.49645615 8.13404751
v -92.79995728 -50.52096558 8.22316837
v -92.76692200 -50.59204483 8.25547600
v -92.72752380 -48.37162399 9.27339458
v -92.73825836 -48.63660812 8.92529297
v -92.75399017 -48.94789124 8.62457085
v -92.77287292 -49.29600525 8.37821960
v -92.80425262 -49.67921066 8.20271206
v -92.82740784 -50.07416534 8.09207916
v -92.82369995 -50.16355133 8.05274105
v -92.83887482 -50.46846008 8.04069233
v -92.83520508 -50.85344315 8.04060745
v -92.80294800 -50.86857986 8.13200188
v -92.81677246 -51.22419739 8.08125591
v -92.66260529 -48.61613464 8.92875767
v -92.68211365 -48.91871262 8.61338806
v -92.70803833 -49.26218414 8.35072803
v -92.73799896 -49.63556290 8.14572811
v -92.78133392 -50.03501129 8.01483250
v -92.77786255 -50.11379623 7.98000860
v -92.81678009 -50.43899536 7.95006800
v -92.84056854 -50.83615494 7.94465590
v -92.84871674 -51.21865082 7.98867750
v -92.84149933 -51.58270264 8.07118416
v -92.60585022 -48.90030289 8.61461735
v -92.63531494 -49.23669815 8.33640766
v -92.67221069 -49.60712433 8.11466217
v -92.71387482 -50.00023270 7.95333576
v -92.71075439 -50.06749725 7.92347097
v -92.76966095 -50.41037750 7.86891699
v -92.81773376 -50.81795502 7.85129881
v -92.85371399 -51.21231079 7.89137459
v -92.87342072 -51.58682251 7.97851944
v -92.87718964 -51.93898392 8.10204315
v -92.88360596 -51.99282837 8.11036682
v -92.55853271 -49.22062302 8.33565617
v -92.59876251 -49.58569336 8.09764767
v -92.64729309 -49.97757339 7.91933060
v -92.64455414 -50.03496170 7.89375448
v -92.63408661 -50.36839676 7.76769018
v -92.70127106 -50.38496017 7.80395412
v -92.70088196 -50.78458405 7.70017290
v -92.76990509 -50.80028152 7.76749372
v -92.78230286 -51.19916534 7.71140862
v -92.83050537 -51.20564270 7.79659510
v -92.85514832 -51.59647751 7.78623438
v -92.87838745 -51.59152603 7.88111734
v -92.91466522 -51.96838760 7.91415453
v -92.90938568 -51.95270920 8.01039505
v -92.91960144 -52.01147079 7.92076349
v -92.91506195 -52.00127411 8.01787281
v -92.52152252 -49.57217407 8.09519577
v -92.49563599 -49.94972610 7.89625168
v -92.49382782 -49.98595810 7.87997437
v -92.48168945 -50.34804535 7.74183559
v -92.57095337 -50.00750351 7.87906885
v -92.55959320 -50.35591888 7.74675894
v -92.48038483 -50.76178741 7.63462973
v -92.55848694 -50.76665115 7.64028311
v -92.57017517 -51.18684006 7.58156538
v -92.64514160 -51.18966293 7.60425854
v -92.66972351 -51.60834122 7.59364653
v -92.73754883 -51.60555649 7.63230801
v -92.77474976 -52.01514816 7.66880941
v -92.84384155 -52.00091171 7.73639441
v -92.77736664 -52.03932953 7.67247391
v -92.84725189 -52.03187180 7.74110699
v -92.89308929 -52.39235306 7.81782961
v -92.94033051 -52.36533737 7.89945126
v -93.00048065 -52.73262787 8.02157021
v -93.02168274 -52.69389725 8.10884476
v -93.09141541 -53.03260422 8.26676273
v -92.49197388 -51.18505478 7.57553196
v -92.59474182 -51.61043930 7.57090855
v -92.70711517 -52.02442169 7.63083506
v -92.70908356 -52.04285049 7.63361549
v -92.75733185 -52.43197632 7.71590567
v -92.82458496 -52.41634369 7.75244617
v -92.88661194 -52.80366516 7.88159800
v -92.95423126 -52.77024841 7.94367266
v -93.02663422 -53.12942123 8.11154366
v -93.07157135 -53.08171844 8.18453693
v -93.15298462 -53.40756607 8.38603401
v -93.17117310 -53.34876633 8.46206570
v -93.26032257 -53.63755798 8.69241714
v -92.51653290 -51.61176300 7.56484699
v -92.63227081 -52.03141403 7.60861349
v -92.63359070 -52.04384232 7.61048079
v -92.68277740 -52.44375610 7.69476557
v -92.81993866 -52.82543182 7.84721375
v -92.96018982 -53.17178726 8.05382538
v -93.10966492 -53.46467972 8.31905842
v -93.24407959 -53.70520782 8.62365532
v -93.35794067 -53.89509964 8.95438766
v -92.55414581 -52.03582001 7.60287905
v -92.55480957 -52.04208374 7.60381460
v -92.60484314 -52.45118713 7.68971252
v -92.74581909 -52.84183884 7.82769871
v -92.89427185 -53.19939041 8.02228069
v -93.04464722 -53.51540375 8.26668453
v -93.20265198 -53.77091599 8.56373978
v -93.34390259 -53.97063828 8.89386368
v -93.46290588 -54.11813736 9.24379921
v -92.66815948 -52.85218811 7.82367039
v -92.74342346 -53.23331451 8.00222683
v -92.82996368 -53.58906937 8.22284889
v -92.92707062 -53.91403198 8.48290920
v -93.03370667 -54.20383072 8.77854538
v -93.14862061 -54.45480347 9.10505962
v -93.27054596 -54.66331100 9.45773411
v -93.39820862 -54.82576370 9.83182621
v -93.53018951 -54.93994522 10.22204876
v -93.66493988 -55.00492096 10.62259197
v -93.80088806 -55.01982117 11.02762508
v -93.93648529 -54.98379517 11.43131828
v -94.07019043 -54.89717484 11.82796478
v -94.20051575 -54.76187897 12.21201611
v -94.32598877 -54.57994461 12.57793617
v -94.44512177 -54.35340500 12.92019463
v -94.55656433 -54.08510208 13.23376179
v -94.65923309 -53.77941132 13.51456356
v -94.75205231 -53.44087219 13.75863075
v -94.83396912 -53.07403564 13.96199608
v -94.90407562 -52.68375778 14.12130642
v -94.96192932 -52.27574539 14.23487568
v -95.00715637 -51.85586166 14.30130196
v -95.08329010 -51.42996216 14.29136753
v -95.07189178 -51.85276413 14.25709534
v -95.17212677 -51.42996216 14.19662285
v -95.12552643 -51.84783554 14.20015049
v -95.16501617 -51.84129715 14.13306999
v -95.08067322 -52.25981903 14.13510227
v -95.12046051 -52.24685287 14.06914330
v -95.02342224 -52.66016388 14.02379799
v -95.06370544 -52.64096069 13.95968246
v -94.95414734 -53.04310989 13.86761379
v -94.99511719 -53.01794434 13.80604172
v -94.87329102 -53.40304947 13.66820240
v -94.91512299 -53.37227249 13.60984802
v -94.78173828 -53.73521423 13.42885494
v -94.82459259 -53.69925690 13.37434101
v -94.68051910 -54.03515244 13.15346527
v -94.72455597 -53.99450684 13.10335350
v -94.57069397 -54.29840469 12.84592533
v -94.61604309 -54.25364685 12.80071831
v -94.45332336 -54.52068329 12.51023388
v -94.50010681 -54.47245789 12.47037125
v -94.32972717 -54.69919586 12.15132618
v -94.37804413 -54.64818954 12.11716938
v -94.20137024 -54.83194733 11.77462864
v -94.25128174 -54.77887344 11.74645615
v -94.06970215 -54.91693878 11.38557434
v -94.12126923 -54.86254120 11.36357880
v -93.93617249 -54.95228958 10.98960400
v -93.98943329 -54.89734268 10.97389412
v -93.80229950 -54.93767166 10.59232044
v -93.85724640 -54.88294983 10.58291531
v -93.66960144 -54.87391281 10.19944191
v -93.72621918 -54.82018661 10.19627285
v -93.53961945 -54.76187897 9.81668854
v -93.59786987 -54.70989609 9.81959820
v -93.41387939 -54.60247803 9.44976330
v -93.47368622 -54.55298233 9.45850372
v -93.29376984 -54.39789581 9.10385132
v -93.35504913 -54.35159302 9.11809540
v -93.18054199 -54.15164566 8.78360844
v -93.24318695 -54.10918427 8.80295372
v -93.07542419 -53.86730194 8.49366188
v -93.13931274 -53.82927704 8.51763725
v -92.97966003 -53.54845428 8.23862362
v -95.21780396 -51.42996216 14.08513165
v -95.19090271 -51.83128357 14.03941536
v -95.14681244 -52.22697449 13.97721004
v -95.09081268 -52.61149979 13.87057877
v -95.02326965 -52.97932053 13.72084236
v -94.94460297 -53.32503128 13.52958679
v -94.85565186 -53.64405823 13.29997444
v -94.75743103 -53.93212891 13.03574562
v -94.65093231 -54.18496323 12.74063873
v -94.53718567 -54.39844894 12.41849327
v -94.41747284 -54.56990814 12.07404995
v -94.29317474 -54.69741440 11.71252060
v -94.16570282 -54.77904892 11.33912277
v -94.03644562 -54.81300354 10.95908356
v -93.90685272 -54.79895782 10.57778263
v -93.77839661 -54.73772049 10.20071220
v -93.65254211 -54.63011551 9.83336639
v -93.53076172 -54.47701645 9.48122120
v -93.41438293 -54.28052521 9.14925861
v -93.30461884 -54.04401398 8.84195042
v -95.22472382 -51.42996216 13.98477173
v -95.19017029 -51.82002258 13.94197559
v -95.14659882 -52.20460892 13.88170910
v -95.09145355 -52.57833862 13.77826309
v -95.02508545 -52.93582916 13.63292122
v -94.94790649 -53.27183914 13.44722748
v -94.86073303 -53.58190918 13.22425270
v -94.76454926 -53.86189270 12.96763325
v -94.66032410 -54.10763168 12.68100166
v -94.54905701 -54.31512833 12.36809158
v -94.43198395 -54.48177338 12.03350925
v -94.31045532 -54.60569763 11.68231964
v -94.18584442 -54.68504333 11.31959534
v -94.05949402 -54.71804047 10.95041561
v -93.93282318 -54.70439529 10.58001041
v -93.80725098 -54.64487457 10.21371555
v -93.68421173 -54.54029083 9.85687351
v -93.56513214 -54.39148712 9.51480579
v -93.45130920 -54.20051193 9.19235420
v -95.20386505 -51.42996216 13.88669205
v -95.16300201 -51.80842972 13.84873390
v -95.11996460 -52.18158340 13.79046249
v -95.06569672 -52.54419708 13.69029713
v -95.00054169 -52.89105606 13.54948044
v -94.92489624 -53.21707153 13.36951160
v -94.83956146 -53.51792526 13.15337086
v -94.74547577 -53.78958511 12.90458488
v -94.64358521 -54.02801895 12.62668037
v -94.53486633 -54.22934341 12.32327747
v -94.42050934 -54.39103317 11.99884701
v -94.30184174 -54.51127243 11.65830421
v -94.18016815 -54.58825684 11.30656815
v -94.05681610 -54.62027740 10.94856930
v -93.93315125 -54.60703278 10.58938026
v -93.81055450 -54.54928589 10.23418045
v -93.69041443 -54.44781113 9.88815212
v -93.57411194 -54.30343628 9.55645847
v -95.13745117 -51.42996216 13.77739048
v -95.11013031 -51.79741287 13.76739120
v -95.02131653 -51.42996216 13.69178867
v -92.58629608 -52.37997055 8.39433002
v -92.56458282 -52.59966278 8.45747852
v -92.47646332 -52.37997055 8.35988045
v -92.47734833 -52.62479401 8.42053890
v -92.42006683 -52.28790665 8.30909729
v -92.40539551 -52.65705109 8.36240387
v -92.34725189 -52.31106949 8.24776840
v -92.35880280 -52.69013214 8.29549408
v -92.29978180 -52.33482361 8.17758274
v -92.33191681 -52.72491455 8.21922207
v -92.27197266 -52.35979843 8.09786701
v -92.32653046 -52.75926590 8.13822651
v -92.66026306 -52.58396530 8.46951866
v -92.70189667 -52.37997055 8.39024639
v -92.75340271 -51.98622131 8.25281429
v -92.75090027 -52.01429749 8.26123333
v -92.70902252 -51.99058533 8.27628613
v -92.65522003 -51.91932297 8.28044128
v -92.68547821 -51.98866653 8.28475094
v -92.66287231 -51.99514008 8.29287529
v -92.62462616 -52.02534103 8.30662251
v -92.55810547 -51.92155838 8.29295444
v -92.61991882 -51.57680511 8.25103951
v -92.52276611 -51.57747269 8.26338768
v -92.59516144 -51.23214340 8.26098633
v -92.49800873 -51.23124313 8.27334881
v -92.56330872 -52.12462234 8.32866383
v -92.46173096 -51.92824554 8.27832699
v -92.42625427 -51.57947922 8.24826336
v -92.40151215 -51.22853851 8.25826740
v -92.50796509 -52.26986313 8.34852505
v -93.63584900 -50.53501511 13.87946510
v -93.65717316 -50.62454987 13.91373253
v -93.72274017 -50.37997055 13.86378479
v -93.74499512 -50.60917664 13.95406532
v -93.74371338 -50.42652893 13.89461136
v -93.81819916 -50.58905029 14.01607990
v -93.81652069 -50.39947128 13.95453835
v -93.87034607 -50.56589890 14.09529305
v -93.86818695 -50.36856461 14.03141880
v -93.89675903 -50.54154968 14.18629456
v -93.89409637 -50.33604050 14.11996269
v -93.89676666 -50.51808548 14.28160858
v -93.57770538 -50.59957123 13.88995552
v -93.65559387 -50.78502274 13.95608521
v -93.74364471 -50.77114868 13.99668884
v -93.81713104 -50.75338364 14.05918312
v -93.86959076 -50.73309326 14.13899612
v -93.89632416 -50.71173859 14.23062706
v -93.89664459 -50.69099808 14.32650185
v -93.54061890 -50.62400436 13.89664841
v -93.56124115 -50.63349915 13.89932060
v -93.55951691 -50.79369736 13.94170094
v -93.64452362 -51.13149261 14.01711273
v -93.73287964 -51.12507248 14.05888176
v -93.71124268 -51.48323441 14.08047485
v -93.78524017 -51.48466873 14.14485836
v -93.75234985 -51.85163879 14.12443542
v -93.80516052 -51.86428452 14.20558834
v -93.49826813 -50.63545609 13.90429020
v -93.46250916 -50.79659271 13.95429707
v -93.45539093 -50.62838364 13.91202736
v -93.41739655 -50.60566330 13.91888237
v -93.37211609 -50.79370499 13.99188805
v -93.35797882 -50.53709793 13.92960453
v -93.29586792 -50.78504944 14.05236244
v -93.29647827 -50.44770050 13.95229435
v -93.23980713 -50.42659378 14.02943516
v -93.28170776 -50.37997055 13.94336796
v -93.22940826 -50.09634018 13.88825893
v -93.28682709 -50.12438965 13.81394291
v -93.20903778 -49.78498077 13.70989227
v -93.26742554 -49.81958008 13.63918400
v -93.17948151 -49.49663544 13.49725723
v -93.23903656 -49.53730011 13.43087769
v -93.14154053 -49.23540878 13.25330830
v -93.20243073 -49.28157043 13.19191551
v -93.09600830 -49.00538635 12.98101997
v -93.15838623 -49.05638504 12.92520905
v -93.04384613 -48.80983353 12.68400955
v -93.10786438 -48.86494446 12.63430214
v -92.98624420 -48.65101242 12.36669636
v -93.05201721 -48.70946121 12.32351875
v -92.92440033 -48.53112030 12.03354454
v -92.99201202 -48.59209442 11.99723053
v -92.85951233 -48.45235062 11.68902302
v -93.37860107 -50.37997055 13.85842896
v -93.36389160 -50.14191437 13.75648403
v -93.34509277 -49.84119415 13.58397865
v -93.31742096 -49.56270218 13.37837505
v -93.28165436 -49.31040192 13.14252853
v -93.23854828 -49.08824158 12.87930965
v -93.18904114 -48.89936829 12.59221554
v -93.13428497 -48.74597549 12.28551102
v -93.45454407 -50.14776611 13.71990013
v -93.50108337 -50.37997055 13.81561565
v -93.55128479 -50.14190292 13.70629501
v -93.62976837 -50.37997055 13.82278538
v -93.64655304 -50.12434387 13.71765709
v -93.22490692 -52.34976578 13.95361710
v -93.21015167 -52.49521255 13.89916611
v -93.24904633 -52.37997055 13.92699623
v -93.30069733 -52.49037552 13.86215305
v -93.37771606 -52.37997055 13.88889790
v -93.41696167 -52.38386154 13.88635063
v -93.29265594 -52.28615570 13.94139194
v -93.26351166 -52.16600037 13.99594784
v -93.18717194 -52.17601395 14.05610466
v -93.13343811 -52.50970459 13.95791340
v -93.13090515 -52.19204330 14.13473988
v -93.07656860 -52.53290176 14.03429127
v -93.09870148 -52.21261597 14.22494888
v -93.04358673 -52.56267929 14.12160301
v -93.09287262 -52.23371506 14.31017399
v -93.03695679 -52.59321594 14.20385742
v -93.10884094 -52.25590134 14.39385891
v -93.05209351 -52.62532425 14.28441906
v -93.14579010 -52.27780914 14.47083187
v -93.08821106 -52.65703201 14.35830784
v -93.20173645 -52.29804611 14.53607941
v -93.14340210 -52.68631744 14.42070484
v -93.27294922 -52.31518173 14.58493805
v -93.21396637 -52.71111679 14.46715164
v -93.35477448 -52.32820511 14.61465549
v -93.29529572 -52.72996902 14.49503708
v -93.35392761 -52.16265488 13.95846367
v -93.33315277 -52.26555634 13.93408394
v -93.37752533 -52.26017761 13.92607689
v -93.45090485 -52.16600800 13.94576073
v -93.41967773 -52.27416992 13.91847134
v -93.45521545 -52.30268860 13.91205883
v -95.02681732 -52.26959229 14.19120121
v -94.96919250 -52.67463303 14.07850838
v -94.89940643 -53.06207275 13.92040825
v -94.81790161 -53.42623901 13.71857166
v -94.72557068 -53.76231384 13.47633076
v -94.62346649 -54.06578064 13.19762325
v -94.51264954 -54.33213043 12.88638783
v -94.39419556 -54.55702209 12.54666996
v -94.26945496 -54.73763657 12.18346119
v -94.13988495 -54.87194443 11.80225468
v -94.00696564 -54.95793152 11.40854454
v -93.87217712 -54.99369812 11.00783920
v -93.73703003 -54.97890854 10.60580349
v -93.60307312 -54.91440201 10.20822525
v -93.47186279 -54.80105591 9.82089138
v -93.34494781 -54.63978195 9.44957161
v -93.22372437 -54.43279266 9.09951401
v -93.10945892 -54.18364334 8.77542591
v -93.00341034 -53.89595413 8.48198986
v -92.90682220 -53.57335663 8.22387314
v -92.82073212 -53.22019196 8.00490570
v -94.58753204 -53.05795670 13.99569607
v -94.50617218 -53.42120361 13.79438686
v -94.41400909 -53.75642776 13.55277348
v -94.31209564 -54.05913162 13.27478600
v -94.20149231 -54.32480621 12.96435356
v -94.08327484 -54.54913330 12.62551022
v -93.95877838 -54.72929001 12.26323509
v -93.82947540 -54.86325836 11.88300800
v -94.50675964 -53.03435135 13.96988392
v -94.42620087 -53.39234161 13.77159214
v -94.33499908 -53.72270203 13.53358078
v -94.23419952 -54.02100754 13.25972271
v -94.12482452 -54.28282547 12.95388985
v -94.00795746 -54.50389481 12.62005901
v -93.88489532 -54.68144226 12.26313686
v -93.75709534 -54.81347656 11.88852215
v -93.62599945 -54.89801025 11.50161743
v -94.43692017 -53.00329971 13.92616272
v -94.35742950 -53.35436249 13.73184109
v -94.26750183 -53.67832565 13.49856949
v -94.16815186 -53.97085190 13.23014450
v -94.06040192 -54.22760010 12.93036461
v -93.94529724 -54.44438934 12.60312748
v -93.82411957 -54.61850357 12.25324726
v -93.69829559 -54.74798203 11.88601589
v -93.56924438 -54.83088303 11.50673294
v -93.43838501 -54.86536026 11.12070656
v -94.38259125 -52.96662140 13.86698246
v -94.30435944 -53.30949783 13.67735100
v -94.21592712 -53.62591171 13.44967747
v -94.11830139 -53.91162109 13.18766975
v -94.01246643 -54.16238785 12.89503765
v -93.89944458 -54.37412262 12.57558823
v -93.78050232 -54.54417419 12.23402405
v -93.65701294 -54.67063522 11.87551403
v -93.53037262 -54.75160217 11.50523186
v -93.40196991 -54.78527451 11.12836361
v -93.27323151 -54.77135086 10.75024319
v -94.34741211 -52.92691422 13.79657745
v -94.27053833 -53.26092911 13.61202335
v -94.18373108 -53.56916809 13.39041042
v -94.08796692 -53.84749603 13.13535023
v -93.98420715 -54.09178162 12.85045719
v -93.87344360 -54.29804611 12.53944016
v -93.75691223 -54.46370316 12.20687962
v -93.63595581 -54.58689499 11.85781002
v -93.51192474 -54.66576767 11.49727345
v -93.38617706 -54.69857025 11.13032055
v -93.26010132 -54.68500519 10.76214886
v -93.13512421 -54.62583923 10.39806366
v -94.33322144 -52.88670731 13.71954346
v -94.25772095 -53.21175003 13.54013062
v -94.17256165 -53.51170731 13.32465458
v -94.07868195 -53.78255844 13.07662964
v -93.97702026 -54.02028275 12.79957199
v -93.86854553 -54.22100830 12.49709320
v -93.75445557 -54.38221741 12.17364883
v -93.63606262 -54.50209808 11.83414078
v -93.51467896 -54.57885361 11.48347187
v -93.39161682 -54.61077881 11.12655926
v -93.26824188 -54.59757614 10.76846027
v -93.14593506 -54.53999710 10.41433907
v -93.02606964 -54.43882370 10.06936169
v -94.37460327 -52.81117630 13.55660439
v -94.34074402 -52.84846497 13.64064503
v -94.30169678 -53.11936569 13.38684940
v -94.26655579 -53.16497803 13.46612167
v -94.21961975 -53.40377426 13.18290043
v -94.18296051 -53.45706177 13.25648117
v -94.12928009 -53.66057968 12.94809055
v -94.09087372 -53.72080231 13.01514721
v -94.03156281 -53.88597870 12.68575478
v -93.99121094 -53.95228195 12.74554348
v -93.92739105 -54.07629776 12.39931393
v -93.88491058 -54.14773941 12.45118523
v -93.81788635 -54.22914505 12.09299564
v -93.77314758 -54.30471420 12.13641167
v -93.70430756 -54.34281158 11.77144527
v -93.65718842 -54.42145157 11.80599594
v -93.58789062 -54.41558838 11.43931389
v -93.53831482 -54.49619293 11.46471310
v -93.46988678 -54.44585800 11.10126209
v -93.41781616 -54.52727890 11.11734962
v -93.35157776 -54.43333817 10.76208591
v -93.29700470 -54.51441956 10.76883125
v -93.23428345 -54.37874603 10.42668056
v -93.17723846 -54.45835495 10.42418575
v -93.11930847 -54.28281784 10.09994507
v -93.05985260 -54.35983658 10.08844471
v -93.00797272 -54.14633560 9.78676128
v -92.94619751 -54.21966934 9.76662064
v -92.90145111 -53.97116852 9.49156952
v -94.69670105 -52.76398849 13.37543106
v -94.52610016 -51.44145966 14.03309631
v -94.52687836 -51.42996216 14.03290844
v -94.36024475 -53.08383179 13.31673527
v -94.27936554 -53.36225510 13.11721992
v -94.19038391 -53.61366272 12.88749409
v -94.09418488 -53.83432007 12.63081932
v -93.99166107 -54.02063370 12.35054779
v -93.88392639 -54.17026901 12.05081654
v -93.77219391 -54.28154755 11.73617363
v -93.65768433 -54.35279083 11.41117287
v -93.54162598 -54.38242340 11.08037567
v -93.42527008 -54.37016678 10.74847698
v -93.30990601 -54.31672287 10.42027092
v -93.19680786 -54.22281265 10.10055161
v -93.08727264 -54.08920288 9.79409885
v -92.98246002 -53.91771698 9.50526047
v -92.88340759 -53.71130753 9.23793793
v -94.35786438 -53.33632278 13.06515503
v -94.36116791 -53.57456970 12.80488205
v -94.36188507 -53.80207062 12.53526974
v -94.26973724 -53.58435440 12.83860397
v -94.17448425 -53.80205154 12.58546638
v -94.07299805 -53.98586655 12.30904865
v -93.96636200 -54.13349152 12.01343250
v -93.85578918 -54.24327469 11.70310402
v -93.74247742 -54.31356049 11.38255692
v -93.62762451 -54.34279633 11.05629158
v -93.51248932 -54.33070374 10.72894001
v -93.39833069 -54.27798080 10.40523052
v -93.28640747 -54.18532944 10.08989525
v -93.17800140 -54.05351257 9.78764725
v -93.07424927 -53.88433075 9.50277805
v -92.97618103 -53.68069077 9.23913479
v -92.88482666 -53.44554901 9.00054550
v -94.26622772 -53.79127502 12.55292511
v -94.26039124 -53.98588562 12.25884914
v -94.16508484 -53.97425461 12.27779484
v -94.05881500 -54.12121201 11.98355198
v -93.94863129 -54.23049545 11.67466450
v -93.83571625 -54.30046463 11.35560513
v -93.72127533 -54.32956314 11.03085232
v -93.60654449 -54.31752777 10.70501900
v -93.49278259 -54.26504135 10.38281155
v -93.38125610 -54.17281342 10.06893921
v -93.27322388 -54.04159164 9.76809502
v -93.16982269 -53.87318039 9.48455048
v -93.07209015 -53.67046738 9.22213650
v -92.98103333 -53.43639374 8.98466206
v -92.89767456 -53.17391586 8.77592564
v -94.15375519 -54.13351440 11.96323013
v -94.04318237 -54.24329758 11.65289974
v -93.92986298 -54.31358719 11.33234978
v -93.81501770 -54.34282303 11.00608158
v -93.69988251 -54.33073044 10.67872715
v -93.58571625 -54.27800369 10.35501480
v -93.47380066 -54.18535233 10.03967571
v -93.36538696 -54.05353546 9.73742485
v -93.26163483 -53.88434982 9.45255280
v -93.16356659 -53.68070984 9.18890667
v -93.07221222 -53.44556808 8.95031548
v -92.98859406 -53.18189240 8.74059296
v -92.91355133 -52.89322662 8.56287193
v -93.42743683 -54.96995163 10.68962765
v -93.22766113 -54.85521317 10.32203770
v -93.04972839 -54.67964172 9.97724819
v -92.89958954 -54.45204544 9.66283703
v -92.78083038 -54.18410873 9.38287163
v -92.69435883 -53.88776016 9.13843822
v -92.63931274 -53.57320404 8.92836475
v -92.62146759 -53.24386215 8.75369930
v -92.63103485 -52.91312027 8.60311222
v -93.29375458 -54.90561295 10.29306984
v -93.09824371 -54.74378586 9.94140053
v -92.92646027 -54.52417374 9.61954689
v -92.78395844 -54.25716400 9.33365154
v -92.67391205 -53.95559692 9.08618927
v -92.59695435 -53.63098526 8.87726784
v -92.55201721 -53.29283142 8.70492840
v -92.54467010 -52.94498444 8.56944847
v -93.16281128 -54.79254913 9.90673065
v -92.97304535 -54.58525085 9.57650375
v -92.80867767 -54.32464218 9.28234100
v -92.67488098 -54.02259064 9.02891827
v -92.57452393 -53.69173431 8.81762123
v -92.50800323 -53.34305191 8.64762306
v -92.47384644 -52.98588943 8.51551819
v -93.03614807 -54.63167953 9.53636456
v -92.85344696 -54.38177872 9.23250771
v -92.69760895 -54.08447266 8.97016907
v -92.57353973 -53.75173187 8.75304413
v -92.48381805 -53.39585495 8.58144855
v -92.42840576 -53.02783203 8.45292187
v -92.91516876 -54.42521667 9.18720722
v -92.74069214 -54.13686752 8.91403961
v -92.59445953 -53.80714798 8.68754673
v -92.48110962 -53.44800186 8.51042366
v -92.40273285 -53.07193756 8.38118362
v -92.80113220 -54.17669678 8.86395454
v -92.63600922 -53.85406876 8.62570381
v -92.50042725 -53.49617004 8.43897343
v -92.39855194 -53.11549377 8.30466557
v -92.69528198 -53.88973236 8.57127666
v -92.54062653 -53.53695297 8.37208843
v -92.41651154 -53.15572357 8.22814083
v -92.96256256 -52.33752823 7.99056005
v -92.25195312 -51.96678543 8.10142517
v -92.30001068 -51.95269394 8.17378998
v -92.37339020 -51.93894958 8.23724365
v -92.89593506 -52.02213669 7.82618713
v -92.89175415 -51.98488617 7.82049417
v -92.80692291 -51.60128784 7.70094681
v -92.71295166 -51.19340897 7.64285994
v -92.63329315 -50.77435684 7.66237259
v -92.26404572 -51.58681488 8.14191532
v -92.33769989 -51.58269501 8.20638752
v -92.31297302 -51.22421265 8.21645832
v -92.50268555 -49.92254639 8.70017815
v -92.59934235 -49.92939377 8.68600178
v -92.57325745 -49.96049881 7.90010071
v -92.62432098 -49.64543915 8.88154507
v -92.71527100 -49.63727951 8.84635162
v -92.42990112 -48.64365768 9.01370239
v -92.43201447 -48.44544983 9.39959431
v -92.45453644 -48.31016159 9.80289650
v -92.49781799 -48.23723602 10.21034431
v -92.56124115 -48.22223282 10.61028767
v -92.64304352 -48.25761795 10.99384403
v -92.74111938 -48.33468246 11.35523605
v -92.74884796 -49.37736893 9.07399845
v -92.82759094 -49.34938431 9.02370453
v -92.86972809 -49.11566162 9.28329468
v -92.93151093 -49.06586838 9.22586727
v -93.02388000 -48.79114914 9.46116066
v -93.10117340 -48.53273010 9.73602200
v -93.16115570 -48.30121231 10.05408955
v -93.20502472 -48.10993576 10.41484451
v -93.23334503 -47.97182083 10.81316185
v -93.26142120 -47.90994644 11.23473358
v -93.28106689 -47.91145325 11.66749859
v -92.49393463 -48.40153885 9.35503578
v -92.50140381 -48.24858475 9.76090145
v -92.52731323 -48.16103363 10.17684937
v -92.57212067 -48.13714600 10.58998966
v -92.63529968 -48.17005920 10.98902225
v -92.71530151 -48.25123596 11.36586857
v -92.81030273 -48.37196350 11.71579552
v -92.98196411 -48.86043549 9.51651669
v -92.56472015 -48.20177841 9.72156048
v -92.57612610 -48.09651184 10.14210033
v -92.60399628 -48.05855179 10.56539059
v -92.64881897 -48.08358765 10.97858810
v -92.71025848 -48.16349792 11.37112617
v -92.78704834 -48.28952408 11.73596382
v -92.87763977 -48.45286179 12.06943321
v -93.08226776 -48.61708832 9.78141212
v -93.16693115 -48.39424133 10.08378601
v -93.23345947 -48.20312881 10.42626476
v -93.28256989 -48.05593491 10.80659676
v -93.31442261 -47.96486282 11.21808529
v -93.34361267 -47.95233917 11.64382839
v -93.36239624 -48.00453186 12.07335663
v -92.64091492 -48.04747009 10.10826778
v -92.65483093 -47.99200821 10.53817654
v -92.68314362 -48.00371552 10.96310043
v -92.72644806 -48.07685471 11.37064552
v -92.78469086 -48.20284271 11.75124741
v -92.85688019 -48.37260056 12.09895039
v -92.94184113 -48.57598877 12.41139412
v -92.72116089 -47.94142532 10.51007175
v -92.73603821 -47.93608856 10.94360161
v -92.76322937 -47.99682236 11.36435223
v -92.80353546 -48.11724091 11.76066780
v -92.85716248 -48.28821182 12.12406349
v -92.92350769 -48.49904633 12.44994450
v -93.00168610 -48.73909760 12.73708916
v -92.80393982 -47.88468170 10.92136002
v -92.81821442 -47.92905807 11.35263824
v -92.84276581 -48.03817368 11.76352024
v -92.87860870 -48.20487595 12.14319134
v -92.92633057 -48.41814804 12.48455620
v -92.98565674 -48.66655350 12.78423595
v -93.05594635 -48.93992996 13.04193211
v -92.88770294 -47.87754822 11.33631420
v -92.89982605 -47.97122574 11.75954914
v -92.92024231 -48.12789917 12.15501022
v -92.95028687 -48.33826065 12.51306534
v -92.99090576 -48.59027863 12.82788467
v -93.04206848 -48.87280273 13.09711170
v -93.10340118 -49.17616272 13.32138634
v -92.97088623 -47.92033386 11.74911118
v -92.97933197 -48.06272125 12.15863037
v -92.99424744 -48.26446915 12.53354931
v -93.01725006 -48.51495361 12.86531925
v -93.04957581 -48.80221939 13.14920712
v -93.09149170 -49.11540222 13.38391590
v -93.14305878 -49.44444275 13.57173634
v -93.05194092 -48.01317596 12.15396214
v -93.05530548 -48.20198441 12.54450512
v -93.06341553 -48.44538116 12.89404678
v -93.07816315 -48.73251724 13.19498348
v -93.10107422 -49.05151749 13.44373894
v -93.13291168 -49.39091492 13.64083004
v -93.17410278 -49.74057007 13.78992653
v -93.12940979 -48.15449142 12.54541302
v -93.12634277 -48.38647079 12.91198254
v -93.12639618 -48.66813278 13.23141575
v -93.13169861 -48.98842621 13.49714565
v -93.14434052 -49.33463287 13.70755482
v -93.16547394 -49.69502640 13.86471844
v -93.19570923 -50.06033707 13.97292328
v -93.20187378 -48.34169006 12.91819572
v -93.19107056 -48.61362076 13.25587559
v -93.18182373 -48.93015289 13.54062557
v -93.17679596 -49.27905273 13.76777744
v -93.17851257 -49.64714050 13.93743324
v -93.18836212 -50.02341461 14.05246353
v -93.20708466 -50.39950562 14.11772633
v -93.23973846 -50.77119064 14.13150597
v -93.28479767 -51.13150406 14.11338806
v -93.36084747 -51.13550949 14.05218601
v -93.33908081 -51.48141098 14.07327461
v -93.42938232 -51.48117447 14.03537655
v -93.39695740 -51.82470703 14.01669598
v -93.49401855 -51.82651138 14.00429153
v -93.28107452 -48.91086578 12.56076527
v -93.33023834 -49.09887695 12.84658623
v -93.37303162 -49.32003021 13.10864067
v -93.40852356 -49.57118225 13.34344673
v -93.43595123 -49.84841156 13.54814720
v -93.26792145 -48.57218552 13.26704693
v -93.24809265 -48.88081360 13.57105350
v -93.22859955 -49.22771454 13.81755352
v -93.21254730 -49.59984970 14.00357151
v -93.20272827 -49.98458862 14.13017178
v -93.20072937 -50.37172699 14.20098495
v -93.20770264 -50.75340652 14.22236729
v -93.22897339 -51.12509155 14.19369507
v -93.26307678 -51.48210907 14.13467026
v -93.30661774 -51.82650757 14.05447769
v -93.42594147 -49.08821869 12.82911396
v -93.56214905 -49.28149033 13.09560680
v -93.68338013 -49.49650574 13.36239910
v -93.78353119 -49.74051285 13.62672806
v -93.85570526 -50.01921082 13.88247395
v -93.32616425 -48.84330750 13.58676243
v -93.29630280 -49.18424606 13.85331249
v -93.26582336 -49.55616760 14.05881119
v -93.23809052 -49.94625092 14.20124054
v -93.21614838 -50.34251785 14.28260326
v -93.20205688 -50.73516846 14.30826283
v -93.19734192 -51.11686325 14.28605080
v -93.20733643 -51.48323059 14.21528816
v -93.23052216 -51.83190155 14.11552429
v -93.46904755 -49.31038284 13.09233475
v -93.50482178 -49.56268311 13.32818317
v -93.53248596 -49.84117889 13.53378868
v -93.37545776 -49.15120697 13.87307453
v -93.33476257 -49.51918411 14.09919834
v -93.29257965 -49.91083908 14.26103401
v -93.25254822 -50.31367111 14.35753345
v -93.21821594 -50.71599197 14.39265251
v -93.19210815 -51.10842133 14.37347794
v -93.17581177 -51.48466873 14.30804157
v -93.17463684 -51.84053802 14.19558334
v -93.59875488 -49.53722763 13.33457756
v -93.71293640 -49.78487015 13.57504845
v -93.80513763 -50.06028748 13.80973053
v -93.41486359 -49.49106979 14.12247849
v -93.36255646 -49.88085175 14.30527782
v -93.30799103 -50.28702927 14.42089462
v -93.25534821 -50.69705200 14.47032070
v -93.20869446 -51.09954453 14.45947742
v -93.17068481 -51.48614120 14.39587593
v -93.14291382 -51.85162354 14.28761959
v -93.62715149 -49.81951904 13.54289246
v -93.44344330 -49.85805893 14.33149052
v -93.37877655 -50.26446915 14.46815777
v -93.31147003 -50.67956161 14.53621006
v -93.24625397 -51.09078217 14.53873730
v -93.18739319 -51.48769379 14.48230553
v -93.13758850 -51.86299133 14.37471867
v -93.73330688 -50.09625244 13.75342560
v -93.46028137 -50.24731827 14.49666595
v -93.38282776 -50.66474915 14.58561325
v -93.30277252 -51.08268738 14.60609627
v -93.22505951 -51.48922348 14.56198883
v -93.15409088 -51.87494278 14.46037483
v -93.46475983 -50.65348816 14.61574745
v -93.37446594 -51.07583237 14.65674305
v -93.28168488 -51.49063873 14.62973881
v -93.19155121 -51.88674545 14.53929424
v -93.45664978 -51.07061768 14.68782043
v -93.35346222 -51.49183655 14.68071651
v -93.24798584 -51.89764786 14.60633945
v -93.45117188 -51.13684845 14.01435184
v -93.54824829 -51.13550949 14.00199986
v -93.80677795 -51.11685181 14.12286758
v -93.85968781 -51.10746002 14.20438480
v -93.88690186 -51.09757996 14.29780960
v -93.88768768 -51.08797836 14.39542770
v -93.86183929 -51.07945251 14.48924160
v -93.43571472 -51.49274826 14.71204472
v -93.31961060 -51.90687943 14.65672016
v -93.52647400 -51.48141098 14.02308846
v -93.62280273 -51.48211288 14.03839588
v -93.83827972 -51.48630905 14.22682953
v -93.86562347 -51.48803711 14.32073307
v -93.86653137 -51.48971558 14.41881561
v -93.84078979 -51.49120331 14.51304054
v -93.80140686 -51.49217606 14.58049297
v -93.40174103 -51.91389847 14.68759346
v -93.59024811 -51.83191681 14.01924801
v -93.67854309 -51.84056473 14.06076813
v -93.83227539 -51.87759399 14.29863071
v -93.83296204 -51.89052200 14.39587688
v -93.80702209 -51.90200424 14.48935890
v -93.76750183 -51.90948486 14.55632782
v -93.22383881 -53.11350250 14.33068752
v -93.14091492 -53.47311783 14.12356186
v -93.04723358 -53.80358887 13.87627411
v -92.94389343 -54.10073090 13.59294605
v -92.83205414 -54.36050415 13.27790546
v -92.71287537 -54.57886505 12.93548203
v -92.58759308 -54.75228119 12.57027054
v -92.45767212 -54.87893295 12.18774128
v -93.14317322 -53.08908844 14.30528355
v -93.06108093 -53.44348907 14.10125923
v -92.96838379 -53.76917267 13.85765648
v -92.86616516 -54.06200790 13.57853699
v -92.75558472 -54.31801224 13.26816559
v -92.63776398 -54.53320694 12.93080807
v -92.51392365 -54.70410919 12.57099152
v -92.38552094 -54.82892227 12.19410801
v -92.25402832 -54.90618134 11.80572605
v -93.07347870 -53.05697250 14.26210213
v -92.99247742 -53.40451431 14.06215858
v -92.90108490 -53.72389221 13.82340431
v -92.80035400 -54.01106262 13.54982090
v -92.69141388 -54.26211166 13.24559116
v -92.57537842 -54.47314072 12.91489601
v -92.45344543 -54.64073563 12.56217766
v -92.32702637 -54.76313019 12.19272137
v -92.19758606 -54.83889389 11.81198978
v -92.06658936 -54.86659622 11.42544365
v -93.01932526 -53.01904678 14.20356178
v -92.93962097 -53.35848618 14.00844002
v -92.84975433 -53.67041779 13.77541065
v -92.75077820 -53.95089340 13.50836468
v -92.64377594 -54.19609070 13.21138573
v -92.52985382 -54.40219879 12.88855934
v -92.41016388 -54.56588745 12.54422283
v -92.28609467 -54.68542862 12.18353939
v -92.15907288 -54.75942612 11.81184292
v -92.03053284 -54.78648376 11.43446827
v -91.90190125 -54.76558685 11.05674839
v -92.98432922 -52.97798538 14.13385010
v -92.90602112 -53.30865097 13.94394684
v -92.81781769 -53.61252594 13.71711731
v -92.72073364 -53.88574982 13.45714760
v -92.61583710 -54.12461472 13.16802025
v -92.50419617 -54.32539368 12.85371304
v -92.38694000 -54.48485565 12.51845169
v -92.26541901 -54.60130692 12.16726494
v -92.14102173 -54.67339325 11.80535126
v -92.01513672 -54.69974899 11.43790531
v -91.88916779 -54.67938995 11.07012367
v -91.76450348 -54.61312866 10.70720387
v -92.97032166 -52.93640518 14.05751610
v -92.89343262 -53.25819016 13.87289810
v -92.80691528 -53.55390167 13.65234470
v -92.71175385 -53.81978607 13.39954281
v -92.60898590 -54.05223465 13.11836529
v -92.49965668 -54.24762344 12.81268501
v -92.38485718 -54.40279770 12.48661232
v -92.26591492 -54.51612473 12.14504337
v -92.14416504 -54.58627319 11.79303455
v -92.02098083 -54.61192322 11.43564224
v -91.89770508 -54.59210968 11.07792377
v -91.77570343 -54.52762985 10.72493553
v -91.65631866 -54.41979980 10.38173485
v -92.97802734 -52.89685822 13.97928333
v -92.90248108 -53.21019745 13.79969215
v -92.81755829 -53.49814606 13.58510876
v -92.72422791 -53.75705338 13.33912277
v -92.62348938 -53.98339462 13.06550694
v -92.51635742 -54.17365646 12.76803112
v -92.40390015 -54.32475662 12.45069885
v -92.28740692 -54.43510818 12.11827564
v -92.16818237 -54.50341415 11.77568722
v -92.04756165 -54.52839279 11.42785740
v -91.92684937 -54.50910187 11.07970905
v -91.80737305 -54.44631195 10.73616791
v -91.69045258 -54.34131241 10.40215683
v -91.57740784 -54.19540024 10.08259964
v -93.01206207 -52.85829544 13.89589310
v -92.93782806 -53.16339874 13.72120285
v -92.85446930 -53.44377899 13.51244068
v -92.76291656 -53.69587708 13.27310181
v -92.66414642 -53.91627502 13.00685883
v -92.55915833 -54.10153198 12.71738243
v -92.44898987 -54.24866104 12.40857220
v -92.33488464 -54.35610962 12.08506870
v -92.21812439 -54.42262268 11.75166607
v -92.09999847 -54.44694138 11.41315937
v -91.98178864 -54.42815781 11.07434368
v -91.86478424 -54.36701965 10.74001312
v -91.75026703 -54.26478195 10.41496277
v -91.63951111 -54.12270355 10.10398674
v -91.53379822 -53.94222641 9.81178188
v -93.14698029 -52.80948639 13.76573181
v -93.23769379 -52.80321884 13.72935486
v -93.16533661 -53.09655762 13.56166553
v -93.06975555 -52.82825470 13.82257080
v -92.99654388 -53.12693787 13.65169907
v -92.91439819 -53.40142059 13.44747257
v -92.82423401 -53.64822006 13.21331120
v -92.72700500 -53.86397552 12.95281219
v -92.62368774 -54.04533768 12.66956902
v -92.51529694 -54.18937302 12.36739826
v -92.40305328 -54.29456329 12.05084324
v -92.28821564 -54.35967636 11.72459698
v -92.17203522 -54.38348389 11.39335442
v -92.05577087 -54.36509705 11.06180954
v -91.94068909 -54.30524445 10.73465538
v -91.82803345 -54.20515442 10.41658592
v -91.71907806 -54.06606293 10.11229515
v -91.61504364 -53.88938141 9.82638073
v -91.51698303 -53.67787170 9.56274509
v -93.70194244 -52.69801712 14.30186939
v -93.63160706 -53.07212067 14.14172649
v -93.55009460 -53.42289734 13.93985844
v -93.45808411 -53.74525070 13.69881725
v -93.35665131 -54.03509140 13.42262268
v -93.66156769 -52.71811295 14.36565113
v -93.59052277 -53.09814835 14.20286274
v -93.50812531 -53.45448303 13.99768734
v -93.41506195 -53.78194427 13.75271702
v -93.31242371 -54.07637787 13.47203636
v -93.20137787 -54.33377838 13.15993214
v -93.60726929 -52.73325729 14.42011070
v -93.53569794 -53.11775970 14.25532818
v -93.45262909 -53.47828674 14.04766083
v -93.35877228 -53.80959320 13.79973030
v -93.25523376 -54.10748672 13.51566792
v -93.14317322 -54.36791611 13.19981384
v -93.02376556 -54.58683014 12.85650730
v -93.07440948 -53.10416412 13.59724617
v -93.08420563 -53.36612320 13.36121750
v -92.99301910 -53.37496185 13.39585209
v -92.90371704 -53.61844635 13.16492558
v -92.80745697 -53.83131027 12.90801430
v -92.70518494 -54.01023865 12.62866497
v -92.59790039 -54.15233994 12.33064175
v -92.48682404 -54.25611496 12.01842690
v -92.37317657 -54.32035446 11.69665241
v -92.25821686 -54.34384537 11.36994743
v -92.14317322 -54.32570267 11.04294395
v -92.02928925 -54.26665115 10.72027302
v -91.91780853 -54.16790771 10.40656471
v -91.80996704 -54.03068542 10.10645008
v -91.70698547 -53.85637283 9.82446480
v -91.60989380 -53.64770508 9.56445885
v -91.51963806 -53.40798187 9.32998085
v -92.99519348 -53.60850525 13.13137150
v -92.89924622 -53.82040024 12.87565899
v -92.79732513 -53.99851608 12.59760952
v -92.69041443 -54.13997269 12.30097103
v -92.57971954 -54.24327850 11.99020576
v -92.46647644 -54.30722427 11.66992378
v -92.35192108 -54.33060837 11.34473419
v -92.23728180 -54.31254959 11.01924706
v -92.12380219 -54.25376511 10.69807243
v -92.01271057 -54.15547180 10.38582039
v -91.90524292 -54.01887131 10.08710003
v -91.80261230 -53.84535217 9.80642700
v -91.70584869 -53.63763046 9.54763412
v -91.61589050 -53.39899826 9.31425190
v -91.53368378 -53.13275146 9.10981178
v -92.05443573 -48.01731873 12.04247952
v -92.13247681 -48.11456680 12.43608761
v -92.20675659 -48.25914383 12.81564140
v -92.27593231 -48.44844437 13.17613888
v -92.33868408 -48.67945099 13.51269436
v -92.39371490 -48.94915390 13.82042599
v -92.43978119 -49.25428391 14.09469032
v -92.47598267 -49.59023285 14.33214474
v -92.50154114 -49.95194626 14.52987480
v -92.51567841 -50.33436966 14.68496990
v -92.51766205 -50.73237991 14.79471970
v -92.50720215 -51.14034653 14.85804367
v -92.48423004 -51.55239487 14.87464523
v -92.44865417 -51.96264648 14.84423065
v -92.40043640 -52.36524200 14.76663208
v -92.33995056 -52.75465393 14.64321995
v -92.26782990 -53.12555695 14.47641563
v -92.18473816 -53.47263336 14.26866150
v -92.09133911 -53.79061127 14.02245045
v -91.98858643 -54.07509613 13.74130821
v -91.87768555 -54.32254028 13.42975426
v -91.75984955 -54.52941895 13.09234810
v -91.63631439 -54.69224548 12.73365974
v -91.50842285 -54.80860901 12.35869026
v -91.37765503 -54.87755585 11.97302723
v -91.24553680 -54.89823914 11.58229637
v -91.11357117 -54.86981583 11.19212246
v -90.98323059 -54.79234695 10.80804634
v -90.85597229 -54.66760635 10.43544292
v -90.73321533 -54.49757385 10.07967091
v -90.61640930 -54.28421021 9.74608803
v -92.08304596 -48.06202698 12.46606159
v -92.09898376 -48.17102432 12.88495731
v -92.15890503 -48.20889282 12.85152340
v -92.22958374 -48.40119171 13.21762562
v -92.29373932 -48.63586044 13.55940723
v -92.35004425 -48.90983582 13.87190628
v -92.39724731 -49.21979904 14.15040874
v -92.43443298 -49.56107330 14.39151573
v -92.46080017 -49.92852020 14.59227085
v -92.47556305 -50.31700516 14.74971485
v -92.47798157 -50.72132492 14.86109543
v -92.46776581 -51.13575745 14.92531586
v -92.44483185 -51.55433655 14.94207191
v -92.40910339 -51.97108841 14.91106796
v -92.36052704 -52.38006592 14.83213139
v -92.29948425 -52.77564621 14.70665359
v -92.22662354 -53.15242767 14.53709507
v -92.14262390 -53.50500488 14.32594013
v -92.04814911 -53.82802200 14.07571793
v -91.94417572 -54.11701965 13.79001141
v -91.83191681 -54.36838150 13.47341251
v -91.71262360 -54.57854080 13.13055038
v -91.58753967 -54.74394608 12.76606941
v -91.45801544 -54.86215591 12.38504887
v -91.32559204 -54.93219376 11.99316502
v -91.19178009 -54.95320511 11.59613228
v -91.05812836 -54.92433167 11.19966602
v -90.92613220 -54.84563446 10.80939293
v -90.79725647 -54.71891785 10.43077564
v -90.67296600 -54.54619217 10.06925678
v -90.55471039 -54.32944870 9.73027802
v -90.44385529 -54.07127762 9.41890812
v -91.92477417 -48.61014557 13.67872334
v -91.90359497 -48.92351913 13.97768784
v -91.88249969 -49.27435303 14.21821880
v -91.86466980 -49.64969254 14.39757538
v -91.85304260 -50.03667450 14.51743317
v -91.84934998 -50.42491531 14.58192730
v -91.85462189 -50.80683136 14.59697533
v -91.87415314 -51.17805862 14.56178951
v -91.90657806 -51.53421402 14.49653625
v -91.94861603 -51.87745285 14.41070747
v -91.99444580 -52.21209335 14.30918884
v -92.17078400 -48.36558533 13.25528431
v -92.23600006 -48.60301208 13.60100365
v -92.29327393 -48.88020706 13.91709709
v -92.34132385 -49.19381714 14.19879246
v -92.37924194 -49.53910065 14.44265270
v -92.40622711 -49.91086960 14.64568520
v -92.42146301 -50.30392075 14.80489922
v -92.42420959 -50.71299362 14.91751003
v -92.41417694 -51.13230133 14.98240566
v -92.39127350 -51.55580139 14.99927902
v -92.35542297 -51.97745132 14.96783066
v -92.30657959 -52.39123535 14.88788509
v -92.24511719 -52.79146576 14.76085091
v -92.17170715 -53.17267609 14.58921814
v -92.08701324 -53.52939987 14.37549877
v -91.99173737 -53.85621643 14.12225342
v -91.88683319 -54.14860916 13.83310795
v -91.77355957 -54.40292740 13.51270676
v -91.65316772 -54.61555862 13.16573429
v -91.52690887 -54.78290939 12.79688835
v -91.39617157 -54.90250397 12.41130829
v -91.26248169 -54.97336960 12.01473618
v -91.12740326 -54.99462509 11.61295509
v -90.99247742 -54.96541214 11.21174622
v -90.85923004 -54.88578796 10.81680393
v -90.72914124 -54.75758743 10.43365479
v -90.60368347 -54.58282852 10.06780434
v -90.48434448 -54.36353683 9.72476006
v -90.37248993 -54.10232925 9.40964985
v -90.26921082 -53.80342865 9.12656116
v -91.98183441 -48.88663864 13.99403572
v -91.95040131 -49.23180389 14.25471497
v -91.91813660 -49.60720062 14.45354652
v -91.88857269 -49.99971390 14.58913708
v -91.86489868 -50.39717484 14.66403008
v -91.84905243 -50.79003143 14.68317318
v -91.84255219 -51.17125702 14.65427303
v -91.85083771 -51.53645325 14.57712173
v -91.87248993 -51.88354111 14.47165775
v -91.90401459 -52.21566010 14.34661579
v -91.93967438 -52.53773880 14.20710754
v -92.02970886 -49.19945908 14.27503777
v -91.98724365 -49.57122421 14.49455166
v -91.94322205 -49.96557999 14.64951706
v -91.90142059 -50.36977768 14.73944092
v -91.86530304 -50.77236938 14.76788139
v -91.83734894 -51.16428375 14.74183083
v -91.81929779 -51.53932953 14.66983318
v -91.81655884 -51.89328384 14.55156040
v -91.82763672 -52.22634888 14.40660095
v -91.84910583 -52.54279327 14.24403763
v -91.87517548 -52.84790421 14.06873989
v -92.06746674 -49.54387283 14.51830006
v -92.01332855 -49.93667603 14.69425392
v -91.95698547 -50.34447479 14.80324459
v -91.90251923 -50.75492477 14.84586525
v -91.85398102 -51.15694809 14.82796860
v -91.81415558 -51.54227829 14.75762653
v -91.78479004 -51.90579224 14.64339733
v -91.77129364 -52.24346161 14.48495865
v -91.77232361 -52.55792999 14.30253315
v -91.78443146 -52.85437393 14.10500717
v -91.80149841 -53.13814926 13.89612770
v -92.09431458 -49.91470337 14.72083855
v -92.02787018 -50.32304764 14.85088062
v -91.95871735 -50.73881149 14.91204548
v -91.89157104 -51.14970779 14.90736389
v -91.83085632 -51.54537582 14.84401131
v -91.77941132 -51.91862106 14.73029232
v -91.73899078 -52.26542282 14.57481194
v -91.71534729 -52.58216476 14.37850857
v -91.70711517 -52.87375259 14.16151810
v -91.71053314 -53.14594269 13.93157578
v -91.71920776 -53.40406036 13.69135571
v -92.10944366 -50.30676270 14.87966824
v -92.03014374 -50.72517014 14.96169376
v -91.94812012 -51.14301682 14.97484875
v -91.86850739 -51.54843903 14.92364979
v -91.79585266 -51.93210983 14.81573391
v -91.73306274 -52.28794861 14.65967369
v -91.68222046 -52.61327362 14.46530247
v -91.64928436 -52.90477371 14.23431587
v -91.63256836 -53.16928864 13.98563480
v -91.62798309 -53.41306686 13.72583866
v -91.62908936 -53.64196014 13.45737267
v -92.11212921 -50.71480179 14.99201202
v -92.01984406 -51.13735580 15.02560139
v -91.92512512 -51.55126572 14.99135876
v -91.83325958 -51.94543076 14.89444065
v -91.74893188 -52.31163025 14.74297714
v -91.67545319 -52.64517212 14.54702663
v -91.61507416 -52.94458771 14.31703281
v -91.57368469 -53.20665741 14.05450630
v -91.54924011 -53.44004440 13.77700520
v -91.53756714 -53.65205383 13.49075603
v -91.53215027 -53.84888458 13.19795799
v -92.10205078 -51.13305283 15.05676079
v -91.99689484 -51.55366135 15.04230404
v -91.88964081 -51.95773315 14.96128845
v -91.78577423 -52.33501434 14.81957150
v -91.69044495 -52.67871475 14.62703133
v -91.60718536 -52.98542023 14.39457512
v -91.53811646 -53.25462341 14.13218403
v -91.48911285 -53.48323441 13.84124756
v -91.45794678 -53.68228531 13.53863144
v -91.44030762 -53.85992432 13.23012638
v -91.42942810 -54.02188873 12.91692448
v -92.07913971 -51.55548096 15.07360935
v -91.96121979 -51.96815109 15.01150417
v -91.84163666 -52.35661697 14.88446808
v -91.72640991 -52.71183777 14.70036888
v -91.62099457 -53.02835464 14.47018242
v -91.52884674 -53.30381393 14.20455742
v -91.45195770 -53.53866577 13.91298199
v -91.39640808 -53.73067474 13.59760475
v -91.35971069 -53.89297867 13.27436256
v -91.33723450 -54.03371429 12.94777870
v -91.32192993 -54.15805054 12.61809254
v -92.04331970 -51.97607040 15.04225731
v -91.91276550 -52.37490845 14.93303299
v -91.78146362 -52.74243546 14.76225758
v -91.65579987 -53.07075500 14.53917694
v -91.54119873 -53.35553360 14.27473068
v -91.44105530 -53.59551239 13.97926140
v -91.35743713 -53.79278946 13.66257763
v -91.29661560 -53.94589996 13.32751083
v -91.25557709 -54.06913757 12.98808098
v -91.22936249 -54.17050171 12.64755249
v -91.21078491 -54.25535965 12.30564690
v -91.99452972 -52.38880920 14.96253109
v -91.85191345 -52.76834106 14.80827427
v -91.70977783 -53.10991669 14.59705544
v -91.57456207 -53.40661240 14.33835983
v -91.45169067 -53.65528488 14.04302692
v -91.34467316 -53.85648727 13.72192097
v -91.25563812 -54.01382065 13.38500595
v -91.19078827 -54.12583923 13.03493118
v -91.14659119 -54.20778275 12.68367672
v -91.11782837 -54.26825333 12.33364964
v -91.09725189 -54.31301880 11.98425770
v -91.93315887 -52.78803253 14.83583450
v -91.77931213 -53.14307404 14.63967514
v -91.62721252 -53.45379257 14.39128208
v -91.48336029 -53.71431732 14.10032845
v -91.35335541 -53.92346573 13.77839470
v -91.24082184 -54.08348083 13.43668270
v -91.14765167 -54.19861984 13.08434200
v -91.08000946 -54.26746368 12.72383881
v -91.03388214 -54.30686569 12.36541080
v -91.00389099 -54.32617569 12.01076317
v -90.98257446 -54.33031464 11.65863132
v -91.85987091 -53.16827774 14.66465187
v -91.69563293 -53.49374008 14.42970467
v -91.53444672 -53.76883698 14.14740562
v -91.38309479 -53.98960495 13.82849407
v -91.24734497 -54.15672302 13.48509312
v -91.13061523 -54.27326202 13.12772751
v -91.03457642 -54.34407043 12.76466656
v -90.96543884 -54.36867523 12.39858723
v -90.91873932 -54.36557388 12.03803825
v -90.88880920 -54.34355164 11.68361855
v -90.86802673 -54.30654526 11.33347034
v -91.77532959 -53.52410126 14.45148945
v -91.60153198 -53.81500244 14.18087864
v -91.43239594 -54.05070114 13.86891937
v -91.27494812 -54.22904968 13.52723122
v -91.13479614 -54.35174179 13.16742229
v -91.01517487 -54.42263031 12.79924965
v -90.91759491 -54.44801331 12.43044949
v -90.84837341 -54.42864990 12.06403351
v -90.80244446 -54.38318634 11.70635033
v -90.77384949 -54.31967163 11.35694313
v -90.75483704 -54.24176025 11.01340771
v -91.68022156 -53.85009384 14.19890022
v -91.49797821 -54.10242844 13.89675999
v -91.32228088 -54.29585648 13.56030178
v -91.16010284 -54.42924500 13.20095158
v -91.01688385 -54.50523376 12.82968807
v -90.89573669 -54.52937698 12.45583725
v -90.79805756 -54.50960541 12.08667850
v -90.73012543 -54.44664001 11.72507191
v -90.68627167 -54.35898590 11.37513638
v -90.66027069 -54.25459290 11.03538895
v -90.64422607 -54.13745117 10.70293999
v -91.57552338 -54.14175034 13.91050243
v -91.38619232 -54.35242844 13.58191681
v -91.20529938 -54.50082779 13.22607136
v -91.03973389 -54.58680725 12.85407639
v -90.89485168 -54.61492538 12.47660828
v -90.77366638 -54.59262848 12.10261345
v -90.67730713 -54.52807999 11.73838139
v -90.61200714 -54.42191696 11.38659573
v -90.57148743 -54.29301834 11.04911518
v -90.54926300 -54.14980316 10.72347355
v -90.53738403 -53.99525833 10.40654850
v -91.46247101 -54.39542770 13.59092617
v -91.26741028 -54.56144333 13.24095345
v -91.08267212 -54.66215134 12.87075329
v -90.91514587 -54.69940948 12.49144840
v -90.77011871 -54.67992401 12.11344624
v -90.65035248 -54.61160278 11.74474144
v -90.55669403 -54.50268936 11.39058113
v -90.49530792 -54.35453415 11.05342197
v -90.45932770 -54.18680573 10.73286247
v -90.44205475 -54.00696182 10.42569733
v -90.43551636 -53.81683350 10.12871170
v -91.34231567 -54.60752106 13.24484634
v -91.14286041 -54.72595215 12.87848759
v -90.95571899 -54.77744293 12.49930668
v -90.78778076 -54.76613235 12.11847115
v -90.64410400 -54.69942093 11.74550629
v -90.52716827 -54.58552933 11.38738060
v -90.43753815 -54.43348694 11.04822826
v -90.38128662 -54.24603653 10.73022747
v -90.35100555 -54.04201889 10.43094254
v -90.33983612 -53.82772446 10.14656067
v -90.33973694 -53.60430527 9.87360096
v -91.21630859 -54.77444839 12.87694740
v -91.01390839 -54.84351730 12.49957371
v -90.82592773 -54.84575653 12.11726379
v -90.65910339 -54.78614426 11.74059010
v -90.51823425 -54.67262650 11.37809277
v -90.40549469 -54.51446152 11.03561211
v -90.32112885 -54.32206345 10.71612358
v -90.27117920 -54.09814072 10.42167377
v -90.24774170 -53.86034393 10.14791584
v -90.24373627 -53.61422729 9.89025593
v -90.25093842 -53.36110687 9.64454556
v -91.08583832 -54.89374542 12.49235821
v -90.88206482 -54.91317749 12.10985470
v -90.69478607 -54.86625290 11.73019981
v -90.53057098 -54.75864029 11.36324883
v -90.39389801 -54.59959793 11.01642609
v -90.28662872 -54.40003204 10.69436932
v -90.20874023 -54.17017365 10.39905357
v -90.16625214 -53.91256332 10.13241863
v -90.15068054 -53.64394379 9.88803005
v -90.15464783 -53.36991882 9.66012383
v -90.16996765 -53.09089279 9.44472885
v -90.95242310 -54.96442795 12.09680367
v -90.74884033 -54.93407440 11.71501541
v -90.56379700 -54.83808899 11.34368801
v -90.40361786 -54.68367386 10.99180698
v -90.27246857 -54.48200989 10.66557598
v -90.17191315 -54.24404907 10.36856747
v -90.10166931 -53.97958374 10.10180473
v -90.06765747 -53.69150925 9.86680126
v -90.06072998 -53.39630890 9.65467453
v -90.07343292 -53.09847260 9.45936394
v -90.09769440 -52.79731750 9.27733803
v -90.81761932 -54.98563004 11.69605350
v -90.61576843 -54.90535736 11.32073975
v -90.43443298 -54.76133347 10.96321774
v -90.27964783 -54.56296921 10.63146782
v -90.15528107 -54.32172012 10.33059120
v -90.06264496 -54.04832077 10.06311989
v -90.00110626 -53.75256348 9.82883167
v -89.97632599 -53.43855667 9.62828445
v -89.97875977 -53.12117004 9.45109081
v -90.00093842 -52.80355835 9.29117775
v -90.03486633 -52.48422623 9.14521980
v -90.68296814 -54.95648956 11.29587460
v -90.48435211 -54.82708740 10.93262291
v -90.30810547 -54.63774490 10.59411526
v -90.16003418 -54.39842606 10.28741646
v -90.04370880 -54.12059021 10.01652431
v -89.96005249 -53.81518173 9.78260326
v -89.90799713 -53.49278259 9.58369064
v -89.89313507 -53.15750885 9.42017937
v -89.90563202 -52.82224655 9.28052330
v -89.93795013 -52.48903656 9.15842533
v -89.98190308 -52.15620041 9.04987812
v -90.54999542 -54.87706757 10.90194702
v -90.35604095 -54.70106125 10.55609894
v -90.18624878 -54.46927643 10.24168777
v -90.04617310 -54.19196320 9.96483612
v -89.93899536 -53.88101578 9.72807598
v -89.86512756 -53.54839706 9.53066826
v -89.82325745 -53.20414734 9.36978149
v -89.81899261 -52.85215759 9.24579906
v -89.84212494 -52.50344467 9.14587116
v -89.88484955 -52.15951538 9.06261730
v -89.93909454 -51.81801224 8.99247742
v -90.42016602 -54.74919128 10.51978111
v -90.23228455 -54.52927017 10.19657993
v -90.07028198 -54.25788498 9.91124439
v -89.93936157 -53.94603348 9.66855431
v -89.84214783 -53.60686874 9.46899796
v -89.77878571 -53.25197601 9.31080818
v -89.74779510 -52.89055252 9.19050980
v -89.75466919 -52.52650833 9.10810757
v -89.78865814 -52.16943741 9.04866600
v -89.84196472 -51.81978226 9.00492287
v -89.90676880 -51.47443771 8.97418499
v -90.29496765 -54.57487106 10.15487099
v -90.11453247 -54.31370544 9.85947990
v -89.96153259 -54.00608444 9.60772705
v -89.84062958 -53.66461182 9.40242100
v -89.75413513 -53.30226517 9.24287987
v -89.70198822 -52.92993164 9.12651825
v -89.68243408 -52.55611420 9.04891586
v -89.70059967 -52.18532562 9.00866699
v -89.74553680 -51.82508850 8.99009418
v -89.80961609 -51.47463989 8.98651600
v -89.88516998 -51.13024902 8.99590874
v -90.17586517 -54.35613632 9.81270981
v -90.00414276 -54.05693436 9.54983711
v -89.86105347 -53.71794891 9.33507919
v -89.75096130 -53.35193253 9.17012405
v -89.67591858 -52.97133255 9.05331326
v -89.63555145 -52.58647156 8.98092175
v -89.62759399 -52.20571899 8.94660473
v -89.65710449 -51.83357620 8.94868946
v -89.71308899 -51.47525024 8.97134304
v -89.78802490 -51.12887955 9.00830746
v -89.87412262 -50.79021454 9.05704021
v -90.06422424 -54.09558868 9.49841118
v -89.90218353 -53.76311111 9.27167225
v -89.76985168 -53.39780426 9.09707260
v -89.67134857 -53.01221848 8.97534752
v -89.60835266 -52.61839294 8.90351009
v -89.57992554 -52.22663498 8.87566853
v -89.58361816 -51.84447479 8.88482380
v -89.62451172 -51.47622299 8.92938805
v -89.69155884 -51.12478256 8.99333858
v -89.77705383 -50.78729630 9.06968689
v -89.87332916 -50.45911026 9.15641403
v -89.96114349 -53.79743958 9.21605492
v -89.80969238 -53.43664551 9.02883339
v -89.68894958 -53.04998398 8.89748383
v -89.60266876 -52.64991760 8.82138729
v -89.55190277 -52.24862289 8.79516125
v -89.53544617 -51.85564804 8.81203556
v -89.55083466 -51.47747040 8.86481571
v -89.60307312 -51.11822891 8.95170879
v -89.68078613 -50.77855301 9.05545902
v -89.77636719 -50.45467758 9.16948318
v -89.88246918 -50.14170456 9.29286480
v -89.86766815 -53.46617126 8.96954346
v -89.72769928 -53.08195877 8.82516956
v -89.61924744 -52.67903519 8.73968601
v -89.54539490 -52.27033997 8.70998383
v -89.50690460 -51.86739731 8.72958374
v -89.50247192 -51.47875214 8.79130363
v -89.52950287 -51.10980988 8.88755322
v -89.59260559 -50.76455688 9.01501656
v -89.68044281 -50.44141006 9.15651989
v -89.78566742 -50.13582611 9.30652523
v -89.90119171 -49.84269714 9.46508884
v -89.78484344 -53.10626221 8.76278210
v -89.65711975 -52.70368958 8.66412163
v -89.56121826 -52.29039764 8.62546062
v -89.49988556 -51.87900162 8.64248466
v -89.47372437 -51.48009872 8.70808983
v -89.48125458 -51.10118103 8.81447029
v -89.51944733 -50.74659348 8.95238590
v -89.59280396 -50.42016983 9.11810112
v -89.69020844 -50.11822128 9.29533386
v -89.80458832 -49.83545685 9.47950459
v -89.92881775 -49.56610489 9.67055416
v -91.15235138 -51.20124435 15.22604752
v -91.12740326 -51.61339188 15.23526382
v -91.08990479 -52.02297592 15.19768143
v -91.03995514 -52.42411804 15.11359215
v -90.97772217 -52.81106567 14.98368454
v -90.90386200 -53.17860794 14.81038952
v -90.81916046 -53.52168655 14.59661961
v -90.72438812 -53.83525467 14.34528732
v -90.62039185 -54.11445236 14.05949783
v -90.50833130 -54.35573196 13.74362564
v -90.38951111 -54.55608749 13.40255070
v -90.26525879 -54.71249390 13.04115868
v -90.13687134 -54.82210159 12.66438007
v -90.00582123 -54.88367081 12.27761841
v -89.87360382 -54.89689255 11.88654900
v -89.74176025 -54.86145401 11.49685001
v -89.61180115 -54.77715683 11.11418247
v -89.48516846 -54.64527893 10.74392033
v -89.36323547 -54.46831131 10.39120483
v -89.24738312 -54.24879074 10.06116962
v -89.13896942 -53.98927689 9.75892353
v -89.03916168 -53.69331360 9.48879528
v -88.94889069 -53.36555862 9.25423050
v -88.86905670 -53.01073837 9.05862617
v -88.80056763 -52.63357162 8.90536499
v -88.74407959 -52.23919296 8.79689598
v -88.69984436 -51.83336639 8.73417282
v -88.66809082 -51.42191696 8.71801758
v -88.64904022 -51.01066589 8.74924755
v -88.64269257 -50.60536957 8.82792282
v -88.64862061 -50.21158981 8.95237827
v -91.08798981 -51.61629868 15.30264664
v -90.99659729 -52.03945541 15.32100010
v -91.05030823 -52.03237534 15.26435852
v -90.99996948 -52.43987274 15.17882729
v -90.93715668 -52.83295441 15.04675293
v -90.86253357 -53.20632172 14.87060356
v -90.77689362 -53.55484009 14.65333843
v -90.68103027 -53.87337494 14.39791489
v -90.57578278 -54.15699768 14.10748768
v -90.46234894 -54.40210342 13.78649998
v -90.34205627 -54.60562897 13.43991089
v -90.21623993 -54.76451492 13.07268143
v -90.08622742 -54.87585831 12.68982315
v -89.95349884 -54.93840790 12.29682255
v -89.81959534 -54.95183563 11.89944649
v -89.68607330 -54.91584015 11.50346375
v -89.55445862 -54.83020401 11.11462307
v -89.42622375 -54.69623566 10.73838520
v -89.30276489 -54.51646423 10.37997150
v -89.18547821 -54.29346466 10.04459763
v -89.07575226 -54.02983475 9.73745251
v -88.97476959 -53.72917938 9.46293354
v -88.88346863 -53.39623260 9.22454166
v -88.80277252 -53.03578949 9.02572727
v -88.73360443 -52.65264893 8.86992931
v -88.67662811 -52.25201797 8.75963306
v -88.63210297 -51.83975983 8.69580841
v -88.60025024 -51.42178726 8.67928886
v -88.58129883 -51.00402069 8.71090603
v -88.57526398 -50.59230042 8.79071903
v -88.58168793 -50.19227982 8.91703701
v -88.60005188 -49.80959702 9.08792782
v -90.57077789 -52.84586716 15.17571735
v -90.41526794 -53.19667435 14.97334576
v -90.26171875 -53.50239563 14.71956635
v -90.11676025 -53.75751495 14.42447472
v -89.98585510 -53.96056366 14.09917450
v -89.87256622 -54.11392975 13.75464344
v -89.77883911 -54.22244263 13.40021896
v -89.71089935 -54.28507614 13.03861237
v -89.66463470 -54.31835556 12.67966461
v -89.63456726 -54.33131409 12.32475376
v -89.61323547 -54.32918930 11.97256279
v -90.94596863 -52.45174789 15.23438263
v -90.88271332 -52.84944534 15.10067463
v -90.80751801 -53.22720337 14.92237473
v -90.72116852 -53.57982254 14.70247555
v -90.62448120 -53.90210342 14.44396973
v -90.51830292 -54.18905640 14.15004730
v -90.40383911 -54.43704224 13.82520485
v -90.28243256 -54.64296341 13.47445965
v -90.15543365 -54.80371475 13.10283279
v -90.02419281 -54.91637039 12.71539116
v -89.89020538 -54.97965240 12.31768990
v -89.75502777 -54.99324036 11.91556168
v -89.62023163 -54.95682526 11.51484299
v -89.48737335 -54.87018204 11.12135124
v -89.35793304 -54.73463821 10.74061012
v -89.23332214 -54.55275345 10.37790203
v -89.11495972 -54.32712936 10.03850555
v -89.00424194 -54.06039810 9.72766781
v -88.90237427 -53.75621033 9.44984055
v -88.81030273 -53.41934967 9.20856380
v -88.72895813 -53.05466843 9.00733185
v -88.65927887 -52.66702271 8.84962177
v -88.60192871 -52.26168442 8.73794842
v -88.55718231 -51.84457779 8.67329407
v -88.52526093 -51.42169189 8.65650082
v -88.50638580 -50.99901581 8.68840885
v -88.50057983 -50.58245087 8.76907921
v -88.50737762 -50.17772675 8.89680099
v -88.52626038 -49.79054642 9.06961823
v -88.55670166 -49.42660904 9.28557682
v -90.49570465 -53.22267151 14.99788475
v -90.32994843 -53.54330063 14.75729752
v -90.16758728 -53.81306839 14.47061443
v -90.01528931 -54.02768707 14.14814377
v -89.87874603 -54.18801117 13.80180168
v -89.76145172 -54.29772568 13.44232368
v -89.66510773 -54.36215591 13.07812881
v -89.59590149 -54.38041306 12.71178627
v -89.54924011 -54.37078094 12.35135651
v -89.51940918 -54.34241867 11.99732494
v -89.49879456 -54.29955292 11.64779949
v -90.40950775 -53.57439804 14.77855778
v -90.23446655 -53.86010742 14.50329685
v -90.06431580 -54.08969116 14.18752480
v -89.90602875 -54.26117325 13.84270096
v -89.76528168 -54.37688065 13.48067284
v -89.64534760 -54.44120789 13.11136627
v -89.54769897 -54.46006775 12.74229431
v -89.47857666 -54.43396759 12.37627792
v -89.43286133 -54.38203812 12.01938057
v -89.40455627 -54.31264877 11.67104816
v -89.38592529 -54.22905731 11.32891560
v -90.31299591 -53.89586639 14.52072144
v -90.12966156 -54.14218903 14.21448421
v -89.95304871 -54.32874680 13.87462902
v -89.79022217 -54.45505142 13.51287174
v -89.64667511 -54.52431870 13.14039040
v -89.52546692 -54.54175568 12.76629257
v -89.42790222 -54.51506805 12.39754200
v -89.36025238 -54.44546509 12.03702164
v -89.31680298 -54.35186386 11.68857193
v -89.29129028 -54.24183273 11.35067749
v -89.27583313 -54.11877441 11.02040577
v -90.20702362 -54.18209457 14.22755814
v -90.01670074 -54.38596344 13.89527607
v -89.83509827 -54.52725220 13.53676414
v -89.66915131 -54.60640335 13.16338158
v -89.52418518 -54.62764740 12.78560352
v -89.40312195 -54.59823990 12.41206169
v -89.30706787 -54.52687454 12.04894257
v -89.24224091 -54.41464233 11.69895744
v -89.20233917 -54.28008652 11.36375046
v -89.18081665 -54.13104630 11.04072952
v -89.16967773 -53.97078705 10.72656918
v -90.09278107 -54.42945480 13.90355206
v -89.89692688 -54.58838654 13.55060673
v -89.71174622 -54.68221664 13.17876816
v -89.54409790 -54.71246719 12.79900169
v -89.39917755 -54.68568802 12.42140579
v -89.27972412 -54.61036301 12.05387878
v -89.18656921 -54.49522018 11.70156670
v -89.12587738 -54.34132004 11.36701012
v -89.09071350 -54.16778946 11.04949188
v -89.07429504 -53.98238373 10.74552059
v -89.06860352 -53.78721237 10.45169926
v -89.97161865 -54.63485336 13.55370998
v -89.77164459 -54.74641037 13.18540955
v -89.58431244 -54.79081345 12.80552864
v -89.41645050 -54.77204895 12.42496204
v -89.27307892 -54.69814682 12.05314732
v -89.15666199 -54.57785797 11.69695377
v -89.06774902 -54.41991806 11.36047173
v -89.01239777 -54.22661209 11.04585171
v -88.98308563 -54.01710510 10.75017357
v -88.97287750 -53.79796982 10.46936512
v -88.97375488 -53.57019424 10.20006847
v -89.84487152 -54.79520416 13.18303680
v -89.64220428 -54.85715103 12.80466652
v -89.45423126 -54.85181808 12.42239761
v -89.28768158 -54.78483963 12.04675293
v -89.14733124 -54.66474533 11.68618107
v -89.03533173 -54.50052643 11.34647846
v -88.95189667 -54.30211639 11.03045845
v -88.90300751 -54.07269287 10.73995590
v -88.88063812 -53.83018494 10.47016811
v -88.87770844 -53.57995987 10.21655464
v -88.88610077 -53.32269287 9.97529602
v -89.71389771 -54.90757370 12.79659081
v -89.51005554 -54.91935730 12.41383839
v -89.32300568 -54.86491394 12.03499794
v -89.15927887 -54.75054932 11.66987133
v -89.02335358 -54.58527756 11.32584381
v -88.91704559 -54.37954712 11.00738335
v -88.84024811 -54.14403534 10.71611881
v -88.79890442 -53.88175201 10.45378780
v -88.78452301 -53.60920715 10.21382523
v -88.78977203 -53.33132935 9.99072552
v -88.80641937 -53.04860687 9.78026295
v -89.58018494 -54.97069931 12.39990997
v -89.37674713 -54.93271255 12.01865673
v -89.19213867 -54.82980347 11.64895725
v -89.03269196 -54.66897583 11.29979324
v -88.90251160 -54.46095657 10.97719955
v -88.80307770 -54.21720505 10.68438530
v -88.73402405 -53.94794464 10.42203999
v -88.70127869 -53.65602875 10.19178963
v -88.69573975 -53.35719681 9.98482990
v -88.70984650 -53.05599594 9.79477119
v -88.73546600 -52.75188828 9.61781120
v -89.44528961 -54.98425293 11.99881363
v -89.24380493 -54.89691162 11.62486076
v -89.06314087 -54.74628067 11.26988220
v -88.90931702 -54.54135895 10.94171906
v -88.78610229 -54.29413986 10.64509678
v -88.69467926 -54.01582718 10.38219261
v -88.63445282 -53.71612549 10.15278339
v -88.61113739 -53.39860153 9.95772743
v -88.61507416 -53.07811356 9.78611660
v -88.63868713 -52.75791931 9.63154602
v -88.67400360 -52.43648148 9.49076939
v -89.31076813 -54.94792557 11.59912395
v -89.11277008 -54.81174088 11.23816872
v -88.93743896 -54.61561966 10.90309811
v -88.79049683 -54.37011337 10.60062504
v -88.67541504 -54.08720016 10.33437443
v -88.59311676 -53.77775955 10.10549259
v -88.54257202 -53.45175171 9.91221714
v -88.52928925 -53.11352539 9.75459671
v -88.54329681 -52.77598572 9.62057877
v -88.57705688 -52.44107437 9.50389290
v -88.62257385 -52.10668182 9.40118408
v -89.17817688 -54.86149979 11.20664215
v -88.98508453 -54.67850113 10.86400986
v -88.81639862 -54.44028854 10.55369854
v -88.67755890 -54.15768814 10.28147793
v -88.57175446 -53.84256363 10.04984760
v -88.49944305 -53.50625610 9.85825539
v -88.45919800 -53.15897751 9.70341873
v -88.45652008 -52.80490494 9.58535480
v -88.48117828 -52.45483017 9.49109554
v -88.52551270 -52.10977173 9.41386795
v -88.58139801 -51.76730728 9.34985447
v -89.04899597 -54.72629929 10.82687855
v -88.86215973 -54.49970627 10.50757885
v -88.70137024 -54.22279358 10.22677135
v -88.57183075 -53.90655899 9.98922253
v -88.47620392 -53.56356430 9.79559803
v -88.41451263 -53.20558929 9.64364338
v -88.38515472 -52.84202576 9.52942181
v -88.39361572 -52.47685242 9.45294285
v -88.42927551 -52.11901855 9.39975262
v -88.48426056 -51.76884842 9.36227322
v -88.55065918 -51.42323303 9.33746719
v -88.92463684 -54.54487228 10.46510315
v -88.74536896 -54.27791595 10.17406368
v -88.59372711 -53.96567154 9.92737675
v -88.47442627 -53.62015915 9.72804642
v -88.38964081 -53.25460052 9.57487202
v -88.33916473 -52.88009262 9.46477127
v -88.32124329 -52.50511169 9.39325047
v -88.34114838 -52.13382339 9.35948944
v -88.38781738 -51.77345657 9.34736252
v -88.45349884 -51.42320251 9.34979820
v -88.53053284 -51.07932663 9.36470604
v -88.80651093 -54.31981659 10.12658024
v -88.63610077 -54.01572037 9.86862373
v -88.49460602 -53.67243576 9.65980339
v -88.38623810 -53.30300140 9.50128460
v -88.31291199 -52.92011642 9.39087296
v -88.27422333 -52.53409958 9.32474327
v -88.26805115 -52.15282440 9.29708862
v -88.29934692 -51.78083801 9.30582619
v -88.35697937 -51.42311096 9.33462429
v -88.43339539 -51.07772446 9.37713051
v -88.52103424 -50.74039459 9.43162060
v -88.69600677 -54.05376434 9.81654453
v -88.53553009 -53.71669769 9.59563351
v -88.40493011 -53.34770584 9.42746544
v -88.30815887 -52.95964432 9.31222343
v -88.24687958 -52.56457520 9.24679089
v -88.22028351 -52.17231369 9.22580528
v -88.22580719 -51.79030991 9.24179173
v -88.26839447 -51.42296219 9.29266739
v -88.33695221 -51.07293320 9.36223507
v -88.42398071 -50.73724747 9.44431877
v -88.52179718 -50.41109467 9.53681946
v -88.59433746 -53.75033951 9.53943539
v -88.44458771 -53.38555908 9.35857391
v -88.32559204 -52.99615479 9.23372936
v -88.24105072 -52.59466934 9.16413784
v -88.19216919 -52.19280243 9.14493275
v -88.17759705 -51.80002594 9.16883183
v -88.19471741 -51.42277527 9.22809219
v -88.24848938 -51.06526184 9.32072353
v -88.32775116 -50.72782516 9.43024445
v -88.42485809 -50.40644455 9.54996681
v -88.53239441 -50.09606934 9.67870998
v -88.50242615 -53.41432953 9.29878521
v -88.36418915 -53.02706909 9.16087723
v -88.25749969 -52.62247086 9.08194542
v -88.18556213 -52.21303940 9.05939484
v -88.14900208 -51.81024170 9.08619881
v -88.14635468 -51.42258072 9.15457821
v -88.17496490 -51.05541611 9.25672150
v -88.23963928 -50.71273804 9.39004803
v -88.32899475 -50.39252090 9.53723621
v -88.43562317 -50.08998108 9.69247341
v -88.55239868 -49.79995346 9.85570145
v -88.42122650 -53.05056763 9.09807777
v -88.29525757 -52.64600754 9.00596142
v -88.20129395 -52.23172760 8.97453880
v -88.14193726 -51.82032776 8.99892044
v -88.11760712 -51.42237473 9.07136250
v -88.12675476 -51.04531860 9.18379402
v -88.16656494 -50.69337463 9.32773113
v -88.24146271 -50.37023163 9.49919033
v -88.34024811 -50.07175446 9.68158817
v -88.45583344 -49.79251862 9.87024021
v -88.58127594 -49.52712250 10.06581116
v -88.35165405 -52.66390228 8.94078255
v -88.23844910 -52.24755478 8.89630127
v -88.15723419 -51.82964325 8.91245651
v -88.11038208 -51.42217636 8.98350906
v -88.09817505 -51.03470230 9.10119534
v -88.11882782 -50.67351532 9.25653458
v -88.16912842 -50.34162140 9.43963623
v -88.25350952 -50.04257202 9.64649677
v -88.36108398 -49.77024078 9.86168003
v -88.48495483 -49.51843643 10.08127785
v -88.61814880 -49.28104782 10.30577374
v -88.29438782 -52.25958633 8.82940865
v -88.19403076 -51.83753204 8.83285904
v -88.12554169 -51.42198944 8.89651299
v -88.09111786 -51.02421951 9.01395130
v -88.09072876 -50.65263748 9.17575359
v -88.12214661 -50.31228256 9.37127018
v -88.18218994 -50.00511551 9.59073448
v -88.27533722 -49.73458099 9.83031082
v -88.39095306 -49.49243164 10.07549572
v -88.52211761 -49.27124023 10.32230377
v -88.66207123 -49.06503296 10.57205868
v -88.24968719 -51.84353256 8.76493454
v -88.16221619 -51.42183304 8.81646633
v -88.10642242 -51.01453400 8.92751789
v -88.08415222 -50.63201904 9.09030533
v -88.09484863 -50.28143311 9.29346752
v -88.13624573 -49.96670532 9.52625751
v -88.20529938 -49.68881226 9.77932549
v -88.30639648 -49.45080566 10.04857254
v -88.42896271 -49.24187469 10.31970787
v -88.56636047 -49.05424118 10.58977318
v -88.71210480 -48.88237381 10.86113644
v -88.21778107 -51.42171478 8.74820042
v -88.14322662 -51.00633621 8.84794807
v -88.09990692 -50.61297607 9.00553131
v -88.08905792 -50.25096893 9.21096039
v -88.11004639 -49.92631531 9.45254326
v -88.16067505 -49.64187241 9.71974850
v -88.23788452 -49.39737320 10.00329399
v -88.34577942 -49.19486237 10.29788399
v -88.47415924 -49.02192307 10.59072208
v -88.61673737 -48.87074661 10.88013840
v -88.76726532 -48.73608017 11.16932774
v -88.19889069 -51.00010300 8.78004646
v -88.13708496 -50.59684753 8.92736530
v -88.10553741 -50.22282791 9.12890339
v -88.10533905 -49.88643265 9.37407398
v -88.13584900 -49.59251785 9.65118504
v -88.19483185 -49.34257507 9.94956970
v -88.27902222 -49.13452148 10.25915146
v -88.39249420 -48.97018433 10.57457447
v -88.52557373 -48.83593369 10.88494396
v -88.67226410 -48.72378922 11.18970585
v -88.82636261 -48.62778473 11.49224186
v -88.19303131 -50.58459091 8.86052990
v -88.14333344 -50.19900131 9.05303574
v -88.12281799 -49.84959030 9.29574585
v -88.13250732 -49.54377747 9.57780361
v -88.17165375 -49.28496170 9.88716125
v -88.23776245 -49.07263947 10.21214008
v -88.32769012 -48.90377808 10.54312611
v -88.44555664 -48.78019714 10.87497044
v -88.58219910 -48.68697357 11.19862938
v -88.73175049 -48.61499786 11.51406097
v -88.88817596 -48.55869293 11.82526684
v -88.19975281 -50.18088913 8.98794651
v -88.16146088 -49.81839752 9.22303581
v -88.15124512 -49.49876022 9.50417519
v -88.16993713 -49.22806549 9.81985760
v -88.21647644 -49.00757217 10.15678978
v -88.28842926 -48.83567429 10.50358582
v -88.38288116 -48.70866394 10.85144711
v -88.50395203 -48.62804031 11.19524765
v -88.64284515 -48.57670593 11.52730370
v -88.79396057 -48.54558945 11.84857464
v -88.95146179 -48.53000641 12.16379356
v -88.21852112 -49.79468155 9.16034603
v -88.19094849 -49.46063995 9.43544388
v -88.19018555 -49.17551041 9.75184250
v -88.21662903 -48.94331741 10.09645557
v -88.26924896 -48.76406860 10.45609093
v -88.34579468 -48.63529968 10.82003403
v -88.44354248 -48.55239487 11.18018627
v -88.56645203 -48.51539993 11.53083706
v -88.70624542 -48.50635147 11.86627483
v -88.85765076 -48.51677322 12.18861485
v -89.01498413 -48.54272842 12.50321293
v -88.24882507 -49.43166351 9.37577629
v -88.23116302 -49.13101196 9.68786430
v -88.23860168 -48.88396454 10.03487873
v -88.27148438 -48.69335175 10.40351391
v -88.32891083 -48.55816269 10.78108406
v -88.40878296 -48.47481918 11.15745068
v -88.50841522 -48.43671799 11.52464962
v -88.63176727 -48.44353485 11.87694359
v -88.77114868 -48.47714233 12.21084785
v -88.92157745 -48.52955246 12.52955151
v -89.07750702 -48.59632492 12.83891487
v -88.29000092 -49.09718704 9.63181019
v -88.28103638 -48.83371353 9.97635174
v -88.29537201 -48.62803650 10.34910107
v -88.33340454 -48.48198318 10.73694611
v -88.39434052 -48.39325333 11.12762451
v -88.47609711 -48.35602188 11.51101685
v -88.57618713 -48.36291122 11.87991524
v -88.69861603 -48.41370010 12.22877312
v -88.83629608 -48.49009705 12.55632973
v -88.98450470 -48.58339310 12.86675453
v -89.13780975 -48.68958664 13.16628933
v -88.34098816 -48.79551315 9.92444324
v -88.33943939 -48.57273102 10.29664230
v -88.35938263 -48.41162491 10.69032764
v -88.40124512 -48.31270218 11.09249687
v -88.46421814 -48.27117538 11.49075985
v -88.54638672 -48.28022766 11.87567425
v -88.64553070 -48.33227158 12.24105835
v -88.76571655 -48.42693329 12.58153057
v -88.90042877 -48.54466629 12.89802647
v -89.04519653 -48.67708206 13.19559097
v -89.19463348 -48.82131195 13.48072624
v -88.89410400 -54.73161697 13.34831142
v -88.76526642 -54.83460999 12.96983242
v -88.63397217 -54.88896179 12.58218956
v -88.50172424 -54.89454269 12.19097710
v -88.37004089 -54.85165024 11.80187416
v -88.24044037 -54.76059723 11.42055893
v -88.11442566 -54.62200928 11.05261326
v -87.99334717 -54.43830872 10.70309448
v -87.87851715 -54.21251297 10.37688637
v -87.77124023 -53.94763565 10.07887268
v -87.67279053 -53.64684677 9.81378651
v -87.58409882 -53.31459045 9.58513165
v -87.50595093 -52.95591736 9.39582443
v -87.43912506 -52.57588577 9.24877644
v -87.38436890 -52.17958069 9.14678192
v -87.34204102 -51.77256775 9.09116077
v -87.31222534 -51.36071396 9.08222485
v -87.29499817 -50.94990158 9.12026787
v -87.29041290 -50.54599762 9.20551872
v -87.29818726 -50.15458679 9.33686924
v -87.31767273 -49.78099823 9.51192570
v -87.34820557 -49.43054962 9.72824574
v -87.38914490 -49.10853577 9.98336315
v -87.43958282 -48.81952286 10.27395535
v -87.49832916 -48.56710052 10.59554768
v -87.56416321 -48.35478973 10.94358349
v -87.63585663 -48.18609619 11.31350327
v -87.71210480 -48.06368256 11.70040321
v -87.79141235 -47.98857117 12.09872437
v -87.87226868 -47.96161652 12.50283432
v -87.95317078 -47.98365784 12.90710258
v -88.03261566 -48.05487823 13.30596352
v -88.10917664 -48.17361450 13.69404030
v -88.18141937 -48.33790970 14.06598473
v -88.24790192 -48.54579544 14.41644955
v -88.30905151 -48.80358505 14.75030041
v -88.36140442 -49.10090637 15.05134964
v -88.40384674 -49.43294144 15.31538391
v -88.43523407 -49.79487228 15.53818607
v -88.45457458 -50.18163681 15.71599388
v -88.46132660 -50.58723450 15.84686565
v -88.71437073 -54.88857269 12.99435902
v -88.51792145 -54.98509216 12.62063026
v -88.58140564 -54.94378281 12.60046387
v -88.44746399 -54.94944763 12.20294285
v -88.31410217 -54.90587997 11.80756474
v -88.18285370 -54.81338120 11.42009735
v -88.05524445 -54.67259598 11.04621124
v -87.93265533 -54.48598480 10.69104290
v -87.81641388 -54.25661469 10.35955620
v -87.70783997 -53.98753738 10.05671120
v -87.60823059 -53.68198395 9.78731537
v -87.51853943 -53.34445953 9.55492878
v -87.43955994 -52.98010254 9.36251354
v -87.37208557 -52.59404373 9.21302700
v -87.31686401 -52.19146347 9.10930729
v -87.27427673 -51.77799606 9.05269527
v -87.24438477 -51.35961533 9.04350758
v -87.22728729 -50.94229126 9.08204365
v -87.22304535 -50.53198624 9.16853714
v -87.23134613 -50.13437271 9.30186176
v -87.25154114 -49.75486755 9.47958565
v -87.28296661 -49.39886475 9.69922543
v -87.32495880 -49.07174683 9.95827770
v -87.37660217 -48.77815247 10.25336647
v -87.43668365 -48.52172852 10.57994652
v -87.50396729 -48.30604935 10.93338871
v -87.57720184 -48.13468552 11.30906200
v -87.65506744 -48.01033020 11.70198441
v -87.73603058 -47.93403244 12.10651016
v -87.81858063 -47.90665054 12.51691628
v -87.90116119 -47.92904282 12.92748260
v -87.98227692 -48.00138855 13.33255672
v -88.06046295 -48.12200546 13.72667503
v -88.13424683 -48.28890228 14.10440636
v -88.20219421 -48.50008011 14.46031666
v -88.26472473 -48.76195908 14.79934597
v -88.31832886 -49.06399918 15.10505390
v -88.36186218 -49.40130234 15.37315941
v -88.39417267 -49.76896286 15.59937954
v -88.41423035 -50.16184616 15.77989388
v -88.42151642 -50.57386017 15.91272736
v -88.07300568 -54.98184204 12.30176067
v -87.93865204 -54.93787003 11.90268040
v -87.80643463 -54.84451675 11.51158428
v -87.67788696 -54.70243835 11.13419247
v -87.55440521 -54.51411057 10.77569199
v -87.43732452 -54.28262711 10.44109058
v -87.32798767 -54.01107788 10.13539505
v -87.22769928 -53.70270920 9.86345768
v -87.13742065 -53.36208344 9.62887001
v -87.05794525 -52.99436951 9.43462181
v -86.99008179 -52.60475922 9.28369713
v -86.93459320 -52.19847107 9.17895889
v -86.89184570 -51.78120041 9.12176132
v -86.86192322 -51.35896683 9.11242580
v -86.84490204 -50.93780518 9.15125275
v -86.84085083 -50.52371979 9.23847866
v -86.84946442 -50.12245178 9.37296772
v -86.87007904 -49.73945236 9.55226517
v -86.90203094 -49.38017273 9.77386475
v -86.94464111 -49.05004120 10.03523827
v -86.99700165 -48.75374222 10.33298016
v -87.05786896 -48.49495697 10.66250134
v -87.12600708 -48.27729416 11.01913261
v -87.20015717 -48.10435486 11.39820004
v -87.27896881 -47.97885513 11.79467583
v -87.36091614 -47.90185928 12.20286179
v -87.44445801 -47.87422562 12.61698246
v -87.52803802 -47.89682388 13.03126526
v -87.61013794 -47.96983337 13.44000435
v -87.68927002 -48.09155655 13.83768749
v -88.00469971 -54.93033981 12.32247639
v -87.87191772 -54.88700485 11.92928219
v -87.74124908 -54.79500961 11.54395676
v -87.61419678 -54.65499115 11.17213821
v -87.49213409 -54.46939468 10.81893635
v -87.37638092 -54.24126434 10.48928642
v -87.26825714 -53.97364807 10.18812370
v -87.16905212 -53.66975403 9.92022705
v -87.07970428 -53.33406448 9.68913937
v -87.00101471 -52.97168732 9.49780560
v -86.93376923 -52.58772659 9.34916687
v -86.87870789 -52.18732834 9.24604797
v -86.83621216 -51.77610779 9.18978119
v -86.80635071 -51.36000061 9.18068218
v -86.78920746 -50.94494247 9.21904659
v -86.78484344 -50.53686142 9.30510712
v -86.79296112 -50.14140701 9.43774414
v -86.81290436 -49.76396179 9.61454010
v -86.84402466 -49.40988922 9.83302402
v -86.88565063 -49.08454895 10.09070683
v -86.93687439 -48.79254913 10.38423061
v -86.99649048 -48.53751755 10.70907497
v -87.06327057 -48.32301331 11.06063557
v -87.13597107 -48.15258026 11.43430710
v -87.21326447 -48.02890015 11.82513332
v -87.29365540 -47.95301437 12.22749901
v -87.37561035 -47.92578125 12.63571453
v -87.45761108 -47.94805145 13.04408836
v -87.53814697 -48.02000427 13.44700050
v -87.61576843 -48.13996887 13.83901596
v -87.68901825 -48.30596161 14.21473217
v -87.95126343 -54.86258698 12.33996868
v -87.82055664 -54.82009125 11.95451832
v -87.69192505 -54.72987747 11.57678413
v -87.56683350 -54.59256744 11.21229553
v -87.44664001 -54.41056061 10.86606407
v -87.33263397 -54.18684769 10.54292774
v -87.22610474 -53.92441177 10.24772739
v -87.12832642 -53.62639999 9.98514843
v -87.04021454 -53.29720688 9.75866508
v -86.96255493 -52.94184494 9.57116699
v -86.89611053 -52.56531525 9.42553806
v -86.84162140 -52.17266846 9.32454777
v -86.79945374 -51.76940918 9.26950359
v -86.76966858 -51.36135483 9.26071358
v -86.75236511 -50.95433044 9.29846954
v -86.74758911 -50.55414963 9.38299751
v -86.75505066 -50.16635132 9.51319885
v -86.77412415 -49.79620743 9.68670464
v -86.80414581 -49.44898987 9.90109158
v -86.84446716 -49.12994766 10.15391827
v -86.89420319 -48.84360123 10.44189453
v -86.95217133 -48.59350586 10.76058388
v -87.01715851 -48.38315201 11.10547352
v -87.08795929 -48.21601868 11.47204494
v -87.16326904 -48.09473038 11.85543919
v -87.24160767 -48.02031326 12.25014973
v -87.32147980 -47.99360275 12.65059566
v -87.40139771 -48.01544571 13.05119705
v -87.47988129 -48.08600616 13.44644260
v -87.55549622 -48.20365143 13.83100224
v -87.62683105 -48.36643219 14.19957924
v -87.69246674 -48.57239914 14.54687500
v -87.91631317 -54.78256607 12.35308647
v -87.78805542 -54.74106216 11.97678089
v -87.66181946 -54.65295029 11.60801125
v -87.53905487 -54.51884079 11.25217915
v -87.42105865 -54.34107971 10.91417789
v -87.30911255 -54.12258148 10.59873486
v -87.20447540 -53.86626434 10.31057453
v -87.10838318 -53.57519913 10.05427742
v -87.02172852 -53.25368118 9.83323383
v -86.94528198 -52.90660095 9.65026665
v -86.87978363 -52.53884888 9.50819302
v -86.82597351 -52.15535355 9.40971661
v -86.78418732 -51.76149368 9.35611439
v -86.75450897 -51.36295319 9.34768963
v -86.73700714 -50.96541595 9.38472462
v -86.73175049 -50.57456589 9.46744156
v -86.73844147 -50.19580460 9.59476852
v -86.75646973 -49.83429337 9.76438904
v -86.78519440 -49.49517059 9.97393894
v -86.82397461 -49.18356323 10.22103214
v -86.87196350 -48.90389252 10.50245476
v -86.92797852 -48.65962601 10.81387424
v -86.99085999 -48.45417786 11.15088367
v -87.05941010 -48.29093933 11.50906944
v -87.13236237 -48.17247772 11.88368607
v -87.20828247 -48.09979630 12.26935482
v -87.28569794 -48.07371140 12.66062641
v -87.36315918 -48.09504318 13.05204964
v -87.43920898 -48.16395950 13.43824100
v -87.51247406 -48.27886200 13.81399632
v -87.58155060 -48.43784714 14.17414093
v -87.64505768 -48.63901138 14.51350117
v -87.70337677 -48.88846970 14.83679008
v -87.90209961 -54.69593430 12.36095428
v -87.77649689 -54.65550232 11.99454975
v -87.65286255 -54.56966782 11.63548756
v -87.53260803 -54.43902206 11.28902626
v -87.41700745 -54.26585388 10.95993710
v -87.30728912 -54.05300140 10.65282154
v -87.20469666 -53.80331039 10.37228489
v -87.11042023 -53.51976395 10.12278748
v -87.02534485 -53.20655441 9.90763378
v -86.95021057 -52.86844254 9.72957230
v -86.88574982 -52.51019287 9.59134674
v -86.83267212 -52.13660812 9.49559212
v -86.79129791 -51.75292587 9.44355202
v -86.76172638 -51.36468506 9.43552113
v -86.74401855 -50.97742081 9.47177601
v -86.73822784 -50.59666824 9.55253315
v -86.74408722 -50.22769928 9.67674637
v -86.76098633 -49.87552643 9.84216213
v -86.78831482 -49.54516602 10.04647446
v -86.82543182 -49.24161148 10.28736019
v -86.87151337 -48.96916580 10.56168747
v -86.92543030 -48.73121262 10.86523724
v -86.98601532 -48.53107071 11.19371414
v -87.05213928 -48.37205124 11.54282188
v -87.12254333 -48.25665283 11.90793514
v -87.19583893 -48.18585205 12.28381538
v -87.27059174 -48.16043854 12.66515350
v -87.34539032 -48.18122101 13.04663944
v -87.41881561 -48.24835587 13.42302895
v -87.48952484 -48.36028671 13.78925133
v -87.55615234 -48.51515961 14.14026737
v -87.61736298 -48.71112823 14.47103500
v -87.67348480 -48.95413971 14.78615284
v -87.72132874 -49.23442078 15.07035065
v -87.90914917 -54.60820770 12.36317825
v -87.78623199 -54.56886292 12.00679970
v -87.66522980 -54.48533249 11.65756512
v -87.54751587 -54.35820007 11.32059479
v -87.43433380 -54.18968201 11.00052834
v -87.32687378 -53.98254776 10.70184612
v -87.22634888 -53.73955917 10.42902946
v -87.13391876 -53.46363068 10.18641758
v -87.05044556 -53.15883636 9.97722721
v -86.97663879 -52.82980347 9.80413151
v -86.91322327 -52.48117828 9.66980362
v -86.86087799 -52.11763000 9.57680511
v -86.81993866 -51.74425125 9.52634716
v -86.79046631 -51.36643600 9.51871586
v -86.77254486 -50.98957825 9.55418110
v -86.76622772 -50.61905289 9.63295364
v -86.77124786 -50.25999069 9.75401497
v -86.78700256 -49.91727829 9.91517067
v -86.81290436 -49.59579086 10.11417961
v -86.84834290 -49.30038834 10.34877872
v -86.89249420 -49.03526306 10.61592197
v -86.94427490 -48.80370331 10.91150284
v -87.00254822 -48.60893631 11.23134136
v -87.06620789 -48.45418549 11.57125568
v -87.13403320 -48.34188843 11.92674637
v -87.20467377 -48.27298737 12.29271507
v -87.27673340 -48.24826050 12.66399384
v -87.34883118 -48.26847839 13.03541756
v -87.41960144 -48.33381271 13.40188122
v -87.48772430 -48.44273758 13.75845146
v -87.55187225 -48.59345245 14.10022259
v -87.61074829 -48.78415680 14.42229080
v -87.66465759 -49.02064133 14.72913456
v -87.71051025 -49.29339218 15.00588894
v -87.74725342 -49.59798813 15.24868584
v -87.93686676 -54.52477646 12.35966015
v -87.81650543 -54.48646545 12.01281738
v -87.69801331 -54.40512466 11.67293072
v -87.58271790 -54.28133011 11.34498692
v -87.47183228 -54.11723709 11.03350258
v -87.36652374 -53.91553879 10.74284172
v -87.26796722 -53.67893219 10.47736645
v -87.17729187 -53.41024399 10.24130344
v -87.09533691 -53.11344910 10.03778362
v -87.02279663 -52.79305649 9.86941242
v -86.96037292 -52.45358276 9.73879051
v -86.90872955 -52.09957886 9.64841270
v -86.86819458 -51.73600388 9.59945965
v -86.83882141 -51.36810684 9.59220982
v -86.82070160 -51.00113678 9.62692451
v -86.81388092 -50.64033890 9.70380783
v -86.81809235 -50.29070282 9.82187176
v -86.83276367 -49.95698929 9.97897720
v -86.85731506 -49.64393997 10.17294121
v -86.89115143 -49.35629272 10.40156174
v -86.93347168 -49.09812927 10.66187191
v -86.98322296 -48.87264633 10.94987392
v -87.03929901 -48.68299484 11.26149654
v -87.10060883 -48.53230667 11.59266758
v -87.16598511 -48.42295456 11.93900585
v -87.23410034 -48.35586166 12.29554653
v -87.30359650 -48.33178329 12.65725899
v -87.37313080 -48.35147476 13.01911163
v -87.44136810 -48.41509247 13.37613583
v -87.50702667 -48.52115631 13.72352505
v -87.56882477 -48.66791534 14.05650425
v -87.62548065 -48.85361481 14.37029743
v -87.67728424 -49.08388901 14.66927242
v -87.72123718 -49.34947968 14.93894672
v -87.75632477 -49.64608002 15.17555618
v -87.78154755 -49.96937943 15.37533474
v -87.99042511 -54.44342041 12.34912395
v -87.87255859 -54.40611649 12.01157856
v -87.75650024 -54.32691574 11.68080711
v -87.64356232 -54.20637512 11.36166382
v -87.53491974 -54.04659653 11.05854797
v -87.43170929 -53.85020065 10.77570820
v -87.33506775 -53.61981201 10.51739120
v -87.24610138 -53.35818863 10.28771400
v -87.16562653 -53.06919479 10.08972454
v -87.09432220 -52.75722504 9.92595959
v -87.03286743 -52.42667389 9.79895115
v -86.98191833 -52.08197403 9.71113014
v -86.94176483 -51.72795868 9.66364384
v -86.91249847 -51.36973190 9.65676498
v -86.89418030 -51.01240921 9.69074631
v -86.88686371 -50.66109467 9.76578999
v -86.89029694 -50.32065201 9.88092995
v -86.90390778 -49.99570847 10.03408623
v -86.92713928 -49.69089127 10.22313118
v -86.95941162 -49.41080475 10.44592285
v -86.99995422 -49.15942383 10.69956970
v -87.04772186 -48.93987274 10.98018074
v -87.10164642 -48.75520325 11.28379250
v -87.16067505 -48.60847855 11.60643768
v -87.22366333 -48.50200272 11.94385242
v -87.28931427 -48.43667221 12.29120064
v -87.35630798 -48.41322708 12.64358521
v -87.42333984 -48.43239975 12.99610615
v -87.48911285 -48.49434280 13.34392452
v -87.55237579 -48.59762192 13.68236256
v -87.61187744 -48.74052429 14.00676918
v -87.66637421 -48.92134094 14.31249332
v -87.71611786 -49.14556122 14.60379505
v -87.75821686 -49.40417099 14.86656666
v -87.79169464 -49.69297409 15.09714222
v -87.81555939 -50.00777435 15.29185486
v -87.82893372 -50.34418106 15.44743252
v -88.06332397 -54.38003922 12.33256149
v -87.94739532 -54.34351730 12.00226021
v -87.83324432 -54.26598358 11.67858982
v -87.72214508 -54.14797592 11.36630344
v -87.61524963 -53.99155807 11.06970692
v -87.51367188 -53.79929352 10.79296017
v -87.41852570 -53.57374954 10.54022121
v -87.33089447 -53.31763077 10.31551933
v -87.25157166 -53.03471756 10.12183857
v -87.18122864 -52.72930908 9.96166325
v -87.12052917 -52.40571213 9.83747005
v -87.07010651 -52.06826019 9.75164032
v -87.03026581 -51.72169113 9.70529747
v -87.00107574 -51.37099838 9.69870663
v -86.98260498 -51.02119064 9.73211765
v -86.97490692 -50.67726898 9.80572605
v -86.97772217 -50.34398270 9.91858864
v -86.99050903 -50.02587509 10.06866741
v -87.01271820 -49.72747040 10.25388145
v -87.04376984 -49.45327377 10.47213078
v -87.08292389 -49.20718384 10.72058773
v -87.12914276 -48.99224472 10.99544048
v -87.18140411 -48.81146240 11.29280949
v -87.23864746 -48.66782379 11.60881329
v -87.29977417 -48.56358719 11.93927479
v -87.36350250 -48.49962997 12.27946186
v -87.42855072 -48.47667694 12.62457848
v -87.49363708 -48.49544907 12.96982861
v -87.55749512 -48.55609131 13.31047535
v -87.61888123 -48.65719604 13.64193916
v -87.67659760 -48.79709244 13.95966625
v -87.72940826 -48.97410583 14.25910473
v -87.77754974 -49.19361115 14.54442787
v -87.81820679 -49.44678116 14.80182171
v -87.85042572 -49.72950745 15.02769661
v -87.87322998 -50.03768921 15.21846199
v -87.88577271 -50.36701584 15.37091637
v -87.88760376 -50.71237946 15.48340416
v -88.15004730 -54.34044266 12.31117916
v -88.03533173 -54.30441284 11.98540306
v -87.92237091 -54.22792053 11.66616917
v -87.81241608 -54.11149597 11.35816574
v -87.70661163 -53.95717621 11.06564236
v -87.60605621 -53.76749420 10.79270172
v -87.51184845 -53.54497910 10.54344654
v -87.42504883 -53.29229736 10.32185268
v -87.34644318 -53.01317978 10.13086414
v -87.27670288 -52.71186829 9.97292995
v -87.21647644 -52.39261246 9.85049534
v -87.16638947 -52.05969238 9.76591015
v -87.12673950 -51.71777344 9.72028065
v -87.09759521 -51.37178802 9.71387005
v -87.07902527 -51.02667999 9.74692535
v -87.07109070 -50.68737030 9.81963825
v -87.07352448 -50.35855865 9.93107796
v -87.08580017 -50.04471970 10.07923412
v -87.10736084 -49.75032043 10.26205444
v -87.13765717 -49.47980499 10.47746658
v -87.17594147 -49.23701477 10.72268105
v -87.22119904 -49.02496338 10.99393654
v -87.27240753 -48.84660721 11.28740692
v -87.32854462 -48.70489502 11.59926033
v -87.38850403 -48.60205841 11.92537975
v -87.45103455 -48.53895950 12.26109219
v -87.51486969 -48.51631546 12.60166931
v -87.57873535 -48.53483200 12.94237804
v -87.64138794 -48.59466171 13.27854538
v -87.70161438 -48.69440842 13.60565186
v -87.75820923 -48.83242798 13.91920662
v -87.80996704 -49.00706482 14.21471786
v -87.85710907 -49.22362518 14.49630737
v -87.89687347 -49.47339630 14.75034142
v -87.92829895 -49.75233078 14.97327900
v -87.95044708 -50.05637741 15.16157913
v -87.96246338 -50.38128281 15.31208229
v -87.96391296 -50.72201157 15.42315578
v -88.24393463 -54.32722092 12.28664207
v -88.12962341 -54.29135513 11.96237659
v -88.01705933 -54.21520996 11.64462376
v -87.90749359 -54.09931564 11.33805084
v -87.80204773 -53.94569778 11.04688740
v -87.70183563 -53.75687408 10.77521801
v -87.60793304 -53.53536987 10.52712631
v -87.52141571 -53.28383636 10.30657005
v -87.44305420 -53.00598526 10.11647987
v -87.37351227 -52.70604706 9.95929337
v -87.31343842 -52.38824081 9.83744717
v -87.26346588 -52.05683136 9.75327682
v -87.22387695 -51.71646500 9.70788574
v -87.19474792 -51.37205505 9.70153618
v -87.17615509 -51.02851105 9.73447227
v -87.16812897 -50.69074249 9.80688572
v -87.17044067 -50.36342621 9.91785049
v -87.18254089 -50.05101395 10.06536484
v -87.20389557 -49.75794983 10.24738598
v -87.23393250 -49.48866272 10.46185017
v -87.27192688 -49.24697495 10.70598221
v -87.31686401 -49.03588867 10.97603703
v -87.36772919 -48.85834122 11.26820469
v -87.42349243 -48.71727371 11.57867336
v -87.48306274 -48.61490250 11.90334225
v -87.54519653 -48.55209351 12.23756123
v -87.60861969 -48.52954865 12.57662201
v -87.67208099 -48.54798508 12.91581440
v -87.73433685 -48.60754013 13.25048542
v -87.79416656 -48.70683670 13.57613754
v -87.85038757 -48.84422684 13.88829899
v -87.90179443 -49.01807022 14.18249989
v -87.94860077 -49.23364639 14.46284103
v -87.98806763 -49.48228455 14.71575356
v -88.01922607 -49.75995255 14.93771172
v -88.04115295 -50.06261444 15.12518883
v -88.05300140 -50.38604736 15.27503967
v -88.05432892 -50.72522736 15.38564014
v -88.38270569 -54.99082565 12.21835613
v -88.24807739 -54.94674301 11.81824875
v -88.11558533 -54.85315323 11.42614555
v -87.98678589 -54.71071625 11.04778194
v -87.86305237 -54.52191544 10.68835735
v -87.74574280 -54.28984451 10.35289192
v -87.63619232 -54.01760483 10.04640579
v -87.53571320 -53.70846176 9.77376270
v -87.44527435 -53.36697006 9.53856468
v -87.36566162 -52.99832916 9.34380817
v -87.29769135 -52.60773087 9.19248390
v -87.24212646 -52.20041275 9.08746338
v -87.19933319 -51.78208542 9.03010464
v -87.16939545 -51.35878754 9.02072716
v -87.15239716 -50.93655777 9.05963516
v -87.14839935 -50.52142715 9.14706421
v -87.15710449 -50.11914444 9.28187656
v -87.17784119 -49.73517609 9.46160984
v -87.20993805 -49.37498856 9.68375301
v -87.25272369 -49.04402161 9.94577026
v -87.30527496 -48.74697495 10.24424744
v -87.36636353 -48.48753357 10.57458591
v -87.43473816 -48.26932144 10.93210125
v -87.50913239 -48.09593964 11.31211090
v -87.58821106 -47.97012711 11.70957184
v -87.67043304 -47.89293671 12.11877251
v -87.75424957 -47.86523438 12.53392410
v -87.83810425 -47.88788605 12.94923687
v -87.92047882 -47.96107864 13.35899258
v -87.99987793 -48.08311081 13.75766468
v -88.07483673 -48.25196838 14.13975525
v -88.14387512 -48.46562958 14.49977016
v -88.20745850 -48.73059082 14.84270096
v -88.26200104 -49.03618622 15.15191936
v -88.30635834 -49.37745667 15.42309284
v -88.33935547 -49.74943924 15.65188885
v -88.35996246 -50.14693069 15.83444214
v -88.36763763 -50.56377792 15.96875381
v -93.21366119 -52.33837891 13.95564556
v -93.21366119 -50.42155838 13.95564556
v -93.25473022 -50.37997055 13.94823456
v -95.25710297 -50.37997055 13.58691692
v -95.25710297 -52.37997055 13.58691692
v -91.82051849 -52.37997055 8.59566689
v -91.78124237 -52.33837891 8.60978413
v -93.73527527 -50.37997055 7.90739202
v -93.73527527 -52.37997055 7.90739202
v -91.78124237 -50.42155838 8.60978413
v -91.82051849 -50.37997055 8.59566689
v -93.71977234 -50.37997055 11.48277664
v -92.98653412 -50.37997055 11.33772182
v -93.55184937 -50.37997055 11.00019073
v -92.97229004 -50.37997055 11.15548229
v -92.89350128 -50.37997055 10.99053860
v -92.93431091 -50.37997055 11.51290035
v -93.95616913 -50.37997055 11.93577099
v -92.82262421 -50.37997055 11.65760422
v -92.66638947 -50.37997055 11.75249290
v -94.25600433 -50.37997055 12.34951687
v -94.61288452 -50.37997055 12.71519852
v -95.01921082 -50.37997055 13.02501965
v -95.46630859 -50.37997055 13.27237892
v -95.46247864 -50.37997055 13.67821026
v -95.67280579 -50.37997055 13.75743771
v -95.94466400 -50.37997055 13.45200348
v -95.88736725 -50.37997055 13.82433510
v -96.44407654 -50.37997055 13.56006432
v -97.69195557 -50.37997055 14.86017704
v -97.67781830 -50.37997055 14.67697239
v -96.95389557 -50.37997055 13.59425926
v -97.73081970 -50.37997055 14.50103283
v -97.46326447 -50.37997055 13.55385876
v -97.84380341 -50.37997055 14.35612011
v -98.00150299 -50.37997055 14.26180553
v -97.96131897 -50.37997055 13.43972492
v -98.18261719 -50.37997055 14.23082733
v -98.36270142 -50.37997055 14.26736832
v -98.43745422 -50.37997055 13.25428963
v -98.51741791 -50.37997055 14.36649418
v -98.88150787 -50.37997055 13.00150490
v -98.62587738 -50.37997055 14.51481724
v -99.70278168 -50.37997055 12.80199909
v -98.67343903 -50.37997055 14.69230556
v -100.50320435 -50.37997055 15.78922939
v -98.65367126 -50.37997055 14.87498856
v -99.00767517 -50.37997055 16.23698997
v -98.56924438 -50.37997055 15.03819370
v -98.83911896 -50.37997055 16.14044571
v -98.43155670 -50.37997055 15.15987968
v -98.64648438 -50.37997055 16.11542130
v -98.25921631 -50.37997055 15.22361088
v -98.45885468 -50.37997055 16.16569710
v -98.07548523 -50.37997055 15.22078133
v -98.30455017 -50.37997055 16.28368187
v -97.90518951 -50.37997055 15.15177250
v -98.20684814 -50.37997055 16.45157051
v -97.77131653 -50.37997055 15.02590466
v -96.68779755 -50.37997055 16.81156540
v -99.28403473 -50.37997055 12.68675804
v -99.63643646 -50.37997055 12.31675911
v -99.93120575 -50.37997055 11.89939213
v -103.72985840 -50.37997055 11.31392860
v -100.16207123 -50.37997055 11.44355297
v -100.32410431 -50.37997055 10.95895767
v -101.46014404 -50.37997055 9.39659977
v -100.41385651 -50.37997055 10.45593452
v -101.27641296 -50.37997055 9.39377022
v -100.42941284 -50.37997055 9.94520473
v -101.10611725 -50.37997055 9.32476139
v -100.97224426 -50.37997055 9.19889355
v -100.37042999 -50.37997055 9.43765163
v -100.89288330 -50.37997055 9.03316593
v -100.23818207 -50.37997055 8.94409561
v -100.87874603 -50.37997055 8.84996033
v -100.03548431 -50.37997055 8.47505474
v -100.93174744 -50.37997055 8.67402077
v -101.04473114 -50.37997055 8.52910805
v -99.76664734 -50.37997055 8.04052544
v -101.20243073 -50.37997055 8.43479443
v -99.43741608 -50.37997055 7.64976883
v -102.20939636 -50.37997055 5.63948107
v -99.05478668 -50.37997055 7.31111383
v -98.62693787 -50.37997055 7.03177834
v -97.97780609 -50.37997055 6.36431313
v -98.16297150 -50.37997055 6.81771564
v -97.67278290 -50.37997055 6.67348862
v -97.16681671 -50.37997055 6.60216999
v -96.18877411 -50.37997055 5.41941786
v -96.14122009 -50.37997055 5.24192953
v -96.16900635 -50.37997055 5.60210085
v -96.65585327 -50.37997055 6.60528088
v -96.08457947 -50.37997055 5.76530600
v -96.15079498 -50.37997055 6.68275499
v -95.94689178 -50.37997055 5.88699150
v -95.77455139 -50.37997055 5.95072317
v -95.66239929 -50.37997055 6.83294058
v -95.59082794 -50.37997055 5.94789362
v -95.42052460 -50.37997055 5.87888479
v -95.20107269 -50.37997055 7.05263662
v -95.28665161 -50.37997055 5.75301695
v -94.77665710 -50.37997055 7.33716106
v -95.20729065 -50.37997055 5.58728933
v -94.16239929 -50.37997055 7.38664818
v -93.36196899 -50.37997055 4.39941788
v -94.39818573 -50.37997055 7.68044996
v -94.01002502 -50.37997055 7.55186558
v -94.07373047 -50.37997055 8.07518578
v -93.86749268 -50.37997055 7.72564173
v -93.81020355 -50.37997055 8.51295662
v -93.61322784 -50.37997055 8.98443127
v -93.48699951 -50.37997055 9.47956181
v -93.43421173 -50.37997055 9.98779392
v -92.59161377 -50.37997055 10.79546547
v -92.40886688 -50.37997055 10.79140854
v -92.76069641 -50.37997055 10.86493778
v -93.45597839 -50.37997055 10.49829769
v -97.17737579 -50.37997055 3.37708282
v -96.03275299 -50.37997055 5.09360647
v -95.65833282 -50.37997055 3.73707700
v -95.87803650 -50.37997055 4.99448061
v -95.56063080 -50.37997055 3.90496540
v -95.69795990 -50.37997055 4.95793915
v -95.40631866 -50.37997055 4.02295065
v -95.51683807 -50.37997055 4.98891783
v -95.21868896 -50.37997055 4.07322598
v -95.35913849 -50.37997055 5.08323193
v -95.02606201 -50.37997055 4.04820251
v -95.24616241 -50.37997055 5.22814465
v -94.85750580 -50.37997055 3.95165730
v -95.19316101 -50.37997055 5.40408421
v -101.63248444 -50.37997055 9.33286762
v -101.77016449 -50.37997055 9.21118259
v -103.06204224 -50.37997055 8.82160950
v -101.85459900 -50.37997055 9.04797745
v -102.93814087 -50.37997055 8.72290707
v -101.87436676 -50.37997055 8.86529446
v -102.85133362 -50.37997055 8.59039974
v -102.81033325 -50.37997055 8.43738747
v -101.82680511 -50.37997055 8.68780613
v -102.81925964 -50.37997055 8.27922916
v -101.71834564 -50.37997055 8.53948307
v -102.87720490 -50.37997055 8.13180065
v -101.56362915 -50.37997055 8.44035721
v -101.38354492 -50.37997055 8.40381527
v -93.33376312 -50.37997055 4.27924156
v -93.66933441 -50.37997055 3.51472235
v -94.73846436 -50.37997055 3.79816222
v -93.31311798 -50.37997055 4.15753794
v -93.51328278 -50.37997055 3.58717895
v -93.30011749 -50.37997055 4.03478193
v -93.39103699 -50.37997055 3.70823979
v -93.31706238 -50.37997055 3.86357117
v -94.31005859 -50.37997055 3.34304094
v -94.68689728 -50.37997055 3.61088347
v -94.44083405 -50.37997055 3.33756161
v -94.56150055 -50.37997055 3.38829088
v -94.64907837 -50.37997055 3.48557138
v -95.68467712 -50.37997055 3.54462457
v -96.46884918 -50.37997055 2.76459360
v -97.14171600 -50.37997055 3.25890326
v -97.09874725 -50.37997055 3.14318228
v -96.64022064 -50.37997055 2.74932003
v -97.04862976 -50.37997055 3.03037214
v -96.80661774 -50.37997055 2.79303813
v -96.94834900 -50.37997055 2.89057136
v -95.82812500 -50.37997055 2.93627501
v -95.63568878 -50.37997055 3.35665464
v -95.71212769 -50.37997055 2.99691963
v -95.63299561 -50.37997055 3.10118484
v -95.60578918 -50.37997055 3.22922134
v -100.53141022 -50.37997055 15.90940666
v -100.19584656 -50.37997055 16.67392540
v -99.12671661 -50.37997055 16.39048576
v -100.55205536 -50.37997055 16.03111076
v -100.35189056 -50.37997055 16.60146904
v -100.56505585 -50.37997055 16.15386581
v -100.47413635 -50.37997055 16.48040771
v -100.54811096 -50.37997055 16.32507706
v -99.55512238 -50.37997055 16.84560776
v -99.17827606 -50.37997055 16.57776451
v -99.42433929 -50.37997055 16.85108566
v -99.30367279 -50.37997055 16.80035782
v -99.21609497 -50.37997055 16.70307732
v -98.18049622 -50.37997055 16.64402390
v -97.39632416 -50.37997055 17.42405510
v -96.72345734 -50.37997055 16.92974472
v -96.76643372 -50.37997055 17.04546547
v -97.22496033 -50.37997055 17.43932724
v -96.81655121 -50.37997055 17.15827560
v -97.05855560 -50.37997055 17.39560890
v -96.91682434 -50.37997055 17.29807663
v -98.03704834 -50.37997055 17.25237274
v -98.22948456 -50.37997055 16.83199310
v -98.15304565 -50.37997055 17.19172859
v -98.23218536 -50.37997055 17.08746338
v -98.25938416 -50.37997055 16.95942688
v -92.52588654 -50.52371979 11.78355312
v -93.02880096 -50.59976959 13.95427418
v -92.40057373 -50.65454865 11.82137299
v -92.93974304 -50.67900467 13.92805481
v -92.85706329 -50.74793243 13.88582325
v -92.30329895 -50.77118301 11.90895081
v -92.78362274 -50.80417633 13.82903481
v -92.64191437 -50.87997055 13.59300137
v -92.72194672 -50.84579086 13.75964928
v -92.67416382 -50.87134933 13.68005657
v -92.25804901 -50.87997055 12.16039562
v -92.25256348 -50.85141373 12.02961540
v -92.24808502 -50.87274170 12.09530830
v -92.25804901 -51.87997055 12.16039562
v -92.64191437 -51.87997055 13.59300137
v -92.52588654 -52.23621750 11.78355312
v -92.40057373 -52.10538864 11.82137299
v -92.30329895 -51.98875427 11.90895081
v -92.25256348 -51.90852356 12.02961540
v -92.24808502 -51.88719559 12.09530830
v -92.66638947 -52.37997055 11.75249290
v -92.82262421 -52.37997055 11.65760422
v -92.93431091 -52.37997055 11.51290035
v -92.98653412 -52.37997055 11.33772182
v -92.97229004 -52.37997055 11.15548229
v -92.89350128 -52.37997055 10.99053860
v -92.76069641 -52.37997055 10.86493778
v -92.59161377 -52.37997055 10.79546547
v -92.40886688 -52.37997055 10.79140854
v -92.27165985 -50.52371979 10.83475876
v -92.27165985 -52.23621750 10.83475876
v -93.02880096 -52.16016769 13.95427418
v -92.93974304 -52.08093262 13.92805481
v -92.85706329 -52.01200485 13.88582325
v -92.78362274 -51.95576477 13.82903481
v -92.72194672 -51.91414642 13.75964928
v -92.67416382 -51.88858795 13.68005657
v -93.46268463 -52.37997055 11.81630802
v -93.26551819 -52.37997055 11.34254169
v -93.13270569 -52.37997055 10.84687138
v -93.06657410 -52.37997055 10.33799458
v -94.03517151 -52.37997055 12.66539860
v -93.72074127 -52.37997055 12.25985432
v -94.40044403 -52.37997055 13.02582359
v -94.81015015 -52.37997055 13.33480358
v -93.06828308 -52.37997055 9.82484055
v -93.13780975 -52.37997055 9.31641674
v -93.27393341 -52.37997055 8.82164383
v -93.47425842 -52.37997055 8.34920597
v -91.45181274 -50.87134933 9.11820221
v -91.45339966 -50.84579086 9.02538013
v -91.46741486 -50.87997055 9.20971870
v -91.47212219 -50.80417633 8.93445110
v -92.01618958 -50.77118301 10.83745670
v -91.50733185 -50.74793243 8.84854984
v -92.14422607 -50.65454865 10.86466217
v -91.55781555 -50.67900467 8.77063942
v -91.62183380 -50.59976959 8.70340443
v -91.85128021 -50.87997055 10.64232445
v -91.91192627 -50.85141373 10.75832272
v -91.87519836 -50.87274170 10.70367146
v -91.85128021 -51.87997055 10.64232445
v -91.87519836 -51.88719559 10.70367146
v -91.91192627 -51.90852356 10.75832272
v -92.01618958 -51.98875427 10.83745670
v -92.14422607 -52.10538864 10.86466217
v -91.62183380 -52.16016769 8.70340443
v -91.55781555 -52.08093262 8.77063942
v -91.50733185 -52.01200485 8.84854984
v -91.47212219 -51.95576477 8.93445110
v -91.46741486 -51.87997055 9.20971870
v -91.45339966 -51.91414642 9.02538013
v -91.45181274 -51.88858795 9.11820221
v -102.25493622 -50.42597961 5.63167953
v -102.96915436 -50.49818802 8.01817036
v -102.43869781 -50.60275650 5.63446999
v -103.09002686 -50.63621902 7.93598509
v -102.52706146 -50.68122482 5.66107368
v -103.17378998 -50.73270416 7.87578487
v -102.60903168 -50.74943161 5.70346403
v -102.68181610 -50.80505371 5.76019716
v -102.82231903 -50.87997055 5.99509239
v -102.74293518 -50.84619522 5.82933998
v -102.79030609 -50.87145233 5.90853786
v -103.23220825 -50.81113434 7.79077291
v -103.24920654 -50.87997055 7.58825970
v -103.25837708 -50.86223602 7.69099951
v -103.09002686 -52.12371826 7.93598509
v -103.17378998 -52.02723312 7.87578487
v -103.23220825 -51.94880295 7.79077291
v -103.25837708 -51.89770126 7.69099951
v -103.24920654 -51.87997055 7.58825970
v -102.87720490 -52.37997055 8.13180065
v -102.81925964 -52.37997055 8.27922916
v -102.81033325 -52.37997055 8.43738747
v -102.85133362 -52.37997055 8.59039974
v -102.93814087 -52.37997055 8.72290707
v -102.96915436 -52.26174927 8.01817036
v -103.06204224 -52.37997055 8.82160950
v -103.19847870 -52.26174927 8.87404442
v -103.19847870 -50.49818802 8.87404442
v -103.34425354 -50.63621902 8.88477993
v -103.34425354 -52.12371826 8.88477993
v -104.09841156 -50.87145233 10.79046154
v -104.09699249 -50.84619522 10.88273430
v -104.08285522 -50.87997055 10.69949818
v -104.07862854 -50.80505371 10.97317314
v -103.44689178 -50.73270416 8.89503574
v -104.04396057 -50.74943161 11.05869770
v -103.99417114 -50.68122482 11.13639450
v -103.93094635 -50.60275650 11.20361614
v -103.77320099 -50.42597961 11.29791260
v -103.53999329 -50.81113434 8.93944931
v -103.65596771 -50.87997055 9.10633087
v -103.61254120 -50.86223602 9.01277065
v -104.08285522 -51.87997055 10.69949818
v -103.65596771 -51.87997055 9.10633087
v -103.77320099 -52.33395767 11.29791260
v -103.93094635 -52.15718079 11.20361614
v -103.99417114 -52.07871246 11.13639450
v -104.04396057 -52.01050568 11.05869770
v -104.07862854 -51.95488358 10.97317314
v -104.09699249 -51.91374588 10.88273430
v -104.09841156 -51.88848495 10.79046154
v -99.70278168 -52.37997055 12.80199909
v -103.72985840 -52.37997055 11.31392860
v -102.79030609 -51.88848495 5.90853786
v -102.74293518 -51.91374588 5.82933998
v -102.82231903 -51.87997055 5.99509239
v -102.68181610 -51.95488358 5.76019716
v -102.60903168 -52.01050568 5.70346403
v -102.52706146 -52.07871246 5.66107368
v -102.43869781 -52.15718079 5.63446999
v -102.25493622 -52.33395767 5.63167953
v -102.20939636 -52.37997055 5.63948107
v -103.44689178 -52.02723312 8.89503574
v -103.53999329 -51.94880295 8.93944931
v -103.61254120 -51.89770126 9.01277065
v -101.71834564 -52.37997055 8.53948307
v -101.56362915 -52.37997055 8.44035721
v -101.38354492 -52.37997055 8.40381527
v -100.11415863 -52.37997055 7.88455391
v -101.20243073 -52.37997055 8.43479443
v -101.04473114 -52.37997055 8.52910805
v -100.38807678 -52.37997055 8.34358788
v -100.93174744 -52.37997055 8.67402077
v -100.59619141 -52.37997055 8.83596134
v -100.87874603 -52.37997055 8.84996033
v -100.89288330 -52.37997055 9.03316593
v -100.73454285 -52.37997055 9.35229683
v -100.97224426 -52.37997055 9.19889355
v -101.10611725 -52.37997055 9.32476139
v -100.80049133 -52.37997055 9.88276196
v -101.27641296 -52.37997055 9.39377022
v -100.79279327 -52.37997055 10.41725636
v -101.46014404 -52.37997055 9.39659977
v -101.63248444 -52.37997055 9.33286762
v -101.77016449 -52.37997055 9.21118259
v -101.85459900 -52.37997055 9.04797745
v -97.97780609 -52.37997055 6.36431313
v -98.48134613 -52.37997055 6.54371881
v -98.95539856 -52.37997055 6.79073715
v -99.39093781 -52.37997055 7.10066462
v -99.77965546 -52.37997055 7.46759939
v -100.71157837 -52.37997055 10.94560146
v -100.55841064 -52.37997055 11.45773602
v -100.33618927 -52.37997055 11.94390678
v -100.04915619 -52.37997055 12.39485741
v -101.87436676 -52.37997055 8.86529446
v -101.82680511 -52.37997055 8.68780613
v -93.71977234 -47.57996750 11.48277664
v -93.55184937 -47.57996750 11.00019073
v -94.03481293 -47.07996750 10.87078094
v -93.45597839 -47.57996750 10.49829769
v -93.94902039 -47.07996750 10.40790939
v -93.43421173 -47.57996750 9.98779392
v -93.93669891 -47.07996750 9.93731594
v -93.48699951 -47.57996750 9.47956181
v -93.99814606 -47.07996750 9.47058868
v -93.61322784 -47.57996750 8.98443127
v -94.13184357 -47.07996750 9.01922035
v -93.81020355 -47.57996750 8.51295662
v -94.33451080 -47.07996750 8.59432411
v -94.07373047 -47.57996750 8.07518578
v -94.60115051 -47.07996750 8.20636272
v -94.39818573 -47.57996750 7.68044996
v -94.92519379 -47.07996750 7.86488962
v -94.77665710 -47.57996750 7.33716106
v -95.29866791 -47.07996750 7.57831240
v -95.20107269 -47.57996750 7.05263662
v -95.71237946 -47.07996750 7.35368776
v -95.66239929 -47.57996750 6.83294058
v -96.15612793 -47.07996750 7.19654655
v -96.15079498 -47.57996750 6.68275499
v -96.61900330 -47.07996750 7.11075830
v -96.65585327 -47.57996750 6.60528088
v -97.08959961 -47.07996750 7.09843540
v -97.16681671 -47.57996750 6.60216999
v -97.55632019 -47.07996750 7.15988111
v -97.67278290 -47.57996750 6.67348862
v -98.16297150 -47.57996750 6.81771564
v -98.00769043 -47.07996750 7.29358244
v -98.62693787 -47.57996750 7.03177834
v -98.43258667 -47.07996750 7.49624777
v -99.05478668 -47.57996750 7.31111383
v -98.82054901 -47.07996750 7.76288605
v -99.43741608 -47.57996750 7.64976883
v -99.16202545 -47.07996750 8.08693218
v -99.76664734 -47.57996750 8.04052544
v -99.44860077 -47.07996750 8.46040726
v -100.03548431 -47.57996750 8.47505474
v -99.67322540 -47.07996750 8.87411404
v -100.23818207 -47.57996750 8.94409561
v -99.83036804 -47.07996750 9.31786633
v -100.37042999 -47.57996750 9.43765163
v -99.91615295 -47.07996750 9.78073883
v -100.42941284 -47.57996750 9.94520473
v -99.92847443 -47.07996750 10.25133133
v -100.41385651 -47.57996750 10.45593452
v -99.86702728 -47.07996750 10.71805859
v -100.32410431 -47.57996750 10.95895767
v -99.73332977 -47.07996750 11.16942787
v -100.16207123 -47.57996750 11.44355297
v -99.53066254 -47.07996750 11.59432411
v -99.93120575 -47.57996750 11.89939213
v -99.26402283 -47.07996750 11.98228550
v -99.63643646 -47.57996750 12.31675911
v -98.93997955 -47.07996750 12.32375813
v -99.28403473 -47.57996750 12.68675804
v -98.88150787 -47.57996750 13.00150490
v -98.56650543 -47.07996750 12.61033535
v -98.43745422 -47.57996750 13.25428963
v -98.15280151 -47.07996750 12.83495998
v -97.96131897 -47.57996750 13.43972492
v -97.70904541 -47.07996750 12.99210167
v -97.46326447 -47.57996750 13.55385876
v -97.24617004 -47.07996750 13.07788944
v -96.95389557 -47.57996750 13.59425926
v -96.77558136 -47.07996750 13.09021282
v -96.44407654 -47.57996750 13.56006432
v -96.30885315 -47.07996750 13.02876663
v -95.94466400 -47.57996750 13.45200348
v -95.85748291 -47.07996750 12.89506531
v -95.46630859 -47.57996750 13.27237892
v -95.43258667 -47.07996750 12.69239998
v -95.01921082 -47.57996750 13.02501965
v -95.04462433 -47.07996750 12.42576218
v -94.61288452 -47.57996750 12.71519852
v -94.70315552 -47.07996750 12.10171604
v -94.25600433 -47.57996750 12.34951687
v -94.41657257 -47.07996750 11.72824097
v -93.95616913 -47.57996750 11.93577099
v -94.19194794 -47.07996750 11.31453419
v -94.34608459 -47.07996750 10.67093945
v -94.48073578 -47.07996750 11.09976673
v -94.68592072 -47.07996750 11.49967003
v -94.95574188 -47.07996750 11.85914326
v -95.28243256 -47.07996750 12.16784668
v -95.65660095 -47.07996750 12.41689777
v -96.06746674 -47.07996750 12.59913349
v -96.50322723 -47.07996750 12.70930958
v -96.95133972 -47.07996750 12.74425793
v -97.39891052 -47.07996750 12.70297146
v -97.83306885 -47.07996750 12.58664036
v -98.24131775 -47.07996750 12.39860916
v -98.61191559 -47.07996750 12.14428806
v -98.93420410 -47.07996750 11.83099270
v -99.19891357 -47.07996750 11.46773720
v -99.39842224 -47.07996750 11.06497097
v -99.52699280 -47.07996750 10.63428020
v -99.58093262 -47.07996750 10.18805695
v -99.55867767 -47.07996750 9.73913670
v -99.46087646 -47.07996750 9.30043411
v -99.29034424 -47.07996750 8.88457108
v -99.05197906 -47.07996750 8.50351048
v -98.75263977 -47.07996750 8.16821384
v -98.40094757 -47.07996750 7.88832855
v -98.00701141 -47.07996750 7.67190552
v -97.58216858 -47.07996750 7.52517128
v -97.13863373 -47.07996750 7.45234632
v -96.68917847 -47.07996750 7.45552683
v -96.24671936 -47.07996750 7.53462029
v -95.82398987 -47.07996750 7.68735218
v -95.43315887 -47.07996750 7.90932798
v -95.08545685 -47.07996750 8.19416237
v -94.79090118 -47.07996750 8.53366089
v -94.55795288 -47.07996750 8.91805649
v -94.39331818 -47.07996750 9.33629131
v -94.30173492 -47.07996750 9.77633381
v -94.28583527 -47.07996750 10.22552395
v -100.77740479 -52.87997055 9.62224007
v -100.67428589 -52.87997055 9.09173965
v -100.19132233 -53.37997055 9.22114944
v -100.49833679 -52.87997055 8.58075333
v -100.02478027 -53.37997055 8.74521255
v -100.25298309 -52.87997055 8.09922695
v -99.78916931 -53.37997055 8.29941368
v -99.94300842 -52.87997055 7.65653276
v -99.48974609 -53.37997055 7.89370966
v -99.57444000 -52.87997055 7.26128769
v -99.13320160 -53.37997055 7.53716373
v -99.15444183 -52.87997055 6.92118454
v -98.72750092 -53.37997055 7.23774052
v -98.69120789 -52.87997055 6.64284229
v -98.28170013 -53.37997055 7.00212860
v -98.19374084 -52.87997055 6.43167973
v -97.80576324 -53.37997055 6.83559132
v -97.67172241 -52.87997055 6.29180622
v -97.31031799 -53.37997055 6.74184895
v -97.13532257 -52.87997055 6.22594452
v -96.80644226 -53.37997055 6.72299480
v -96.59497070 -52.87997055 6.23537636
v -96.30538177 -53.37997055 6.77945089
v -96.06119537 -52.87997055 6.31991816
v -95.81832886 -53.37997055 6.90995598
v -95.54438019 -52.87997055 6.47792435
v -95.35617065 -53.37997055 7.11159420
v -95.05458832 -52.87997055 6.70631981
v -94.92922211 -53.37997055 7.37986183
v -94.60134125 -52.87997055 7.00065899
v -94.54702759 -53.37997055 7.70876598
v -94.19347382 -52.87997055 7.35521269
v -93.83892059 -52.87997055 7.76308012
v -94.21812439 -53.37997055 8.09095955
v -93.54458618 -52.87997055 8.21632290
v -93.94985962 -53.37997055 8.51790524
v -93.31618500 -52.87997055 8.70611858
v -93.74822235 -53.37997055 8.98006535
v -93.15818024 -52.87997055 9.22293377
v -93.61771393 -53.37997055 9.46711636
v -93.07363892 -52.87997055 9.75671005
v -93.56125641 -53.37997055 9.96817780
v -93.06420898 -52.87997055 10.29705715
v -93.58011627 -53.37997055 10.47205734
v -93.13007355 -52.87997055 10.83345890
v -93.67385864 -53.37997055 10.96749878
v -93.26994324 -52.87997055 11.35547352
v -93.84039307 -53.37997055 11.44343472
v -93.48110962 -52.87997055 11.85294151
v -94.07600403 -53.37997055 11.88923454
v -93.75944519 -52.87997055 12.31618023
v -94.37542725 -53.37997055 12.29493809
v -94.09954834 -52.87997055 12.73617268
v -94.73197174 -53.37997055 12.65148449
v -94.49479675 -52.87997055 13.10474491
v -95.13768005 -53.37997055 12.95090771
v -94.93749237 -52.87997055 13.41472244
v -95.58348083 -53.37997055 13.18651867
v -95.41901398 -52.87997055 13.66007233
v -96.05941010 -53.37997055 13.35305595
v -95.93000031 -52.87997055 13.83601952
v -96.46050262 -52.87997055 13.93913841
v -96.55485535 -53.37997055 13.44679928
v -97.00019073 -52.87997055 13.96742249
v -97.05873108 -53.37997055 13.46565247
v -97.53856659 -52.87997055 13.92032051
v -97.55979919 -53.37997055 13.40919685
v -98.06514740 -52.87997055 13.79874992
v -98.04684448 -53.37997055 13.27869225
v -98.56967926 -52.87997055 13.60507774
v -98.50901031 -53.37997055 13.07705307
v -99.04235077 -52.87997055 13.34307194
v -98.93595123 -53.37997055 12.80878544
v -99.47395325 -52.87997055 13.01783371
v -99.31814575 -53.37997055 12.47988129
v -99.85609436 -52.87997055 12.63569164
v -99.64704895 -53.37997055 12.09768772
v -100.18133545 -52.87997055 12.20408535
v -99.91532135 -53.37997055 11.67074299
v -100.44334412 -52.87997055 11.73141479
v -100.11695862 -53.37997055 11.20858288
v -100.63701630 -52.87997055 11.22688103
v -100.24745941 -53.37997055 10.72153187
v -100.75858307 -52.87997055 10.70030212
v -100.30391693 -53.37997055 10.22047043
v -100.80568695 -52.87997055 10.16192913
v -100.28506470 -53.37997055 9.71659088
v -99.31695557 -52.37997055 13.14723206
v -98.88854218 -52.37997055 13.43793011
v -98.42518616 -52.37997055 13.66890144
v -97.93517303 -52.37997055 13.83601952
v -97.42724609 -52.37997055 13.93629932
v -96.91048431 -52.37997055 13.96794891
v -96.39411926 -52.37997055 13.93040371
v -95.88736725 -52.37997055 13.82433510
v -97.47105408 -52.37997055 6.25824404
v -96.95468903 -52.37997055 6.22069883
v -96.43792725 -52.37997055 6.25234890
v -95.93000031 -52.37997055 6.35262871
v -95.43998718 -52.37997055 6.51974630
v -94.97663116 -52.37997055 6.75071764
v -94.54821777 -52.37997055 7.04141569
v -94.16239929 -52.37997055 7.38664818
v -99.27495575 -53.37997055 9.46668816
v -99.13038635 -53.37997055 9.06947422
v -98.91902924 -53.37997055 8.70340061
v -98.64732361 -53.37997055 8.37959003
v -98.32350922 -53.37997055 8.10788059
v -97.95743561 -53.37997055 7.89652777
v -97.56022644 -53.37997055 7.75195360
v -97.14394379 -53.37997055 7.67855167
v -96.72123718 -53.37997055 7.67855167
v -96.30495453 -53.37997055 7.75195360
v -95.90773773 -53.37997055 7.89652777
v -95.54166412 -53.37997055 8.10788059
v -95.21785736 -53.37997055 8.37959003
v -94.94614410 -53.37997055 8.70340061
v -94.73479462 -53.37997055 9.06947422
v -94.59021759 -53.37997055 9.46668816
v -94.51681519 -53.37997055 9.88297081
v -94.51681519 -53.37997055 10.30567646
v -94.59021759 -53.37997055 10.72196007
v -94.73479462 -53.37997055 11.11917305
v -94.94614410 -53.37997055 11.48524666
v -95.21785736 -53.37997055 11.80905819
v -95.54166412 -53.37997055 12.08076763
v -95.90773773 -53.37997055 12.29211998
v -96.30495453 -53.37997055 12.43669415
v -96.72123718 -53.37997055 12.51009560
v -97.14394379 -53.37997055 12.51009560
v -97.56022644 -53.37997055 12.43669415
v -97.95743561 -53.37997055 12.29211998
v -98.32350922 -53.37997055 12.08076763
v -98.64732361 -53.37997055 11.80905819
v -98.91902924 -53.37997055 11.48524666
v -99.13038635 -53.37997055 11.11917305
v -99.27495575 -53.37997055 10.72196007
v -99.34835815 -53.37997055 10.30567646
v -99.34835815 -53.37997055 9.88297081
v -98.22948456 -52.37997055 16.83199310
v -98.25938416 -52.37997055 16.95942688
v -98.23218536 -52.37997055 17.08746338
v -98.15304565 -52.37997055 17.19172859
v -98.03704834 -52.37997055 17.25237274
v -97.39632416 -52.37997055 17.42405510
v -99.17827606 -52.37997055 16.57776451
v -99.21609497 -52.37997055 16.70307732
v -99.30367279 -52.37997055 16.80035782
v -99.42433929 -52.37997055 16.85108566
v -99.55512238 -52.37997055 16.84560776
v -100.19584656 -52.37997055 16.67392540
v -98.18049622 -52.37997055 16.64402390
v -96.72345734 -52.37997055 16.92974472
v -96.76643372 -52.37997055 17.04546547
v -96.68779755 -52.37997055 16.81156540
v -98.20684814 -52.37997055 16.45157051
v -97.90518951 -52.37997055 15.15177250
v -98.30455017 -52.37997055 16.28368187
v -98.07548523 -52.37997055 15.22078133
v -98.45885468 -52.37997055 16.16569710
v -98.25921631 -52.37997055 15.22361088
v -98.64648438 -52.37997055 16.11542130
v -98.43155670 -52.37997055 15.15987968
v -98.83911896 -52.37997055 16.14044571
v -98.56924438 -52.37997055 15.03819370
v -99.00767517 -52.37997055 16.23698997
v -98.65367126 -52.37997055 14.87498856
v -100.50320435 -52.37997055 15.78922939
v -98.67343903 -52.37997055 14.69230556
v -98.62587738 -52.37997055 14.51481724
v -98.51741791 -52.37997055 14.36649418
v -98.36270142 -52.37997055 14.26736832
v -98.18261719 -52.37997055 14.23082733
v -98.00150299 -52.37997055 14.26180553
v -97.84380341 -52.37997055 14.35612011
v -97.73081970 -52.37997055 14.50103283
v -97.67781830 -52.37997055 14.67697239
v -97.69195557 -52.37997055 14.86017704
v -99.12671661 -52.37997055 16.39048576
v -100.53141022 -52.37997055 15.90940666
v -100.55205536 -52.37997055 16.03111076
v -100.56505585 -52.37997055 16.15386581
v -100.54811096 -52.37997055 16.32507706
v -100.47413635 -52.37997055 16.48040771
v -100.35189056 -52.37997055 16.60146904
v -96.81655121 -52.37997055 17.15827560
v -96.91682434 -52.37997055 17.29807663
v -97.05855560 -52.37997055 17.39560890
v -97.22496033 -52.37997055 17.43932724
v -97.77131653 -52.37997055 15.02590466
v -95.63568878 -52.37997055 3.35665464
v -95.60578918 -52.37997055 3.22922134
v -95.63299561 -52.37997055 3.10118484
v -95.71212769 -52.37997055 2.99691963
v -95.82812500 -52.37997055 2.93627501
v -95.68467712 -52.37997055 3.54462457
v -95.65833282 -52.37997055 3.73707700
v -95.56063080 -52.37997055 3.90496540
v -95.40631866 -52.37997055 4.02295065
v -95.21868896 -52.37997055 4.07322598
v -95.02606201 -52.37997055 4.04820251
v -94.85750580 -52.37997055 3.95165730
v -94.73846436 -52.37997055 3.79816222
v -94.68689728 -52.37997055 3.61088347
v -94.64907837 -52.37997055 3.48557138
v -94.56150055 -52.37997055 3.38829088
v -94.44083405 -52.37997055 3.33756161
v -94.31005859 -52.37997055 3.34304094
v -93.30011749 -52.37997055 4.03478193
v -93.31706238 -52.37997055 3.86357117
v -93.39103699 -52.37997055 3.70823979
v -93.51328278 -52.37997055 3.58717895
v -93.66933441 -52.37997055 3.51472235
v -97.04862976 -52.37997055 3.03037214
v -96.94834900 -52.37997055 2.89057136
v -96.80661774 -52.37997055 2.79303813
v -96.64022064 -52.37997055 2.74932003
v -96.46884918 -52.37997055 2.76459360
v -97.14171600 -52.37997055 3.25890326
v -97.09874725 -52.37997055 3.14318228
v -97.17737579 -52.37997055 3.37708282
v -96.03275299 -52.37997055 5.09360647
v -95.87803650 -52.37997055 4.99448061
v -95.69795990 -52.37997055 4.95793915
v -95.51683807 -52.37997055 4.98891783
v -95.35913849 -52.37997055 5.08323193
v -95.24616241 -52.37997055 5.22814465
v -93.36196899 -52.37997055 4.39941788
v -93.33376312 -52.37997055 4.27924156
v -93.31311798 -52.37997055 4.15753794
v -95.20729065 -52.37997055 5.58728933
v -95.19316101 -52.37997055 5.40408421
v -95.28665161 -52.37997055 5.75301695
v -95.42052460 -52.37997055 5.87888479
v -95.59082794 -52.37997055 5.94789362
v -95.77455139 -52.37997055 5.95072317
v -95.94689178 -52.37997055 5.88699150
v -96.08457947 -52.37997055 5.76530600
v -96.16900635 -52.37997055 5.60210085
v -96.18877411 -52.37997055 5.41941786
v -96.14122009 -52.37997055 5.24192953
v -96.06297302 -50.57996750 8.01916885
v -96.38259125 -50.57996750 9.14169598
v -96.02425385 -50.57996750 8.03582191
v -95.64235687 -50.57996750 8.25100899
v -95.64694977 -50.57996750 7.81268311
v -96.64788818 -50.57996750 9.03180599
v -96.10199738 -50.57996750 8.00324440
v -96.14131165 -50.57996750 7.98805332
v -96.25476074 -50.57996750 7.56464005
v -96.56472015 -50.57996750 7.87459993
v -96.60636139 -50.57996750 7.86809921
v -96.64811707 -50.57996750 7.86237907
v -96.93258667 -50.57996750 8.99432373
v -96.68997192 -50.57996750 7.85744238
v -97.12830353 -50.57996750 7.85285187
v -96.90516663 -50.57996750 7.47554588
v -97.17024994 -50.57996750 7.85691118
v -97.21212006 -50.57996750 7.86175537
v -97.21728516 -50.57996750 9.03180599
v -97.25389099 -50.57996750 7.86738300
v -97.67958069 -50.57996750 7.97194386
v -97.55728912 -50.57996750 7.55099916
v -97.71920776 -50.57996750 7.98630810
v -97.75855255 -50.57996750 8.00141239
v -97.79760742 -50.57996750 8.01725006
v -98.17015839 -50.57996750 7.78625917
v -98.18392944 -50.57996750 8.22439289
v -97.48258972 -50.57996750 9.14169598
v -98.21873474 -50.57996750 8.24815941
v -98.25308990 -50.57996750 8.27257442
v -98.28697968 -50.57996750 8.29762745
v -98.70527649 -50.57996750 8.16654301
v -98.60964966 -50.57996750 8.59433651
v -97.71040344 -50.57996750 9.31650639
v -98.63745117 -50.57996750 8.62601185
v -98.66465759 -50.57996750 8.65820312
v -98.69125366 -50.57996750 8.69089794
v -99.12899780 -50.57996750 8.66795731
v -98.92999268 -50.57996750 9.05852985
v -97.88521576 -50.57996750 9.54432392
v -98.94904327 -50.57996750 9.09612465
v -98.96738434 -50.57996750 9.13406944
v -98.98501587 -50.57996750 9.17235184
v -99.41471863 -50.57996750 9.25899410
v -99.12483215 -50.57996750 9.58780575
v -97.99510956 -50.57996750 9.80962276
v -99.13393402 -50.57996750 9.62895679
v -99.14226532 -50.57996750 9.67027187
v -99.14981842 -50.57996750 9.71173573
v -99.54447937 -50.57996750 9.90251923
v -99.18192291 -50.57996750 10.14890766
v -98.03258514 -50.57996750 10.09432411
v -99.18051147 -50.57996750 10.19103050
v -99.17830658 -50.57996750 10.23311901
v -99.17530823 -50.57996750 10.27515888
v -99.51011658 -50.57996750 10.55809498
v -99.09768677 -50.57996750 10.70658112
v -97.99510956 -50.57996750 10.37902451
v -99.08583832 -50.57996750 10.74702740
v -99.07323456 -50.57996750 10.78724480
v -99.05987549 -50.57996750 10.82721996
v -99.31380463 -50.57996750 11.18453026
v -98.87740326 -50.57996750 11.22578335
v -97.88521576 -50.57996750 10.64432430
v -98.85586548 -50.57996750 11.26201248
v -98.83365631 -50.57996750 11.29783249
v -98.81078339 -50.57996750 11.33323002
v -98.96787262 -50.57996750 11.74246502
v -98.53491974 -50.57996750 11.67389202
v -97.71040344 -50.57996750 10.87214184
v -98.50505066 -50.57996750 11.70362759
v -98.47463226 -50.57996750 11.73279858
v -98.44367218 -50.57996750 11.76139545
v -98.49405670 -50.57996750 12.19684029
v -98.09175873 -50.57996750 12.02274990
v -97.48258972 -50.57996750 11.04695225
v -98.05543518 -50.57996750 12.04412460
v -98.01871490 -50.57996750 12.06481361
v -97.98161316 -50.57996750 12.08481216
v -97.92212677 -50.57996750 12.51910686
v -97.57575989 -50.57996750 12.25043869
v -97.21728516 -50.57996750 11.15684223
v -97.53526306 -50.57996750 12.26210785
v -97.49455261 -50.57996750 12.27301598
v -97.45364380 -50.57996750 12.28315926
v -97.28801727 -50.57996750 12.68901539
v -97.01934814 -50.57996750 12.34265041
v -96.93258667 -50.57996750 11.19432354
v -96.97721863 -50.57996750 12.34388161
v -96.93507385 -50.57996750 12.34432220
v -96.89292908 -50.57996750 12.34397411
v -96.45748901 -50.57996750 12.29359150
v -96.64788818 -50.57996750 11.15684223
v -96.41637421 -50.57996750 12.28430653
v -96.37545013 -50.57996750 12.27425385
v -96.63157654 -50.57996750 12.69588947
v -96.33470917 -50.57996750 12.26343536
v -95.92547607 -50.57996750 12.10634518
v -96.38259125 -50.57996750 11.04695225
v -95.88796997 -50.57996750 12.08712769
v -95.85082245 -50.57996750 12.06721115
v -95.99404907 -50.57996750 12.53929806
v -95.81405640 -50.57996750 12.04660320
v -95.45674896 -50.57996750 11.79267502
v -96.15476990 -50.57996750 10.87214184
v -95.42519379 -50.57996750 11.76473331
v -95.39417267 -50.57996750 11.73620605
v -95.41549683 -50.57996750 12.22908020
v -95.36368561 -50.57996750 11.70710182
v -95.08074951 -50.57996750 11.37229252
v -95.97995758 -50.57996750 10.64432430
v -95.05713654 -50.57996750 11.33738136
v -95.03418732 -50.57996750 11.30203438
v -94.93226624 -50.57996750 11.78472710
v -95.01189423 -50.57996750 11.26626396
v -94.82111359 -50.57996750 10.87160969
v -95.87007141 -50.57996750 10.37902451
v -94.80692291 -50.57996750 10.83192348
v -94.79347992 -50.57996750 10.79197884
v -94.57472229 -50.57996750 11.23416042
v -94.78079224 -50.57996750 10.75178909
v -94.69414520 -50.57996750 10.32208729
v -95.83258820 -50.57996750 10.09432411
v -94.69026947 -50.57996750 10.28011894
v -94.68718719 -50.57996750 10.23808575
v -94.36533356 -50.57996750 10.61197281
v -94.68488312 -50.57996750 10.19600296
v -94.70782471 -50.57996750 9.75825310
v -95.87007141 -50.57996750 9.80962276
v -94.71451569 -50.57996750 9.71664047
v -94.72197723 -50.57996750 9.67516041
v -94.31725311 -50.57996750 9.95726013
v -94.73021698 -50.57996750 9.63382721
v -94.86129761 -50.57996750 9.21553612
v -95.97995758 -50.57996750 9.54432392
v -94.87812042 -50.57996750 9.17689323
v -94.89566803 -50.57996750 9.13857269
v -94.43350983 -50.57996750 9.31115913
v -94.91392517 -50.57996750 9.10058689
v -95.14492035 -50.57996750 8.72803688
v -96.15476990 -50.57996750 9.31650639
v -95.17082214 -50.57996750 8.69479179
v -95.19734955 -50.57996750 8.66203785
v -94.70678711 -50.57996750 8.71426773
v -95.22447968 -50.57996750 8.62978745
v -95.54086304 -50.57996750 8.32638645
v -95.57422638 -50.57996750 8.30062771
v -95.11991882 -50.57996750 8.20409012
v -95.60805511 -50.57996750 8.27549934
v -96.56472015 -47.47996902 7.87459993
v -96.41943359 -47.30992508 7.72931242
v -96.25476074 -47.11104584 7.56464005
v -96.90516663 -47.11104584 7.47554588
v -96.79084015 -47.30992508 7.67843580
v -96.68997192 -47.47996902 7.85744238
v -97.55728912 -47.11104584 7.55099916
v -97.39610291 -47.30992508 7.71908426
v -97.21212006 -47.47996902 7.86175537
v -97.25389099 -47.47996902 7.86738300
v -97.67958069 -47.47996902 7.97194386
v -97.62226105 -47.30992508 7.77463436
v -98.17015839 -47.11104584 7.78625917
v -97.97223663 -47.30992508 7.90897751
v -97.79760742 -47.47996902 8.01725006
v -98.70527649 -47.11104584 8.16654301
v -98.48304749 -47.30992508 8.23618412
v -98.28697968 -47.47996902 8.29762745
v -98.60964966 -47.47996902 8.59433651
v -98.65447235 -47.30992508 8.39381695
v -99.12899780 -47.11104584 8.66795731
v -98.89643860 -47.30992508 8.68014526
v -98.69125366 -47.47996902 8.69089794
v -99.41471863 -47.11104584 9.25899410
v -99.18643188 -47.30992508 9.21296406
v -98.98501587 -47.47996902 9.17235184
v -99.12483215 -47.47996902 9.58780575
v -99.26071167 -47.30992508 9.43368149
v -99.54447937 -47.11104584 9.90251923
v -99.33480835 -47.30992508 9.80116177
v -99.14981842 -47.47996902 9.71173573
v -99.51011658 -47.11104584 10.55809498
v -99.33224487 -47.30992508 10.40777969
v -99.17530823 -47.47996902 10.27515888
v -99.08583832 -47.47996902 10.74702740
v -99.29100800 -47.30992508 10.63698101
v -99.31380463 -47.11104584 11.18453026
v -99.17890167 -47.30992508 10.99470234
v -99.05987549 -47.47996902 10.82721996
v -98.96787262 -47.11104584 11.74246502
v -98.88441467 -47.30992508 11.52505112
v -98.81078339 -47.47996902 11.33323002
v -98.46728516 -47.30992508 11.96550179
v -98.50505066 -47.47996902 11.70362759
v -98.53491974 -47.47996902 11.67389202
v -98.49405670 -47.11104584 12.19684029
v -98.28032684 -47.30992508 12.10435104
v -98.09175873 -47.47996902 12.02274990
v -98.05543518 -47.47996902 12.04412460
v -98.01871490 -47.47996902 12.06481361
v -97.98161316 -47.47996902 12.08481216
v -97.95372772 -47.30992508 12.28837967
v -97.92212677 -47.11104584 12.51910686
v -97.73811340 -47.30992508 12.37637138
v -97.57575989 -47.47996902 12.25043869
v -97.53526306 -47.47996902 12.26210785
v -97.37600708 -47.30992508 12.47339630
v -97.49455261 -47.47996902 12.27301598
v -97.45364380 -47.47996902 12.28315926
v -97.28801727 -47.11104584 12.68901539
v -97.14527893 -47.30992508 12.50500202
v -97.01934814 -47.47996902 12.34265041
v -96.97721863 -47.47996902 12.34388161
v -96.93507385 -47.47996902 12.34432220
v -96.89292908 -47.47996902 12.34397411
v -96.77042389 -47.30992508 12.50892735
v -96.63157654 -47.11104584 12.69588947
v -96.53908539 -47.30992508 12.48216057
v -96.45748901 -47.47996902 12.29359150
v -96.41637421 -47.47996902 12.28430653
v -96.17503357 -47.30992508 12.39274025
v -96.37545013 -47.47996902 12.27425385
v -96.33470917 -47.47996902 12.26343536
v -95.99404907 -47.11104584 12.53929806
v -95.95761871 -47.30992508 12.30928326
v -95.92547607 -47.47996902 12.10634518
v -95.88796997 -47.47996902 12.08712769
v -95.85082245 -47.47996902 12.06721115
v -95.81405640 -47.47996902 12.04660320
v -95.62724304 -47.30992508 12.13213539
v -95.41549683 -47.11104584 12.22908020
v -95.43740845 -47.30992508 11.99723148
v -95.45674896 -47.47996902 11.79267502
v -95.42519379 -47.47996902 11.76473331
v -95.39417267 -47.47996902 11.73620605
v -95.16146851 -47.30992508 11.74348736
v -95.36368561 -47.47996902 11.70710182
v -94.93226624 -47.11104584 11.78472710
v -95.01115417 -47.30992508 11.56561279
v -95.08074951 -47.47996902 11.37229252
v -95.05713654 -47.47996902 11.33738136
v -95.03418732 -47.47996902 11.30203438
v -95.01189423 -47.47996902 11.26626396
v -94.80698395 -47.30992508 11.25121593
v -94.57472229 -47.11104584 11.23416042
v -94.70561981 -47.30992508 11.04154778
v -94.82111359 -47.47996902 10.87160969
v -94.80692291 -47.47996902 10.83192348
v -94.79347992 -47.47996902 10.79197884
v -94.58605194 -47.30992508 10.68625259
v -94.78079224 -47.47996902 10.75178909
v -94.36533356 -47.11104584 10.61197281
v -94.69414520 -47.47996902 10.32208729
v -94.69026947 -47.47996902 10.28011894
v -94.68718719 -47.47996902 10.23808575
v -94.68488312 -47.47996902 10.19600296
v -94.51256561 -47.30992508 10.08409691
v -94.31725311 -47.11104584 9.95726013
v -94.52475739 -47.30992508 9.85153389
v -94.70782471 -47.47996902 9.75825310
v -94.71451569 -47.47996902 9.71664047
v -94.72197723 -47.47996902 9.67516041
v -94.59114075 -47.30992508 9.48258305
v -94.73021698 -47.47996902 9.63382721
v -94.43350983 -47.11104584 9.31115913
v -94.86129761 -47.47996902 9.21553612
v -94.87812042 -47.47996902 9.17689323
v -94.89566803 -47.47996902 9.13857269
v -94.91392517 -47.47996902 9.10058689
v -94.81683350 -47.30992508 8.91950798
v -94.70678711 -47.11104584 8.71426773
v -94.93955231 -47.30992508 8.72158337
v -95.14492035 -47.47996902 8.72803688
v -95.17082214 -47.47996902 8.69479179
v -95.19734955 -47.47996902 8.66203785
v -95.17546844 -47.30992508 8.43025017
v -95.22447968 -47.47996902 8.62978745
v -95.11991882 -47.11104584 8.20409012
v -95.34355164 -47.30992508 8.26906204
v -95.54086304 -47.47996902 8.32638645
v -95.57422638 -47.47996902 8.30062771
v -95.60805511 -47.47996902 8.27549934
v -95.64235687 -47.47996902 8.25100899
v -95.64450836 -47.30992508 8.04555225
v -95.64694977 -47.11104584 7.81268311
v -95.84740448 -47.30992508 7.93122959
v -96.02425385 -47.47996902 8.03582191
v -96.06297302 -47.47996902 8.01916885
v -96.10199738 -47.47996902 8.00324440
v -96.19448853 -47.30992508 7.78958654
v -96.14131165 -47.47996902 7.98805332
v -94.66078186 -47.30992508 9.26035786
v -94.54002380 -47.30992508 10.45796585
v -98.44367218 -47.47996902 11.76139545
v -98.47463226 -47.47996902 11.73279858
v -98.73785400 -47.30992508 11.70603371
v -98.83365631 -47.47996902 11.29783249
v -98.85586548 -47.47996902 11.26201248
v -98.87740326 -47.47996902 11.22578335
v -99.08195496 -47.30992508 11.20644665
v -99.07323456 -47.47996902 10.78724480
v -99.09768677 -47.47996902 10.70658112
v -99.17830658 -47.47996902 10.23311901
v -99.18051147 -47.47996902 10.19103050
v -99.18192291 -47.47996902 10.14890766
v -99.35186768 -47.30992508 10.03341770
v -99.14226532 -47.47996902 9.67027187
v -99.13393402 -47.47996902 9.62895679
v -98.96738434 -47.47996902 9.13406944
v -98.94904327 -47.47996902 9.09612465
v -98.92999268 -47.47996902 9.05852985
v -99.02327728 -47.30992508 8.87545586
v -98.66465759 -47.47996902 8.65820312
v -98.63745117 -47.47996902 8.62601185
v -98.25308990 -47.47996902 8.27257442
v -98.21873474 -47.47996902 8.24815941
v -98.18392944 -47.47996902 8.22439289
v -98.17747498 -47.30992508 8.01902580
v -97.75855255 -47.47996902 8.00141239
v -97.71920776 -47.47996902 7.98630810
v -97.17024994 -47.47996902 7.85691118
v -97.12830353 -47.47996902 7.85285187
v -97.02371216 -47.30992508 7.67599726
v -96.64811707 -47.47996902 7.86237907
v -96.60636139 -47.47996902 7.86809921
f 1 2 3
f 3 2 4
f 3 4 5
f 2 1 6
f 6 1 7
f 6 7 8
f 8 7 9
f 9 7 10
f 9 10 11
f 11 10 12
f 11 12 13
f 13 12 14
f 14 12 15
f 14 15 16
f 16 15 17
f 16 17 18
f 18 17 19
f 19 17 20
f 19 20 21
f 21 20 22
f 21 22 23
f 23 22 24
f 24 22 25
f 24 25 26
f 26 25 27
f 26 27 28
f 28 27 29
f 29 27 30
f 29 30 31
f 31 30 32
f 31 32 33
f 33 32 34
f 34 32 35
f 34 35 36
f 36 35 37
f 36 37 38
f 38 37 39
f 39 37 40
f 39 40 41
f 41 40 42
f 41 42 43
f 43 42 44
f 44 42 45
f 44 45 46
f 46 45 47
f 46 47 48
f 48 47 49
f 49 47 50
f 49 50 51
f 51 50 52
f 51 52 53
f 53 52 54
f 54 52 55
f 54 55 56
f 56 55 57
f 56 57 58
f 58 57 59
f 59 57 60
f 59 60 5
f 5 60 3
f 61 62 63
f 63 62 64
f 63 64 65
f 65 64 66
f 65 66 67
f 67 66 68
f 67 68 69
f 69 68 70
f 69 70 71
f 71 70 72
f 71 72 73
f 73 72 74
f 73 74 75
f 75 74 76
f 75 76 77
f 77 76 78
f 77 78 79
f 79 78 80
f 79 80 81
f 81 80 82
f 81 82 83
f 83 82 84
f 83 84 85
f 85 84 86
f 85 86 87
f 87 86 88
f 87 88 89
f 89 88 90
f 89 90 91
f 91 90 92
f 91 92 93
f 93 92 94
f 93 94 95
f 95 94 96
f 95 96 97
f 97 96 98
f 97 98 99
f 99 98 100
f 99 100 101
f 101 100 102
f 101 102 103
f 103 102 104
f 103 104 105
f 105 104 106
f 105 106 107
f 107 106 108
f 107 108 109
f 109 108 110
f 109 110 111
f 111 110 112
f 111 112 113
f 113 112 114
f 113 114 115
f 115 114 116
f 115 116 117
f 117 116 118
f 117 118 119
f 119 118 120
f 119 120 121
f 121 120 122
f 121 122 123
f 123 122 124
f 123 124 125
f 125 124 126
f 125 126 127
f 127 126 128
f 128 126 129
f 129 126 130
f 129 130 131
f 131 130 132
f 132 130 133
f 133 130 134
f 133 134 135
f 135 134 136
f 135 136 137
f 137 136 138
f 137 138 139
f 139 138 140
f 139 140 141
f 141 140 142
f 141 142 143
f 143 142 144
f 143 144 145
f 145 144 146
f 145 146 147
f 147 146 148
f 147 148 149
f 149 148 150
f 149 150 151
f 151 150 152
f 151 152 153
f 153 152 154
f 153 154 155
f 155 154 156
f 156 154 157
f 156 157 158
f 158 157 159
f 158 159 160
f 160 159 161
f 160 161 162
f 162 161 163
f 162 163 164
f 164 163 165
f 164 165 166
f 166 165 167
f 166 167 168
f 168 167 169
f 168 169 170
f 170 169 171
f 170 171 172
f 172 171 173
f 172 173 174
f 174 173 175
f 174 175 176
f 176 175 177
f 176 177 178
f 178 177 179
f 178 179 180
f 180 179 181
f 180 181 182
f 182 181 183
f 182 183 184
f 184 183 185
f 184 185 186
f 186 185 187
f 186 187 188
f 188 187 189
f 188 189 190
f 190 189 191
f 190 191 192
f 192 191 193
f 192 193 194
f 194 193 195
f 194 195 196
f 196 195 197
f 196 197 198
f 198 197 199
f 198 199 200
f 200 199 201
f 200 201 202
f 202 201 203
f 202 203 204
f 204 203 205
f 204 205 206
f 206 205 207
f 206 207 208
f 208 207 209
f 208 209 210
f 210 209 211
f 210 211 212
f 212 211 213
f 212 213 214
f 214 213 211
f 214 211 215
f 215 211 216
f 215 216 217
f 217 216 218
f 217 218 219
f 64 220 66
f 66 220 221
f 66 221 68
f 68 221 70
f 70 222 72
f 72 222 223
f 72 223 74
f 74 223 224
f 74 224 76
f 76 224 225
f 76 225 78
f 78 225 226
f 78 226 80
f 80 226 227
f 80 227 82
f 82 227 228
f 82 228 84
f 84 228 229
f 84 229 86
f 86 229 230
f 86 230 88
f 88 230 231
f 88 231 90
f 90 231 232
f 90 232 92
f 92 232 233
f 92 233 94
f 94 233 234
f 94 234 96
f 96 234 235
f 96 235 98
f 98 235 236
f 98 236 100
f 100 236 237
f 100 237 102
f 102 237 238
f 102 238 104
f 104 238 239
f 104 239 106
f 106 239 240
f 106 240 108
f 108 240 241
f 108 241 110
f 110 241 242
f 110 242 112
f 112 242 243
f 112 243 244
f 244 243 245
f 245 243 246
f 245 246 247
f 247 246 248
f 247 248 249
f 249 248 250
f 249 250 251
f 251 250 252
f 251 252 253
f 253 252 254
f 253 254 255
f 255 254 256
f 255 256 257
f 257 256 258
f 257 258 259
f 259 258 260
f 259 260 261
f 261 260 262
f 261 262 263
f 263 262 264
f 263 264 265
f 265 264 266
f 265 266 267
f 267 266 268
f 267 268 171
f 171 268 173
f 223 222 269
f 269 222 270
f 269 270 271
f 271 270 272
f 271 272 273
f 273 272 274
f 273 274 275
f 275 274 272
f 276 277 275
f 275 277 278
f 275 278 273
f 273 278 279
f 273 279 280
f 280 279 281
f 280 281 282
f 282 281 283
f 282 283 226
f 226 283 227
f 205 284 276
f 276 284 285
f 276 285 278
f 278 285 286
f 278 286 279
f 279 286 287
f 279 287 281
f 281 287 288
f 281 288 283
f 283 288 289
f 283 289 227
f 227 289 228
f 205 218 207
f 207 218 209
f 219 290 217
f 217 290 291
f 217 291 215
f 215 291 292
f 215 292 214
f 291 293 292
f 210 212 294
f 294 212 295
f 294 295 210
f 210 295 208
f 296 297 295
f 295 297 298
f 295 298 208
f 208 298 299
f 208 299 206
f 206 299 300
f 206 300 204
f 204 300 202
f 301 302 296
f 296 302 303
f 296 303 304
f 304 303 305
f 304 305 306
f 306 305 307
f 306 307 200
f 200 307 198
f 308 309 301
f 301 309 310
f 301 310 305
f 305 310 308
f 305 308 311
f 311 308 312
f 311 312 313
f 313 312 314
f 313 314 196
f 196 314 194
f 308 315 312
f 312 315 316
f 312 316 314
f 314 316 317
f 314 317 194
f 194 317 192
f 315 318 316
f 316 318 319
f 316 319 317
f 317 319 320
f 317 320 192
f 192 320 190
f 318 321 319
f 319 321 322
f 319 322 320
f 320 322 323
f 320 323 190
f 190 323 188
f 155 324 153
f 153 324 325
f 153 325 151
f 151 325 326
f 151 326 149
f 149 326 327
f 149 327 147
f 147 327 328
f 147 328 145
f 145 328 329
f 145 329 143
f 143 329 330
f 143 330 141
f 141 330 331
f 141 331 139
f 139 331 332
f 139 332 137
f 137 332 333
f 137 333 334
f 334 333 335
f 334 335 336
f 336 335 337
f 336 337 338
f 338 337 339
f 338 339 340
f 340 339 341
f 340 341 342
f 342 341 343
f 342 343 344
f 344 343 345
f 344 345 346
f 346 345 347
f 346 347 348
f 348 347 349
f 348 349 350
f 350 349 351
f 350 351 352
f 352 351 353
f 352 353 354
f 354 353 355
f 354 355 356
f 356 355 357
f 356 357 358
f 358 357 359
f 358 359 360
f 360 359 361
f 360 361 362
f 362 361 363
f 363 361 364
f 363 364 365
f 365 364 366
f 365 366 367
f 367 366 368
f 367 368 369
f 369 368 370
f 369 370 371
f 371 370 372
f 371 372 373
f 373 372 374
f 373 374 375
f 375 374 376
f 375 376 377
f 377 376 378
f 377 378 379
f 379 378 380
f 379 380 381
f 381 380 382
f 381 382 383
f 383 382 384
f 383 384 385
f 385 384 386
f 385 386 387
f 387 386 388
f 387 388 389
f 389 388 390
f 389 390 391
f 391 390 392
f 391 392 393
f 393 392 394
f 393 394 395
f 395 394 396
f 395 396 397
f 397 396 398
f 397 398 399
f 399 398 400
f 399 400 401
f 401 400 402
f 401 402 403
f 403 402 404
f 403 404 405
f 405 404 406
f 405 406 407
f 407 406 408
f 407 408 409
f 409 408 410
f 409 410 411
f 411 410 412
f 411 412 413
f 413 412 414
f 413 414 415
f 415 414 416
f 415 416 417
f 417 416 418
f 417 418 419
f 419 418 420
f 419 420 421
f 421 420 422
f 421 422 423
f 423 422 424
f 423 424 425
f 425 424 426
f 425 426 427
f 427 426 428
f 427 428 429
f 429 428 430
f 429 430 431
f 431 430 432
f 431 432 433
f 433 432 434
f 433 434 435
f 435 434 436
f 435 436 437
f 437 436 438
f 437 438 439
f 439 438 440
f 439 440 441
f 441 440 442
f 441 442 443
f 443 442 444
f 443 444 445
f 445 444 446
f 445 446 447
f 447 446 448
f 447 448 449
f 449 448 450
f 449 450 451
f 451 450 452
f 451 452 453
f 453 452 454
f 453 454 455
f 455 454 456
f 455 456 457
f 457 456 458
f 457 458 459
f 459 458 460
f 459 460 461
f 461 460 462
f 461 462 463
f 463 462 464
f 463 464 465
f 465 464 466
f 465 466 467
f 467 466 468
f 467 468 469
f 469 468 470
f 469 470 471
f 471 470 472
f 471 472 473
f 473 472 474
f 473 474 475
f 475 474 476
f 475 476 477
f 477 476 478
f 477 478 479
f 479 478 480
f 479 480 481
f 481 480 482
f 481 482 483
f 483 482 484
f 483 484 485
f 485 484 486
f 485 486 487
f 487 486 488
f 487 488 489
f 489 488 490
f 489 490 491
f 491 490 492
f 491 492 493
f 493 492 494
f 493 494 495
f 495 494 496
f 495 496 497
f 497 496 498
f 497 498 499
f 499 498 500
f 499 500 501
f 501 500 502
f 501 502 503
f 503 502 504
f 503 504 505
f 505 504 506
f 505 506 507
f 507 506 508
f 507 508 509
f 509 508 510
f 509 510 511
f 511 510 512
f 511 512 513
f 513 512 514
f 513 514 515
f 515 514 516
f 515 516 517
f 517 516 518
f 517 518 519
f 519 518 520
f 519 520 521
f 521 520 522
f 521 522 523
f 523 522 524
f 523 524 525
f 525 524 526
f 525 526 527
f 527 526 528
f 527 528 529
f 529 528 530
f 529 530 531
f 531 530 532
f 531 532 533
f 533 532 534
f 533 534 535
f 535 534 536
f 535 536 537
f 537 536 538
f 537 538 539
f 539 538 540
f 539 540 541
f 541 540 542
f 541 542 543
f 543 542 544
f 543 544 545
f 545 544 546
f 545 546 547
f 547 546 548
f 547 548 549
f 549 548 550
f 549 550 551
f 551 550 552
f 551 552 553
f 553 552 554
f 553 554 555
f 555 554 556
f 555 556 557
f 557 556 558
f 557 558 559
f 559 558 560
f 559 560 561
f 561 560 562
f 561 562 563
f 563 562 564
f 563 564 565
f 565 564 566
f 565 566 567
f 567 566 568
f 567 568 569
f 569 568 570
f 569 570 571
f 571 570 572
f 571 572 573
f 573 572 574
f 573 574 575
f 575 574 576
f 575 576 577
f 577 576 578
f 577 578 579
f 579 578 580
f 579 580 581
f 581 580 582
f 581 582 583
f 583 582 584
f 583 584 585
f 585 584 586
f 585 586 587
f 587 586 588
f 587 588 589
f 589 588 590
f 589 590 591
f 591 590 592
f 591 592 593
f 593 592 594
f 593 594 595
f 595 594 596
f 595 596 597
f 597 596 598
f 597 598 599
f 599 598 600
f 599 600 601
f 601 600 602
f 601 602 603
f 603 602 604
f 603 604 605
f 605 604 606
f 605 606 607
f 607 606 608
f 607 608 609
f 609 608 610
f 609 610 611
f 611 610 612
f 611 612 613
f 613 612 614
f 613 614 615
f 615 614 616
f 615 616 617
f 617 616 618
f 617 618 619
f 619 618 620
f 619 620 621
f 621 620 622
f 621 622 623
f 623 622 624
f 623 624 625
f 625 624 626
f 625 626 627
f 627 626 628
f 627 628 629
f 629 628 630
f 629 630 631
f 631 630 632
f 631 632 633
f 633 632 634
f 633 634 635
f 635 634 636
f 635 636 637
f 637 636 638
f 637 638 639
f 639 638 640
f 639 640 641
f 641 640 642
f 641 642 643
f 643 642 644
f 643 644 645
f 645 644 646
f 645 646 647
f 647 646 648
f 647 648 649
f 649 648 650
f 649 650 651
f 651 650 652
f 651 652 653
f 653 652 654
f 653 654 655
f 655 654 656
f 655 656 657
f 657 656 658
f 657 658 659
f 659 658 660
f 659 660 661
f 661 660 662
f 661 662 663
f 663 662 664
f 663 664 665
f 665 664 666
f 665 666 667
f 667 666 668
f 667 668 669
f 669 668 670
f 669 670 671
f 671 670 672
f 671 672 673
f 673 672 674
f 673 674 675
f 675 674 676
f 675 676 677
f 677 676 678
f 677 678 679
f 679 678 680
f 679 680 681
f 681 680 682
f 681 682 683
f 683 682 684
f 683 684 685
f 685 684 686
f 685 686 687
f 687 686 688
f 687 688 689
f 689 688 690
f 689 690 691
f 691 690 692
f 691 692 693
f 693 692 694
f 693 694 695
f 695 694 696
f 695 696 697
f 697 696 698
f 697 698 699
f 699 698 700
f 699 700 701
f 701 700 702
f 701 702 703
f 703 702 704
f 703 704 705
f 705 704 706
f 705 706 707
f 707 706 708
f 707 708 709
f 709 708 710
f 709 710 711
f 711 710 712
f 711 712 713
f 713 712 714
f 713 714 715
f 715 714 716
f 715 716 717
f 717 716 718
f 717 718 719
f 719 718 720
f 719 720 721
f 721 720 722
f 721 722 723
f 723 722 724
f 723 724 725
f 725 724 726
f 725 726 727
f 727 726 728
f 727 728 729
f 729 728 730
f 729 730 731
f 731 730 732
f 731 732 733
f 733 732 734
f 733 734 735
f 735 734 736
f 735 736 737
f 737 736 738
f 737 738 739
f 739 738 740
f 739 740 741
f 741 740 742
f 741 742 743
f 743 742 744
f 743 744 745
f 745 744 746
f 745 746 747
f 747 746 748
f 747 748 749
f 749 748 750
f 749 750 751
f 751 750 752
f 751 752 753
f 753 752 754
f 753 754 755
f 755 754 756
f 755 756 757
f 757 756 758
f 757 758 759
f 759 758 760
f 759 760 761
f 761 760 762
f 761 762 763
f 763 762 764
f 763 764 765
f 765 764 766
f 765 766 767
f 767 766 768
f 767 768 769
f 769 768 770
f 769 770 771
f 771 770 772
f 771 772 773
f 773 772 774
f 773 774 775
f 775 774 776
f 775 776 777
f 777 776 778
f 777 778 779
f 779 778 780
f 779 780 781
f 781 780 782
f 781 782 783
f 783 782 784
f 783 784 785
f 785 784 786
f 785 786 787
f 787 786 788
f 787 788 789
f 789 788 790
f 789 790 791
f 791 790 792
f 791 792 793
f 793 792 794
f 793 794 795
f 795 794 796
f 795 796 797
f 797 796 798
f 797 798 799
f 799 798 800
f 799 800 801
f 801 800 802
f 801 802 803
f 803 802 804
f 803 804 805
f 805 804 806
f 805 806 807
f 807 806 808
f 807 808 809
f 809 808 810
f 809 810 811
f 811 810 812
f 811 812 813
f 813 812 814
f 813 814 815
f 815 814 816
f 815 816 817
f 817 816 818
f 817 818 819
f 819 818 820
f 819 820 821
f 821 820 822
f 821 822 823
f 823 822 824
f 823 824 825
f 825 824 826
f 825 826 827
f 827 826 828
f 827 828 829
f 829 828 830
f 829 830 831
f 831 830 832
f 831 832 833
f 833 832 834
f 833 834 835
f 835 834 836
f 835 836 837
f 837 836 838
f 837 838 839
f 839 838 840
f 839 840 841
f 841 840 842
f 841 842 843
f 843 842 844
f 843 844 845
f 845 844 846
f 845 846 847
f 847 846 848
f 847 848 849
f 849 848 850
f 849 850 851
f 851 850 852
f 852 850 853
f 852 853 854
f 854 853 855
f 854 855 856
f 856 855 857
f 856 857 858
f 858 857 859
f 858 859 860
f 860 859 861
f 860 861 862
f 862 861 863
f 862 863 864
f 864 863 865
f 864 865 866
f 866 865 867
f 866 867 868
f 868 867 869
f 868 869 870
f 870 869 871
f 870 871 872
f 872 871 873
f 872 873 874
f 874 873 875
f 874 875 876
f 876 875 877
f 876 877 878
f 878 877 879
f 878 879 880
f 880 879 881
f 880 881 882
f 882 881 883
f 882 883 884
f 884 883 885
f 884 885 886
f 886 885 887
f 886 887 888
f 888 887 889
f 888 889 890
f 890 889 891
f 890 891 892
f 892 891 893
f 892 893 894
f 894 893 895
f 894 895 896
f 896 895 897
f 896 897 898
f 898 897 899
f 898 899 900
f 900 899 901
f 900 901 902
f 902 901 903
f 902 903 904
f 904 903 905
f 904 905 906
f 906 905 907
f 906 907 908
f 908 907 909
f 908 909 910
f 910 909 911
f 910 911 912
f 912 911 913
f 912 913 914
f 914 913 915
f 914 915 916
f 916 915 917
f 916 917 918
f 918 917 919
f 918 919 920
f 920 919 921
f 920 921 922
f 922 921 923
f 922 923 924
f 924 923 925
f 924 925 926
f 926 925 927
f 926 927 928
f 928 927 929
f 928 929 930
f 930 929 931
f 930 931 932
f 932 931 933
f 932 933 934
f 934 933 748
f 934 748 746
f 324 935 325
f 325 935 936
f 325 936 326
f 326 936 937
f 326 937 327
f 327 937 938
f 327 938 328
f 328 938 939
f 328 939 329
f 329 939 940
f 329 940 330
f 330 940 941
f 330 941 331
f 331 941 942
f 331 942 332
f 332 942 943
f 332 943 333
f 333 943 944
f 333 944 945
f 945 944 946
f 945 946 947
f 947 946 948
f 947 948 949
f 949 948 950
f 949 950 951
f 951 950 952
f 951 952 953
f 953 952 954
f 953 954 955
f 955 954 956
f 955 956 957
f 957 956 958
f 957 958 959
f 959 958 960
f 959 960 961
f 961 960 962
f 961 962 963
f 963 962 964
f 963 964 965
f 965 964 966
f 965 966 967
f 967 966 968
f 967 968 969
f 969 968 970
f 969 970 368
f 368 970 370
f 935 971 936
f 936 971 972
f 936 972 937
f 937 972 973
f 937 973 938
f 938 973 974
f 938 974 939
f 939 974 975
f 939 975 940
f 940 975 976
f 940 976 941
f 941 976 977
f 941 977 942
f 942 977 978
f 942 978 943
f 943 978 979
f 943 979 944
f 944 979 980
f 944 980 946
f 946 980 981
f 946 981 948
f 948 981 982
f 948 982 950
f 950 982 983
f 950 983 952
f 952 983 984
f 952 984 954
f 954 984 985
f 954 985 956
f 956 985 986
f 956 986 958
f 958 986 987
f 958 987 960
f 960 987 988
f 960 988 962
f 962 988 989
f 962 989 964
f 964 989 990
f 964 990 966
f 966 990 991
f 966 991 968
f 968 991 992
f 968 992 970
f 970 992 993
f 970 993 370
f 370 993 372
f 971 994 972
f 972 994 995
f 972 995 973
f 973 995 996
f 973 996 974
f 974 996 997
f 974 997 975
f 975 997 998
f 975 998 976
f 976 998 999
f 976 999 977
f 977 999 1000
f 977 1000 978
f 978 1000 1001
f 978 1001 979
f 979 1001 1002
f 979 1002 980
f 980 1002 1003
f 980 1003 981
f 981 1003 1004
f 981 1004 982
f 982 1004 1005
f 982 1005 983
f 983 1005 1006
f 983 1006 984
f 984 1006 1007
f 984 1007 985
f 985 1007 1008
f 985 1008 986
f 986 1008 1009
f 986 1009 987
f 987 1009 1010
f 987 1010 988
f 988 1010 1011
f 988 1011 989
f 989 1011 1012
f 989 1012 990
f 990 1012 1013
f 990 1013 991
f 991 1013 1014
f 991 1014 992
f 992 1014 1015
f 992 1015 993
f 993 1015 1016
f 993 1016 372
f 372 1016 374
f 994 1017 995
f 995 1017 1018
f 995 1018 996
f 996 1018 1019
f 996 1019 997
f 997 1019 1020
f 997 1020 998
f 998 1020 1021
f 998 1021 999
f 999 1021 1022
f 999 1022 1000
f 1000 1022 1023
f 1000 1023 1001
f 1001 1023 1024
f 1001 1024 1002
f 1002 1024 1025
f 1002 1025 1003
f 1003 1025 1026
f 1003 1026 1004
f 1004 1026 1027
f 1004 1027 1005
f 1005 1027 1028
f 1005 1028 1006
f 1006 1028 1029
f 1006 1029 1007
f 1007 1029 1030
f 1007 1030 1008
f 1008 1030 1031
f 1008 1031 1009
f 1009 1031 1032
f 1009 1032 1010
f 1010 1032 1033
f 1010 1033 1011
f 1011 1033 1034
f 1011 1034 1012
f 1012 1034 1035
f 1012 1035 1013
f 1013 1035 1036
f 1013 1036 1014
f 1014 1036 1037
f 1014 1037 1015
f 1015 1037 1038
f 1015 1038 1016
f 1016 1038 1039
f 1016 1039 374
f 374 1039 376
f 1017 1040 1018
f 1018 1040 1041
f 1018 1041 1019
f 1019 1041 1042
f 1019 1042 1020
f 1020 1042 1043
f 1020 1043 1021
f 1021 1043 1044
f 1021 1044 1022
f 1022 1044 1045
f 1022 1045 1023
f 1023 1045 1046
f 1023 1046 1024
f 1024 1046 1047
f 1024 1047 1025
f 1025 1047 1048
f 1025 1048 1026
f 1026 1048 1049
f 1026 1049 1027
f 1027 1049 1050
f 1027 1050 1028
f 1028 1050 1051
f 1028 1051 1029
f 1029 1051 1052
f 1029 1052 1030
f 1030 1052 1053
f 1030 1053 1031
f 1031 1053 1054
f 1031 1054 1032
f 1032 1054 1055
f 1032 1055 1033
f 1033 1055 1056
f 1033 1056 1034
f 1034 1056 1057
f 1034 1057 1035
f 1035 1057 1058
f 1035 1058 1036
f 1036 1058 1059
f 1036 1059 1037
f 1037 1059 1060
f 1037 1060 1038
f 1038 1060 1061
f 1038 1061 1039
f 1039 1061 1062
f 1039 1062 376
f 376 1062 378
f 1040 1063 1041
f 1041 1063 1064
f 1041 1064 1042
f 1042 1064 1065
f 1042 1065 1043
f 1043 1065 1066
f 1043 1066 1044
f 1044 1066 1067
f 1044 1067 1045
f 1045 1067 1068
f 1045 1068 1046
f 1046 1068 1069
f 1046 1069 1047
f 1047 1069 1070
f 1047 1070 1048
f 1048 1070 1071
f 1048 1071 1049
f 1049 1071 1072
f 1049 1072 1050
f 1050 1072 1073
f 1050 1073 1051
f 1051 1073 1074
f 1051 1074 1052
f 1052 1074 1075
f 1052 1075 1053
f 1053 1075 1076
f 1053 1076 1054
f 1054 1076 1077
f 1054 1077 1055
f 1055 1077 1078
f 1055 1078 1056
f 1056 1078 1079
f 1056 1079 1057
f 1057 1079 1080
f 1057 1080 1058
f 1058 1080 1081
f 1058 1081 1059
f 1059 1081 1082
f 1059 1082 1060
f 1060 1082 1083
f 1060 1083 1061
f 1061 1083 1084
f 1061 1084 1062
f 1062 1084 1085
f 1062 1085 378
f 378 1085 380
f 1063 1086 1064
f 1064 1086 1087
f 1064 1087 1065
f 1065 1087 1088
f 1065 1088 1066
f 1066 1088 1089
f 1066 1089 1067
f 1067 1089 1090
f 1067 1090 1068
f 1068 1090 1091
f 1068 1091 1069
f 1069 1091 1092
f 1069 1092 1070
f 1070 1092 1093
f 1070 1093 1071
f 1071 1093 1094
f 1071 1094 1072
f 1072 1094 1095
f 1072 1095 1073
f 1073 1095 1096
f 1073 1096 1074
f 1074 1096 1097
f 1074 1097 1075
f 1075 1097 1098
f 1075 1098 1076
f 1076 1098 1099
f 1076 1099 1077
f 1077 1099 1100
f 1077 1100 1078
f 1078 1100 1101
f 1078 1101 1079
f 1079 1101 1102
f 1079 1102 1080
f 1080 1102 1103
f 1080 1103 1081
f 1081 1103 1104
f 1081 1104 1082
f 1082 1104 1105
f 1082 1105 1083
f 1083 1105 1106
f 1083 1106 1084
f 1084 1106 1107
f 1084 1107 1085
f 1085 1107 1108
f 1085 1108 380
f 380 1108 1109
f 380 1109 382
f 382 1109 384
f 1086 1110 1087
f 1087 1110 1111
f 1087 1111 1088
f 1088 1111 1112
f 1088 1112 1089
f 1089 1112 1113
f 1089 1113 1090
f 1090 1113 1114
f 1090 1114 1091
f 1091 1114 1115
f 1091 1115 1092
f 1092 1115 1116
f 1092 1116 1093
f 1093 1116 1117
f 1093 1117 1094
f 1094 1117 1118
f 1094 1118 1095
f 1095 1118 1119
f 1095 1119 1096
f 1096 1119 1120
f 1096 1120 1097
f 1097 1120 1121
f 1097 1121 1098
f 1098 1121 1122
f 1098 1122 1099
f 1099 1122 1123
f 1099 1123 1100
f 1100 1123 1124
f 1100 1124 1101
f 1101 1124 1125
f 1101 1125 1102
f 1102 1125 1126
f 1102 1126 1103
f 1103 1126 1127
f 1103 1127 1104
f 1104 1127 1128
f 1104 1128 1105
f 1105 1128 1129
f 1105 1129 1106
f 1106 1129 1130
f 1106 1130 1107
f 1107 1130 1131
f 1107 1131 1108
f 1108 1131 1109
f 1110 1132 1111
f 1111 1132 1133
f 1111 1133 1112
f 1112 1133 1134
f 1112 1134 1113
f 1113 1134 1135
f 1113 1135 1114
f 1114 1135 1136
f 1114 1136 1115
f 1115 1136 1137
f 1115 1137 1116
f 1116 1137 1138
f 1116 1138 1117
f 1117 1138 1139
f 1117 1139 1118
f 1118 1139 1140
f 1118 1140 1119
f 1119 1140 1141
f 1119 1141 1120
f 1120 1141 1142
f 1120 1142 1121
f 1121 1142 1143
f 1121 1143 1122
f 1122 1143 1144
f 1122 1144 1123
f 1123 1144 1145
f 1123 1145 1124
f 1124 1145 1146
f 1124 1146 1125
f 1125 1146 1147
f 1125 1147 1126
f 1126 1147 1148
f 1126 1148 1127
f 1127 1148 1149
f 1127 1149 1128
f 1128 1149 1150
f 1128 1150 1129
f 1129 1150 1151
f 1129 1151 1130
f 1130 1151 1152
f 1130 1152 1131
f 1131 1152 1153
f 1131 1153 1109
f 1109 1153 1154
f 1109 1154 384
f 384 1154 386
f 1132 1155 1133
f 1133 1155 1156
f 1133 1156 1134
f 1134 1156 1157
f 1134 1157 1135
f 1135 1157 1158
f 1135 1158 1136
f 1136 1158 1159
f 1136 1159 1137
f 1137 1159 1160
f 1137 1160 1138
f 1138 1160 1161
f 1138 1161 1139
f 1139 1161 1162
f 1139 1162 1140
f 1140 1162 1163
f 1140 1163 1141
f 1141 1163 1164
f 1141 1164 1142
f 1142 1164 1165
f 1142 1165 1143
f 1143 1165 1166
f 1143 1166 1144
f 1144 1166 1167
f 1144 1167 1145
f 1145 1167 1168
f 1145 1168 1146
f 1146 1168 1169
f 1146 1169 1147
f 1147 1169 1170
f 1147 1170 1148
f 1148 1170 1171
f 1148 1171 1149
f 1149 1171 1172
f 1149 1172 1150
f 1150 1172 1173
f 1150 1173 1151
f 1151 1173 1174
f 1151 1174 1152
f 1152 1174 1175
f 1152 1175 1153
f 1153 1175 1176
f 1153 1176 1154
f 1154 1176 1177
f 1154 1177 386
f 386 1177 388
f 1156 1155 1178
f 1178 1155 1179
f 1178 1179 1180
f 1180 1179 1181
f 1180 1181 1182
f 1182 1181 1183
f 1182 1183 1184
f 1184 1183 1185
f 1184 1185 1186
f 1186 1185 1187
f 1186 1187 1188
f 1188 1187 1189
f 1188 1189 1190
f 1190 1189 1191
f 1190 1191 1192
f 1192 1191 362
f 1192 362 1193
f 1193 362 363
f 1193 363 1194
f 1194 363 365
f 1194 365 1195
f 1195 365 367
f 1195 367 1196
f 1196 367 369
f 1196 369 1197
f 1197 369 371
f 1197 371 1198
f 1198 371 373
f 1198 373 1199
f 1199 373 375
f 1199 375 1200
f 1200 375 377
f 1200 377 1201
f 1201 377 379
f 1201 379 1202
f 1202 379 381
f 1202 381 1203
f 1203 381 1204
f 1203 1204 1205
f 1205 1204 1206
f 1205 1206 1207
f 1207 1206 1208
f 1207 1208 1209
f 1209 1208 1210
f 1209 1210 1211
f 1211 1210 1212
f 1211 1212 1213
f 1213 1212 1214
f 1213 1214 1215
f 1215 1214 1216
f 1215 1216 1217
f 1217 1216 1218
f 1217 1218 1219
f 1219 1218 1220
f 1219 1220 1221
f 1221 1220 1222
f 1221 1222 1223
f 1223 1222 1224
f 1223 1224 1225
f 1225 1224 1226
f 1225 1226 1227
f 1227 1226 1228
f 1227 1228 1229
f 1229 1228 1230
f 1229 1230 1231
f 1231 1230 1232
f 1231 1232 1233
f 1233 1232 1234
f 1233 1234 1235
f 1235 1234 1236
f 1235 1236 1237
f 1237 1236 1238
f 1237 1238 1239
f 1239 1238 1240
f 1239 1240 1241
f 1241 1240 1242
f 1241 1242 1243
f 1243 1242 1244
f 1243 1244 1245
f 1245 1244 1246
f 1245 1246 1247
f 1247 1246 1248
f 1247 1248 1249
f 1249 1248 1250
f 1249 1250 1251
f 1251 1250 1252
f 1251 1252 452
f 452 1252 454
f 1228 1253 1230
f 1230 1253 1254
f 1230 1254 1232
f 1232 1254 1255
f 1232 1255 1234
f 1234 1255 1256
f 1234 1256 1236
f 1236 1256 1257
f 1236 1257 1238
f 1238 1257 1258
f 1238 1258 1240
f 1240 1258 1259
f 1240 1259 1242
f 1242 1259 1260
f 1242 1260 1244
f 1244 1260 1261
f 1244 1261 1246
f 1246 1261 1262
f 1246 1262 1248
f 1248 1262 1263
f 1248 1263 1250
f 1250 1263 1264
f 1250 1264 1252
f 1252 1264 1265
f 1252 1265 454
f 454 1265 456
f 1253 1266 1254
f 1254 1266 1267
f 1254 1267 1255
f 1255 1267 1268
f 1255 1268 1256
f 1256 1268 1269
f 1256 1269 1257
f 1257 1269 1270
f 1257 1270 1258
f 1258 1270 1271
f 1258 1271 1259
f 1259 1271 1272
f 1259 1272 1260
f 1260 1272 1273
f 1260 1273 1261
f 1261 1273 1274
f 1261 1274 1262
f 1262 1274 1275
f 1262 1275 1263
f 1263 1275 1276
f 1263 1276 1264
f 1264 1276 1277
f 1264 1277 1265
f 1265 1277 1278
f 1265 1278 456
f 456 1278 458
f 1266 1279 1267
f 1267 1279 1280
f 1267 1280 1268
f 1268 1280 1281
f 1268 1281 1269
f 1269 1281 1282
f 1269 1282 1270
f 1270 1282 1283
f 1270 1283 1271
f 1271 1283 1284
f 1271 1284 1272
f 1272 1284 1285
f 1272 1285 1273
f 1273 1285 1286
f 1273 1286 1274
f 1274 1286 1287
f 1274 1287 1275
f 1275 1287 1288
f 1275 1288 1276
f 1276 1288 1289
f 1276 1289 1277
f 1277 1289 1290
f 1277 1290 1278
f 1278 1290 1291
f 1278 1291 458
f 458 1291 460
f 1279 1292 1280
f 1280 1292 1293
f 1280 1293 1281
f 1281 1293 1294
f 1281 1294 1282
f 1282 1294 1295
f 1282 1295 1283
f 1283 1295 1296
f 1283 1296 1284
f 1284 1296 1297
f 1284 1297 1285
f 1285 1297 1298
f 1285 1298 1286
f 1286 1298 1299
f 1286 1299 1287
f 1287 1299 1300
f 1287 1300 1288
f 1288 1300 1301
f 1288 1301 1289
f 1289 1301 1302
f 1289 1302 1290
f 1290 1302 1303
f 1290 1303 1291
f 1291 1303 1304
f 1291 1304 460
f 460 1304 462
f 1292 1305 1293
f 1293 1305 1306
f 1293 1306 1294
f 1294 1306 1307
f 1294 1307 1295
f 1295 1307 1308
f 1295 1308 1296
f 1296 1308 1309
f 1296 1309 1297
f 1297 1309 1310
f 1297 1310 1298
f 1298 1310 1311
f 1298 1311 1299
f 1299 1311 1312
f 1299 1312 1300
f 1300 1312 1313
f 1300 1313 1301
f 1301 1313 1314
f 1301 1314 1302
f 1302 1314 1315
f 1302 1315 1303
f 1303 1315 1316
f 1303 1316 1304
f 1304 1316 1317
f 1304 1317 462
f 462 1317 464
f 1305 1318 1306
f 1306 1318 1319
f 1306 1319 1307
f 1307 1319 1320
f 1307 1320 1308
f 1308 1320 1321
f 1308 1321 1309
f 1309 1321 1322
f 1309 1322 1310
f 1310 1322 1323
f 1310 1323 1311
f 1311 1323 1324
f 1311 1324 1312
f 1312 1324 1325
f 1312 1325 1313
f 1313 1325 1326
f 1313 1326 1314
f 1314 1326 1327
f 1314 1327 1315
f 1315 1327 1328
f 1315 1328 1316
f 1316 1328 1329
f 1316 1329 1317
f 1317 1329 1330
f 1317 1330 464
f 464 1330 466
f 1318 1331 1319
f 1319 1331 1332
f 1319 1332 1320
f 1320 1332 1333
f 1320 1333 1321
f 1321 1333 1334
f 1321 1334 1322
f 1322 1334 1335
f 1322 1335 1323
f 1323 1335 1336
f 1323 1336 1324
f 1324 1336 1337
f 1324 1337 1325
f 1325 1337 1338
f 1325 1338 1326
f 1326 1338 1339
f 1326 1339 1327
f 1327 1339 1340
f 1327 1340 1328
f 1328 1340 1341
f 1328 1341 1329
f 1329 1341 1342
f 1329 1342 1330
f 1330 1342 1343
f 1330 1343 466
f 466 1343 468
f 1331 1344 1332
f 1332 1344 1345
f 1332 1345 1333
f 1333 1345 1346
f 1333 1346 1334
f 1334 1346 1347
f 1334 1347 1335
f 1335 1347 1348
f 1335 1348 1336
f 1336 1348 1349
f 1336 1349 1337
f 1337 1349 1350
f 1337 1350 1338
f 1338 1350 1351
f 1338 1351 1339
f 1339 1351 1352
f 1339 1352 1340
f 1340 1352 1353
f 1340 1353 1341
f 1341 1353 1354
f 1341 1354 1342
f 1342 1354 1355
f 1342 1355 1343
f 1343 1355 1356
f 1343 1356 468
f 468 1356 470
f 1344 1357 1345
f 1345 1357 1358
f 1345 1358 1346
f 1346 1358 1359
f 1346 1359 1347
f 1347 1359 1360
f 1347 1360 1348
f 1348 1360 1361
f 1348 1361 1349
f 1349 1361 1362
f 1349 1362 1350
f 1350 1362 1363
f 1350 1363 1351
f 1351 1363 1364
f 1351 1364 1352
f 1352 1364 1365
f 1352 1365 1353
f 1353 1365 1366
f 1353 1366 1354
f 1354 1366 1367
f 1354 1367 1355
f 1355 1367 1368
f 1355 1368 1356
f 1356 1368 1369
f 1356 1369 470
f 470 1369 472
f 1357 1370 1358
f 1358 1370 1371
f 1358 1371 1359
f 1359 1371 1372
f 1359 1372 1360
f 1360 1372 1373
f 1360 1373 1361
f 1361 1373 1374
f 1361 1374 1362
f 1362 1374 1375
f 1362 1375 1363
f 1363 1375 1376
f 1363 1376 1364
f 1364 1376 1377
f 1364 1377 1365
f 1365 1377 1378
f 1365 1378 1366
f 1366 1378 1379
f 1366 1379 1367
f 1367 1379 1380
f 1367 1380 1368
f 1368 1380 1381
f 1368 1381 1369
f 1369 1381 1382
f 1369 1382 472
f 472 1382 474
f 1370 1383 1371
f 1371 1383 1384
f 1371 1384 1372
f 1372 1384 1385
f 1372 1385 1373
f 1373 1385 1386
f 1373 1386 1374
f 1374 1386 1387
f 1374 1387 1375
f 1375 1387 1388
f 1375 1388 1376
f 1376 1388 1389
f 1376 1389 1377
f 1377 1389 1390
f 1377 1390 1378
f 1378 1390 1391
f 1378 1391 1379
f 1379 1391 1392
f 1379 1392 1380
f 1380 1392 1393
f 1380 1393 1381
f 1381 1393 1394
f 1381 1394 1382
f 1382 1394 1395
f 1382 1395 474
f 474 1395 476
f 1383 1396 1384
f 1384 1396 1397
f 1384 1397 1385
f 1385 1397 1398
f 1385 1398 1386
f 1386 1398 1399
f 1386 1399 1387
f 1387 1399 1400
f 1387 1400 1388
f 1388 1400 1401
f 1388 1401 1389
f 1389 1401 1402
f 1389 1402 1390
f 1390 1402 1403
f 1390 1403 1391
f 1391 1403 1404
f 1391 1404 1392
f 1392 1404 1405
f 1392 1405 1393
f 1393 1405 1406
f 1393 1406 1394
f 1394 1406 1407
f 1394 1407 1395
f 1395 1407 1408
f 1395 1408 476
f 476 1408 478
f 1396 1409 1397
f 1397 1409 1410
f 1397 1410 1398
f 1398 1410 1411
f 1398 1411 1399
f 1399 1411 1412
f 1399 1412 1400
f 1400 1412 1413
f 1400 1413 1401
f 1401 1413 1414
f 1401 1414 1402
f 1402 1414 1415
f 1402 1415 1403
f 1403 1415 1416
f 1403 1416 1404
f 1404 1416 1417
f 1404 1417 1405
f 1405 1417 1418
f 1405 1418 1406
f 1406 1418 1419
f 1406 1419 1407
f 1407 1419 1420
f 1407 1420 1408
f 1408 1420 1421
f 1408 1421 478
f 478 1421 480
f 1409 1422 1410
f 1410 1422 1423
f 1410 1423 1411
f 1411 1423 1424
f 1411 1424 1412
f 1412 1424 1425
f 1412 1425 1413
f 1413 1425 1426
f 1413 1426 1414
f 1414 1426 1427
f 1414 1427 1415
f 1415 1427 1428
f 1415 1428 1416
f 1416 1428 1429
f 1416 1429 1417
f 1417 1429 1430
f 1417 1430 1418
f 1418 1430 1431
f 1418 1431 1419
f 1419 1431 1432
f 1419 1432 1420
f 1420 1432 1433
f 1420 1433 1421
f 1421 1433 1434
f 1421 1434 480
f 480 1434 482
f 1422 1435 1423
f 1423 1435 1436
f 1423 1436 1424
f 1424 1436 1437
f 1424 1437 1425
f 1425 1437 1438
f 1425 1438 1426
f 1426 1438 1439
f 1426 1439 1427
f 1427 1439 1440
f 1427 1440 1428
f 1428 1440 1441
f 1428 1441 1429
f 1429 1441 1442
f 1429 1442 1430
f 1430 1442 1443
f 1430 1443 1431
f 1431 1443 1444
f 1431 1444 1432
f 1432 1444 1445
f 1432 1445 1433
f 1433 1445 1446
f 1433 1446 1434
f 1434 1446 1447
f 1434 1447 482
f 482 1447 484
f 1435 1448 1436
f 1436 1448 1449
f 1436 1449 1437
f 1437 1449 1450
f 1437 1450 1438
f 1438 1450 1451
f 1438 1451 1439
f 1439 1451 1452
f 1439 1452 1440
f 1440 1452 1453
f 1440 1453 1441
f 1441 1453 1454
f 1441 1454 1442
f 1442 1454 1455
f 1442 1455 1443
f 1443 1455 1456
f 1443 1456 1444
f 1444 1456 1457
f 1444 1457 1445
f 1445 1457 1458
f 1445 1458 1446
f 1446 1458 1459
f 1446 1459 1447
f 1447 1459 1460
f 1447 1460 484
f 484 1460 486
f 1448 1461 1449
f 1449 1461 1462
f 1449 1462 1450
f 1450 1462 1463
f 1450 1463 1451
f 1451 1463 1464
f 1451 1464 1452
f 1452 1464 1465
f 1452 1465 1453
f 1453 1465 1466
f 1453 1466 1454
f 1454 1466 1467
f 1454 1467 1455
f 1455 1467 1468
f 1455 1468 1456
f 1456 1468 1469
f 1456 1469 1457
f 1457 1469 1470
f 1457 1470 1458
f 1458 1470 1471
f 1458 1471 1459
f 1459 1471 1472
f 1459 1472 1460
f 1460 1472 1473
f 1460 1473 486
f 486 1473 488
f 1461 1474 1462
f 1462 1474 1475
f 1462 1475 1463
f 1463 1475 1476
f 1463 1476 1464
f 1464 1476 1477
f 1464 1477 1465
f 1465 1477 1478
f 1465 1478 1466
f 1466 1478 1479
f 1466 1479 1467
f 1467 1479 1480
f 1467 1480 1468
f 1468 1480 1481
f 1468 1481 1469
f 1469 1481 1482
f 1469 1482 1470
f 1470 1482 1483
f 1470 1483 1471
f 1471 1483 1484
f 1471 1484 1472
f 1472 1484 1485
f 1472 1485 1473
f 1473 1485 1486
f 1473 1486 488
f 488 1486 490
f 1474 1487 1475
f 1475 1487 1488
f 1475 1488 1476
f 1476 1488 1489
f 1476 1489 1477
f 1477 1489 1490
f 1477 1490 1478
f 1478 1490 1491
f 1478 1491 1479
f 1479 1491 1492
f 1479 1492 1480
f 1480 1492 1493
f 1480 1493 1481
f 1481 1493 1494
f 1481 1494 1482
f 1482 1494 1495
f 1482 1495 1483
f 1483 1495 1496
f 1483 1496 1484
f 1484 1496 1497
f 1484 1497 1485
f 1485 1497 1498
f 1485 1498 1486
f 1486 1498 1499
f 1486 1499 490
f 490 1499 492
f 1487 1500 1488
f 1488 1500 1501
f 1488 1501 1489
f 1489 1501 1502
f 1489 1502 1490
f 1490 1502 1503
f 1490 1503 1491
f 1491 1503 1504
f 1491 1504 1492
f 1492 1504 1505
f 1492 1505 1493
f 1493 1505 1506
f 1493 1506 1494
f 1494 1506 1507
f 1494 1507 1495
f 1495 1507 1508
f 1495 1508 1496
f 1496 1508 1509
f 1496 1509 1497
f 1497 1509 1510
f 1497 1510 1498
f 1498 1510 1511
f 1498 1511 1499
f 1499 1511 1512
f 1499 1512 492
f 492 1512 494
f 1500 1513 1501
f 1501 1513 1514
f 1501 1514 1502
f 1502 1514 1515
f 1502 1515 1503
f 1503 1515 1516
f 1503 1516 1504
f 1504 1516 1517
f 1504 1517 1505
f 1505 1517 1518
f 1505 1518 1506
f 1506 1518 1519
f 1506 1519 1507
f 1507 1519 1520
f 1507 1520 1508
f 1508 1520 1521
f 1508 1521 1509
f 1509 1521 1522
f 1509 1522 1510
f 1510 1522 1523
f 1510 1523 1511
f 1511 1523 1524
f 1511 1524 1512
f 1512 1524 1525
f 1512 1525 494
f 494 1525 496
f 1513 1526 1514
f 1514 1526 1527
f 1514 1527 1515
f 1515 1527 1528
f 1515 1528 1516
f 1516 1528 1529
f 1516 1529 1517
f 1517 1529 1530
f 1517 1530 1518
f 1518 1530 1531
f 1518 1531 1519
f 1519 1531 1532
f 1519 1532 1520
f 1520 1532 1533
f 1520 1533 1521
f 1521 1533 1534
f 1521 1534 1522
f 1522 1534 1535
f 1522 1535 1523
f 1523 1535 1536
f 1523 1536 1524
f 1524 1536 1537
f 1524 1537 1525
f 1525 1537 1538
f 1525 1538 496
f 496 1538 498
f 1526 1539 1527
f 1527 1539 1540
f 1527 1540 1528
f 1528 1540 1541
f 1528 1541 1529
f 1529 1541 1542
f 1529 1542 1530
f 1530 1542 1543
f 1530 1543 1531
f 1531 1543 1544
f 1531 1544 1532
f 1532 1544 1545
f 1532 1545 1533
f 1533 1545 1546
f 1533 1546 1534
f 1534 1546 1547
f 1534 1547 1535
f 1535 1547 1548
f 1535 1548 1536
f 1536 1548 1549
f 1536 1549 1537
f 1537 1549 1550
f 1537 1550 1538
f 1538 1550 1551
f 1538 1551 498
f 498 1551 500
f 1539 1552 1540
f 1540 1552 1553
f 1540 1553 1541
f 1541 1553 1554
f 1541 1554 1542
f 1542 1554 1555
f 1542 1555 1543
f 1543 1555 1556
f 1543 1556 1544
f 1544 1556 1557
f 1544 1557 1545
f 1545 1557 1558
f 1545 1558 1546
f 1546 1558 1559
f 1546 1559 1547
f 1547 1559 1560
f 1547 1560 1548
f 1548 1560 1561
f 1548 1561 1549
f 1549 1561 1562
f 1549 1562 1550
f 1550 1562 1563
f 1550 1563 1551
f 1551 1563 1564
f 1551 1564 500
f 500 1564 502
f 1552 1565 1553
f 1553 1565 1566
f 1553 1566 1554
f 1554 1566 1567
f 1554 1567 1555
f 1555 1567 1568
f 1555 1568 1556
f 1556 1568 1569
f 1556 1569 1557
f 1557 1569 1570
f 1557 1570 1558
f 1558 1570 1571
f 1558 1571 1559
f 1559 1571 1572
f 1559 1572 1560
f 1560 1572 1573
f 1560 1573 1561
f 1561 1573 1574
f 1561 1574 1562
f 1562 1574 1575
f 1562 1575 1563
f 1563 1575 1576
f 1563 1576 1564
f 1564 1576 1577
f 1564 1577 502
f 502 1577 504
f 1565 1578 1566
f 1566 1578 1579
f 1566 1579 1567
f 1567 1579 1580
f 1567 1580 1568
f 1568 1580 1581
f 1568 1581 1569
f 1569 1581 1582
f 1569 1582 1570
f 1570 1582 1583
f 1570 1583 1571
f 1571 1583 1584
f 1571 1584 1572
f 1572 1584 1585
f 1572 1585 1573
f 1573 1585 1586
f 1573 1586 1574
f 1574 1586 1587
f 1574 1587 1575
f 1575 1587 1588
f 1575 1588 1576
f 1576 1588 1589
f 1576 1589 1577
f 1577 1589 1590
f 1577 1590 504
f 504 1590 506
f 1578 1591 1579
f 1579 1591 1592
f 1579 1592 1580
f 1580 1592 1593
f 1580 1593 1581
f 1581 1593 1594
f 1581 1594 1582
f 1582 1594 1595
f 1582 1595 1583
f 1583 1595 1596
f 1583 1596 1584
f 1584 1596 1597
f 1584 1597 1585
f 1585 1597 1598
f 1585 1598 1586
f 1586 1598 1599
f 1586 1599 1587
f 1587 1599 1600
f 1587 1600 1588
f 1588 1600 1601
f 1588 1601 1589
f 1589 1601 1602
f 1589 1602 1590
f 1590 1602 1603
f 1590 1603 506
f 506 1603 508
f 1591 1604 1592
f 1592 1604 1605
f 1592 1605 1593
f 1593 1605 1606
f 1593 1606 1594
f 1594 1606 1607
f 1594 1607 1595
f 1595 1607 1608
f 1595 1608 1596
f 1596 1608 1609
f 1596 1609 1597
f 1597 1609 1610
f 1597 1610 1598
f 1598 1610 1611
f 1598 1611 1599
f 1599 1611 1612
f 1599 1612 1600
f 1600 1612 1613
f 1600 1613 1601
f 1601 1613 1614
f 1601 1614 1602
f 1602 1614 1615
f 1602 1615 1603
f 1603 1615 1616
f 1603 1616 508
f 508 1616 510
f 1604 1617 1605
f 1605 1617 1618
f 1605 1618 1606
f 1606 1618 1619
f 1606 1619 1607
f 1607 1619 1620
f 1607 1620 1608
f 1608 1620 1621
f 1608 1621 1609
f 1609 1621 1622
f 1609 1622 1610
f 1610 1622 1623
f 1610 1623 1611
f 1611 1623 1624
f 1611 1624 1612
f 1612 1624 1625
f 1612 1625 1613
f 1613 1625 1626
f 1613 1626 1614
f 1614 1626 1627
f 1614 1627 1615
f 1615 1627 1628
f 1615 1628 1616
f 1616 1628 1629
f 1616 1629 510
f 510 1629 512
f 1617 1630 1618
f 1618 1630 1631
f 1618 1631 1619
f 1619 1631 1632
f 1619 1632 1620
f 1620 1632 1633
f 1620 1633 1621
f 1621 1633 1634
f 1621 1634 1622
f 1622 1634 1635
f 1622 1635 1623
f 1623 1635 1636
f 1623 1636 1624
f 1624 1636 1637
f 1624 1637 1625
f 1625 1637 1638
f 1625 1638 1626
f 1626 1638 1639
f 1626 1639 1627
f 1627 1639 1640
f 1627 1640 1628
f 1628 1640 1641
f 1628 1641 1629
f 1629 1641 1642
f 1629 1642 512
f 512 1642 514
f 1630 1643 1631
f 1631 1643 1644
f 1631 1644 1632
f 1632 1644 1645
f 1632 1645 1633
f 1633 1645 1646
f 1633 1646 1634
f 1634 1646 1647
f 1634 1647 1635
f 1635 1647 1648
f 1635 1648 1636
f 1636 1648 1649
f 1636 1649 1637
f 1637 1649 1650
f 1637 1650 1638
f 1638 1650 1651
f 1638 1651 1639
f 1639 1651 1652
f 1639 1652 1640
f 1640 1652 1653
f 1640 1653 1641
f 1641 1653 1654
f 1641 1654 1642
f 1642 1654 1655
f 1642 1655 514
f 514 1655 516
f 1644 1643 1656
f 1656 1643 1657
f 1656 1657 1658
f 1658 1657 1659
f 1658 1659 1660
f 1660 1659 1661
f 1660 1661 1662
f 1662 1661 1663
f 1662 1663 1664
f 1664 1663 1665
f 1664 1665 1666
f 1666 1665 1667
f 1666 1667 1668
f 1668 1667 1669
f 1668 1669 1670
f 1670 1669 1671
f 1670 1671 1672
f 1672 1671 1673
f 1672 1673 1674
f 1674 1673 1675
f 1674 1675 1676
f 1676 1675 1677
f 1676 1677 1678
f 1678 1677 1679
f 1678 1679 1680
f 1680 1679 1681
f 1680 1681 1682
f 1682 1681 1683
f 1682 1683 1684
f 1684 1683 1685
f 1684 1685 1686
f 1686 1685 1687
f 1686 1687 1688
f 1688 1687 1689
f 1688 1689 1690
f 1690 1689 1691
f 1690 1691 1692
f 1692 1691 1693
f 1692 1693 1694
f 1694 1693 1695
f 1694 1695 1696
f 1696 1695 1697
f 1696 1697 1698
f 1698 1697 1699
f 1698 1699 1700
f 1700 1699 1701
f 1700 1701 1702
f 1702 1701 1703
f 1702 1703 1704
f 1704 1703 1705
f 1704 1705 1706
f 1706 1705 1707
f 1706 1707 1708
f 1708 1707 1709
f 1708 1709 1710
f 1710 1709 1711
f 1710 1711 1712
f 1712 1711 1713
f 1712 1713 1714
f 1714 1713 1715
f 1714 1715 1716
f 1716 1715 1717
f 1716 1717 1718
f 1718 1717 1719
f 1718 1719 1720
f 1720 1719 1721
f 1720 1721 1722
f 1722 1721 1723
f 1722 1723 1724
f 1724 1723 1725
f 1724 1725 1726
f 1726 1725 1727
f 1726 1727 1728
f 1728 1727 1729
f 1728 1729 1730
f 1730 1729 1731
f 1730 1731 1732
f 1732 1731 1733
f 1732 1733 1734
f 1734 1733 1735
f 1734 1735 1736
f 1736 1735 1737
f 1736 1737 1738
f 1738 1737 1739
f 1738 1739 1740
f 1740 1739 1741
f 1740 1741 580
f 580 1741 582
f 1717 1742 1719
f 1719 1742 1743
f 1719 1743 1721
f 1721 1743 1744
f 1721 1744 1723
f 1723 1744 1745
f 1723 1745 1725
f 1725 1745 1746
f 1725 1746 1727
f 1727 1746 1747
f 1727 1747 1729
f 1729 1747 1748
f 1729 1748 1731
f 1731 1748 1749
f 1731 1749 1733
f 1733 1749 1750
f 1733 1750 1735
f 1735 1750 1751
f 1735 1751 1737
f 1737 1751 1752
f 1737 1752 1739
f 1739 1752 1753
f 1739 1753 1741
f 1741 1753 1754
f 1741 1754 582
f 582 1754 584
f 1742 1755 1743
f 1743 1755 1756
f 1743 1756 1744
f 1744 1756 1757
f 1744 1757 1745
f 1745 1757 1758
f 1745 1758 1746
f 1746 1758 1759
f 1746 1759 1747
f 1747 1759 1760
f 1747 1760 1748
f 1748 1760 1761
f 1748 1761 1749
f 1749 1761 1762
f 1749 1762 1750
f 1750 1762 1763
f 1750 1763 1751
f 1751 1763 1764
f 1751 1764 1752
f 1752 1764 1765
f 1752 1765 1753
f 1753 1765 1766
f 1753 1766 1754
f 1754 1766 1767
f 1754 1767 584
f 584 1767 586
f 1755 1768 1756
f 1756 1768 1769
f 1756 1769 1757
f 1757 1769 1770
f 1757 1770 1758
f 1758 1770 1771
f 1758 1771 1759
f 1759 1771 1772
f 1759 1772 1760
f 1760 1772 1773
f 1760 1773 1761
f 1761 1773 1774
f 1761 1774 1762
f 1762 1774 1775
f 1762 1775 1763
f 1763 1775 1776
f 1763 1776 1764
f 1764 1776 1777
f 1764 1777 1765
f 1765 1777 1778
f 1765 1778 1766
f 1766 1778 1779
f 1766 1779 1767
f 1767 1779 1780
f 1767 1780 586
f 586 1780 588
f 1768 1781 1769
f 1769 1781 1782
f 1769 1782 1770
f 1770 1782 1783
f 1770 1783 1771
f 1771 1783 1784
f 1771 1784 1772
f 1772 1784 1785
f 1772 1785 1773
f 1773 1785 1786
f 1773 1786 1774
f 1774 1786 1787
f 1774 1787 1775
f 1775 1787 1788
f 1775 1788 1776
f 1776 1788 1789
f 1776 1789 1777
f 1777 1789 1790
f 1777 1790 1778
f 1778 1790 1791
f 1778 1791 1779
f 1779 1791 1792
f 1779 1792 1780
f 1780 1792 1793
f 1780 1793 588
f 588 1793 590
f 1781 1794 1782
f 1782 1794 1795
f 1782 1795 1783
f 1783 1795 1796
f 1783 1796 1784
f 1784 1796 1797
f 1784 1797 1785
f 1785 1797 1798
f 1785 1798 1786
f 1786 1798 1799
f 1786 1799 1787
f 1787 1799 1800
f 1787 1800 1788
f 1788 1800 1801
f 1788 1801 1789
f 1789 1801 1802
f 1789 1802 1790
f 1790 1802 1803
f 1790 1803 1791
f 1791 1803 1804
f 1791 1804 1792
f 1792 1804 1805
f 1792 1805 1793
f 1793 1805 1806
f 1793 1806 590
f 590 1806 592
f 1794 1807 1795
f 1795 1807 1808
f 1795 1808 1796
f 1796 1808 1809
f 1796 1809 1797
f 1797 1809 1810
f 1797 1810 1798
f 1798 1810 1811
f 1798 1811 1799
f 1799 1811 1812
f 1799 1812 1800
f 1800 1812 1813
f 1800 1813 1801
f 1801 1813 1814
f 1801 1814 1802
f 1802 1814 1815
f 1802 1815 1803
f 1803 1815 1816
f 1803 1816 1804
f 1804 1816 1817
f 1804 1817 1805
f 1805 1817 1818
f 1805 1818 1806
f 1806 1818 1819
f 1806 1819 592
f 592 1819 594
f 1807 1820 1808
f 1808 1820 1821
f 1808 1821 1809
f 1809 1821 1822
f 1809 1822 1810
f 1810 1822 1823
f 1810 1823 1811
f 1811 1823 1824
f 1811 1824 1812
f 1812 1824 1825
f 1812 1825 1813
f 1813 1825 1826
f 1813 1826 1814
f 1814 1826 1827
f 1814 1827 1815
f 1815 1827 1828
f 1815 1828 1816
f 1816 1828 1829
f 1816 1829 1817
f 1817 1829 1830
f 1817 1830 1818
f 1818 1830 1831
f 1818 1831 1819
f 1819 1831 1832
f 1819 1832 594
f 594 1832 596
f 1820 1833 1821
f 1821 1833 1834
f 1821 1834 1822
f 1822 1834 1835
f 1822 1835 1823
f 1823 1835 1836
f 1823 1836 1824
f 1824 1836 1837
f 1824 1837 1825
f 1825 1837 1838
f 1825 1838 1826
f 1826 1838 1839
f 1826 1839 1827
f 1827 1839 1840
f 1827 1840 1828
f 1828 1840 1841
f 1828 1841 1829
f 1829 1841 1842
f 1829 1842 1830
f 1830 1842 1843
f 1830 1843 1831
f 1831 1843 1844
f 1831 1844 1832
f 1832 1844 1845
f 1832 1845 596
f 596 1845 598
f 1833 1846 1834
f 1834 1846 1847
f 1834 1847 1835
f 1835 1847 1848
f 1835 1848 1836
f 1836 1848 1849
f 1836 1849 1837
f 1837 1849 1850
f 1837 1850 1838
f 1838 1850 1851
f 1838 1851 1839
f 1839 1851 1852
f 1839 1852 1840
f 1840 1852 1853
f 1840 1853 1841
f 1841 1853 1854
f 1841 1854 1842
f 1842 1854 1855
f 1842 1855 1843
f 1843 1855 1856
f 1843 1856 1844
f 1844 1856 1857
f 1844 1857 1845
f 1845 1857 1858
f 1845 1858 598
f 598 1858 600
f 1846 1859 1847
f 1847 1859 1860
f 1847 1860 1848
f 1848 1860 1861
f 1848 1861 1849
f 1849 1861 1862
f 1849 1862 1850
f 1850 1862 1863
f 1850 1863 1851
f 1851 1863 1864
f 1851 1864 1852
f 1852 1864 1865
f 1852 1865 1853
f 1853 1865 1866
f 1853 1866 1854
f 1854 1866 1867
f 1854 1867 1855
f 1855 1867 1868
f 1855 1868 1856
f 1856 1868 1869
f 1856 1869 1857
f 1857 1869 1870
f 1857 1870 1858
f 1858 1870 1871
f 1858 1871 600
f 600 1871 602
f 1859 1872 1860
f 1860 1872 1873
f 1860 1873 1861
f 1861 1873 1874
f 1861 1874 1862
f 1862 1874 1875
f 1862 1875 1863
f 1863 1875 1876
f 1863 1876 1864
f 1864 1876 1877
f 1864 1877 1865
f 1865 1877 1878
f 1865 1878 1866
f 1866 1878 1879
f 1866 1879 1867
f 1867 1879 1880
f 1867 1880 1868
f 1868 1880 1881
f 1868 1881 1869
f 1869 1881 1882
f 1869 1882 1870
f 1870 1882 1883
f 1870 1883 1871
f 1871 1883 1884
f 1871 1884 602
f 602 1884 604
f 1872 1885 1873
f 1873 1885 1886
f 1873 1886 1874
f 1874 1886 1887
f 1874 1887 1875
f 1875 1887 1888
f 1875 1888 1876
f 1876 1888 1889
f 1876 1889 1877
f 1877 1889 1890
f 1877 1890 1878
f 1878 1890 1891
f 1878 1891 1879
f 1879 1891 1892
f 1879 1892 1880
f 1880 1892 1893
f 1880 1893 1881
f 1881 1893 1894
f 1881 1894 1882
f 1882 1894 1895
f 1882 1895 1883
f 1883 1895 1896
f 1883 1896 1884
f 1884 1896 1897
f 1884 1897 604
f 604 1897 606
f 1885 1898 1886
f 1886 1898 1899
f 1886 1899 1887
f 1887 1899 1900
f 1887 1900 1888
f 1888 1900 1901
f 1888 1901 1889
f 1889 1901 1902
f 1889 1902 1890
f 1890 1902 1903
f 1890 1903 1891
f 1891 1903 1904
f 1891 1904 1892
f 1892 1904 1905
f 1892 1905 1893
f 1893 1905 1906
f 1893 1906 1894
f 1894 1906 1907
f 1894 1907 1895
f 1895 1907 1908
f 1895 1908 1896
f 1896 1908 1909
f 1896 1909 1897
f 1897 1909 1910
f 1897 1910 606
f 606 1910 608
f 1898 1911 1899
f 1899 1911 1912
f 1899 1912 1900
f 1900 1912 1913
f 1900 1913 1901
f 1901 1913 1914
f 1901 1914 1902
f 1902 1914 1915
f 1902 1915 1903
f 1903 1915 1916
f 1903 1916 1904
f 1904 1916 1917
f 1904 1917 1905
f 1905 1917 1918
f 1905 1918 1906
f 1906 1918 1919
f 1906 1919 1907
f 1907 1919 1920
f 1907 1920 1908
f 1908 1920 1921
f 1908 1921 1909
f 1909 1921 1922
f 1909 1922 1910
f 1910 1922 1923
f 1910 1923 608
f 608 1923 610
f 1911 1924 1912
f 1912 1924 1925
f 1912 1925 1913
f 1913 1925 1926
f 1913 1926 1914
f 1914 1926 1927
f 1914 1927 1915
f 1915 1927 1928
f 1915 1928 1916
f 1916 1928 1929
f 1916 1929 1917
f 1917 1929 1930
f 1917 1930 1918
f 1918 1930 1931
f 1918 1931 1919
f 1919 1931 1932
f 1919 1932 1920
f 1920 1932 1933
f 1920 1933 1921
f 1921 1933 1934
f 1921 1934 1922
f 1922 1934 1935
f 1922 1935 1923
f 1923 1935 1936
f 1923 1936 610
f 610 1936 612
f 1924 1937 1925
f 1925 1937 1938
f 1925 1938 1926
f 1926 1938 1939
f 1926 1939 1927
f 1927 1939 1940
f 1927 1940 1928
f 1928 1940 1941
f 1928 1941 1929
f 1929 1941 1942
f 1929 1942 1930
f 1930 1942 1943
f 1930 1943 1931
f 1931 1943 1944
f 1931 1944 1932
f 1932 1944 1945
f 1932 1945 1933
f 1933 1945 1946
f 1933 1946 1934
f 1934 1946 1947
f 1934 1947 1935
f 1935 1947 1948
f 1935 1948 1936
f 1936 1948 1949
f 1936 1949 612
f 612 1949 614
f 1937 1950 1938
f 1938 1950 1951
f 1938 1951 1939
f 1939 1951 1952
f 1939 1952 1940
f 1940 1952 1953
f 1940 1953 1941
f 1941 1953 1954
f 1941 1954 1942
f 1942 1954 1955
f 1942 1955 1943
f 1943 1955 1956
f 1943 1956 1944
f 1944 1956 1957
f 1944 1957 1945
f 1945 1957 1958
f 1945 1958 1946
f 1946 1958 1959
f 1946 1959 1947
f 1947 1959 1960
f 1947 1960 1948
f 1948 1960 1961
f 1948 1961 1949
f 1949 1961 1962
f 1949 1962 614
f 614 1962 616
f 1950 1963 1951
f 1951 1963 1964
f 1951 1964 1952
f 1952 1964 1965
f 1952 1965 1953
f 1953 1965 1966
f 1953 1966 1954
f 1954 1966 1967
f 1954 1967 1955
f 1955 1967 1968
f 1955 1968 1956
f 1956 1968 1969
f 1956 1969 1957
f 1957 1969 1970
f 1957 1970 1958
f 1958 1970 1971
f 1958 1971 1959
f 1959 1971 1972
f 1959 1972 1960
f 1960 1972 1973
f 1960 1973 1961
f 1961 1973 1974
f 1961 1974 1962
f 1962 1974 1975
f 1962 1975 616
f 616 1975 618
f 1963 1976 1964
f 1964 1976 1977
f 1964 1977 1965
f 1965 1977 1978
f 1965 1978 1966
f 1966 1978 1979
f 1966 1979 1967
f 1967 1979 1980
f 1967 1980 1968
f 1968 1980 1981
f 1968 1981 1969
f 1969 1981 1982
f 1969 1982 1970
f 1970 1982 1983
f 1970 1983 1971
f 1971 1983 1984
f 1971 1984 1972
f 1972 1984 1985
f 1972 1985 1973
f 1973 1985 1986
f 1973 1986 1974
f 1974 1986 1987
f 1974 1987 1975
f 1975 1987 1988
f 1975 1988 618
f 618 1988 620
f 1976 1989 1977
f 1977 1989 1990
f 1977 1990 1978
f 1978 1990 1991
f 1978 1991 1979
f 1979 1991 1992
f 1979 1992 1980
f 1980 1992 1993
f 1980 1993 1981
f 1981 1993 1994
f 1981 1994 1982
f 1982 1994 1995
f 1982 1995 1983
f 1983 1995 1996
f 1983 1996 1984
f 1984 1996 1997
f 1984 1997 1985
f 1985 1997 1998
f 1985 1998 1986
f 1986 1998 1999
f 1986 1999 1987
f 1987 1999 2000
f 1987 2000 1988
f 1988 2000 2001
f 1988 2001 620
f 620 2001 622
f 1989 2002 1990
f 1990 2002 2003
f 1990 2003 1991
f 1991 2003 2004
f 1991 2004 1992
f 1992 2004 2005
f 1992 2005 1993
f 1993 2005 2006
f 1993 2006 1994
f 1994 2006 2007
f 1994 2007 1995
f 1995 2007 2008
f 1995 2008 1996
f 1996 2008 2009
f 1996 2009 1997
f 1997 2009 2010
f 1997 2010 1998
f 1998 2010 2011
f 1998 2011 1999
f 1999 2011 2012
f 1999 2012 2000
f 2000 2012 2013
f 2000 2013 2001
f 2001 2013 2014
f 2001 2014 622
f 622 2014 624
f 2002 2015 2003
f 2003 2015 2016
f 2003 2016 2004
f 2004 2016 2017
f 2004 2017 2005
f 2005 2017 2018
f 2005 2018 2006
f 2006 2018 2019
f 2006 2019 2007
f 2007 2019 2020
f 2007 2020 2008
f 2008 2020 2021
f 2008 2021 2009
f 2009 2021 2022
f 2009 2022 2010
f 2010 2022 2023
f 2010 2023 2011
f 2011 2023 2024
f 2011 2024 2012
f 2012 2024 2025
f 2012 2025 2013
f 2013 2025 2026
f 2013 2026 2014
f 2014 2026 2027
f 2014 2027 624
f 624 2027 626
f 2015 2028 2016
f 2016 2028 2029
f 2016 2029 2017
f 2017 2029 2030
f 2017 2030 2018
f 2018 2030 2031
f 2018 2031 2019
f 2019 2031 2032
f 2019 2032 2020
f 2020 2032 2033
f 2020 2033 2021
f 2021 2033 2034
f 2021 2034 2022
f 2022 2034 2035
f 2022 2035 2023
f 2023 2035 2036
f 2023 2036 2024
f 2024 2036 2037
f 2024 2037 2025
f 2025 2037 2038
f 2025 2038 2026
f 2026 2038 2039
f 2026 2039 2027
f 2027 2039 2040
f 2027 2040 626
f 626 2040 628
f 2028 2041 2029
f 2029 2041 2042
f 2029 2042 2030
f 2030 2042 2043
f 2030 2043 2031
f 2031 2043 2044
f 2031 2044 2032
f 2032 2044 2045
f 2032 2045 2033
f 2033 2045 2046
f 2033 2046 2034
f 2034 2046 2047
f 2034 2047 2035
f 2035 2047 2048
f 2035 2048 2036
f 2036 2048 2049
f 2036 2049 2037
f 2037 2049 2050
f 2037 2050 2038
f 2038 2050 2051
f 2038 2051 2039
f 2039 2051 2052
f 2039 2052 2040
f 2040 2052 2053
f 2040 2053 628
f 628 2053 630
f 2041 2054 2042
f 2042 2054 2055
f 2042 2055 2043
f 2043 2055 2056
f 2043 2056 2044
f 2044 2056 2057
f 2044 2057 2045
f 2045 2057 2058
f 2045 2058 2046
f 2046 2058 2059
f 2046 2059 2047
f 2047 2059 2060
f 2047 2060 2048
f 2048 2060 2061
f 2048 2061 2049
f 2049 2061 2062
f 2049 2062 2050
f 2050 2062 2063
f 2050 2063 2051
f 2051 2063 2064
f 2051 2064 2052
f 2052 2064 2065
f 2052 2065 2053
f 2053 2065 2066
f 2053 2066 630
f 630 2066 632
f 2054 2067 2055
f 2055 2067 2068
f 2055 2068 2056
f 2056 2068 2069
f 2056 2069 2057
f 2057 2069 2070
f 2057 2070 2058
f 2058 2070 2071
f 2058 2071 2059
f 2059 2071 2072
f 2059 2072 2060
f 2060 2072 2073
f 2060 2073 2061
f 2061 2073 2074
f 2061 2074 2062
f 2062 2074 2075
f 2062 2075 2063
f 2063 2075 2076
f 2063 2076 2064
f 2064 2076 2077
f 2064 2077 2065
f 2065 2077 2078
f 2065 2078 2066
f 2066 2078 2079
f 2066 2079 632
f 632 2079 634
f 2067 2080 2068
f 2068 2080 2081
f 2068 2081 2069
f 2069 2081 2082
f 2069 2082 2070
f 2070 2082 2083
f 2070 2083 2071
f 2071 2083 2084
f 2071 2084 2072
f 2072 2084 2085
f 2072 2085 2073
f 2073 2085 2086
f 2073 2086 2074
f 2074 2086 2087
f 2074 2087 2075
f 2075 2087 2088
f 2075 2088 2076
f 2076 2088 2089
f 2076 2089 2077
f 2077 2089 2090
f 2077 2090 2078
f 2078 2090 2091
f 2078 2091 2079
f 2079 2091 2092
f 2079 2092 634
f 634 2092 636
f 2080 2093 2081
f 2081 2093 2094
f 2081 2094 2082
f 2082 2094 2095
f 2082 2095 2083
f 2083 2095 2096
f 2083 2096 2084
f 2084 2096 2097
f 2084 2097 2085
f 2085 2097 2098
f 2085 2098 2086
f 2086 2098 2099
f 2086 2099 2087
f 2087 2099 2100
f 2087 2100 2088
f 2088 2100 2101
f 2088 2101 2089
f 2089 2101 2102
f 2089 2102 2090
f 2090 2102 2103
f 2090 2103 2091
f 2091 2103 2104
f 2091 2104 2092
f 2092 2104 2105
f 2092 2105 636
f 636 2105 638
f 2093 2106 2094
f 2094 2106 2107
f 2094 2107 2095
f 2095 2107 2108
f 2095 2108 2096
f 2096 2108 2109
f 2096 2109 2097
f 2097 2109 2110
f 2097 2110 2098
f 2098 2110 2111
f 2098 2111 2099
f 2099 2111 2112
f 2099 2112 2100
f 2100 2112 2113
f 2100 2113 2101
f 2101 2113 2114
f 2101 2114 2102
f 2102 2114 2115
f 2102 2115 2103
f 2103 2115 2116
f 2103 2116 2104
f 2104 2116 2117
f 2104 2117 2105
f 2105 2117 2118
f 2105 2118 638
f 638 2118 640
f 2106 2119 2107
f 2107 2119 2120
f 2107 2120 2108
f 2108 2120 2121
f 2108 2121 2109
f 2109 2121 2122
f 2109 2122 2110
f 2110 2122 2123
f 2110 2123 2111
f 2111 2123 2124
f 2111 2124 2112
f 2112 2124 2125
f 2112 2125 2113
f 2113 2125 2126
f 2113 2126 2114
f 2114 2126 2127
f 2114 2127 2115
f 2115 2127 2128
f 2115 2128 2116
f 2116 2128 2129
f 2116 2129 2117
f 2117 2129 2130
f 2117 2130 2118
f 2118 2130 2131
f 2118 2131 640
f 640 2131 642
f 2119 2132 2120
f 2120 2132 2133
f 2120 2133 2121
f 2121 2133 2134
f 2121 2134 2122
f 2122 2134 2135
f 2122 2135 2123
f 2123 2135 2136
f 2123 2136 2124
f 2124 2136 2137
f 2124 2137 2125
f 2125 2137 2138
f 2125 2138 2126
f 2126 2138 2139
f 2126 2139 2127
f 2127 2139 2140
f 2127 2140 2128
f 2128 2140 2141
f 2128 2141 2129
f 2129 2141 2142
f 2129 2142 2130
f 2130 2142 2143
f 2130 2143 2131
f 2131 2143 2144
f 2131 2144 642
f 642 2144 644
f 2133 2132 2145
f 2145 2132 2146
f 2145 2146 2147
f 2147 2146 2148
f 2147 2148 2149
f 2149 2148 2150
f 2149 2150 2151
f 2151 2150 2152
f 2151 2152 2153
f 2153 2152 2154
f 2153 2154 2155
f 2155 2154 2156
f 2155 2156 2157
f 2157 2156 2158
f 2157 2158 2159
f 2159 2158 2160
f 2159 2160 2161
f 2161 2160 2162
f 2161 2162 2163
f 2163 2162 2164
f 2163 2164 2165
f 2165 2164 2166
f 2165 2166 2167
f 2167 2166 2168
f 2167 2168 2169
f 2169 2168 2170
f 2169 2170 2171
f 2171 2170 2172
f 2171 2172 2173
f 2173 2172 2174
f 2173 2174 2175
f 2175 2174 2176
f 2175 2176 2177
f 2177 2176 2178
f 2177 2178 2179
f 2179 2178 2180
f 2179 2180 2181
f 2181 2180 2182
f 2181 2182 2183
f 2183 2182 2184
f 2183 2184 2185
f 2185 2184 2186
f 2185 2186 2187
f 2187 2186 2188
f 2187 2188 2189
f 2189 2188 2190
f 2189 2190 2191
f 2191 2190 2192
f 2191 2192 2193
f 2193 2192 2194
f 2193 2194 2195
f 2195 2194 2196
f 2195 2196 2197
f 2197 2196 2198
f 2197 2198 2199
f 2199 2198 2200
f 2199 2200 2201
f 2201 2200 2202
f 2201 2202 2203
f 2203 2202 2204
f 2203 2204 2205
f 2205 2204 2206
f 2205 2206 2207
f 2207 2206 2208
f 2207 2208 2209
f 2209 2208 2210
f 2209 2210 2211
f 2211 2210 2212
f 2211 2212 2213
f 2213 2212 2214
f 2213 2214 2215
f 2215 2214 2216
f 2215 2216 2217
f 2217 2216 2218
f 2217 2218 2219
f 2219 2218 2220
f 2219 2220 2221
f 2221 2220 2222
f 2221 2222 2223
f 2223 2222 2224
f 2223 2224 2225
f 2225 2224 2226
f 2225 2226 2227
f 2227 2226 2228
f 2227 2228 2229
f 2229 2228 2230
f 2229 2230 708
f 708 2230 710
f 2206 2231 2208
f 2208 2231 2232
f 2208 2232 2210
f 2210 2232 2233
f 2210 2233 2212
f 2212 2233 2234
f 2212 2234 2214
f 2214 2234 2235
f 2214 2235 2216
f 2216 2235 2236
f 2216 2236 2218
f 2218 2236 2237
f 2218 2237 2220
f 2220 2237 2238
f 2220 2238 2222
f 2222 2238 2239
f 2222 2239 2224
f 2224 2239 2240
f 2224 2240 2226
f 2226 2240 2241
f 2226 2241 2228
f 2228 2241 2242
f 2228 2242 2230
f 2230 2242 2243
f 2230 2243 710
f 710 2243 712
f 2231 2244 2232
f 2232 2244 2245
f 2232 2245 2233
f 2233 2245 2246
f 2233 2246 2234
f 2234 2246 2247
f 2234 2247 2235
f 2235 2247 2248
f 2235 2248 2236
f 2236 2248 2249
f 2236 2249 2237
f 2237 2249 2250
f 2237 2250 2238
f 2238 2250 2251
f 2238 2251 2239
f 2239 2251 2252
f 2239 2252 2240
f 2240 2252 2253
f 2240 2253 2241
f 2241 2253 2254
f 2241 2254 2242
f 2242 2254 2255
f 2242 2255 2243
f 2243 2255 2256
f 2243 2256 712
f 712 2256 714
f 2244 2257 2245
f 2245 2257 2258
f 2245 2258 2246
f 2246 2258 2259
f 2246 2259 2247
f 2247 2259 2260
f 2247 2260 2248
f 2248 2260 2261
f 2248 2261 2249
f 2249 2261 2262
f 2249 2262 2250
f 2250 2262 2263
f 2250 2263 2251
f 2251 2263 2264
f 2251 2264 2252
f 2252 2264 2265
f 2252 2265 2253
f 2253 2265 2266
f 2253 2266 2254
f 2254 2266 2267
f 2254 2267 2255
f 2255 2267 2268
f 2255 2268 2256
f 2256 2268 2269
f 2256 2269 714
f 714 2269 716
f 2257 2270 2258
f 2258 2270 2271
f 2258 2271 2259
f 2259 2271 2272
f 2259 2272 2260
f 2260 2272 2273
f 2260 2273 2261
f 2261 2273 2274
f 2261 2274 2262
f 2262 2274 2275
f 2262 2275 2263
f 2263 2275 2276
f 2263 2276 2264
f 2264 2276 2277
f 2264 2277 2265
f 2265 2277 2278
f 2265 2278 2266
f 2266 2278 2279
f 2266 2279 2267
f 2267 2279 2280
f 2267 2280 2268
f 2268 2280 2281
f 2268 2281 2269
f 2269 2281 2282
f 2269 2282 716
f 716 2282 718
f 2270 2283 2271
f 2271 2283 2284
f 2271 2284 2272
f 2272 2284 2285
f 2272 2285 2273
f 2273 2285 2286
f 2273 2286 2274
f 2274 2286 2287
f 2274 2287 2275
f 2275 2287 2288
f 2275 2288 2276
f 2276 2288 2289
f 2276 2289 2277
f 2277 2289 2290
f 2277 2290 2278
f 2278 2290 2291
f 2278 2291 2279
f 2279 2291 2292
f 2279 2292 2280
f 2280 2292 2293
f 2280 2293 2281
f 2281 2293 2294
f 2281 2294 2282
f 2282 2294 2295
f 2282 2295 718
f 718 2295 720
f 2283 2296 2284
f 2284 2296 2297
f 2284 2297 2285
f 2285 2297 2298
f 2285 2298 2286
f 2286 2298 2299
f 2286 2299 2287
f 2287 2299 2300
f 2287 2300 2288
f 2288 2300 2301
f 2288 2301 2289
f 2289 2301 2302
f 2289 2302 2290
f 2290 2302 2303
f 2290 2303 2291
f 2291 2303 2304
f 2291 2304 2292
f 2292 2304 2305
f 2292 2305 2293
f 2293 2305 2306
f 2293 2306 2294
f 2294 2306 2307
f 2294 2307 2295
f 2295 2307 2308
f 2295 2308 720
f 720 2308 722
f 2296 2309 2297
f 2297 2309 2310
f 2297 2310 2298
f 2298 2310 2311
f 2298 2311 2299
f 2299 2311 2312
f 2299 2312 2300
f 2300 2312 2313
f 2300 2313 2301
f 2301 2313 2314
f 2301 2314 2302
f 2302 2314 2315
f 2302 2315 2303
f 2303 2315 2316
f 2303 2316 2304
f 2304 2316 2317
f 2304 2317 2305
f 2305 2317 2318
f 2305 2318 2306
f 2306 2318 2319
f 2306 2319 2307
f 2307 2319 2320
f 2307 2320 2308
f 2308 2320 2321
f 2308 2321 722
f 722 2321 724
f 2309 2322 2310
f 2310 2322 2323
f 2310 2323 2311
f 2311 2323 2324
f 2311 2324 2312
f 2312 2324 2325
f 2312 2325 2313
f 2313 2325 2326
f 2313 2326 2314
f 2314 2326 2327
f 2314 2327 2315
f 2315 2327 2328
f 2315 2328 2316
f 2316 2328 2329
f 2316 2329 2317
f 2317 2329 2330
f 2317 2330 2318
f 2318 2330 2331
f 2318 2331 2319
f 2319 2331 2332
f 2319 2332 2320
f 2320 2332 2333
f 2320 2333 2321
f 2321 2333 2334
f 2321 2334 724
f 724 2334 726
f 2322 2335 2323
f 2323 2335 2336
f 2323 2336 2324
f 2324 2336 2337
f 2324 2337 2325
f 2325 2337 2338
f 2325 2338 2326
f 2326 2338 2339
f 2326 2339 2327
f 2327 2339 2340
f 2327 2340 2328
f 2328 2340 2341
f 2328 2341 2329
f 2329 2341 2342
f 2329 2342 2330
f 2330 2342 2343
f 2330 2343 2331
f 2331 2343 2344
f 2331 2344 2332
f 2332 2344 2345
f 2332 2345 2333
f 2333 2345 2346
f 2333 2346 2334
f 2334 2346 2347
f 2334 2347 726
f 726 2347 728
f 2335 2348 2336
f 2336 2348 2349
f 2336 2349 2337
f 2337 2349 2350
f 2337 2350 2338
f 2338 2350 2351
f 2338 2351 2339
f 2339 2351 2352
f 2339 2352 2340
f 2340 2352 2353
f 2340 2353 2341
f 2341 2353 2354
f 2341 2354 2342
f 2342 2354 2355
f 2342 2355 2343
f 2343 2355 2356
f 2343 2356 2344
f 2344 2356 2357
f 2344 2357 2345
f 2345 2357 2358
f 2345 2358 2346
f 2346 2358 2359
f 2346 2359 2347
f 2347 2359 2360
f 2347 2360 728
f 728 2360 730
f 2348 2361 2349
f 2349 2361 2362
f 2349 2362 2350
f 2350 2362 2363
f 2350 2363 2351
f 2351 2363 2364
f 2351 2364 2352
f 2352 2364 2365
f 2352 2365 2353
f 2353 2365 2366
f 2353 2366 2354
f 2354 2366 2367
f 2354 2367 2355
f 2355 2367 2368
f 2355 2368 2356
f 2356 2368 2369
f 2356 2369 2357
f 2357 2369 2370
f 2357 2370 2358
f 2358 2370 2371
f 2358 2371 2359
f 2359 2371 2372
f 2359 2372 2360
f 2360 2372 2373
f 2360 2373 730
f 730 2373 732
f 2361 2374 2362
f 2362 2374 2375
f 2362 2375 2363
f 2363 2375 2376
f 2363 2376 2364
f 2364 2376 2377
f 2364 2377 2365
f 2365 2377 2378
f 2365 2378 2366
f 2366 2378 2379
f 2366 2379 2367
f 2367 2379 2380
f 2367 2380 2368
f 2368 2380 2381
f 2368 2381 2369
f 2369 2381 2382
f 2369 2382 2370
f 2370 2382 2383
f 2370 2383 2371
f 2371 2383 2384
f 2371 2384 2372
f 2372 2384 2385
f 2372 2385 2373
f 2373 2385 2386
f 2373 2386 732
f 732 2386 734
f 2374 2387 2375
f 2375 2387 2388
f 2375 2388 2376
f 2376 2388 2389
f 2376 2389 2377
f 2377 2389 2390
f 2377 2390 2378
f 2378 2390 2391
f 2378 2391 2379
f 2379 2391 2392
f 2379 2392 2380
f 2380 2392 2393
f 2380 2393 2381
f 2381 2393 2394
f 2381 2394 2382
f 2382 2394 2395
f 2382 2395 2383
f 2383 2395 2396
f 2383 2396 2384
f 2384 2396 2397
f 2384 2397 2385
f 2385 2397 2398
f 2385 2398 2386
f 2386 2398 2399
f 2386 2399 734
f 734 2399 736
f 2387 2400 2388
f 2388 2400 2401
f 2388 2401 2389
f 2389 2401 2402
f 2389 2402 2390
f 2390 2402 2403
f 2390 2403 2391
f 2391 2403 2404
f 2391 2404 2392
f 2392 2404 2405
f 2392 2405 2393
f 2393 2405 2406
f 2393 2406 2394
f 2394 2406 2407
f 2394 2407 2395
f 2395 2407 2408
f 2395 2408 2396
f 2396 2408 2409
f 2396 2409 2397
f 2397 2409 2410
f 2397 2410 2398
f 2398 2410 2411
f 2398 2411 2399
f 2399 2411 2412
f 2399 2412 736
f 736 2412 738
f 2400 2413 2401
f 2401 2413 2414
f 2401 2414 2402
f 2402 2414 2415
f 2402 2415 2403
f 2403 2415 2416
f 2403 2416 2404
f 2404 2416 2417
f 2404 2417 2405
f 2405 2417 2418
f 2405 2418 2406
f 2406 2418 2419
f 2406 2419 2407
f 2407 2419 2420
f 2407 2420 2408
f 2408 2420 2421
f 2408 2421 2409
f 2409 2421 2422
f 2409 2422 2410
f 2410 2422 2423
f 2410 2423 2411
f 2411 2423 2424
f 2411 2424 2412
f 2412 2424 2425
f 2412 2425 738
f 738 2425 740
f 2413 2426 2414
f 2414 2426 2427
f 2414 2427 2415
f 2415 2427 2428
f 2415 2428 2416
f 2416 2428 2429
f 2416 2429 2417
f 2417 2429 2430
f 2417 2430 2418
f 2418 2430 2431
f 2418 2431 2419
f 2419 2431 2432
f 2419 2432 2420
f 2420 2432 2433
f 2420 2433 2421
f 2421 2433 2434
f 2421 2434 2422
f 2422 2434 2435
f 2422 2435 2423
f 2423 2435 2436
f 2423 2436 2424
f 2424 2436 2437
f 2424 2437 2425
f 2425 2437 2438
f 2425 2438 740
f 740 2438 742
f 2426 2439 2427
f 2427 2439 2440
f 2427 2440 2428
f 2428 2440 2441
f 2428 2441 2429
f 2429 2441 2442
f 2429 2442 2430
f 2430 2442 2443
f 2430 2443 2431
f 2431 2443 2444
f 2431 2444 2432
f 2432 2444 2445
f 2432 2445 2433
f 2433 2445 2446
f 2433 2446 2434
f 2434 2446 2447
f 2434 2447 2435
f 2435 2447 2448
f 2435 2448 2436
f 2436 2448 2449
f 2436 2449 2437
f 2437 2449 2450
f 2437 2450 2438
f 2438 2450 2451
f 2438 2451 742
f 742 2451 744
f 2439 2452 2440
f 2440 2452 2453
f 2440 2453 2441
f 2441 2453 2454
f 2441 2454 2442
f 2442 2454 2455
f 2442 2455 2443
f 2443 2455 2456
f 2443 2456 2444
f 2444 2456 2457
f 2444 2457 2445
f 2445 2457 2458
f 2445 2458 2446
f 2446 2458 2459
f 2446 2459 2447
f 2447 2459 2460
f 2447 2460 2448
f 2448 2460 2461
f 2448 2461 2449
f 2449 2461 2462
f 2449 2462 2450
f 2450 2462 2463
f 2450 2463 2451
f 2451 2463 2464
f 2451 2464 744
f 744 2464 746
f 2452 2465 2453
f 2453 2465 2466
f 2453 2466 2454
f 2454 2466 2467
f 2454 2467 2455
f 2455 2467 2468
f 2455 2468 2456
f 2456 2468 2469
f 2456 2469 2457
f 2457 2469 2470
f 2457 2470 2458
f 2458 2470 2471
f 2458 2471 2459
f 2459 2471 2472
f 2459 2472 2460
f 2460 2472 2473
f 2460 2473 2461
f 2461 2473 2474
f 2461 2474 2462
f 2462 2474 2475
f 2462 2475 2463
f 2463 2475 2476
f 2463 2476 2464
f 2464 2476 934
f 2464 934 746
f 2465 2477 2466
f 2466 2477 2478
f 2466 2478 2467
f 2467 2478 2479
f 2467 2479 2468
f 2468 2479 2480
f 2468 2480 2469
f 2469 2480 2481
f 2469 2481 2470
f 2470 2481 2482
f 2470 2482 2471
f 2471 2482 2483
f 2471 2483 2472
f 2472 2483 2484
f 2472 2484 2473
f 2473 2484 2485
f 2473 2485 2474
f 2474 2485 2486
f 2474 2486 2475
f 2475 2486 2487
f 2475 2487 2476
f 2476 2487 932
f 2476 932 934
f 2477 2488 2478
f 2478 2488 2489
f 2478 2489 2479
f 2479 2489 2490
f 2479 2490 2480
f 2480 2490 2491
f 2480 2491 2481
f 2481 2491 2492
f 2481 2492 2482
f 2482 2492 2493
f 2482 2493 2483
f 2483 2493 2494
f 2483 2494 2484
f 2484 2494 2495
f 2484 2495 2485
f 2485 2495 2496
f 2485 2496 2486
f 2486 2496 2497
f 2486 2497 2487
f 2487 2497 930
f 2487 930 932
f 2488 2498 2489
f 2489 2498 2499
f 2489 2499 2490
f 2490 2499 2500
f 2490 2500 2491
f 2491 2500 2501
f 2491 2501 2492
f 2492 2501 2502
f 2492 2502 2493
f 2493 2502 2503
f 2493 2503 2494
f 2494 2503 2504
f 2494 2504 2495
f 2495 2504 2505
f 2495 2505 2496
f 2496 2505 2506
f 2496 2506 2497
f 2497 2506 928
f 2497 928 930
f 2498 2507 2499
f 2499 2507 2508
f 2499 2508 2500
f 2500 2508 2509
f 2500 2509 2501
f 2501 2509 2510
f 2501 2510 2502
f 2502 2510 2511
f 2502 2511 2503
f 2503 2511 2512
f 2503 2512 2504
f 2504 2512 2513
f 2504 2513 2505
f 2505 2513 2514
f 2505 2514 2506
f 2506 2514 926
f 2506 926 928
f 2507 2515 2508
f 2508 2515 2516
f 2508 2516 2509
f 2509 2516 2517
f 2509 2517 2510
f 2510 2517 2518
f 2510 2518 2511
f 2511 2518 2519
f 2511 2519 2512
f 2512 2519 2520
f 2512 2520 2513
f 2513 2520 2521
f 2513 2521 2514
f 2514 2521 924
f 2514 924 926
f 2515 2522 2516
f 2516 2522 2523
f 2516 2523 2517
f 2517 2523 2524
f 2517 2524 2518
f 2518 2524 2525
f 2518 2525 2519
f 2519 2525 2526
f 2519 2526 2520
f 2520 2526 2527
f 2520 2527 2521
f 2521 2527 922
f 2521 922 924
f 2522 2528 2523
f 2523 2528 2529
f 2523 2529 2524
f 2524 2529 2530
f 2524 2530 2525
f 2525 2530 2531
f 2525 2531 2526
f 2526 2531 2532
f 2526 2532 2527
f 2527 2532 920
f 2527 920 922
f 2528 2533 2529
f 2529 2533 2534
f 2529 2534 2530
f 2530 2534 2535
f 2530 2535 2531
f 2531 2535 2536
f 2531 2536 2532
f 2532 2536 918
f 2532 918 920
f 2533 2537 2534
f 2534 2537 2538
f 2534 2538 2535
f 2535 2538 2539
f 2535 2539 2536
f 2536 2539 916
f 2536 916 918
f 2537 2540 2538
f 2538 2540 2541
f 2538 2541 2539
f 2539 2541 914
f 2539 914 916
f 2540 2542 2541
f 2541 2542 912
f 2541 912 914
f 2542 910 912
f 851 2543 849
f 849 2543 2544
f 849 2544 847
f 847 2544 2545
f 847 2545 845
f 845 2545 2546
f 845 2546 843
f 843 2546 2547
f 843 2547 841
f 841 2547 2548
f 841 2548 839
f 839 2548 2549
f 839 2549 837
f 837 2549 2550
f 837 2550 835
f 835 2550 2551
f 835 2551 833
f 833 2551 2552
f 833 2552 831
f 2544 2543 2553
f 2553 2543 2554
f 2553 2554 2555
f 2555 2554 2556
f 2555 2556 2557
f 2557 2556 2558
f 2557 2558 2559
f 2559 2558 2560
f 2559 2560 2561
f 2561 2560 2562
f 2561 2562 2563
f 2563 2562 2564
f 2563 2564 2565
f 2565 2564 2566
f 2565 2566 2567
f 2567 2568 2565
f 2565 2568 2569
f 2565 2569 2563
f 2563 2569 2570
f 2563 2570 2561
f 2561 2570 2571
f 2561 2571 2559
f 2559 2571 2572
f 2559 2572 2557
f 2557 2572 2573
f 2557 2573 2555
f 2555 2573 2574
f 2555 2574 2553
f 2553 2574 2545
f 2553 2545 2544
f 2568 2575 2569
f 2569 2575 2576
f 2569 2576 2570
f 2570 2576 2577
f 2570 2577 2571
f 2571 2577 2578
f 2571 2578 2572
f 2572 2578 2579
f 2572 2579 2573
f 2573 2579 2580
f 2573 2580 2574
f 2574 2580 2546
f 2574 2546 2545
f 2575 2581 2576
f 2576 2581 2582
f 2576 2582 2577
f 2577 2582 2583
f 2577 2583 2578
f 2578 2583 2584
f 2578 2584 2579
f 2579 2584 2585
f 2579 2585 2580
f 2580 2585 2547
f 2580 2547 2546
f 2581 2586 2582
f 2582 2586 2587
f 2582 2587 2583
f 2583 2587 2588
f 2583 2588 2584
f 2584 2588 2589
f 2584 2589 2585
f 2585 2589 2548
f 2585 2548 2547
f 2586 2590 2587
f 2587 2590 2591
f 2587 2591 2588
f 2588 2591 2592
f 2588 2592 2589
f 2589 2592 2549
f 2589 2549 2548
f 2590 2593 2591
f 2591 2593 2594
f 2591 2594 2592
f 2592 2594 2550
f 2592 2550 2549
f 2593 2595 2594
f 2594 2595 2551
f 2594 2551 2550
f 2595 2552 2551
f 827 2596 825
f 825 2596 2597
f 825 2597 823
f 823 2597 2598
f 823 2598 821
f 821 2598 2599
f 821 2599 819
f 819 2599 2600
f 819 2600 817
f 817 2600 2601
f 817 2601 815
f 815 2601 2602
f 815 2602 813
f 813 2602 2603
f 813 2603 811
f 811 2603 2604
f 811 2604 809
f 809 2604 2605
f 809 2605 807
f 807 2605 2606
f 807 2606 805
f 805 2606 2607
f 805 2607 803
f 803 2607 2608
f 803 2608 801
f 801 2608 2609
f 801 2609 799
f 799 2609 2610
f 799 2610 797
f 797 2610 2611
f 797 2611 795
f 795 2611 2612
f 795 2612 793
f 793 2612 2613
f 793 2613 791
f 791 2613 2614
f 791 2614 789
f 789 2614 2615
f 789 2615 787
f 787 2615 2616
f 787 2616 785
f 785 2616 2617
f 785 2617 783
f 783 2617 2618
f 783 2618 781
f 781 2618 2619
f 781 2619 779
f 779 2619 2620
f 779 2620 777
f 777 2620 2621
f 777 2621 775
f 775 2621 2622
f 775 2622 773
f 773 2622 2623
f 773 2623 771
f 771 2623 2624
f 771 2624 769
f 769 2624 2625
f 769 2625 767
f 767 2625 2626
f 767 2626 765
f 765 2626 2627
f 765 2627 763
f 763 2627 2628
f 763 2628 761
f 761 2628 2629
f 761 2629 759
f 759 2629 2630
f 759 2630 757
f 757 2630 2631
f 757 2631 755
f 755 2631 2632
f 755 2632 753
f 753 2632 2633
f 753 2633 751
f 751 2633 2634
f 751 2634 749
f 749 2634 2635
f 749 2635 747
f 747 2635 2636
f 747 2636 745
f 745 2636 2637
f 745 2637 743
f 743 2637 2638
f 743 2638 741
f 741 2638 2639
f 741 2639 739
f 739 2639 2640
f 739 2640 737
f 737 2640 2641
f 737 2641 735
f 735 2641 2642
f 735 2642 733
f 733 2642 2643
f 733 2643 731
f 731 2643 2644
f 731 2644 729
f 729 2644 2645
f 729 2645 727
f 727 2645 2646
f 727 2646 725
f 725 2646 2647
f 725 2647 723
f 723 2647 2648
f 723 2648 721
f 721 2648 2649
f 721 2649 719
f 719 2649 2650
f 719 2650 717
f 717 2650 2651
f 717 2651 715
f 715 2651 2652
f 715 2652 713
f 713 2652 2653
f 713 2653 711
f 711 2653 2654
f 711 2654 709
f 709 2654 2655
f 709 2655 707
f 707 2655 2656
f 707 2656 705
f 705 2656 2657
f 705 2657 703
f 703 2657 2658
f 703 2658 701
f 701 2658 2659
f 701 2659 699
f 699 2659 2660
f 699 2660 697
f 697 2660 2661
f 697 2661 695
f 695 2661 2662
f 695 2662 693
f 693 2662 2663
f 693 2663 691
f 691 2663 2664
f 691 2664 689
f 689 2664 2665
f 689 2665 687
f 687 2665 2666
f 687 2666 685
f 685 2666 2667
f 685 2667 683
f 683 2667 2668
f 683 2668 681
f 681 2668 2669
f 681 2669 679
f 679 2669 2670
f 679 2670 677
f 677 2670 2671
f 677 2671 675
f 675 2671 2672
f 675 2672 673
f 673 2672 2673
f 673 2673 671
f 671 2673 2674
f 671 2674 669
f 669 2674 2675
f 669 2675 667
f 667 2675 2676
f 667 2676 665
f 665 2676 2677
f 665 2677 663
f 663 2677 2678
f 663 2678 661
f 661 2678 2679
f 661 2679 659
f 659 2679 2680
f 659 2680 657
f 657 2680 2681
f 657 2681 655
f 655 2681 2682
f 655 2682 653
f 653 2682 2683
f 653 2683 651
f 651 2683 2684
f 651 2684 649
f 649 2684 2685
f 649 2685 647
f 647 2685 2686
f 647 2686 645
f 645 2686 2687
f 645 2687 643
f 643 2687 2688
f 643 2688 641
f 641 2688 2689
f 641 2689 639
f 639 2689 2690
f 639 2690 637
f 637 2690 2691
f 637 2691 635
f 635 2691 2692
f 635 2692 633
f 633 2692 2693
f 633 2693 631
f 631 2693 2694
f 631 2694 629
f 629 2694 2695
f 629 2695 627
f 627 2695 2696
f 627 2696 625
f 625 2696 2697
f 625 2697 623
f 623 2697 2698
f 623 2698 621
f 621 2698 2699
f 621 2699 619
f 619 2699 2700
f 619 2700 617
f 617 2700 2701
f 617 2701 615
f 615 2701 2702
f 615 2702 613
f 613 2702 2703
f 613 2703 611
f 611 2703 2704
f 611 2704 609
f 609 2704 2705
f 609 2705 607
f 607 2705 2706
f 607 2706 605
f 605 2706 2707
f 605 2707 603
f 603 2707 2708
f 603 2708 601
f 601 2708 2709
f 601 2709 599
f 599 2709 2710
f 599 2710 597
f 597 2710 2711
f 597 2711 595
f 595 2711 2712
f 595 2712 593
f 593 2712 2713
f 593 2713 591
f 591 2713 2714
f 591 2714 589
f 589 2714 2715
f 589 2715 587
f 587 2715 2716
f 587 2716 585
f 585 2716 2717
f 585 2717 583
f 583 2717 2718
f 583 2718 581
f 581 2718 2719
f 581 2719 579
f 579 2719 2720
f 579 2720 577
f 577 2720 2721
f 577 2721 575
f 575 2721 2722
f 575 2722 573
f 573 2722 2723
f 573 2723 571
f 571 2723 2724
f 571 2724 569
f 569 2724 2725
f 569 2725 567
f 567 2725 2726
f 567 2726 565
f 565 2726 2727
f 565 2727 563
f 563 2727 2728
f 563 2728 561
f 561 2728 2729
f 561 2729 559
f 559 2729 2730
f 559 2730 557
f 557 2730 2731
f 557 2731 555
f 555 2731 2732
f 555 2732 553
f 553 2732 2733
f 553 2733 551
f 551 2733 2734
f 551 2734 549
f 549 2734 2735
f 549 2735 547
f 547 2735 2736
f 547 2736 545
f 545 2736 2737
f 545 2737 543
f 543 2737 2738
f 543 2738 541
f 541 2738 2739
f 541 2739 539
f 539 2739 2740
f 539 2740 537
f 537 2740 2741
f 537 2741 535
f 535 2741 2742
f 535 2742 533
f 533 2742 2743
f 533 2743 531
f 531 2743 2744
f 531 2744 529
f 529 2744 2745
f 529 2745 527
f 527 2745 2746
f 527 2746 525
f 525 2746 2747
f 525 2747 523
f 523 2747 2748
f 523 2748 521
f 521 2748 2749
f 521 2749 519
f 519 2749 2750
f 519 2750 517
f 517 2750 2751
f 517 2751 515
f 515 2751 2752
f 515 2752 513
f 513 2752 2753
f 513 2753 511
f 511 2753 2754
f 511 2754 509
f 509 2754 2755
f 509 2755 507
f 507 2755 2756
f 507 2756 505
f 505 2756 2757
f 505 2757 503
f 503 2757 2758
f 503 2758 501
f 501 2758 2759
f 501 2759 499
f 499 2759 2760
f 499 2760 497
f 497 2760 2761
f 497 2761 495
f 495 2761 2762
f 495 2762 493
f 493 2762 2763
f 493 2763 491
f 491 2763 2764
f 491 2764 489
f 489 2764 2765
f 489 2765 487
f 487 2765 2766
f 487 2766 485
f 485 2766 2767
f 485 2767 483
f 483 2767 2768
f 483 2768 481
f 481 2768 2769
f 481 2769 479
f 479 2769 2770
f 479 2770 477
f 477 2770 2771
f 477 2771 475
f 475 2771 2772
f 475 2772 473
f 473 2772 2773
f 473 2773 471
f 471 2773 2774
f 471 2774 469
f 469 2774 2775
f 469 2775 467
f 467 2775 2776
f 467 2776 465
f 465 2776 2777
f 465 2777 463
f 463 2777 2778
f 463 2778 461
f 461 2778 2779
f 461 2779 459
f 459 2779 2780
f 459 2780 457
f 457 2780 2781
f 457 2781 455
f 455 2781 2782
f 455 2782 453
f 453 2782 2783
f 453 2783 451
f 451 2783 2784
f 451 2784 449
f 449 2784 2785
f 449 2785 447
f 447 2785 2786
f 447 2786 445
f 445 2786 2787
f 445 2787 443
f 443 2787 2788
f 443 2788 441
f 441 2788 2789
f 441 2789 439
f 439 2789 2790
f 439 2790 437
f 437 2790 2791
f 437 2791 435
f 435 2791 2792
f 435 2792 433
f 433 2792 2793
f 433 2793 431
f 431 2793 2794
f 431 2794 429
f 429 2794 2795
f 429 2795 427
f 427 2795 2796
f 427 2796 425
f 425 2796 2797
f 425 2797 423
f 423 2797 2798
f 423 2798 421
f 421 2798 2799
f 421 2799 419
f 419 2799 2800
f 419 2800 417
f 417 2800 2801
f 417 2801 415
f 415 2801 2802
f 415 2802 413
f 413 2802 2803
f 413 2803 411
f 411 2803 2804
f 411 2804 407
f 407 2804 405
f 2596 2805 2597
f 2597 2805 2806
f 2597 2806 2598
f 2598 2806 2807
f 2598 2807 2599
f 2599 2807 2808
f 2599 2808 2600
f 2600 2808 2809
f 2600 2809 2601
f 2601 2809 2810
f 2601 2810 2602
f 2602 2810 2811
f 2602 2811 2603
f 2603 2811 2812
f 2603 2812 2604
f 2604 2812 2813
f 2604 2813 2605
f 2605 2813 2814
f 2605 2814 2606
f 2606 2814 2815
f 2606 2815 2607
f 2607 2815 2816
f 2607 2816 2608
f 2608 2816 2817
f 2608 2817 2609
f 2609 2817 2818
f 2609 2818 2610
f 2610 2818 2819
f 2610 2819 2611
f 2611 2819 2820
f 2611 2820 2612
f 2612 2820 2821
f 2612 2821 2613
f 2613 2821 2822
f 2613 2822 2614
f 2614 2822 2823
f 2614 2823 2615
f 2615 2823 2824
f 2615 2824 2616
f 2616 2824 2825
f 2616 2825 2617
f 2617 2825 2826
f 2617 2826 2618
f 2618 2826 2827
f 2618 2827 2619
f 2619 2827 2828
f 2619 2828 2620
f 2620 2828 2829
f 2620 2829 2621
f 2621 2829 2830
f 2621 2830 2622
f 2622 2830 2831
f 2622 2831 2623
f 2623 2831 2832
f 2623 2832 2624
f 2624 2832 2833
f 2624 2833 2625
f 2625 2833 2834
f 2625 2834 2626
f 2626 2834 2835
f 2626 2835 2627
f 2627 2835 2836
f 2627 2836 2628
f 2628 2836 2837
f 2628 2837 2629
f 2629 2837 2838
f 2629 2838 2630
f 2630 2838 2839
f 2630 2839 2631
f 2631 2839 2840
f 2631 2840 2632
f 2632 2840 2841
f 2632 2841 2633
f 2633 2841 2842
f 2633 2842 2634
f 2634 2842 2843
f 2634 2843 2635
f 2635 2843 2844
f 2635 2844 2636
f 2636 2844 2845
f 2636 2845 2637
f 2637 2845 2846
f 2637 2846 2638
f 2638 2846 2847
f 2638 2847 2639
f 2639 2847 2848
f 2639 2848 2640
f 2640 2848 2849
f 2640 2849 2641
f 2641 2849 2850
f 2641 2850 2642
f 2642 2850 2851
f 2642 2851 2643
f 2643 2851 2852
f 2643 2852 2644
f 2644 2852 2853
f 2644 2853 2645
f 2645 2853 2854
f 2645 2854 2646
f 2646 2854 2855
f 2646 2855 2647
f 2647 2855 2856
f 2647 2856 2648
f 2648 2856 2857
f 2648 2857 2649
f 2649 2857 2858
f 2649 2858 2650
f 2650 2858 2859
f 2650 2859 2651
f 2651 2859 2860
f 2651 2860 2652
f 2652 2860 2861
f 2652 2861 2653
f 2653 2861 2862
f 2653 2862 2654
f 2654 2862 2863
f 2654 2863 2655
f 2655 2863 2864
f 2655 2864 2656
f 2656 2864 2865
f 2656 2865 2657
f 2657 2865 2866
f 2657 2866 2658
f 2658 2866 2867
f 2658 2867 2659
f 2659 2867 2868
f 2659 2868 2660
f 2660 2868 2869
f 2660 2869 2661
f 2661 2869 2870
f 2661 2870 2662
f 2662 2870 2871
f 2662 2871 2663
f 2663 2871 2872
f 2663 2872 2664
f 2664 2872 2873
f 2664 2873 2665
f 2665 2873 2874
f 2665 2874 2666
f 2666 2874 2875
f 2666 2875 2667
f 2667 2875 2876
f 2667 2876 2668
f 2668 2876 2877
f 2668 2877 2669
f 2669 2877 2878
f 2669 2878 2670
f 2670 2878 2879
f 2670 2879 2671
f 2671 2879 2880
f 2671 2880 2672
f 2672 2880 2881
f 2672 2881 2673
f 2673 2881 2882
f 2673 2882 2674
f 2674 2882 2883
f 2674 2883 2675
f 2675 2883 2884
f 2675 2884 2676
f 2676 2884 2885
f 2676 2885 2677
f 2677 2885 2886
f 2677 2886 2678
f 2678 2886 2887
f 2678 2887 2679
f 2679 2887 2888
f 2679 2888 2680
f 2680 2888 2889
f 2680 2889 2681
f 2681 2889 2890
f 2681 2890 2682
f 2682 2890 2891
f 2682 2891 2683
f 2683 2891 2892
f 2683 2892 2684
f 2684 2892 2893
f 2684 2893 2685
f 2685 2893 2894
f 2685 2894 2686
f 2686 2894 2895
f 2686 2895 2687
f 2687 2895 2896
f 2687 2896 2688
f 2688 2896 2897
f 2688 2897 2689
f 2689 2897 2898
f 2689 2898 2690
f 2690 2898 2899
f 2690 2899 2691
f 2691 2899 2900
f 2691 2900 2692
f 2692 2900 2901
f 2692 2901 2693
f 2693 2901 2902
f 2693 2902 2694
f 2694 2902 2903
f 2694 2903 2695
f 2695 2903 2904
f 2695 2904 2696
f 2696 2904 2905
f 2696 2905 2697
f 2697 2905 2906
f 2697 2906 2698
f 2698 2906 2907
f 2698 2907 2699
f 2699 2907 2908
f 2699 2908 2700
f 2700 2908 2909
f 2700 2909 2701
f 2701 2909 2910
f 2701 2910 2702
f 2702 2910 2911
f 2702 2911 2703
f 2703 2911 2912
f 2703 2912 2704
f 2704 2912 2913
f 2704 2913 2705
f 2705 2913 2914
f 2705 2914 2706
f 2706 2914 2915
f 2706 2915 2707
f 2707 2915 2916
f 2707 2916 2708
f 2708 2916 2917
f 2708 2917 2709
f 2709 2917 2918
f 2709 2918 2710
f 2710 2918 2919
f 2710 2919 2711
f 2711 2919 2920
f 2711 2920 2712
f 2712 2920 2921
f 2712 2921 2713
f 2713 2921 2922
f 2713 2922 2714
f 2714 2922 2923
f 2714 2923 2715
f 2715 2923 2924
f 2715 2924 2716
f 2716 2924 2925
f 2716 2925 2717
f 2717 2925 2926
f 2717 2926 2718
f 2718 2926 2927
f 2718 2927 2719
f 2719 2927 2928
f 2719 2928 2720
f 2720 2928 2929
f 2720 2929 2721
f 2721 2929 2930
f 2721 2930 2722
f 2722 2930 2931
f 2722 2931 2723
f 2723 2931 2932
f 2723 2932 2724
f 2724 2932 2933
f 2724 2933 2725
f 2725 2933 2934
f 2725 2934 2726
f 2726 2934 2935
f 2726 2935 2727
f 2727 2935 2936
f 2727 2936 2728
f 2728 2936 2937
f 2728 2937 2729
f 2729 2937 2938
f 2729 2938 2730
f 2730 2938 2939
f 2730 2939 2731
f 2731 2939 2940
f 2731 2940 2732
f 2732 2940 2941
f 2732 2941 2733
f 2733 2941 2942
f 2733 2942 2734
f 2734 2942 2943
f 2734 2943 2735
f 2735 2943 2944
f 2735 2944 2736
f 2736 2944 2945
f 2736 2945 2737
f 2737 2945 2946
f 2737 2946 2738
f 2738 2946 2947
f 2738 2947 2739
f 2739 2947 2948
f 2739 2948 2740
f 2740 2948 2949
f 2740 2949 2741
f 2741 2949 2950
f 2741 2950 2742
f 2742 2950 2951
f 2742 2951 2743
f 2743 2951 2952
f 2743 2952 2744
f 2744 2952 2953
f 2744 2953 2745
f 2745 2953 2954
f 2745 2954 2746
f 2746 2954 2955
f 2746 2955 2747
f 2747 2955 2956
f 2747 2956 2748
f 2748 2956 2957
f 2748 2957 2749
f 2749 2957 2958
f 2749 2958 2750
f 2750 2958 2959
f 2750 2959 2751
f 2751 2959 2960
f 2751 2960 2752
f 2752 2960 2961
f 2752 2961 2753
f 2753 2961 2962
f 2753 2962 2754
f 2754 2962 2963
f 2754 2963 2755
f 2755 2963 2964
f 2755 2964 2756
f 2756 2964 2965
f 2756 2965 2757
f 2757 2965 2966
f 2757 2966 2758
f 2758 2966 2967
f 2758 2967 2759
f 2759 2967 2968
f 2759 2968 2760
f 2760 2968 2969
f 2760 2969 2761
f 2761 2969 2970
f 2761 2970 2762
f 2762 2970 2971
f 2762 2971 2763
f 2763 2971 2972
f 2763 2972 2764
f 2764 2972 2973
f 2764 2973 2765
f 2765 2973 2974
f 2765 2974 2766
f 2766 2974 2975
f 2766 2975 2767
f 2767 2975 2976
f 2767 2976 2768
f 2768 2976 2977
f 2768 2977 2769
f 2769 2977 2978
f 2769 2978 2770
f 2770 2978 2979
f 2770 2979 2771
f 2771 2979 2980
f 2771 2980 2772
f 2772 2980 2981
f 2772 2981 2773
f 2773 2981 2982
f 2773 2982 2774
f 2774 2982 2983
f 2774 2983 2775
f 2775 2983 2984
f 2775 2984 2776
f 2776 2984 2985
f 2776 2985 2777
f 2777 2985 2986
f 2777 2986 2778
f 2778 2986 2987
f 2778 2987 2779
f 2779 2987 2988
f 2779 2988 2780
f 2780 2988 2989
f 2780 2989 2781
f 2781 2989 2990
f 2781 2990 2782
f 2782 2990 2991
f 2782 2991 2783
f 2783 2991 2992
f 2783 2992 2784
f 2784 2992 2993
f 2784 2993 2785
f 2785 2993 2994
f 2785 2994 2786
f 2786 2994 2995
f 2786 2995 2787
f 2787 2995 2996
f 2787 2996 2788
f 2788 2996 2997
f 2788 2997 2789
f 2789 2997 2998
f 2789 2998 2790
f 2790 2998 2999
f 2790 2999 2791
f 2791 2999 3000
f 2791 3000 2792
f 2792 3000 3001
f 2792 3001 2793
f 2793 3001 3002
f 2793 3002 2794
f 2794 3002 3003
f 2794 3003 2795
f 2795 3003 3004
f 2795 3004 2796
f 2796 3004 3005
f 2796 3005 2797
f 2797 3005 3006
f 2797 3006 2798
f 2798 3006 3007
f 2798 3007 2799
f 2799 3007 3008
f 2799 3008 2800
f 2800 3008 3009
f 2800 3009 2801
f 2801 3009 3010
f 2801 3010 2802
f 2802 3010 3011
f 2802 3011 2803
f 2803 3011 3012
f 2803 3012 2804
f 2804 3012 3013
f 2804 3013 405
f 405 3013 403
f 2805 3014 2806
f 2806 3014 3015
f 2806 3015 2807
f 2807 3015 3016
f 2807 3016 2808
f 2808 3016 3017
f 2808 3017 2809
f 2809 3017 3018
f 2809 3018 2810
f 2810 3018 3019
f 2810 3019 2811
f 2811 3019 3020
f 2811 3020 2812
f 2812 3020 3021
f 2812 3021 2813
f 2813 3021 3022
f 2813 3022 2814
f 2814 3022 3023
f 2814 3023 2815
f 2815 3023 3024
f 2815 3024 2816
f 2816 3024 3025
f 2816 3025 2817
f 2817 3025 3026
f 2817 3026 2818
f 2818 3026 3027
f 2818 3027 2819
f 2819 3027 3028
f 2819 3028 2820
f 2820 3028 3029
f 2820 3029 2821
f 2821 3029 3030
f 2821 3030 2822
f 2822 3030 3031
f 2822 3031 2823
f 2823 3031 3032
f 2823 3032 2824
f 2824 3032 3033
f 2824 3033 2825
f 2825 3033 3034
f 2825 3034 2826
f 2826 3034 3035
f 2826 3035 2827
f 2827 3035 3036
f 2827 3036 2828
f 2828 3036 3037
f 2828 3037 2829
f 2829 3037 3038
f 2829 3038 2830
f 2830 3038 3039
f 2830 3039 2831
f 2831 3039 3040
f 2831 3040 2832
f 2832 3040 3041
f 2832 3041 2833
f 2833 3041 3042
f 2833 3042 2834
f 2834 3042 3043
f 2834 3043 2835
f 2835 3043 3044
f 2835 3044 2836
f 2836 3044 3045
f 2836 3045 2837
f 2837 3045 3046
f 2837 3046 2838
f 2838 3046 3047
f 2838 3047 2839
f 2839 3047 3048
f 2839 3048 2840
f 2840 3048 3049
f 2840 3049 2841
f 2841 3049 3050
f 2841 3050 2842
f 2842 3050 3051
f 2842 3051 2843
f 2843 3051 3052
f 2843 3052 2844
f 2844 3052 3053
f 2844 3053 2845
f 2845 3053 3054
f 2845 3054 2846
f 2846 3054 3055
f 2846 3055 2847
f 2847 3055 3056
f 2847 3056 2848
f 2848 3056 3057
f 2848 3057 2849
f 2849 3057 3058
f 2849 3058 2850
f 2850 3058 3059
f 2850 3059 2851
f 2851 3059 3060
f 2851 3060 2852
f 2852 3060 3061
f 2852 3061 2853
f 2853 3061 3062
f 2853 3062 2854
f 2854 3062 3063
f 2854 3063 2855
f 2855 3063 3064
f 2855 3064 2856
f 2856 3064 3065
f 2856 3065 2857
f 2857 3065 3066
f 2857 3066 2858
f 2858 3066 3067
f 2858 3067 2859
f 2859 3067 3068
f 2859 3068 2860
f 2860 3068 3069
f 2860 3069 2861
f 2861 3069 3070
f 2861 3070 2862
f 2862 3070 3071
f 2862 3071 2863
f 2863 3071 3072
f 2863 3072 2864
f 2864 3072 3073
f 2864 3073 2865
f 2865 3073 3074
f 2865 3074 2866
f 2866 3074 3075
f 2866 3075 2867
f 2867 3075 3076
f 2867 3076 2868
f 2868 3076 3077
f 2868 3077 2869
f 2869 3077 3078
f 2869 3078 2870
f 2870 3078 3079
f 2870 3079 2871
f 2871 3079 3080
f 2871 3080 2872
f 2872 3080 3081
f 2872 3081 2873
f 2873 3081 3082
f 2873 3082 2874
f 2874 3082 3083
f 2874 3083 2875
f 2875 3083 3084
f 2875 3084 2876
f 2876 3084 3085
f 2876 3085 2877
f 2877 3085 3086
f 2877 3086 2878
f 2878 3086 3087
f 2878 3087 2879
f 2879 3087 3088
f 2879 3088 2880
f 2880 3088 3089
f 2880 3089 2881
f 2881 3089 3090
f 2881 3090 2882
f 2882 3090 3091
f 2882 3091 2883
f 2883 3091 3092
f 2883 3092 2884
f 2884 3092 3093
f 2884 3093 2885
f 2885 3093 3094
f 2885 3094 2886
f 2886 3094 3095
f 2886 3095 2887
f 2887 3095 3096
f 2887 3096 2888
f 2888 3096 3097
f 2888 3097 2889
f 2889 3097 3098
f 2889 3098 2890
f 2890 3098 3099
f 2890 3099 2891
f 2891 3099 3100
f 2891 3100 2892
f 2892 3100 3101
f 2892 3101 2893
f 2893 3101 3102
f 2893 3102 2894
f 2894 3102 3103
f 2894 3103 2895
f 2895 3103 3104
f 2895 3104 2896
f 2896 3104 3105
f 2896 3105 2897
f 2897 3105 3106
f 2897 3106 2898
f 2898 3106 3107
f 2898 3107 2899
f 2899 3107 3108
f 2899 3108 2900
f 2900 3108 3109
f 2900 3109 2901
f 2901 3109 3110
f 2901 3110 2902
f 2902 3110 3111
f 2902 3111 2903
f 2903 3111 3112
f 2903 3112 2904
f 2904 3112 3113
f 2904 3113 2905
f 2905 3113 3114
f 2905 3114 2906
f 2906 3114 3115
f 2906 3115 2907
f 2907 3115 3116
f 2907 3116 2908
f 2908 3116 3117
f 2908 3117 2909
f 2909 3117 3118
f 2909 3118 2910
f 2910 3118 3119
f 2910 3119 2911
f 2911 3119 3120
f 2911 3120 2912
f 2912 3120 3121
f 2912 3121 2913
f 2913 3121 3122
f 2913 3122 2914
f 2914 3122 3123
f 2914 3123 2915
f 2915 3123 3124
f 2915 3124 2916
f 2916 3124 3125
f 2916 3125 2917
f 2917 3125 3126
f 2917 3126 2918
f 2918 3126 3127
f 2918 3127 2919
f 2919 3127 3128
f 2919 3128 2920
f 2920 3128 3129
f 2920 3129 2921
f 2921 3129 3130
f 2921 3130 2922
f 2922 3130 3131
f 2922 3131 2923
f 2923 3131 3132
f 2923 3132 2924
f 2924 3132 3133
f 2924 3133 2925
f 2925 3133 3134
f 2925 3134 2926
f 2926 3134 3135
f 2926 3135 2927
f 2927 3135 3136
f 2927 3136 2928
f 2928 3136 3137
f 2928 3137 2929
f 2929 3137 3138
f 2929 3138 2930
f 2930 3138 3139
f 2930 3139 2931
f 2931 3139 3140
f 2931 3140 2932
f 2932 3140 3141
f 2932 3141 2933
f 2933 3141 3142
f 2933 3142 2934
f 2934 3142 3143
f 2934 3143 2935
f 2935 3143 3144
f 2935 3144 2936
f 2936 3144 3145
f 2936 3145 2937
f 2937 3145 3146
f 2937 3146 2938
f 2938 3146 3147
f 2938 3147 2939
f 2939 3147 3148
f 2939 3148 2940
f 2940 3148 3149
f 2940 3149 2941
f 2941 3149 3150
f 2941 3150 2942
f 2942 3150 3151
f 2942 3151 2943
f 2943 3151 3152
f 2943 3152 2944
f 2944 3152 3153
f 2944 3153 2945
f 2945 3153 3154
f 2945 3154 2946
f 2946 3154 3155
f 2946 3155 2947
f 2947 3155 3156
f 2947 3156 2948
f 2948 3156 3157
f 2948 3157 2949
f 2949 3157 3158
f 2949 3158 2950
f 2950 3158 3159
f 2950 3159 2951
f 2951 3159 3160
f 2951 3160 2952
f 2952 3160 3161
f 2952 3161 2953
f 2953 3161 3162
f 2953 3162 2954
f 2954 3162 3163
f 2954 3163 2955
f 2955 3163 3164
f 2955 3164 2956
f 2956 3164 3165
f 2956 3165 2957
f 2957 3165 3166
f 2957 3166 2958
f 2958 3166 3167
f 2958 3167 2959
f 2959 3167 3168
f 2959 3168 2960
f 2960 3168 3169
f 2960 3169 2961
f 2961 3169 3170
f 2961 3170 2962
f 2962 3170 3171
f 2962 3171 2963
f 2963 3171 3172
f 2963 3172 2964
f 2964 3172 3173
f 2964 3173 2965
f 2965 3173 3174
f 2965 3174 2966
f 2966 3174 3175
f 2966 3175 2967
f 2967 3175 3176
f 2967 3176 2968
f 2968 3176 3177
f 2968 3177 2969
f 2969 3177 3178
f 2969 3178 2970
f 2970 3178 3179
f 2970 3179 2971
f 2971 3179 3180
f 2971 3180 2972
f 2972 3180 3181
f 2972 3181 2973
f 2973 3181 3182
f 2973 3182 2974
f 2974 3182 3183
f 2974 3183 2975
f 2975 3183 3184
f 2975 3184 2976
f 2976 3184 3185
f 2976 3185 2977
f 2977 3185 3186
f 2977 3186 2978
f 2978 3186 3187
f 2978 3187 2979
f 2979 3187 3188
f 2979 3188 2980
f 2980 3188 3189
f 2980 3189 2981
f 2981 3189 3190
f 2981 3190 2982
f 2982 3190 3191
f 2982 3191 2983
f 2983 3191 3192
f 2983 3192 2984
f 2984 3192 3193
f 2984 3193 2985
f 2985 3193 3194
f 2985 3194 2986
f 2986 3194 3195
f 2986 3195 2987
f 2987 3195 3196
f 2987 3196 2988
f 2988 3196 3197
f 2988 3197 2989
f 2989 3197 3198
f 2989 3198 2990
f 2990 3198 3199
f 2990 3199 2991
f 2991 3199 3200
f 2991 3200 2992
f 2992 3200 3201
f 2992 3201 2993
f 2993 3201 3202
f 2993 3202 2994
f 2994 3202 3203
f 2994 3203 2995
f 2995 3203 3204
f 2995 3204 2996
f 2996 3204 3205
f 2996 3205 2997
f 2997 3205 3206
f 2997 3206 2998
f 2998 3206 3207
f 2998 3207 2999
f 2999 3207 3208
f 2999 3208 3000
f 3000 3208 3209
f 3000 3209 3001
f 3001 3209 3210
f 3001 3210 3002
f 3002 3210 3211
f 3002 3211 3003
f 3003 3211 3212
f 3003 3212 3004
f 3004 3212 3213
f 3004 3213 3005
f 3005 3213 3214
f 3005 3214 3006
f 3006 3214 3215
f 3006 3215 3007
f 3007 3215 3216
f 3007 3216 3008
f 3008 3216 3217
f 3008 3217 3009
f 3009 3217 3218
f 3009 3218 3010
f 3010 3218 3219
f 3010 3219 3011
f 3011 3219 3220
f 3011 3220 3012
f 3012 3220 3221
f 3012 3221 3013
f 3013 3221 3222
f 3013 3222 403
f 403 3222 401
f 3014 3223 3015
f 3015 3223 3224
f 3015 3224 3016
f 3016 3224 3225
f 3016 3225 3017
f 3017 3225 3226
f 3017 3226 3018
f 3018 3226 3227
f 3018 3227 3019
f 3019 3227 3228
f 3019 3228 3020
f 3020 3228 3229
f 3020 3229 3021
f 3021 3229 3230
f 3021 3230 3022
f 3022 3230 3231
f 3022 3231 3023
f 3023 3231 3232
f 3023 3232 3024
f 3024 3232 3233
f 3024 3233 3025
f 3025 3233 3234
f 3025 3234 3026
f 3026 3234 3235
f 3026 3235 3027
f 3027 3235 3236
f 3027 3236 3028
f 3028 3236 3237
f 3028 3237 3029
f 3029 3237 3238
f 3029 3238 3030
f 3030 3238 3239
f 3030 3239 3031
f 3031 3239 3240
f 3031 3240 3032
f 3032 3240 3241
f 3032 3241 3033
f 3033 3241 3242
f 3033 3242 3034
f 3034 3242 3243
f 3034 3243 3035
f 3035 3243 3244
f 3035 3244 3036
f 3036 3244 3245
f 3036 3245 3037
f 3037 3245 3246
f 3037 3246 3038
f 3038 3246 3247
f 3038 3247 3039
f 3039 3247 3248
f 3039 3248 3040
f 3040 3248 3249
f 3040 3249 3041
f 3041 3249 3250
f 3041 3250 3042
f 3042 3250 3251
f 3042 3251 3043
f 3043 3251 3252
f 3043 3252 3044
f 3044 3252 3253
f 3044 3253 3045
f 3045 3253 3254
f 3045 3254 3046
f 3046 3254 3255
f 3046 3255 3047
f 3047 3255 3256
f 3047 3256 3048
f 3048 3256 3257
f 3048 3257 3049
f 3049 3257 3258
f 3049 3258 3050
f 3050 3258 3259
f 3050 3259 3051
f 3051 3259 3260
f 3051 3260 3052
f 3052 3260 3261
f 3052 3261 3053
f 3053 3261 3262
f 3053 3262 3054
f 3054 3262 3263
f 3054 3263 3055
f 3055 3263 3264
f 3055 3264 3056
f 3056 3264 3265
f 3056 3265 3057
f 3057 3265 3266
f 3057 3266 3058
f 3058 3266 3267
f 3058 3267 3059
f 3059 3267 3268
f 3059 3268 3060
f 3060 3268 3269
f 3060 3269 3061
f 3061 3269 3270
f 3061 3270 3062
f 3062 3270 3271
f 3062 3271 3063
f 3063 3271 3272
f 3063 3272 3064
f 3064 3272 3273
f 3064 3273 3065
f 3065 3273 3274
f 3065 3274 3066
f 3066 3274 3275
f 3066 3275 3067
f 3067 3275 3276
f 3067 3276 3068
f 3068 3276 3277
f 3068 3277 3069
f 3069 3277 3278
f 3069 3278 3070
f 3070 3278 3279
f 3070 3279 3071
f 3071 3279 3280
f 3071 3280 3072
f 3072 3280 3281
f 3072 3281 3073
f 3073 3281 3282
f 3073 3282 3074
f 3074 3282 3283
f 3074 3283 3075
f 3075 3283 3284
f 3075 3284 3076
f 3076 3284 3285
f 3076 3285 3077
f 3077 3285 3286
f 3077 3286 3078
f 3078 3286 3287
f 3078 3287 3079
f 3079 3287 3288
f 3079 3288 3080
f 3080 3288 3289
f 3080 3289 3081
f 3081 3289 3290
f 3081 3290 3082
f 3082 3290 3291
f 3082 3291 3083
f 3083 3291 3292
f 3083 3292 3084
f 3084 3292 3293
f 3084 3293 3085
f 3085 3293 3294
f 3085 3294 3086
f 3086 3294 3295
f 3086 3295 3087
f 3087 3295 3296
f 3087 3296 3088
f 3088 3296 3297
f 3088 3297 3089
f 3089 3297 3298
f 3089 3298 3090
f 3090 3298 3299
f 3090 3299 3091
f 3091 3299 3300
f 3091 3300 3092
f 3092 3300 3301
f 3092 3301 3093
f 3093 3301 3302
f 3093 3302 3094
f 3094 3302 3303
f 3094 3303 3095
f 3095 3303 3304
f 3095 3304 3096
f 3096 3304 3305
f 3096 3305 3097
f 3097 3305 3306
f 3097 3306 3098
f 3098 3306 3307
f 3098 3307 3099
f 3099 3307 3308
f 3099 3308 3100
f 3100 3308 3309
f 3100 3309 3101
f 3101 3309 3310
f 3101 3310 3102
f 3102 3310 3311
f 3102 3311 3103
f 3103 3311 3312
f 3103 3312 3104
f 3104 3312 3313
f 3104 3313 3105
f 3105 3313 3314
f 3105 3314 3106
f 3106 3314 3315
f 3106 3315 3107
f 3107 3315 3316
f 3107 3316 3108
f 3108 3316 3317
f 3108 3317 3109
f 3109 3317 3318
f 3109 3318 3110
f 3110 3318 3319
f 3110 3319 3111
f 3111 3319 3320
f 3111 3320 3112
f 3112 3320 3321
f 3112 3321 3113
f 3113 3321 3322
f 3113 3322 3114
f 3114 3322 3323
f 3114 3323 3115
f 3115 3323 3324
f 3115 3324 3116
f 3116 3324 3325
f 3116 3325 3117
f 3117 3325 3326
f 3117 3326 3118
f 3118 3326 3327
f 3118 3327 3119
f 3119 3327 3328
f 3119 3328 3120
f 3120 3328 3329
f 3120 3329 3121
f 3121 3329 3330
f 3121 3330 3122
f 3122 3330 3331
f 3122 3331 3123
f 3123 3331 3332
f 3123 3332 3124
f 3124 3332 3333
f 3124 3333 3125
f 3125 3333 3334
f 3125 3334 3126
f 3126 3334 3335
f 3126 3335 3127
f 3127 3335 3336
f 3127 3336 3128
f 3128 3336 3337
f 3128 3337 3129
f 3129 3337 3338
f 3129 3338 3130
f 3130 3338 3339
f 3130 3339 3131
f 3131 3339 3340
f 3131 3340 3132
f 3132 3340 3341
f 3132 3341 3133
f 3133 3341 3342
f 3133 3342 3134
f 3134 3342 3343
f 3134 3343 3135
f 3135 3343 3344
f 3135 3344 3136
f 3136 3344 3345
f 3136 3345 3137
f 3137 3345 3346
f 3137 3346 3138
f 3138 3346 3347
f 3138 3347 3139
f 3139 3347 3348
f 3139 3348 3140
f 3140 3348 3349
f 3140 3349 3141
f 3141 3349 3350
f 3141 3350 3142
f 3142 3350 3351
f 3142 3351 3143
f 3143 3351 3352
f 3143 3352 3144
f 3144 3352 3353
f 3144 3353 3145
f 3145 3353 3354
f 3145 3354 3146
f 3146 3354 3355
f 3146 3355 3147
f 3147 3355 3356
f 3147 3356 3148
f 3148 3356 3357
f 3148 3357 3149
f 3149 3357 3358
f 3149 3358 3150
f 3150 3358 3359
f 3150 3359 3151
f 3151 3359 3360
f 3151 3360 3152
f 3152 3360 3361
f 3152 3361 3153
f 3153 3361 3362
f 3153 3362 3154
f 3154 3362 3363
f 3154 3363 3155
f 3155 3363 3364
f 3155 3364 3156
f 3156 3364 3365
f 3156 3365 3157
f 3157 3365 3366
f 3157 3366 3158
f 3158 3366 3367
f 3158 3367 3159
f 3159 3367 3368
f 3159 3368 3160
f 3160 3368 3369
f 3160 3369 3161
f 3161 3369 3370
f 3161 3370 3162
f 3162 3370 3371
f 3162 3371 3163
f 3163 3371 3372
f 3163 3372 3164
f 3164 3372 3373
f 3164 3373 3165
f 3165 3373 3374
f 3165 3374 3166
f 3166 3374 3375
f 3166 3375 3167
f 3167 3375 3376
f 3167 3376 3168
f 3168 3376 3377
f 3168 3377 3169
f 3169 3377 3378
f 3169 3378 3170
f 3170 3378 3379
f 3170 3379 3171
f 3171 3379 3380
f 3171 3380 3172
f 3172 3380 3381
f 3172 3381 3173
f 3173 3381 3382
f 3173 3382 3174
f 3174 3382 3383
f 3174 3383 3175
f 3175 3383 3384
f 3175 3384 3176
f 3176 3384 3385
f 3176 3385 3177
f 3177 3385 3386
f 3177 3386 3178
f 3178 3386 3387
f 3178 3387 3179
f 3179 3387 3388
f 3179 3388 3180
f 3180 3388 3389
f 3180 3389 3181
f 3181 3389 3390
f 3181 3390 3182
f 3182 3390 3391
f 3182 3391 3183
f 3183 3391 3392
f 3183 3392 3184
f 3184 3392 3393
f 3184 3393 3185
f 3185 3393 3394
f 3185 3394 3186
f 3186 3394 3395
f 3186 3395 3187
f 3187 3395 3396
f 3187 3396 3188
f 3188 3396 3397
f 3188 3397 3189
f 3189 3397 3398
f 3189 3398 3190
f 3190 3398 3399
f 3190 3399 3191
f 3191 3399 3400
f 3191 3400 3192
f 3192 3400 3401
f 3192 3401 3193
f 3193 3401 3402
f 3193 3402 3194
f 3194 3402 3403
f 3194 3403 3195
f 3195 3403 3404
f 3195 3404 3196
f 3196 3404 3405
f 3196 3405 3197
f 3197 3405 3406
f 3197 3406 3198
f 3198 3406 3407
f 3198 3407 3199
f 3199 3407 3408
f 3199 3408 3200
f 3200 3408 3409
f 3200 3409 3201
f 3201 3409 3410
f 3201 3410 3202
f 3202 3410 3411
f 3202 3411 3203
f 3203 3411 3412
f 3203 3412 3204
f 3204 3412 3413
f 3204 3413 3205
f 3205 3413 3414
f 3205 3414 3206
f 3206 3414 3415
f 3206 3415 3207
f 3207 3415 3416
f 3207 3416 3208
f 3208 3416 3417
f 3208 3417 3209
f 3209 3417 3418
f 3209 3418 3210
f 3210 3418 3419
f 3210 3419 3211
f 3211 3419 3420
f 3211 3420 3212
f 3212 3420 3421
f 3212 3421 3213
f 3213 3421 3422
f 3213 3422 3214
f 3214 3422 3423
f 3214 3423 3215
f 3215 3423 3424
f 3215 3424 3216
f 3216 3424 3425
f 3216 3425 3217
f 3217 3425 3426
f 3217 3426 3218
f 3218 3426 3427
f 3218 3427 3219
f 3219 3427 3428
f 3219 3428 3220
f 3220 3428 3429
f 3220 3429 3221
f 3221 3429 3430
f 3221 3430 3222
f 3222 3430 3431
f 3222 3431 401
f 401 3431 399
f 3223 3432 3224
f 3224 3432 3433
f 3224 3433 3225
f 3225 3433 3434
f 3225 3434 3226
f 3226 3434 3435
f 3226 3435 3227
f 3227 3435 3436
f 3227 3436 3228
f 3228 3436 3437
f 3228 3437 3229
f 3229 3437 3438
f 3229 3438 3230
f 3230 3438 3439
f 3230 3439 3231
f 3231 3439 3440
f 3231 3440 3232
f 3232 3440 3441
f 3232 3441 3233
f 3233 3441 3442
f 3233 3442 3234
f 3234 3442 3443
f 3234 3443 3235
f 3235 3443 3444
f 3235 3444 3236
f 3236 3444 3445
f 3236 3445 3237
f 3237 3445 3446
f 3237 3446 3238
f 3238 3446 3447
f 3238 3447 3239
f 3239 3447 3448
f 3239 3448 3240
f 3240 3448 3449
f 3240 3449 3241
f 3241 3449 3450
f 3241 3450 3242
f 3242 3450 3451
f 3242 3451 3243
f 3243 3451 3452
f 3243 3452 3244
f 3244 3452 3453
f 3244 3453 3245
f 3245 3453 3454
f 3245 3454 3246
f 3246 3454 3455
f 3246 3455 3247
f 3247 3455 3456
f 3247 3456 3248
f 3248 3456 3457
f 3248 3457 3249
f 3249 3457 3458
f 3249 3458 3250
f 3250 3458 3459
f 3250 3459 3251
f 3251 3459 3460
f 3251 3460 3252
f 3252 3460 3461
f 3252 3461 3253
f 3253 3461 3462
f 3253 3462 3254
f 3254 3462 3463
f 3254 3463 3255
f 3255 3463 3464
f 3255 3464 3256
f 3256 3464 3465
f 3256 3465 3257
f 3257 3465 3466
f 3257 3466 3258
f 3258 3466 3467
f 3258 3467 3259
f 3259 3467 3468
f 3259 3468 3260
f 3260 3468 3469
f 3260 3469 3261
f 3261 3469 3470
f 3261 3470 3262
f 3262 3470 3471
f 3262 3471 3263
f 3263 3471 3472
f 3263 3472 3264
f 3264 3472 3473
f 3264 3473 3265
f 3265 3473 3474
f 3265 3474 3266
f 3266 3474 3475
f 3266 3475 3267
f 3267 3475 3476
f 3267 3476 3268
f 3268 3476 3477
f 3268 3477 3269
f 3269 3477 3478
f 3269 3478 3270
f 3270 3478 3479
f 3270 3479 3271
f 3271 3479 3480
f 3271 3480 3272
f 3272 3480 3481
f 3272 3481 3273
f 3273 3481 3482
f 3273 3482 3274
f 3274 3482 3483
f 3274 3483 3275
f 3275 3483 3484
f 3275 3484 3276
f 3276 3484 3485
f 3276 3485 3277
f 3277 3485 3486
f 3277 3486 3278
f 3278 3486 3487
f 3278 3487 3279
f 3279 3487 3488
f 3279 3488 3280
f 3280 3488 3489
f 3280 3489 3281
f 3281 3489 3490
f 3281 3490 3282
f 3282 3490 3491
f 3282 3491 3283
f 3283 3491 3492
f 3283 3492 3284
f 3284 3492 3493
f 3284 3493 3285
f 3285 3493 3494
f 3285 3494 3286
f 3286 3494 3495
f 3286 3495 3287
f 3287 3495 3496
f 3287 3496 3288
f 3288 3496 3497
f 3288 3497 3289
f 3289 3497 3498
f 3289 3498 3290
f 3290 3498 3499
f 3290 3499 3291
f 3291 3499 3500
f 3291 3500 3292
f 3292 3500 3501
f 3292 3501 3293
f 3293 3501 3502
f 3293 3502 3294
f 3294 3502 3503
f 3294 3503 3295
f 3295 3503 3504
f 3295 3504 3296
f 3296 3504 3505
f 3296 3505 3297
f 3297 3505 3506
f 3297 3506 3298
f 3298 3506 3507
f 3298 3507 3299
f 3299 3507 3508
f 3299 3508 3300
f 3300 3508 3509
f 3300 3509 3301
f 3301 3509 3510
f 3301 3510 3302
f 3302 3510 3511
f 3302 3511 3303
f 3303 3511 3512
f 3303 3512 3304
f 3304 3512 3513
f 3304 3513 3305
f 3305 3513 3514
f 3305 3514 3306
f 3306 3514 3515
f 3306 3515 3307
f 3307 3515 3516
f 3307 3516 3308
f 3308 3516 3517
f 3308 3517 3309
f 3309 3517 3518
f 3309 3518 3310
f 3310 3518 3519
f 3310 3519 3311
f 3311 3519 3520
f 3311 3520 3312
f 3312 3520 3521
f 3312 3521 3313
f 3313 3521 3522
f 3313 3522 3314
f 3314 3522 3523
f 3314 3523 3315
f 3315 3523 3524
f 3315 3524 3316
f 3316 3524 3525
f 3316 3525 3317
f 3317 3525 3526
f 3317 3526 3318
f 3318 3526 3527
f 3318 3527 3319
f 3319 3527 3528
f 3319 3528 3320
f 3320 3528 3529
f 3320 3529 3321
f 3321 3529 3530
f 3321 3530 3322
f 3322 3530 3531
f 3322 3531 3323
f 3323 3531 3532
f 3323 3532 3324
f 3324 3532 3533
f 3324 3533 3325
f 3325 3533 3534
f 3325 3534 3326
f 3326 3534 3535
f 3326 3535 3327
f 3327 3535 3536
f 3327 3536 3328
f 3328 3536 3537
f 3328 3537 3329
f 3329 3537 3538
f 3329 3538 3330
f 3330 3538 3539
f 3330 3539 3331
f 3331 3539 3540
f 3331 3540 3332
f 3332 3540 3541
f 3332 3541 3333
f 3333 3541 3542
f 3333 3542 3334
f 3334 3542 3543
f 3334 3543 3335
f 3335 3543 3544
f 3335 3544 3336
f 3336 3544 3545
f 3336 3545 3337
f 3337 3545 3546
f 3337 3546 3338
f 3338 3546 3547
f 3338 3547 3339
f 3339 3547 3548
f 3339 3548 3340
f 3340 3548 3549
f 3340 3549 3341
f 3341 3549 3550
f 3341 3550 3342
f 3342 3550 3551
f 3342 3551 3343
f 3343 3551 3552
f 3343 3552 3344
f 3344 3552 3553
f 3344 3553 3345
f 3345 3553 3554
f 3345 3554 3346
f 3346 3554 3555
f 3346 3555 3347
f 3347 3555 3556
f 3347 3556 3348
f 3348 3556 3557
f 3348 3557 3349
f 3349 3557 3558
f 3349 3558 3350
f 3350 3558 3559
f 3350 3559 3351
f 3351 3559 3560
f 3351 3560 3352
f 3352 3560 3561
f 3352 3561 3353
f 3353 3561 3562
f 3353 3562 3354
f 3354 3562 3563
f 3354 3563 3355
f 3355 3563 3564
f 3355 3564 3356
f 3356 3564 3565
f 3356 3565 3357
f 3357 3565 3566
f 3357 3566 3358
f 3358 3566 3567
f 3358 3567 3359
f 3359 3567 3568
f 3359 3568 3360
f 3360 3568 3569
f 3360 3569 3361
f 3361 3569 3570
f 3361 3570 3362
f 3362 3570 3571
f 3362 3571 3363
f 3363 3571 3572
f 3363 3572 3364
f 3364 3572 3573
f 3364 3573 3365
f 3365 3573 3574
f 3365 3574 3366
f 3366 3574 3575
f 3366 3575 3367
f 3367 3575 3576
f 3367 3576 3368
f 3368 3576 3577
f 3368 3577 3369
f 3369 3577 3578
f 3369 3578 3370
f 3370 3578 3579
f 3370 3579 3371
f 3371 3579 3580
f 3371 3580 3372
f 3372 3580 3581
f 3372 3581 3373
f 3373 3581 3582
f 3373 3582 3374
f 3374 3582 3583
f 3374 3583 3375
f 3375 3583 3584
f 3375 3584 3376
f 3376 3584 3585
f 3376 3585 3377
f 3377 3585 3586
f 3377 3586 3378
f 3378 3586 3587
f 3378 3587 3379
f 3379 3587 3588
f 3379 3588 3380
f 3380 3588 3589
f 3380 3589 3381
f 3381 3589 3590
f 3381 3590 3382
f 3382 3590 3591
f 3382 3591 3383
f 3383 3591 3592
f 3383 3592 3384
f 3384 3592 3593
f 3384 3593 3385
f 3385 3593 3594
f 3385 3594 3386
f 3386 3594 3595
f 3386 3595 3387
f 3387 3595 3596
f 3387 3596 3388
f 3388 3596 3597
f 3388 3597 3389
f 3389 3597 3598
f 3389 3598 3390
f 3390 3598 3599
f 3390 3599 3391
f 3391 3599 3600
f 3391 3600 3392
f 3392 3600 3601
f 3392 3601 3393
f 3393 3601 3602
f 3393 3602 3394
f 3394 3602 3603
f 3394 3603 3395
f 3395 3603 3604
f 3395 3604 3396
f 3396 3604 3605
f 3396 3605 3397
f 3397 3605 3606
f 3397 3606 3398
f 3398 3606 3607
f 3398 3607 3399
f 3399 3607 3608
f 3399 3608 3400
f 3400 3608 3609
f 3400 3609 3401
f 3401 3609 3610
f 3401 3610 3402
f 3402 3610 3611
f 3402 3611 3403
f 3403 3611 3612
f 3403 3612 3404
f 3404 3612 3613
f 3404 3613 3405
f 3405 3613 3614
f 3405 3614 3406
f 3406 3614 3615
f 3406 3615 3407
f 3407 3615 3616
f 3407 3616 3408
f 3408 3616 3617
f 3408 3617 3409
f 3409 3617 3618
f 3409 3618 3410
f 3410 3618 3619
f 3410 3619 3411
f 3411 3619 3620
f 3411 3620 3412
f 3412 3620 3621
f 3412 3621 3413
f 3413 3621 3622
f 3413 3622 3414
f 3414 3622 3623
f 3414 3623 3415
f 3415 3623 3624
f 3415 3624 3416
f 3416 3624 3625
f 3416 3625 3417
f 3417 3625 3626
f 3417 3626 3418
f 3418 3626 3627
f 3418 3627 3419
f 3419 3627 3628
f 3419 3628 3420
f 3420 3628 3629
f 3420 3629 3421
f 3421 3629 3630
f 3421 3630 3422
f 3422 3630 3631
f 3422 3631 3423
f 3423 3631 3632
f 3423 3632 3424
f 3424 3632 3633
f 3424 3633 3425
f 3425 3633 3634
f 3425 3634 3426
f 3426 3634 3635
f 3426 3635 3427
f 3427 3635 3636
f 3427 3636 3428
f 3428 3636 3637
f 3428 3637 3429
f 3429 3637 3638
f 3429 3638 3430
f 3430 3638 3639
f 3430 3639 3431
f 3431 3639 3640
f 3431 3640 399
f 399 3640 397
f 3433 3432 3641
f 3641 3432 3642
f 3641 3642 3643
f 3643 3642 3644
f 3643 3644 3645
f 3645 3644 3646
f 3645 3646 3647
f 3647 3646 2567
f 3647 2567 2566
f 3647 2566 3648
f 3648 2566 2564
f 3648 2564 3649
f 3649 2564 2562
f 3649 2562 3650
f 3650 2562 2560
f 3650 2560 3651
f 3651 2560 2558
f 3651 2558 3652
f 3652 2558 2556
f 3652 2556 3653
f 3653 2556 2554
f 3653 2554 3654
f 3654 2554 2543
f 3654 2543 3655
f 3655 2543 851
f 3655 851 3656
f 3656 851 852
f 3656 852 3657
f 3657 852 854
f 3657 854 3658
f 3658 854 856
f 3658 856 3659
f 3659 856 858
f 3659 858 3660
f 3660 858 860
f 3660 860 3661
f 3661 860 862
f 3661 862 3662
f 3662 862 864
f 3662 864 3663
f 3663 864 866
f 3663 866 3664
f 3664 866 868
f 3664 868 3665
f 3665 868 870
f 3665 870 3666
f 3666 870 872
f 3666 872 3667
f 3667 872 874
f 3667 874 3668
f 3668 874 876
f 3668 876 3669
f 3669 876 878
f 3669 878 3670
f 3670 878 880
f 3670 880 3671
f 3671 880 882
f 3671 882 3672
f 3672 882 884
f 3672 884 3673
f 3673 884 886
f 3673 886 3674
f 3674 886 888
f 3674 888 3675
f 3675 888 890
f 3675 890 3676
f 3676 890 892
f 3676 892 3677
f 3677 892 894
f 3677 894 3678
f 3678 894 896
f 3678 896 3679
f 3679 896 898
f 3679 898 3680
f 3680 898 900
f 3680 900 3681
f 3681 900 902
f 3681 902 3682
f 3682 902 904
f 3682 904 3683
f 3683 904 906
f 3683 906 3684
f 3684 906 908
f 3684 908 3685
f 3685 908 910
f 3685 910 3686
f 3686 910 3687
f 3686 3687 3688
f 3688 3687 3689
f 3688 3689 3690
f 3690 3689 3691
f 3690 3691 3692
f 3692 3691 3693
f 3692 3693 3476
f 3476 3693 3477
f 910 2542 3687
f 3687 2542 3694
f 3687 3694 3689
f 3689 3694 3695
f 3689 3695 3691
f 3691 3695 3696
f 3691 3696 3693
f 3693 3696 3697
f 3693 3697 3477
f 3477 3697 3478
f 2542 2540 3694
f 3694 2540 3698
f 3694 3698 3695
f 3695 3698 3699
f 3695 3699 3696
f 3696 3699 3700
f 3696 3700 3697
f 3697 3700 3701
f 3697 3701 3478
f 3478 3701 3479
f 2540 2537 3698
f 3698 2537 3702
f 3698 3702 3699
f 3699 3702 3703
f 3699 3703 3700
f 3700 3703 3704
f 3700 3704 3701
f 3701 3704 3705
f 3701 3705 3479
f 3479 3705 3480
f 2537 2533 3702
f 3702 2533 3706
f 3702 3706 3703
f 3703 3706 3707
f 3703 3707 3704
f 3704 3707 3708
f 3704 3708 3705
f 3705 3708 3709
f 3705 3709 3480
f 3480 3709 3481
f 2533 2528 3706
f 3706 2528 3710
f 3706 3710 3707
f 3707 3710 3711
f 3707 3711 3708
f 3708 3711 3712
f 3708 3712 3709
f 3709 3712 3713
f 3709 3713 3481
f 3481 3713 3482
f 2528 2522 3710
f 3710 2522 3714
f 3710 3714 3711
f 3711 3714 3715
f 3711 3715 3712
f 3712 3715 3716
f 3712 3716 3713
f 3713 3716 3717
f 3713 3717 3482
f 3482 3717 3483
f 2522 2515 3714
f 3714 2515 3718
f 3714 3718 3715
f 3715 3718 3719
f 3715 3719 3716
f 3716 3719 3720
f 3716 3720 3717
f 3717 3720 3721
f 3717 3721 3483
f 3483 3721 3484
f 2515 2507 3718
f 3718 2507 3722
f 3718 3722 3719
f 3719 3722 3723
f 3719 3723 3720
f 3720 3723 3724
f 3720 3724 3721
f 3721 3724 3725
f 3721 3725 3484
f 3484 3725 3485
f 2507 2498 3722
f 3722 2498 3726
f 3722 3726 3723
f 3723 3726 3727
f 3723 3727 3724
f 3724 3727 3728
f 3724 3728 3725
f 3725 3728 3729
f 3725 3729 3485
f 3485 3729 3486
f 2498 2488 3726
f 3726 2488 3730
f 3726 3730 3727
f 3727 3730 3731
f 3727 3731 3728
f 3728 3731 3732
f 3728 3732 3729
f 3729 3732 3733
f 3729 3733 3486
f 3486 3733 3487
f 2488 2477 3730
f 3730 2477 3734
f 3730 3734 3731
f 3731 3734 3735
f 3731 3735 3732
f 3732 3735 3736
f 3732 3736 3733
f 3733 3736 3737
f 3733 3737 3487
f 3487 3737 3488
f 2477 2465 3734
f 3734 2465 3738
f 3734 3738 3735
f 3735 3738 3739
f 3735 3739 3736
f 3736 3739 3740
f 3736 3740 3737
f 3737 3740 3741
f 3737 3741 3488
f 3488 3741 3489
f 2465 2452 3738
f 3738 2452 3742
f 3738 3742 3739
f 3739 3742 3743
f 3739 3743 3740
f 3740 3743 3744
f 3740 3744 3741
f 3741 3744 3745
f 3741 3745 3489
f 3489 3745 3490
f 2452 2439 3742
f 3742 2439 3746
f 3742 3746 3743
f 3743 3746 3747
f 3743 3747 3744
f 3744 3747 3748
f 3744 3748 3745
f 3745 3748 3749
f 3745 3749 3490
f 3490 3749 3491
f 2439 2426 3746
f 3746 2426 3750
f 3746 3750 3747
f 3747 3750 3751
f 3747 3751 3748
f 3748 3751 3752
f 3748 3752 3749
f 3749 3752 3753
f 3749 3753 3491
f 3491 3753 3492
f 2426 2413 3750
f 3750 2413 3754
f 3750 3754 3751
f 3751 3754 3755
f 3751 3755 3752
f 3752 3755 3756
f 3752 3756 3753
f 3753 3756 3757
f 3753 3757 3492
f 3492 3757 3493
f 2413 2400 3754
f 3754 2400 3758
f 3754 3758 3755
f 3755 3758 3759
f 3755 3759 3756
f 3756 3759 3760
f 3756 3760 3757
f 3757 3760 3761
f 3757 3761 3493
f 3493 3761 3494
f 2400 2387 3758
f 3758 2387 3762
f 3758 3762 3759
f 3759 3762 3763
f 3759 3763 3760
f 3760 3763 3764
f 3760 3764 3761
f 3761 3764 3765
f 3761 3765 3494
f 3494 3765 3495
f 2387 2374 3762
f 3762 2374 3766
f 3762 3766 3763
f 3763 3766 3767
f 3763 3767 3764
f 3764 3767 3768
f 3764 3768 3765
f 3765 3768 3769
f 3765 3769 3495
f 3495 3769 3496
f 2374 2361 3766
f 3766 2361 3770
f 3766 3770 3767
f 3767 3770 3771
f 3767 3771 3768
f 3768 3771 3772
f 3768 3772 3769
f 3769 3772 3773
f 3769 3773 3496
f 3496 3773 3497
f 2361 2348 3770
f 3770 2348 3774
f 3770 3774 3771
f 3771 3774 3775
f 3771 3775 3772
f 3772 3775 3776
f 3772 3776 3773
f 3773 3776 3777
f 3773 3777 3497
f 3497 3777 3498
f 2348 2335 3774
f 3774 2335 3778
f 3774 3778 3775
f 3775 3778 3779
f 3775 3779 3776
f 3776 3779 3780
f 3776 3780 3777
f 3777 3780 3781
f 3777 3781 3498
f 3498 3781 3499
f 2335 2322 3778
f 3778 2322 3782
f 3778 3782 3779
f 3779 3782 3783
f 3779 3783 3780
f 3780 3783 3784
f 3780 3784 3781
f 3781 3784 3785
f 3781 3785 3499
f 3499 3785 3500
f 2322 2309 3782
f 3782 2309 3786
f 3782 3786 3783
f 3783 3786 3787
f 3783 3787 3784
f 3784 3787 3788
f 3784 3788 3785
f 3785 3788 3789
f 3785 3789 3500
f 3500 3789 3501
f 2309 2296 3786
f 3786 2296 3790
f 3786 3790 3787
f 3787 3790 3791
f 3787 3791 3788
f 3788 3791 3792
f 3788 3792 3789
f 3789 3792 3793
f 3789 3793 3501
f 3501 3793 3502
f 2296 2283 3790
f 3790 2283 3794
f 3790 3794 3791
f 3791 3794 3795
f 3791 3795 3792
f 3792 3795 3796
f 3792 3796 3793
f 3793 3796 3797
f 3793 3797 3502
f 3502 3797 3503
f 2283 2270 3794
f 3794 2270 3798
f 3794 3798 3795
f 3795 3798 3799
f 3795 3799 3796
f 3796 3799 3800
f 3796 3800 3797
f 3797 3800 3801
f 3797 3801 3503
f 3503 3801 3504
f 2270 2257 3798
f 3798 2257 3802
f 3798 3802 3799
f 3799 3802 3803
f 3799 3803 3800
f 3800 3803 3804
f 3800 3804 3801
f 3801 3804 3805
f 3801 3805 3504
f 3504 3805 3505
f 2257 2244 3802
f 3802 2244 3806
f 3802 3806 3803
f 3803 3806 3807
f 3803 3807 3804
f 3804 3807 3808
f 3804 3808 3805
f 3805 3808 3809
f 3805 3809 3505
f 3505 3809 3506
f 2244 2231 3806
f 3806 2231 3810
f 3806 3810 3807
f 3807 3810 3811
f 3807 3811 3808
f 3808 3811 3812
f 3808 3812 3809
f 3809 3812 3813
f 3809 3813 3506
f 3506 3813 3507
f 2231 2206 3810
f 3810 2206 3814
f 3810 3814 3811
f 3811 3814 3815
f 3811 3815 3812
f 3812 3815 3816
f 3812 3816 3813
f 3813 3816 3817
f 3813 3817 3507
f 3507 3817 3508
f 3814 2206 3818
f 3818 2206 2204
f 3818 2204 3819
f 3819 2204 2202
f 3819 2202 3820
f 3820 2202 2200
f 3820 2200 3821
f 3821 2200 2198
f 3821 2198 3822
f 3822 2198 2196
f 3822 2196 3823
f 3823 2196 2194
f 3823 2194 3824
f 3824 2194 2192
f 3824 2192 3825
f 3825 2192 2190
f 3825 2190 3826
f 3826 2190 2188
f 3826 2188 3827
f 3827 2188 2186
f 3827 2186 3828
f 3828 2186 2184
f 3828 2184 3829
f 3829 2184 2182
f 3829 2182 3830
f 3830 2182 2180
f 3830 2180 3831
f 3831 2180 2178
f 3831 2178 3832
f 3832 2178 2176
f 3832 2176 3833
f 3833 2176 2174
f 3833 2174 3834
f 3834 2174 2172
f 3834 2172 3835
f 3835 2172 2170
f 3835 2170 3836
f 3836 2170 2168
f 3836 2168 3837
f 3837 2168 2166
f 3837 2166 3838
f 3838 2166 2164
f 3838 2164 3839
f 3839 2164 2162
f 3839 2162 3840
f 3840 2162 2160
f 3840 2160 3841
f 3841 2160 2158
f 3841 2158 3842
f 3842 2158 2156
f 3842 2156 3843
f 3843 2156 2154
f 3843 2154 3844
f 3844 2154 2152
f 3844 2152 3845
f 3845 2152 2150
f 3845 2150 3846
f 3846 2150 2148
f 3846 2148 3847
f 3847 2148 2146
f 3847 2146 3848
f 3848 2146 2132
f 3848 2132 3849
f 3849 2132 3850
f 3849 3850 3851
f 3851 3850 3852
f 3851 3852 3853
f 3853 3852 3854
f 3853 3854 3855
f 3855 3854 3856
f 3855 3856 3540
f 3540 3856 3541
f 2132 2119 3850
f 3850 2119 3857
f 3850 3857 3852
f 3852 3857 3858
f 3852 3858 3854
f 3854 3858 3859
f 3854 3859 3856
f 3856 3859 3860
f 3856 3860 3541
f 3541 3860 3542
f 2119 2106 3857
f 3857 2106 3861
f 3857 3861 3858
f 3858 3861 3862
f 3858 3862 3859
f 3859 3862 3863
f 3859 3863 3860
f 3860 3863 3864
f 3860 3864 3542
f 3542 3864 3543
f 2106 2093 3861
f 3861 2093 3865
f 3861 3865 3862
f 3862 3865 3866
f 3862 3866 3863
f 3863 3866 3867
f 3863 3867 3864
f 3864 3867 3868
f 3864 3868 3543
f 3543 3868 3544
f 2093 2080 3865
f 3865 2080 3869
f 3865 3869 3866
f 3866 3869 3870
f 3866 3870 3867
f 3867 3870 3871
f 3867 3871 3868
f 3868 3871 3872
f 3868 3872 3544
f 3544 3872 3545
f 2080 2067 3869
f 3869 2067 3873
f 3869 3873 3870
f 3870 3873 3874
f 3870 3874 3871
f 3871 3874 3875
f 3871 3875 3872
f 3872 3875 3876
f 3872 3876 3545
f 3545 3876 3546
f 2067 2054 3873
f 3873 2054 3877
f 3873 3877 3874
f 3874 3877 3878
f 3874 3878 3875
f 3875 3878 3879
f 3875 3879 3876
f 3876 3879 3880
f 3876 3880 3546
f 3546 3880 3547
f 2054 2041 3877
f 3877 2041 3881
f 3877 3881 3878
f 3878 3881 3882
f 3878 3882 3879
f 3879 3882 3883
f 3879 3883 3880
f 3880 3883 3884
f 3880 3884 3547
f 3547 3884 3548
f 2041 2028 3881
f 3881 2028 3885
f 3881 3885 3882
f 3882 3885 3886
f 3882 3886 3883
f 3883 3886 3887
f 3883 3887 3884
f 3884 3887 3888
f 3884 3888 3548
f 3548 3888 3549
f 2028 2015 3885
f 3885 2015 3889
f 3885 3889 3886
f 3886 3889 3890
f 3886 3890 3887
f 3887 3890 3891
f 3887 3891 3888
f 3888 3891 3892
f 3888 3892 3549
f 3549 3892 3550
f 2015 2002 3889
f 3889 2002 3893
f 3889 3893 3890
f 3890 3893 3894
f 3890 3894 3891
f 3891 3894 3895
f 3891 3895 3892
f 3892 3895 3896
f 3892 3896 3550
f 3550 3896 3551
f 2002 1989 3893
f 3893 1989 3897
f 3893 3897 3894
f 3894 3897 3898
f 3894 3898 3895
f 3895 3898 3899
f 3895 3899 3896
f 3896 3899 3900
f 3896 3900 3551
f 3551 3900 3552
f 1989 1976 3897
f 3897 1976 3901
f 3897 3901 3898
f 3898 3901 3902
f 3898 3902 3899
f 3899 3902 3903
f 3899 3903 3900
f 3900 3903 3904
f 3900 3904 3552
f 3552 3904 3553
f 1976 1963 3901
f 3901 1963 3905
f 3901 3905 3902
f 3902 3905 3906
f 3902 3906 3903
f 3903 3906 3907
f 3903 3907 3904
f 3904 3907 3908
f 3904 3908 3553
f 3553 3908 3554
f 1963 1950 3905
f 3905 1950 3909
f 3905 3909 3906
f 3906 3909 3910
f 3906 3910 3907
f 3907 3910 3911
f 3907 3911 3908
f 3908 3911 3912
f 3908 3912 3554
f 3554 3912 3555
f 1950 1937 3909
f 3909 1937 3913
f 3909 3913 3910
f 3910 3913 3914
f 3910 3914 3911
f 3911 3914 3915
f 3911 3915 3912
f 3912 3915 3916
f 3912 3916 3555
f 3555 3916 3556
f 1937 1924 3913
f 3913 1924 3917
f 3913 3917 3914
f 3914 3917 3918
f 3914 3918 3915
f 3915 3918 3919
f 3915 3919 3916
f 3916 3919 3920
f 3916 3920 3556
f 3556 3920 3557
f 1924 1911 3917
f 3917 1911 3921
f 3917 3921 3918
f 3918 3921 3922
f 3918 3922 3919
f 3919 3922 3923
f 3919 3923 3920
f 3920 3923 3924
f 3920 3924 3557
f 3557 3924 3558
f 1911 1898 3921
f 3921 1898 3925
f 3921 3925 3922
f 3922 3925 3926
f 3922 3926 3923
f 3923 3926 3927
f 3923 3927 3924
f 3924 3927 3928
f 3924 3928 3558
f 3558 3928 3559
f 1898 1885 3925
f 3925 1885 3929
f 3925 3929 3926
f 3926 3929 3930
f 3926 3930 3927
f 3927 3930 3931
f 3927 3931 3928
f 3928 3931 3932
f 3928 3932 3559
f 3559 3932 3560
f 1885 1872 3929
f 3929 1872 3933
f 3929 3933 3930
f 3930 3933 3934
f 3930 3934 3931
f 3931 3934 3935
f 3931 3935 3932
f 3932 3935 3936
f 3932 3936 3560
f 3560 3936 3561
f 1872 1859 3933
f 3933 1859 3937
f 3933 3937 3934
f 3934 3937 3938
f 3934 3938 3935
f 3935 3938 3939
f 3935 3939 3936
f 3936 3939 3940
f 3936 3940 3561
f 3561 3940 3562
f 1859 1846 3937
f 3937 1846 3941
f 3937 3941 3938
f 3938 3941 3942
f 3938 3942 3939
f 3939 3942 3943
f 3939 3943 3940
f 3940 3943 3944
f 3940 3944 3562
f 3562 3944 3563
f 1846 1833 3941
f 3941 1833 3945
f 3941 3945 3942
f 3942 3945 3946
f 3942 3946 3943
f 3943 3946 3947
f 3943 3947 3944
f 3944 3947 3948
f 3944 3948 3563
f 3563 3948 3564
f 1833 1820 3945
f 3945 1820 3949
f 3945 3949 3946
f 3946 3949 3950
f 3946 3950 3947
f 3947 3950 3951
f 3947 3951 3948
f 3948 3951 3952
f 3948 3952 3564
f 3564 3952 3565
f 1820 1807 3949
f 3949 1807 3953
f 3949 3953 3950
f 3950 3953 3954
f 3950 3954 3951
f 3951 3954 3955
f 3951 3955 3952
f 3952 3955 3956
f 3952 3956 3565
f 3565 3956 3566
f 1807 1794 3953
f 3953 1794 3957
f 3953 3957 3954
f 3954 3957 3958
f 3954 3958 3955
f 3955 3958 3959
f 3955 3959 3956
f 3956 3959 3960
f 3956 3960 3566
f 3566 3960 3567
f 1794 1781 3957
f 3957 1781 3961
f 3957 3961 3958
f 3958 3961 3962
f 3958 3962 3959
f 3959 3962 3963
f 3959 3963 3960
f 3960 3963 3964
f 3960 3964 3567
f 3567 3964 3568
f 1781 1768 3961
f 3961 1768 3965
f 3961 3965 3962
f 3962 3965 3966
f 3962 3966 3963
f 3963 3966 3967
f 3963 3967 3964
f 3964 3967 3968
f 3964 3968 3568
f 3568 3968 3569
f 1768 1755 3965
f 3965 1755 3969
f 3965 3969 3966
f 3966 3969 3970
f 3966 3970 3967
f 3967 3970 3971
f 3967 3971 3968
f 3968 3971 3972
f 3968 3972 3569
f 3569 3972 3570
f 1755 1742 3969
f 3969 1742 3973
f 3969 3973 3970
f 3970 3973 3974
f 3970 3974 3971
f 3971 3974 3975
f 3971 3975 3972
f 3972 3975 3976
f 3972 3976 3570
f 3570 3976 3571
f 1742 1717 3973
f 3973 1717 3977
f 3973 3977 3974
f 3974 3977 3978
f 3974 3978 3975
f 3975 3978 3979
f 3975 3979 3976
f 3976 3979 3980
f 3976 3980 3571
f 3571 3980 3572
f 3977 1717 3981
f 3981 1717 1715
f 3981 1715 3982
f 3982 1715 1713
f 3982 1713 3983
f 3983 1713 1711
f 3983 1711 3984
f 3984 1711 1709
f 3984 1709 3985
f 3985 1709 1707
f 3985 1707 3986
f 3986 1707 1705
f 3986 1705 3987
f 3987 1705 1703
f 3987 1703 3988
f 3988 1703 1701
f 3988 1701 3989
f 3989 1701 1699
f 3989 1699 3990
f 3990 1699 1697
f 3990 1697 3991
f 3991 1697 1695
f 3991 1695 3992
f 3992 1695 1693
f 3992 1693 3993
f 3993 1693 1691
f 3993 1691 3994
f 3994 1691 1689
f 3994 1689 3995
f 3995 1689 1687
f 3995 1687 3996
f 3996 1687 1685
f 3996 1685 3997
f 3997 1685 1683
f 3997 1683 3998
f 3998 1683 1681
f 3998 1681 3999
f 3999 1681 1679
f 3999 1679 4000
f 4000 1679 1677
f 4000 1677 4001
f 4001 1677 1675
f 4001 1675 4002
f 4002 1675 1673
f 4002 1673 4003
f 4003 1673 1671
f 4003 1671 4004
f 4004 1671 1669
f 4004 1669 4005
f 4005 1669 1667
f 4005 1667 4006
f 4006 1667 1665
f 4006 1665 4007
f 4007 1665 1663
f 4007 1663 4008
f 4008 1663 1661
f 4008 1661 4009
f 4009 1661 1659
f 4009 1659 4010
f 4010 1659 1657
f 4010 1657 4011
f 4011 1657 1643
f 4011 1643 4012
f 4012 1643 4013
f 4012 4013 4014
f 4014 4013 4015
f 4014 4015 4016
f 4016 4015 4017
f 4016 4017 4018
f 4018 4017 4019
f 4018 4019 3604
f 3604 4019 3605
f 1643 1630 4013
f 4013 1630 4020
f 4013 4020 4015
f 4015 4020 4021
f 4015 4021 4017
f 4017 4021 4022
f 4017 4022 4019
f 4019 4022 4023
f 4019 4023 3605
f 3605 4023 3606
f 1630 1617 4020
f 4020 1617 4024
f 4020 4024 4021
f 4021 4024 4025
f 4021 4025 4022
f 4022 4025 4026
f 4022 4026 4023
f 4023 4026 4027
f 4023 4027 3606
f 3606 4027 3607
f 1617 1604 4024
f 4024 1604 4028
f 4024 4028 4025
f 4025 4028 4029
f 4025 4029 4026
f 4026 4029 4030
f 4026 4030 4027
f 4027 4030 4031
f 4027 4031 3607
f 3607 4031 3608
f 1604 1591 4028
f 4028 1591 4032
f 4028 4032 4029
f 4029 4032 4033
f 4029 4033 4030
f 4030 4033 4034
f 4030 4034 4031
f 4031 4034 4035
f 4031 4035 3608
f 3608 4035 3609
f 1591 1578 4032
f 4032 1578 4036
f 4032 4036 4033
f 4033 4036 4037
f 4033 4037 4034
f 4034 4037 4038
f 4034 4038 4035
f 4035 4038 4039
f 4035 4039 3609
f 3609 4039 3610
f 1578 1565 4036
f 4036 1565 4040
f 4036 4040 4037
f 4037 4040 4041
f 4037 4041 4038
f 4038 4041 4042
f 4038 4042 4039
f 4039 4042 4043
f 4039 4043 3610
f 3610 4043 3611
f 1565 1552 4040
f 4040 1552 4044
f 4040 4044 4041
f 4041 4044 4045
f 4041 4045 4042
f 4042 4045 4046
f 4042 4046 4043
f 4043 4046 4047
f 4043 4047 3611
f 3611 4047 3612
f 1552 1539 4044
f 4044 1539 4048
f 4044 4048 4045
f 4045 4048 4049
f 4045 4049 4046
f 4046 4049 4050
f 4046 4050 4047
f 4047 4050 4051
f 4047 4051 3612
f 3612 4051 3613
f 1539 1526 4048
f 4048 1526 4052
f 4048 4052 4049
f 4049 4052 4053
f 4049 4053 4050
f 4050 4053 4054
f 4050 4054 4051
f 4051 4054 4055
f 4051 4055 3613
f 3613 4055 3614
f 1526 1513 4052
f 4052 1513 4056
f 4052 4056 4053
f 4053 4056 4057
f 4053 4057 4054
f 4054 4057 4058
f 4054 4058 4055
f 4055 4058 4059
f 4055 4059 3614
f 3614 4059 3615
f 1513 1500 4056
f 4056 1500 4060
f 4056 4060 4057
f 4057 4060 4061
f 4057 4061 4058
f 4058 4061 4062
f 4058 4062 4059
f 4059 4062 4063
f 4059 4063 3615
f 3615 4063 3616
f 1500 1487 4060
f 4060 1487 4064
f 4060 4064 4061
f 4061 4064 4065
f 4061 4065 4062
f 4062 4065 4066
f 4062 4066 4063
f 4063 4066 4067
f 4063 4067 3616
f 3616 4067 3617
f 1487 1474 4064
f 4064 1474 4068
f 4064 4068 4065
f 4065 4068 4069
f 4065 4069 4066
f 4066 4069 4070
f 4066 4070 4067
f 4067 4070 4071
f 4067 4071 3617
f 3617 4071 3618
f 1474 1461 4068
f 4068 1461 4072
f 4068 4072 4069
f 4069 4072 4073
f 4069 4073 4070
f 4070 4073 4074
f 4070 4074 4071
f 4071 4074 4075
f 4071 4075 3618
f 3618 4075 3619
f 1461 1448 4072
f 4072 1448 4076
f 4072 4076 4073
f 4073 4076 4077
f 4073 4077 4074
f 4074 4077 4078
f 4074 4078 4075
f 4075 4078 4079
f 4075 4079 3619
f 3619 4079 3620
f 1448 1435 4076
f 4076 1435 4080
f 4076 4080 4077
f 4077 4080 4081
f 4077 4081 4078
f 4078 4081 4082
f 4078 4082 4079
f 4079 4082 4083
f 4079 4083 3620
f 3620 4083 3621
f 1435 1422 4080
f 4080 1422 4084
f 4080 4084 4081
f 4081 4084 4085
f 4081 4085 4082
f 4082 4085 4086
f 4082 4086 4083
f 4083 4086 4087
f 4083 4087 3621
f 3621 4087 3622
f 1422 1409 4084
f 4084 1409 4088
f 4084 4088 4085
f 4085 4088 4089
f 4085 4089 4086
f 4086 4089 4090
f 4086 4090 4087
f 4087 4090 4091
f 4087 4091 3622
f 3622 4091 3623
f 1409 1396 4088
f 4088 1396 4092
f 4088 4092 4089
f 4089 4092 4093
f 4089 4093 4090
f 4090 4093 4094
f 4090 4094 4091
f 4091 4094 4095
f 4091 4095 3623
f 3623 4095 3624
f 1396 1383 4092
f 4092 1383 4096
f 4092 4096 4093
f 4093 4096 4097
f 4093 4097 4094
f 4094 4097 4098
f 4094 4098 4095
f 4095 4098 4099
f 4095 4099 3624
f 3624 4099 3625
f 1383 1370 4096
f 4096 1370 4100
f 4096 4100 4097
f 4097 4100 4101
f 4097 4101 4098
f 4098 4101 4102
f 4098 4102 4099
f 4099 4102 4103
f 4099 4103 3625
f 3625 4103 3626
f 1370 1357 4100
f 4100 1357 4104
f 4100 4104 4101
f 4101 4104 4105
f 4101 4105 4102
f 4102 4105 4106
f 4102 4106 4103
f 4103 4106 4107
f 4103 4107 3626
f 3626 4107 3627
f 1357 1344 4104
f 4104 1344 4108
f 4104 4108 4105
f 4105 4108 4109
f 4105 4109 4106
f 4106 4109 4110
f 4106 4110 4107
f 4107 4110 4111
f 4107 4111 3627
f 3627 4111 3628
f 1344 1331 4108
f 4108 1331 4112
f 4108 4112 4109
f 4109 4112 4113
f 4109 4113 4110
f 4110 4113 4114
f 4110 4114 4111
f 4111 4114 4115
f 4111 4115 3628
f 3628 4115 3629
f 1331 1318 4112
f 4112 1318 4116
f 4112 4116 4113
f 4113 4116 4117
f 4113 4117 4114
f 4114 4117 4118
f 4114 4118 4115
f 4115 4118 4119
f 4115 4119 3629
f 3629 4119 3630
f 1318 1305 4116
f 4116 1305 4120
f 4116 4120 4117
f 4117 4120 4121
f 4117 4121 4118
f 4118 4121 4122
f 4118 4122 4119
f 4119 4122 4123
f 4119 4123 3630
f 3630 4123 3631
f 1305 1292 4120
f 4120 1292 4124
f 4120 4124 4121
f 4121 4124 4125
f 4121 4125 4122
f 4122 4125 4126
f 4122 4126 4123
f 4123 4126 4127
f 4123 4127 3631
f 3631 4127 3632
f 1292 1279 4124
f 4124 1279 4128
f 4124 4128 4125
f 4125 4128 4129
f 4125 4129 4126
f 4126 4129 4130
f 4126 4130 4127
f 4127 4130 4131
f 4127 4131 3632
f 3632 4131 3633
f 1279 1266 4128
f 4128 1266 4132
f 4128 4132 4129
f 4129 4132 4133
f 4129 4133 4130
f 4130 4133 4134
f 4130 4134 4131
f 4131 4134 4135
f 4131 4135 3633
f 3633 4135 3634
f 1266 1253 4132
f 4132 1253 4136
f 4132 4136 4133
f 4133 4136 4137
f 4133 4137 4134
f 4134 4137 4138
f 4134 4138 4135
f 4135 4138 4139
f 4135 4139 3634
f 3634 4139 3635
f 1253 1228 4136
f 4136 1228 4140
f 4136 4140 4137
f 4137 4140 4141
f 4137 4141 4138
f 4138 4141 4142
f 4138 4142 4139
f 4139 4142 4143
f 4139 4143 3635
f 3635 4143 3636
f 4140 1228 4144
f 4144 1228 1226
f 4144 1226 4145
f 4145 1226 1224
f 4145 1224 4146
f 4146 1224 1222
f 4146 1222 4147
f 4147 1222 1220
f 4147 1220 4148
f 4148 1220 1218
f 4148 1218 4149
f 4149 1218 1216
f 4149 1216 4150
f 4150 1216 1214
f 4150 1214 4151
f 4151 1214 1212
f 4151 1212 4152
f 4152 1212 391
f 4152 391 393
f 1212 1210 391
f 391 1210 389
f 1210 1208 389
f 389 1208 387
f 1208 1206 387
f 387 1206 385
f 1206 1204 385
f 385 1204 383
f 1204 381 383
f 362 1191 360
f 360 1191 4153
f 360 4153 358
f 358 4153 4154
f 358 4154 356
f 356 4154 4155
f 356 4155 354
f 354 4155 4156
f 354 4156 352
f 352 4156 4157
f 352 4157 350
f 350 4157 4158
f 350 4158 348
f 348 4158 4159
f 348 4159 346
f 346 4159 4160
f 346 4160 344
f 344 4160 4161
f 344 4161 342
f 342 4161 4162
f 342 4162 340
f 340 4162 4163
f 340 4163 4164
f 4164 4163 338
f 4164 338 340
f 1191 1189 4153
f 4153 1189 4165
f 4153 4165 4154
f 4154 4165 4166
f 4154 4166 4155
f 4155 4166 4167
f 4155 4167 4156
f 4156 4167 4168
f 4156 4168 4157
f 4157 4168 4169
f 4157 4169 4158
f 4158 4169 4170
f 4158 4170 4159
f 4159 4170 4171
f 4159 4171 4160
f 4160 4171 4172
f 4160 4172 4161
f 4161 4172 4173
f 4161 4173 4162
f 4162 4173 4174
f 4162 4174 4175
f 4175 4174 4163
f 4175 4163 4162
f 1189 1187 4165
f 4165 1187 4176
f 4165 4176 4166
f 4166 4176 4177
f 4166 4177 4167
f 4167 4177 4178
f 4167 4178 4168
f 4168 4178 4179
f 4168 4179 4169
f 4169 4179 4180
f 4169 4180 4170
f 4170 4180 4181
f 4170 4181 4171
f 4171 4181 4182
f 4171 4182 4172
f 4172 4182 4183
f 4172 4183 4173
f 4173 4183 4184
f 4173 4184 4185
f 4185 4184 4174
f 4185 4174 4173
f 1187 1185 4176
f 4176 1185 4186
f 4176 4186 4177
f 4177 4186 4187
f 4177 4187 4178
f 4178 4187 4188
f 4178 4188 4179
f 4179 4188 4189
f 4179 4189 4180
f 4180 4189 4190
f 4180 4190 4181
f 4181 4190 4191
f 4181 4191 4182
f 4182 4191 4192
f 4182 4192 4183
f 4183 4192 4193
f 4183 4193 4194
f 4194 4193 4195
f 4194 4195 4184
f 4184 4195 4196
f 4184 4196 4197
f 4197 4196 125
f 4197 125 127
f 1185 1183 4186
f 4186 1183 4198
f 4186 4198 4187
f 4187 4198 4199
f 4187 4199 4188
f 4188 4199 4200
f 4188 4200 4189
f 4189 4200 4201
f 4189 4201 4190
f 4190 4201 4202
f 4190 4202 4191
f 4191 4202 4203
f 4191 4203 4192
f 4192 4203 4204
f 4192 4204 4193
f 4193 4204 4205
f 4193 4205 4195
f 4195 4205 4206
f 4195 4206 4207
f 4207 4206 4208
f 4207 4208 123
f 123 4208 121
f 1183 1181 4198
f 4198 1181 4209
f 4198 4209 4199
f 4199 4209 4210
f 4199 4210 4200
f 4200 4210 4211
f 4200 4211 4201
f 4201 4211 4212
f 4201 4212 4202
f 4202 4212 4213
f 4202 4213 4203
f 4203 4213 4214
f 4203 4214 4204
f 4204 4214 4215
f 4204 4215 4205
f 4205 4215 4216
f 4205 4216 4206
f 4206 4216 4217
f 4206 4217 4208
f 4208 4217 4218
f 4208 4218 121
f 121 4218 119
f 1181 1179 4209
f 4209 1179 4219
f 4209 4219 4210
f 4210 4219 4220
f 4210 4220 4211
f 4211 4220 4221
f 4211 4221 4212
f 4212 4221 4222
f 4212 4222 4213
f 4213 4222 4223
f 4213 4223 4214
f 4214 4223 4224
f 4214 4224 4215
f 4215 4224 4225
f 4215 4225 4216
f 4216 4225 4226
f 4216 4226 4217
f 4217 4226 4227
f 4217 4227 4218
f 4218 4227 4228
f 4218 4228 119
f 119 4228 4229
f 119 4229 117
f 117 4229 115
f 1179 1155 4219
f 4219 1155 4230
f 4219 4230 4220
f 4220 4230 4231
f 4220 4231 4221
f 4221 4231 4232
f 4221 4232 4222
f 4222 4232 4233
f 4222 4233 4223
f 4223 4233 4234
f 4223 4234 4235
f 4235 4234 4236
f 4235 4236 4237
f 4237 4236 4238
f 4237 4238 4239
f 4239 4238 4240
f 4239 4240 4241
f 4241 4240 4242
f 4241 4242 4243
f 4243 4242 4244
f 4243 4244 4245
f 4245 4244 113
f 4245 113 115
f 4230 1155 4246
f 4246 1155 1132
f 4246 1132 4247
f 4247 1132 1110
f 4247 1110 4248
f 4248 1110 4249
f 4248 4249 4250
f 4250 4249 4251
f 4250 4251 4233
f 4233 4251 4234
f 1110 1086 4249
f 4249 1086 4252
f 4249 4252 4253
f 4253 4252 4254
f 4253 4254 4255
f 4255 4254 4256
f 4255 4256 4257
f 4257 4256 4258
f 4257 4258 4259
f 4259 4258 4260
f 4259 4260 4261
f 4261 4260 4262
f 4261 4262 4263
f 4263 4262 4264
f 4263 4264 4265
f 4265 4264 4266
f 4265 4266 109
f 109 4266 107
f 1086 1063 4252
f 4252 1063 4267
f 4252 4267 4254
f 4254 4267 4268
f 4254 4268 4256
f 4256 4268 4269
f 4256 4269 4258
f 4258 4269 4270
f 4258 4270 4260
f 4260 4270 4271
f 4260 4271 4272
f 4272 4271 4273
f 4272 4273 4274
f 4274 4273 4275
f 4274 4275 4276
f 4276 4275 4277
f 4276 4277 4278
f 4278 4277 4279
f 4278 4279 105
f 105 4279 103
f 1063 1040 4267
f 4267 1040 4280
f 4267 4280 4268
f 4268 4280 4281
f 4268 4281 4269
f 4269 4281 4282
f 4269 4282 4270
f 4270 4282 4283
f 4270 4283 4271
f 4271 4283 4284
f 4271 4284 4273
f 4273 4284 4285
f 4273 4285 4275
f 4275 4285 4286
f 4275 4286 4277
f 4277 4286 4287
f 4277 4287 4279
f 4279 4287 4288
f 4279 4288 103
f 103 4288 101
f 1040 1017 4280
f 4280 1017 4289
f 4280 4289 4281
f 4281 4289 4290
f 4281 4290 4282
f 4282 4290 4291
f 4282 4291 4283
f 4283 4291 4292
f 4283 4292 4284
f 4284 4292 4293
f 4284 4293 4285
f 4285 4293 4294
f 4285 4294 4286
f 4286 4294 4295
f 4286 4295 4287
f 4287 4295 4296
f 4287 4296 4288
f 4288 4296 4297
f 4288 4297 101
f 101 4297 99
f 1017 994 4289
f 4289 994 4290
f 4290 994 4291
f 4291 994 971
f 4291 971 4298
f 4298 971 935
f 4298 935 4299
f 4299 935 324
f 4299 324 4300
f 4300 324 155
f 4300 155 4301
f 4301 155 156
f 4301 156 4302
f 4302 156 158
f 4302 158 4303
f 4303 158 160
f 4303 160 4304
f 4304 160 162
f 4304 162 4305
f 4305 162 164
f 4305 164 4306
f 4306 164 166
f 4306 166 4307
f 4307 166 168
f 4307 168 4308
f 4308 168 170
f 4308 170 4309
f 4309 170 172
f 4309 172 4310
f 4310 172 174
f 4310 174 4311
f 4311 174 176
f 4311 176 4312
f 4312 176 178
f 4312 178 4313
f 4313 178 180
f 4313 180 4314
f 4314 180 182
f 4314 182 4315
f 4315 182 184
f 4315 184 4316
f 4316 184 186
f 4316 186 4317
f 4317 186 188
f 4317 188 4318
f 4318 188 323
f 4318 323 4319
f 4319 323 322
f 4319 322 4320
f 4320 322 321
f 4320 321 4321
f 4320 4321 4322
f 4322 4321 4323
f 4322 4323 4324
f 4324 4323 4325
f 4324 4325 4326
f 4326 4325 4327
f 4326 4327 4328
f 4328 4327 4329
f 4328 4329 4330
f 4330 4329 4331
f 4330 4331 4332
f 4332 4331 4333
f 4332 4333 4334
f 4334 4333 4335
f 4334 4335 4336
f 4336 4335 4337
f 4336 4337 4338
f 4338 4337 4339
f 4338 4339 4340
f 4340 4339 4341
f 4340 4341 4342
f 4342 4341 4343
f 4342 4343 4344
f 4344 4343 4345
f 4344 4345 4346
f 4346 4345 4347
f 4346 4347 4348
f 4348 4347 4349
f 4348 4349 4350
f 4350 4349 4351
f 4350 4351 4352
f 4352 4351 4353
f 4352 4353 4354
f 4354 4353 4355
f 4354 4355 4356
f 4356 4355 4357
f 4356 4357 4358
f 4358 4357 4359
f 4358 4359 4360
f 4360 4359 4361
f 4360 4361 4362
f 4362 4361 4363
f 4362 4363 4364
f 4364 4363 4294
f 4364 4294 4293
f 4323 4365 4325
f 4325 4365 4366
f 4325 4366 4327
f 4327 4366 4367
f 4327 4367 4329
f 4329 4367 4368
f 4329 4368 4331
f 4331 4368 4369
f 4331 4369 4333
f 4333 4369 4370
f 4333 4370 4335
f 4335 4370 4371
f 4335 4371 4337
f 4337 4371 4372
f 4337 4372 4339
f 4339 4372 4373
f 4339 4373 4341
f 4341 4373 4374
f 4341 4374 4343
f 4343 4374 4375
f 4343 4375 4345
f 4345 4375 4376
f 4345 4376 4347
f 4347 4376 4377
f 4347 4377 4349
f 4349 4377 4378
f 4349 4378 4351
f 4351 4378 4379
f 4351 4379 4353
f 4353 4379 4380
f 4353 4380 4355
f 4355 4380 4381
f 4355 4381 4357
f 4357 4381 4382
f 4357 4382 4359
f 4359 4382 4383
f 4359 4383 4361
f 4361 4383 4384
f 4361 4384 4363
f 4363 4384 4295
f 4363 4295 4294
f 4365 4385 4366
f 4366 4385 4386
f 4366 4386 4367
f 4367 4386 4387
f 4367 4387 4368
f 4368 4387 4388
f 4368 4388 4369
f 4369 4388 4389
f 4369 4389 4370
f 4370 4389 4390
f 4370 4390 4371
f 4371 4390 4391
f 4371 4391 4372
f 4372 4391 4392
f 4372 4392 4373
f 4373 4392 4393
f 4373 4393 4374
f 4374 4393 4394
f 4374 4394 4375
f 4375 4394 4395
f 4375 4395 4376
f 4376 4395 4396
f 4376 4396 4377
f 4377 4396 4397
f 4377 4397 4378
f 4378 4397 4398
f 4378 4398 4379
f 4379 4398 4399
f 4379 4399 4380
f 4380 4399 4400
f 4380 4400 4381
f 4381 4400 4401
f 4381 4401 4382
f 4382 4401 4402
f 4382 4402 4383
f 4383 4402 4403
f 4383 4403 4384
f 4384 4403 4296
f 4384 4296 4295
f 4385 4404 4386
f 4386 4404 4405
f 4386 4405 4387
f 4387 4405 4406
f 4387 4406 4388
f 4388 4406 4407
f 4388 4407 4389
f 4389 4407 4408
f 4389 4408 4390
f 4390 4408 4409
f 4390 4409 4391
f 4391 4409 4410
f 4391 4410 4392
f 4392 4410 4411
f 4392 4411 4393
f 4393 4411 4412
f 4393 4412 4394
f 4394 4412 4413
f 4394 4413 4395
f 4395 4413 4414
f 4395 4414 4396
f 4396 4414 4415
f 4396 4415 4397
f 4397 4415 4416
f 4397 4416 4398
f 4398 4416 4417
f 4398 4417 4399
f 4399 4417 4418
f 4399 4418 4400
f 4400 4418 4419
f 4400 4419 4401
f 4401 4419 4420
f 4401 4420 4402
f 4402 4420 4421
f 4402 4421 4403
f 4403 4421 4297
f 4403 4297 4296
f 4404 4422 4405
f 4405 4422 4423
f 4405 4423 4406
f 4406 4423 69
f 4406 69 4407
f 4407 69 71
f 4407 71 4408
f 4408 71 73
f 4408 73 4409
f 4409 73 75
f 4409 75 4410
f 4410 75 77
f 4410 77 4411
f 4411 77 79
f 4411 79 4412
f 4412 79 81
f 4412 81 4413
f 4413 81 83
f 4413 83 4414
f 4414 83 85
f 4414 85 4415
f 4415 85 87
f 4415 87 4416
f 4416 87 89
f 4416 89 4417
f 4417 89 91
f 4417 91 4418
f 4418 91 93
f 4418 93 4419
f 4419 93 95
f 4419 95 4420
f 4420 95 97
f 4420 97 4421
f 4421 97 99
f 4421 99 4297
f 4423 4422 67
f 67 4422 4424
f 67 4424 65
f 334 135 137
f 4425 4426 4427
f 4427 4426 4428
f 4427 4428 4429
f 4429 4428 4430
f 4429 4430 4431
f 4431 4430 4432
f 4431 4432 4433
f 4433 4432 4434
f 4433 4434 4435
f 4435 4434 4436
f 4435 4436 146
f 146 4436 148
f 4426 4425 4437
f 4437 4425 4438
f 4437 4438 247
f 247 4438 245
f 244 114 112
f 120 118 4439
f 4439 118 4440
f 4439 4440 120
f 120 4440 4441
f 120 4441 4442
f 4442 4441 4443
f 4442 4443 4444
f 4444 4445 4442
f 4442 4445 4446
f 4442 4446 4447
f 4447 4446 4448
f 4447 4448 4449
f 4449 4448 4450
f 4449 4450 130
f 130 4450 134
f 4445 4451 4446
f 4446 4451 4452
f 4446 4452 4448
f 4448 4452 4453
f 4448 4453 4450
f 4450 4453 4454
f 4450 4454 134
f 134 4454 136
f 4452 4451 4455
f 4455 4451 4427
f 4455 4427 4429
f 4456 4457 4458
f 4458 4457 4459
f 4458 4459 4460
f 4460 4459 4461
f 4460 4461 4462
f 4462 4461 4463
f 4462 4463 4464
f 4464 4463 4465
f 4464 4465 4466
f 4466 4465 4467
f 4466 4467 1174
f 1174 4467 1175
f 4456 4468 4457
f 4457 4468 4469
f 4457 4469 4459
f 4459 4469 4470
f 4459 4470 4461
f 4461 4470 4471
f 4461 4471 4463
f 4463 4471 4472
f 4463 4472 4465
f 4465 4472 4473
f 4465 4473 4467
f 4467 4473 4474
f 4467 4474 1175
f 1175 4474 1176
f 4475 4476 4468
f 4468 4476 4477
f 4468 4477 4469
f 4469 4477 4478
f 4469 4478 4479
f 4479 4478 4480
f 4479 4480 4481
f 4481 4480 4482
f 4481 4482 4483
f 4483 4482 402
f 4483 402 400
f 4476 4475 4477
f 4477 4475 4484
f 4477 4484 4485
f 4485 4484 4486
f 4485 4486 4487
f 4485 4487 4488
f 4488 4487 4489
f 4488 4489 4490
f 4490 4489 4491
f 4490 4491 4492
f 4492 4491 4493
f 4492 4493 4494
f 4494 4493 4495
f 4494 4495 4496
f 4496 4495 4497
f 4496 4497 4498
f 4498 4497 4499
f 4498 4499 4500
f 4500 4499 4501
f 4500 4501 4502
f 4502 4501 4503
f 4502 4503 4504
f 4504 4503 4505
f 4504 4505 4506
f 4506 4505 4507
f 4506 4507 4508
f 4508 4507 4509
f 4508 4509 4510
f 4510 4509 1165
f 4510 1165 1164
f 4489 4493 4491
f 4493 4511 4495
f 4495 4511 4512
f 4495 4512 4497
f 4497 4512 4513
f 4497 4513 4499
f 4499 4513 4514
f 4499 4514 4501
f 4501 4514 4515
f 4501 4515 4503
f 4503 4515 4516
f 4503 4516 4505
f 4505 4516 4517
f 4505 4517 4507
f 4507 4517 4518
f 4507 4518 4509
f 4509 4518 1166
f 4509 1166 1165
f 4512 4511 4519
f 4519 4511 4520
f 4519 4520 4521
f 4521 4520 4522
f 4521 4522 4523
f 4523 4522 4458
f 4523 4458 4460
f 4524 4525 4526
f 4526 4525 4527
f 4526 4527 4528
f 4528 4527 412
f 4528 412 4529
f 4529 412 410
f 4529 410 4528
f 4530 4531 4524
f 4524 4531 4532
f 4524 4532 4533
f 4533 4532 4534
f 4533 4534 4535
f 4535 4534 4536
f 4535 4536 4537
f 4537 4536 4538
f 4537 4538 4539
f 4539 4538 4540
f 4539 4540 4541
f 4541 4540 4542
f 4541 4542 4543
f 4543 4542 4544
f 4543 4544 4545
f 4545 4544 4546
f 4545 4546 4547
f 4547 4546 4548
f 4547 4548 4549
f 4549 4548 1211
f 4549 1211 1213
f 4531 4530 4550
f 4550 4530 4551
f 4550 4551 4552
f 4550 4552 4553
f 4553 4552 4554
f 4553 4554 4555
f 4553 4555 408
f 408 4555 410
f 308 310 309
f 69 4423 67
f 4319 4320 4322
f 4322 4324 4556
f 4556 4324 4326
f 4556 4326 4557
f 4557 4326 4328
f 4557 4328 4558
f 4558 4328 4330
f 4558 4330 4559
f 4559 4330 4332
f 4559 4332 4560
f 4560 4332 4334
f 4560 4334 4561
f 4561 4334 4336
f 4561 4336 4562
f 4562 4336 4338
f 4562 4338 4563
f 4563 4338 4340
f 4563 4340 4564
f 4564 4340 4342
f 4564 4342 4565
f 4565 4342 4344
f 4565 4344 4566
f 4566 4344 4346
f 4566 4346 4567
f 4567 4346 4348
f 4567 4348 4568
f 4568 4348 4350
f 4568 4350 4569
f 4569 4350 4352
f 4569 4352 4570
f 4570 4352 4354
f 4570 4354 4571
f 4571 4354 4356
f 4571 4356 4572
f 4572 4356 4358
f 4572 4358 4573
f 4573 4358 4360
f 4573 4360 4574
f 4574 4360 4362
f 4574 4362 4575
f 4575 4362 4364
f 4575 4364 4576
f 4576 4364 4293
f 4576 4293 4292
f 4318 4319 4556
f 4556 4319 4322
f 4318 4556 4557
f 191 189 4577
f 4577 189 187
f 4577 187 4578
f 4578 187 185
f 4578 185 4579
f 4579 185 183
f 4579 183 4580
f 4580 183 181
f 4580 181 4581
f 4581 181 179
f 4581 179 4582
f 4582 179 177
f 4582 177 4583
f 4583 177 175
f 4583 175 4584
f 4584 175 173
f 4584 173 268
f 193 191 4585
f 4585 191 4577
f 4585 4577 4586
f 4586 4577 4578
f 4586 4578 4587
f 4587 4578 4579
f 4587 4579 4588
f 4588 4579 4580
f 4588 4580 4589
f 4589 4580 4581
f 4589 4581 4590
f 4590 4581 4582
f 4590 4582 4591
f 4591 4582 4583
f 4591 4583 4592
f 4592 4583 4584
f 4592 4584 4593
f 4593 4584 268
f 4593 268 266
f 195 193 4594
f 4594 193 4585
f 4594 4585 4595
f 4595 4585 4586
f 4595 4586 4596
f 4596 4586 4587
f 4596 4587 4597
f 4597 4587 4588
f 4597 4588 4598
f 4598 4588 4589
f 4598 4589 4599
f 4599 4589 4590
f 4599 4590 4600
f 4600 4590 4591
f 4600 4591 4601
f 4601 4591 4592
f 4601 4592 4602
f 4602 4592 4593
f 4602 4593 4603
f 4603 4593 266
f 4603 266 264
f 197 195 4604
f 4604 195 4594
f 4604 4594 4605
f 4605 4594 4595
f 4605 4595 4606
f 4606 4595 4596
f 4606 4596 4607
f 4607 4596 4597
f 4607 4597 4608
f 4608 4597 4598
f 4608 4598 4609
f 4609 4598 4599
f 4609 4599 4610
f 4610 4599 4600
f 4610 4600 4611
f 4611 4600 4601
f 4611 4601 4612
f 4612 4601 4602
f 4612 4602 4613
f 4613 4602 4603
f 4613 4603 4614
f 4614 4603 264
f 4614 264 262
f 199 197 4615
f 4615 197 4604
f 4615 4604 4616
f 4616 4604 4605
f 4616 4605 4617
f 4617 4605 4606
f 4617 4606 4618
f 4618 4606 4607
f 4618 4607 4619
f 4619 4607 4608
f 4619 4608 4620
f 4620 4608 4609
f 4620 4609 4621
f 4621 4609 4610
f 4621 4610 4622
f 4622 4610 4611
f 4622 4611 4623
f 4623 4611 4612
f 4623 4612 4624
f 4624 4612 4613
f 4624 4613 4625
f 4625 4613 4614
f 4625 4614 4626
f 4626 4614 262
f 4626 262 260
f 201 199 4627
f 4627 199 4615
f 4627 4615 4628
f 4628 4615 4616
f 4628 4616 4629
f 4629 4616 4617
f 4629 4617 4630
f 4630 4617 4618
f 4630 4618 4631
f 4631 4618 4619
f 4631 4619 4632
f 4632 4619 4620
f 4632 4620 4633
f 4633 4620 4621
f 4633 4621 4634
f 4634 4621 4622
f 4634 4622 4635
f 4635 4622 4623
f 4635 4623 4636
f 4636 4623 4624
f 4636 4624 4637
f 4637 4624 4625
f 4637 4625 4638
f 4638 4625 4626
f 4638 4626 4639
f 4639 4626 260
f 4639 260 258
f 284 205 285
f 285 205 203
f 285 203 4640
f 4640 203 4641
f 4640 4641 4642
f 4642 4641 4643
f 4642 4643 4644
f 4644 4643 4645
f 4644 4645 4646
f 4646 4645 4647
f 4646 4647 4648
f 4648 4647 4649
f 4648 4649 4650
f 4650 4649 4651
f 4650 4651 4652
f 4652 4651 4653
f 4652 4653 4654
f 4654 4653 4655
f 4654 4655 4656
f 4656 4655 4657
f 4656 4657 4658
f 4658 4657 4659
f 4658 4659 4660
f 4660 4659 4661
f 4660 4661 4662
f 4662 4661 4663
f 4662 4663 4664
f 4664 4663 4665
f 4664 4665 4666
f 4666 4665 4667
f 4666 4667 4668
f 4668 4667 256
f 4668 256 254
f 203 201 4641
f 4641 201 4627
f 4641 4627 4643
f 4643 4627 4628
f 4643 4628 4645
f 4645 4628 4629
f 4645 4629 4647
f 4647 4629 4630
f 4647 4630 4649
f 4649 4630 4631
f 4649 4631 4651
f 4651 4631 4632
f 4651 4632 4653
f 4653 4632 4633
f 4653 4633 4655
f 4655 4633 4634
f 4655 4634 4657
f 4657 4634 4635
f 4657 4635 4659
f 4659 4635 4636
f 4659 4636 4661
f 4661 4636 4637
f 4661 4637 4663
f 4663 4637 4638
f 4663 4638 4665
f 4665 4638 4639
f 4665 4639 4667
f 4667 4639 258
f 4667 258 256
f 277 276 278
f 286 285 4640
f 273 280 271
f 271 280 4669
f 271 4669 269
f 269 4669 224
f 269 224 223
f 4317 4318 4557
f 4317 4557 4558
f 306 200 202
f 306 202 300
f 313 196 198
f 313 198 307
f 304 306 300
f 304 300 299
f 311 313 307
f 311 307 305
f 209 218 216
f 211 209 216
f 296 304 299
f 301 305 303
f 296 299 4670
f 4670 299 298
f 4670 298 4671
f 4671 298 297
f 4671 297 296
f 296 4670 4671
f 302 301 303
f 286 4640 4672
f 4672 4640 4642
f 4672 4642 4673
f 4673 4642 4644
f 4673 4644 4674
f 4674 4644 4646
f 4674 4646 4675
f 4675 4646 4648
f 4675 4648 4676
f 4676 4648 4650
f 4676 4650 4677
f 4677 4650 4652
f 4677 4652 4678
f 4678 4652 4654
f 4678 4654 4679
f 4679 4654 4656
f 4679 4656 4680
f 4680 4656 4658
f 4680 4658 4681
f 4681 4658 4660
f 4681 4660 4682
f 4682 4660 4662
f 4682 4662 4683
f 4683 4662 4664
f 4683 4664 4684
f 4684 4664 4666
f 4684 4666 4685
f 4685 4666 4668
f 4685 4668 4686
f 4686 4668 254
f 4686 254 252
f 225 224 4669
f 225 4669 282
f 282 4669 280
f 4316 4317 4558
f 4316 4558 4559
f 286 4672 287
f 287 4672 4687
f 287 4687 288
f 288 4687 4688
f 288 4688 289
f 289 4688 4689
f 289 4689 228
f 228 4689 229
f 4687 4672 4673
f 226 225 282
f 4315 4316 4559
f 4315 4559 4560
f 4687 4673 4690
f 4690 4673 4674
f 4690 4674 4691
f 4691 4674 4675
f 4691 4675 4692
f 4692 4675 4676
f 4692 4676 4693
f 4693 4676 4677
f 4693 4677 4694
f 4694 4677 4678
f 4694 4678 4695
f 4695 4678 4679
f 4695 4679 4696
f 4696 4679 4680
f 4696 4680 4697
f 4697 4680 4681
f 4697 4681 4698
f 4698 4681 4682
f 4698 4682 4699
f 4699 4682 4683
f 4699 4683 4700
f 4700 4683 4684
f 4700 4684 4701
f 4701 4684 4685
f 4701 4685 4702
f 4702 4685 4686
f 4702 4686 4703
f 4703 4686 252
f 4703 252 250
f 4314 4315 4560
f 4314 4560 4561
f 4687 4690 4688
f 4688 4690 4704
f 4688 4704 4689
f 4689 4704 4705
f 4689 4705 229
f 229 4705 230
f 4704 4690 4691
f 4313 4314 4561
f 4313 4561 4562
f 4704 4691 4706
f 4706 4691 4692
f 4706 4692 4707
f 4707 4692 4693
f 4707 4693 4708
f 4708 4693 4694
f 4708 4694 4709
f 4709 4694 4695
f 4709 4695 4710
f 4710 4695 4696
f 4710 4696 4711
f 4711 4696 4697
f 4711 4697 4712
f 4712 4697 4698
f 4712 4698 4713
f 4713 4698 4699
f 4713 4699 4714
f 4714 4699 4700
f 4714 4700 4715
f 4715 4700 4701
f 4715 4701 4716
f 4716 4701 4702
f 4716 4702 4717
f 4717 4702 4703
f 4717 4703 4718
f 4718 4703 250
f 4718 250 248
f 4312 4313 4562
f 4312 4562 4563
f 4704 4706 4705
f 4705 4706 4719
f 4705 4719 230
f 230 4719 231
f 4719 4706 4707
f 4311 4312 4563
f 4311 4563 4564
f 4719 4707 4720
f 4720 4707 4708
f 4720 4708 4721
f 4721 4708 4709
f 4721 4709 4722
f 4722 4709 4710
f 4722 4710 4723
f 4723 4710 4711
f 4723 4711 4724
f 4724 4711 4712
f 4724 4712 4725
f 4725 4712 4713
f 4725 4713 4726
f 4726 4713 4714
f 4726 4714 4727
f 4727 4714 4715
f 4727 4715 4728
f 4728 4715 4716
f 4728 4716 4729
f 4729 4716 4717
f 4729 4717 4730
f 4730 4717 4718
f 4730 4718 4731
f 4731 4718 248
f 4731 248 246
f 4310 4311 4564
f 4310 4564 4565
f 232 231 4720
f 4720 231 4719
f 232 4720 4721
f 4309 4310 4565
f 4309 4565 4566
f 233 232 4721
f 233 4721 4722
f 4308 4309 4566
f 4308 4566 4567
f 171 169 267
f 267 169 4732
f 267 4732 265
f 265 4732 4733
f 265 4733 263
f 263 4733 4734
f 263 4734 261
f 261 4734 4735
f 261 4735 259
f 259 4735 4736
f 259 4736 257
f 257 4736 4737
f 257 4737 255
f 255 4737 4738
f 255 4738 253
f 253 4738 4739
f 253 4739 251
f 251 4739 4740
f 251 4740 249
f 249 4740 4437
f 249 4437 247
f 234 233 4722
f 234 4722 4723
f 4307 4308 4567
f 4307 4567 4568
f 169 167 4732
f 4732 167 4741
f 4732 4741 4733
f 4733 4741 4742
f 4733 4742 4734
f 4734 4742 4743
f 4734 4743 4735
f 4735 4743 4744
f 4735 4744 4736
f 4736 4744 4745
f 4736 4745 4737
f 4737 4745 4746
f 4737 4746 4738
f 4738 4746 4747
f 4738 4747 4739
f 4739 4747 4748
f 4739 4748 4740
f 4740 4748 4426
f 4740 4426 4437
f 235 234 4723
f 235 4723 4724
f 4306 4307 4568
f 4306 4568 4569
f 167 165 4741
f 4741 165 4749
f 4741 4749 4742
f 4742 4749 4750
f 4742 4750 4743
f 4743 4750 4751
f 4743 4751 4744
f 4744 4751 4752
f 4744 4752 4745
f 4745 4752 4753
f 4745 4753 4746
f 4746 4753 4754
f 4746 4754 4747
f 4747 4754 4755
f 4747 4755 4748
f 4748 4755 4428
f 4748 4428 4426
f 236 235 4724
f 236 4724 4725
f 4305 4306 4569
f 4305 4569 4570
f 165 163 4749
f 4749 163 4756
f 4749 4756 4750
f 4750 4756 4757
f 4750 4757 4751
f 4751 4757 4758
f 4751 4758 4752
f 4752 4758 4759
f 4752 4759 4753
f 4753 4759 4760
f 4753 4760 4754
f 4754 4760 4761
f 4754 4761 4755
f 4755 4761 4430
f 4755 4430 4428
f 237 236 4725
f 237 4725 4726
f 4304 4305 4570
f 4304 4570 4571
f 163 161 4756
f 4756 161 4762
f 4756 4762 4757
f 4757 4762 4763
f 4757 4763 4758
f 4758 4763 4764
f 4758 4764 4759
f 4759 4764 4765
f 4759 4765 4760
f 4760 4765 4766
f 4760 4766 4761
f 4761 4766 4432
f 4761 4432 4430
f 238 237 4726
f 238 4726 4727
f 4303 4304 4571
f 4303 4571 4572
f 161 159 4762
f 4762 159 4767
f 4762 4767 4763
f 4763 4767 4768
f 4763 4768 4764
f 4764 4768 4769
f 4764 4769 4765
f 4765 4769 4770
f 4765 4770 4766
f 4766 4770 4434
f 4766 4434 4432
f 239 238 4727
f 239 4727 4728
f 4302 4303 4572
f 4302 4572 4573
f 159 157 4767
f 4767 157 4771
f 4767 4771 4768
f 4768 4771 4772
f 4768 4772 4769
f 4769 4772 4773
f 4769 4773 4770
f 4770 4773 4436
f 4770 4436 4434
f 240 239 4728
f 240 4728 4729
f 4301 4302 4573
f 4301 4573 4574
f 157 154 4771
f 4771 154 152
f 4771 152 4772
f 4772 152 150
f 4772 150 4773
f 4773 150 148
f 4773 148 4436
f 241 240 4729
f 241 4729 4730
f 4278 105 107
f 4300 4301 4574
f 4300 4574 4575
f 242 241 4730
f 242 4730 4731
f 4276 4278 4266
f 4266 4278 107
f 4299 4300 4575
f 4299 4575 4576
f 243 242 4731
f 243 4731 246
f 4265 109 111
f 4274 4276 4264
f 4264 4276 4266
f 4298 4299 4576
f 4298 4576 4292
f 4265 111 4774
f 4774 111 113
f 4774 113 4244
f 4272 4274 4262
f 4262 4274 4264
f 4291 4298 4292
f 146 144 4435
f 4435 144 4775
f 4435 4775 4433
f 4433 4775 4776
f 4433 4776 4431
f 4431 4776 4777
f 4431 4777 4429
f 4429 4777 4452
f 4429 4452 4455
f 4265 4774 4263
f 4263 4774 4778
f 4263 4778 4261
f 4261 4778 4779
f 4261 4779 4259
f 4259 4779 4780
f 4259 4780 4257
f 4257 4780 4781
f 4257 4781 4255
f 4255 4781 4782
f 4255 4782 4253
f 4253 4782 4251
f 4253 4251 4249
f 4778 4774 4244
f 4260 4272 4262
f 144 142 4775
f 4775 142 4783
f 4775 4783 4776
f 4776 4783 4784
f 4776 4784 4777
f 4777 4784 4453
f 4777 4453 4452
f 122 120 4442
f 122 4442 4447
f 4229 4228 4245
f 4245 4228 4243
f 4778 4244 4242
f 4241 4243 4227
f 4227 4243 4228
f 4778 4242 4779
f 4779 4242 4240
f 4779 4240 4780
f 4780 4240 4238
f 4780 4238 4781
f 4781 4238 4236
f 4781 4236 4782
f 4782 4236 4234
f 4782 4234 4251
f 115 4229 4245
f 142 140 4783
f 4783 140 4785
f 4783 4785 4784
f 4784 4785 4454
f 4784 4454 4453
f 124 122 4447
f 124 4447 4449
f 4239 4241 4226
f 4226 4241 4227
f 136 4454 4785
f 136 4785 138
f 138 4785 140
f 126 124 4449
f 126 4449 130
f 4207 123 125
f 4237 4239 4225
f 4225 4239 4226
f 4195 4207 4196
f 4196 4207 125
f 4235 4237 4224
f 4224 4237 4225
f 4223 4235 4224
f 333 945 335
f 335 945 4786
f 335 4786 337
f 337 4786 4787
f 337 4787 339
f 339 4787 341
f 4194 4184 4183
f 4250 4233 4232
f 4248 4250 4788
f 4788 4250 4232
f 4788 4232 4231
f 4246 4247 4788
f 4788 4247 4248
f 4246 4788 4231
f 945 947 4786
f 4786 947 4789
f 4786 4789 4787
f 4787 4789 4790
f 4787 4790 341
f 341 4790 343
f 4230 4246 4231
f 1156 1178 1157
f 1157 1178 4791
f 1157 4791 1158
f 1158 4791 4792
f 1158 4792 1159
f 1159 4792 4793
f 1159 4793 1160
f 1160 4793 4794
f 1160 4794 1161
f 1161 4794 4795
f 1161 4795 1162
f 1162 4795 4796
f 1162 4796 1163
f 1163 4796 4797
f 1163 4797 1164
f 1164 4797 4510
f 4789 947 949
f 4790 4789 4798
f 4798 4789 949
f 4798 949 951
f 343 4790 4799
f 4799 4790 4798
f 4799 4798 4800
f 4800 4798 951
f 4800 951 953
f 343 4799 345
f 345 4799 4801
f 345 4801 347
f 347 4801 4802
f 347 4802 349
f 349 4802 4803
f 349 4803 351
f 351 4803 4804
f 351 4804 353
f 353 4804 4805
f 353 4805 355
f 355 4805 4806
f 355 4806 357
f 357 4806 4807
f 357 4807 359
f 359 4807 4808
f 359 4808 361
f 361 4808 364
f 4801 4799 4800
f 1178 1180 4791
f 4791 1180 4809
f 4791 4809 4792
f 4792 4809 4810
f 4792 4810 4793
f 4793 4810 4811
f 4793 4811 4794
f 4794 4811 4812
f 4794 4812 4795
f 4795 4812 4813
f 4795 4813 4796
f 4796 4813 4814
f 4796 4814 4797
f 4797 4814 4815
f 4797 4815 4510
f 4510 4815 4508
f 4801 4800 4816
f 4816 4800 953
f 4816 953 955
f 1180 1182 4809
f 4809 1182 4817
f 4809 4817 4810
f 4810 4817 4818
f 4810 4818 4811
f 4811 4818 4819
f 4811 4819 4812
f 4812 4819 4820
f 4812 4820 4813
f 4813 4820 4821
f 4813 4821 4814
f 4814 4821 4822
f 4814 4822 4815
f 4815 4822 4823
f 4815 4823 4508
f 4508 4823 4506
f 4801 4816 4802
f 4802 4816 4824
f 4802 4824 4803
f 4803 4824 4825
f 4803 4825 4804
f 4804 4825 4826
f 4804 4826 4805
f 4805 4826 4827
f 4805 4827 4806
f 4806 4827 4828
f 4806 4828 4807
f 4807 4828 4829
f 4807 4829 4808
f 4808 4829 4830
f 4808 4830 364
f 364 4830 366
f 4824 4816 955
f 1182 1184 4817
f 4817 1184 4831
f 4817 4831 4818
f 4818 4831 4832
f 4818 4832 4819
f 4819 4832 4833
f 4819 4833 4820
f 4820 4833 4834
f 4820 4834 4821
f 4821 4834 4835
f 4821 4835 4822
f 4822 4835 4836
f 4822 4836 4823
f 4823 4836 4837
f 4823 4837 4506
f 4506 4837 4504
f 4825 4824 957
f 957 4824 955
f 1184 1186 4831
f 4831 1186 4838
f 4831 4838 4832
f 4832 4838 4839
f 4832 4839 4833
f 4833 4839 4840
f 4833 4840 4834
f 4834 4840 4841
f 4834 4841 4835
f 4835 4841 4842
f 4835 4842 4836
f 4836 4842 4843
f 4836 4843 4837
f 4837 4843 4844
f 4837 4844 4504
f 4504 4844 4502
f 4826 4825 959
f 959 4825 957
f 1186 1188 4838
f 4838 1188 4845
f 4838 4845 4839
f 4839 4845 4846
f 4839 4846 4840
f 4840 4846 4847
f 4840 4847 4841
f 4841 4847 4848
f 4841 4848 4842
f 4842 4848 4849
f 4842 4849 4843
f 4843 4849 4850
f 4843 4850 4844
f 4844 4850 4851
f 4844 4851 4502
f 4502 4851 4500
f 4827 4826 961
f 961 4826 959
f 1188 1190 4845
f 4845 1190 4852
f 4845 4852 4846
f 4846 4852 4853
f 4846 4853 4847
f 4847 4853 4854
f 4847 4854 4848
f 4848 4854 4855
f 4848 4855 4849
f 4849 4855 4856
f 4849 4856 4850
f 4850 4856 4857
f 4850 4857 4851
f 4851 4857 4858
f 4851 4858 4500
f 4500 4858 4498
f 4828 4827 963
f 963 4827 961
f 1190 1192 4852
f 4852 1192 4859
f 4852 4859 4853
f 4853 4859 4860
f 4853 4860 4854
f 4854 4860 4861
f 4854 4861 4855
f 4855 4861 4862
f 4855 4862 4856
f 4856 4862 4863
f 4856 4863 4857
f 4857 4863 4864
f 4857 4864 4858
f 4858 4864 4865
f 4858 4865 4498
f 4498 4865 4496
f 4829 4828 965
f 965 4828 963
f 1192 1193 4859
f 4859 1193 4866
f 4859 4866 4860
f 4860 4866 4867
f 4860 4867 4861
f 4861 4867 4868
f 4861 4868 4862
f 4862 4868 4869
f 4862 4869 4863
f 4863 4869 4870
f 4863 4870 4864
f 4864 4870 4871
f 4864 4871 4865
f 4865 4871 4872
f 4865 4872 4496
f 4496 4872 4494
f 4830 4829 967
f 967 4829 965
f 1193 1194 4866
f 4866 1194 4873
f 4866 4873 4867
f 4867 4873 4874
f 4867 4874 4868
f 4868 4874 4875
f 4868 4875 4869
f 4869 4875 4876
f 4869 4876 4870
f 4870 4876 4877
f 4870 4877 4871
f 4871 4877 4878
f 4871 4878 4872
f 4872 4878 4879
f 4872 4879 4494
f 4494 4879 4492
f 1167 1166 4518
f 366 4830 969
f 969 4830 967
f 1194 1195 4873
f 4873 1195 4880
f 4873 4880 4874
f 4874 4880 4881
f 4874 4881 4875
f 4875 4881 4882
f 4875 4882 4876
f 4876 4882 4883
f 4876 4883 4877
f 4877 4883 4884
f 4877 4884 4878
f 4878 4884 4885
f 4878 4885 4879
f 4879 4885 4886
f 4879 4886 4492
f 4492 4886 4887
f 4492 4887 4490
f 4490 4887 4888
f 4490 4888 4889
f 4889 4888 4890
f 4889 4890 4891
f 4891 4890 4892
f 4891 4892 4893
f 4893 4892 4553
f 4893 4553 408
f 1167 4518 4894
f 4894 4518 4517
f 4894 4517 4895
f 4895 4517 4516
f 4895 4516 4896
f 4896 4516 4515
f 4896 4515 4897
f 4897 4515 4514
f 4897 4514 4898
f 4898 4514 4513
f 4898 4513 4519
f 4519 4513 4512
f 368 366 969
f 1195 1196 4880
f 4880 1196 4899
f 4880 4899 4881
f 4881 4899 4900
f 4881 4900 4882
f 4882 4900 4901
f 4882 4901 4883
f 4883 4901 4902
f 4883 4902 4884
f 4884 4902 4903
f 4884 4903 4885
f 4885 4903 4904
f 4885 4904 4886
f 4886 4904 4905
f 4886 4905 4887
f 4887 4905 4906
f 4887 4906 4888
f 4888 4906 4907
f 4888 4907 4890
f 4890 4907 4908
f 4890 4908 4892
f 4892 4908 4550
f 4892 4550 4553
f 1167 4894 1168
f 1168 4894 4909
f 1168 4909 1169
f 1169 4909 4910
f 1169 4910 1170
f 1170 4910 4911
f 1170 4911 1171
f 1171 4911 4912
f 1171 4912 1172
f 1172 4912 4913
f 1172 4913 1173
f 1173 4913 4466
f 1173 4466 1174
f 4909 4894 4895
f 1196 1197 4899
f 4899 1197 4914
f 4899 4914 4900
f 4900 4914 4915
f 4900 4915 4901
f 4901 4915 4916
f 4901 4916 4902
f 4902 4916 4917
f 4902 4917 4903
f 4903 4917 4918
f 4903 4918 4904
f 4904 4918 4919
f 4904 4919 4905
f 4905 4919 4920
f 4905 4920 4906
f 4906 4920 4921
f 4906 4921 4907
f 4907 4921 4922
f 4907 4922 4908
f 4908 4922 4531
f 4908 4531 4550
f 4909 4895 4923
f 4923 4895 4896
f 4923 4896 4924
f 4924 4896 4897
f 4924 4897 4925
f 4925 4897 4898
f 4925 4898 4521
f 4521 4898 4519
f 1197 1198 4914
f 4914 1198 4926
f 4914 4926 4915
f 4915 4926 4927
f 4915 4927 4916
f 4916 4927 4928
f 4916 4928 4917
f 4917 4928 4929
f 4917 4929 4918
f 4918 4929 4930
f 4918 4930 4919
f 4919 4930 4931
f 4919 4931 4920
f 4920 4931 4932
f 4920 4932 4921
f 4921 4932 4933
f 4921 4933 4922
f 4922 4933 4532
f 4922 4532 4531
f 4909 4923 4910
f 4910 4923 4934
f 4910 4934 4911
f 4911 4934 4935
f 4911 4935 4912
f 4912 4935 4936
f 4912 4936 4913
f 4913 4936 4464
f 4913 4464 4466
f 4934 4923 4924
f 1198 1199 4926
f 4926 1199 4937
f 4926 4937 4927
f 4927 4937 4938
f 4927 4938 4928
f 4928 4938 4939
f 4928 4939 4929
f 4929 4939 4940
f 4929 4940 4930
f 4930 4940 4941
f 4930 4941 4931
f 4931 4941 4942
f 4931 4942 4932
f 4932 4942 4943
f 4932 4943 4933
f 4933 4943 4534
f 4933 4534 4532
f 4934 4924 4944
f 4944 4924 4925
f 4944 4925 4523
f 4523 4925 4521
f 1199 1200 4937
f 4937 1200 4945
f 4937 4945 4938
f 4938 4945 4946
f 4938 4946 4939
f 4939 4946 4947
f 4939 4947 4940
f 4940 4947 4948
f 4940 4948 4941
f 4941 4948 4949
f 4941 4949 4942
f 4942 4949 4950
f 4942 4950 4943
f 4943 4950 4536
f 4943 4536 4534
f 4934 4944 4935
f 4935 4944 4951
f 4935 4951 4936
f 4936 4951 4462
f 4936 4462 4464
f 4951 4944 4523
f 1200 1201 4945
f 4945 1201 4952
f 4945 4952 4946
f 4946 4952 4953
f 4946 4953 4947
f 4947 4953 4954
f 4947 4954 4948
f 4948 4954 4955
f 4948 4955 4949
f 4949 4955 4956
f 4949 4956 4950
f 4950 4956 4538
f 4950 4538 4536
f 4462 4951 4460
f 4460 4951 4523
f 1201 1202 4952
f 4952 1202 4957
f 4952 4957 4953
f 4953 4957 4958
f 4953 4958 4954
f 4954 4958 4959
f 4954 4959 4955
f 4955 4959 4960
f 4955 4960 4956
f 4956 4960 4540
f 4956 4540 4538
f 1202 1203 4957
f 4957 1203 4961
f 4957 4961 4958
f 4958 4961 4962
f 4958 4962 4959
f 4959 4962 4963
f 4959 4963 4960
f 4960 4963 4542
f 4960 4542 4540
f 4490 4889 4488
f 4488 4889 4964
f 4488 4964 4485
f 4485 4964 4965
f 4485 4965 4477
f 4477 4965 4478
f 4469 4479 4470
f 4470 4479 4966
f 4470 4966 4471
f 4471 4966 4967
f 4471 4967 4472
f 4472 4967 4968
f 4472 4968 4473
f 4473 4968 4969
f 4473 4969 4474
f 4474 4969 4970
f 4474 4970 1176
f 1176 4970 1177
f 1203 1205 4961
f 4961 1205 4971
f 4961 4971 4962
f 4962 4971 4972
f 4962 4972 4963
f 4963 4972 4544
f 4963 4544 4542
f 4889 4891 4964
f 4964 4891 4973
f 4964 4973 4965
f 4965 4973 4974
f 4965 4974 4478
f 4478 4974 4480
f 4479 4481 4966
f 4966 4481 4975
f 4966 4975 4967
f 4967 4975 4976
f 4967 4976 4968
f 4968 4976 4977
f 4968 4977 4969
f 4969 4977 4978
f 4969 4978 4970
f 4970 4978 4979
f 4970 4979 1177
f 1177 4979 388
f 1205 1207 4971
f 4971 1207 4980
f 4971 4980 4972
f 4972 4980 4546
f 4972 4546 4544
f 4891 4893 4973
f 4973 4893 4981
f 4973 4981 4974
f 4974 4981 4982
f 4974 4982 4480
f 4480 4982 4482
f 4481 4483 4975
f 4975 4483 4983
f 4975 4983 4976
f 4976 4983 4984
f 4976 4984 4977
f 4977 4984 4985
f 4977 4985 4978
f 4978 4985 4986
f 4978 4986 4979
f 4979 4986 390
f 4979 390 388
f 1207 1209 4980
f 4980 1209 4548
f 4980 4548 4546
f 1211 4548 1209
f 4893 408 4981
f 4981 408 406
f 4981 406 4982
f 4982 406 404
f 4982 404 4482
f 4482 404 402
f 4483 400 4983
f 4983 400 398
f 4983 398 4984
f 4984 398 396
f 4984 396 4985
f 4985 396 394
f 4985 394 4986
f 4986 394 392
f 4986 392 390
f 4549 1213 4987
f 4987 1213 1215
f 4987 1215 4988
f 4988 1215 1217
f 4988 1217 4989
f 4989 1217 1219
f 4989 1219 4990
f 4990 1219 1221
f 4990 1221 4991
f 4991 1221 1223
f 4991 1223 4992
f 4992 1223 1225
f 4992 1225 4993
f 4993 1225 1227
f 4993 1227 4994
f 4994 1227 1229
f 4994 1229 1231
f 4547 4549 4995
f 4995 4549 4987
f 4995 4987 4996
f 4996 4987 4988
f 4996 4988 4997
f 4997 4988 4989
f 4997 4989 4998
f 4998 4989 4990
f 4998 4990 4999
f 4999 4990 4991
f 4999 4991 5000
f 5000 4991 4992
f 5000 4992 5001
f 5001 4992 4993
f 5001 4993 5002
f 5002 4993 4994
f 5002 4994 5003
f 5003 4994 1231
f 5003 1231 1233
f 4545 4547 5004
f 5004 4547 4995
f 5004 4995 5005
f 5005 4995 4996
f 5005 4996 5006
f 5006 4996 4997
f 5006 4997 5007
f 5007 4997 4998
f 5007 4998 5008
f 5008 4998 4999
f 5008 4999 5009
f 5009 4999 5000
f 5009 5000 5010
f 5010 5000 5001
f 5010 5001 5011
f 5011 5001 5002
f 5011 5002 5012
f 5012 5002 5003
f 5012 5003 5013
f 5013 5003 1233
f 5013 1233 1235
f 4543 4545 5014
f 5014 4545 5004
f 5014 5004 5015
f 5015 5004 5005
f 5015 5005 5016
f 5016 5005 5006
f 5016 5006 5017
f 5017 5006 5007
f 5017 5007 5018
f 5018 5007 5008
f 5018 5008 5019
f 5019 5008 5009
f 5019 5009 5020
f 5020 5009 5010
f 5020 5010 5021
f 5021 5010 5011
f 5021 5011 5022
f 5022 5011 5012
f 5022 5012 5023
f 5023 5012 5013
f 5023 5013 5024
f 5024 5013 1235
f 5024 1235 1237
f 4541 4543 5025
f 5025 4543 5014
f 5025 5014 5026
f 5026 5014 5015
f 5026 5015 5027
f 5027 5015 5016
f 5027 5016 5028
f 5028 5016 5017
f 5028 5017 5029
f 5029 5017 5018
f 5029 5018 5030
f 5030 5018 5019
f 5030 5019 5031
f 5031 5019 5020
f 5031 5020 5032
f 5032 5020 5021
f 5032 5021 5033
f 5033 5021 5022
f 5033 5022 5034
f 5034 5022 5023
f 5034 5023 5035
f 5035 5023 5024
f 5035 5024 5036
f 5036 5024 1237
f 5036 1237 1239
f 4539 4541 5037
f 5037 4541 5025
f 5037 5025 5038
f 5038 5025 5026
f 5038 5026 5039
f 5039 5026 5027
f 5039 5027 5040
f 5040 5027 5028
f 5040 5028 5041
f 5041 5028 5029
f 5041 5029 5042
f 5042 5029 5030
f 5042 5030 5043
f 5043 5030 5031
f 5043 5031 5044
f 5044 5031 5032
f 5044 5032 5045
f 5045 5032 5033
f 5045 5033 5046
f 5046 5033 5034
f 5046 5034 5047
f 5047 5034 5035
f 5047 5035 5048
f 5048 5035 5036
f 5048 5036 5049
f 5049 5036 1239
f 5049 1239 1241
f 4537 4539 5050
f 5050 4539 5037
f 5050 5037 5051
f 5051 5037 5038
f 5051 5038 5052
f 5052 5038 5039
f 5052 5039 5053
f 5053 5039 5040
f 5053 5040 5054
f 5054 5040 5041
f 5054 5041 5055
f 5055 5041 5042
f 5055 5042 5056
f 5056 5042 5043
f 5056 5043 5057
f 5057 5043 5044
f 5057 5044 5058
f 5058 5044 5045
f 5058 5045 5059
f 5059 5045 5046
f 5059 5046 5060
f 5060 5046 5047
f 5060 5047 5061
f 5061 5047 5048
f 5061 5048 5062
f 5062 5048 5049
f 5062 5049 5063
f 5063 5049 1241
f 5063 1241 1243
f 4535 4537 5064
f 5064 4537 5050
f 5064 5050 5065
f 5065 5050 5051
f 5065 5051 5066
f 5066 5051 5052
f 5066 5052 5067
f 5067 5052 5053
f 5067 5053 5068
f 5068 5053 5054
f 5068 5054 5069
f 5069 5054 5055
f 5069 5055 5070
f 5070 5055 5056
f 5070 5056 5071
f 5071 5056 5057
f 5071 5057 5072
f 5072 5057 5058
f 5072 5058 5073
f 5073 5058 5059
f 5073 5059 5074
f 5074 5059 5060
f 5074 5060 5075
f 5075 5060 5061
f 5075 5061 5076
f 5076 5061 5062
f 5076 5062 5077
f 5077 5062 5063
f 5077 5063 5078
f 5078 5063 1243
f 5078 1243 1245
f 4524 4533 4525
f 4525 4533 5079
f 4525 5079 5080
f 5080 5079 5081
f 5080 5081 416
f 416 5081 418
f 4533 4535 5082
f 5082 4535 5064
f 5082 5064 5083
f 5083 5064 5065
f 5083 5065 5084
f 5084 5065 5066
f 5084 5066 5085
f 5085 5066 5067
f 5085 5067 5086
f 5086 5067 5068
f 5086 5068 5087
f 5087 5068 5069
f 5087 5069 5088
f 5088 5069 5070
f 5088 5070 5089
f 5089 5070 5071
f 5089 5071 5090
f 5090 5071 5072
f 5090 5072 5091
f 5091 5072 5073
f 5091 5073 5092
f 5092 5073 5074
f 5092 5074 5093
f 5093 5074 5075
f 5093 5075 5094
f 5094 5075 5076
f 5094 5076 5095
f 5095 5076 5077
f 5095 5077 5096
f 5096 5077 5078
f 5096 5078 5097
f 5097 5078 1245
f 5097 1245 1247
f 414 412 4527
f 414 4527 5080
f 5080 4527 4525
f 409 411 407
f 395 397 5098
f 5098 397 3640
f 5098 3640 5099
f 5099 3640 3639
f 5099 3639 5100
f 5100 3639 3638
f 5100 3638 5101
f 5101 3638 3637
f 5101 3637 5102
f 5102 3637 3636
f 5102 3636 4143
f 393 395 5103
f 5103 395 5098
f 5103 5098 5104
f 5104 5098 5099
f 5104 5099 5105
f 5105 5099 5100
f 5105 5100 5106
f 5106 5100 5101
f 5106 5101 5107
f 5107 5101 5102
f 5107 5102 5108
f 5108 5102 4143
f 5108 4143 4142
f 4152 393 5109
f 5109 393 5103
f 5109 5103 5110
f 5110 5103 5104
f 5110 5104 5111
f 5111 5104 5105
f 5111 5105 5112
f 5112 5105 5106
f 5112 5106 5113
f 5113 5106 5107
f 5113 5107 5114
f 5114 5107 5108
f 5114 5108 5115
f 5115 5108 4142
f 5115 4142 4141
f 4150 4151 5109
f 5109 4151 4152
f 4150 5109 5110
f 4533 5082 5079
f 5079 5082 5116
f 5079 5116 5081
f 5081 5116 5117
f 5081 5117 418
f 418 5117 420
f 5116 5082 5083
f 416 414 5080
f 4149 4150 5110
f 4149 5110 5111
f 5116 5083 5118
f 5118 5083 5084
f 5118 5084 5119
f 5119 5084 5085
f 5119 5085 5120
f 5120 5085 5086
f 5120 5086 5121
f 5121 5086 5087
f 5121 5087 5122
f 5122 5087 5088
f 5122 5088 5123
f 5123 5088 5089
f 5123 5089 5124
f 5124 5089 5090
f 5124 5090 5125
f 5125 5090 5091
f 5125 5091 5126
f 5126 5091 5092
f 5126 5092 5127
f 5127 5092 5093
f 5127 5093 5128
f 5128 5093 5094
f 5128 5094 5129
f 5129 5094 5095
f 5129 5095 5130
f 5130 5095 5096
f 5130 5096 5131
f 5131 5096 5097
f 5131 5097 5132
f 5132 5097 1247
f 5132 1247 1249
f 4148 4149 5111
f 4148 5111 5112
f 5116 5118 5117
f 5117 5118 5133
f 5117 5133 420
f 420 5133 422
f 5133 5118 5119
f 4147 4148 5112
f 4147 5112 5113
f 5133 5119 5134
f 5134 5119 5120
f 5134 5120 5135
f 5135 5120 5121
f 5135 5121 5136
f 5136 5121 5122
f 5136 5122 5137
f 5137 5122 5123
f 5137 5123 5138
f 5138 5123 5124
f 5138 5124 5139
f 5139 5124 5125
f 5139 5125 5140
f 5140 5125 5126
f 5140 5126 5141
f 5141 5126 5127
f 5141 5127 5142
f 5142 5127 5128
f 5142 5128 5143
f 5143 5128 5129
f 5143 5129 5144
f 5144 5129 5130
f 5144 5130 5145
f 5145 5130 5131
f 5145 5131 5146
f 5146 5131 5132
f 5146 5132 5147
f 5147 5132 1249
f 5147 1249 1251
f 4146 4147 5113
f 4146 5113 5114
f 424 422 5134
f 5134 422 5133
f 424 5134 5135
f 4145 4146 5114
f 4145 5114 5115
f 426 424 5135
f 426 5135 5136
f 4144 4145 5115
f 4144 5115 4141
f 428 426 5136
f 428 5136 5137
f 4140 4144 4141
f 428 5137 430
f 430 5137 5138
f 430 5138 432
f 432 5138 5139
f 432 5139 434
f 434 5139 5140
f 434 5140 436
f 436 5140 5141
f 436 5141 438
f 438 5141 5142
f 438 5142 440
f 440 5142 5143
f 440 5143 442
f 442 5143 5144
f 442 5144 444
f 444 5144 5145
f 444 5145 446
f 446 5145 5146
f 446 5146 448
f 448 5146 5147
f 448 5147 450
f 450 5147 1251
f 450 1251 452
f 4018 3604 3603
f 4018 3603 5148
f 5148 3603 3602
f 5148 3602 5149
f 5149 3602 3601
f 5149 3601 5150
f 5150 3601 3600
f 5150 3600 5151
f 5151 3600 3599
f 5151 3599 5152
f 5152 3599 3598
f 5152 3598 5153
f 5153 3598 3597
f 5153 3597 5154
f 5154 3597 3596
f 5154 3596 5155
f 5155 3596 3595
f 5155 3595 5156
f 5156 3595 3594
f 5156 3594 5157
f 5157 3594 3593
f 5157 3593 5158
f 5158 3593 3592
f 5158 3592 5159
f 5159 3592 3591
f 5159 3591 5160
f 5160 3591 3590
f 5160 3590 5161
f 5161 3590 3589
f 5161 3589 5162
f 5162 3589 3588
f 5162 3588 5163
f 5163 3588 3587
f 5163 3587 5164
f 5164 3587 3586
f 5164 3586 5165
f 5165 3586 3585
f 5165 3585 5166
f 5166 3585 3584
f 5166 3584 5167
f 5167 3584 3583
f 5167 3583 5168
f 5168 3583 3582
f 5168 3582 5169
f 5169 3582 3581
f 5169 3581 5170
f 5170 3581 3580
f 5170 3580 5171
f 5171 3580 3579
f 5171 3579 5172
f 5172 3579 3578
f 5172 3578 5173
f 5173 3578 3577
f 5173 3577 5174
f 5174 3577 3576
f 5174 3576 5175
f 5175 3576 3575
f 5175 3575 5176
f 5176 3575 3574
f 5176 3574 5177
f 5177 3574 3573
f 5177 3573 5178
f 5178 3573 3572
f 5178 3572 3980
f 4018 5148 4016
f 4016 5148 5179
f 4016 5179 4014
f 4014 5179 5180
f 4014 5180 4012
f 4012 5180 4011
f 5179 5148 5149
f 5179 5149 5181
f 5181 5149 5150
f 5181 5150 5182
f 5182 5150 5151
f 5182 5151 5183
f 5183 5151 5152
f 5183 5152 5184
f 5184 5152 5153
f 5184 5153 5185
f 5185 5153 5154
f 5185 5154 5186
f 5186 5154 5155
f 5186 5155 5187
f 5187 5155 5156
f 5187 5156 5188
f 5188 5156 5157
f 5188 5157 5189
f 5189 5157 5158
f 5189 5158 5190
f 5190 5158 5159
f 5190 5159 5191
f 5191 5159 5160
f 5191 5160 5192
f 5192 5160 5161
f 5192 5161 5193
f 5193 5161 5162
f 5193 5162 5194
f 5194 5162 5163
f 5194 5163 5195
f 5195 5163 5164
f 5195 5164 5196
f 5196 5164 5165
f 5196 5165 5197
f 5197 5165 5166
f 5197 5166 5198
f 5198 5166 5167
f 5198 5167 5199
f 5199 5167 5168
f 5199 5168 5200
f 5200 5168 5169
f 5200 5169 5201
f 5201 5169 5170
f 5201 5170 5202
f 5202 5170 5171
f 5202 5171 5203
f 5203 5171 5172
f 5203 5172 5204
f 5204 5172 5173
f 5204 5173 5205
f 5205 5173 5174
f 5205 5174 5206
f 5206 5174 5175
f 5206 5175 5207
f 5207 5175 5176
f 5207 5176 5208
f 5208 5176 5177
f 5208 5177 5209
f 5209 5177 5178
f 5209 5178 5210
f 5210 5178 3980
f 5210 3980 3979
f 1644 1656 1645
f 1645 1656 5211
f 1645 5211 1646
f 1646 5211 5212
f 1646 5212 1647
f 1647 5212 5213
f 1647 5213 1648
f 1648 5213 5214
f 1648 5214 1649
f 1649 5214 5215
f 1649 5215 1650
f 1650 5215 5216
f 1650 5216 1651
f 1651 5216 5217
f 1651 5217 1652
f 1652 5217 5218
f 1652 5218 1653
f 1653 5218 5219
f 1653 5219 1654
f 1654 5219 5220
f 1654 5220 1655
f 1655 5220 5221
f 1655 5221 516
f 516 5221 518
f 5182 5222 5181
f 5181 5222 5180
f 5181 5180 5179
f 4010 4011 5222
f 5222 4011 5180
f 5222 5182 5223
f 5223 5182 5183
f 5223 5183 5224
f 5224 5183 5184
f 5224 5184 5225
f 5225 5184 5185
f 5225 5185 5226
f 5226 5185 5186
f 5226 5186 5227
f 5227 5186 5187
f 5227 5187 5228
f 5228 5187 5188
f 5228 5188 5229
f 5229 5188 5189
f 5229 5189 5230
f 5230 5189 5190
f 5230 5190 5231
f 5231 5190 5191
f 5231 5191 5232
f 5232 5191 5192
f 5232 5192 5233
f 5233 5192 5193
f 5233 5193 5234
f 5234 5193 5194
f 5234 5194 5235
f 5235 5194 5195
f 5235 5195 5236
f 5236 5195 5196
f 5236 5196 5237
f 5237 5196 5197
f 5237 5197 5238
f 5238 5197 5198
f 5238 5198 5239
f 5239 5198 5199
f 5239 5199 5240
f 5240 5199 5200
f 5240 5200 5241
f 5241 5200 5201
f 5241 5201 5242
f 5242 5201 5202
f 5242 5202 5243
f 5243 5202 5203
f 5243 5203 5244
f 5244 5203 5204
f 5244 5204 5245
f 5245 5204 5205
f 5245 5205 5246
f 5246 5205 5206
f 5246 5206 5247
f 5247 5206 5207
f 5247 5207 5248
f 5248 5207 5208
f 5248 5208 5249
f 5249 5208 5209
f 5249 5209 5250
f 5250 5209 5210
f 5250 5210 5251
f 5251 5210 3979
f 5251 3979 3978
f 1656 1658 5211
f 5211 1658 5252
f 5211 5252 5212
f 5212 5252 5253
f 5212 5253 5213
f 5213 5253 5254
f 5213 5254 5214
f 5214 5254 5255
f 5214 5255 5215
f 5215 5255 5256
f 5215 5256 5216
f 5216 5256 5257
f 5216 5257 5217
f 5217 5257 5258
f 5217 5258 5218
f 5218 5258 5259
f 5218 5259 5219
f 5219 5259 5260
f 5219 5260 5220
f 5220 5260 5261
f 5220 5261 5221
f 5221 5261 5262
f 5221 5262 518
f 518 5262 520
f 4009 4010 5223
f 5223 4010 5222
f 4009 5223 5224
f 1658 1660 5252
f 5252 1660 5263
f 5252 5263 5253
f 5253 5263 5264
f 5253 5264 5254
f 5254 5264 5265
f 5254 5265 5255
f 5255 5265 5266
f 5255 5266 5256
f 5256 5266 5267
f 5256 5267 5257
f 5257 5267 5268
f 5257 5268 5258
f 5258 5268 5269
f 5258 5269 5259
f 5259 5269 5270
f 5259 5270 5260
f 5260 5270 5271
f 5260 5271 5261
f 5261 5271 5272
f 5261 5272 5262
f 5262 5272 5273
f 5262 5273 520
f 520 5273 522
f 4008 4009 5224
f 4008 5224 5225
f 1660 1662 5263
f 5263 1662 5274
f 5263 5274 5264
f 5264 5274 5275
f 5264 5275 5265
f 5265 5275 5276
f 5265 5276 5266
f 5266 5276 5277
f 5266 5277 5267
f 5267 5277 5278
f 5267 5278 5268
f 5268 5278 5279
f 5268 5279 5269
f 5269 5279 5280
f 5269 5280 5270
f 5270 5280 5281
f 5270 5281 5271
f 5271 5281 5282
f 5271 5282 5272
f 5272 5282 5283
f 5272 5283 5273
f 5273 5283 5284
f 5273 5284 522
f 522 5284 524
f 4007 4008 5225
f 4007 5225 5226
f 1662 1664 5274
f 5274 1664 5285
f 5274 5285 5275
f 5275 5285 5286
f 5275 5286 5276
f 5276 5286 5287
f 5276 5287 5277
f 5277 5287 5288
f 5277 5288 5278
f 5278 5288 5289
f 5278 5289 5279
f 5279 5289 5290
f 5279 5290 5280
f 5280 5290 5291
f 5280 5291 5281
f 5281 5291 5292
f 5281 5292 5282
f 5282 5292 5293
f 5282 5293 5283
f 5283 5293 5294
f 5283 5294 5284
f 5284 5294 5295
f 5284 5295 524
f 524 5295 526
f 4006 4007 5226
f 4006 5226 5227
f 1664 1666 5285
f 5285 1666 5296
f 5285 5296 5286
f 5286 5296 5297
f 5286 5297 5287
f 5287 5297 5298
f 5287 5298 5288
f 5288 5298 5299
f 5288 5299 5289
f 5289 5299 5300
f 5289 5300 5290
f 5290 5300 5301
f 5290 5301 5291
f 5291 5301 5302
f 5291 5302 5292
f 5292 5302 5303
f 5292 5303 5293
f 5293 5303 5304
f 5293 5304 5294
f 5294 5304 5305
f 5294 5305 5295
f 5295 5305 5306
f 5295 5306 526
f 526 5306 528
f 4005 4006 5227
f 4005 5227 5228
f 1666 1668 5296
f 5296 1668 5307
f 5296 5307 5297
f 5297 5307 5308
f 5297 5308 5298
f 5298 5308 5309
f 5298 5309 5299
f 5299 5309 5310
f 5299 5310 5300
f 5300 5310 5311
f 5300 5311 5301
f 5301 5311 5312
f 5301 5312 5302
f 5302 5312 5313
f 5302 5313 5303
f 5303 5313 5314
f 5303 5314 5304
f 5304 5314 5315
f 5304 5315 5305
f 5305 5315 5316
f 5305 5316 5306
f 5306 5316 5317
f 5306 5317 528
f 528 5317 530
f 4004 4005 5228
f 4004 5228 5229
f 1668 1670 5307
f 5307 1670 5318
f 5307 5318 5308
f 5308 5318 5319
f 5308 5319 5309
f 5309 5319 5320
f 5309 5320 5310
f 5310 5320 5321
f 5310 5321 5311
f 5311 5321 5322
f 5311 5322 5312
f 5312 5322 5323
f 5312 5323 5313
f 5313 5323 5324
f 5313 5324 5314
f 5314 5324 5325
f 5314 5325 5315
f 5315 5325 5326
f 5315 5326 5316
f 5316 5326 5327
f 5316 5327 5317
f 5317 5327 5328
f 5317 5328 530
f 530 5328 532
f 4003 4004 5229
f 4003 5229 5230
f 1670 1672 5318
f 5318 1672 5329
f 5318 5329 5319
f 5319 5329 5330
f 5319 5330 5320
f 5320 5330 5331
f 5320 5331 5321
f 5321 5331 5332
f 5321 5332 5322
f 5322 5332 5333
f 5322 5333 5323
f 5323 5333 5334
f 5323 5334 5324
f 5324 5334 5335
f 5324 5335 5325
f 5325 5335 5336
f 5325 5336 5326
f 5326 5336 5337
f 5326 5337 5327
f 5327 5337 5338
f 5327 5338 5328
f 5328 5338 5339
f 5328 5339 532
f 532 5339 534
f 4002 4003 5230
f 4002 5230 5231
f 1672 1674 5329
f 5329 1674 5340
f 5329 5340 5330
f 5330 5340 5341
f 5330 5341 5331
f 5331 5341 5342
f 5331 5342 5332
f 5332 5342 5343
f 5332 5343 5333
f 5333 5343 5344
f 5333 5344 5334
f 5334 5344 5345
f 5334 5345 5335
f 5335 5345 5346
f 5335 5346 5336
f 5336 5346 5347
f 5336 5347 5337
f 5337 5347 5348
f 5337 5348 5338
f 5338 5348 5349
f 5338 5349 5339
f 5339 5349 5350
f 5339 5350 534
f 534 5350 536
f 4001 4002 5231
f 4001 5231 5232
f 1674 1676 5340
f 5340 1676 5351
f 5340 5351 5341
f 5341 5351 5352
f 5341 5352 5342
f 5342 5352 5353
f 5342 5353 5343
f 5343 5353 5354
f 5343 5354 5344
f 5344 5354 5355
f 5344 5355 5345
f 5345 5355 5356
f 5345 5356 5346
f 5346 5356 5357
f 5346 5357 5347
f 5347 5357 5358
f 5347 5358 5348
f 5348 5358 5359
f 5348 5359 5349
f 5349 5359 5360
f 5349 5360 5350
f 5350 5360 5361
f 5350 5361 536
f 536 5361 538
f 4000 4001 5232
f 4000 5232 5233
f 1676 1678 5351
f 5351 1678 5362
f 5351 5362 5352
f 5352 5362 5363
f 5352 5363 5353
f 5353 5363 5364
f 5353 5364 5354
f 5354 5364 5365
f 5354 5365 5355
f 5355 5365 5366
f 5355 5366 5356
f 5356 5366 5367
f 5356 5367 5357
f 5357 5367 5368
f 5357 5368 5358
f 5358 5368 5369
f 5358 5369 5359
f 5359 5369 5370
f 5359 5370 5360
f 5360 5370 5371
f 5360 5371 5361
f 5361 5371 5372
f 5361 5372 538
f 538 5372 540
f 3999 4000 5233
f 3999 5233 5234
f 1678 1680 5362
f 5362 1680 5373
f 5362 5373 5363
f 5363 5373 5374
f 5363 5374 5364
f 5364 5374 5375
f 5364 5375 5365
f 5365 5375 5376
f 5365 5376 5366
f 5366 5376 5377
f 5366 5377 5367
f 5367 5377 5378
f 5367 5378 5368
f 5368 5378 5379
f 5368 5379 5369
f 5369 5379 5380
f 5369 5380 5370
f 5370 5380 5381
f 5370 5381 5371
f 5371 5381 5382
f 5371 5382 5372
f 5372 5382 5383
f 5372 5383 540
f 540 5383 542
f 3998 3999 5234
f 3998 5234 5235
f 1680 1682 5373
f 5373 1682 5384
f 5373 5384 5374
f 5374 5384 5385
f 5374 5385 5375
f 5375 5385 5386
f 5375 5386 5376
f 5376 5386 5387
f 5376 5387 5377
f 5377 5387 5388
f 5377 5388 5378
f 5378 5388 5389
f 5378 5389 5379
f 5379 5389 5390
f 5379 5390 5380
f 5380 5390 5391
f 5380 5391 5381
f 5381 5391 5392
f 5381 5392 5382
f 5382 5392 5393
f 5382 5393 5383
f 5383 5393 5394
f 5383 5394 542
f 542 5394 544
f 3997 3998 5235
f 3997 5235 5236
f 1682 1684 5384
f 5384 1684 5395
f 5384 5395 5385
f 5385 5395 5396
f 5385 5396 5386
f 5386 5396 5397
f 5386 5397 5387
f 5387 5397 5398
f 5387 5398 5388
f 5388 5398 5399
f 5388 5399 5389
f 5389 5399 5400
f 5389 5400 5390
f 5390 5400 5401
f 5390 5401 5391
f 5391 5401 5402
f 5391 5402 5392
f 5392 5402 5403
f 5392 5403 5393
f 5393 5403 5404
f 5393 5404 5394
f 5394 5404 5405
f 5394 5405 544
f 544 5405 546
f 3996 3997 5236
f 3996 5236 5237
f 1684 1686 5395
f 5395 1686 5406
f 5395 5406 5396
f 5396 5406 5407
f 5396 5407 5397
f 5397 5407 5408
f 5397 5408 5398
f 5398 5408 5409
f 5398 5409 5399
f 5399 5409 5410
f 5399 5410 5400
f 5400 5410 5411
f 5400 5411 5401
f 5401 5411 5412
f 5401 5412 5402
f 5402 5412 5413
f 5402 5413 5403
f 5403 5413 5414
f 5403 5414 5404
f 5404 5414 5415
f 5404 5415 5405
f 5405 5415 5416
f 5405 5416 546
f 546 5416 548
f 3995 3996 5237
f 3995 5237 5238
f 1686 1688 5406
f 5406 1688 5417
f 5406 5417 5407
f 5407 5417 5418
f 5407 5418 5408
f 5408 5418 5419
f 5408 5419 5409
f 5409 5419 5420
f 5409 5420 5410
f 5410 5420 5421
f 5410 5421 5411
f 5411 5421 5422
f 5411 5422 5412
f 5412 5422 5423
f 5412 5423 5413
f 5413 5423 5424
f 5413 5424 5414
f 5414 5424 5425
f 5414 5425 5415
f 5415 5425 5426
f 5415 5426 5416
f 5416 5426 5427
f 5416 5427 548
f 548 5427 550
f 3994 3995 5238
f 3994 5238 5239
f 1688 1690 5417
f 5417 1690 5428
f 5417 5428 5418
f 5418 5428 5429
f 5418 5429 5419
f 5419 5429 5430
f 5419 5430 5420
f 5420 5430 5431
f 5420 5431 5421
f 5421 5431 5432
f 5421 5432 5422
f 5422 5432 5433
f 5422 5433 5423
f 5423 5433 5434
f 5423 5434 5424
f 5424 5434 5435
f 5424 5435 5425
f 5425 5435 5436
f 5425 5436 5426
f 5426 5436 5437
f 5426 5437 5427
f 5427 5437 5438
f 5427 5438 550
f 550 5438 552
f 3993 3994 5239
f 3993 5239 5240
f 1690 1692 5428
f 5428 1692 5439
f 5428 5439 5429
f 5429 5439 5440
f 5429 5440 5430
f 5430 5440 5441
f 5430 5441 5431
f 5431 5441 5442
f 5431 5442 5432
f 5432 5442 5443
f 5432 5443 5433
f 5433 5443 5444
f 5433 5444 5434
f 5434 5444 5445
f 5434 5445 5435
f 5435 5445 5446
f 5435 5446 5436
f 5436 5446 5447
f 5436 5447 5437
f 5437 5447 5448
f 5437 5448 5438
f 5438 5448 5449
f 5438 5449 552
f 552 5449 554
f 3992 3993 5240
f 3992 5240 5241
f 1692 1694 5439
f 5439 1694 5450
f 5439 5450 5440
f 5440 5450 5451
f 5440 5451 5441
f 5441 5451 5452
f 5441 5452 5442
f 5442 5452 5453
f 5442 5453 5443
f 5443 5453 5454
f 5443 5454 5444
f 5444 5454 5455
f 5444 5455 5445
f 5445 5455 5456
f 5445 5456 5446
f 5446 5456 5457
f 5446 5457 5447
f 5447 5457 5458
f 5447 5458 5448
f 5448 5458 5459
f 5448 5459 5449
f 5449 5459 5460
f 5449 5460 554
f 554 5460 556
f 3991 3992 5241
f 3991 5241 5242
f 1694 1696 5450
f 5450 1696 5461
f 5450 5461 5451
f 5451 5461 5462
f 5451 5462 5452
f 5452 5462 5463
f 5452 5463 5453
f 5453 5463 5464
f 5453 5464 5454
f 5454 5464 5465
f 5454 5465 5455
f 5455 5465 5466
f 5455 5466 5456
f 5456 5466 5467
f 5456 5467 5457
f 5457 5467 5468
f 5457 5468 5458
f 5458 5468 5469
f 5458 5469 5459
f 5459 5469 5470
f 5459 5470 5460
f 5460 5470 5471
f 5460 5471 556
f 556 5471 558
f 3990 3991 5242
f 3990 5242 5243
f 1696 1698 5461
f 5461 1698 5472
f 5461 5472 5462
f 5462 5472 5473
f 5462 5473 5463
f 5463 5473 5474
f 5463 5474 5464
f 5464 5474 5475
f 5464 5475 5465
f 5465 5475 5476
f 5465 5476 5466
f 5466 5476 5477
f 5466 5477 5467
f 5467 5477 5478
f 5467 5478 5468
f 5468 5478 5479
f 5468 5479 5469
f 5469 5479 5480
f 5469 5480 5470
f 5470 5480 5481
f 5470 5481 5471
f 5471 5481 5482
f 5471 5482 558
f 558 5482 560
f 3989 3990 5243
f 3989 5243 5244
f 1698 1700 5472
f 5472 1700 5483
f 5472 5483 5473
f 5473 5483 5484
f 5473 5484 5474
f 5474 5484 5485
f 5474 5485 5475
f 5475 5485 5486
f 5475 5486 5476
f 5476 5486 5487
f 5476 5487 5477
f 5477 5487 5488
f 5477 5488 5478
f 5478 5488 5489
f 5478 5489 5479
f 5479 5489 5490
f 5479 5490 5480
f 5480 5490 5491
f 5480 5491 5481
f 5481 5491 5492
f 5481 5492 5482
f 5482 5492 5493
f 5482 5493 560
f 560 5493 562
f 3988 3989 5244
f 3988 5244 5245
f 1700 1702 5483
f 5483 1702 5494
f 5483 5494 5484
f 5484 5494 5495
f 5484 5495 5485
f 5485 5495 5496
f 5485 5496 5486
f 5486 5496 5497
f 5486 5497 5487
f 5487 5497 5498
f 5487 5498 5488
f 5488 5498 5499
f 5488 5499 5489
f 5489 5499 5500
f 5489 5500 5490
f 5490 5500 5501
f 5490 5501 5491
f 5491 5501 5502
f 5491 5502 5492
f 5492 5502 5503
f 5492 5503 5493
f 5493 5503 5504
f 5493 5504 562
f 562 5504 564
f 3987 3988 5245
f 3987 5245 5246
f 1702 1704 5494
f 5494 1704 5505
f 5494 5505 5495
f 5495 5505 5506
f 5495 5506 5496
f 5496 5506 5507
f 5496 5507 5497
f 5497 5507 5508
f 5497 5508 5498
f 5498 5508 5509
f 5498 5509 5499
f 5499 5509 5510
f 5499 5510 5500
f 5500 5510 5511
f 5500 5511 5501
f 5501 5511 5512
f 5501 5512 5502
f 5502 5512 5513
f 5502 5513 5503
f 5503 5513 5514
f 5503 5514 5504
f 5504 5514 5515
f 5504 5515 564
f 564 5515 566
f 3986 3987 5246
f 3986 5246 5247
f 1704 1706 5505
f 5505 1706 5516
f 5505 5516 5506
f 5506 5516 5517
f 5506 5517 5507
f 5507 5517 5518
f 5507 5518 5508
f 5508 5518 5519
f 5508 5519 5509
f 5509 5519 5520
f 5509 5520 5510
f 5510 5520 5521
f 5510 5521 5511
f 5511 5521 5522
f 5511 5522 5512
f 5512 5522 5523
f 5512 5523 5513
f 5513 5523 5524
f 5513 5524 5514
f 5514 5524 5525
f 5514 5525 5515
f 5515 5525 5526
f 5515 5526 566
f 566 5526 568
f 3985 3986 5247
f 3985 5247 5248
f 1706 1708 5516
f 5516 1708 5527
f 5516 5527 5517
f 5517 5527 5528
f 5517 5528 5518
f 5518 5528 5529
f 5518 5529 5519
f 5519 5529 5530
f 5519 5530 5520
f 5520 5530 5531
f 5520 5531 5521
f 5521 5531 5532
f 5521 5532 5522
f 5522 5532 5533
f 5522 5533 5523
f 5523 5533 5534
f 5523 5534 5524
f 5524 5534 5535
f 5524 5535 5525
f 5525 5535 5536
f 5525 5536 5526
f 5526 5536 5537
f 5526 5537 568
f 568 5537 570
f 3984 3985 5248
f 3984 5248 5249
f 1708 1710 5527
f 5527 1710 5538
f 5527 5538 5528
f 5528 5538 5539
f 5528 5539 5529
f 5529 5539 5540
f 5529 5540 5530
f 5530 5540 5541
f 5530 5541 5531
f 5531 5541 5542
f 5531 5542 5532
f 5532 5542 5543
f 5532 5543 5533
f 5533 5543 5544
f 5533 5544 5534
f 5534 5544 5545
f 5534 5545 5535
f 5535 5545 5546
f 5535 5546 5536
f 5536 5546 5547
f 5536 5547 5537
f 5537 5547 5548
f 5537 5548 570
f 570 5548 572
f 3983 3984 5249
f 3983 5249 5250
f 1710 1712 5538
f 5538 1712 5549
f 5538 5549 5539
f 5539 5549 5550
f 5539 5550 5540
f 5540 5550 5551
f 5540 5551 5541
f 5541 5551 5552
f 5541 5552 5542
f 5542 5552 5553
f 5542 5553 5543
f 5543 5553 5554
f 5543 5554 5544
f 5544 5554 5555
f 5544 5555 5545
f 5545 5555 5556
f 5545 5556 5546
f 5546 5556 5557
f 5546 5557 5547
f 5547 5557 5558
f 5547 5558 5548
f 5548 5558 5559
f 5548 5559 572
f 572 5559 574
f 3982 3983 5250
f 3982 5250 5251
f 1712 1714 5549
f 5549 1714 5560
f 5549 5560 5550
f 5550 5560 5561
f 5550 5561 5551
f 5551 5561 5562
f 5551 5562 5552
f 5552 5562 5563
f 5552 5563 5553
f 5553 5563 5564
f 5553 5564 5554
f 5554 5564 5565
f 5554 5565 5555
f 5555 5565 5566
f 5555 5566 5556
f 5556 5566 5567
f 5556 5567 5557
f 5557 5567 5568
f 5557 5568 5558
f 5558 5568 5569
f 5558 5569 5559
f 5559 5569 5570
f 5559 5570 574
f 574 5570 576
f 3981 3982 5251
f 3981 5251 3978
f 1714 1716 5560
f 5560 1716 5571
f 5560 5571 5561
f 5561 5571 5572
f 5561 5572 5562
f 5562 5572 5573
f 5562 5573 5563
f 5563 5573 5574
f 5563 5574 5564
f 5564 5574 5575
f 5564 5575 5565
f 5565 5575 5576
f 5565 5576 5566
f 5566 5576 5577
f 5566 5577 5567
f 5567 5577 5578
f 5567 5578 5568
f 5568 5578 5579
f 5568 5579 5569
f 5569 5579 5580
f 5569 5580 5570
f 5570 5580 5581
f 5570 5581 576
f 576 5581 578
f 3977 3981 3978
f 1718 1720 5571
f 5571 1720 5572
f 5573 5572 1722
f 1722 5572 1720
f 1716 1718 5571
f 5574 5573 1724
f 1724 5573 1722
f 5575 5574 1726
f 1726 5574 1724
f 5576 5575 1728
f 1728 5575 1726
f 5577 5576 1730
f 1730 5576 1728
f 5578 5577 1732
f 1732 5577 1730
f 5579 5578 1734
f 1734 5578 1732
f 5580 5579 1736
f 1736 5579 1734
f 5581 5580 1738
f 1738 5580 1736
f 578 5581 1740
f 1740 5581 1738
f 580 578 1740
f 3855 3540 3539
f 3855 3539 5582
f 5582 3539 3538
f 5582 3538 5583
f 5583 3538 3537
f 5583 3537 5584
f 5584 3537 3536
f 5584 3536 5585
f 5585 3536 3535
f 5585 3535 5586
f 5586 3535 3534
f 5586 3534 5587
f 5587 3534 3533
f 5587 3533 5588
f 5588 3533 3532
f 5588 3532 5589
f 5589 3532 3531
f 5589 3531 5590
f 5590 3531 3530
f 5590 3530 5591
f 5591 3530 3529
f 5591 3529 5592
f 5592 3529 3528
f 5592 3528 5593
f 5593 3528 3527
f 5593 3527 5594
f 5594 3527 3526
f 5594 3526 5595
f 5595 3526 3525
f 5595 3525 5596
f 5596 3525 3524
f 5596 3524 5597
f 5597 3524 3523
f 5597 3523 5598
f 5598 3523 3522
f 5598 3522 5599
f 5599 3522 3521
f 5599 3521 5600
f 5600 3521 3520
f 5600 3520 5601
f 5601 3520 3519
f 5601 3519 5602
f 5602 3519 3518
f 5602 3518 5603
f 5603 3518 3517
f 5603 3517 5604
f 5604 3517 3516
f 5604 3516 5605
f 5605 3516 3515
f 5605 3515 5606
f 5606 3515 3514
f 5606 3514 5607
f 5607 3514 3513
f 5607 3513 5608
f 5608 3513 3512
f 5608 3512 5609
f 5609 3512 3511
f 5609 3511 5610
f 5610 3511 3510
f 5610 3510 5611
f 5611 3510 3509
f 5611 3509 5612
f 5612 3509 3508
f 5612 3508 3817
f 3855 5582 3853
f 3853 5582 5613
f 3853 5613 3851
f 3851 5613 5614
f 3851 5614 3849
f 3849 5614 3848
f 5613 5582 5583
f 5613 5583 5615
f 5615 5583 5584
f 5615 5584 5616
f 5616 5584 5585
f 5616 5585 5617
f 5617 5585 5586
f 5617 5586 5618
f 5618 5586 5587
f 5618 5587 5619
f 5619 5587 5588
f 5619 5588 5620
f 5620 5588 5589
f 5620 5589 5621
f 5621 5589 5590
f 5621 5590 5622
f 5622 5590 5591
f 5622 5591 5623
f 5623 5591 5592
f 5623 5592 5624
f 5624 5592 5593
f 5624 5593 5625
f 5625 5593 5594
f 5625 5594 5626
f 5626 5594 5595
f 5626 5595 5627
f 5627 5595 5596
f 5627 5596 5628
f 5628 5596 5597
f 5628 5597 5629
f 5629 5597 5598
f 5629 5598 5630
f 5630 5598 5599
f 5630 5599 5631
f 5631 5599 5600
f 5631 5600 5632
f 5632 5600 5601
f 5632 5601 5633
f 5633 5601 5602
f 5633 5602 5634
f 5634 5602 5603
f 5634 5603 5635
f 5635 5603 5604
f 5635 5604 5636
f 5636 5604 5605
f 5636 5605 5637
f 5637 5605 5606
f 5637 5606 5638
f 5638 5606 5607
f 5638 5607 5639
f 5639 5607 5608
f 5639 5608 5640
f 5640 5608 5609
f 5640 5609 5641
f 5641 5609 5610
f 5641 5610 5642
f 5642 5610 5611
f 5642 5611 5643
f 5643 5611 5612
f 5643 5612 5644
f 5644 5612 3817
f 5644 3817 3816
f 2133 2145 2134
f 2134 2145 5645
f 2134 5645 2135
f 2135 5645 5646
f 2135 5646 2136
f 2136 5646 5647
f 2136 5647 2137
f 2137 5647 5648
f 2137 5648 2138
f 2138 5648 5649
f 2138 5649 2139
f 2139 5649 5650
f 2139 5650 2140
f 2140 5650 5651
f 2140 5651 2141
f 2141 5651 5652
f 2141 5652 2142
f 2142 5652 5653
f 2142 5653 2143
f 2143 5653 5654
f 2143 5654 2144
f 2144 5654 5655
f 2144 5655 644
f 644 5655 646
f 5616 5656 5615
f 5615 5656 5614
f 5615 5614 5613
f 3847 3848 5656
f 5656 3848 5614
f 5656 5616 5657
f 5657 5616 5617
f 5657 5617 5658
f 5658 5617 5618
f 5658 5618 5659
f 5659 5618 5619
f 5659 5619 5660
f 5660 5619 5620
f 5660 5620 5661
f 5661 5620 5621
f 5661 5621 5662
f 5662 5621 5622
f 5662 5622 5663
f 5663 5622 5623
f 5663 5623 5664
f 5664 5623 5624
f 5664 5624 5665
f 5665 5624 5625
f 5665 5625 5666
f 5666 5625 5626
f 5666 5626 5667
f 5667 5626 5627
f 5667 5627 5668
f 5668 5627 5628
f 5668 5628 5669
f 5669 5628 5629
f 5669 5629 5670
f 5670 5629 5630
f 5670 5630 5671
f 5671 5630 5631
f 5671 5631 5672
f 5672 5631 5632
f 5672 5632 5673
f 5673 5632 5633
f 5673 5633 5674
f 5674 5633 5634
f 5674 5634 5675
f 5675 5634 5635
f 5675 5635 5676
f 5676 5635 5636
f 5676 5636 5677
f 5677 5636 5637
f 5677 5637 5678
f 5678 5637 5638
f 5678 5638 5679
f 5679 5638 5639
f 5679 5639 5680
f 5680 5639 5640
f 5680 5640 5681
f 5681 5640 5641
f 5681 5641 5682
f 5682 5641 5642
f 5682 5642 5683
f 5683 5642 5643
f 5683 5643 5684
f 5684 5643 5644
f 5684 5644 5685
f 5685 5644 3816
f 5685 3816 3815
f 2145 2147 5645
f 5645 2147 5686
f 5645 5686 5646
f 5646 5686 5687
f 5646 5687 5647
f 5647 5687 5688
f 5647 5688 5648
f 5648 5688 5689
f 5648 5689 5649
f 5649 5689 5690
f 5649 5690 5650
f 5650 5690 5691
f 5650 5691 5651
f 5651 5691 5692
f 5651 5692 5652
f 5652 5692 5693
f 5652 5693 5653
f 5653 5693 5694
f 5653 5694 5654
f 5654 5694 5695
f 5654 5695 5655
f 5655 5695 5696
f 5655 5696 646
f 646 5696 648
f 3846 3847 5657
f 5657 3847 5656
f 3846 5657 5658
f 2147 2149 5686
f 5686 2149 5697
f 5686 5697 5687
f 5687 5697 5698
f 5687 5698 5688
f 5688 5698 5699
f 5688 5699 5689
f 5689 5699 5700
f 5689 5700 5690
f 5690 5700 5701
f 5690 5701 5691
f 5691 5701 5702
f 5691 5702 5692
f 5692 5702 5703
f 5692 5703 5693
f 5693 5703 5704
f 5693 5704 5694
f 5694 5704 5705
f 5694 5705 5695
f 5695 5705 5706
f 5695 5706 5696
f 5696 5706 5707
f 5696 5707 648
f 648 5707 650
f 3845 3846 5658
f 3845 5658 5659
f 2149 2151 5697
f 5697 2151 5708
f 5697 5708 5698
f 5698 5708 5709
f 5698 5709 5699
f 5699 5709 5710
f 5699 5710 5700
f 5700 5710 5711
f 5700 5711 5701
f 5701 5711 5712
f 5701 5712 5702
f 5702 5712 5713
f 5702 5713 5703
f 5703 5713 5714
f 5703 5714 5704
f 5704 5714 5715
f 5704 5715 5705
f 5705 5715 5716
f 5705 5716 5706
f 5706 5716 5717
f 5706 5717 5707
f 5707 5717 5718
f 5707 5718 650
f 650 5718 652
f 3844 3845 5659
f 3844 5659 5660
f 2151 2153 5708
f 5708 2153 5719
f 5708 5719 5709
f 5709 5719 5720
f 5709 5720 5710
f 5710 5720 5721
f 5710 5721 5711
f 5711 5721 5722
f 5711 5722 5712
f 5712 5722 5723
f 5712 5723 5713
f 5713 5723 5724
f 5713 5724 5714
f 5714 5724 5725
f 5714 5725 5715
f 5715 5725 5726
f 5715 5726 5716
f 5716 5726 5727
f 5716 5727 5717
f 5717 5727 5728
f 5717 5728 5718
f 5718 5728 5729
f 5718 5729 652
f 652 5729 654
f 3843 3844 5660
f 3843 5660 5661
f 2153 2155 5719
f 5719 2155 5730
f 5719 5730 5720
f 5720 5730 5731
f 5720 5731 5721
f 5721 5731 5732
f 5721 5732 5722
f 5722 5732 5733
f 5722 5733 5723
f 5723 5733 5734
f 5723 5734 5724
f 5724 5734 5735
f 5724 5735 5725
f 5725 5735 5736
f 5725 5736 5726
f 5726 5736 5737
f 5726 5737 5727
f 5727 5737 5738
f 5727 5738 5728
f 5728 5738 5739
f 5728 5739 5729
f 5729 5739 5740
f 5729 5740 654
f 654 5740 656
f 3842 3843 5661
f 3842 5661 5662
f 2155 2157 5730
f 5730 2157 5741
f 5730 5741 5731
f 5731 5741 5742
f 5731 5742 5732
f 5732 5742 5743
f 5732 5743 5733
f 5733 5743 5744
f 5733 5744 5734
f 5734 5744 5745
f 5734 5745 5735
f 5735 5745 5746
f 5735 5746 5736
f 5736 5746 5747
f 5736 5747 5737
f 5737 5747 5748
f 5737 5748 5738
f 5738 5748 5749
f 5738 5749 5739
f 5739 5749 5750
f 5739 5750 5740
f 5740 5750 5751
f 5740 5751 656
f 656 5751 658
f 3841 3842 5662
f 3841 5662 5663
f 2157 2159 5741
f 5741 2159 5752
f 5741 5752 5742
f 5742 5752 5753
f 5742 5753 5743
f 5743 5753 5754
f 5743 5754 5744
f 5744 5754 5755
f 5744 5755 5745
f 5745 5755 5756
f 5745 5756 5746
f 5746 5756 5757
f 5746 5757 5747
f 5747 5757 5758
f 5747 5758 5748
f 5748 5758 5759
f 5748 5759 5749
f 5749 5759 5760
f 5749 5760 5750
f 5750 5760 5761
f 5750 5761 5751
f 5751 5761 5762
f 5751 5762 658
f 658 5762 660
f 3840 3841 5663
f 3840 5663 5664
f 2159 2161 5752
f 5752 2161 5763
f 5752 5763 5753
f 5753 5763 5764
f 5753 5764 5754
f 5754 5764 5765
f 5754 5765 5755
f 5755 5765 5766
f 5755 5766 5756
f 5756 5766 5767
f 5756 5767 5757
f 5757 5767 5768
f 5757 5768 5758
f 5758 5768 5769
f 5758 5769 5759
f 5759 5769 5770
f 5759 5770 5760
f 5760 5770 5771
f 5760 5771 5761
f 5761 5771 5772
f 5761 5772 5762
f 5762 5772 5773
f 5762 5773 660
f 660 5773 662
f 3839 3840 5664
f 3839 5664 5665
f 2161 2163 5763
f 5763 2163 5774
f 5763 5774 5764
f 5764 5774 5775
f 5764 5775 5765
f 5765 5775 5776
f 5765 5776 5766
f 5766 5776 5777
f 5766 5777 5767
f 5767 5777 5778
f 5767 5778 5768
f 5768 5778 5779
f 5768 5779 5769
f 5769 5779 5780
f 5769 5780 5770
f 5770 5780 5781
f 5770 5781 5771
f 5771 5781 5782
f 5771 5782 5772
f 5772 5782 5783
f 5772 5783 5773
f 5773 5783 5784
f 5773 5784 662
f 662 5784 664
f 3838 3839 5665
f 3838 5665 5666
f 2163 2165 5774
f 5774 2165 5785
f 5774 5785 5775
f 5775 5785 5786
f 5775 5786 5776
f 5776 5786 5787
f 5776 5787 5777
f 5777 5787 5788
f 5777 5788 5778
f 5778 5788 5789
f 5778 5789 5779
f 5779 5789 5790
f 5779 5790 5780
f 5780 5790 5791
f 5780 5791 5781
f 5781 5791 5792
f 5781 5792 5782
f 5782 5792 5793
f 5782 5793 5783
f 5783 5793 5794
f 5783 5794 5784
f 5784 5794 5795
f 5784 5795 664
f 664 5795 666
f 3837 3838 5666
f 3837 5666 5667
f 2165 2167 5785
f 5785 2167 5796
f 5785 5796 5786
f 5786 5796 5797
f 5786 5797 5787
f 5787 5797 5798
f 5787 5798 5788
f 5788 5798 5799
f 5788 5799 5789
f 5789 5799 5800
f 5789 5800 5790
f 5790 5800 5801
f 5790 5801 5791
f 5791 5801 5802
f 5791 5802 5792
f 5792 5802 5803
f 5792 5803 5793
f 5793 5803 5804
f 5793 5804 5794
f 5794 5804 5805
f 5794 5805 5795
f 5795 5805 5806
f 5795 5806 666
f 666 5806 668
f 3836 3837 5667
f 3836 5667 5668
f 2167 2169 5796
f 5796 2169 5807
f 5796 5807 5797
f 5797 5807 5808
f 5797 5808 5798
f 5798 5808 5809
f 5798 5809 5799
f 5799 5809 5810
f 5799 5810 5800
f 5800 5810 5811
f 5800 5811 5801
f 5801 5811 5812
f 5801 5812 5802
f 5802 5812 5813
f 5802 5813 5803
f 5803 5813 5814
f 5803 5814 5804
f 5804 5814 5815
f 5804 5815 5805
f 5805 5815 5816
f 5805 5816 5806
f 5806 5816 5817
f 5806 5817 668
f 668 5817 670
f 3835 3836 5668
f 3835 5668 5669
f 2169 2171 5807
f 5807 2171 5818
f 5807 5818 5808
f 5808 5818 5819
f 5808 5819 5809
f 5809 5819 5820
f 5809 5820 5810
f 5810 5820 5821
f 5810 5821 5811
f 5811 5821 5822
f 5811 5822 5812
f 5812 5822 5823
f 5812 5823 5813
f 5813 5823 5824
f 5813 5824 5814
f 5814 5824 5825
f 5814 5825 5815
f 5815 5825 5826
f 5815 5826 5816
f 5816 5826 5827
f 5816 5827 5817
f 5817 5827 5828
f 5817 5828 670
f 670 5828 672
f 3834 3835 5669
f 3834 5669 5670
f 2171 2173 5818
f 5818 2173 5829
f 5818 5829 5819
f 5819 5829 5830
f 5819 5830 5820
f 5820 5830 5831
f 5820 5831 5821
f 5821 5831 5832
f 5821 5832 5822
f 5822 5832 5833
f 5822 5833 5823
f 5823 5833 5834
f 5823 5834 5824
f 5824 5834 5835
f 5824 5835 5825
f 5825 5835 5836
f 5825 5836 5826
f 5826 5836 5837
f 5826 5837 5827
f 5827 5837 5838
f 5827 5838 5828
f 5828 5838 5839
f 5828 5839 672
f 672 5839 674
f 3833 3834 5670
f 3833 5670 5671
f 2173 2175 5829
f 5829 2175 5840
f 5829 5840 5830
f 5830 5840 5841
f 5830 5841 5831
f 5831 5841 5842
f 5831 5842 5832
f 5832 5842 5843
f 5832 5843 5833
f 5833 5843 5844
f 5833 5844 5834
f 5834 5844 5845
f 5834 5845 5835
f 5835 5845 5846
f 5835 5846 5836
f 5836 5846 5847
f 5836 5847 5837
f 5837 5847 5848
f 5837 5848 5838
f 5838 5848 5849
f 5838 5849 5839
f 5839 5849 5850
f 5839 5850 674
f 674 5850 676
f 3832 3833 5671
f 3832 5671 5672
f 2175 2177 5840
f 5840 2177 5851
f 5840 5851 5841
f 5841 5851 5852
f 5841 5852 5842
f 5842 5852 5853
f 5842 5853 5843
f 5843 5853 5854
f 5843 5854 5844
f 5844 5854 5855
f 5844 5855 5845
f 5845 5855 5856
f 5845 5856 5846
f 5846 5856 5857
f 5846 5857 5847
f 5847 5857 5858
f 5847 5858 5848
f 5848 5858 5859
f 5848 5859 5849
f 5849 5859 5860
f 5849 5860 5850
f 5850 5860 5861
f 5850 5861 676
f 676 5861 678
f 3831 3832 5672
f 3831 5672 5673
f 2177 2179 5851
f 5851 2179 5862
f 5851 5862 5852
f 5852 5862 5863
f 5852 5863 5853
f 5853 5863 5864
f 5853 5864 5854
f 5854 5864 5865
f 5854 5865 5855
f 5855 5865 5866
f 5855 5866 5856
f 5856 5866 5867
f 5856 5867 5857
f 5857 5867 5868
f 5857 5868 5858
f 5858 5868 5869
f 5858 5869 5859
f 5859 5869 5870
f 5859 5870 5860
f 5860 5870 5871
f 5860 5871 5861
f 5861 5871 5872
f 5861 5872 678
f 678 5872 680
f 3830 3831 5673
f 3830 5673 5674
f 2179 2181 5862
f 5862 2181 5873
f 5862 5873 5863
f 5863 5873 5874
f 5863 5874 5864
f 5864 5874 5875
f 5864 5875 5865
f 5865 5875 5876
f 5865 5876 5866
f 5866 5876 5877
f 5866 5877 5867
f 5867 5877 5878
f 5867 5878 5868
f 5868 5878 5879
f 5868 5879 5869
f 5869 5879 5880
f 5869 5880 5870
f 5870 5880 5881
f 5870 5881 5871
f 5871 5881 5882
f 5871 5882 5872
f 5872 5882 5883
f 5872 5883 680
f 680 5883 682
f 3829 3830 5674
f 3829 5674 5675
f 2181 2183 5873
f 5873 2183 5884
f 5873 5884 5874
f 5874 5884 5885
f 5874 5885 5875
f 5875 5885 5886
f 5875 5886 5876
f 5876 5886 5887
f 5876 5887 5877
f 5877 5887 5888
f 5877 5888 5878
f 5878 5888 5889
f 5878 5889 5879
f 5879 5889 5890
f 5879 5890 5880
f 5880 5890 5891
f 5880 5891 5881
f 5881 5891 5892
f 5881 5892 5882
f 5882 5892 5893
f 5882 5893 5883
f 5883 5893 5894
f 5883 5894 682
f 682 5894 684
f 3828 3829 5675
f 3828 5675 5676
f 2183 2185 5884
f 5884 2185 5895
f 5884 5895 5885
f 5885 5895 5896
f 5885 5896 5886
f 5886 5896 5897
f 5886 5897 5887
f 5887 5897 5898
f 5887 5898 5888
f 5888 5898 5899
f 5888 5899 5889
f 5889 5899 5900
f 5889 5900 5890
f 5890 5900 5901
f 5890 5901 5891
f 5891 5901 5902
f 5891 5902 5892
f 5892 5902 5903
f 5892 5903 5893
f 5893 5903 5904
f 5893 5904 5894
f 5894 5904 5905
f 5894 5905 684
f 684 5905 686
f 3827 3828 5676
f 3827 5676 5677
f 2185 2187 5895
f 5895 2187 5906
f 5895 5906 5896
f 5896 5906 5907
f 5896 5907 5897
f 5897 5907 5908
f 5897 5908 5898
f 5898 5908 5909
f 5898 5909 5899
f 5899 5909 5910
f 5899 5910 5900
f 5900 5910 5911
f 5900 5911 5901
f 5901 5911 5912
f 5901 5912 5902
f 5902 5912 5913
f 5902 5913 5903
f 5903 5913 5914
f 5903 5914 5904
f 5904 5914 5915
f 5904 5915 5905
f 5905 5915 5916
f 5905 5916 686
f 686 5916 688
f 3826 3827 5677
f 3826 5677 5678
f 2187 2189 5906
f 5906 2189 5917
f 5906 5917 5907
f 5907 5917 5918
f 5907 5918 5908
f 5908 5918 5919
f 5908 5919 5909
f 5909 5919 5920
f 5909 5920 5910
f 5910 5920 5921
f 5910 5921 5911
f 5911 5921 5922
f 5911 5922 5912
f 5912 5922 5923
f 5912 5923 5913
f 5913 5923 5924
f 5913 5924 5914
f 5914 5924 5925
f 5914 5925 5915
f 5915 5925 5926
f 5915 5926 5916
f 5916 5926 5927
f 5916 5927 688
f 688 5927 690
f 3825 3826 5678
f 3825 5678 5679
f 2189 2191 5917
f 5917 2191 5928
f 5917 5928 5918
f 5918 5928 5929
f 5918 5929 5919
f 5919 5929 5930
f 5919 5930 5920
f 5920 5930 5931
f 5920 5931 5921
f 5921 5931 5932
f 5921 5932 5922
f 5922 5932 5933
f 5922 5933 5923
f 5923 5933 5934
f 5923 5934 5924
f 5924 5934 5935
f 5924 5935 5925
f 5925 5935 5936
f 5925 5936 5926
f 5926 5936 5937
f 5926 5937 5927
f 5927 5937 5938
f 5927 5938 690
f 690 5938 692
f 3824 3825 5679
f 3824 5679 5680
f 2191 2193 5928
f 5928 2193 5939
f 5928 5939 5929
f 5929 5939 5940
f 5929 5940 5930
f 5930 5940 5941
f 5930 5941 5931
f 5931 5941 5942
f 5931 5942 5932
f 5932 5942 5943
f 5932 5943 5933
f 5933 5943 5944
f 5933 5944 5934
f 5934 5944 5945
f 5934 5945 5935
f 5935 5945 5946
f 5935 5946 5936
f 5936 5946 5947
f 5936 5947 5937
f 5937 5947 5948
f 5937 5948 5938
f 5938 5948 5949
f 5938 5949 692
f 692 5949 694
f 3823 3824 5680
f 3823 5680 5681
f 2193 2195 5939
f 5939 2195 5950
f 5939 5950 5940
f 5940 5950 5951
f 5940 5951 5941
f 5941 5951 5952
f 5941 5952 5942
f 5942 5952 5953
f 5942 5953 5943
f 5943 5953 5954
f 5943 5954 5944
f 5944 5954 5955
f 5944 5955 5945
f 5945 5955 5956
f 5945 5956 5946
f 5946 5956 5957
f 5946 5957 5947
f 5947 5957 5958
f 5947 5958 5948
f 5948 5958 5959
f 5948 5959 5949
f 5949 5959 5960
f 5949 5960 694
f 694 5960 696
f 3822 3823 5681
f 3822 5681 5682
f 2195 2197 5950
f 5950 2197 5961
f 5950 5961 5951
f 5951 5961 5962
f 5951 5962 5952
f 5952 5962 5963
f 5952 5963 5953
f 5953 5963 5964
f 5953 5964 5954
f 5954 5964 5965
f 5954 5965 5955
f 5955 5965 5966
f 5955 5966 5956
f 5956 5966 5967
f 5956 5967 5957
f 5957 5967 5968
f 5957 5968 5958
f 5958 5968 5969
f 5958 5969 5959
f 5959 5969 5970
f 5959 5970 5960
f 5960 5970 5971
f 5960 5971 696
f 696 5971 698
f 3821 3822 5682
f 3821 5682 5683
f 2197 2199 5961
f 5961 2199 5972
f 5961 5972 5962
f 5962 5972 5973
f 5962 5973 5963
f 5963 5973 5974
f 5963 5974 5964
f 5964 5974 5975
f 5964 5975 5965
f 5965 5975 5976
f 5965 5976 5966
f 5966 5976 5977
f 5966 5977 5967
f 5967 5977 5978
f 5967 5978 5968
f 5968 5978 5979
f 5968 5979 5969
f 5969 5979 5980
f 5969 5980 5970
f 5970 5980 5981
f 5970 5981 5971
f 5971 5981 5982
f 5971 5982 698
f 698 5982 700
f 3820 3821 5683
f 3820 5683 5684
f 2199 2201 5972
f 5972 2201 5983
f 5972 5983 5973
f 5973 5983 5984
f 5973 5984 5974
f 5974 5984 5985
f 5974 5985 5975
f 5975 5985 5986
f 5975 5986 5976
f 5976 5986 5987
f 5976 5987 5977
f 5977 5987 5988
f 5977 5988 5978
f 5978 5988 5989
f 5978 5989 5979
f 5979 5989 5990
f 5979 5990 5980
f 5980 5990 5991
f 5980 5991 5981
f 5981 5991 5992
f 5981 5992 5982
f 5982 5992 5993
f 5982 5993 700
f 700 5993 702
f 3819 3820 5684
f 3819 5684 5685
f 2201 2203 5983
f 5983 2203 5994
f 5983 5994 5984
f 5984 5994 5995
f 5984 5995 5985
f 5985 5995 5996
f 5985 5996 5986
f 5986 5996 5997
f 5986 5997 5987
f 5987 5997 5998
f 5987 5998 5988
f 5988 5998 5999
f 5988 5999 5989
f 5989 5999 6000
f 5989 6000 5990
f 5990 6000 6001
f 5990 6001 5991
f 5991 6001 6002
f 5991 6002 5992
f 5992 6002 6003
f 5992 6003 5993
f 5993 6003 6004
f 5993 6004 702
f 702 6004 704
f 3818 3819 5685
f 3818 5685 3815
f 2203 2205 5994
f 5994 2205 6005
f 5994 6005 5995
f 5995 6005 6006
f 5995 6006 5996
f 5996 6006 6007
f 5996 6007 5997
f 5997 6007 6008
f 5997 6008 5998
f 5998 6008 6009
f 5998 6009 5999
f 5999 6009 6010
f 5999 6010 6000
f 6000 6010 6011
f 6000 6011 6001
f 6001 6011 6012
f 6001 6012 6002
f 6002 6012 6013
f 6002 6013 6003
f 6003 6013 6014
f 6003 6014 6004
f 6004 6014 6015
f 6004 6015 704
f 704 6015 706
f 3814 3818 3815
f 2207 2209 6005
f 6005 2209 6006
f 6007 6006 2211
f 2211 6006 2209
f 2205 2207 6005
f 6008 6007 2213
f 2213 6007 2211
f 6009 6008 2215
f 2215 6008 2213
f 6010 6009 2217
f 2217 6009 2215
f 6011 6010 2219
f 2219 6010 2217
f 6012 6011 2221
f 2221 6011 2219
f 6013 6012 2223
f 2223 6012 2221
f 6014 6013 2225
f 2225 6013 2223
f 6015 6014 2227
f 2227 6014 2225
f 706 6015 2229
f 2229 6015 2227
f 708 706 2229
f 3692 3476 3475
f 3692 3475 6016
f 6016 3475 3474
f 6016 3474 6017
f 6017 3474 3473
f 6017 3473 6018
f 6018 3473 3472
f 6018 3472 6019
f 6019 3472 3471
f 6019 3471 6020
f 6020 3471 3470
f 6020 3470 6021
f 6021 3470 3469
f 6021 3469 6022
f 6022 3469 3468
f 6022 3468 6023
f 6023 3468 3467
f 6023 3467 6024
f 6024 3467 3466
f 6024 3466 6025
f 6025 3466 3465
f 6025 3465 6026
f 6026 3465 3464
f 6026 3464 6027
f 6027 3464 3463
f 6027 3463 6028
f 6028 3463 3462
f 6028 3462 6029
f 6029 3462 3461
f 6029 3461 6030
f 6030 3461 3460
f 6030 3460 6031
f 6031 3460 3459
f 6031 3459 6032
f 6032 3459 3458
f 6032 3458 6033
f 6033 3458 3457
f 6033 3457 6034
f 6034 3457 3456
f 6034 3456 6035
f 6035 3456 3455
f 6035 3455 6036
f 6036 3455 3454
f 6036 3454 6037
f 6037 3454 3453
f 6037 3453 6038
f 6038 3453 3452
f 6038 3452 6039
f 6039 3452 3451
f 6039 3451 6040
f 6040 3451 3450
f 6040 3450 6041
f 6041 3450 3449
f 6041 3449 6042
f 6042 3449 3448
f 6042 3448 6043
f 6043 3448 3447
f 6043 3447 6044
f 6044 3447 3446
f 6044 3446 6045
f 6045 3446 3445
f 6045 3445 6046
f 6046 3445 3444
f 6046 3444 6047
f 6047 3444 3443
f 6047 3443 6048
f 6048 3443 3442
f 6048 3442 6049
f 6049 3442 3441
f 6049 3441 6050
f 6050 3441 3440
f 6050 3440 6051
f 6051 3440 3439
f 6051 3439 6052
f 6052 3439 3438
f 6052 3438 6053
f 6053 3438 3437
f 6053 3437 6054
f 6054 3437 3436
f 6054 3436 6055
f 6055 3436 3435
f 6055 3435 6056
f 6056 3435 3434
f 6056 3434 3641
f 3641 3434 3433
f 3692 6016 3690
f 3690 6016 6057
f 3690 6057 3688
f 3688 6057 6058
f 3688 6058 3686
f 3686 6058 3685
f 6057 6016 6017
f 6057 6017 6059
f 6059 6017 6018
f 6059 6018 6060
f 6060 6018 6019
f 6060 6019 6061
f 6061 6019 6020
f 6061 6020 6062
f 6062 6020 6021
f 6062 6021 6063
f 6063 6021 6022
f 6063 6022 6064
f 6064 6022 6023
f 6064 6023 6065
f 6065 6023 6024
f 6065 6024 6066
f 6066 6024 6025
f 6066 6025 6067
f 6067 6025 6026
f 6067 6026 6068
f 6068 6026 6027
f 6068 6027 6069
f 6069 6027 6028
f 6069 6028 6070
f 6070 6028 6029
f 6070 6029 6071
f 6071 6029 6030
f 6071 6030 6072
f 6072 6030 6031
f 6072 6031 6073
f 6073 6031 6032
f 6073 6032 6074
f 6074 6032 6033
f 6074 6033 6075
f 6075 6033 6034
f 6075 6034 6076
f 6076 6034 6035
f 6076 6035 6077
f 6077 6035 6036
f 6077 6036 6078
f 6078 6036 6037
f 6078 6037 6079
f 6079 6037 6038
f 6079 6038 6080
f 6080 6038 6039
f 6080 6039 6081
f 6081 6039 6040
f 6081 6040 6082
f 6082 6040 6041
f 6082 6041 6083
f 6083 6041 6042
f 6083 6042 6084
f 6084 6042 6043
f 6084 6043 6085
f 6085 6043 6044
f 6085 6044 6086
f 6086 6044 6045
f 6086 6045 6087
f 6087 6045 6046
f 6087 6046 6088
f 6088 6046 6047
f 6088 6047 6089
f 6089 6047 6048
f 6089 6048 6090
f 6090 6048 6049
f 6090 6049 6091
f 6091 6049 6050
f 6091 6050 6092
f 6092 6050 6051
f 6092 6051 6093
f 6093 6051 6052
f 6093 6052 6094
f 6094 6052 6053
f 6094 6053 6095
f 6095 6053 6054
f 6095 6054 6096
f 6096 6054 6055
f 6096 6055 6097
f 6097 6055 6056
f 6097 6056 3643
f 3643 6056 3641
f 913 911 6098
f 6098 911 909
f 6098 909 6099
f 6099 909 907
f 6099 907 6100
f 6100 907 905
f 6100 905 6101
f 6101 905 903
f 6101 903 6102
f 6102 903 901
f 6102 901 6103
f 6103 901 899
f 6103 899 6104
f 6104 899 897
f 6104 897 6105
f 6105 897 895
f 6105 895 6106
f 6106 895 893
f 6106 893 6107
f 6107 893 891
f 6107 891 6108
f 6108 891 889
f 6108 889 6109
f 6109 889 887
f 6109 887 6110
f 6110 887 885
f 6110 885 6111
f 6111 885 883
f 6111 883 6112
f 6112 883 881
f 6112 881 6113
f 6113 881 879
f 6113 879 6114
f 6114 879 877
f 6114 877 6115
f 6115 877 875
f 6115 875 6116
f 6116 875 873
f 6116 873 6117
f 6117 873 871
f 6117 871 6118
f 6118 871 869
f 6118 869 6119
f 6119 869 867
f 6119 867 6120
f 6120 867 865
f 6120 865 6121
f 6121 865 863
f 6121 863 6122
f 6122 863 861
f 6122 861 6123
f 6123 861 859
f 6123 859 6124
f 6124 859 857
f 6124 857 6125
f 6125 857 855
f 6125 855 6126
f 6126 855 853
f 6126 853 6127
f 6127 853 850
f 6127 850 848
f 915 913 6128
f 6128 913 6098
f 6128 6098 6129
f 6129 6098 6099
f 6129 6099 6130
f 6130 6099 6100
f 6130 6100 6131
f 6131 6100 6101
f 6131 6101 6132
f 6132 6101 6102
f 6132 6102 6133
f 6133 6102 6103
f 6133 6103 6134
f 6134 6103 6104
f 6134 6104 6135
f 6135 6104 6105
f 6135 6105 6136
f 6136 6105 6106
f 6136 6106 6137
f 6137 6106 6107
f 6137 6107 6138
f 6138 6107 6108
f 6138 6108 6139
f 6139 6108 6109
f 6139 6109 6140
f 6140 6109 6110
f 6140 6110 6141
f 6141 6110 6111
f 6141 6111 6142
f 6142 6111 6112
f 6142 6112 6143
f 6143 6112 6113
f 6143 6113 6144
f 6144 6113 6114
f 6144 6114 6145
f 6145 6114 6115
f 6145 6115 6146
f 6146 6115 6116
f 6146 6116 6147
f 6147 6116 6117
f 6147 6117 6148
f 6148 6117 6118
f 6148 6118 6149
f 6149 6118 6119
f 6149 6119 6150
f 6150 6119 6120
f 6150 6120 6151
f 6151 6120 6121
f 6151 6121 6152
f 6152 6121 6122
f 6152 6122 6153
f 6153 6122 6123
f 6153 6123 6154
f 6154 6123 6124
f 6154 6124 6155
f 6155 6124 6125
f 6155 6125 6156
f 6156 6125 6126
f 6156 6126 6157
f 6157 6126 6127
f 6157 6127 6158
f 6158 6127 848
f 6158 848 846
f 917 915 6159
f 6159 915 6128
f 6159 6128 6160
f 6160 6128 6129
f 6160 6129 6161
f 6161 6129 6130
f 6161 6130 6162
f 6162 6130 6131
f 6162 6131 6163
f 6163 6131 6132
f 6163 6132 6164
f 6164 6132 6133
f 6164 6133 6165
f 6165 6133 6134
f 6165 6134 6166
f 6166 6134 6135
f 6166 6135 6167
f 6167 6135 6136
f 6167 6136 6168
f 6168 6136 6137
f 6168 6137 6169
f 6169 6137 6138
f 6169 6138 6170
f 6170 6138 6139
f 6170 6139 6171
f 6171 6139 6140
f 6171 6140 6172
f 6172 6140 6141
f 6172 6141 6173
f 6173 6141 6142
f 6173 6142 6174
f 6174 6142 6143
f 6174 6143 6175
f 6175 6143 6144
f 6175 6144 6176
f 6176 6144 6145
f 6176 6145 6177
f 6177 6145 6146
f 6177 6146 6178
f 6178 6146 6147
f 6178 6147 6179
f 6179 6147 6148
f 6179 6148 6180
f 6180 6148 6149
f 6180 6149 6181
f 6181 6149 6150
f 6181 6150 6182
f 6182 6150 6151
f 6182 6151 6183
f 6183 6151 6152
f 6183 6152 6184
f 6184 6152 6153
f 6184 6153 6185
f 6185 6153 6154
f 6185 6154 6186
f 6186 6154 6155
f 6186 6155 6187
f 6187 6155 6156
f 6187 6156 6188
f 6188 6156 6157
f 6188 6157 6189
f 6189 6157 6158
f 6189 6158 6190
f 6190 6158 846
f 6190 846 844
f 919 917 6191
f 6191 917 6159
f 6191 6159 6192
f 6192 6159 6160
f 6192 6160 6193
f 6193 6160 6161
f 6193 6161 6194
f 6194 6161 6162
f 6194 6162 6195
f 6195 6162 6163
f 6195 6163 6196
f 6196 6163 6164
f 6196 6164 6197
f 6197 6164 6165
f 6197 6165 6198
f 6198 6165 6166
f 6198 6166 6199
f 6199 6166 6167
f 6199 6167 6200
f 6200 6167 6168
f 6200 6168 6201
f 6201 6168 6169
f 6201 6169 6202
f 6202 6169 6170
f 6202 6170 6203
f 6203 6170 6171
f 6203 6171 6204
f 6204 6171 6172
f 6204 6172 6205
f 6205 6172 6173
f 6205 6173 6206
f 6206 6173 6174
f 6206 6174 6207
f 6207 6174 6175
f 6207 6175 6208
f 6208 6175 6176
f 6208 6176 6209
f 6209 6176 6177
f 6209 6177 6210
f 6210 6177 6178
f 6210 6178 6211
f 6211 6178 6179
f 6211 6179 6212
f 6212 6179 6180
f 6212 6180 6213
f 6213 6180 6181
f 6213 6181 6214
f 6214 6181 6182
f 6214 6182 6215
f 6215 6182 6183
f 6215 6183 6216
f 6216 6183 6184
f 6216 6184 6217
f 6217 6184 6185
f 6217 6185 6218
f 6218 6185 6186
f 6218 6186 6219
f 6219 6186 6187
f 6219 6187 6220
f 6220 6187 6188
f 6220 6188 6221
f 6221 6188 6189
f 6221 6189 6222
f 6222 6189 6190
f 6222 6190 6223
f 6223 6190 844
f 6223 844 842
f 921 919 6224
f 6224 919 6191
f 6224 6191 6225
f 6225 6191 6192
f 6225 6192 6226
f 6226 6192 6193
f 6226 6193 6227
f 6227 6193 6194
f 6227 6194 6228
f 6228 6194 6195
f 6228 6195 6229
f 6229 6195 6196
f 6229 6196 6230
f 6230 6196 6197
f 6230 6197 6231
f 6231 6197 6198
f 6231 6198 6232
f 6232 6198 6199
f 6232 6199 6233
f 6233 6199 6200
f 6233 6200 6234
f 6234 6200 6201
f 6234 6201 6235
f 6235 6201 6202
f 6235 6202 6236
f 6236 6202 6203
f 6236 6203 6237
f 6237 6203 6204
f 6237 6204 6238
f 6238 6204 6205
f 6238 6205 6239
f 6239 6205 6206
f 6239 6206 6240
f 6240 6206 6207
f 6240 6207 6241
f 6241 6207 6208
f 6241 6208 6242
f 6242 6208 6209
f 6242 6209 6243
f 6243 6209 6210
f 6243 6210 6244
f 6244 6210 6211
f 6244 6211 6245
f 6245 6211 6212
f 6245 6212 6246
f 6246 6212 6213
f 6246 6213 6247
f 6247 6213 6214
f 6247 6214 6248
f 6248 6214 6215
f 6248 6215 6249
f 6249 6215 6216
f 6249 6216 6250
f 6250 6216 6217
f 6250 6217 6251
f 6251 6217 6218
f 6251 6218 6252
f 6252 6218 6219
f 6252 6219 6253
f 6253 6219 6220
f 6253 6220 6254
f 6254 6220 6221
f 6254 6221 6255
f 6255 6221 6222
f 6255 6222 6256
f 6256 6222 6223
f 6256 6223 6257
f 6257 6223 842
f 6257 842 840
f 923 921 6258
f 6258 921 6224
f 6258 6224 6259
f 6259 6224 6225
f 6259 6225 6260
f 6260 6225 6226
f 6260 6226 6261
f 6261 6226 6227
f 6261 6227 6262
f 6262 6227 6228
f 6262 6228 6263
f 6263 6228 6229
f 6263 6229 6264
f 6264 6229 6230
f 6264 6230 6265
f 6265 6230 6231
f 6265 6231 6266
f 6266 6231 6232
f 6266 6232 6267
f 6267 6232 6233
f 6267 6233 6268
f 6268 6233 6234
f 6268 6234 6269
f 6269 6234 6235
f 6269 6235 6270
f 6270 6235 6236
f 6270 6236 6271
f 6271 6236 6237
f 6271 6237 6272
f 6272 6237 6238
f 6272 6238 6273
f 6273 6238 6239
f 6273 6239 6274
f 6274 6239 6240
f 6274 6240 6275
f 6275 6240 6241
f 6275 6241 6276
f 6276 6241 6242
f 6276 6242 6277
f 6277 6242 6243
f 6277 6243 6278
f 6278 6243 6244
f 6278 6244 6279
f 6279 6244 6245
f 6279 6245 6280
f 6280 6245 6246
f 6280 6246 6281
f 6281 6246 6247
f 6281 6247 6282
f 6282 6247 6248
f 6282 6248 6283
f 6283 6248 6249
f 6283 6249 6284
f 6284 6249 6250
f 6284 6250 6285
f 6285 6250 6251
f 6285 6251 6286
f 6286 6251 6252
f 6286 6252 6287
f 6287 6252 6253
f 6287 6253 6288
f 6288 6253 6254
f 6288 6254 6289
f 6289 6254 6255
f 6289 6255 6290
f 6290 6255 6256
f 6290 6256 6291
f 6291 6256 6257
f 6291 6257 6292
f 6292 6257 840
f 6292 840 838
f 925 923 6293
f 6293 923 6258
f 6293 6258 6294
f 6294 6258 6259
f 6294 6259 6295
f 6295 6259 6260
f 6295 6260 6296
f 6296 6260 6261
f 6296 6261 6297
f 6297 6261 6262
f 6297 6262 6298
f 6298 6262 6263
f 6298 6263 6299
f 6299 6263 6264
f 6299 6264 6300
f 6300 6264 6265
f 6300 6265 6301
f 6301 6265 6266
f 6301 6266 6302
f 6302 6266 6267
f 6302 6267 6303
f 6303 6267 6268
f 6303 6268 6304
f 6304 6268 6269
f 6304 6269 6305
f 6305 6269 6270
f 6305 6270 6306
f 6306 6270 6271
f 6306 6271 6307
f 6307 6271 6272
f 6307 6272 6308
f 6308 6272 6273
f 6308 6273 6309
f 6309 6273 6274
f 6309 6274 6310
f 6310 6274 6275
f 6310 6275 6311
f 6311 6275 6276
f 6311 6276 6312
f 6312 6276 6277
f 6312 6277 6313
f 6313 6277 6278
f 6313 6278 6314
f 6314 6278 6279
f 6314 6279 6315
f 6315 6279 6280
f 6315 6280 6316
f 6316 6280 6281
f 6316 6281 6317
f 6317 6281 6282
f 6317 6282 6318
f 6318 6282 6283
f 6318 6283 6319
f 6319 6283 6284
f 6319 6284 6320
f 6320 6284 6285
f 6320 6285 6321
f 6321 6285 6286
f 6321 6286 6322
f 6322 6286 6287
f 6322 6287 6323
f 6323 6287 6288
f 6323 6288 6324
f 6324 6288 6289
f 6324 6289 6325
f 6325 6289 6290
f 6325 6290 6326
f 6326 6290 6291
f 6326 6291 6327
f 6327 6291 6292
f 6327 6292 6328
f 6328 6292 838
f 6328 838 836
f 927 925 6329
f 6329 925 6293
f 6329 6293 6330
f 6330 6293 6294
f 6330 6294 6331
f 6331 6294 6295
f 6331 6295 6332
f 6332 6295 6296
f 6332 6296 6333
f 6333 6296 6297
f 6333 6297 6334
f 6334 6297 6298
f 6334 6298 6335
f 6335 6298 6299
f 6335 6299 6336
f 6336 6299 6300
f 6336 6300 6337
f 6337 6300 6301
f 6337 6301 6338
f 6338 6301 6302
f 6338 6302 6339
f 6339 6302 6303
f 6339 6303 6340
f 6340 6303 6304
f 6340 6304 6341
f 6341 6304 6305
f 6341 6305 6342
f 6342 6305 6306
f 6342 6306 6343
f 6343 6306 6307
f 6343 6307 6344
f 6344 6307 6308
f 6344 6308 6345
f 6345 6308 6309
f 6345 6309 6346
f 6346 6309 6310
f 6346 6310 6347
f 6347 6310 6311
f 6347 6311 6348
f 6348 6311 6312
f 6348 6312 6349
f 6349 6312 6313
f 6349 6313 6350
f 6350 6313 6314
f 6350 6314 6351
f 6351 6314 6315
f 6351 6315 6352
f 6352 6315 6316
f 6352 6316 6353
f 6353 6316 6317
f 6353 6317 6354
f 6354 6317 6318
f 6354 6318 6355
f 6355 6318 6319
f 6355 6319 6356
f 6356 6319 6320
f 6356 6320 6357
f 6357 6320 6321
f 6357 6321 6358
f 6358 6321 6322
f 6358 6322 6359
f 6359 6322 6323
f 6359 6323 6360
f 6360 6323 6324
f 6360 6324 6361
f 6361 6324 6325
f 6361 6325 6362
f 6362 6325 6326
f 6362 6326 6363
f 6363 6326 6327
f 6363 6327 6364
f 6364 6327 6328
f 6364 6328 6365
f 6365 6328 836
f 6365 836 834
f 929 927 6366
f 6366 927 6329
f 6366 6329 6367
f 6367 6329 6330
f 6367 6330 6368
f 6368 6330 6331
f 6368 6331 6369
f 6369 6331 6332
f 6369 6332 6370
f 6370 6332 6333
f 6370 6333 6371
f 6371 6333 6334
f 6371 6334 6372
f 6372 6334 6335
f 6372 6335 6373
f 6373 6335 6336
f 6373 6336 6374
f 6374 6336 6337
f 6374 6337 6375
f 6375 6337 6338
f 6375 6338 6376
f 6376 6338 6339
f 6376 6339 6377
f 6377 6339 6340
f 6377 6340 6378
f 6378 6340 6341
f 6378 6341 6379
f 6379 6341 6342
f 6379 6342 6380
f 6380 6342 6343
f 6380 6343 6381
f 6381 6343 6344
f 6381 6344 6382
f 6382 6344 6345
f 6382 6345 6383
f 6383 6345 6346
f 6383 6346 6384
f 6384 6346 6347
f 6384 6347 6385
f 6385 6347 6348
f 6385 6348 6386
f 6386 6348 6349
f 6386 6349 6387
f 6387 6349 6350
f 6387 6350 6388
f 6388 6350 6351
f 6388 6351 6389
f 6389 6351 6352
f 6389 6352 6390
f 6390 6352 6353
f 6390 6353 6391
f 6391 6353 6354
f 6391 6354 6392
f 6392 6354 6355
f 6392 6355 6393
f 6393 6355 6356
f 6393 6356 6394
f 6394 6356 6357
f 6394 6357 6395
f 6395 6357 6358
f 6395 6358 6396
f 6396 6358 6359
f 6396 6359 6397
f 6397 6359 6360
f 6397 6360 6398
f 6398 6360 6361
f 6398 6361 6399
f 6399 6361 6362
f 6399 6362 6400
f 6400 6362 6363
f 6400 6363 6401
f 6401 6363 6364
f 6401 6364 6402
f 6402 6364 6365
f 6402 6365 6403
f 6403 6365 834
f 6403 834 832
f 931 929 6404
f 6404 929 6366
f 6404 6366 6405
f 6405 6366 6367
f 6405 6367 6406
f 6406 6367 6368
f 6406 6368 6407
f 6407 6368 6369
f 6407 6369 6408
f 6408 6369 6370
f 6408 6370 6409
f 6409 6370 6371
f 6409 6371 6410
f 6410 6371 6372
f 6410 6372 6411
f 6411 6372 6373
f 6411 6373 6412
f 6412 6373 6374
f 6412 6374 6413
f 6413 6374 6375
f 6413 6375 6414
f 6414 6375 6376
f 6414 6376 6415
f 6415 6376 6377
f 6415 6377 6416
f 6416 6377 6378
f 6416 6378 6417
f 6417 6378 6379
f 6417 6379 6418
f 6418 6379 6380
f 6418 6380 6419
f 6419 6380 6381
f 6419 6381 6420
f 6420 6381 6382
f 6420 6382 6421
f 6421 6382 6383
f 6421 6383 6422
f 6422 6383 6384
f 6422 6384 6423
f 6423 6384 6385
f 6423 6385 6424
f 6424 6385 6386
f 6424 6386 6425
f 6425 6386 6387
f 6425 6387 6426
f 6426 6387 6388
f 6426 6388 6427
f 6427 6388 6389
f 6427 6389 6428
f 6428 6389 6390
f 6428 6390 6429
f 6429 6390 6391
f 6429 6391 6430
f 6430 6391 6392
f 6430 6392 6431
f 6431 6392 6393
f 6431 6393 6432
f 6432 6393 6394
f 6432 6394 6433
f 6433 6394 6395
f 6433 6395 6434
f 6434 6395 6396
f 6434 6396 6435
f 6435 6396 6397
f 6435 6397 6436
f 6436 6397 6398
f 6436 6398 6437
f 6437 6398 6399
f 6437 6399 6438
f 6438 6399 6400
f 6438 6400 6439
f 6439 6400 6401
f 6439 6401 6440
f 6440 6401 6402
f 6440 6402 6441
f 6441 6402 6403
f 6441 6403 830
f 830 6403 832
f 933 931 6442
f 6442 931 6404
f 6442 6404 6443
f 6443 6404 6405
f 6443 6405 6444
f 6444 6405 6406
f 6444 6406 6445
f 6445 6406 6407
f 6445 6407 6446
f 6446 6407 6408
f 6446 6408 6447
f 6447 6408 6409
f 6447 6409 6448
f 6448 6409 6410
f 6448 6410 6449
f 6449 6410 6411
f 6449 6411 6450
f 6450 6411 6412
f 6450 6412 6451
f 6451 6412 6413
f 6451 6413 6452
f 6452 6413 6414
f 6452 6414 6453
f 6453 6414 6415
f 6453 6415 6454
f 6454 6415 6416
f 6454 6416 6455
f 6455 6416 6417
f 6455 6417 6456
f 6456 6417 6418
f 6456 6418 6457
f 6457 6418 6419
f 6457 6419 6458
f 6458 6419 6420
f 6458 6420 6459
f 6459 6420 6421
f 6459 6421 6460
f 6460 6421 6422
f 6460 6422 6461
f 6461 6422 6423
f 6461 6423 6462
f 6462 6423 6424
f 6462 6424 6463
f 6463 6424 6425
f 6463 6425 6464
f 6464 6425 6426
f 6464 6426 6465
f 6465 6426 6427
f 6465 6427 6466
f 6466 6427 6428
f 6466 6428 6467
f 6467 6428 6429
f 6467 6429 6468
f 6468 6429 6430
f 6468 6430 6469
f 6469 6430 6431
f 6469 6431 6470
f 6470 6431 6432
f 6470 6432 6471
f 6471 6432 6433
f 6471 6433 6472
f 6472 6433 6434
f 6472 6434 6473
f 6473 6434 6435
f 6473 6435 6474
f 6474 6435 6436
f 6474 6436 6475
f 6475 6436 6437
f 6475 6437 6476
f 6476 6437 6438
f 6476 6438 6477
f 6477 6438 6439
f 6477 6439 6478
f 6478 6439 6440
f 6478 6440 6479
f 6479 6440 6441
f 6479 6441 828
f 828 6441 830
f 748 933 750
f 750 933 6442
f 750 6442 752
f 752 6442 6443
f 752 6443 754
f 754 6443 6444
f 754 6444 756
f 756 6444 6445
f 756 6445 758
f 758 6445 6446
f 758 6446 760
f 760 6446 6447
f 760 6447 762
f 762 6447 6448
f 762 6448 764
f 764 6448 6449
f 764 6449 766
f 766 6449 6450
f 766 6450 768
f 768 6450 6451
f 768 6451 770
f 770 6451 6452
f 770 6452 772
f 772 6452 6453
f 772 6453 774
f 774 6453 6454
f 774 6454 776
f 776 6454 6455
f 776 6455 778
f 778 6455 6456
f 778 6456 780
f 780 6456 6457
f 780 6457 782
f 782 6457 6458
f 782 6458 784
f 784 6458 6459
f 784 6459 786
f 786 6459 6460
f 786 6460 788
f 788 6460 6461
f 788 6461 790
f 790 6461 6462
f 790 6462 792
f 792 6462 6463
f 792 6463 794
f 794 6463 6464
f 794 6464 796
f 796 6464 6465
f 796 6465 798
f 798 6465 6466
f 798 6466 800
f 800 6466 6467
f 800 6467 802
f 802 6467 6468
f 802 6468 804
f 804 6468 6469
f 804 6469 806
f 806 6469 6470
f 806 6470 808
f 808 6470 6471
f 808 6471 810
f 810 6471 6472
f 810 6472 812
f 812 6472 6473
f 812 6473 814
f 814 6473 6474
f 814 6474 816
f 816 6474 6475
f 816 6475 818
f 818 6475 6476
f 818 6476 820
f 820 6476 6477
f 820 6477 822
f 822 6477 6478
f 822 6478 824
f 824 6478 6479
f 824 6479 826
f 826 6479 828
f 6060 6480 6059
f 6059 6480 6058
f 6059 6058 6057
f 3684 3685 6480
f 6480 3685 6058
f 6480 6060 6481
f 6481 6060 6061
f 6481 6061 6482
f 6482 6061 6062
f 6482 6062 6483
f 6483 6062 6063
f 6483 6063 6484
f 6484 6063 6064
f 6484 6064 6485
f 6485 6064 6065
f 6485 6065 6486
f 6486 6065 6066
f 6486 6066 6487
f 6487 6066 6067
f 6487 6067 6488
f 6488 6067 6068
f 6488 6068 6489
f 6489 6068 6069
f 6489 6069 6490
f 6490 6069 6070
f 6490 6070 6491
f 6491 6070 6071
f 6491 6071 6492
f 6492 6071 6072
f 6492 6072 6493
f 6493 6072 6073
f 6493 6073 6494
f 6494 6073 6074
f 6494 6074 6495
f 6495 6074 6075
f 6495 6075 6496
f 6496 6075 6076
f 6496 6076 6497
f 6497 6076 6077
f 6497 6077 6498
f 6498 6077 6078
f 6498 6078 6499
f 6499 6078 6079
f 6499 6079 6500
f 6500 6079 6080
f 6500 6080 6501
f 6501 6080 6081
f 6501 6081 6502
f 6502 6081 6082
f 6502 6082 6503
f 6503 6082 6083
f 6503 6083 6504
f 6504 6083 6084
f 6504 6084 6505
f 6505 6084 6085
f 6505 6085 6506
f 6506 6085 6086
f 6506 6086 6507
f 6507 6086 6087
f 6507 6087 6508
f 6508 6087 6088
f 6508 6088 6509
f 6509 6088 6089
f 6509 6089 6510
f 6510 6089 6090
f 6510 6090 6511
f 6511 6090 6091
f 6511 6091 6512
f 6512 6091 6092
f 6512 6092 6513
f 6513 6092 6093
f 6513 6093 6514
f 6514 6093 6094
f 6514 6094 6515
f 6515 6094 6095
f 6515 6095 6516
f 6516 6095 6096
f 6516 6096 6517
f 6517 6096 6097
f 6517 6097 3645
f 3645 6097 3643
f 3683 3684 6481
f 6481 3684 6480
f 3683 6481 6482
f 3682 3683 6482
f 3682 6482 6483
f 3681 3682 6483
f 3681 6483 6484
f 3680 3681 6484
f 3680 6484 6485
f 3679 3680 6485
f 3679 6485 6486
f 3678 3679 6486
f 3678 6486 6487
f 3677 3678 6487
f 3677 6487 6488
f 3676 3677 6488
f 3676 6488 6489
f 3675 3676 6489
f 3675 6489 6490
f 3674 3675 6490
f 3674 6490 6491
f 3673 3674 6491
f 3673 6491 6492
f 3672 3673 6492
f 3672 6492 6493
f 3671 3672 6493
f 3671 6493 6494
f 3670 3671 6494
f 3670 6494 6495
f 3669 3670 6495
f 3669 6495 6496
f 3668 3669 6496
f 3668 6496 6497
f 3667 3668 6497
f 3667 6497 6498
f 3666 3667 6498
f 3666 6498 6499
f 3665 3666 6499
f 3665 6499 6500
f 3664 3665 6500
f 3664 6500 6501
f 3663 3664 6501
f 3663 6501 6502
f 3662 3663 6502
f 3662 6502 6503
f 3661 3662 6503
f 3661 6503 6504
f 3660 3661 6504
f 3660 6504 6505
f 3659 3660 6505
f 3659 6505 6506
f 3658 3659 6506
f 3658 6506 6507
f 3657 3658 6507
f 3657 6507 6508
f 3656 3657 6508
f 3656 6508 6509
f 3655 3656 6509
f 3655 6509 6510
f 3654 3655 6510
f 3654 6510 6511
f 3654 6511 3653
f 3653 6511 6512
f 3653 6512 3652
f 3652 6512 6513
f 3652 6513 3651
f 3651 6513 6514
f 3651 6514 3650
f 3650 6514 6515
f 3650 6515 3649
f 3649 6515 6516
f 3649 6516 3648
f 3648 6516 6517
f 3648 6517 3647
f 3647 6517 3645
f 63 4321 293
f 293 4321 321
f 293 321 318
f 63 65 4321
f 4321 65 4424
f 4321 4424 4323
f 4323 4424 4365
f 4365 4424 4385
f 4385 4424 4404
f 4404 4424 4422
f 315 295 318
f 318 295 212
f 318 212 214
f 315 308 295
f 295 308 301
f 295 301 296
f 214 292 318
f 318 292 293
f 2568 2567 829
f 829 2567 3646
f 829 3646 3644
f 3644 3642 829
f 829 3642 3432
f 829 3432 827
f 827 3432 2596
f 2596 3432 2805
f 2805 3432 3014
f 3014 3432 3223
f 831 2586 829
f 829 2586 2581
f 829 2581 2575
f 831 2552 2586
f 2586 2552 2595
f 2586 2595 2593
f 2593 2590 2586
f 2575 2568 829
f 205 410 218
f 218 410 4555
f 218 4555 4554
f 4552 4484 4554
f 4554 4484 4475
f 4554 4475 219
f 219 4475 290
f 290 4475 291
f 291 4475 293
f 293 4475 4468
f 293 4468 4456
f 4484 4552 4486
f 4486 4552 4551
f 4486 4551 4487
f 4487 4551 4530
f 4487 4530 6518
f 6518 4530 4524
f 6518 6519 4487
f 4487 6519 4489
f 4489 6519 4493
f 4493 6519 6520
f 4456 4458 293
f 293 4458 6521
f 293 6521 63
f 63 6521 64
f 63 64 62
f 6521 6522 64
f 64 6522 220
f 220 6522 221
f 221 6522 70
f 62 61 63
f 219 218 4554
f 4427 4451 6523
f 6523 4451 6524
f 6524 4451 4445
f 6524 4445 133
f 133 4445 132
f 132 4445 4444
f 132 4444 131
f 131 4444 4443
f 131 4443 129
f 129 4443 4441
f 129 4441 4440
f 129 4440 128
f 128 4440 118
f 128 118 6525
f 6525 118 6526
f 6526 118 116
f 6526 116 114
f 4184 4197 6525
f 6525 4197 127
f 6525 127 128
f 6524 133 6527
f 6527 133 135
f 6527 135 6528
f 6528 135 334
f 6529 6530 6531
f 6531 6530 6532
f 6531 6532 6533
f 6530 6529 6534
f 6534 6529 6535
f 6534 6535 6536
f 6536 6535 4520
f 6536 4520 6537
f 6537 4520 4511
f 6537 4511 6520
f 6520 4511 4493
f 4520 6535 4522
f 4522 6535 6538
f 4522 6538 4458
f 4458 6538 6539
f 4458 6539 6540
f 4458 6540 6521
f 6521 6540 6541
f 6521 6541 6542
f 6542 6541 6543
f 6543 6541 6544
f 6543 6544 6545
f 6545 6544 6546
f 6545 6546 6547
f 6547 6546 6548
f 6548 6546 6549
f 6548 6549 6550
f 6550 6549 6551
f 6550 6551 6552
f 6552 6551 6553
f 6553 6551 6554
f 6553 6554 6555
f 6555 6554 6556
f 6556 6554 6557
f 6556 6557 6558
f 6558 6557 6559
f 6558 6559 6560
f 6560 6559 6561
f 6560 6561 6562
f 6562 6561 6563
f 6562 6563 6564
f 6564 6563 6565
f 6564 6565 6566
f 6566 6565 6567
f 6566 6567 6568
f 6568 6567 6569
f 6568 6569 6570
f 6570 6569 6571
f 6570 6571 6572
f 6572 6571 6573
f 6572 6573 6574
f 6574 6573 6575
f 6574 6575 6576
f 6576 6575 6577
f 6576 6577 6547
f 6547 6577 6545
f 6559 6578 6561
f 6561 6578 6579
f 6561 6579 6580
f 6561 6580 6581
f 6581 6580 6582
f 6581 6582 6583
f 6581 6583 6584
f 6584 6583 6585
f 6584 6585 6586
f 6586 6585 6587
f 6586 6587 6588
f 6588 6587 6589
f 6589 6587 6590
f 6589 6590 6591
f 6591 6590 6592
f 6591 6592 6593
f 6593 6592 6594
f 6593 6594 6595
f 6595 6594 6596
f 6596 6594 6597
f 6596 6597 6598
f 6598 6597 6599
f 6598 6599 6600
f 6600 6599 6601
f 6600 6601 6602
f 6600 6602 6603
f 6603 6602 6604
f 6603 6604 6605
f 6605 6606 6603
f 6603 6606 6607
f 6603 6607 6608
f 6607 6606 6609
f 6609 6606 6610
f 6609 6610 6611
f 6611 6610 6612
f 6611 6612 6613
f 6613 6612 6614
f 6614 6612 6615
f 6614 6615 6616
f 6616 6615 6617
f 6617 6615 6618
f 6617 6618 6619
f 6619 6618 6620
f 6619 6620 6621
f 6621 6620 6622
f 6621 6622 6623
f 6620 6624 6622
f 6622 6624 6625
f 6625 6624 6626
f 6625 6626 6627
f 6627 6626 6525
f 6525 6626 6628
f 6525 6628 4184
f 4184 6628 6629
f 4184 6629 4174
f 4174 6629 4163
f 4163 6629 6630
f 4163 6630 338
f 338 6630 6631
f 338 6631 336
f 336 6631 6632
f 336 6632 6633
f 6632 6631 6634
f 6634 6631 6635
f 6634 6635 6533
f 6533 6635 6531
f 6603 6608 6636
f 6636 6608 6637
f 6636 6637 6638
f 6638 6637 6639
f 6638 6639 6640
f 6640 6639 6641
f 6640 6641 6642
f 6642 6641 6643
f 6642 6643 6644
f 6644 6643 6645
f 6644 6645 6646
f 6646 6645 6647
f 6646 6647 6648
f 6648 6647 6649
f 6648 6649 6623
f 6623 6649 6621
f 6584 6650 6581
f 6581 6650 6651
f 6581 6651 6652
f 6652 6651 6653
f 6652 6653 6654
f 6654 6653 6655
f 6654 6655 6656
f 6656 6655 6657
f 6657 6655 6658
f 6657 6658 6659
f 6659 6658 6660
f 6659 6660 6661
f 6661 6660 6662
f 6661 6662 6600
f 6600 6662 6663
f 6600 6663 6598
f 6633 6528 336
f 336 6528 334
f 6664 6665 6623
f 6623 6665 6666
f 6623 6666 6648
f 6664 6667 6665
f 6665 6667 6668
f 6668 6667 6669
f 6668 6669 6670
f 6670 6669 6671
f 6665 6672 6666
f 6666 6672 6673
f 6673 6672 6674
f 6673 6674 6675
f 6675 6676 6673
f 6638 6677 6636
f 6636 6677 6678
f 6636 6678 6679
f 6679 6678 6680
f 6680 6678 6681
f 6680 6681 6682
f 6682 6681 6683
f 6682 6683 6684
f 6678 6677 6685
f 6685 6677 6686
f 6685 6686 6687
f 6687 6686 6688
f 6688 6686 6689
f 6690 6691 6563
f 6563 6691 6692
f 6563 6692 6565
f 6690 6693 6691
f 6691 6693 6694
f 6694 6693 6695
f 6694 6695 6696
f 6696 6695 6697
f 6691 6698 6692
f 6692 6698 6699
f 6699 6698 6700
f 6699 6700 6701
f 6701 6702 6699
f 6575 6703 6577
f 6577 6703 6704
f 6577 6704 6705
f 6705 6704 6706
f 6706 6704 6707
f 6706 6707 6708
f 6708 6707 6709
f 6708 6709 6710
f 6704 6703 6711
f 6711 6703 6712
f 6711 6712 6713
f 6713 6712 6714
f 6714 6712 6715
f 6520 6519 6537
f 6537 6519 6716
f 6716 6519 6717
f 6716 6717 6718
f 6718 6717 6719
f 6718 6719 6720
f 6718 6720 6721
f 6721 6720 6722
f 6721 6722 6723
f 6723 6722 6724
f 6723 6724 6725
f 6723 6726 6721
f 6721 6726 6727
f 6727 6726 6728
f 6726 6723 6729
f 6729 6723 6730
f 6731 6716 6732
f 6732 6716 6718
f 6732 6718 6733
f 6733 6718 6721
f 6733 6721 6734
f 6734 6721 6727
f 6734 6727 6735
f 6735 6727 6728
f 6735 6728 6729
f 6729 6728 6726
f 6716 6731 6537
f 6537 6731 6736
f 6537 6736 6737
f 6537 6737 6536
f 6536 6737 6738
f 6536 6738 6534
f 6534 6738 6739
f 6534 6739 6530
f 6530 6739 6740
f 6530 6740 6532
f 6532 6740 6741
f 6532 6741 6533
f 6533 6741 6742
f 6533 6742 6634
f 6634 6742 6743
f 6634 6743 6632
f 6632 6743 6744
f 6632 6744 6633
f 6633 6744 6745
f 6745 6744 6746
f 4524 4526 6518
f 6518 4526 6736
f 6518 6736 6731
f 6518 6731 6747
f 6747 6731 6732
f 6747 6732 6748
f 6748 6732 6749
f 6749 6732 6733
f 6749 6733 6750
f 6750 6733 6730
f 6750 6730 6751
f 6751 6730 6752
f 6730 6733 6729
f 6729 6733 6734
f 6729 6734 6735
f 4526 4528 6736
f 6736 4528 6737
f 6737 4528 410
f 6737 410 6738
f 6738 410 6753
f 6738 6753 6739
f 6739 6753 6754
f 6739 6754 6740
f 6740 6754 6755
f 6740 6755 6741
f 6741 6755 6756
f 6741 6756 6742
f 6742 6756 6523
f 6742 6523 6743
f 6743 6523 6744
f 205 6757 410
f 410 6757 6758
f 410 6758 6753
f 6757 205 6759
f 6759 205 276
f 6759 276 275
f 275 272 6759
f 6759 272 270
f 6759 270 6760
f 6760 270 222
f 6760 222 70
f 70 6522 6760
f 6523 6756 4427
f 4427 6756 6761
f 4427 6761 4425
f 4425 6761 4438
f 4438 6761 6762
f 4438 6762 245
f 245 6762 244
f 244 6762 6763
f 244 6763 114
f 114 6763 6764
f 114 6764 6526
f 6765 6766 6767
f 6767 6766 6768
f 6767 6768 6769
f 6769 6768 6770
f 6769 6770 6771
f 6771 6770 6772
f 6771 6772 6773
f 6771 6773 6745
f 6745 6773 6527
f 6745 6527 6633
f 6633 6527 6528
f 6767 6769 6774
f 6774 6769 6775
f 6774 6775 6776
f 6777 6774 6778
f 6778 6774 6776
f 6778 6776 6779
f 6779 6776 6775
f 6779 6775 6780
f 6780 6775 6769
f 6780 6769 6781
f 6781 6769 6771
f 6781 6771 6746
f 6746 6771 6745
f 6523 6524 6744
f 6744 6524 6746
f 6746 6524 6782
f 6746 6782 6781
f 6781 6782 6783
f 6781 6783 6784
f 6781 6784 6780
f 6780 6784 6785
f 6780 6785 6786
f 6786 6785 6787
f 6786 6787 6788
f 6786 6777 6780
f 6780 6777 6779
f 6779 6777 6778
f 6600 6789 6661
f 6661 6789 6790
f 6790 6789 6791
f 6790 6791 6792
f 6792 6791 6793
f 6792 6793 6794
f 6794 6793 6795
f 6794 6795 6796
f 6794 6796 6797
f 6797 6796 6798
f 6797 6798 6799
f 6794 6797 6800
f 6800 6797 6801
f 6800 6801 6802
f 6803 6792 6804
f 6804 6792 6794
f 6804 6794 6800
f 6804 6800 6805
f 6805 6800 6802
f 6805 6802 6806
f 6806 6802 6807
f 6807 6802 6801
f 6790 6808 6661
f 6661 6808 6809
f 6661 6809 6659
f 6659 6809 6810
f 6659 6810 6657
f 6657 6810 6656
f 6656 6810 6811
f 6656 6811 6812
f 6792 6803 6790
f 6790 6803 6813
f 6790 6813 6808
f 6656 6812 6654
f 6654 6812 6814
f 6654 6814 6652
f 6652 6814 6815
f 6652 6815 6816
f 6816 6815 6817
f 6817 6815 6818
f 6819 6820 6821
f 6821 6820 6822
f 6821 6822 6823
f 6823 6822 6824
f 6823 6824 6825
f 6823 6825 6817
f 6817 6825 6826
f 6817 6826 6816
f 6816 6826 6827
f 6816 6827 6652
f 6652 6827 6581
f 6823 6828 6821
f 6821 6828 6829
f 6829 6828 6830
f 6821 6829 6831
f 6831 6829 6832
f 6833 6827 6834
f 6834 6827 6826
f 6834 6826 6835
f 6835 6826 6825
f 6835 6825 6836
f 6836 6825 6824
f 6836 6824 6837
f 6837 6824 6822
f 6837 6822 6838
f 6838 6822 6820
f 6838 6820 6839
f 6839 6820 6819
f 6839 6819 6831
f 6831 6819 6821
f 6581 6827 6561
f 6561 6827 6833
f 6561 6833 6840
f 6840 6833 6841
f 6842 6843 6844
f 6844 6843 6845
f 6844 6845 6804
f 6804 6845 6846
f 6804 6846 6847
f 6804 6847 6803
f 6803 6847 6848
f 6803 6848 6813
f 6813 6848 6849
f 6813 6849 6808
f 6808 6849 6850
f 6804 6805 6844
f 6844 6805 6807
f 6807 6805 6806
f 6801 6797 6807
f 6807 6797 6844
f 6844 6797 6842
f 6842 6797 6799
f 6842 6799 6843
f 6843 6799 6798
f 6843 6798 6845
f 6845 6798 6796
f 6845 6796 6846
f 6846 6796 6795
f 6846 6795 6847
f 6847 6795 6793
f 6847 6793 6848
f 6848 6793 6791
f 6848 6791 6849
f 6849 6791 6789
f 6841 6833 6814
f 6814 6833 6815
f 6815 6833 6834
f 6815 6834 6818
f 6818 6834 6835
f 6818 6835 6851
f 6851 6835 6836
f 6851 6836 6837
f 6851 6837 6831
f 6831 6837 6838
f 6831 6838 6839
f 6851 6831 6852
f 6852 6831 6832
f 6852 6832 6853
f 6809 6808 6854
f 6854 6808 6850
f 6854 6850 6855
f 6855 6850 6856
f 6856 6850 6857
f 6856 6857 6858
f 6858 6857 6859
f 6859 6857 6860
f 6859 6860 6861
f 6861 6860 6862
f 6861 6862 6863
f 6863 6862 6864
f 6864 6862 6865
f 6864 6865 6866
f 6866 6865 6867
f 6867 6865 6868
f 6867 6868 6869
f 6869 6868 6870
f 6869 6870 6871
f 6871 6870 6872
f 6872 6870 6841
f 6872 6841 6873
f 6873 6841 6874
f 6874 6841 6814
f 6874 6814 6812
f 6875 6876 6850
f 6850 6876 6877
f 6850 6877 6878
f 6878 6879 6850
f 6850 6879 6857
f 6870 6880 6841
f 6841 6880 6881
f 6841 6881 6882
f 6882 6883 6841
f 6841 6883 6840
f 6874 6812 6884
f 6884 6812 6811
f 6884 6811 6810
f 6884 6810 6885
f 6885 6810 6809
f 6885 6809 6854
f 6886 6887 6888
f 6888 6887 6889
f 6888 6889 6890
f 6890 6889 6891
f 6890 6891 6892
f 6892 6891 6893
f 6892 6893 6894
f 6894 6893 6895
f 6894 6895 6896
f 6896 6895 6897
f 6896 6897 6898
f 6898 6897 6899
f 6898 6899 6900
f 6900 6899 6901
f 6900 6901 6902
f 6902 6901 6903
f 6902 6903 6904
f 6904 6903 6905
f 6904 6905 6906
f 6906 6905 6907
f 6906 6907 6908
f 6908 6907 6909
f 6908 6909 6910
f 6910 6909 6911
f 6910 6911 6912
f 6912 6911 6913
f 6912 6913 6914
f 6914 6913 6915
f 6914 6915 6916
f 6914 6916 6917
f 6917 6916 6918
f 6917 6918 6919
f 6919 6918 6920
f 6919 6920 6921
f 6921 6920 6922
f 6921 6922 6923
f 6923 6922 6924
f 6923 6924 6925
f 6925 6924 6926
f 6925 6926 6927
f 6927 6926 6928
f 6927 6928 6929
f 6929 6928 6930
f 6929 6930 6931
f 6931 6930 6932
f 6931 6932 6933
f 6933 6932 6934
f 6933 6934 6935
f 6935 6934 6936
f 6935 6936 6937
f 6937 6936 6938
f 6937 6938 6939
f 6939 6938 6940
f 6939 6940 6941
f 6941 6940 6942
f 6941 6942 6943
f 6943 6942 6944
f 6943 6944 6945
f 6943 6945 6946
f 6946 6945 6947
f 6946 6947 6948
f 6948 6947 6949
f 6948 6949 6950
f 6950 6949 6951
f 6950 6951 6952
f 6952 6951 6953
f 6952 6953 6954
f 6954 6953 6955
f 6954 6955 6956
f 6956 6955 6957
f 6956 6957 6958
f 6958 6957 6959
f 6958 6959 6960
f 6960 6959 6961
f 6960 6961 6962
f 6962 6961 6963
f 6962 6963 6964
f 6964 6963 6965
f 6964 6965 6966
f 6966 6965 6967
f 6966 6967 6968
f 6968 6967 6886
f 6968 6886 6888
f 6635 6889 6531
f 6531 6889 6887
f 6531 6887 6529
f 6529 6887 6886
f 6529 6886 6535
f 6535 6886 6967
f 6535 6967 6538
f 6538 6967 6965
f 6538 6965 6539
f 6539 6965 6963
f 6539 6963 6540
f 6540 6963 6961
f 6540 6961 6541
f 6541 6961 6959
f 6541 6959 6544
f 6544 6959 6957
f 6544 6957 6546
f 6546 6957 6955
f 6546 6955 6549
f 6549 6955 6953
f 6549 6953 6551
f 6551 6953 6951
f 6551 6951 6554
f 6554 6951 6949
f 6554 6949 6557
f 6557 6949 6947
f 6557 6947 6559
f 6559 6947 6945
f 6559 6945 6578
f 6578 6945 6944
f 6578 6944 6579
f 6579 6944 6942
f 6579 6942 6580
f 6580 6942 6940
f 6580 6940 6582
f 6582 6940 6938
f 6582 6938 6583
f 6583 6938 6936
f 6583 6936 6585
f 6585 6936 6934
f 6585 6934 6587
f 6587 6934 6932
f 6587 6932 6590
f 6590 6932 6930
f 6590 6930 6592
f 6592 6930 6928
f 6592 6928 6594
f 6594 6928 6926
f 6594 6926 6597
f 6597 6926 6924
f 6597 6924 6599
f 6599 6924 6922
f 6599 6922 6601
f 6601 6922 6920
f 6601 6920 6602
f 6602 6920 6918
f 6602 6918 6604
f 6604 6918 6916
f 6604 6916 6605
f 6605 6916 6915
f 6605 6915 6606
f 6606 6915 6913
f 6606 6913 6610
f 6610 6913 6911
f 6610 6911 6612
f 6612 6911 6909
f 6612 6909 6615
f 6615 6909 6907
f 6615 6907 6618
f 6618 6907 6905
f 6618 6905 6620
f 6620 6905 6903
f 6620 6903 6624
f 6624 6903 6901
f 6624 6901 6626
f 6626 6901 6899
f 6626 6899 6628
f 6628 6899 6897
f 6628 6897 6629
f 6629 6897 6895
f 6629 6895 6630
f 6630 6895 6893
f 6630 6893 6631
f 6631 6893 6891
f 6631 6891 6635
f 6635 6891 6889
f 6890 6969 6888
f 6888 6969 6970
f 6888 6970 6968
f 6968 6970 6971
f 6968 6971 6966
f 6966 6971 6972
f 6966 6972 6964
f 6964 6972 6962
f 6962 6972 6973
f 6962 6973 6960
f 6960 6973 6974
f 6960 6974 6958
f 6958 6974 6975
f 6958 6975 6956
f 6956 6975 6976
f 6956 6976 6954
f 6954 6976 6977
f 6954 6977 6952
f 6952 6977 6978
f 6952 6978 6950
f 6950 6978 6979
f 6950 6979 6948
f 6948 6979 6980
f 6948 6980 6946
f 6946 6980 6981
f 6946 6981 6943
f 6943 6981 6982
f 6943 6982 6941
f 6941 6982 6983
f 6941 6983 6939
f 6939 6983 6984
f 6939 6984 6937
f 6937 6984 6985
f 6937 6985 6935
f 6935 6985 6933
f 6933 6985 6986
f 6933 6986 6931
f 6931 6986 6987
f 6931 6987 6929
f 6929 6987 6988
f 6929 6988 6927
f 6927 6988 6989
f 6927 6989 6925
f 6925 6989 6990
f 6925 6990 6923
f 6923 6990 6991
f 6923 6991 6921
f 6921 6991 6992
f 6921 6992 6919
f 6919 6992 6993
f 6919 6993 6917
f 6917 6993 6994
f 6917 6994 6914
f 6914 6994 6995
f 6914 6995 6912
f 6912 6995 6996
f 6912 6996 6910
f 6910 6996 6997
f 6910 6997 6908
f 6908 6997 6906
f 6906 6997 6998
f 6906 6998 6904
f 6904 6998 6999
f 6904 6999 6902
f 6902 6999 7000
f 6902 7000 6900
f 6900 7000 7001
f 6900 7001 6898
f 6898 7001 7002
f 6898 7002 6896
f 6896 7002 7003
f 6896 7003 6894
f 6894 7003 7004
f 6894 7004 6892
f 6892 7004 7005
f 6892 7005 6890
f 6890 7005 6969
f 7006 7007 7008
f 7008 7007 7009
f 7008 7009 7010
f 7010 7009 7011
f 7010 7011 7012
f 7012 7011 7013
f 7012 7013 7014
f 7014 7013 7015
f 7014 7015 7016
f 7016 7015 7017
f 7016 7017 7018
f 7018 7017 7019
f 7018 7019 7020
f 7020 7019 7021
f 7020 7021 7022
f 7022 7021 7023
f 7022 7023 7024
f 7024 7023 7025
f 7024 7025 7026
f 7026 7025 7027
f 7026 7027 7028
f 7028 7027 7029
f 7028 7029 7030
f 7030 7029 7031
f 7030 7031 7032
f 7032 7031 7033
f 7032 7033 7034
f 7034 7033 7035
f 7034 7035 7036
f 7036 7035 7037
f 7036 7037 7038
f 7036 7038 7039
f 7039 7038 7040
f 7039 7040 7041
f 7041 7040 7042
f 7041 7042 7043
f 7043 7042 7044
f 7043 7044 7045
f 7045 7044 7046
f 7045 7046 7047
f 7047 7046 7048
f 7047 7048 7049
f 7049 7048 7050
f 7049 7050 7051
f 7051 7050 7052
f 7051 7052 7053
f 7053 7052 7054
f 7053 7054 7055
f 7055 7054 7056
f 7055 7056 7057
f 7057 7056 7058
f 7057 7058 7059
f 7059 7058 7060
f 7059 7060 7061
f 7061 7060 7062
f 7061 7062 7063
f 7063 7062 7064
f 7063 7064 7065
f 7065 7064 7066
f 7065 7066 7067
f 7065 7067 7068
f 7068 7067 7069
f 7068 7069 7070
f 7070 7069 7071
f 7070 7071 7072
f 7072 7071 7073
f 7072 7073 7074
f 7074 7073 7075
f 7074 7075 7076
f 7076 7075 7077
f 7076 7077 7078
f 7078 7077 7079
f 7078 7079 7080
f 7080 7079 7081
f 7080 7081 7082
f 7082 7081 7083
f 7082 7083 7084
f 7084 7083 7085
f 7084 7085 7086
f 7086 7085 7087
f 7086 7087 7088
f 7088 7087 7089
f 7088 7089 7090
f 7090 7089 7091
f 7090 7091 7092
f 7092 7091 7006
f 7092 7006 7008
f 6883 7081 6840
f 6840 7081 7079
f 6840 7079 7093
f 7093 7079 7077
f 7093 7077 7094
f 7094 7077 7075
f 7094 7075 7095
f 7095 7075 7073
f 7095 7073 7096
f 7096 7073 7071
f 7096 7071 7097
f 7097 7071 7069
f 7097 7069 7098
f 7098 7069 7067
f 7098 7067 7099
f 7099 7067 7066
f 7099 7066 7100
f 7100 7066 6543
f 7100 6543 6545
f 7081 6883 7083
f 7083 6883 6882
f 7083 6882 7085
f 7085 6882 6881
f 7085 6881 7087
f 7087 6881 6880
f 7087 6880 7089
f 7089 6880 6870
f 7089 6870 7091
f 7091 6870 6868
f 7091 6868 7006
f 7006 6868 6865
f 7006 6865 7007
f 7007 6865 6862
f 7007 6862 7009
f 7009 6862 6860
f 7009 6860 7011
f 7011 6860 6857
f 7011 6857 7013
f 7013 6857 6879
f 7013 6879 7015
f 7015 6879 6878
f 7015 6878 7017
f 7017 6878 6877
f 7017 6877 7019
f 7019 6877 6876
f 7019 6876 7021
f 7021 6876 6875
f 7021 6875 7023
f 7023 6875 7101
f 7023 7101 7025
f 7025 7101 7102
f 7025 7102 7027
f 7027 7102 7103
f 7027 7103 7029
f 7029 7103 7104
f 7029 7104 7031
f 7031 7104 7105
f 7031 7105 7033
f 7033 7105 7106
f 7033 7106 7035
f 7035 7106 7107
f 7035 7107 7037
f 7037 7107 7108
f 7037 7108 7038
f 7038 7108 6625
f 7038 6625 6627
f 7108 6622 6625
f 6627 6525 7038
f 7038 6525 6526
f 7038 6526 7040
f 7040 6526 6764
f 7040 6764 7042
f 7042 6764 6763
f 7042 6763 7044
f 7044 6763 6762
f 7044 6762 7046
f 7046 6762 6761
f 7046 6761 7048
f 7048 6761 6756
f 7048 6756 7050
f 7050 6756 6755
f 7050 6755 7052
f 7052 6755 6754
f 7052 6754 6753
f 7052 6753 7054
f 7054 6753 6758
f 7054 6758 7056
f 7056 6758 6757
f 7056 6757 7058
f 7058 6757 6759
f 7058 6759 7060
f 7060 6759 6760
f 7060 6760 7062
f 7062 6760 6522
f 7062 6522 7064
f 7064 6522 6521
f 7064 6521 6542
f 6542 6543 7064
f 7064 6543 7066
f 7092 7008 7109
f 7109 7008 7010
f 7109 7010 7110
f 7110 7010 7012
f 7110 7012 7111
f 7111 7012 7014
f 7111 7014 7112
f 7112 7014 7016
f 7112 7016 7113
f 7113 7016 7018
f 7113 7018 7114
f 7114 7018 7020
f 7114 7020 7115
f 7115 7020 7022
f 7115 7022 7024
f 7115 7024 7116
f 7116 7024 7026
f 7116 7026 7117
f 7117 7026 7028
f 7117 7028 7118
f 7118 7028 7030
f 7118 7030 7119
f 7119 7030 7032
f 7119 7032 7120
f 7120 7032 7034
f 7120 7034 7121
f 7121 7034 7036
f 7121 7036 7039
f 7121 7039 7122
f 7122 7039 7041
f 7122 7041 7123
f 7123 7041 7043
f 7123 7043 7124
f 7124 7043 7045
f 7124 7045 7125
f 7125 7045 7047
f 7125 7047 7126
f 7126 7047 7049
f 7126 7049 7127
f 7127 7049 7051
f 7127 7051 7053
f 7127 7053 7128
f 7128 7053 7055
f 7128 7055 7129
f 7129 7055 7057
f 7129 7057 7130
f 7130 7057 7059
f 7130 7059 7131
f 7131 7059 7061
f 7131 7061 7132
f 7132 7061 7063
f 7132 7063 7133
f 7133 7063 7065
f 7133 7065 7068
f 7133 7068 7134
f 7134 7068 7070
f 7134 7070 7135
f 7135 7070 7072
f 7135 7072 7136
f 7136 7072 7074
f 7136 7074 7137
f 7137 7074 7076
f 7137 7076 7138
f 7138 7076 7078
f 7138 7078 7139
f 7139 7078 7080
f 7139 7080 7082
f 7139 7082 7140
f 7140 7082 7084
f 7140 7084 7141
f 7141 7084 7086
f 7141 7086 7142
f 7142 7086 7088
f 7142 7088 7143
f 7143 7088 7090
f 7143 7090 7144
f 7144 7090 7092
f 7144 7092 7109
f 6712 7145 6715
f 6715 7145 7146
f 6715 7146 6714
f 6714 7146 7147
f 6714 7147 6713
f 6713 7147 7148
f 6713 7148 6711
f 6711 7148 7149
f 7149 7150 6711
f 6711 7150 6704
f 7151 6699 7152
f 7152 6699 6702
f 7152 6702 7153
f 7153 6702 6701
f 7153 6701 7154
f 7154 6701 6700
f 7154 6700 7155
f 7155 6700 6698
f 6698 6691 7155
f 7155 6691 7156
f 7148 7147 7149
f 7149 7147 7146
f 7149 7146 7145
f 7145 7157 7149
f 7149 7157 7150
f 7150 7157 7158
f 7150 7158 7159
f 7158 7157 7160
f 7160 7157 7161
f 7160 7161 7162
f 7162 7161 7163
f 7162 7163 7164
f 7164 7163 7165
f 7164 7165 7166
f 7166 7165 7167
f 7166 7167 7168
f 7168 7167 7169
f 7168 7169 7170
f 7170 7169 7171
f 7170 7171 7172
f 7172 7171 7173
f 7172 7173 7174
f 7174 7173 7093
f 7174 7093 7175
f 7175 7093 7094
f 7175 7094 7176
f 7176 7094 7095
f 7176 7095 7177
f 7177 7095 7178
f 7178 7095 7096
f 7178 7096 7179
f 7179 7096 7180
f 7180 7096 7097
f 7180 7097 7181
f 7181 7097 7098
f 7181 7098 7182
f 7182 7098 7183
f 7183 7098 7099
f 7183 7099 7160
f 7160 7099 7100
f 7171 7184 7173
f 7173 7184 7185
f 7185 7184 7156
f 7185 7156 7186
f 7186 7156 7187
f 7187 7156 7188
f 7188 7156 7189
f 7189 7156 7190
f 7156 7184 7155
f 7155 7184 7151
f 7155 7151 7152
f 7152 7153 7155
f 7155 7153 7154
f 7173 6840 7093
f 7159 7191 7150
f 7150 7191 7192
f 7150 7192 7193
f 7193 7194 7150
f 7162 7195 7160
f 7160 7195 7183
f 6832 6829 6853
f 6853 6829 6830
f 6853 6830 6828
f 6853 6828 6852
f 6852 6828 6823
f 6852 6823 6851
f 6851 6823 6818
f 6818 6823 6817
f 6686 7196 6689
f 6689 7196 7197
f 6689 7197 6688
f 6688 7197 7198
f 6688 7198 6687
f 6687 7198 7199
f 6687 7199 6685
f 6685 7199 7200
f 7196 6686 7201
f 7201 6686 6677
f 7201 6677 7202
f 7202 6677 6638
f 7202 6638 7203
f 7203 6638 6640
f 7203 6640 7204
f 7204 6640 6642
f 7204 6642 7205
f 7205 6642 6644
f 7205 6644 7206
f 7206 6644 6646
f 7206 6646 7207
f 7207 6646 6648
f 7207 6648 7208
f 7208 6648 6666
f 7208 6666 7209
f 7209 6666 6673
f 7209 6673 7210
f 7210 6673 6676
f 7210 6676 7211
f 7211 6676 6675
f 7211 6675 7212
f 7212 6675 6674
f 7212 6674 7213
f 7213 6674 6672
f 6767 6774 6786
f 6786 6774 6777
f 6669 7214 6671
f 6671 7214 7215
f 6671 7215 6670
f 6670 7215 7216
f 6670 7216 6668
f 6668 7216 7217
f 6668 7217 6665
f 6665 7217 7218
f 6672 6665 7213
f 7213 6665 7218
f 7219 6682 7220
f 7220 6682 6684
f 7220 6684 7221
f 7221 6684 6683
f 7221 6683 7222
f 7222 6683 6681
f 7222 6681 7223
f 7223 6681 6678
f 7200 7223 6685
f 6685 7223 6678
f 6600 6603 6789
f 6789 6603 6875
f 6789 6875 6849
f 6849 6875 6850
f 6524 6527 6782
f 6782 6527 6773
f 6782 6773 6783
f 6783 6773 6772
f 6783 6772 6784
f 6784 6772 6770
f 6784 6770 6785
f 6785 6770 6768
f 6785 6768 6787
f 6787 6768 6766
f 6787 6766 6788
f 6788 6766 6765
f 6788 6765 6786
f 6786 6765 6767
f 6730 6723 6752
f 6752 6723 6725
f 6752 6725 6751
f 6751 6725 6724
f 6751 6724 6750
f 6750 6724 6722
f 6750 6722 6749
f 6749 6722 6720
f 6749 6720 6748
f 6748 6720 6719
f 6748 6719 6747
f 6747 6719 6717
f 6747 6717 6518
f 6518 6717 6519
f 7191 6708 7192
f 7192 6708 6710
f 7192 6710 7193
f 7193 6710 6709
f 7193 6709 7194
f 7194 6709 6707
f 7194 6707 7150
f 7150 6707 6704
f 6695 7187 6697
f 6697 7187 7188
f 6697 7188 6696
f 6696 7188 7189
f 6696 7189 6694
f 6694 7189 7190
f 6694 7190 6691
f 6691 7190 7156
f 7199 7198 7200
f 7200 7198 7197
f 7200 7197 7196
f 7196 7201 7200
f 7200 7201 7223
f 7223 7201 7224
f 7223 7224 7225
f 7224 7201 7226
f 7226 7201 7202
f 7226 7202 7227
f 7227 7202 7228
f 7228 7202 7203
f 7228 7203 7229
f 7229 7203 7204
f 7229 7204 7230
f 7230 7204 7205
f 7230 7205 7231
f 7231 7205 7206
f 7231 7206 7232
f 7232 7206 7207
f 7232 7207 7233
f 7233 7207 7208
f 7233 7208 7234
f 7234 7208 7218
f 7234 7218 7235
f 7235 7218 7214
f 7214 7218 7215
f 7215 7218 7216
f 7216 7218 7217
f 7218 7208 7213
f 7213 7208 7209
f 7213 7209 7210
f 7210 7211 7213
f 7213 7211 7212
f 7108 7107 7233
f 7233 7107 7236
f 7233 7236 7237
f 7107 7106 7236
f 7236 7106 7238
f 7238 7106 7239
f 7239 7106 7105
f 7239 7105 7240
f 7240 7105 7104
f 7240 7104 7241
f 7241 7104 7242
f 7242 7104 7103
f 7242 7103 7243
f 7243 7103 7244
f 7244 7103 7102
f 7244 7102 7245
f 7245 7102 7101
f 7245 7101 7246
f 7246 7101 7226
f 7246 7226 7227
f 7101 6875 7226
f 7225 7219 7223
f 7223 7219 7220
f 7223 7220 7221
f 7221 7222 7223
f 7237 7232 7233
f 6682 7219 6680
f 6680 7219 7225
f 6680 7225 6679
f 6679 7225 7224
f 6679 7224 6636
f 6636 7224 7226
f 6708 7191 6706
f 6706 7191 7159
f 6706 7159 6705
f 6705 7159 7158
f 6705 7158 6577
f 6577 7158 7160
f 7108 7233 6622
f 6622 7233 6623
f 7214 6669 7235
f 7235 6669 6667
f 7235 6667 7234
f 7234 6667 6664
f 7234 6664 7233
f 7233 6664 6623
f 6636 7226 6603
f 6603 7226 6875
f 7247 7248 7249
f 7249 7248 7250
f 7249 7250 7251
f 7248 7247 7252
f 7252 7247 7253
f 7252 7253 7254
f 7255 7256 7254
f 7254 7256 7252
f 7256 7257 7252
f 7252 7257 7258
f 7252 7258 7259
f 7259 7258 7260
f 7259 7260 7261
f 7261 7260 7262
f 7261 7263 7259
f 7259 7263 7264
f 7259 7264 7265
f 7265 7264 7266
f 7265 7266 7267
f 7267 7266 7268
f 7267 7269 7265
f 7265 7269 7270
f 7265 7270 7271
f 7272 7273 7271
f 7271 7273 7274
f 7271 7274 7265
f 7273 7275 7274
f 7274 7275 7276
f 7274 7276 7277
f 7278 7279 7277
f 7277 7279 7280
f 7277 7280 7274
f 7279 7281 7280
f 7280 7281 7282
f 7280 7282 7283
f 7284 7285 7283
f 7283 7285 7286
f 7283 7286 7280
f 7285 7287 7286
f 7286 7287 7288
f 7286 7288 7289
f 7290 7291 7289
f 7289 7291 7292
f 7289 7292 7286
f 7291 7293 7292
f 7292 7293 7294
f 7292 7294 7295
f 7296 7297 7295
f 7295 7297 7298
f 7295 7298 7292
f 7297 7299 7298
f 7298 7299 7300
f 7298 7300 7301
f 7302 7303 7301
f 7301 7303 7304
f 7301 7304 7298
f 7303 7305 7304
f 7304 7305 7306
f 7304 7306 7307
f 7308 7309 7307
f 7307 7309 7310
f 7307 7310 7304
f 7309 7311 7310
f 7310 7311 7312
f 7310 7312 7313
f 7314 7315 7313
f 7313 7315 7316
f 7313 7316 7310
f 7315 7317 7316
f 7316 7317 7318
f 7316 7318 7319
f 7320 7321 7319
f 7319 7321 7322
f 7319 7322 7316
f 7321 7323 7322
f 7322 7323 7324
f 7322 7324 7325
f 7326 7327 7325
f 7325 7327 7328
f 7325 7328 7322
f 7327 7329 7328
f 7328 7329 7330
f 7328 7330 7331
f 7332 7333 7331
f 7331 7333 7328
f 7328 7333 7334
f 7334 7333 7335
f 7334 7335 7336
f 7336 7337 7334
f 7334 7337 7338
f 7334 7338 7339
f 7339 7338 7340
f 7339 7340 7341
f 7337 7342 7338
f 7341 7343 7339
f 7339 7343 7344
f 7339 7344 7345
f 7345 7344 7346
f 7345 7346 7347
f 7343 7348 7344
f 7347 7349 7345
f 7345 7349 7350
f 7345 7350 7351
f 7351 7350 7352
f 7351 7352 7353
f 7349 7354 7350
f 7353 7355 7351
f 7351 7355 7356
f 7351 7356 7357
f 7357 7356 7358
f 7357 7358 7359
f 7355 7360 7356
f 7359 7361 7357
f 7357 7361 7362
f 7357 7362 7363
f 7363 7362 7364
f 7363 7364 7365
f 7361 7366 7362
f 7365 7367 7363
f 7363 7367 7368
f 7363 7368 7369
f 7369 7368 7370
f 7369 7370 7371
f 7367 7372 7368
f 7371 7373 7369
f 7369 7373 7374
f 7369 7374 7375
f 7375 7374 7376
f 7375 7376 7377
f 7373 7378 7374
f 7377 7379 7375
f 7375 7379 7380
f 7375 7380 7381
f 7381 7380 7382
f 7381 7382 7383
f 7379 7384 7380
f 7383 7385 7381
f 7381 7385 7386
f 7381 7386 7387
f 7387 7386 7388
f 7387 7388 7389
f 7385 7390 7386
f 7389 7391 7387
f 7387 7391 7392
f 7387 7392 7393
f 7391 7394 7392
f 7387 7393 7248
f 7248 7393 7395
f 7248 7395 7250
f 6996 7396 6997
f 6997 7396 7397
f 6997 7397 7398
f 6995 7399 6996
f 6996 7399 7400
f 6996 7400 7401
f 6994 7402 6995
f 6995 7402 7403
f 6995 7403 7404
f 7404 7403 7405
f 6993 7406 6994
f 6994 7406 7407
f 6994 7407 7402
f 6992 7408 6993
f 6993 7408 7409
f 6993 7409 7410
f 6991 7411 6992
f 6992 7411 7412
f 6992 7412 7413
f 6990 7414 6991
f 6991 7414 7415
f 6991 7415 7411
f 6989 7416 6990
f 6990 7416 7417
f 6990 7417 7418
f 6988 7419 6989
f 6989 7419 7420
f 6989 7420 7421
f 6987 7422 6988
f 6988 7422 7423
f 6988 7423 7419
f 6986 7424 6987
f 6987 7424 7425
f 6987 7425 7426
f 6985 7427 6986
f 6986 7427 7428
f 6986 7428 7429
f 6984 7430 6985
f 6985 7430 7431
f 6985 7431 7427
f 6983 7432 6984
f 6984 7432 7433
f 6984 7433 7434
f 6982 7435 6983
f 6983 7435 7436
f 6983 7436 7437
f 6981 7438 6982
f 6982 7438 7439
f 6982 7439 7440
f 7438 6981 7441
f 7441 6981 6980
f 7441 6980 7442
f 7442 6980 7443
f 7443 6980 7444
f 7444 6980 7445
f 7445 6980 7446
f 7446 6980 7447
f 7447 6980 7448
f 7448 6980 6979
f 7448 6979 7449
f 7449 6979 7450
f 7450 6979 7451
f 7451 6979 7452
f 7451 7452 7453
f 7453 7452 7454
f 6979 6978 7452
f 7452 6978 7455
f 7455 6978 6977
f 7455 6977 7456
f 7456 6977 7457
f 7457 6977 7458
f 7458 6977 7459
f 7459 6977 7460
f 7460 6977 7461
f 7461 6977 7462
f 7462 6977 6976
f 7462 6976 7463
f 7463 6976 7464
f 7464 6976 7465
f 7465 6976 7466
f 7465 7466 7467
f 7467 7466 7468
f 6976 6975 7466
f 7466 6975 7469
f 7469 6975 6974
f 7469 6974 7470
f 7470 6974 7471
f 7471 6974 7472
f 7472 6974 7473
f 7473 6974 7474
f 7474 6974 7475
f 7475 6974 7476
f 7476 6974 6973
f 7476 6973 7477
f 7477 6973 7478
f 7478 6973 7479
f 7479 6973 7480
f 7480 6973 7481
f 7480 7481 7482
f 6973 6972 7481
f 7481 6972 7483
f 7483 6972 6971
f 7483 6971 7484
f 7484 6971 7485
f 7485 6971 7486
f 7486 6971 7487
f 7487 6971 7488
f 7488 6971 7489
f 7489 6971 7490
f 7490 6971 6970
f 7490 6970 7491
f 7491 6970 7492
f 7492 6970 7493
f 7493 6970 7494
f 7494 6970 7495
f 7494 7495 7496
f 6970 6969 7495
f 7495 6969 7497
f 7497 6969 7005
f 7497 7005 7498
f 7498 7005 7499
f 7499 7005 7500
f 7500 7005 7501
f 7501 7005 7502
f 7502 7005 7503
f 7503 7005 7004
f 7503 7004 7504
f 7504 7004 7505
f 7505 7004 7506
f 7506 7004 7507
f 7507 7004 7508
f 7507 7508 7509
f 7004 7003 7508
f 7508 7003 7510
f 7510 7003 7002
f 7510 7002 7511
f 7511 7002 7512
f 7512 7002 7513
f 7513 7002 7514
f 7514 7002 7515
f 7515 7002 7516
f 7516 7002 7001
f 7516 7001 7517
f 7517 7001 7518
f 7518 7001 7519
f 7519 7001 7520
f 7520 7001 7521
f 7520 7521 7522
f 7001 7000 7521
f 7521 7000 7523
f 7523 7000 7524
f 7524 7000 7525
f 7525 7000 6999
f 7525 6999 7526
f 7526 6999 7527
f 7527 6999 7528
f 7528 6999 7529
f 7529 6999 7530
f 7530 6999 6998
f 7530 6998 7531
f 7531 6998 7532
f 7532 6998 7533
f 7533 6998 7534
f 7534 6998 7535
f 7534 7535 7536
f 7535 6998 7398
f 7398 6998 6997
f 7511 7537 7510
f 7498 7538 7497
f 7539 7540 7438
f 7438 7540 7439
f 7440 7541 6982
f 6982 7541 7435
f 7437 7542 6983
f 6983 7542 7543
f 6983 7543 7544
f 7544 7545 6983
f 6983 7545 7432
f 7434 7546 6984
f 6984 7546 7430
f 7430 7547 7431
f 7429 7548 6986
f 6986 7548 7549
f 6986 7549 7550
f 7550 7551 6986
f 6986 7551 7424
f 7426 7552 6987
f 6987 7552 7553
f 6987 7553 7422
f 7421 7554 6989
f 6989 7554 7555
f 6989 7555 7556
f 7556 7557 6989
f 6989 7557 7416
f 7418 7558 6990
f 6990 7558 7559
f 6990 7559 7414
f 7413 7560 6992
f 6992 7560 7561
f 6992 7561 7562
f 7562 7563 6992
f 6992 7563 7408
f 7410 7564 6993
f 6993 7564 7565
f 6993 7565 7406
f 7404 7566 6995
f 6995 7566 7567
f 6995 7567 7568
f 7568 7399 6995
f 7401 7569 6996
f 6996 7569 7570
f 6996 7570 7396
f 7249 7532 7247
f 7247 7532 7533
f 7247 7533 7253
f 7253 7533 7534
f 7253 7534 7254
f 7254 7534 7536
f 7528 7250 7527
f 7527 7250 7395
f 7527 7395 7526
f 7526 7395 7393
f 7526 7393 7525
f 7525 7393 7392
f 7522 7391 7520
f 7520 7391 7389
f 7520 7389 7519
f 7519 7389 7388
f 7519 7388 7518
f 7518 7388 7386
f 7514 7385 7513
f 7513 7385 7383
f 7513 7383 7512
f 7512 7383 7382
f 7512 7382 7511
f 7511 7382 7380
f 7509 7379 7507
f 7507 7379 7377
f 7507 7377 7506
f 7506 7377 7376
f 7506 7376 7505
f 7505 7376 7374
f 7501 7373 7500
f 7500 7373 7371
f 7500 7371 7499
f 7499 7371 7370
f 7499 7370 7498
f 7498 7370 7368
f 7496 7367 7494
f 7494 7367 7365
f 7494 7365 7493
f 7493 7365 7364
f 7493 7364 7492
f 7492 7364 7362
f 7488 7361 7487
f 7487 7361 7359
f 7487 7359 7486
f 7486 7359 7358
f 7486 7358 7485
f 7485 7358 7356
f 7482 7355 7480
f 7480 7355 7353
f 7480 7353 7479
f 7479 7353 7352
f 7479 7352 7478
f 7478 7352 7350
f 7474 7349 7473
f 7473 7349 7347
f 7473 7347 7472
f 7472 7347 7346
f 7472 7346 7471
f 7471 7346 7344
f 7468 7343 7467
f 7467 7343 7341
f 7467 7341 7465
f 7465 7341 7340
f 7465 7340 7464
f 7464 7340 7338
f 7460 7337 7459
f 7459 7337 7336
f 7459 7336 7458
f 7458 7336 7335
f 7458 7335 7457
f 7457 7335 7333
f 7454 7331 7453
f 7453 7331 7330
f 7453 7330 7451
f 7451 7330 7329
f 7451 7329 7450
f 7450 7329 7327
f 7446 7325 7445
f 7445 7325 7324
f 7445 7324 7444
f 7444 7324 7323
f 7444 7323 7443
f 7443 7323 7321
f 7539 7319 7540
f 7540 7319 7318
f 7540 7318 7439
f 7439 7318 7317
f 7439 7317 7440
f 7440 7317 7315
f 7437 7313 7542
f 7542 7313 7312
f 7542 7312 7543
f 7543 7312 7311
f 7543 7311 7544
f 7544 7311 7309
f 7434 7307 7546
f 7546 7307 7306
f 7546 7306 7430
f 7430 7306 7305
f 7430 7305 7547
f 7547 7305 7303
f 7429 7301 7548
f 7548 7301 7300
f 7548 7300 7549
f 7549 7300 7299
f 7549 7299 7550
f 7550 7299 7297
f 7426 7295 7552
f 7552 7295 7294
f 7552 7294 7553
f 7553 7294 7293
f 7553 7293 7422
f 7422 7293 7291
f 7421 7289 7554
f 7554 7289 7288
f 7554 7288 7555
f 7555 7288 7287
f 7555 7287 7556
f 7556 7287 7285
f 7418 7283 7558
f 7558 7283 7282
f 7558 7282 7559
f 7559 7282 7281
f 7559 7281 7414
f 7414 7281 7279
f 7413 7277 7560
f 7560 7277 7276
f 7560 7276 7561
f 7561 7276 7275
f 7561 7275 7562
f 7562 7275 7273
f 7410 7271 7564
f 7564 7271 7270
f 7564 7270 7565
f 7565 7270 7269
f 7565 7269 7406
f 7406 7269 7267
f 7405 7266 7404
f 7404 7266 7264
f 7404 7264 7566
f 7566 7264 7263
f 7566 7263 7567
f 7567 7263 7261
f 6545 6577 7100
f 7100 6577 7160
f 7401 7260 7569
f 7569 7260 7258
f 7569 7258 7570
f 7570 7258 7257
f 7570 7257 7396
f 7396 7257 7256
f 60 7357 3
f 3 7357 7363
f 3 7363 1
f 1 7363 7369
f 1 7369 7
f 7 7369 7375
f 7 7375 10
f 10 7375 7381
f 10 7381 12
f 12 7381 7387
f 12 7387 15
f 15 7387 7248
f 15 7248 17
f 17 7248 7252
f 17 7252 20
f 20 7252 7259
f 20 7259 22
f 22 7259 7265
f 22 7265 25
f 25 7265 7274
f 25 7274 27
f 27 7274 7280
f 27 7280 30
f 30 7280 7286
f 30 7286 32
f 32 7286 7292
f 32 7292 35
f 35 7292 7298
f 35 7298 37
f 37 7298 7304
f 37 7304 40
f 40 7304 7310
f 40 7310 42
f 42 7310 7316
f 42 7316 45
f 45 7316 7322
f 45 7322 47
f 47 7322 7328
f 47 7328 50
f 50 7328 7334
f 50 7334 52
f 52 7334 7339
f 52 7339 55
f 55 7339 7345
f 55 7345 57
f 57 7345 7351
f 57 7351 60
f 60 7351 7357
f 7128 5 7127
f 7127 5 4
f 7127 4 7126
f 7126 4 2
f 7126 2 7125
f 7125 2 6
f 7125 6 7124
f 7124 6 8
f 7124 8 7123
f 7123 8 9
f 7123 9 7122
f 7122 9 11
f 7122 11 7121
f 7121 11 13
f 7121 13 7120
f 7120 13 14
f 7120 14 7119
f 7119 14 16
f 7119 16 7118
f 7118 16 18
f 7118 18 7117
f 7117 18 19
f 7117 19 7116
f 7116 19 21
f 7116 21 7115
f 7115 21 23
f 7115 23 7114
f 7114 23 24
f 7114 24 7113
f 7113 24 26
f 7113 26 7112
f 7112 26 28
f 7112 28 7111
f 7111 28 29
f 7111 29 7110
f 7110 29 31
f 7110 31 7109
f 7109 31 33
f 7109 33 7144
f 7144 33 34
f 7144 34 7143
f 7143 34 36
f 7143 36 7142
f 7142 36 38
f 7142 38 7141
f 7141 38 39
f 7141 39 7140
f 7140 39 41
f 7140 41 7139
f 7139 41 43
f 7139 43 7138
f 7138 43 44
f 7138 44 7137
f 7137 44 46
f 7137 46 7136
f 7136 46 48
f 7136 48 7135
f 7135 48 49
f 7135 49 7134
f 7134 49 51
f 7134 51 7133
f 7133 51 53
f 7133 53 7132
f 7132 53 54
f 7132 54 7131
f 7131 54 56
f 7131 56 7130
f 7130 56 58
f 7130 58 7129
f 7129 58 59
f 7129 59 7128
f 7128 59 5
f 6561 6840 6563
f 6563 6840 7173
f 7187 6695 7186
f 7186 6695 6693
f 7186 6693 7185
f 7185 6693 6690
f 7185 6690 7173
f 7173 6690 6563
f 6649 7237 6621
f 6621 7237 7236
f 6621 7236 6619
f 6619 7236 7238
f 6619 7238 7239
f 6649 6647 7237
f 7237 6647 7232
f 7232 6647 6645
f 7232 6645 7231
f 7231 6645 6643
f 7231 6643 7230
f 7230 6643 6641
f 7230 6641 7229
f 7229 6641 6639
f 7229 6639 7228
f 7228 6639 6637
f 7228 6637 7227
f 7227 6637 6608
f 7227 6608 7246
f 7246 6608 6607
f 7246 6607 7245
f 7245 6607 6609
f 7245 6609 7244
f 7244 6609 6611
f 7244 6611 7243
f 7243 6611 6613
f 7243 6613 7242
f 7242 6613 6614
f 7242 6614 7241
f 7241 6614 6616
f 7241 6616 7240
f 7240 6616 6617
f 7240 6617 7239
f 7239 6617 6619
f 6548 7182 6547
f 6547 7182 7183
f 6547 7183 6576
f 6576 7183 7195
f 6576 7195 7162
f 6548 6550 7182
f 7182 6550 7181
f 7181 6550 6552
f 7181 6552 7180
f 7180 6552 6553
f 7180 6553 7179
f 7179 6553 6555
f 7179 6555 7178
f 7178 6555 6556
f 7178 6556 7177
f 7177 6556 6558
f 7177 6558 7176
f 7176 6558 6560
f 7176 6560 7175
f 7175 6560 6562
f 7175 6562 7174
f 7174 6562 6564
f 7174 6564 7172
f 7172 6564 6566
f 7172 6566 7170
f 7170 6566 6568
f 7170 6568 7168
f 7168 6568 6570
f 7168 6570 7166
f 7166 6570 6572
f 7166 6572 7164
f 7164 6572 6574
f 7164 6574 7162
f 7162 6574 6576
f 7145 6712 7157
f 7157 6712 6703
f 7157 6703 7161
f 7161 6703 6575
f 7161 6575 7163
f 7163 6575 6573
f 7163 6573 7165
f 7165 6573 6571
f 7165 6571 7167
f 7167 6571 6569
f 7167 6569 7169
f 7169 6569 6567
f 7169 6567 7171
f 7171 6567 6565
f 7171 6565 7184
f 7184 6565 6692
f 7184 6692 7151
f 7151 6692 6699
f 6866 6589 6864
f 6864 6589 6591
f 6864 6591 6863
f 6863 6591 6593
f 6863 6593 6595
f 6866 6867 6589
f 6589 6867 6588
f 6588 6867 6869
f 6588 6869 6586
f 6586 6869 6871
f 6586 6871 6584
f 6584 6871 6872
f 6584 6872 6650
f 6650 6872 6873
f 6650 6873 6651
f 6651 6873 6874
f 6651 6874 6653
f 6653 6874 6884
f 6653 6884 6655
f 6655 6884 6885
f 6655 6885 6658
f 6658 6885 6854
f 6658 6854 6660
f 6660 6854 6855
f 6660 6855 6662
f 6662 6855 6856
f 6662 6856 6663
f 6663 6856 6858
f 6663 6858 6598
f 6598 6858 6859
f 6598 6859 6596
f 6596 6859 6861
f 6596 6861 6595
f 6595 6861 6863
f 7398 7397 7255
f 7255 7397 7256
f 7256 7397 7396
f 7398 7255 7535
f 7535 7255 7254
f 7535 7254 7536
f 7399 7262 7400
f 7400 7262 7260
f 7400 7260 7401
f 7399 7568 7262
f 7262 7568 7261
f 7261 7568 7567
f 7402 7268 7403
f 7403 7268 7266
f 7403 7266 7405
f 7402 7407 7268
f 7268 7407 7267
f 7267 7407 7406
f 7408 7272 7409
f 7409 7272 7271
f 7409 7271 7410
f 7408 7563 7272
f 7272 7563 7273
f 7273 7563 7562
f 7411 7278 7412
f 7412 7278 7277
f 7412 7277 7413
f 7411 7415 7278
f 7278 7415 7279
f 7279 7415 7414
f 7416 7284 7417
f 7417 7284 7283
f 7417 7283 7418
f 7416 7557 7284
f 7284 7557 7285
f 7285 7557 7556
f 7419 7290 7420
f 7420 7290 7289
f 7420 7289 7421
f 7419 7423 7290
f 7290 7423 7291
f 7291 7423 7422
f 7424 7296 7425
f 7425 7296 7295
f 7425 7295 7426
f 7424 7551 7296
f 7296 7551 7297
f 7297 7551 7550
f 7427 7302 7428
f 7428 7302 7301
f 7428 7301 7429
f 7427 7431 7302
f 7302 7431 7303
f 7303 7431 7547
f 7432 7308 7433
f 7433 7308 7307
f 7433 7307 7434
f 7432 7545 7308
f 7308 7545 7309
f 7309 7545 7544
f 7435 7314 7436
f 7436 7314 7313
f 7436 7313 7437
f 7435 7541 7314
f 7314 7541 7315
f 7315 7541 7440
f 7441 7320 7438
f 7438 7320 7319
f 7438 7319 7539
f 7441 7442 7320
f 7320 7442 7321
f 7321 7442 7443
f 7448 7326 7447
f 7447 7326 7325
f 7447 7325 7446
f 7448 7449 7326
f 7326 7449 7327
f 7327 7449 7450
f 7455 7332 7452
f 7452 7332 7331
f 7452 7331 7454
f 7455 7456 7332
f 7332 7456 7333
f 7333 7456 7457
f 7462 7342 7461
f 7461 7342 7337
f 7461 7337 7460
f 7462 7463 7342
f 7342 7463 7338
f 7338 7463 7464
f 7469 7348 7466
f 7466 7348 7343
f 7466 7343 7468
f 7469 7470 7348
f 7348 7470 7344
f 7344 7470 7471
f 7476 7354 7475
f 7475 7354 7349
f 7475 7349 7474
f 7476 7477 7354
f 7354 7477 7350
f 7350 7477 7478
f 7483 7360 7481
f 7481 7360 7355
f 7481 7355 7482
f 7483 7484 7360
f 7360 7484 7356
f 7356 7484 7485
f 7490 7366 7489
f 7489 7366 7361
f 7489 7361 7488
f 7490 7491 7366
f 7366 7491 7362
f 7362 7491 7492
f 7497 7372 7495
f 7495 7372 7367
f 7495 7367 7496
f 7497 7538 7372
f 7372 7538 7368
f 7368 7538 7498
f 7503 7378 7502
f 7502 7378 7373
f 7502 7373 7501
f 7503 7504 7378
f 7378 7504 7374
f 7374 7504 7505
f 7510 7384 7508
f 7508 7384 7379
f 7508 7379 7509
f 7510 7537 7384
f 7384 7537 7380
f 7380 7537 7511
f 7516 7390 7515
f 7515 7390 7385
f 7515 7385 7514
f 7516 7517 7390
f 7390 7517 7386
f 7386 7517 7518
f 7523 7394 7521
f 7521 7394 7391
f 7521 7391 7522
f 7523 7524 7394
f 7394 7524 7392
f 7392 7524 7525
f 7530 7531 7251
f 7251 7531 7249
f 7249 7531 7532
f 7530 7251 7529
f 7529 7251 7250
f 7529 7250 7528

