# https://github.com/mikedh/trimesh

o front__1.stl
v 42.44712830 -6.97781181 36.92616272
v 42.43368530 -7.00392437 36.93392563
v 42.45741272 -7.01864719 36.92022705
v 42.20670700 -7.30000019 37.06496811
v 42.80069351 -8.29077053 36.72203064
v 41.11985779 -7.30000019 37.69246292
v 43.20442963 -9.52687359 36.48893356
v 43.67046738 -10.72062016 36.21986771
v 44.20213699 -11.86488342 35.91290665
v 41.11985779 -28.00000000 37.69246292
v 44.80282593 -12.95250893 35.56610107
v 45.47591019 -13.97634315 35.17749405
v 46.22478485 -14.92923164 34.74513245
v 47.05267715 -15.80307674 34.26714706
v 47.96141815 -16.58079910 33.74248505
v 48.95204163 -17.24033165 33.17054749
v 50.02330780 -17.75976562 32.55205536
v 51.15791321 -18.11867142 31.89698792
v 52.33167267 -18.29726219 31.21931839
v 61.73275375 -28.00000000 25.79160118
v 53.51957703 -18.27982712 30.53348160
v 54.69243240 -18.07224655 29.85633278
v 61.73275375 -20.00000000 25.79160118
v 55.81967545 -17.68750000 29.20552063
v 56.89851379 -17.30735016 28.58265114
v 58.00870132 -17.07710838 27.94168282
v 61.64422607 -19.22354317 25.84271240
v 59.13467789 -17.00000000 27.29160118
v 61.38467789 -18.50000000 25.99256325
v 60.97179794 -17.87867928 26.23093987
v 60.43371582 -17.40192413 26.54160118
v 59.80710983 -17.10222244 26.90337181
v 43.39357376 16.22126198 34.64768219
v 43.41894531 16.44098854 34.63303375
v 43.31857300 16.22126198 34.51777649
v 43.34394836 16.44098854 34.50312805
v 43.62667847 16.09247780 34.51309967
v 43.57487869 16.13959312 34.54300308
v 43.55167770 16.09247780 34.38319397
v 43.49987793 16.13959312 34.41310120
v 43.51921463 16.17780304 34.57514191
v 43.44421387 16.17780304 34.44524002
v 43.45793152 16.20306969 34.61052322
v 43.38293076 16.20306969 34.48062134
v 43.69803619 15.87091923 34.47190094
v 43.69282913 15.93178844 34.47490692
v 43.62303543 15.87091923 34.34199524
v 43.61782837 15.93178844 34.34500122
v 43.68081665 15.98970604 34.48184204
v 43.60581589 15.98970604 34.35193634
v 43.65726852 16.04261971 34.49543762
v 43.58226776 16.04261971 34.36553192
v 43.60500717 15.60907841 34.52561188
v 43.64448929 15.66682243 34.50281525
v 43.53000641 15.60907841 34.39570618
v 43.56949234 15.66682243 34.37290955
v 43.67508316 15.72879505 34.48515320
v 43.60008240 15.72879505 34.35524750
v 43.69094849 15.79777050 34.47599030
v 43.61594772 15.79777050 34.34608841
v 43.37454605 15.50226688 34.65866852
v 43.43873596 15.51019764 34.62160492
v 43.29954529 15.50226688 34.52876282
v 43.36373901 15.51019764 34.49170303
v 43.49937439 15.52827168 34.58659744
v 43.42437363 15.52827168 34.45669174
v 43.55401611 15.56346893 34.55504990
v 43.47901535 15.56346893 34.42514801
v 43.15835571 15.60114384 34.78348541
v 43.20617676 15.55852318 34.75587463
v 43.08335495 15.60114384 34.65357971
v 43.13117599 15.55852318 34.62597275
v 43.25745392 15.52583599 34.72627258
v 43.18245316 15.52583599 34.59636688
v 43.31435013 15.50930977 34.69342041
v 43.23934937 15.50930977 34.56351852
v 43.07325363 15.85260868 34.83261871
v 43.07926178 15.78274632 34.82915115
v 42.99825668 15.85260868 34.70271301
v 43.00426102 15.78274632 34.69924545
v 43.09344482 15.71663094 34.82096100
v 43.01844406 15.71663094 34.69105530
v 43.12159729 15.65691662 34.80470657
v 43.04659653 15.65691662 34.67480087
v 43.09439850 16.00763893 34.82041168
v 43.08631516 15.96936703 34.82507706
v 43.01939774 16.00763893 34.69050598
v 43.01131439 15.96936703 34.69517136
v 43.07965469 15.93084908 34.82892227
v 43.00465393 15.93084908 34.69902039
v 43.07557678 15.89188194 34.83127594
v 43.00057602 15.89188194 34.70137405
v 42.92736816 15.98322392 34.91684723
v 42.85236740 15.98322392 34.78694153
v 42.92948151 15.94782352 34.91562653
v 42.92924118 15.95669556 34.91576385
v 42.85448074 15.94782352 34.78572083
v 42.85424042 15.95669556 34.78586197
v 42.92882538 15.96555424 34.91600418
v 42.85382843 15.96555424 34.78609848
v 42.92816544 15.97439480 34.91638565
v 42.85316467 15.97439480 34.78647995
v 42.86605072 15.69513798 34.95224762
v 42.89311600 15.75453281 34.93661880
v 42.79105377 15.69513798 34.82234192
v 42.81811523 15.75453281 34.80671692
v 42.91401291 15.81600666 34.92455673
v 42.83901215 15.81600666 34.79465103
v 42.92475510 15.88090134 34.91835403
v 42.84975815 15.88090134 34.78844833
v 42.67047882 15.58283329 35.06516266
v 42.72848129 15.59029865 35.03167343
v 42.59547806 15.58283329 34.93525696
v 42.65348434 15.59029865 34.90176773
v 42.78165054 15.60870266 35.00097275
v 42.70665359 15.60870266 34.87107086
v 42.82646561 15.64600945 34.97510147
v 42.75146484 15.64600945 34.84519577
v 42.49710464 15.66462040 35.16526031
v 42.53523254 15.62958145 35.14324570
v 42.42210388 15.66462040 35.03535461
v 42.46023178 15.62958145 35.01334000
v 42.57624054 15.60259914 35.11956787
v 42.50123978 15.60259914 34.98966599
v 42.62196732 15.58881950 35.09317017
v 42.54696655 15.58881950 34.96326447
v 42.42838669 15.87580204 35.20493317
v 42.43302536 15.81744766 35.20225525
v 42.35338593 15.87580204 35.07502747
v 42.35802460 15.81744766 35.07234955
v 42.44433594 15.76205063 35.19572449
v 42.36933517 15.76205063 35.06581879
v 42.46714020 15.71174812 35.18255997
v 42.39213943 15.71174812 35.05265427
v 42.49816132 16.08942604 35.16464996
v 42.46805191 16.04161644 35.18203354
v 42.42316055 16.08942604 35.03474426
v 42.39305115 16.04161644 35.05212784
v 42.44497681 15.99069881 35.19535446
v 42.36997604 15.99069881 35.06544876
v 42.43333054 15.93473053 35.20207596
v 42.35833359 15.93473053 35.07217407
v 42.70747757 16.19928932 35.04380035
v 42.64958954 16.18540382 35.07722092
v 42.63247681 16.19928932 34.91389465
v 42.57458878 16.18540382 34.94731522
v 42.59455872 16.16453934 35.10899353
v 42.51955795 16.16453934 34.97908783
v 42.54465866 16.13113976 35.13780212
v 42.46965790 16.13113976 35.00790024
v 42.67364883 16.41901588 35.06333160
v 42.59864807 16.41901588 34.93342590
v 42.37711716 16.23591042 35.23453522
v 42.44129944 16.30272865 35.19747925
v 42.30211639 16.23591042 35.10462952
v 42.36629868 16.30272865 35.06757355
v 42.51111221 16.35763741 35.15716934
v 42.43611526 16.35763741 35.02726746
v 42.58982849 16.39372444 35.11172485
v 42.51482773 16.39372444 34.98181915
v 42.27192688 15.88068485 35.29526520
v 42.27906799 15.97721004 35.29114151
v 42.19692993 15.88068485 35.16535950
v 42.20406723 15.97721004 35.16123581
v 42.29640961 16.06962395 35.28112793
v 42.22140884 16.06962395 35.15122604
v 42.33130264 16.15496826 35.26098251
v 42.25630188 16.15496826 35.13108063
v 42.32637024 15.61090946 35.26383209
v 42.30308533 15.67572880 35.27727509
v 42.25137329 15.61090946 35.13392639
v 42.22808456 15.67572880 35.14736938
v 42.28513336 15.74199581 35.28763962
v 42.21013260 15.74199581 35.15773392
v 42.27593994 15.81063843 35.29294586
v 42.20094299 15.81063843 35.16304398
v 42.47490311 15.42231083 35.17807770
v 42.42971420 15.46094513 35.20416641
v 42.39990234 15.42231083 35.04817200
v 42.35471344 15.46094513 35.07426071
v 42.38899612 15.50430393 35.22767258
v 42.31399536 15.50430393 35.09777069
v 42.35554886 15.55535126 35.24698257
v 42.28055191 15.55535126 35.11708069
v 42.67470551 15.35700321 35.06272125
v 42.62206650 15.36229801 35.09311295
v 42.59970474 15.35700321 34.93281555
v 42.54706573 15.36229801 34.96320724
v 42.57090378 15.37365532 35.12265015
v 42.49590302 15.37365532 34.99274826
v 42.52217865 15.39501190 35.15078354
v 42.44717789 15.39501190 35.02087784
v 42.85759354 15.41925907 34.95713043
v 42.81464386 15.39287090 34.98192596
v 42.78259277 15.41925907 34.82722473
v 42.73964310 15.39287090 34.85202408
v 42.77017593 15.37240791 35.00759888
v 42.69517517 15.37240791 34.87769699
v 42.72319031 15.36177254 35.03472519
v 42.64819336 15.36177254 34.90482330
v 42.98868179 15.60358524 34.88144684
v 42.96363068 15.55009079 34.89590836
v 42.91368103 15.60358524 34.75154114
v 42.88862991 15.55009079 34.76600647
v 42.93449402 15.50051594 34.91273117
v 42.85949326 15.50051594 34.78282547
v 42.89827347 15.45774746 34.93364334
v 42.82327271 15.45774746 34.80373764
v 43.12030029 15.35700321 34.80545807
v 43.07411575 15.40907669 34.83211899
v 43.04529953 15.35700321 34.67555237
v 42.99911499 15.40907669 34.70221710
v 43.03534698 15.46649647 34.85450363
v 42.96034622 15.46649647 34.72459793
v 43.00853348 15.53253174 34.86998367
v 42.93353271 15.53253174 34.74007797
v 43.37031555 15.26911259 34.66110992
v 43.30336761 15.27470779 34.69976044
v 43.29531860 15.26911259 34.53120422
v 43.22837067 15.27470779 34.56985855
v 43.23876572 15.28894043 34.73706055
v 43.16376495 15.28894043 34.60715485
v 43.17824173 15.31821728 34.77200317
v 43.10324097 15.31821728 34.64209747
v 43.71442413 15.44001102 34.46244049
v 43.63927078 15.36805534 34.50582886
v 43.63942337 15.44001102 34.33253479
v 43.56427002 15.36805534 34.37592316
v 43.55819702 15.31201935 34.55263519
v 43.48319626 15.31201935 34.42273331
v 43.46723175 15.28257179 34.60515594
v 43.39223099 15.28257179 34.47525024
v 43.85555267 15.87213993 34.38095856
v 43.84571457 15.75284004 34.38663864
v 43.78055191 15.87213993 34.25105286
v 43.77071381 15.75284004 34.25673294
v 43.82226944 15.63956356 34.40017319
v 43.74727249 15.63956356 34.27026749
v 43.77554321 15.53660107 34.42715073
v 43.70054245 15.53660107 34.29724884
v 43.73398209 16.26337624 34.45114899
v 43.78683853 16.17505455 34.42063141
v 43.65898132 16.26337624 34.32124329
v 43.71183777 16.17505455 34.29072571
v 43.82714081 16.08143425 34.39736176
v 43.75214005 16.08143425 34.26745605
v 43.84723282 15.97927189 34.38576126
v 43.77223206 15.97927189 34.25585938
v 43.50795364 16.42060089 34.58164215
v 43.43295288 16.42060089 34.45174026
v 43.59144592 16.38729095 34.53343964
v 43.51644897 16.38729095 34.40353394
v 43.66557693 16.33204460 34.49063873
v 43.59057999 16.33204460 34.36073685
v 43.19165802 17.09406471 34.76425934
v 43.19165802 17.70075417 34.76425934
v 43.11665726 17.09406471 34.63435364
v 43.11665726 17.70075417 34.63435364
v 42.76245117 17.28083229 35.01206207
v 42.68745041 17.28083229 34.88215637
v 42.44107437 17.40778542 35.19760895
v 42.52219391 17.37867928 35.15077209
v 42.36607361 17.40778542 35.06770325
v 42.44719315 17.37867928 35.02087021
v 42.60284805 17.34800529 35.10420609
v 42.52784729 17.34800529 34.97430420
v 42.68283463 17.31504440 35.05802536
v 42.60783386 17.31504440 34.92812347
v 42.73707962 17.50422096 35.02671051
v 42.66419220 17.47554016 35.06879044
v 42.66207886 17.50422096 34.89680481
v 42.58919144 17.47554016 34.93888474
v 42.59070206 17.44934082 35.11121750
v 42.51570129 17.44934082 34.98131561
v 42.51619339 17.42730522 35.15423584
v 42.44119644 17.42730522 35.02433395
v 42.27827072 17.52985573 35.29160309
v 43.82806778 18.21711159 34.39682770
v 42.20326996 17.52985573 35.16169739
v 43.75306702 18.21711159 34.26692200
v 42.27827072 17.27472878 35.29160309
v 42.20326996 17.27472878 35.16169739
v 43.82806778 16.54230690 34.39682770
v 43.75306702 16.54230690 34.26692200
v 43.82806778 16.81208229 34.39682770
v 43.75306702 16.81208229 34.26692200
v 43.35868835 17.02082253 34.66782379
v 43.28368759 17.02082253 34.53791809
v 43.35868835 17.76911354 34.66782379
v 43.28368759 17.76911354 34.53791809
v 43.82806778 17.96564674 34.39682770
v 43.75306702 17.96564674 34.26692200
v 60.72294617 18.69232941 24.64256287
v 55.06967545 17.68750000 27.90648079
v 60.72294617 28.00000000 24.64256287
v 53.84964371 18.09741020 28.61086655
v 52.57743835 18.29688263 29.34537506
v 60.31901932 17.99722481 24.87577057
v 58.38467789 17.00000000 25.99256325
v 57.25870132 17.07710838 26.64264488
v 56.14851379 17.30735016 27.28361320
v 59.76448822 17.45805168 25.19593048
v 59.10252762 17.11678505 25.57811165
v 51.29084015 18.26936340 30.08819199
v 40.28474808 28.00000000 36.44256210
v 50.02783585 18.01979256 30.81738663
v 48.82397842 17.56462288 31.51243401
v 47.70321655 16.92815208 32.15950775
v 46.67552567 16.14396858 32.75284576
v 45.74650574 15.24106121 33.28921509
v 44.91240311 14.23489952 33.77078629
v 44.16796112 13.13875961 34.20058823
v 43.50791550 11.96592140 34.58166504
v 42.92711639 10.72943592 34.91699219
v 42.42227554 9.43854809 35.20846176
v 40.28474808 8.30000019 36.44256210
v 40.51483917 8.30000019 36.30971909
v 41.99164200 8.09935093 35.45708466
v 41.63351822 6.71783638 35.66384888
v 41.34620285 5.30000019 35.82973099
v 40.51483917 5.30000019 36.30971909
v 42.41207123 -6.95996380 36.94393158
v 42.31816483 -7.13278627 36.99875259
v 42.20866013 -7.29765654 37.06383896
v 42.25538635 -7.20397854 37.03469086
v 42.37722778 -6.94167376 36.95666885
v 42.32075500 -7.01686382 36.98479462
v 42.29281235 -7.10993290 37.00793076
v 42.34084702 -6.92384768 36.96488571
v 42.56206512 -6.36981297 36.84397125
v 42.48657608 -6.37260485 36.88582230
v 42.54085541 -6.68058872 36.86603546
v 42.44492340 -6.71937275 36.91495895
v 42.31613922 -6.38055182 36.91674805
v 42.40387344 -6.37569141 36.91048050
v 42.43732452 -2.45493698 36.79028320
v 42.40621567 -1.15441787 36.78159332
v 42.27586746 -0.94277805 36.87498856
v 42.39529419 0.00000001 36.78798294
v 42.25733948 0.00000002 36.87988663
v 42.09445190 0.00000000 36.90900421
v 42.11253357 -1.59579670 36.90963745
v 42.32725525 -3.03214312 36.88037872
v 42.16630554 -3.19075394 36.91151428
v 42.36917877 -4.06955004 36.88504410
v 42.24460602 -4.78472471 36.91424942
v 42.53031540 -5.06034994 36.82135773
v 42.48215485 -3.75628948 36.80325699
v 42.25278091 -6.79262304 36.96452713
v 42.28167343 -7.08563137 37.00803757
v 42.21712112 -7.10667753 37.03974915
v 42.18521881 -7.18557787 37.06979370
v 42.04578781 -6.60297680 36.97005463
v 41.85949707 -6.01463938 36.90079880
v 41.77801132 -6.43021536 36.97746658
v 41.45420837 -6.27897549 36.98675919
v 41.35471725 -6.45504379 37.10914230
v 41.01672745 -6.29903221 37.09779358
v 41.31032181 -6.53220034 37.18701553
v 40.92380524 -6.50598526 37.35289383
v 41.46233749 -6.66497660 37.23202896
v 41.26265717 -5.71197081 36.87995911
v 41.13424301 -6.02366400 36.93378067
v 41.61576462 -6.64741468 37.13690186
v 41.86850357 -6.85722399 37.14087296
v 41.86810684 -6.77791166 37.09585571
v 42.06299210 -6.92040825 37.06441116
v 42.12390137 -6.87957048 37.02476501
v 42.12103271 -7.07265902 37.08419800
v 41.92456436 -6.72261810 37.04623413
v 41.66664886 -6.57981777 37.07445145
v 38.25196457 -6.85738850 37.01292419
v 38.73928452 -7.14050388 37.37497711
v 38.28770828 -6.79391289 36.99860764
v 39.02487946 -7.29547358 37.53975677
v 39.03337860 -7.30000019 37.54421616
v 38.22296524 -6.92565060 37.01621246
v 38.20170975 -6.99634790 37.00837326
v 38.05690002 -6.19468784 36.76800919
v 37.96162415 -6.19468784 36.75304794
v 38.03866196 -6.39769030 36.77972412
v 37.92073059 -6.46735859 36.75136948
v 38.06106949 -6.58440018 36.82099915
v 37.94973755 -6.59646511 36.78053284
v 38.14025879 -6.72893524 36.89648056
v 38.10859680 -6.83764458 36.91852951
v 38.20605087 -6.77224398 36.94545746
v 37.87269974 -6.19468784 36.71571732
v 37.81534576 -6.44841576 36.67753601
v 37.88429642 -6.68549538 36.74108124
v 37.79529190 -6.19468784 36.65818787
v 38.01415634 -6.88031673 36.85540390
v 39.41005707 -6.97571707 37.68041992
v 39.48254013 -6.68648291 37.54196930
v 38.86183548 -6.61057043 37.14326859
v 39.59461212 -6.46355724 37.32790375
v 39.38499069 -7.30000019 37.72829437
v 41.08514023 -5.64815378 36.87376022
v 40.98022461 -5.97433615 36.93043900
v 41.14487076 -5.66784668 36.87584686
v 41.12461472 -5.82270193 36.88702011
v 41.20405579 -5.68912411 36.87791061
v 41.00418472 -6.14572382 37.00277710
v 40.95830917 -6.26487255 37.08720016
v 40.80736542 -6.47407675 37.36436462
v 40.88375473 -6.26117611 37.10082626
v 38.64946747 -5.88189459 36.78870392
v 38.47413635 -6.09818506 36.79018784
v 38.59501266 -6.34632921 36.87020874
v 38.64175415 -6.44415188 36.92781067
v 39.06429291 -6.32781172 36.98257828
v 39.54318237 -6.24886370 37.05692673
v 39.02443314 -6.21560860 36.90946960
v 39.46697998 -5.95821333 36.87837219
v 38.91769028 -5.92384911 36.80796051
v 39.37531662 -5.62711430 36.81405258
v 39.79927444 -5.54225540 36.82885742
v 40.00408173 -5.68503141 36.84917831
v 40.23176956 -5.51891232 36.84395981
v 40.22954178 -5.68014383 36.85712433
v 40.66363525 -5.55215979 36.85903931
v 40.82260132 -5.74056721 36.87712479
v 40.74306107 -6.08472681 37.00122070
v 40.71247482 -6.21035814 37.09074783
v 40.51547241 -6.42607975 37.38504028
v 40.20298767 -6.40945625 37.38841629
v 40.21615601 -6.17150831 37.08615494
v 40.02615738 -6.17453384 37.07814407
v 40.22091675 -6.04094219 36.99084473
v 40.02147293 -6.04436922 36.98303223
v 39.88936234 -6.42112780 37.36690903
v 40.90798950 -6.69649315 37.57515335
v 40.42936707 -6.63138008 37.66293716
v 39.95403290 -6.63138008 37.65415955
v 39.92129517 -6.94195271 37.84141922
v 40.45516968 -6.94195271 37.85127640
v 40.97287750 -6.98169041 37.71109009
v 40.46416855 -7.30000019 37.91696167
v 40.99528503 -7.30000019 37.75802994
v 39.90987778 -7.30000019 37.90672684
v 41.02922440 -6.72583008 37.53548431
v 41.09666061 -6.99894857 37.65228653
v 41.03737259 -7.30000019 37.73725891
v 41.07890701 -7.30000019 37.71539688
v 42.48113632 -2.33388996 36.73484802
v 42.61240005 -3.50771379 36.65058899
v 42.92125702 -5.23338699 36.44656754
v 42.88106918 -6.87956953 36.62137604
v 43.38975906 -8.67896748 36.32768250
v 43.25352478 -6.74200439 36.24641800
v 43.74877930 -8.49336338 35.96048355
v 43.37268829 -6.90729570 36.13272858
v 43.97228241 -8.49886417 35.68950272
v 44.25323486 -9.88599491 35.66923523
v 44.32827377 -9.25264359 35.41248703
v 44.54530334 -9.66741657 35.23926544
v 44.72002792 -9.96988869 35.09343719
v 45.11914444 -10.94848251 34.90795898
v 45.14577866 -10.64606667 34.72943497
v 45.60075760 -11.27673149 34.32013702
v 45.77798843 -12.14342022 34.52757263
v 45.97590637 -11.85592175 34.05477905
v 46.69456863 -12.91304684 33.63985825
v 46.07900620 -11.85553551 33.86547089
v 46.57456970 -12.37612724 33.36537552
v 46.80930328 -12.60103321 33.12215424
v 47.08066940 -12.83269119 32.82029343
v 47.41771317 -13.33684635 32.77088928
v 47.58943939 -13.22117138 32.23217392
v 48.07447433 -13.99492645 32.39170837
v 48.07843399 -13.64389706 31.84926796
v 48.74834061 -14.18630123 31.46249580
v 48.09298325 -13.53758717 31.60370255
v 48.58319092 -13.77875423 30.93855095
v 48.66580963 -13.83701229 30.88554764
v 49.05324554 -13.94334698 30.24086952
v 49.33961868 -14.26041412 30.49652290
v 49.67061234 -14.16273403 29.60166740
v 49.86632538 -14.51196480 30.19242859
v 50.18203735 -14.34389877 29.30639648
v 50.40767670 -14.70368195 29.87987900
v 50.70251846 -14.46556759 29.00589561
v 50.95968246 -14.83276176 29.56117821
v 51.22864151 -14.52546024 28.70213890
v 51.51834869 -14.89640141 29.23863411
v 51.75688171 -14.52192307 28.39715767
v 52.07953644 -14.89256763 28.91463089
v 52.28327179 -14.45581818 28.09324646
v 52.63856506 -14.82232380 28.59187508
v 52.80373383 -14.32863903 27.79275894
v 53.19059753 -14.68750572 28.27315903
v 53.46817017 -14.26469231 27.67358398
v 54.08471298 -14.83247280 28.31996346
v 53.55204391 -15.08502293 28.68907738
v 53.88462448 -15.51614285 29.03721619
v 53.25968552 -15.66857910 29.39802361
v 53.51989746 -16.13758850 29.69925499
v 52.84372711 -16.22265625 30.08964157
v 53.02304840 -16.72035408 30.34463692
v 52.29934692 -16.72561836 30.76246643
v 52.39161301 -17.24148750 30.97054100
v 51.62723160 -17.15415192 31.41185570
v 51.62876511 -17.67681885 31.57089233
v 50.83262253 -17.49034119 32.03054428
v 50.05950165 -17.21689987 32.47690582
v 49.31785583 -16.86333656 32.90509415
v 50.14544678 -16.71980476 32.26736450
v 49.44331360 -16.38499641 32.67274094
v 50.18388748 -16.23413086 31.98382568
v 49.52035141 -15.91763878 32.36692047
v 50.17501068 -15.76519108 31.63042450
v 49.54873276 -15.46638298 31.99200821
v 50.11899948 -15.31830502 31.21129990
v 49.52822495 -15.03634739 31.55238342
v 50.01604462 -14.89879036 30.73058891
v 49.45859909 -14.63265228 31.05242920
v 43.90770721 -10.10968685 36.02864838
v 44.84423065 -11.20595646 35.32802582
v 44.51625061 -11.46945858 35.67730331
v 45.52536774 -12.44116306 34.93476868
v 46.52426910 -13.24045181 34.09671021
v 47.32893753 -13.67979717 33.27360535
v 45.22019577 -12.74588108 35.27088165
v 46.30024719 -13.57952690 34.48739243
v 47.18587875 -14.03966713 33.71472931
v 48.01659393 -14.36885929 32.87658691
v 48.77844238 -14.56511021 31.98527145
v 46.02434158 -13.92655373 34.80660629
v 46.74303055 -14.79381752 34.39167023
v 47.53104782 -15.58353519 33.93671036
v 48.38917542 -16.27945328 33.44127274
v 52.43946075 -17.76948547 31.10283661
v 53.16114044 -17.23581314 30.52625465
v 53.74304962 -16.62973976 29.92894173
v 54.18523788 -15.97539234 29.31511879
v 54.64201355 -15.47661209 28.80704689
v 53.25588608 -17.76338768 30.63147354
v 54.06772995 -17.66112137 30.16275597
v 54.86432266 -17.46717834 29.70284271
v 55.52125168 -16.92347336 29.25582695
v 54.67818451 -16.95638466 29.65038872
v 55.12516785 -16.17988205 29.12180710
v 54.45079041 -16.45729828 29.52032852
v 52.80887604 -13.78845501 26.88519478
v 52.37401199 -13.99622059 27.22413445
v 51.88279724 -14.11631966 27.50773811
v 51.38663483 -14.17858601 27.79419708
v 50.88891602 -14.18184662 28.08155632
v 50.39293289 -14.12542439 28.36791039
v 49.91035843 -14.04666042 28.77293396
v 50.28802872 -13.99086094 28.01699638
v 50.62817001 -13.86824989 27.25464439
v 50.99042511 -13.88719845 27.14047050
v 50.93011856 -13.68445206 26.49054146
v 51.46092987 -13.82818699 26.86882401
v 51.46960068 -13.48585033 25.92742729
v 51.92732239 -13.71409512 26.59955215
v 52.12446213 -13.41649914 25.97588348
v 51.43323517 -13.15877247 24.96996880
v 49.49756622 -14.03200150 29.51657867
v 46.99006653 -14.41236973 34.08912659
v 47.90595245 -14.76124096 33.29899216
v 48.75684738 -14.96863461 32.44920349
v 47.74371719 -15.16761780 33.65400314
v 48.68428040 -15.39206982 32.84962463
v 48.56147766 -15.83061123 33.18186951
v 50.87596512 -16.97822380 31.84560013
v 50.87278748 -16.47787476 31.58608818
v 51.58021927 -16.64349556 31.17765427
v 50.82373428 -15.99476719 31.25588417
v 51.48884201 -16.15043831 30.87188530
v 52.16427612 -16.22752953 30.48192215
v 50.72943878 -15.53438187 30.85886383
v 51.35421371 -15.68057156 30.49814796
v 51.98801041 -15.75286484 30.13222694
v 52.62528992 -15.74836063 29.76429367
v 50.59053802 -15.10219479 30.39890289
v 51.17745590 -15.23948288 30.06004715
v 51.77216339 -15.30727291 29.71669197
v 52.36985397 -15.30311680 29.37161636
v 52.96503830 -15.22829533 29.02798653
v 53.92653275 -17.13944626 30.08435440
v 38.17341995 -28.00000000 36.98615646
v 38.65851974 -28.00000000 36.53823471
v 39.03337860 -28.00000000 37.54421616
v 39.09133530 -28.00000000 36.50946426
v 39.50997925 -28.00000000 36.39591599
v 38.22853088 -28.00000000 36.48109436
v 37.43196487 -28.00000000 36.27819824
v 37.02590179 -28.00000000 34.39807510
v 36.83477402 -28.00000000 35.44493866
v 36.58934402 -28.00000000 34.80557251
v 36.55350113 -28.00000000 34.12165451
v 36.73075485 -28.00000000 33.46013641
v 37.71872330 -28.00000000 33.99807739
v 37.10375595 -28.00000000 32.88576889
v 38.06872177 -28.00000000 33.90429306
v 37.63598633 -28.00000000 32.45477295
v 38.41872406 -28.00000000 33.99807739
v 38.67494202 -28.00000000 34.25429535
v 39.61765671 -28.00000000 36.32530594
v 39.98474884 -28.00000000 36.44256210
v 39.38499069 -28.00000000 37.72829437
v 39.87493896 -28.00000000 36.33275604
v 39.68581772 -28.00000000 36.21606445
v 39.70190430 -28.00000000 36.08831024
v 39.66295242 -28.00000000 35.96558380
v 40.13474655 -28.00000000 36.48275375
v 39.95621490 -28.00000000 37.91420364
v 40.55680084 -28.00000000 37.90179825
v 40.28474808 -28.00000000 36.44256210
v 60.72294617 -28.00000000 24.64256287
v 60.83275604 -28.00000000 24.53275490
v 62.13816071 -28.00000000 25.51361275
v 62.50162125 -28.00000000 25.17241478
v 60.87294769 -28.00000000 24.38275528
v 61.06993484 -28.00000000 23.94826889
v 60.95494843 -28.00000000 24.00621796
v 60.83275604 -28.00000000 24.23275566
v 60.82625961 -28.00000000 24.01062393
v 60.70758057 -28.00000000 23.96067810
v 60.62076569 -28.00000000 23.86558151
v 61.37759399 -28.00000000 23.64248848
v 62.81963730 -28.00000000 24.77129173
v 63.08914566 -28.00000000 24.31410599
v 61.61891556 -28.00000000 23.28204536
v 63.30755234 -28.00000000 23.80526161
v 61.78442383 -28.00000000 22.88109207
v 63.47274780 -28.00000000 23.24965668
v 63.58314896 -28.00000000 22.65264511
v 63.63768768 -28.00000000 22.01997566
v 61.74373627 -28.00000000 20.12722778
v 63.57762527 -28.00000000 20.67231560
v 61.81893921 -28.00000000 20.06554794
v 61.87041473 -28.00000000 19.98319817
v 60.58179474 -28.00000000 20.79807663
v 61.89271545 -28.00000000 19.88863182
v 63.29486847 -28.00000000 19.25846863
v 61.88406372 -28.00000000 19.79185677
v 61.50294876 -28.00000000 18.63833809
v 62.80028534 -28.00000000 17.83276749
v 60.97024155 -28.00000000 17.49643326
v 62.11288071 -28.00000000 16.45000076
v 60.30892563 -28.00000000 16.41312027
v 61.25907135 -28.00000000 15.16330719
v 59.54198074 -28.00000000 15.43537903
v 60.27167130 -28.00000000 14.02213383
v 59.32412720 -28.00000000 15.19999695
v 59.10185623 -28.00000000 14.97626209
v 59.02246094 -28.00000000 14.92118645
v 59.18862152 -28.00000000 13.07033634
v 58.92979431 -28.00000000 14.89379025
v 58.83328247 -28.00000000 14.89743710
v 58.74279785 -28.00000000 14.93161678
v 58.05154419 -28.00000000 12.34449100
v 56.37916183 -28.00000000 13.51890755
v 57.47636795 -28.00000000 12.07538795
v 56.90414047 -28.00000000 11.87249088
v 56.34037399 -28.00000000 11.73775482
v 55.94917297 -28.00000000 13.46176624
v 55.79049683 -28.00000000 11.67247677
v 55.51636124 -28.00000000 13.49053478
v 55.25981140 -28.00000000 11.67728424
v 54.75341797 -28.00000000 11.75213337
v 55.09771729 -28.00000000 13.60408497
v 54.62294769 -28.00000000 13.55743694
v 54.99003983 -28.00000000 13.67469215
v 54.73275375 -28.00000000 13.66724491
v 54.92187881 -28.00000000 13.78393459
v 54.90579224 -28.00000000 13.91168785
v 57.58179474 -28.00000000 15.60192394
v 54.94474411 -28.00000000 14.03441811
v 54.47294617 -28.00000000 13.51724529
v 54.27620316 -28.00000000 11.89630032
v 53.83275604 -28.00000000 12.10839939
v 54.32294846 -28.00000000 13.55743694
v 53.39974213 -28.00000000 12.35839939
v 52.90569687 -28.00000000 12.78389168
v 52.60169601 -28.00000000 13.36070156
v 52.52994156 -28.00000000 14.00875759
v 52.78276825 -28.00000000 14.44666100
v 59.03110123 -14.25067902 16.14011574
v 57.75517654 -14.03518963 14.83262825
v 58.52966690 -13.92110538 15.90372753
v 57.68896866 -13.79101944 14.97698307
v 57.58923340 -13.57765293 15.14834404
v 57.45918274 -13.40215302 15.34114838
v 58.89693069 -13.93835354 16.43754768
v 60.34492874 -14.67066383 17.45497513
v 59.45138931 -14.26134777 16.70660019
v 58.98829651 -14.08068752 16.30820274
v 60.34539413 -14.67187023 17.45361710
v 60.35117722 -14.67433262 17.45924568
v 60.35742569 -14.67800808 17.46351433
v 60.35167694 -14.67562962 17.45779991
v 60.34592819 -14.67325592 17.45208549
v 57.01499176 -13.25734806 14.79020977
v 57.38568878 -13.63930130 14.76159477
v 57.41850281 -13.96962357 14.49693489
v 57.13000488 -13.54600239 14.49862194
v 57.09604645 -13.84725571 14.20253277
v 56.85275269 -13.39099598 14.22882938
v 56.79607391 -13.67223644 13.94386673
v 56.58350754 -13.26841164 13.89386749
v 56.52827072 -13.44826984 13.71423721
v 56.60670471 -13.10313606 14.09318542
v 56.59578323 -12.95727921 14.30809975
v 55.79238892 -11.79837418 13.00257492
v 55.80032730 -11.79548359 13.01647758
v 55.80640411 -12.10215855 13.01905346
v 55.85178375 -11.92046738 13.10806847
v 55.99321747 -12.32413960 13.32202435
v 55.94136810 -11.95893955 13.30395317
v 56.02206421 -12.12089825 13.47440910
v 55.80812454 -11.79259396 13.03046131
v 55.81577301 -11.78970432 13.04452515
v 56.18397141 -12.42963696 13.76217747
v 56.17685699 -12.68146896 13.54553509
v 56.05288696 -12.87088871 13.27622604
v 56.39617157 -12.97776985 13.78357887
v 56.35145569 -13.27612495 13.55220127
v 56.37380981 -12.71190929 14.03208351
v 55.85819626 -12.37992382 13.07908344
v 55.80704880 -11.78323650 13.02859497
v 55.80205536 -11.78530216 13.01959991
v 55.80276489 -11.78049564 13.02090263
v 55.79489136 -11.77962971 13.00695610
v 55.79836273 -11.77771187 13.01307201
v 55.79459000 -11.77917290 13.00643349
v 55.79335022 -11.77466297 13.00428295
v 55.79118347 -11.77334976 13.00050354
v 55.79052734 -11.77293682 12.99936104
v 55.79034805 -11.77281475 12.99905109
v 55.79030228 -11.77277851 12.99897099
v 55.79028702 -11.77275848 12.99894333
v 55.79029083 -11.77276611 12.99895096
v 55.79700089 -11.78736877 13.01063919
v 55.79188538 -11.78943443 13.00171280
v 55.79101562 -11.78054810 13.00020409
v 55.80320740 -11.79219246 13.02161694
v 55.80279160 -11.79147053 13.02087784
v 55.80051041 -11.78777790 13.01684284
v 55.79028702 -11.79134083 12.99894333
v 55.46083069 -13.28814507 12.58720779
v 56.05628586 -13.49538898 13.15479946
v 56.13815308 -13.17260551 13.31825638
v 56.70847702 -14.14495468 13.62313652
v 57.05075073 -14.22344112 13.94656277
v 57.37972641 -15.02177620 13.79092216
v 57.66759109 -14.94932461 14.09045219
v 58.36494827 -15.61182213 14.14419174
v 57.81452179 -16.13159561 13.39813805
v 57.22078705 -15.25596619 13.53187180
v 56.59787369 -14.41809559 13.40741253
v 56.47140121 -14.68924904 13.20335579
v 55.96102524 -13.81542587 12.99921894
v 56.33081436 -14.95639229 13.01320171
v 55.85352325 -14.13069916 12.85324860
v 55.60628891 -14.74147606 12.59562302
v 55.01447296 -14.67912483 12.28797436
v 55.32344437 -15.32455063 12.38850880
v 55.01417160 -15.87950993 12.23657417
v 55.66083908 -15.96287060 12.41866875
v 55.28391647 -16.42425919 12.22900772
v 56.00644684 -16.56019592 12.38187313
v 55.55156326 -16.93735695 12.17325020
v 55.82672882 -17.43892288 12.07028103
v 55.09614182 -17.28108215 12.05168533
v 55.16800308 -17.75897598 11.94493771
v 54.72513580 -17.54125023 12.01421356
v 54.55060959 -18.01658249 11.95857525
v 54.36535645 -17.77988434 12.03090096
v 53.97529602 -18.21706963 12.09273434
v 53.68173218 -18.19737816 12.21593189
v 53.41700745 -18.33963776 12.34848785
v 53.41503525 -18.33451271 12.34962940
v 53.40838242 -18.34068298 12.35342503
v 53.39974213 -18.34168816 12.35839939
v 57.04575348 -15.48777485 13.28906536
v 57.18190002 -16.61926460 12.79263592
v 56.85693359 -15.71529198 13.06494141
v 56.44673157 -16.15180779 12.67972565
v 56.01410675 -15.47286987 12.68134212
v 56.50769806 -17.05733871 12.34976959
v 54.48503494 -15.95510197 12.13662434
v 54.14009094 -17.23032761 12.11791992
v 53.92938995 -17.14298058 12.15835857
v 53.61147690 -18.01499748 12.25310040
v 53.41099930 -18.32402802 12.35195160
v 53.64767075 -18.10823631 12.23471928
v 53.41306305 -18.32938766 12.35076618
v 54.68920135 -16.40658760 12.14261532
v 54.41406631 -16.82557678 12.10987854
v 54.89631271 -16.85577774 12.11300850
v 54.57384872 -17.19255257 12.07211399
v 54.25650024 -17.51173401 12.07982635
v 58.84509659 -14.37668991 15.77969837
v 57.88056183 -14.13532925 14.89918709
v 59.83346939 -14.73804760 16.56800652
v 59.31533432 -14.91592979 15.70156193
v 58.82012558 -15.20830441 14.88626194
v 58.32520294 -14.69373322 14.91066074
v 53.14701843 -12.01475334 18.29453659
v 53.33837891 -11.89731312 17.58690643
v 53.03288651 -12.02683258 18.12625885
v 53.26878357 -11.87585545 17.44211388
v 52.93605042 -12.06119156 17.86855125
v 53.16650772 -11.87866020 17.18033409
v 52.85750580 -12.11245537 17.53297234
v 53.03607559 -11.92588711 16.80864334
v 52.79350281 -12.17819405 17.13431931
v 52.90330505 -12.02468395 16.34944916
v 52.71799088 -12.29780197 16.45981598
v 52.78058624 -12.16978741 15.82228088
v 52.65517426 -12.43923759 15.70775127
v 52.72480774 -12.25646496 15.53870678
v 52.67371750 -12.35082626 15.24473953
v 52.76864624 -12.05395699 15.31941700
v 52.69948196 -12.18567657 15.06977749
v 52.78203201 -11.84262943 15.10429668
v 52.70550156 -12.01601982 14.89724445
v 52.78037643 -11.78528595 15.04811096
v 52.70372009 -11.97032928 14.85193443
v 52.77052307 -11.67003155 14.93785191
v 52.69591904 -11.87884045 14.76261234
v 52.73228836 -11.46427536 14.74956036
v 52.66864777 -11.71634197 14.60846996
v 52.63059616 -11.50799656 14.47609997
v 52.61590195 -11.97604084 14.46257877
v 52.57480621 -12.24118900 14.31315517
v 52.58382797 -12.32063198 14.39250088
v 52.52994156 -12.77901459 14.00875759
v 53.51013184 -11.59769249 16.92973137
v 53.48468781 -11.53334904 16.80404472
v 53.37408447 -11.53076744 16.63317490
v 53.20133972 -11.59329224 16.35820389
v 53.01694107 -11.73013973 15.99385262
v 52.84561539 -11.93282032 15.55818939
v 53.65102005 -11.13552666 16.36607742
v 53.61775589 -11.03892422 16.24942780
v 53.48175049 -11.07450104 16.14022827
v 53.27745819 -11.19453621 15.93901062
v 53.06353378 -11.40085125 15.65406418
v 52.86834335 -11.68077755 15.30092335
v 53.63749313 -10.88526249 16.12138557
v 53.75181580 -10.54110432 15.93288612
v 53.65599060 -10.55560398 15.89555645
v 53.62265778 -9.91663933 15.59966755
v 53.48972321 -10.64883423 15.80643940
v 53.41148758 -10.09992599 15.49680328
v 53.27074432 -10.83997440 15.63994312
v 53.18747330 -10.39488316 15.33853054
v 53.05106354 -11.11989212 15.40151882
v 52.98103333 -10.77570915 15.13131714
v 52.85555267 -11.47238541 15.10401535
v 52.80606842 -11.22202396 14.88457775
v 53.80590439 -9.85338116 15.65854645
v 53.65754318 -9.15404797 15.51147556
v 53.51184464 -9.23534393 15.44917107
v 53.80974960 -9.11742687 15.56103706
v 53.24980927 -9.51473045 15.29321480
v 53.03385544 -9.91649532 15.10735989
v 52.86098099 -10.39739895 14.90548897
v 52.53191757 -12.71707153 14.03137589
v 52.53099823 -12.74476814 14.02126312
v 52.53013229 -12.77245140 14.01115417
v 52.53003693 -12.77572918 14.00995731
v 52.53488922 -12.76576710 14.07292080
v 52.58847427 -12.55740547 14.63441944
v 52.62803268 -12.45157337 14.94257736
v 52.58728790 -12.36565971 14.43783188
v 52.58855820 -12.38825417 14.46069336
v 52.59059143 -12.47302246 14.54718304
v 53.49227142 -10.93764496 16.02206802
v 53.28194809 -11.07920361 15.83512211
v 53.06428909 -11.30852222 15.56760120
v 52.86712265 -11.61175346 15.23420048
v 52.63320160 -12.09648323 14.58019638
v 52.63880920 -12.16456223 14.64779854
v 52.64044571 -12.19865799 14.68197346
v 52.63962936 -12.32601929 14.81159306
v 54.07006836 -12.00000000 18.51943779
v 53.70938492 -11.91360950 17.77625275
v 54.10310364 -11.90118504 17.76958847
v 53.76931381 -11.77920532 17.38084793
v 54.13389206 -11.61147404 17.07084274
v 53.82474899 -11.58981228 17.00779915
v 54.16032791 -11.15060997 16.47081566
v 53.91751862 -11.06247044 16.35993004
v 54.18061447 -10.55000019 16.01039696
v 53.96558380 -10.57149792 15.99993610
v 53.99945831 -9.86441803 15.70588207
v 54.19336319 -9.85057545 15.72096729
v 54.19771576 -9.10000038 15.62224770
v 57.43289566 -13.22219658 15.84419632
v 57.05492401 -13.16106701 15.19471741
v 56.63943863 -12.79374027 14.97862339
v 56.66687393 -12.95049953 14.57566357
v 56.36075211 -12.52030563 14.40499783
v 56.35842896 -12.67063046 14.04882336
v 56.19701004 -12.32585526 13.95495987
v 56.06840897 -11.88939285 13.82818699
v 55.98714066 -11.57628059 13.51312447
v 56.02474213 -11.27061844 13.87428093
v 55.91849518 -11.71029854 13.27392673
v 55.81505585 -11.77090740 13.04336071
v 55.80675888 -11.77195168 13.02813339
v 55.99124908 -10.89814854 14.21514416
v 56.02691269 -11.50207996 14.33786583
v 56.06485748 -11.70736790 14.08836460
v 56.19183350 -12.16306210 14.26504040
v 55.86254120 -11.06416321 14.78997803
v 55.89251328 -10.49618912 14.53999424
v 55.71713257 -10.81050587 15.02215958
v 55.73233795 -10.10601234 14.84098434
v 55.54412460 -10.57588673 15.22199154
v 55.51421738 -9.75415230 15.10834980
v 55.34955978 -10.36699867 15.38854313
v 55.24154282 -9.46368980 15.33187294
v 55.13947678 -10.19053555 15.52088547
v 54.91875458 -10.05204201 15.61914349
v 54.92205429 -10.75097942 15.94946480
v 54.68748474 -10.66339588 16.00482750
v 54.73391724 -11.17303085 16.39879799
v 54.59815979 -11.14054394 16.41324806
v 54.68462753 -11.65902233 17.08592796
v 54.50699615 -11.63289070 17.08938026
v 54.58148575 -11.94211292 17.87961388
v 54.34372330 -11.92461777 17.86458588
v 54.72082520 -12.01887989 18.57876396
v 54.32373428 -11.61127472 17.07801247
v 54.31359482 -11.09024239 16.41201782
v 54.31318665 -10.57968426 16.02754211
v 54.32098007 -9.86911106 15.72745705
v 54.44595718 -9.88827229 15.72209549
v 54.56660080 -9.13731384 15.59885025
v 54.56819153 -9.91580677 15.70834446
v 54.68770981 -9.95205307 15.68644333
v 54.56625366 -10.62931538 16.02062416
v 54.92037201 -9.25578117 15.49983597
v 54.81298065 -11.96541405 17.87330818
v 55.33726120 -12.07829189 18.50358963
v 55.03737259 -11.99469280 17.84599876
v 55.46149063 -12.07186508 17.72967339
v 55.18480682 -11.76513195 16.98873520
v 55.49239731 -11.86061382 16.85210037
v 55.24727631 -11.35497284 16.24195099
v 55.49330902 -11.48282623 16.09412575
v 55.37419891 -11.01173878 15.73200130
v 55.58843994 -11.18498230 15.55940342
v 55.89899826 -12.18235683 18.29916954
v 55.84739685 -12.17520046 17.53352547
v 55.78013611 -11.98025417 16.65355492
v 55.72650146 -11.63552380 15.89524269
v 55.78384781 -11.38183403 15.34330082
v 56.38600159 -12.33194637 17.97715569
v 56.18967819 -12.30594349 17.26199722
v 56.04154205 -12.12304401 16.39431763
v 55.93731689 -11.81030750 15.64575386
v 55.95161438 -11.59819984 15.08351612
v 56.78567123 -12.52049446 17.55638695
v 56.48308182 -12.46099567 16.92149353
v 56.26826477 -12.28644753 16.07740402
v 56.11621094 -12.00441933 15.34611607
v 56.14574051 -11.98081970 14.55987358
v 57.09497070 -12.73837566 17.05131721
v 56.72234344 -12.63611889 16.51883888
v 56.45195389 -12.46792984 15.70583057
v 56.31740570 -12.35278320 14.74373150
v 57.31153488 -12.97578621 16.47600746
v 56.90218735 -12.82707787 16.06085777
v 55.14994049 -10.86619568 15.86126804
v 54.99528503 -11.25311852 16.34059525
v 54.85673523 -11.68973160 17.06786346
v 54.44166946 -10.60147095 16.02825546
v 54.45824432 -11.11297703 16.41770935
v 52.99034882 -12.03721428 18.25350761
v 52.68291855 -12.14538670 20.17082024
v 52.83077240 -12.11414242 20.20225906
v 52.36772156 -12.33412361 22.07637024
v 52.07668686 -12.45579720 21.98060417
v 52.51371002 -12.22949409 20.13086700
v 52.37363052 -12.35661697 20.09289360
v 52.80757904 -12.11714363 18.23293877
v 52.65425110 -12.24458599 18.21419334
v 52.74607849 -12.22314167 17.15383911
v 52.65727997 -12.34217834 17.14864159
v 52.62281036 -12.52016354 16.09440613
v 52.59732819 -12.70992470 16.03145790
v 52.53484344 -12.77609158 14.07338810
v 52.58494186 -12.51397324 17.14429855
v 52.49616241 -12.70767307 17.98872375
v 52.50056458 -12.53113365 18.19143105
v 52.23423386 -12.80048466 19.92634201
v 52.23604202 -12.63440132 20.04207039
v 51.81443405 -13.01950550 21.82547951
v 51.87753296 -12.70249653 21.89029884
v 52.29703903 -12.47150707 20.06815147
v 52.56938934 -12.36233044 18.20263863
v 55.18467712 -12.00000000 20.45000076
v 54.23983765 -12.03724098 20.99550438
v 53.29939270 -12.14878845 21.53847122
v 59.51071548 -13.75122261 17.95236206
v 58.54133224 -13.00163078 18.51203537
v 57.47676849 -12.45049000 19.12666130
v 56.34720612 -12.11342621 19.77881432
v 38.18600082 -34.00000000 35.40742493
v 38.18897247 -34.00000000 35.40967941
v 38.19175720 -33.99999619 35.41213608
v 38.19195175 -33.99999619 35.41193008
v 38.28708267 -33.99865341 35.48563766
v 38.58684158 -33.97338104 35.64878082
v 38.54757309 -33.98018646 35.65106583
v 38.83462524 -33.92547989 35.79019165
v 38.81882858 -33.93113708 35.82053757
v 39.18066788 -33.79058456 35.97303391
v 39.15986252 -33.79505157 36.02404022
v 39.34104156 -33.67591858 36.09687042
v 39.31536484 -33.67133713 36.14926147
v 39.47705841 -33.50075150 36.21685410
v 39.42953491 -33.48327255 36.27951050
v 39.54369354 -33.25947571 36.33089066
v 39.45160675 -33.29697418 36.36773300
v 39.50997925 -33.00000000 36.39591599
v 39.61765671 -33.00000000 36.32530594
v 39.60110855 -33.27096939 36.26493835
v 39.68581772 -33.00000000 36.21606445
v 39.63394547 -33.27406693 36.19963837
v 39.65158463 -33.27017975 36.11961365
v 39.52614212 -33.49955368 36.08488846
v 39.53127670 -33.48248672 36.01193237
v 39.37395859 -33.65334702 35.97250748
v 39.45280075 -33.54489136 35.92670822
v 39.19672775 -33.77740860 35.92176437
v 39.03007889 -33.84973145 35.81965637
v 39.60303116 -33.29697418 35.95544434
v 39.64850998 -33.25896454 36.03823853
v 39.70190430 -33.00000000 36.08831024
v 39.66295242 -33.00000000 35.96558380
v 39.30667877 -33.54489136 36.29318237
v 39.27736282 -33.65412140 36.20616913
v 39.13768387 -33.79149628 36.06789780
v 38.80211258 -33.93302917 35.85079193
v 38.53700256 -33.98179626 35.66648102
v 39.11555481 -33.72591782 36.18548965
v 39.10747147 -33.77801895 36.11717606
v 38.78648376 -33.93152237 35.87737656
v 38.52634811 -33.98233032 35.68185806
v 38.28382492 -33.99874496 35.48940277
v 38.91017532 -33.84973145 36.05503845
v 38.76709366 -33.92574310 35.90862656
v 38.51673889 -33.98190689 35.69549561
v 38.28057480 -33.99877548 35.49315643
v 38.19156647 -33.99999619 35.41233826
v 38.51775360 -33.97338104 35.74994659
v 38.50513077 -33.98026276 35.71185303
v 38.27767181 -33.99875259 35.49650574
v 38.19137573 -33.99999619 35.41253662
v 38.27418518 -33.99865723 35.50054550
v 38.19080353 -33.99999619 35.41314316
v 38.19100571 -33.99999619 35.41292572
v 38.18840027 -34.00000000 35.41028214
v 38.19120789 -33.99999619 35.41271210
v 39.36196136 -33.67016220 36.03493500
v 39.50642395 -33.50543594 36.15698242
v 36.83477402 -33.00000000 35.44493866
v 36.57925034 -33.00000000 35.00236130
v 36.90069580 -33.38268280 35.40687943
v 36.54468918 -33.37749481 34.79451752
v 36.59039688 -33.55562592 34.68453217
v 37.08842850 -33.70710754 35.29849243
v 36.68906021 -33.71414185 34.59255219
v 36.86727524 -33.86933899 34.48966217
v 37.36938477 -33.92387772 35.13628006
v 37.07392120 -33.96678162 34.37035370
v 37.70079803 -34.00000000 34.94493866
v 37.29527664 -34.00000000 34.24255371
v 37.99570465 -34.00000000 35.28520584
v 38.00098419 -33.92387772 35.74254990
v 38.41758728 -33.92387772 35.89064026
v 38.88547134 -33.70710754 36.24017715
v 38.35300064 -33.70710754 36.20857239
v 38.90319443 -33.38268280 36.45622253
v 38.30984879 -33.38268280 36.42100525
v 37.85040283 -33.70710754 36.02991104
v 37.74979019 -33.38268280 36.22191620
v 37.41745758 -33.70710754 35.71833038
v 37.26734543 -33.38268280 35.87471390
v 37.21463013 -33.00000000 35.92963028
v 38.90941620 -33.00000000 36.53208923
v 38.29469299 -33.00000000 36.49560165
v 37.71445847 -33.00000000 36.28934097
v 37.64211655 -33.92387772 35.48428345
v 37.83199692 -34.00000000 35.12916183
v 38.67494202 -33.00000000 34.25429535
v 38.52276993 -33.28130341 34.07158279
v 38.02856827 -33.78873825 33.90550232
v 38.30194092 -33.55469131 33.94440079
v 37.71872330 -33.95393753 33.99807739
v 37.63362122 -33.97943878 34.04721069
v 37.54672241 -33.99484634 34.09738159
v 37.45891571 -34.00000000 34.14807510
v 36.68906021 -31.10000038 34.59255219
v 36.57925034 -31.10000038 34.70236206
v 36.53905869 -31.10000038 34.85235977
v 36.57925034 -31.10000038 35.00236130
v 37.02590179 -31.10000038 34.39807510
v 56.42169571 -34.00000000 14.59257412
v 56.41872025 -34.00000000 14.59031963
v 56.41593933 -33.99999619 14.58786392
v 56.41574478 -33.99999619 14.58806992
v 56.32050323 -33.99867630 14.51436806
v 56.02078247 -33.97345352 14.35125828
v 56.05989075 -33.98035431 14.34904671
v 55.77313995 -33.92582321 14.21019554
v 55.78899002 -33.93161392 14.17974281
v 55.39494705 -33.77314758 14.01564026
v 55.41592789 -33.77794647 13.96252823
v 55.22218704 -33.63745880 13.88628578
v 55.24946594 -33.63251877 13.83068085
v 55.08205414 -33.42870712 13.76225948
v 55.13296509 -33.41229630 13.69899178
v 55.05058289 -33.21702576 13.66243267
v 55.13540268 -33.24048233 13.62184620
v 55.09771729 -33.00000000 13.60408497
v 54.99003983 -33.00000000 13.67469215
v 54.99205017 -33.22703171 13.72783947
v 54.92187881 -33.00000000 13.78393459
v 54.95779037 -33.22985840 13.79517174
v 54.94044495 -33.22645187 13.87651157
v 55.03146744 -33.42775726 13.90118504
v 55.02938080 -33.41164017 13.97774315
v 55.19084930 -33.61408615 14.01664639
v 55.15473175 -33.54486847 14.07324219
v 55.37936401 -33.75900650 14.06904984
v 55.57714081 -33.84984589 14.18036938
v 55.00397491 -33.29702759 14.04445267
v 54.94487000 -33.21662903 13.95926571
v 54.90579224 -33.00000000 13.91168785
v 54.94474411 -33.00000000 14.03441811
v 55.23464203 -33.45423889 13.67146015
v 55.28944778 -33.61479950 13.77277565
v 55.43925476 -33.77397156 13.91617584
v 55.80577850 -33.93355560 14.14937019
v 56.07048416 -33.98205948 14.33356094
v 55.37385941 -33.62548828 13.74577332
v 55.47045898 -33.75958633 13.86604309
v 55.82175446 -33.93194962 14.12218952
v 56.08117294 -33.98262787 14.31811333
v 56.32376862 -33.99879074 14.51058388
v 55.53217316 -33.75560760 13.83813095
v 55.84095001 -33.92606354 14.09126472
v 56.09099960 -33.98215866 14.30416012
v 56.32703018 -33.99882889 14.50680828
v 56.41613007 -33.99999619 14.58766460
v 55.86030960 -33.91672134 14.06115055
v 56.10250854 -33.98042297 14.28796005
v 56.32999802 -33.99879456 14.50338459
v 56.41631699 -33.99999619 14.58746433
v 56.16114044 -33.98459625 14.31562328
v 56.33345795 -33.99868011 14.49938107
v 56.41648865 -33.99999619 14.58728218
v 56.41669083 -33.99999619 14.58707047
v 55.20136642 -33.63149643 13.95118523
v 55.05053711 -33.43332291 13.82564449
v 56.61198807 -34.00000000 14.71479511
v 56.60670853 -33.92387772 14.25745010
v 56.19010925 -33.92387772 14.10935783
v 56.25469208 -33.70710754 13.79142857
v 55.72222137 -33.70710754 13.75982380
v 55.70450211 -33.38268280 13.54377651
v 55.69827652 -33.00000000 13.46791077
v 56.29784775 -33.38268280 13.57899475
v 56.31300354 -33.00000000 13.50439739
v 56.85790634 -33.38268280 13.77808285
v 56.89323807 -33.00000000 13.71065903
v 57.34035110 -33.38268280 14.12528419
v 57.39306259 -33.00000000 14.07036877
v 57.70699692 -33.38268280 14.59312057
v 57.77292252 -33.00000000 14.55506039
v 57.51926804 -33.70710754 14.70150661
v 57.19023895 -33.70710754 14.28166962
v 56.75728989 -33.70710754 13.97009087
v 57.23830795 -33.92387772 14.86371803
v 56.96557617 -33.92387772 14.51571751
v 56.90689468 -34.00000000 15.05506039
v 56.77569580 -34.00000000 14.87083912
v 58.17844391 -33.00000000 15.25744724
v 58.11252213 -33.38268280 15.29550743
v 57.92478943 -33.70710754 15.40389347
v 57.64383316 -33.92387772 15.56610489
v 57.31241989 -34.00000000 15.75744724
v 55.93275452 -33.00000000 15.74570560
v 56.08492279 -33.28130341 15.92841625
v 56.57912827 -33.78873825 16.09449768
v 56.30575180 -33.55469131 16.05559921
v 56.88897324 -33.95393753 16.00192451
v 56.97407150 -33.97943878 15.95279121
v 57.06097412 -33.99484634 15.90261841
v 57.14878082 -34.00000000 15.85192394
v 57.77292252 -31.10000038 14.55506039
v 57.40927124 -31.10000038 14.08608818
v 56.93301773 -31.10000038 13.73202991
v 56.37916183 -31.10000038 13.51890755
v 58.17844391 -31.10000038 15.25744724
v 57.58179474 -31.10000038 15.60192394
v 56.88897324 -15.19182110 16.00192451
v 57.57234192 -15.91873837 15.60738087
v 58.13413620 -16.77328491 15.28302860
v 58.74279785 -20.00000000 14.93161678
v 58.55678940 -17.72873497 15.03901005
v 58.82708359 -18.75521088 14.88295555
v 58.93656540 -19.82061386 14.81974602
v 58.93656540 -20.00000000 14.81974602
v 61.05540085 -33.91672134 23.05931091
v 61.02354431 -33.92516708 23.06084633
v 60.98543549 -33.98459625 22.67154694
v 60.91302109 -33.99866104 22.43033028
v 60.87816238 -33.99999619 22.31450272
v 60.90790939 -33.99878693 22.43130684
v 60.87788391 -33.99999619 22.31456947
v 60.90280914 -33.99882889 22.43229103
v 60.87760162 -33.99999619 22.31463623
v 60.89873123 -33.99880219 22.43306923
v 60.87738037 -33.99999619 22.31468964
v 60.89334488 -33.99868393 22.43409538
v 60.87708664 -33.99999619 22.31476021
v 60.87679291 -33.99999619 22.31483078
v 60.87633133 -34.00000000 22.31112671
v 61.08447266 -33.75560760 23.45499611
v 61.03566360 -33.75741196 23.49393845
v 60.98786545 -33.93144226 23.06208420
v 60.97797012 -33.77272797 23.49650955
v 60.95173264 -33.93355179 23.06242752
v 60.91861725 -33.77794647 23.49346733
v 60.92284775 -33.93220901 23.06195259
v 60.87150574 -33.77461624 23.48684883
v 60.88512802 -33.92635727 23.06040955
v 60.81176758 -33.76029587 23.47294426
v 60.81056976 -33.84984207 23.24493408
v 60.69213867 -33.54486847 23.66431427
v 60.76334763 -33.61566925 23.66326523
v 60.71655655 -33.41309738 23.82362556
v 60.83211517 -33.63331985 23.68806076
v 60.79170609 -33.42945480 23.86179733
v 60.88777542 -33.63745880 23.69937515
v 60.85446930 -33.43332291 23.87834740
v 60.95857239 -33.63098145 23.70345497
v 60.93544388 -33.42727661 23.88220215
v 61.02703476 -33.61213303 23.69660378
v 61.01369476 -33.40983963 23.86784172
v 61.08004761 -33.45423889 23.79600143
v 61.07339478 -33.24048233 23.90675163
v 61.08530045 -33.62548828 23.63827896
v 61.00473022 -33.21553421 23.95655823
v 61.06993484 -33.00000000 23.94826889
v 60.95494843 -33.00000000 24.00621796
v 60.92098236 -33.22615814 23.97695160
v 60.82625961 -33.00000000 24.01062393
v 60.83448410 -33.22985840 23.97390556
v 60.76813889 -33.22748947 23.95403099
v 60.70758057 -33.00000000 23.96067810
v 60.69036484 -33.21751404 23.90679169
v 60.62076569 -33.00000000 23.86558151
v 60.64169312 -33.29702759 23.80926704
v 60.88439560 -33.97345352 22.77528191
v 60.87586594 -34.00000000 22.30742645
v 60.14878082 -34.00000000 21.04807663
v 60.06097412 -33.99484634 21.09877014
v 59.97407150 -33.97943878 21.14894295
v 59.88897324 -33.95393753 21.19807625
v 59.65497208 -33.79019928 21.41839600
v 59.55096436 -33.55548096 21.67556190
v 59.55039215 -33.28250122 21.93014145
v 59.63275528 -33.00000000 22.15429306
v 61.48814392 -33.00000000 23.49625587
v 61.42555618 -33.38268280 23.45293236
v 61.76390839 -33.00000000 22.94564438
v 61.69172668 -33.38268280 22.92147064
v 61.87540054 -33.00000000 22.34001541
v 61.79934311 -33.38268280 22.33690071
v 61.81379318 -33.00000000 21.72729874
v 61.73987961 -33.38268280 21.74549103
v 61.58396912 -33.00000000 21.15598679
v 61.51804352 -33.38268280 21.19404602
v 61.52938843 -33.70710754 21.79730034
v 61.33031464 -33.70710754 21.30243301
v 61.21436691 -33.92387772 21.87483788
v 61.04935455 -33.92387772 21.46464539
v 60.81188202 -34.00000000 21.86171722
v 60.71794128 -34.00000000 21.65598679
v 61.24731445 -33.70710754 23.32956123
v 61.17855072 -33.92387772 22.74959373
v 61.48617935 -33.70710754 22.85262680
v 61.25859833 -33.92387772 22.31476021
v 60.86516571 -34.00000000 22.08151436
v 61.58275223 -33.70710754 22.32803345
v 60.31241989 -34.00000000 20.95359993
v 60.64383316 -33.92387772 20.76225853
v 60.92478943 -33.70710754 20.60004616
v 61.11252213 -33.38268280 20.49165916
v 61.17844391 -33.00000000 20.45359993
v 60.70758057 -30.50000000 23.96067810
v 60.82625961 -30.50000000 24.01062393
v 60.95494843 -30.50000000 24.00621796
v 60.18242264 -15.69037151 23.10634804
v 59.91598511 -15.32711029 22.64486694
v 60.83275604 -17.34415627 24.23275566
v 60.60120010 -16.52495384 23.83168793
v 60.42061615 -16.10789680 23.51891136
v 59.63275528 -15.02152920 22.15429306
v 59.63275528 -27.60915375 21.45429420
v 59.63275528 -21.26436806 21.45429420
v 59.69972229 -15.03367615 21.35796547
v 59.56925201 -14.93462372 21.60064507
v 59.53897095 -21.26436806 21.80429459
v 59.54159164 -14.91958332 21.74382019
v 59.54428482 -14.93058586 21.89036179
v 59.53897095 -27.60915375 21.80429459
v 59.88897324 -15.19516850 21.19807625
v 40.55680084 -17.64999962 37.90179825
v 39.95621490 -17.64999962 37.91420364
v 40.17658234 -3.29999995 33.15521240
v 40.17658234 -5.30000019 33.15521240
v 39.80455780 -3.29999995 32.70190048
v 39.80455780 -5.30000019 32.70190048
v 39.30656433 -3.29999995 32.39222717
v 39.30656433 -5.30000019 32.39222717
v 38.73546219 -3.29999995 32.25906754
v 38.73546219 -5.30000019 32.25906754
v 38.15185928 -3.29999995 32.31654739
v 38.15185928 -5.30000019 32.31654739
v 39.74209595 -5.30000019 36.10266495
v 37.63598633 -5.30000019 32.45477295
v 41.61937332 -5.30000019 35.65419769
v 41.59045410 -5.30000019 35.67229462
v 41.56150818 -5.30000019 35.69034958
v 41.53253555 -5.30000019 35.70836258
v 41.52187729 -5.30000019 35.71515274
v 41.51137543 -5.30000019 35.72219086
v 41.50104523 -5.30000019 35.72946548
v 41.45058060 -5.30000019 35.76463699
v 41.39894485 -5.30000019 35.79807281
v 41.34620285 -5.30000019 35.82973099
v 40.51483917 -5.30000019 36.30971909
v 37.63598633 -3.29999995 32.45477295
v 52.52993011 -16.29039001 14.00888538
v 52.52994156 -16.30249596 14.00875759
v 52.54399109 -15.90883923 14.20182228
v 52.57019424 -16.10733414 14.25659943
v 52.57849121 -15.86891747 14.39474392
v 52.68025589 -16.19320107 14.40669155
v 52.68513107 -15.96682549 14.53689766
v 52.76581955 -16.33058357 14.41731167
v 52.85150909 -16.03545761 14.63051128
v 52.98992920 -15.85589123 14.80547523
v 52.93967819 -15.84671974 14.79660225
v 52.94573212 -15.50644207 15.08994484
v 52.86195755 -15.48330784 15.06994534
v 52.86920547 -15.11048985 15.48137474
v 52.71146774 -15.01264668 15.40707111
v 52.71508026 -14.67958260 15.87471581
v 52.61983871 -14.53011227 15.78060913
v 52.62571716 -14.06243229 16.86326218
v 52.57945633 -13.86027908 16.78220367
v 52.54150772 -16.50749969 14.02878857
v 52.56260300 -16.60079384 14.06532860
v 52.60737228 -16.62476349 14.14287090
v 52.57167053 -16.61794090 14.08103180
v 52.59514999 -16.63041687 14.12169838
v 52.58281708 -16.62853622 14.10033703
v 52.67070007 -16.53204918 14.25255394
v 53.19024658 -15.45158672 15.15204430
v 52.95226669 -15.13648701 15.50009823
v 52.87190247 -14.78544426 15.94108868
v 53.19846344 -14.79901123 16.00368500
v 52.95487976 -14.81342030 15.95850182
v 52.76187134 -14.22449780 16.93235207
v 53.18199158 -14.31442738 16.98496628
v 52.96092224 -14.31433582 16.97577095
v 52.59691238 -14.16605377 16.12103462
v 52.59646988 -14.54803753 15.49607277
v 52.61436081 -14.87482452 15.29935551
v 52.58246994 -15.00960445 14.92843246
v 52.60155106 -15.27298737 14.86526203
v 52.55924988 -15.55412769 14.43922520
v 52.58724213 -15.64205360 14.55176163
v 52.70178223 -15.39604568 14.98736095
v 52.69114304 -15.75029182 14.68623924
v 52.85471725 -15.82667637 14.77571583
v 52.88715363 -14.07027817 17.66543770
v 53.09786224 -13.97834396 18.07342529
v 52.85195160 -13.96839905 18.04899406
v 52.81384659 -13.85909367 18.62081146
v 52.76994705 -13.93657684 18.03408813
v 52.63363266 -13.77327061 18.58533287
v 52.61523056 -13.81458759 17.99129486
v 52.49382019 -13.60213470 18.53991699
v 52.52369308 -13.64179039 17.94214439
v 52.44523621 -13.38106823 18.49648094
v 52.47739792 -13.43677711 18.20124626
v 53.03268051 -13.86387539 18.64687347
v 52.50564957 -13.50248718 17.90752411
v 52.54972458 -13.66108894 17.33905602
v 52.55640030 -13.74762154 17.54849625
v 52.64874649 -13.91865826 17.60446358
v 52.80462265 -14.03906345 17.65045738
v 53.03465652 -13.86360168 18.64635468
v 53.00907135 -13.83177662 18.84379768
v 53.03364944 -13.86371040 18.64678192
v 52.77108383 -13.82742786 18.76700592
v 52.68949509 -13.79483795 18.75193024
v 52.71004105 -13.76847649 19.20399475
v 52.62896729 -13.73545456 19.18892097
v 52.56786346 -13.70026016 19.57885551
v 52.47640991 -13.61085224 19.15379333
v 52.41596985 -13.57516098 19.54628754
v 52.38564682 -13.43539810 19.12192917
v 52.32519150 -13.39948273 19.52012634
v 52.36709595 -13.29368019 19.10397339
v 52.22650909 -13.37667179 20.08895683
v 52.11055756 -13.24184799 20.57185555
v 51.98896408 -13.42627144 21.21288300
v 51.76336670 -13.39633369 22.01450920
v 51.78889084 -13.53464890 21.99780273
v 51.84875488 -13.65853119 21.99300003
v 52.08177567 -13.59989834 21.21791267
v 51.98275375 -13.79755306 22.00596428
v 52.23213196 -13.72487736 21.24137688
v 52.31113052 -13.75896454 21.25679970
v 52.54886627 -13.71133041 20.15192032
v 52.69083405 -13.73365116 20.67447853
v 52.64849091 -13.73360825 19.59394264
v 52.95254898 -13.78104591 19.23979950
v 52.98169327 -13.80425262 19.04164886
v 52.34283447 -13.88347054 22.09012604
v 52.15614700 -13.87599373 22.04013634
v 52.40823364 -13.33232021 18.79975700
v 52.44511795 -13.49628258 18.67522049
v 52.53608322 -13.67107487 18.71376991
v 52.46882248 -13.67762756 20.13675308
v 52.31764221 -13.55218697 20.10751915
v 51.09657288 -14.23461342 24.18973351
v 51.02982330 -14.04412556 24.24197578
v 51.45460510 -13.78837872 23.10840988
v 51.41938782 -13.65958118 23.15260506
v 51.55255127 -13.95437145 23.09365082
v 51.77982330 -14.10969257 23.12449837
v 51.70238113 -14.07556057 23.10866547
v 52.34324646 -13.88339520 22.09018707
v 52.34365845 -13.88330746 22.09013748
v 52.34405899 -13.88321209 22.09000587
v 52.34443283 -13.88311386 22.08981705
v 52.00076675 -14.13738441 23.20756340
v 51.41489792 -14.48885918 24.20844841
v 51.61112213 -14.50840950 24.27615166
v 51.23283005 -14.39197826 24.17786980
v 51.11260605 -14.89530659 25.29993629
v 50.68632126 -15.12045860 26.09209061
v 50.91963959 -14.84309959 25.23186684
v 50.48557663 -15.03215218 26.01665688
v 50.85452271 -14.80441189 25.21565628
v 50.73082352 -14.68604088 25.19926834
v 50.77828979 -14.65373802 25.09410858
v 50.69363022 -14.50252247 25.10735321
v 50.83179474 -14.24090672 24.73828888
v 50.33412170 -14.85924721 25.98578835
v 50.64810562 -14.53570366 25.21116066
v 50.26454544 -14.63894463 26.00612068
v 50.44617462 -14.53499889 25.62160110
v 50.61943054 -14.41610241 25.23694420
v 50.90459442 -14.77209091 25.10979652
v 50.97093201 -14.81038857 25.12592506
v 42.05278397 -7.23636007 35.38181305
v 42.06976700 -7.22676849 35.36726761
v 42.39680862 -8.17849922 35.15525818
v 42.41694260 -8.16433144 35.13546371
v 42.80678940 -9.07390881 34.86505508
v 42.42618179 -8.15813065 35.12739182
v 42.81745529 -9.06512165 34.85461807
v 42.44863510 -8.14361286 35.10970306
v 42.84384155 -9.04450321 34.83201981
v 42.45866013 -8.13739204 35.10271454
v 42.85581207 -9.03565979 34.82324982
v 42.07737350 -7.22258568 35.36121750
v 42.09564209 -7.21280289 35.34778976
v 42.10363007 -7.20861387 35.34229279
v 43.27615356 -9.90370750 34.51443100
v 43.52388000 -10.30884266 34.32464600
v 43.74837875 -10.72436619 34.14937973
v 44.27494812 -11.47892570 33.71739960
v 44.25881195 -11.49961472 33.73209381
v 44.80120087 -12.21797180 33.26167679
v 44.22600937 -11.54755974 33.77161789
v 44.76958084 -12.27786732 33.30627441
v 44.21415710 -11.56774330 33.79059601
v 44.75906372 -12.30293179 33.32797241
v 44.19253540 -11.61273384 33.83853149
v 45.03150177 -12.71119785 33.13204956
v 45.33607483 -12.97758198 32.80706406
v 45.93862152 -13.65649796 32.29790115
v 45.93592453 -13.57719517 32.22858047
v 46.81574631 -14.28965187 31.30324745
v 46.81233215 -14.24433994 31.27408218
v 47.70973969 -14.81787205 30.25335503
v 47.69536972 -14.76391602 30.22374153
v 48.46301651 -15.10562706 29.26823425
v 48.43669891 -15.04492474 29.23977089
v 49.18389511 -15.23174191 28.22065926
v 49.14321518 -15.16558743 28.19461441
v 49.86037827 -15.20155621 27.12676620
v 49.80316925 -15.13186932 27.10404968
v 49.71857071 -14.93457603 27.08225822
v 49.54799271 -14.87332249 27.37026596
v 49.08798218 -14.98714542 28.15820503
v 49.15135193 -14.90594578 28.04331398
v 48.73345947 -14.87810802 28.70141602
v 48.40688705 -14.88698006 29.19265556
v 48.29780197 -14.78717995 29.33911896
v 47.84694672 -14.63227081 29.95475006
v 47.68660736 -14.62718487 30.17018700
v 47.14853287 -14.28154087 30.83174706
v 46.82250214 -14.13216019 31.21815491
v 46.44258881 -13.79986000 31.63828087
v 45.96277618 -13.45199013 32.14921188
v 45.97754669 -13.41327572 32.13097382
v 45.37243652 -12.87371540 32.73373413
v 45.10088348 -12.52676010 32.98714828
v 50.17223740 -15.28499699 26.97095680
v 49.61863327 -15.35369396 27.84298325
v 49.03483582 -15.32222176 28.69353676
v 48.42967987 -15.18671608 29.50905037
v 47.80846024 -14.94674587 30.28384209
v 47.17773819 -14.60576534 31.01329422
v 46.55054855 -14.17248440 31.68728447
v 43.70416260 -10.77750874 34.19933319
v 43.44226074 -10.40000439 34.41867828
v 43.23471832 -9.94390106 34.55567551
v 42.78417969 -9.09388828 34.89101791
v 43.24643326 -9.93191719 34.54252625
v 43.71635056 -10.76170921 34.18326950
v 45.34413147 -12.94710732 32.78281021
v 45.94019318 -13.54071140 32.20199585
v 53.03245544 -15.80769634 14.87913704
v 53.15364456 -15.84124565 14.80975723
v 53.49366760 -15.36670494 15.15651894
v 53.36315536 -14.78872013 15.96476078
v 53.91204071 -14.90955734 15.64786053
v 54.39435196 -14.49595928 16.27217293
v 54.95479202 -14.70302963 15.94860268
v 55.52164459 -14.37207985 16.67405510
v 56.10873795 -14.68412971 16.33509636
v 55.91065216 -14.30061722 16.98589897
v 56.83429718 -14.87069130 16.45263290
v 56.52366638 -14.97102737 16.09553909
v 56.72044754 -15.06685257 16.07177353
v 52.90217209 -16.21334648 14.65347767
v 52.91136551 -16.27937126 14.61371040
v 53.57710266 -15.99770355 14.56527424
v 53.29021072 -16.41934586 14.39498329
v 53.99461365 -16.21961784 14.32422352
v 53.66373825 -16.61788177 14.17932701
v 54.40675735 -16.51711464 14.08627224
v 54.03246307 -16.88403702 13.96644402
v 54.79121780 -16.88447952 13.86430359
v 54.37641907 -17.21269989 13.76785946
v 54.83254242 -16.93039513 13.84007835
v 54.73275375 -17.34852409 13.66724491
v 54.31395721 -17.86725807 13.61913967
v 54.54052734 -18.00231934 13.52495575
v 54.32611084 -18.67957878 13.55563545
v 53.93757629 -18.02138138 13.77993202
v 54.32294846 -18.69232941 13.55743694
v 52.82617950 -16.57714653 14.52185345
v 53.07590103 -16.81972313 14.33393192
v 52.78838730 -16.93620872 14.45639992
v 52.78276825 -17.14505005 14.44666100
v 53.40766144 -16.99605942 14.14239025
v 53.41155243 -17.49293518 14.08363152
v 53.73515701 -17.23245430 13.95331097
v 54.04065323 -17.52436638 13.77693176
v 55.03853226 -16.34363747 14.19686604
v 54.88977051 -16.11969566 14.35047913
v 55.30295944 -15.82050514 14.65486717
v 54.43059921 -15.78825283 14.61558247
v 54.94141388 -15.37269688 15.05355263
v 53.96544647 -15.54101658 14.88413811
v 54.43036652 -15.10106659 15.34860611
v 55.60486603 -15.37854004 15.17778683
v 55.50736237 -14.99672985 15.62957668
v 55.93275452 -15.01568508 15.74570560
v 56.03686142 -14.94914341 15.88344097
v 56.17905807 -14.91653156 15.99609089
v 56.34742355 -14.92421722 16.06898880
v 57.64387894 -15.63788128 15.98521996
v 58.30828476 -16.57270622 15.60162544
v 58.80198288 -17.63923836 15.31658840
v 59.10599899 -18.79649353 15.14106369
v 59.20865631 -20.00000000 15.08179569
v 59.15574265 -20.00000000 15.02832127
v 59.10259628 -20.00000000 14.97551155
v 59.02069855 -20.00000000 14.89588737
v 58.93829727 -20.00000000 14.81789207
v 58.89950943 -20.00000000 14.78190899
v 58.86062241 -20.00000000 14.74629688
v 58.85773849 -19.80098343 14.74799156
v 58.59772873 -19.76544952 14.52310944
v 58.17953491 -20.00000000 14.19264412
v 58.37872696 -19.75858307 14.34749699
v 57.92727661 -19.79185677 14.02260208
v 58.10112000 -20.00000000 14.13680172
v 57.54984283 -19.87124443 13.78812122
v 57.34406281 -20.00000000 13.67430782
v 57.42291641 -19.92025566 13.71674156
v 57.37033081 -19.95406151 13.68827248
v 57.35197830 -19.97480965 13.67849731
v 57.34624100 -19.98678780 13.67545986
v 54.92618942 -14.15207291 17.01784134
v 54.90843964 -13.94956779 17.56452751
v 54.29562759 -14.01325512 17.38189697
v 53.86617279 -13.83103275 18.16627884
v 53.74873734 -13.89504242 17.96287727
v 53.63388824 -13.96468830 17.76395226
v 53.40163422 -14.12893295 17.36167526
v 53.80086899 -14.36530495 16.61482048
v 53.58880997 -13.83465290 18.32641411
v 53.31159210 -13.84551048 18.48646545
v 53.00729370 -13.77527237 19.20818138
v 53.38492966 -13.64741230 19.88500214
v 52.83316803 -13.71837807 20.20356369
v 54.23057938 -13.54909325 21.00084877
v 53.28200150 -13.67465401 21.54851151
v 53.55522537 -13.73315144 18.89183426
v 54.10260773 -13.71915722 18.57579994
v 53.98327255 -13.77225685 18.36910439
v 53.93778610 -13.60491276 19.56581116
v 54.63507080 -13.55858994 19.49805069
v 55.18467712 -13.50715828 20.45000076
v 51.78687286 -14.55532074 24.54573250
v 52.66627502 -14.11875248 23.67419052
v 52.26817322 -14.04353714 23.02576637
v 53.35592270 -13.75972939 22.39775658
v 53.90719223 -13.65997696 22.07947922
v 54.46121216 -13.58872223 21.75961494
v 55.73428726 -13.55858994 21.40194893
v 54.84749603 -13.66638756 22.41486359
v 56.26674652 -13.71915722 22.32419968
v 55.17143250 -13.77527237 22.95657921
v 56.38608551 -13.77225685 22.53089523
v 56.50318527 -13.83103275 22.73372078
v 55.05282974 -13.93035412 23.57108307
v 54.62458420 -13.84560585 23.27230263
v 54.29645920 -13.73725891 22.73300362
v 53.74816132 -13.83647346 23.04956436
v 54.08044815 -13.94406605 23.58646011
v 53.62280655 -14.22692680 24.39670753
v 53.00678253 -14.22420025 24.20634079
v 52.23316574 -14.71659279 25.19901657
v 52.09835434 -14.66149139 25.00641823
v 51.96301651 -14.61170959 24.80895996
v 59.02246094 -20.00000000 14.92118645
v 59.02246094 -22.66666603 14.92118645
v 59.10185623 -20.00000000 14.97626209
v 59.02246094 -25.33333397 14.92118645
v 58.92979431 -25.33333397 14.89379025
v 58.83328247 -25.33333397 14.89743710
v 58.83328247 -22.66666603 14.89743710
v 58.83328247 -20.00000000 14.89743710
v 58.92979431 -22.66666603 14.89379025
v 58.92979431 -20.00000000 14.89379025
v 59.37665558 -20.00000000 15.25523376
v 59.54198074 -20.00000000 15.43537903
v 60.21349716 -20.00000000 16.27734566
v 60.80764389 -20.00000000 17.20357895
v 61.41259766 -20.00000000 18.41881561
v 61.84566879 -20.00000000 19.64923668
v 61.88406372 -20.00000000 19.79185677
v 54.62294769 -20.01139259 13.55743694
v 54.62294769 -22.67426109 13.55743694
v 54.62294769 -25.33713150 13.55743694
v 54.47294617 -25.33713150 13.51724529
v 54.47294617 -22.67426109 13.51724529
v 54.47294617 -20.01139259 13.51724529
v 61.85322952 -18.98403931 20.01798058
v 61.81440735 -19.11244774 20.07057381
v 61.74373627 -18.37181854 20.12722778
v 61.81440735 -19.85307693 20.07057381
v 61.81440735 -20.59370804 20.07057381
v 61.86496353 -19.85307693 19.99555016
v 61.86496353 -20.59370804 19.99555016
v 61.89058304 -19.85307693 19.90879440
v 61.89058304 -20.59370804 19.90879440
v 61.88973236 -20.00000000 19.81887054
v 61.88964081 -20.59370804 19.81829834
v 61.88964081 -21.33433723 19.81829834
v 61.88964081 -22.07496643 19.81829834
v 61.89058304 -22.07496643 19.90879440
v 61.89058304 -22.81559563 19.90879440
v 61.86496353 -22.81559563 19.99555016
v 61.86496353 -23.55622482 19.99555016
v 61.81440735 -23.55622482 20.07057381
v 61.81440735 -24.29685402 20.07057381
v 61.81440735 -25.03748322 20.07057381
v 61.81440735 -25.77811241 20.07057381
v 61.86496353 -25.03748322 19.99555016
v 61.86496353 -25.77811241 19.99555016
v 61.89058304 -25.03748322 19.90879440
v 61.89058304 -25.77811241 19.90879440
v 61.88964081 -25.03748322 19.81829834
v 61.88964081 -25.77811241 19.81829834
v 61.88964081 -26.51874161 19.81829834
v 61.88964081 -27.25937080 19.81829834
v 61.89058304 -27.25937080 19.90879440
v 61.88964081 -24.29685402 19.81829834
v 61.88964081 -23.55622482 19.81829834
v 61.88964081 -22.81559563 19.81829834
v 61.89058304 -23.55622482 19.90879440
v 61.86496353 -27.25937080 19.99555016
v 61.81440735 -27.25937080 20.07057381
v 61.81440735 -26.51874161 20.07057381
v 61.81440735 -22.81559563 20.07057381
v 61.86496353 -22.07496643 19.99555016
v 61.89058304 -21.33433723 19.90879440
v 61.81440735 -21.33433723 20.07057381
v 61.81440735 -22.07496643 20.07057381
v 61.86496353 -21.33433723 19.99555016
v 61.89058304 -24.29685402 19.90879440
v 61.86496353 -24.29685402 19.99555016
v 61.86496353 -26.51874161 19.99555016
v 61.89058304 -26.51874161 19.90879440
v 60.72569275 -18.68136024 24.64095879
v 60.83275604 -20.00811768 24.53275490
v 60.72294617 -18.69232941 24.64256287
v 60.83275604 -22.67207909 24.53275490
v 60.83275604 -25.33603859 24.53275490
v 60.87294769 -25.33603859 24.38275528
v 60.87294769 -22.67207909 24.38275528
v 60.87294769 -20.00811768 24.38275528
v 60.85992813 -18.00093460 24.47017860
v 39.98474884 -8.30000019 36.44256210
v 39.98474884 -11.58333302 36.44256210
v 39.87493896 -8.30000019 36.33275604
v 39.98474884 -14.86666679 36.44256210
v 39.98474884 -18.14999962 36.44256210
v 40.13474655 -18.14999962 36.48275375
v 40.13474655 -21.43333244 36.48275375
v 40.13474655 -24.71666718 36.48275375
v 39.98474884 -24.71666718 36.44256210
v 40.13474655 -11.58333302 36.48275375
v 40.13474655 -8.30000019 36.48275375
v 40.28474808 -8.30000019 36.44256210
v 40.13474655 -14.86666679 36.48275375
v 39.98474884 -21.43333244 36.44256210
v 55.06967545 -17.68750000 27.90648079
v 56.14851379 -17.30735016 27.28361320
v 57.25870132 -17.07710838 26.64264488
v 51.29084015 -18.26936340 30.08819199
v 52.57743835 -18.29688263 29.34537506
v 53.84964371 -18.09741020 28.61086655
v 43.50791550 -11.96592140 34.58166504
v 44.16796112 -13.13875961 34.20058823
v 44.91240311 -14.23489952 33.77078629
v 40.51483917 -8.30000019 36.30971909
v 42.42227554 -9.43854809 35.20846176
v 42.92711639 -10.72943592 34.91699219
v 41.63351822 -6.71783638 35.66384888
v 41.99164200 -8.09935093 35.45708466
v 45.74650574 -15.24106121 33.28921509
v 46.67552567 -16.14396858 32.75284576
v 47.70321655 -16.92815208 32.15950775
v 48.82397842 -17.56462288 31.51243401
v 50.02783585 -18.01979256 30.81738663
v 58.38467789 -17.00000000 25.99256325
v 60.31901932 -17.99722481 24.87577057
v 59.76448822 -17.45805168 25.19593048
v 59.10252762 -17.11678505 25.57811165
v 39.61765671 -30.50000000 36.32530594
v 39.68581772 -30.50000000 36.21606445
v 39.70190430 -30.50000000 36.08831024
v 39.74209595 -8.30000019 36.10266495
v 54.99003983 -30.50000000 13.67469215
v 54.92187881 -30.50000000 13.78393459
v 54.90579224 -30.50000000 13.91168785
v 42.52600479 0.00000002 36.57642365
v 42.64668274 -2.30589414 36.42975998
v 42.77328873 -3.46163893 36.34525299
v 42.95810699 -4.59913778 36.22195053
v 42.97067642 -4.58762503 36.14420319
v 43.21285629 -5.70296097 35.97639847
v 43.20038605 -5.67484713 35.78395081
v 43.51266479 -6.78589439 35.75860214
v 43.49344254 -6.75195074 35.56856537
v 43.84571838 -7.79867172 35.29568481
v 43.77056503 -7.77911615 35.11959076
v 44.17155457 -8.77449322 34.79141998
v 44.12198639 -8.77356434 34.72272110
v 44.48725128 -9.54351711 34.41019821
v 44.35005188 -9.56378365 34.28318024
v 44.75048828 -10.29754734 33.93063736
v 44.59474564 -10.35027409 33.84452438
v 45.03113937 -11.04445076 33.45016479
v 44.92344284 -11.10091972 33.41684341
v 45.39281845 -11.74728775 32.97674179
v 45.25495911 -11.85265064 32.96488953
v 45.75769424 -12.44551849 32.47514725
v 45.64682388 -12.57343483 32.49685287
v 46.18003082 -13.10366440 31.95188141
v 45.39309311 -12.53318024 32.71221924
v 46.27514267 -13.39793396 31.81998253
v 46.72417831 -13.55812263 31.35693741
v 46.72653961 -13.75413513 31.32395172
v 47.27150345 -13.93074226 30.71446037
v 47.17913818 -14.05512142 30.79647636
v 47.62865829 -14.29757118 30.23893356
v 47.81424332 -14.21551704 30.02693939
v 48.07089996 -14.47902203 29.65349388
v 48.34488678 -14.40892601 29.29917908
v 48.50191498 -14.59926319 29.04442024
v 48.85623932 -14.51081657 28.53911018
v 48.91778946 -14.65844822 28.41631126
v 49.34113693 -14.52127457 27.75488663
v 49.31461716 -14.65673447 27.77376747
v 49.68858719 -14.59440231 27.12135315
v 49.79277039 -14.44079494 26.95457649
v 50.20799255 -14.27421951 26.14538383
v 49.81386566 -14.32265091 26.98473930
v 50.22269821 -14.16524696 26.18058395
v 49.85337448 -14.21213150 27.02361107
v 50.25409698 -14.06239605 26.22239494
v 49.89224625 -14.14014149 27.05599976
v 50.28630829 -13.99456215 26.25560188
v 49.96278381 -14.04806709 27.10863113
v 50.34630966 -13.90619183 26.30769730
v 50.04791260 -13.97300053 27.16641426
v 50.42042160 -13.83167934 26.36315918
v 50.08980560 -13.94583511 27.19329834
v 50.45742798 -13.80362988 26.38850594
v 50.19132233 -13.89997292 27.25528336
v 50.54839325 -13.75309944 26.44609642
v 50.29997253 -13.87618637 27.31763649
v 50.64772034 -13.72096539 26.50310707
v 50.34537506 -13.87307835 27.34262085
v 50.68985748 -13.71342278 26.52574348
v 43.20267487 -5.71793652 36.05369186
v 43.50560760 -6.80412245 35.83516693
v 43.87372589 -7.83893538 35.48189163
v 44.25396347 -8.79549503 34.96178818
v 44.53863907 -9.54370880 34.47635269
v 44.88902283 -10.27318192 34.05158997
v 45.18377686 -10.98542500 33.53126144
v 45.49562073 -11.68588829 33.00808716
v 45.88537216 -12.33349037 32.48738480
v 46.27839279 -12.97029114 31.93463707
v 43.87077713 -7.86065149 35.55720139
v 44.29418564 -8.86517811 35.21643066
v 44.68200302 -9.63947582 34.88827133
v 45.10849762 -10.37048244 34.51074219
v 45.56853867 -11.05166531 34.08261108
v 46.05478287 -11.67592525 33.60356522
v 46.55983734 -12.23610973 33.07333374
v 47.07616806 -12.72565842 32.49237061
v 47.59553528 -13.13960457 31.86365509
v 48.10959244 -13.47332287 31.19065285
v 48.61000824 -13.72224808 30.47686577
v 49.08952332 -13.88459396 29.72753143
v 49.54232025 -13.96232224 28.95023918
v 49.96269608 -13.95766544 28.15273857
v 50.99849319 -13.48500729 25.70692253
v 51.14644241 -13.26207829 24.81072426
v 50.96500778 -13.49664116 24.63653755
v 50.75996017 -13.61653709 25.55512238
v 50.79199600 -13.58831215 25.57918739
v 50.87174988 -13.53484917 25.63324165
v 50.93272018 -13.80584145 24.48945618
v 50.59564590 -13.92987442 25.37290382
v 50.62017822 -13.83550549 25.41671371
v 50.64645004 -13.77252769 25.45034027
v 50.58589554 -14.02900505 25.33398628
v 50.36174393 -14.29944038 25.80265617
v 45.13208008 -11.97371674 32.98996353
v 44.56524658 -11.48919487 33.46685028
v 44.64210510 -11.31186008 33.43209076
v 44.18281174 -10.59556484 33.82498550
v 44.32727814 -10.49131775 33.79598236
v 43.91372681 -9.73770523 34.14049149
v 44.07653427 -9.65647697 34.15476227
v 43.70834732 -8.87198734 34.45582199
v 43.82666397 -8.83111000 34.49545288
v 43.42867661 -7.82489634 34.81122589
v 43.58963013 -7.79084492 34.91068649
v 43.24812317 -6.74462557 35.17269516
v 43.37925339 -6.73391581 35.31474304
v 42.96361923 -5.66699934 35.38053131
v 43.09281921 -5.65915632 35.52572632
v 42.86126328 -4.55374289 35.68880081
v 42.90385056 -4.55490351 35.76451492
v 42.72698593 -3.42990446 35.88535690
v 42.78378677 -3.43784547 36.07226181
v 42.66011429 -2.29187512 36.15607071
v 42.66175842 -2.30095696 36.35160446
v 42.57493591 0.00000002 36.33264542
v 43.81855011 -10.29890537 34.08977890
v 43.76010513 -9.83251762 34.17039871
v 43.53943634 -8.94454002 34.44020844
v 43.30766296 -7.85949087 34.76933670
v 43.08674240 -6.77290249 35.06942368
v 42.80199814 -5.68902969 35.27442932
v 42.73385620 -4.55962610 35.54126358
v 42.68533707 -3.42906880 35.80900192
v 42.60494232 -2.28768396 35.96845627
v 42.53546906 0.00000002 36.08687210
v 43.17610168 -8.99469090 34.58951950
v 43.37794876 -9.02956009 34.47050476
v 43.13269424 -7.92131042 34.75196457
v 42.96389771 -6.80176258 35.02547073
v 42.67776489 -5.71178865 35.22888184
v 42.57242203 -4.57639885 35.43295670
v 42.55926895 -3.43328452 35.65995407
v 42.56385422 -2.28755808 35.89174652
v 42.96319962 -7.99403429 34.78218842
v 42.64253998 -7.60097837 34.97842026
v 42.60876846 -6.91438913 35.03584671
v 42.21545792 -6.13916349 35.27029800
v 42.31417847 -5.80125570 35.23703766
v 41.89244843 -4.63063526 35.47897339
v 42.07804108 -4.66223240 35.39196396
v 41.89957809 -3.50693893 35.50639343
v 42.08590317 -3.48030424 35.47907639
v 41.77718353 -2.34226131 35.58555984
v 41.96469116 -2.32410717 35.55882263
v 41.73860168 0.00000002 35.63397598
v 41.98741531 0.00000002 35.62884521
v 41.67106247 -3.09670782 35.61822510
v 41.54595566 -1.55211508 35.69850540
v 41.50669098 0.00000000 35.72438431
v 42.15212250 -2.30863070 35.58282089
v 42.22111511 0.00000002 35.71187210
v 42.27774811 -2.29991937 35.63118744
v 42.43864059 -2.29121065 35.74184799
v 42.39810181 -3.44531846 35.55015945
v 42.41207123 0.00000002 35.87136841
v 42.78745651 -3.45338392 36.26725388
v 42.27263641 -3.45779181 35.50236130
v 42.44739151 -4.59377813 35.38608932
v 42.96345520 -4.56596375 35.95014191
v 43.13672638 -5.66059160 35.60041809
v 43.42473602 -6.73525476 35.38802338
v 43.72310638 -7.77769327 35.04833984
v 43.98637009 -8.79031849 34.59045410
v 44.19198608 -9.61039639 34.19237518
v 44.48282623 -10.40158939 33.80905914
v 44.77625275 -11.19877148 33.40464401
v 42.26210785 -4.62513638 35.36388016
v 42.49479675 -5.75279236 35.20809937
v 42.78444672 -6.85346746 35.00623322
v 44.29223633 -8.84058380 35.14287186
v 44.67543030 -9.61297321 34.81660461
v 45.09672546 -10.34256935 34.44145203
v 45.55116272 -11.02293682 34.01619720
v 46.03164291 -11.64707088 33.54052353
v 46.53102493 -12.20791054 33.01415634
v 47.04201508 -12.69896698 32.43751526
v 47.55660629 -13.11528301 31.81344032
v 48.06666946 -13.45222378 31.14523315
v 48.56410599 -13.70522022 30.43623734
v 49.04180908 -13.87234211 29.69152260
v 49.49404526 -13.95523739 28.91849518
v 49.91517258 -13.95580769 28.12472534
v 44.62760544 -9.56498623 34.64089584
v 44.94227982 -10.27227974 34.11475372
v 45.32318878 -10.95640659 33.64549637
v 45.64426041 -11.62053013 33.08411407
v 45.98261261 -12.26751900 32.51710129
v 46.39517975 -12.85268402 31.94815063
v 46.80981445 -13.42092609 31.34515762
v 45.03830338 -10.29284573 34.27233505
v 45.48149490 -10.97281837 33.85485840
v 45.95064926 -11.59805012 33.38806152
v 46.43918991 -12.16164017 32.87157059
v 46.94035721 -12.65720177 32.30566025
v 47.44662476 -13.07972431 31.69283676
v 47.95032501 -13.42449474 31.03604126
v 48.44380951 -13.68685150 30.33825111
v 48.92026138 -13.86451721 29.60417175
v 49.37400818 -13.95843601 28.84085846
v 49.79943466 -13.96977997 28.05552483
v 45.37824631 -10.95404243 33.70528412
v 45.78384781 -11.58638382 33.19122696
v 46.12625504 -12.19594574 32.58827209
v 46.48622513 -12.78265095 31.97671509
v 46.91520691 -13.29906559 31.36081314
v 47.34449005 -13.79159546 30.70902252
v 45.84046936 -11.58219624 33.24735260
v 46.32283783 -12.14989853 32.74039841
v 46.81903076 -12.65076828 32.18449020
v 47.32184982 -13.07966900 31.58184433
v 47.82395172 -13.43172741 30.93509674
v 48.31800461 -13.70212460 30.24691772
v 48.79733658 -13.88824654 29.52175140
v 49.25616837 -13.99046898 28.76643372
v 49.68878555 -14.00937748 27.98797417
v 46.26504898 -12.15626621 32.68811798
v 46.62380219 -12.70515156 32.04346085
v 46.99950027 -13.22564697 31.38873482
v 47.43819427 -13.66704655 30.72762108
v 47.87495804 -14.07652378 30.02859497
v 46.76061630 -12.65964890 32.13613510
v 47.26345825 -13.09131813 31.53738785
v 47.76632690 -13.44631767 30.89439964
v 48.26198196 -13.71973801 30.20973396
v 48.74377060 -13.90883160 29.48774910
v 49.20583725 -14.01377106 28.73523903
v 49.64237595 -14.03493786 27.95916176
v 47.12993622 -13.14273834 31.45160675
v 47.51526260 -13.59109020 30.75541496
v 47.95688629 -13.95108986 30.05087090
v 48.39398956 -14.27226448 29.30840683
v 47.63752365 -13.50353146 30.81504631
v 48.13942719 -13.78240108 30.13616943
v 48.62895203 -13.97633457 29.41923141
v 49.10000229 -14.08517456 28.67102623
v 49.54652786 -14.10896492 27.89851952
v 48.02635574 -13.87361431 30.07905769
v 48.46431351 -14.14786053 29.33490944
v 48.89468384 -14.37851906 28.55592537
v 48.52594376 -14.06999302 29.36393356
v 49.00764465 -14.17989922 28.61697578
v 49.46509552 -14.20320797 27.84530640
v 48.95386887 -14.25699615 28.58684731
v 49.37016296 -14.39521122 27.77883148
v 49.41897964 -14.27834892 27.81399536
v 50.96039581 -13.49621964 25.68608475
v 50.69662857 -13.68906403 25.50172043
v 51.93532181 -12.65597153 23.56035233
v 52.00136948 -12.51506424 22.75797081
v 51.85739136 -12.60155296 22.69620705
v 51.76155090 -12.69739246 22.64676857
v 51.63617706 -12.77804279 23.40335846
v 51.54185104 -12.87260914 23.34514236
v 51.45813751 -13.01686382 23.27626419
v 51.41505814 -13.18140697 23.21504974
v 51.62844086 -13.00826359 22.53944588
v 51.40624237 -13.32671547 23.19203377
v 51.67509842 -12.84283447 22.58934212
v 51.77908325 -12.69353104 23.47479630
v 41.61937332 -3.29999995 35.65419769
v 40.95671082 -1.73674548 36.05446243
v 41.12975693 -3.29999995 35.95280838
v 41.02229691 -2.49112868 36.01626587
v 41.06483459 -3.29999995 35.99217987
v 40.93452835 -1.65757132 36.06740952
v 40.89096451 0.00000000 36.09256363
v 46.61149216 -14.39745903 31.90871239
v 46.56180191 -14.67230988 32.30067444
v 45.73696518 -13.74830627 32.77689362
v 46.48274231 -14.91412354 32.58430481
v 45.63599014 -13.96582890 33.07317734
v 46.37509155 -15.14937687 32.80701065
v 45.50701523 -14.17745113 33.30819321
v 46.24258041 -15.37749958 32.97425461
v 45.35383224 -14.38265896 33.48737335
v 47.40950394 -15.11252213 31.44798088
v 47.38734055 -15.41179943 31.82404900
v 48.28484726 -16.04168129 31.30587196
v 48.25864792 -16.32510376 31.55898476
v 49.25479126 -16.84080505 30.98386192
v 49.23058701 -17.13318062 31.15838814
v 50.32365799 -17.50321007 30.52730370
v 50.30680466 -17.79843712 30.62777328
v 51.47995377 -17.99595451 29.95045471
v 52.66896820 -17.99615288 29.26397705
v 53.84229279 -17.79725075 28.58655739
v 54.93629837 -17.33608246 27.93635368
v 53.74658966 -17.50204468 28.55107307
v 54.75261307 -16.96938324 27.89042664
v 53.61888885 -17.19761276 28.46424866
v 53.45603943 -16.88468933 28.32028389
v 52.39781570 -17.06409836 28.93124771
v 52.21740723 -16.70082474 28.67213631
v 51.19206619 -16.70074844 29.26411629
v 50.94691467 -16.23694992 28.77228546
v 49.99095535 -16.07593536 29.32420921
v 49.72259521 -15.65415955 28.67416000
v 48.84711075 -15.35749340 29.17961884
v 49.06584167 -15.76253414 29.85832405
v 48.18777084 -15.30820847 30.36527634
v 49.20027924 -16.19868851 30.41407394
v 48.27445221 -15.71953678 30.94860268
v 49.24808121 -16.54027557 30.74975014
v 47.36439514 -14.73039150 30.84065437
v 50.62537384 -15.80623722 28.15293884
v 51.91364288 -16.23698235 28.21414375
v 53.23076630 -16.52901459 28.08707237
v 54.51221848 -16.58887863 27.75652122
v 50.23687363 -15.42934227 27.42541885
v 51.10154343 -15.42929935 26.92620087
v 51.95788193 -15.28408337 26.43179512
v 51.46623611 -14.98032379 25.64180374
v 52.78952789 -15.00082111 25.95166206
v 52.44055557 -15.65313053 27.10494232
v 53.31557083 -15.35513210 26.59976387
v 52.86972427 -16.07487488 27.66215134
v 53.79429626 -15.76003742 27.12835312
v 54.20870972 -16.19604492 27.52245712
v 49.17899323 -17.41669464 31.27891541
v 48.20242691 -16.60083771 31.75199699
v 47.33249664 -15.67510319 32.09369659
v 48.11978912 -16.86821556 31.89044762
v 47.24840927 -15.93126392 32.30279922
v 47.13874817 -16.17966080 32.45685196
v 44.56151581 -13.28434277 33.94481659
v 43.86022568 -12.09731579 34.34970856
v 43.24458313 -10.83627987 34.70515060
v 42.71067047 -9.51293564 35.01340485
v 42.25666809 -8.13469028 35.27552414
v 41.88091278 -6.70862103 35.49246597
v 42.91274643 -9.39586067 34.80599594
v 43.43827057 -10.69856548 34.50258255
v 44.04333878 -11.93782902 34.15324783
v 44.73134995 -13.10218716 33.75602341
v 44.20317459 -11.77335739 33.90041351
v 44.99610901 -12.72124958 33.20462418
v 44.87748718 -12.91433716 33.51110077
v 50.17884064 -16.53010941 29.84910202
v 50.26849747 -16.88581085 30.16061020
v 50.31203461 -17.19875526 30.37346077
v 51.32657242 -17.06398773 29.54973030
v 51.40956879 -17.38356400 29.73979950
v 51.45957947 -17.69447136 29.87147713
v 51.53767395 -15.80622959 27.62622452
v 52.52119827 -17.38370514 29.09800148
v 52.61050034 -17.69464111 29.20699501
v 56.18897247 -27.60813713 16.00192451
v 56.18897247 -21.26233482 16.00192451
v 56.53897095 -21.26233482 16.09570694
v 56.53897095 -27.60813713 16.09570694
v 61.17844391 -31.10000038 20.45359993
v 60.58179474 -31.10000038 20.79807663
v 60.51346970 -15.84906864 20.83752251
v 61.03931046 -16.60992241 20.53392792
v 61.45295334 -17.45812416 20.29511070
v 39.74209595 -3.29999995 36.10266495
v 40.51483917 -3.29999995 36.30971909
v 41.29377365 -3.29999995 35.85460663
v 41.45698166 -3.29999995 35.75506592
v 53.12951660 -12.27610111 22.53854561
v 52.34679413 -12.66363430 23.91606522
v 52.78200531 -12.79230213 24.59955788
v 53.22742462 -12.97795963 25.26958275
v 53.81773376 -13.31096649 26.11003494
v 54.39822006 -12.67248249 24.59362221
v 54.96257401 -13.01226139 25.44906044
v 54.99158096 -12.56511497 24.25104523
v 55.54278183 -12.90727329 25.11407661
v 55.58790207 -12.48841953 23.90675926
v 56.12588501 -12.83227825 24.77742386
v 56.18540192 -12.44248772 23.56179428
v 56.71013641 -12.78736401 24.44010353
v 56.69627762 -12.38060188 23.06816673
v 57.37918091 -12.84265232 24.25098991
v 57.20055008 -13.23115730 25.25020409
v 57.97774887 -13.46446609 25.28774261
v 57.63892746 -13.76216221 25.96244431
v 58.23807144 -13.82803345 25.73862839
v 58.46898270 -14.22214890 26.13858223
v 58.01064682 -14.36259270 26.55307961
v 58.66826630 -14.64301586 26.48375320
v 58.30577469 -15.01052475 27.00684357
v 58.83400345 -15.08658314 26.77081490
v 58.96459198 -15.54857635 26.99700356
v 58.51985168 -15.68242931 27.31810188
v 59.05878067 -16.02454758 27.16014099
v 58.65380096 -16.35571861 27.49045372
v 59.11565781 -16.50991440 27.25865746
v 58.20659637 -16.39009666 27.74864960
v 57.76026917 -16.44750023 28.00633621
v 57.31615829 -16.52786255 28.26274300
v 57.57465363 -15.77951908 27.86381340
v 57.10486221 -15.86452675 28.13504791
v 57.30901718 -15.11291122 27.58232117
v 56.81359863 -15.20255566 27.86835098
v 56.96416855 -14.47008610 27.15726471
v 56.44404221 -14.56420231 27.45756149
v 56.54637527 -13.87438774 26.59322929
v 56.00334549 -13.97264862 26.90674782
v 56.06725311 -13.34756851 25.90451431
v 55.50397110 -13.44949341 26.22972488
v 54.39252472 -13.73948479 26.87141800
v 54.93186569 -14.25221348 27.52536964
v 55.41774368 -14.83197784 28.05009460
v 55.83606339 -15.45760822 28.43273163
v 56.17789078 -16.10638618 28.67023468
v 56.43985367 -16.75650215 28.76867676
v 55.77654266 -12.25021172 22.87066269
v 55.95528412 -12.09607315 21.78473091
v 55.36666489 -12.11695671 22.17254257
v 54.96291351 -12.04015827 21.48003387
v 54.75666428 -12.16384983 22.52472687
v 54.34996414 -12.08727837 21.83391953
v 54.14786530 -12.24215031 22.87621689
v 53.73822403 -12.16595745 22.18710899
v 53.54208755 -12.35176468 23.22596169
v 53.96727371 -12.48305035 23.91524506
v 54.56796646 -12.37435532 23.56843376
v 55.17165756 -12.29671192 23.21989250
v 58.04678726 -15.71879578 27.59122849
v 57.80690384 -15.04887486 27.29486656
v 57.48689270 -14.40285587 26.85547066
v 57.09211349 -13.80419827 26.27814865
v 56.63334274 -13.27476120 25.57768250
v 53.63721085 -18.85816765 12.22129631
v 53.99940491 -18.36424255 12.06987858
v 54.52184296 -18.09932899 11.95006943
v 55.10506821 -17.83285332 11.92950439
v 55.27466583 -18.26317215 11.83158779
v 55.74068832 -17.57115364 12.01816654
v 55.93076706 -18.05343819 11.90842533
v 56.49014282 -17.29552460 12.25012589
v 56.70179367 -17.83253860 12.12793064
v 57.26870346 -17.04322052 12.62270355
v 57.50009537 -17.63033295 12.48910809
v 58.05329514 -16.82240295 13.12752533
v 58.30196762 -17.45336151 12.98395348
v 58.82031631 -16.63940811 13.74821663
v 59.08331299 -17.30670357 13.59637642
v 59.54794312 -16.49815178 14.46212101
v 59.82199478 -17.19349670 14.30389786
v 60.21808243 -16.39990997 15.24283600
v 60.49982071 -17.11476326 15.08017445
v 60.81763077 -16.34348297 16.06301308
v 61.10378265 -17.06953812 15.89780235
v 61.33889008 -16.32564354 16.89686394
v 61.62644196 -17.05524254 16.73084641
v 61.73998260 -16.33886337 17.64271355
v 62.02649689 -17.06583786 17.47729492
v 62.10495758 -16.38045883 18.43575478
v 62.38821793 -17.09917259 18.27221489
v 62.42184067 -16.45273209 19.26417732
v 62.69944763 -17.15709686 19.10390282
v 62.67913055 -16.55695724 20.11296082
v 62.94858170 -17.24062538 19.95739365
v 62.89265823 -16.72117996 21.11801529
v 63.14925385 -17.37223816 20.96986961
v 62.99658966 -16.92725372 22.09513283
v 63.23705673 -17.53739357 21.95629883
v 62.98482513 -17.16972160 23.01263428
v 63.20631790 -17.73171616 22.88475418
v 62.85843277 -17.44077682 23.84216499
v 63.05871582 -17.94894981 23.72653198
v 62.62546158 -17.73108101 24.56155777
v 62.80302429 -18.18161011 24.45904160
v 62.29973984 -18.03078461 25.15665054
v 62.45384598 -18.42180252 25.06767654
v 61.89895248 -18.33050728 25.62180328
v 62.02960587 -18.66201019 25.54637146
v 57.74599838 -16.21416664 13.30494404
v 58.49532318 -15.99614429 13.93585205
v 59.20928955 -15.82785034 14.65764236
v 59.86992645 -15.71080494 15.44384384
v 60.46401596 -15.64357567 16.26717186
v 60.98355484 -15.62232208 17.10201836
v 61.38592529 -15.63807297 17.84712982
v 61.75492096 -15.68762970 18.63784790
v 62.07879639 -15.77373791 19.46223450
v 62.34616470 -15.89791203 20.30519867
v 62.57557297 -16.09356880 21.30108452
v 62.69943237 -16.33909035 22.26669693
v 62.71111679 -16.62796974 23.17065811
v 62.61093903 -16.95090675 23.98505592
v 62.40604019 -17.29677963 24.68824005
v 62.10930252 -17.65385056 25.26659966
v 61.73749924 -18.01094246 25.71501732
v 59.45827866 -15.05953407 15.68150997
v 60.04591370 -14.98209572 16.50856400
v 60.56341171 -14.95761490 17.34458733
v 60.96729279 -14.97575760 18.08882713
v 60.48926544 -14.36349964 18.36481476
v 59.95903397 -13.81152153 18.67094421
v 59.38545227 -13.32812881 19.00210190
v 59.77717590 -13.40392780 19.77969933
v 59.17716980 -12.99974155 20.12611389
v 59.55251694 -13.13952160 20.92078209
v 58.94252014 -12.81897163 21.27296448
v 59.30204010 -13.02996159 22.06272697
v 58.69868851 -12.79299641 22.41106987
v 59.10206985 -13.13674736 23.30651283
v 58.52590179 -12.98036194 23.63916397
v 58.90428162 -13.42154789 24.45782661
v 58.37062073 -13.33692074 24.76593590
v 58.72388840 -13.86269951 25.47268486
v 58.77855301 -12.91929722 19.35249710
v 58.55474472 -12.67265987 20.48546982
v 58.32090759 -12.57483292 21.63185310
v 58.09366226 -12.62877750 22.76038170
v 57.95644760 -12.89005947 23.96793747
v 58.14897156 -12.58845711 19.71598434
v 57.50740814 -12.33648205 20.08639336
v 56.86405563 -12.16186142 20.45783234
v 56.22820282 -12.06102943 20.82494164
v 56.65579605 -12.15122414 21.58182716
v 57.08148956 -12.30794716 22.34742928
v 57.49568939 -12.53395176 23.10562325
v 59.00556564 -14.45046616 26.06661797
v 59.21543884 -13.94064903 25.18888855
v 59.45004272 -14.52095032 25.81000137
v 59.71279144 -14.07564068 24.90174294
v 59.89976120 -14.64301395 25.55035591
v 60.20875931 -14.27043343 24.61539650
v 60.34822845 -14.81915092 25.29143143
v 60.69546127 -14.52619171 24.33439827
v 60.78831863 -15.05041599 25.03734398
v 61.16463089 -14.84224319 24.06352234
v 61.21255875 -15.33619881 24.79240990
v 61.60804749 -15.21593475 23.80751801
v 61.61350632 -15.67410278 24.56092262
v 62.01794434 -15.64264774 23.57086182
v 61.98415375 -16.05994797 24.34693146
v 62.38748932 -16.11595917 23.35750580
v 62.31830597 -16.48793221 24.15400887
v 59.20964432 -15.07997608 26.53367996
v 59.60369873 -15.14246464 26.30617142
v 60.00240326 -15.25068283 26.07597923
v 60.40000153 -15.40683937 25.84642601
v 60.79017258 -15.61187077 25.62116241
v 61.16628647 -15.86523628 25.40401077
v 61.52175522 -16.16481018 25.19878197
v 61.85035324 -16.50688744 25.00906563
v 62.14660263 -16.88632202 24.83802605
v 59.33511734 -15.72986603 26.86827469
v 59.38555908 -16.37979507 27.07291222
v 59.67551041 -16.42577553 26.90550804
v 59.67712402 -15.78410053 26.67081833
v 60.02316284 -15.87802410 26.47103119
v 60.26143646 -16.62030411 26.56722260
v 59.96887970 -16.50540352 26.73613167
v 61.08683395 -17.17802811 26.09068108
v 60.82527924 -16.95759773 26.24168968
v 60.54852676 -16.77116966 26.40147209
v 61.03330612 -16.41140175 25.88782501
v 60.70687485 -16.19150352 26.07629204
v 61.54660416 -17.70892334 25.82523155
v 61.32862091 -17.42973137 25.95108414
v 61.62701416 -16.96829605 25.54504585
v 61.34181976 -16.67140388 25.70970345
v 62.13816071 -20.00000000 25.51361275
v 62.19807434 -19.33858109 25.44910622
v 62.12911224 -18.99982452 25.48892021
v 62.65255737 -19.21983719 24.95294952
v 62.57122040 -18.82026482 24.99991035
v 63.03197861 -19.10110092 24.32685471
v 62.93825912 -18.64071655 24.38096237
v 63.31696320 -18.98608780 23.57743073
v 63.21125412 -18.46679878 23.63846397
v 63.49192047 -18.87870216 22.71986198
v 63.37501526 -18.30441284 22.78735733
v 63.54712677 -18.78264236 21.77727890
v 63.42020416 -18.15915298 21.85055733
v 63.48011780 -18.70099831 20.77884483
v 63.34468460 -18.03569603 20.85703850
v 63.29601669 -18.63593674 19.75680351
v 63.15379715 -17.93731117 19.83891106
v 63.05739975 -18.59464645 18.89723778
v 62.91087723 -17.87487221 18.98183250
v 62.75346375 -18.56601143 18.06133842
v 62.60395432 -17.83157349 18.14765739
v 62.39594269 -18.54953384 17.26399612
v 62.24471664 -17.80665398 17.35130692
v 61.99721909 -18.54429626 16.51677895
v 61.84544754 -17.79873466 16.60440445
v 61.47275925 -18.55136299 15.68477345
v 61.32172394 -17.80942154 15.77197361
v 60.86310196 -18.57371902 14.87043381
v 60.71439743 -17.84322739 14.95628834
v 60.17536163 -18.61264038 14.09988022
v 60.03071594 -17.90208244 14.18339157
v 59.42242813 -18.66860199 13.40058804
v 59.28361511 -17.98670769 13.48073101
v 58.62261963 -18.74110222 12.79882622
v 58.49136353 -18.09633636 12.87460518
v 57.79846191 -18.82858467 12.31684589
v 57.67633057 -18.22862625 12.38735962
v 56.97470093 -18.92854309 11.97036839
v 56.86299133 -18.37977982 12.03486443
v 56.17585754 -19.03774071 11.76692009
v 56.07553482 -18.54490471 11.82484341
v 55.49335098 -19.14142036 11.70532894
v 55.40383530 -18.70168686 11.75701141
v 54.86238098 -19.24699402 11.75345898
v 54.78387070 -18.86133003 11.79878616
v 54.29248047 -19.35194588 11.90067101
v 54.22491455 -19.02003670 11.93968010
v 53.78340149 -19.41802788 12.13689423
v 62.23789215 -19.67338753 25.42611694
v 62.50162125 -20.00000000 25.17241478
v 62.69952774 -19.61475182 24.92583275
v 62.81963730 -20.00000000 24.77129173
v 63.08609772 -19.55611801 24.29560852
v 63.08914566 -20.00000000 24.31410599
v 63.30755234 -20.00000000 23.80526161
v 63.37800598 -19.49932480 23.54218864
v 63.47274780 -20.00000000 23.24965668
v 63.55942535 -19.44629669 22.68088722
v 63.58314896 -20.00000000 22.65264511
v 63.63768768 -20.00000000 22.01997566
v 63.62041473 -19.39886093 21.73496628
v 63.57762527 -20.00000000 20.67231560
v 63.55832291 -19.35854530 20.73369408
v 63.37813568 -19.32641792 19.70939064
v 63.29486847 -20.00000000 19.25846863
v 63.14200592 -19.30602837 18.84839058
v 62.80028534 -20.00000000 17.83276749
v 62.83979416 -19.29188919 18.01149559
v 62.48326492 -19.28375053 17.21357918
v 62.11288071 -20.00000000 16.45000076
v 62.08485794 -19.28116417 16.46618080
v 61.55997467 -19.28465462 15.63442135
v 61.25907135 -20.00000000 15.16330719
v 60.94897079 -19.29569435 14.82085800
v 60.27167130 -20.00000000 14.02213383
v 60.25888824 -19.31491280 14.05165768
v 59.50258255 -19.34254837 13.35431004
v 59.18862152 -20.00000000 13.07033634
v 58.69841003 -19.37834740 12.75506878
v 58.05154419 -20.00000000 12.34449100
v 57.86898422 -19.42154884 12.27612972
v 57.47636795 -20.00000000 12.07538795
v 57.03920746 -19.47090721 11.93312550
v 56.90414047 -20.00000000 11.87249088
v 56.23379135 -19.52482986 11.73347378
v 56.34037399 -20.00000000 11.73775482
v 55.79049683 -20.00000000 11.67247677
v 55.54504013 -19.57602882 11.67548656
v 55.25981140 -20.00000000 11.67728424
v 54.90771484 -19.62816048 11.72728634
v 54.75341797 -20.00000000 11.75213337
v 54.33149338 -19.67998695 11.87814522
v 54.27620316 -20.00000000 11.89630032
v 53.83275604 -20.00000000 12.10839939
v 54.67058563 -18.47673607 11.86419201
v 54.12741852 -18.68904686 11.99597073
v 61.88413239 -17.29761124 25.39660072
v 60.36824036 -16.01355362 26.27179909
v 61.34104538 -15.03283882 18.87679863
v 60.86845016 -14.42753601 19.14965248
v 60.34424210 -13.88182926 19.45230293
v 61.67318344 -15.13202190 19.69641495
v 61.21002579 -14.53880596 19.96381950
v 60.69628525 -14.00399590 20.26042747
v 60.14054489 -13.53563690 20.58128548
v 61.95247269 -15.27505112 20.53249741
v 61.50292206 -14.69926453 20.79204559
v 61.00427628 -14.18016815 21.07993889
v 60.46486282 -13.72557068 21.39137077
v 59.89411163 -13.34109306 21.72089195
v 62.20065689 -15.50041676 21.51754189
v 61.77254868 -14.95209312 21.76471138
v 61.29768753 -14.45775604 22.03887367
v 60.78400040 -14.02484131 22.33544922
v 60.24047470 -13.65870190 22.64925385
v 59.67663956 -13.36241055 22.97478485
v 62.34807968 -15.78321648 22.46954918
v 61.94687653 -15.26935577 22.70118332
v 61.50186157 -14.80608749 22.95811462
v 61.02046204 -14.40038204 23.23604965
v 60.51109695 -14.05725479 23.53013229
v 59.98270035 -13.77958488 23.83520317
v 59.44424057 -13.56810474 24.14608192
v 57.92046738 -12.42354774 20.85167122
v 57.69756699 -12.40564346 21.99173927
v 57.28442383 -12.25091076 21.21888924
v 51.17040253 -14.86118793 25.19927406
v 51.20252609 -14.87265587 25.24802780
v 61.77946854 -20.00000000 19.41702271
v 61.70611954 -20.00000000 19.18377686
v 61.41653824 -20.00000000 18.41713905
v 61.31270981 -20.00000000 18.18124390
v 58.17698288 -20.00000000 14.19618034
v 55.88584900 -14.17494106 24.12290764
v 56.96818161 -14.13420868 23.53911591
v 56.31230927 -14.53252316 24.79797363
v 57.38032913 -14.51214123 24.25297546
v 56.60766220 -14.84724712 25.25357437
v 57.72889328 -14.94403934 24.85671234
v 56.83942032 -15.14710903 25.60166550
v 58.00315094 -15.40911388 25.33173561
v 57.03745270 -15.45858860 25.88928223
v 58.18038177 -15.82813740 25.63870621
v 57.28636551 -15.97052860 26.22937775
v 58.29846191 -16.23400879 25.84323120
v 57.44650269 -16.46207237 26.41933060
v 58.36426926 -16.62515450 25.95721436
v 57.00294495 -16.51911926 26.67541885
v 56.82391357 -16.03000641 26.49637794
v 56.59346008 -16.06867599 26.62942886
v 56.31505585 -15.56091404 26.30635834
v 56.07557297 -15.60740757 26.44462395
v 55.85364914 -15.29962349 26.17079926
v 54.88352585 -15.55274200 26.73089981
v 54.60614014 -15.26234436 26.40915298
v 54.11943054 -15.42940712 26.69015694
v 53.76453400 -15.12861347 26.26893044
v 56.56158447 -16.59898376 26.93023872
v 56.78190613 -16.55620956 26.80303574
v 55.69071579 -16.82620430 27.43303490
v 55.45578003 -16.35017395 27.28626823
v 56.36375046 -16.11327362 26.76205063
v 55.12895966 -15.85439205 26.99114990
v 55.26375961 -16.97275734 27.67953682
v 55.01063538 -16.50296974 27.54327202
v 54.66487122 -16.01369095 27.25909042
v 54.40791321 -15.71599674 27.00549507
v 53.27042770 -14.78685856 25.63292122
v 54.82551575 -14.33899212 24.73509026
v 53.78201675 -14.61125565 25.33755684
v 54.26289368 -14.95755196 25.98120308
v 55.08951187 -14.28773975 24.58267403
v 55.35436249 -14.24329853 24.42976189
v 56.55531693 -15.52059841 26.16764259
v 56.34530640 -15.21065903 25.88694000
v 56.10202408 -14.91228008 25.54550362
v 55.79457092 -14.59911156 25.09688950
v 56.09907913 -15.25197506 26.02910042
v 55.85005188 -14.95456028 25.69098091
v 55.53656769 -14.64240360 25.24584579
v 55.27940369 -14.69233036 25.39432144
v 55.59889221 -15.00332069 25.83598709
v 36.83477402 -31.10000038 35.44493866
v 37.19842529 -31.10000038 35.91390991
v 37.67467880 -31.10000038 36.26797104
v 38.22853088 -31.10000038 36.48109436
v 61.58396912 -31.10000038 21.15598679
v 61.78442383 -31.10000038 22.88109207
v 61.87678146 -31.10000038 22.29487991
v 61.80828476 -31.10000038 21.70540237
v 53.39974213 -20.00000000 12.35839939
v 59.51997757 -19.43563843 15.44808292
v 60.02834702 -19.42391777 16.06876755
v 60.69960022 -18.73330879 17.26595879
v 59.95811462 -18.83338165 16.10931587
v 59.45117188 -18.85711861 15.48780727
v 59.33201218 -18.27177429 15.55660248
v 59.16007233 -17.68805504 15.65587330
v 58.93431473 -17.11524200 15.78621483
v 59.66096878 -17.64003754 16.28087425
v 59.43052292 -17.05532837 16.41392136
v 60.37962341 -17.51529694 17.45069885
v 59.86000443 -16.39277077 17.75070000
v 59.83648300 -18.23587990 16.17954063
v 59.16071701 -15.40886784 18.15443420
v 58.80904388 -15.95897484 16.77273178
v 59.14575195 -16.49167824 16.57833481
v 58.65533829 -16.56306076 15.94728184
v 58.30863190 -14.60139942 18.64638519
v 57.99809647 -15.02257347 17.24093246
v 58.42456436 -15.46653175 16.99471092
v 57.94882584 -15.55877304 16.35518837
v 58.32548141 -16.04119682 16.13772392
v 57.33649445 -14.00139618 19.20764923
v 57.04862595 -14.30495167 17.78911018
v 57.53676224 -14.63377762 17.50728416
v 57.07908630 -14.74296284 16.85733223
v 57.53103256 -15.12384701 16.59639931
v 56.54225540 -14.03885555 18.08146477
v 56.28166580 -13.63191605 19.81665421
v 55.50878906 -13.69574261 18.67813683
v 55.09237289 -13.82401276 18.00436020
v 56.10481262 -14.16014576 17.41982841
v 56.60088348 -14.42082787 17.13342285
v 61.14667130 -19.41876793 17.89161301
v 61.45760345 -19.42564392 18.58258820
v 61.68411636 -19.43563843 19.19648170
v 61.74301529 -18.79649353 19.70850372
v 61.65580750 -19.14771843 19.21282387
v 61.42879486 -19.13262558 18.59922028
v 61.38758087 -18.83687782 18.62301636
v 61.07580948 -18.82295418 17.93252563
v 60.95309067 -18.22011185 18.00337791
v 60.77600861 -17.61894417 18.10561562
v 60.54350281 -17.02900887 18.23985291
v 61.09132385 -17.64711189 18.79405785
v 60.86156845 -17.06415558 18.92670822
v 61.32421112 -17.68805504 19.40427208
v 61.09845352 -17.11524200 19.53461266
v 61.43899536 -17.63923836 19.88402939
v 60.94529724 -16.57270622 20.16906548
v 61.49615097 -18.27177429 19.30500031
v 61.61531067 -18.85711861 19.23620605
v 60.28089142 -15.63788128 20.55266190
v 60.48962021 -16.04119682 19.88612366
v 60.81947708 -16.56306076 19.69568062
v 60.57765198 -16.50219345 19.09062767
v 60.25618744 -16.46031952 18.40573502
v 59.47130966 -14.87069130 21.02007294
v 59.69517136 -15.12384701 20.34479713
v 60.11296463 -15.55877304 20.10358620
v 59.85862732 -15.48012066 19.50575638
v 60.24195480 -15.97108746 19.28444290
v 59.52855301 -15.42601013 18.82583427
v 59.91646957 -15.92285442 18.60187149
v 58.54766464 -14.30061722 21.55333900
v 58.76502228 -14.42082787 20.88182068
v 59.24322510 -14.74296284 20.60573006
v 58.97348404 -14.64986229 20.01679420
v 59.43343735 -15.03749275 19.75123978
v 58.63281631 -14.58581257 19.34298897
v 59.09827423 -14.97808361 19.07425690
v 58.26895142 -14.16014576 21.16822624
v 57.54545212 -13.94956779 22.13196754
v 57.25651169 -13.82401276 21.75275803
v 56.95158768 -13.71463871 21.18413544
v 56.58671570 -13.63939285 20.52430534
v 57.62941742 -13.98557377 19.92230034
v 58.14031601 -14.25404835 19.62733269
v 61.26631165 -18.24116898 18.69302940
v 61.11751938 -19.12224197 17.90844536
v 58.48681259 -14.32202244 20.29777336
v 57.98195648 -14.05672359 20.58925247
v 59.58754349 -14.94614506 21.46778297
v 59.12782288 -14.63646030 21.73320389
v 59.28098679 -14.76932716 22.13588715
v 59.41619110 -14.91692734 22.52270699
v 59.53319550 -15.07738304 22.89129066
v 59.61876678 -15.22365379 23.19076729
v 59.09550095 -14.84737778 23.14399338
v 59.19408035 -15.00048351 23.43596077
v 58.20220566 -14.55080128 23.65973854
v 58.32732773 -14.71271992 23.93637848
v 58.44060516 -14.88224983 24.19532394
v 58.60183334 -15.17826843 24.58413506
v 58.72660446 -15.48575687 24.91404915
v 58.84791946 -15.95047092 25.29617119
v 58.89752960 -16.39841080 25.54788017
v 58.89333725 -16.73038673 25.66348457
v 59.42932892 -16.90833855 25.35402870
v 59.69195175 -17.04634476 25.20240211
v 59.94511414 -17.21688652 25.05623817
v 59.77723312 -16.74644852 25.03998375
v 60.05609894 -16.93430519 24.87897873
v 59.83703232 -16.34179497 24.72510529
v 60.15058517 -16.55301666 24.54407501
v 59.82922363 -15.92198944 24.27745056
v 60.17876053 -16.15744781 24.07564735
v 59.77956009 -15.64421463 23.90417480
v 60.15290070 -15.89571285 23.68862534
v 59.69063568 -15.37680244 23.47361946
v 60.08689880 -15.64373970 23.24483490
v 60.02815628 -15.49943447 22.95440483
v 60.50910568 -16.43585014 23.88492203
v 60.44692612 -16.80275726 24.37298584
v 60.72086716 -17.08793449 24.21482468
v 60.56329727 -17.41005325 24.58614731
v 60.78294754 -17.69138336 24.45933342
v 60.60496521 -17.90418053 24.67527390
v 60.77959442 -18.18045998 24.57445145
v 60.18437958 -17.41852951 24.91809845
v 60.40556335 -17.64878273 24.79039955
v 58.04182053 -14.37318230 23.31620216
v 57.86670303 -14.20979309 22.95242119
v 57.67761993 -14.06271267 22.57048035
v 58.81590271 -14.52492905 22.40440178
v 58.65092850 -14.38585377 22.00853920
v 60.31966019 -17.15642166 24.72681236
v 59.48794174 -16.59442902 25.20700455
v 59.51176453 -16.17086792 24.91289902
v 59.46662903 -15.73144722 24.48679543
v 59.39226532 -15.44069481 24.12777901
v 59.27956390 -15.16078758 23.71095085
v 58.96423340 -14.67942524 22.78364563
v 42.34084702 6.92384768 36.96488571
v 42.37722778 6.94167376 36.95666885
v 42.32075500 7.01686382 36.98479462
v 42.31816483 7.13278627 36.99875259
v 42.29281235 7.10993290 37.00793076
v 42.25538635 7.20397854 37.03469086
v 42.20866013 7.29765654 37.06383896
v 42.20670700 7.30000019 37.06496811
v 42.41207123 6.95996380 36.94393158
v 42.43368530 7.00392437 36.93392563
v 42.44712830 6.97781181 36.92616272
v 42.31613922 6.38055182 36.91674805
v 42.44492340 6.71937275 36.91495895
v 42.40387344 6.37569141 36.91048050
v 42.48657608 6.37260485 36.88582230
v 42.56206512 6.36981297 36.84397125
v 42.54085541 6.68058872 36.86603546
v 42.27586746 0.94277805 36.87498856
v 42.40621567 1.15441787 36.78159332
v 42.43732452 2.45493698 36.79028320
v 42.32725525 3.03214312 36.88037872
v 42.48215485 3.75628948 36.80325699
v 42.36917877 4.06955004 36.88504410
v 42.53031540 5.06034994 36.82135773
v 42.24460602 4.78472471 36.91424942
v 42.16630554 3.19075394 36.91151428
v 42.11253357 1.59579670 36.90963745
v 40.66363525 5.55215979 36.85903931
v 40.23176956 5.51891232 36.84395981
v 39.79927444 5.54225540 36.82885742
v 39.37531662 5.62711430 36.81405258
v 38.64946747 5.88189459 36.78870392
v 38.05690002 6.19468784 36.76800919
v 41.08514023 5.64815378 36.87376022
v 41.14487076 5.66784668 36.87584686
v 41.20405579 5.68912411 36.87791061
v 41.26265717 5.71197081 36.87995911
v 41.85949707 6.01463938 36.90079880
v 42.25278091 6.79262304 36.96452713
v 42.04578781 6.60297680 36.97005463
v 41.77801132 6.43021536 36.97746658
v 41.92456436 6.72261810 37.04623413
v 41.66664886 6.57981777 37.07445145
v 41.86810684 6.77791166 37.09585571
v 41.61576462 6.64741468 37.13690186
v 41.46233749 6.66497660 37.23202896
v 41.31032181 6.53220034 37.18701553
v 40.92380524 6.50598526 37.35289383
v 41.01672745 6.29903221 37.09779358
v 42.28167343 7.08563137 37.00803757
v 42.21712112 7.10667753 37.03974915
v 42.12390137 6.87957048 37.02476501
v 42.06299210 6.92040825 37.06441116
v 42.18521881 7.18557787 37.06979370
v 42.12103271 7.07265902 37.08419800
v 41.86850357 6.85722399 37.14087296
v 41.13424301 6.02366400 36.93378067
v 41.45420837 6.27897549 36.98675919
v 41.35471725 6.45504379 37.10914230
v 38.22296524 6.92565060 37.01621246
v 38.73928452 7.14050388 37.37497711
v 38.20170975 6.99634790 37.00837326
v 39.02487946 7.29547358 37.53975677
v 39.03337860 7.30000019 37.54421616
v 38.25196457 6.85738850 37.01292419
v 38.28770828 6.79391289 36.99860764
v 37.79529190 6.19468784 36.65818787
v 37.87269974 6.19468784 36.71571732
v 37.81534576 6.44841576 36.67753601
v 37.92073059 6.46735859 36.75136948
v 37.88429642 6.68549538 36.74108124
v 37.94973755 6.59646511 36.78053284
v 38.01415634 6.88031673 36.85540390
v 38.10859680 6.83764458 36.91852951
v 38.20605087 6.77224398 36.94545746
v 37.96162415 6.19468784 36.75304794
v 38.03866196 6.39769030 36.77972412
v 38.06106949 6.58440018 36.82099915
v 38.14025879 6.72893524 36.89648056
v 37.91603088 -3.09734392 36.73707581
v 37.91603088 -0.00000000 36.73707581
v 37.91603088 3.09734392 36.73707581
v 37.43196487 -9.33333302 36.27819824
v 37.43196487 9.33333302 36.27819824
v 37.43196487 28.00000000 36.27819824
v 38.17341995 28.00000000 36.98615646
v 38.17341995 9.33333302 36.98615646
v 39.03337860 28.00000000 37.54421616
v 36.83477402 28.00000000 35.44493866
v 38.17341995 -9.33333302 36.98615646
v 39.38499069 7.30000019 37.72829437
v 39.41005707 6.97571707 37.68041992
v 39.48254013 6.68648291 37.54196930
v 38.86183548 6.61057043 37.14326859
v 39.59461212 6.46355724 37.32790375
v 40.80736542 6.47407675 37.36436462
v 40.88375473 6.26117611 37.10082626
v 40.95830917 6.26487255 37.08720016
v 41.00418472 6.14572382 37.00277710
v 41.12461472 5.82270193 36.88702011
v 40.98022461 5.97433615 36.93043900
v 38.64175415 6.44415188 36.92781067
v 39.06429291 6.32781172 36.98257828
v 38.59501266 6.34632921 36.87020874
v 39.02443314 6.21560860 36.90946960
v 38.47413635 6.09818506 36.79018784
v 38.91769028 5.92384911 36.80796051
v 39.46697998 5.95821333 36.87837219
v 39.54318237 6.24886370 37.05692673
v 39.88936234 6.42112780 37.36690903
v 40.02615738 6.17453384 37.07814407
v 40.20298767 6.40945625 37.38841629
v 40.21615601 6.17150831 37.08615494
v 40.51547241 6.42607975 37.38504028
v 40.71247482 6.21035814 37.09074783
v 40.74306107 6.08472681 37.00122070
v 40.82260132 5.74056721 36.87712479
v 40.22954178 5.68014383 36.85712433
v 40.00408173 5.68503141 36.84917831
v 40.22091675 6.04094219 36.99084473
v 40.02147293 6.04436922 36.98303223
v 39.95403290 6.63138008 37.65415955
v 40.42936707 6.63138008 37.66293716
v 40.90798950 6.69649315 37.57515335
v 40.45516968 6.94195271 37.85127640
v 39.92129517 6.94195271 37.84141922
v 39.90987778 7.30000019 37.90672684
v 40.97287750 6.98169041 37.71109009
v 40.46416855 7.30000019 37.91696167
v 40.99528503 7.30000019 37.75802994
v 41.02922440 6.72583008 37.53548431
v 41.09666061 6.99894857 37.65228653
v 41.03737259 7.30000019 37.73725891
v 41.07890701 7.30000019 37.71539688
v 41.11985779 7.30000019 37.69246292
v 42.88106918 6.87956953 36.62137604
v 42.92125702 5.23338699 36.44656754
v 42.61240005 3.50771379 36.65058899
v 42.48113632 2.33388996 36.73484802
v 43.25352478 6.74200439 36.24641800
v 43.37268829 6.90729570 36.13272858
v 43.74877930 8.49336338 35.96048355
v 43.97228241 8.49886417 35.68950272
v 44.25323486 9.88599491 35.66923523
v 44.32827377 9.25264359 35.41248703
v 44.54530334 9.66741657 35.23926544
v 44.72002792 9.96988869 35.09343719
v 45.11914444 10.94848251 34.90795898
v 45.14577866 10.64606667 34.72943497
v 45.60075760 11.27673149 34.32013702
v 46.07900620 11.85553551 33.86547089
v 45.97590637 11.85592175 34.05477905
v 45.77798843 12.14342022 34.52757263
v 45.52536774 12.44116306 34.93476868
v 44.84423065 11.20595646 35.32802582
v 45.22019577 12.74588108 35.27088165
v 44.51625061 11.46945858 35.67730331
v 44.20213699 11.86488342 35.91290665
v 43.67046738 10.72062016 36.21986771
v 46.69456863 12.91304684 33.63985825
v 46.57456970 12.37612724 33.36537552
v 46.80930328 12.60103321 33.12215424
v 47.08066940 12.83269119 32.82029343
v 47.41771317 13.33684635 32.77088928
v 47.58943939 13.22117138 32.23217392
v 48.07447433 13.99492645 32.39170837
v 48.07843399 13.64389706 31.84926796
v 48.77844238 14.56511021 31.98527145
v 48.74834061 14.18630123 31.46249580
v 49.52822495 15.03634739 31.55238342
v 49.45859909 14.63265228 31.05242920
v 50.11899948 15.31830502 31.21129990
v 50.01604462 14.89879036 30.73058891
v 50.72943878 15.53438187 30.85886383
v 50.59053802 15.10219479 30.39890289
v 51.35421371 15.68057156 30.49814796
v 51.17745590 15.23948288 30.06004715
v 51.98801041 15.75286484 30.13222694
v 51.77216339 15.30727291 29.71669197
v 52.62528992 15.74836063 29.76429367
v 52.36985397 15.30311680 29.37161636
v 53.25968552 15.66857910 29.39802361
v 52.96503830 15.22829533 29.02798653
v 53.88462448 15.51614285 29.03721619
v 53.55204391 15.08502293 28.68907738
v 54.08471298 14.83247280 28.31996346
v 53.19059753 14.68750572 28.27315903
v 53.46817017 14.26469231 27.67358398
v 52.80373383 14.32863903 27.79275894
v 52.80887604 13.78845501 26.88519478
v 52.37401199 13.99622059 27.22413445
v 51.92732239 13.71409512 26.59955215
v 51.46092987 13.82818699 26.86882401
v 51.46960068 13.48585033 25.92742729
v 50.93011856 13.68445206 26.49054146
v 51.43323517 13.15877247 24.96996880
v 48.09298325 13.53758717 31.60370255
v 48.58319092 13.77875423 30.93855095
v 48.66580963 13.83701229 30.88554764
v 49.33961868 14.26041412 30.49652290
v 49.86632538 14.51196480 30.19242859
v 50.40767670 14.70368195 29.87987900
v 50.95968246 14.83276176 29.56117821
v 51.51834869 14.89640141 29.23863411
v 52.07953644 14.89256763 28.91463089
v 52.63856506 14.82232380 28.59187508
v 49.05324554 13.94334698 30.24086952
v 49.49756622 14.03200150 29.51657867
v 49.67061234 14.16273403 29.60166740
v 49.91035843 14.04666042 28.77293396
v 50.18203735 14.34389877 29.30639648
v 50.28802872 13.99086094 28.01699638
v 50.39293289 14.12542439 28.36791039
v 50.70251846 14.46556759 29.00589561
v 50.88891602 14.18184662 28.08155632
v 50.62817001 13.86824989 27.25464439
v 50.99042511 13.88719845 27.14047050
v 52.12446213 13.41649914 25.97588348
v 54.64201355 15.47661209 28.80704689
v 54.18523788 15.97539234 29.31511879
v 53.51989746 16.13758850 29.69925499
v 52.84372711 16.22265625 30.08964157
v 52.16427612 16.22752953 30.48192215
v 51.48884201 16.15043831 30.87188530
v 50.82373428 15.99476719 31.25588417
v 50.17501068 15.76519108 31.63042450
v 49.54873276 15.46638298 31.99200821
v 48.75684738 14.96863461 32.44920349
v 48.01659393 14.36885929 32.87658691
v 47.32893753 13.67979717 33.27360535
v 55.12516785 16.17988205 29.12180710
v 54.45079041 16.45729828 29.52032852
v 53.74304962 16.62973976 29.92894173
v 53.02304840 16.72035408 30.34463692
v 52.29934692 16.72561836 30.76246643
v 51.58021927 16.64349556 31.17765427
v 50.87278748 16.47787476 31.58608818
v 50.18388748 16.23413086 31.98382568
v 49.52035141 15.91763878 32.36692047
v 48.68428040 15.39206982 32.84962463
v 47.90595245 14.76124096 33.29899216
v 47.18587875 14.03966713 33.71472931
v 46.52426910 13.24045181 34.09671021
v 54.67818451 16.95638466 29.65038872
v 55.52125168 16.92347336 29.25582695
v 54.86432266 17.46717834 29.70284271
v 55.81967545 17.68750000 29.20552063
v 54.69243240 18.07224655 29.85633278
v 54.06772995 17.66112137 30.16275597
v 53.51957703 18.27982712 30.53348160
v 53.25588608 17.76338768 30.63147354
v 52.33167267 18.29726219 31.21931839
v 52.43946075 17.76948547 31.10283661
v 51.62876511 17.67681885 31.57089233
v 51.62723160 17.15415192 31.41185570
v 50.87596512 16.97822380 31.84560013
v 51.15791321 18.11867142 31.89698792
v 50.83262253 17.49034119 32.03054428
v 50.14544678 16.71980476 32.26736450
v 50.02330780 17.75976562 32.55205536
v 50.05950165 17.21689987 32.47690582
v 49.44331360 16.38499641 32.67274094
v 49.31785583 16.86333656 32.90509415
v 48.95204163 17.24033165 33.17054749
v 48.38917542 16.27945328 33.44127274
v 47.96141815 16.58079910 33.74248505
v 47.53104782 15.58353519 33.93671036
v 47.05267715 15.80307674 34.26714706
v 46.74303055 14.79381752 34.39167023
v 46.22478485 14.92923164 34.74513245
v 46.02434158 13.92655373 34.80660629
v 45.47591019 13.97634315 35.17749405
v 44.80282593 12.95250893 35.56610107
v 43.90770721 10.10968685 36.02864838
v 43.20442963 9.52687359 36.48893356
v 43.38975906 8.67896748 36.32768250
v 42.80069351 8.29077053 36.72203064
v 42.45741272 7.01864719 36.92022705
v 46.30024719 13.57952690 34.48739243
v 46.99006653 14.41236973 34.08912659
v 47.74371719 15.16761780 33.65400314
v 48.56147766 15.83061123 33.18186951
v 51.22864151 14.52546024 28.70213890
v 51.75688171 14.52192307 28.39715767
v 51.38663483 14.17858601 27.79419708
v 52.28327179 14.45581818 28.09324646
v 51.88279724 14.11631966 27.50773811
v 52.39161301 17.24148750 30.97054100
v 53.16114044 17.23581314 30.52625465
v 53.92653275 17.13944626 30.08435440
v 36.58934402 28.00000000 34.80557251
v 37.02590179 28.00000000 34.39807510
v 38.22853088 28.00000000 36.48109436
v 38.65851974 28.00000000 36.53823471
v 39.09133530 28.00000000 36.50946426
v 39.50997925 28.00000000 36.39591599
v 39.38499069 28.00000000 37.72829437
v 39.98474884 28.00000000 36.44256210
v 40.13474655 28.00000000 36.48275375
v 39.95621490 28.00000000 37.91420364
v 40.55680084 28.00000000 37.90179825
v 41.11985779 28.00000000 37.69246292
v 61.73275375 28.00000000 25.79160118
v 60.83275604 28.00000000 24.53275490
v 62.13816071 28.00000000 25.51361275
v 62.50162125 28.00000000 25.17241478
v 62.81963730 28.00000000 24.77129173
v 61.37759399 28.00000000 23.64248848
v 61.06993484 28.00000000 23.94826889
v 60.87294769 28.00000000 24.38275528
v 60.95494843 28.00000000 24.00621796
v 60.83275604 28.00000000 24.23275566
v 60.82625961 28.00000000 24.01062393
v 60.70758057 28.00000000 23.96067810
v 63.08914566 28.00000000 24.31410599
v 61.61891556 28.00000000 23.28204536
v 63.30755234 28.00000000 23.80526161
v 61.78442383 28.00000000 22.88109207
v 63.47274780 28.00000000 23.24965668
v 63.58314896 28.00000000 22.65264511
v 63.63768768 28.00000000 22.01997566
v 61.74373627 28.00000000 20.12722778
v 60.58179474 28.00000000 20.79807663
v 63.57762527 28.00000000 20.67231560
v 61.81893921 28.00000000 20.06554794
v 61.87041473 28.00000000 19.98319817
v 61.89271545 28.00000000 19.88863182
v 63.29486847 28.00000000 19.25846863
v 61.88406372 28.00000000 19.79185677
v 61.50294876 28.00000000 18.63833809
v 62.80028534 28.00000000 17.83276749
v 60.97024155 28.00000000 17.49643326
v 62.11288071 28.00000000 16.45000076
v 60.30892563 28.00000000 16.41312027
v 61.25907135 28.00000000 15.16330719
v 59.54198074 28.00000000 15.43537903
v 60.27167130 28.00000000 14.02213383
v 59.32412720 28.00000000 15.19999695
v 59.10185623 28.00000000 14.97626209
v 59.02246094 28.00000000 14.92118645
v 59.18862152 28.00000000 13.07033634
v 58.92979431 28.00000000 14.89379025
v 58.83328247 28.00000000 14.89743710
v 58.74279785 28.00000000 14.93161678
v 58.05154419 28.00000000 12.34449100
v 56.37916183 28.00000000 13.51890755
v 57.47636795 28.00000000 12.07538795
v 56.90414047 28.00000000 11.87249088
v 56.34037399 28.00000000 11.73775482
v 55.94917297 28.00000000 13.46176624
v 55.79049683 28.00000000 11.67247677
v 55.51636124 28.00000000 13.49053478
v 55.25981140 28.00000000 11.67728424
v 54.75341797 28.00000000 11.75213337
v 54.27620316 28.00000000 11.89630032
v 54.47294617 28.00000000 13.51724529
v 54.62294769 28.00000000 13.55743694
v 55.09771729 28.00000000 13.60408497
v 54.99003983 28.00000000 13.67469215
v 54.73275375 28.00000000 13.66724491
v 54.92187881 28.00000000 13.78393459
v 54.90579224 28.00000000 13.91168785
v 54.94474411 28.00000000 14.03441811
v 53.83275604 28.00000000 12.10839939
v 54.32294846 28.00000000 13.55743694
v 53.39974213 28.00000000 12.35839939
v 52.90569687 28.00000000 12.78389168
v 52.60169601 28.00000000 13.36070156
v 52.52994156 28.00000000 14.00875759
v 52.78276825 28.00000000 14.44666100
v 57.58179474 28.00000000 15.60192394
v 60.62076569 28.00000000 23.86558151
v 39.61765671 28.00000000 36.32530594
v 39.87493896 28.00000000 36.33275604
v 39.68581772 28.00000000 36.21606445
v 39.70190430 28.00000000 36.08831024
v 39.66295242 28.00000000 35.96558380
v 37.71872330 28.00000000 33.99807739
v 36.73075485 28.00000000 33.46013641
v 36.55350113 28.00000000 34.12165451
v 37.10375595 28.00000000 32.88576889
v 38.06872177 28.00000000 33.90429306
v 37.63598633 28.00000000 32.45477295
v 38.41872406 28.00000000 33.99807739
v 38.67494202 28.00000000 34.25429535
v 57.45918274 13.40215302 15.34114838
v 57.58923340 13.57765293 15.14834404
v 58.89693069 13.93835354 16.43754768
v 58.52966690 13.92110538 15.90372753
v 58.98829651 14.08068752 16.30820274
v 59.03110123 14.25067902 16.14011574
v 59.45138931 14.26134777 16.70660019
v 60.34592819 14.67325592 17.45208549
v 60.34539413 14.67187023 17.45361710
v 60.35167694 14.67562962 17.45779991
v 60.35742569 14.67800808 17.46351433
v 57.68896866 13.79101944 14.97698307
v 57.75517654 14.03518963 14.83262825
v 60.35117722 14.67433262 17.45924568
v 60.34492874 14.67066383 17.45497513
v 57.41850281 13.96962357 14.49693489
v 57.38568878 13.63930130 14.76159477
v 57.13000488 13.54600239 14.49862194
v 57.01499176 13.25734806 14.79020977
v 56.85275269 13.39099598 14.22882938
v 56.59578323 12.95727921 14.30809975
v 56.60670471 13.10313606 14.09318542
v 56.58350754 13.26841164 13.89386749
v 56.79607391 13.67223644 13.94386673
v 57.09604645 13.84725571 14.20253277
v 56.52827072 13.44826984 13.71423721
v 55.81577301 11.78970432 13.04452515
v 55.80812454 11.79259396 13.03046131
v 55.94136810 11.95893955 13.30395317
v 55.85178375 11.92046738 13.10806847
v 55.99321747 12.32413960 13.32202435
v 55.80640411 12.10215855 13.01905346
v 55.85819626 12.37992382 13.07908344
v 55.80032730 11.79548359 13.01647758
v 55.79238892 11.79837418 13.00257492
v 56.05288696 12.87088871 13.27622604
v 56.17685699 12.68146896 13.54553509
v 56.18397141 12.42963696 13.76217747
v 56.39617157 12.97776985 13.78357887
v 56.37380981 12.71190929 14.03208351
v 56.35145569 13.27612495 13.55220127
v 56.02206421 12.12089825 13.47440910
v 55.79188538 11.78943443 13.00171280
v 55.79700089 11.78736877 13.01063919
v 55.79101562 11.78054810 13.00020409
v 55.79489136 11.77962971 13.00695610
v 55.79459000 11.77917290 13.00643349
v 55.79836273 11.77771187 13.01307201
v 55.79335022 11.77466297 13.00428295
v 55.80205536 11.78530216 13.01959991
v 55.80276489 11.78049564 13.02090263
v 55.80704880 11.78323650 13.02859497
v 55.79118347 11.77334976 13.00050354
v 55.79052734 11.77293682 12.99936104
v 55.79034805 11.77281475 12.99905109
v 55.79030228 11.77277851 12.99897099
v 55.79028702 11.77275848 12.99894333
v 55.79029083 11.77276611 12.99895096
v 55.80320740 11.79219246 13.02161694
v 55.80279160 11.79147053 13.02087784
v 55.80051041 11.78777790 13.01684284
v 57.05075073 14.22344112 13.94656277
v 56.70847702 14.14495468 13.62313652
v 56.13815308 13.17260551 13.31825638
v 56.05628586 13.49538898 13.15479946
v 55.46083069 13.28814507 12.58720779
v 55.79028702 11.79134083 12.99894333
v 55.01447296 14.67912483 12.28797436
v 55.60628891 14.74147606 12.59562302
v 55.85352325 14.13069916 12.85324860
v 55.96102524 13.81542587 12.99921894
v 56.33081436 14.95639229 13.01320171
v 56.47140121 14.68924904 13.20335579
v 56.85693359 15.71529198 13.06494141
v 57.04575348 15.48777485 13.28906536
v 57.81452179 16.13159561 13.39813805
v 57.22078705 15.25596619 13.53187180
v 58.36494827 15.61182213 14.14419174
v 57.37972641 15.02177620 13.79092216
v 57.66759109 14.94932461 14.09045219
v 54.48503494 15.95510197 12.13662434
v 55.01417160 15.87950993 12.23657417
v 55.32344437 15.32455063 12.38850880
v 56.01410675 15.47286987 12.68134212
v 53.92938995 17.14298058 12.15835857
v 54.41406631 16.82557678 12.10987854
v 54.68920135 16.40658760 12.14261532
v 55.28391647 16.42425919 12.22900772
v 55.66083908 15.96287060 12.41866875
v 56.44673157 16.15180779 12.67972565
v 53.39974213 18.34168816 12.35839939
v 53.41099930 18.32402802 12.35195160
v 53.61147690 18.01499748 12.25310040
v 54.14009094 17.23032761 12.11791992
v 53.64767075 18.10823631 12.23471928
v 54.25650024 17.51173401 12.07982635
v 53.68173218 18.19737816 12.21593189
v 54.36535645 17.77988434 12.03090096
v 53.97529602 18.21706963 12.09273434
v 54.55060959 18.01658249 11.95857525
v 53.40838242 18.34068298 12.35342503
v 53.41503525 18.33451271 12.34962940
v 53.41700745 18.33963776 12.34848785
v 54.72513580 17.54125023 12.01421356
v 55.16800308 17.75897598 11.94493771
v 55.09614182 17.28108215 12.05168533
v 55.82672882 17.43892288 12.07028103
v 55.55156326 16.93735695 12.17325020
v 56.00644684 16.56019592 12.38187313
v 56.50769806 17.05733871 12.34976959
v 57.18190002 16.61926460 12.79263592
v 53.41306305 18.32938766 12.35076618
v 56.59787369 14.41809559 13.40741253
v 54.57384872 17.19255257 12.07211399
v 54.89631271 16.85577774 12.11300850
v 59.83346939 14.73804760 16.56800652
v 58.84509659 14.37668991 15.77969837
v 59.31533432 14.91592979 15.70156193
v 57.88056183 14.13532925 14.89918709
v 58.32520294 14.69373322 14.91066074
v 58.82012558 15.20830441 14.88626194
v 56.02474213 0.00000000 13.87394333
v 55.90657043 0.00000000 13.24177074
v 55.56800842 0.00000000 12.69497681
v 55.05478287 -14.00000000 12.30740833
v 55.05478287 0.00000000 12.30740833
v 54.43621063 -14.00000000 12.13140869
v 54.43621063 0.00000000 12.13140869
v 54.43621063 14.00000000 12.13140869
v 53.79583359 14.00000000 12.19074917
v 53.22013092 14.00000000 12.47741318
v 53.39974213 20.00000000 12.35839939
v 53.79583359 -14.00000000 12.19074917
v 53.79583359 0.00000000 12.19074917
v 53.22013092 0.00000000 12.47741318
v 52.78686142 14.00000000 12.95268726
v 52.55453873 14.00000000 13.55238247
v 52.52994156 16.30249596 14.00875759
v 52.52993011 16.29039001 14.00888538
v 52.52994156 12.77901459 14.00875759
v 52.55453873 0.00000000 13.55238247
v 52.55453873 0.00000000 14.19550514
v 53.22013092 -14.00000000 12.47741318
v 52.78686142 0.00000000 12.95268726
v 52.78686142 -14.00000000 12.95268726
v 52.55453873 -14.00000000 13.55238247
v 52.78686142 0.00000000 14.79520035
v 52.63059616 11.50799656 14.47609997
v 52.86098099 10.39739895 14.90548897
v 53.03385544 9.91649532 15.10735989
v 53.22013092 0.00000000 15.27047348
v 53.24980927 9.51473045 15.29321480
v 53.51184464 9.23534393 15.44917107
v 53.79583359 0.00000000 15.55713844
v 53.65754318 9.15404797 15.51147556
v 53.80974960 9.11742687 15.56103706
v 54.19771576 9.10000038 15.62224770
v 54.43621063 0.00000000 15.61647892
v 54.56660080 9.13731384 15.59885025
v 54.92037201 9.25578117 15.49983597
v 55.05478287 0.00000000 15.44047928
v 55.24154282 9.46368980 15.33187294
v 55.56800842 0.00000000 15.05291080
v 55.51421738 9.75415230 15.10834980
v 55.73233795 10.10601234 14.84098434
v 55.90657043 0.00000000 14.50611687
v 55.89251328 10.49618912 14.53999424
v 55.99124908 10.89814854 14.21514416
v 56.02474213 11.27061844 13.87428093
v 55.98714066 11.57628059 13.51312447
v 55.91849518 11.71029854 13.27392673
v 55.81505585 11.77090740 13.04336071
v 55.80675888 11.77195168 13.02813339
v 52.53191757 12.71707153 14.03137589
v 52.53099823 12.74476814 14.02126312
v 52.53013229 12.77245140 14.01115417
v 52.53003693 12.77572918 14.00995731
v 55.05478287 14.00000000 12.30740833
v 53.80590439 9.85338116 15.65854645
v 53.62265778 9.91663933 15.59966755
v 53.41148758 10.09992599 15.49680328
v 53.18747330 10.39488316 15.33853054
v 52.98103333 10.77570915 15.13131714
v 52.80606842 11.22202396 14.88457775
v 53.05106354 11.11989212 15.40151882
v 52.85555267 11.47238541 15.10401535
v 53.06428909 11.30852222 15.56760120
v 52.86712265 11.61175346 15.23420048
v 53.06353378 11.40085125 15.65406418
v 52.86834335 11.68077755 15.30092335
v 53.01694107 11.73013973 15.99385262
v 52.84561539 11.93282032 15.55818939
v 52.90330505 12.02468395 16.34944916
v 52.78058624 12.16978741 15.82228088
v 52.71799088 12.29780197 16.45981598
v 52.65517426 12.43923759 15.70775127
v 53.75181580 10.54110432 15.93288612
v 53.65599060 10.55560398 15.89555645
v 53.48972321 10.64883423 15.80643940
v 53.27074432 10.83997440 15.63994312
v 53.63749313 10.88526249 16.12138557
v 53.65102005 11.13552666 16.36607742
v 53.61775589 11.03892422 16.24942780
v 53.48468781 11.53334904 16.80404472
v 53.48175049 11.07450104 16.14022827
v 53.37408447 11.53076744 16.63317490
v 53.27745819 11.19453621 15.93901062
v 53.20133972 11.59329224 16.35820389
v 53.51013184 11.59769249 16.92973137
v 53.26878357 11.87585545 17.44211388
v 53.16650772 11.87866020 17.18033409
v 53.03607559 11.92588711 16.80864334
v 53.33837891 11.89731312 17.58690643
v 53.03288651 12.02683258 18.12625885
v 52.93605042 12.06119156 17.86855125
v 53.14701843 12.01475334 18.29453659
v 52.85750580 12.11245537 17.53297234
v 52.79350281 12.17819405 17.13431931
v 52.53488922 12.76576710 14.07292080
v 52.62803268 12.45157337 14.94257736
v 52.67371750 12.35082626 15.24473953
v 52.72480774 12.25646496 15.53870678
v 52.69948196 12.18567657 15.06977749
v 52.76864624 12.05395699 15.31941700
v 52.70550156 12.01601982 14.89724445
v 52.78203201 11.84262943 15.10429668
v 52.70372009 11.97032928 14.85193443
v 52.78037643 11.78528595 15.04811096
v 52.69591904 11.87884045 14.76261234
v 52.77052307 11.67003155 14.93785191
v 52.66864777 11.71634197 14.60846996
v 52.73228836 11.46427536 14.74956036
v 52.57480621 12.24118900 14.31315517
v 52.61590195 11.97604084 14.46257877
v 52.58847427 12.55740547 14.63441944
v 52.59059143 12.47302246 14.54718304
v 52.58855820 12.38825417 14.46069336
v 52.58728790 12.36565971 14.43783188
v 52.58382797 12.32063198 14.39250088
v 52.63962936 12.32601929 14.81159306
v 52.64044571 12.19865799 14.68197346
v 52.63880920 12.16456223 14.64779854
v 52.63320160 12.09648323 14.58019638
v 53.49227142 10.93764496 16.02206802
v 53.28194809 11.07920361 15.83512211
v 54.19336319 9.85057545 15.72096729
v 53.99945831 9.86441803 15.70588207
v 53.96558380 10.57149792 15.99993610
v 53.91751862 11.06247044 16.35993004
v 54.18061447 10.55000019 16.01039696
v 54.16032791 11.15060997 16.47081566
v 53.82474899 11.58981228 17.00779915
v 54.13389206 11.61147404 17.07084274
v 53.76931381 11.77920532 17.38084793
v 54.10310364 11.90118504 17.76958847
v 53.70938492 11.91360950 17.77625275
v 54.07006836 12.00000000 18.51943779
v 56.66687393 12.95049953 14.57566357
v 56.36075211 12.52030563 14.40499783
v 56.35842896 12.67063046 14.04882336
v 56.19183350 12.16306210 14.26504040
v 56.19701004 12.32585526 13.95495987
v 56.06485748 11.70736790 14.08836460
v 56.06840897 11.88939285 13.82818699
v 57.05492401 13.16106701 15.19471741
v 56.63943863 12.79374027 14.97862339
v 56.31740570 12.35278320 14.74373150
v 56.14574051 11.98081970 14.55987358
v 56.02691269 11.50207996 14.33786583
v 57.43289566 13.22219658 15.84419632
v 56.90218735 12.82707787 16.06085777
v 56.45195389 12.46792984 15.70583057
v 56.26826477 12.28644753 16.07740402
v 55.93731689 11.81030750 15.64575386
v 55.72650146 11.63552380 15.89524269
v 55.58843994 11.18498230 15.55940342
v 55.37419891 11.01173878 15.73200130
v 55.34955978 10.36699867 15.38854313
v 55.13947678 10.19053555 15.52088547
v 54.91875458 10.05204201 15.61914349
v 54.68770981 9.95205307 15.68644333
v 54.56819153 9.91580677 15.70834446
v 54.68748474 10.66339588 16.00482750
v 54.56625366 10.62931538 16.02062416
v 54.73391724 11.17303085 16.39879799
v 54.59815979 11.14054394 16.41324806
v 54.85673523 11.68973160 17.06786346
v 54.68462753 11.65902233 17.08592796
v 55.03737259 11.99469280 17.84599876
v 54.81298065 11.96541405 17.87330818
v 54.72082520 12.01887989 18.57876396
v 54.58148575 11.94211292 17.87961388
v 54.34372330 11.92461777 17.86458588
v 54.32373428 11.61127472 17.07801247
v 57.31153488 12.97578621 16.47600746
v 56.72234344 12.63611889 16.51883888
v 56.04154205 12.12304401 16.39431763
v 55.49330902 11.48282623 16.09412575
v 55.14994049 10.86619568 15.86126804
v 57.09497070 12.73837566 17.05131721
v 56.48308182 12.46099567 16.92149353
v 55.78013611 11.98025417 16.65355492
v 55.24727631 11.35497284 16.24195099
v 54.92205429 10.75097942 15.94946480
v 56.78567123 12.52049446 17.55638695
v 56.18967819 12.30594349 17.26199722
v 55.49239731 11.86061382 16.85210037
v 54.99528503 11.25311852 16.34059525
v 56.38600159 12.33194637 17.97715569
v 55.84739685 12.17520046 17.53352547
v 55.18480682 11.76513195 16.98873520
v 55.89899826 12.18235683 18.29916954
v 55.46149063 12.07186508 17.72967339
v 55.33726120 12.07829189 18.50358963
v 54.31359482 11.09024239 16.41201782
v 54.31318665 10.57968426 16.02754211
v 54.32098007 9.86911106 15.72745705
v 54.44166946 10.60147095 16.02825546
v 54.44595718 9.88827229 15.72209549
v 55.54412460 10.57588673 15.22199154
v 55.71713257 10.81050587 15.02215958
v 55.86254120 11.06416321 14.78997803
v 56.11621094 12.00441933 15.34611607
v 55.95161438 11.59819984 15.08351612
v 55.78384781 11.38183403 15.34330082
v 54.50699615 11.63289070 17.08938026
v 54.45824432 11.11297703 16.41770935
v 52.53484344 12.77609158 14.07338810
v 52.59732819 12.70992470 16.03145790
v 52.62281036 12.52016354 16.09440613
v 52.58494186 12.51397324 17.14429855
v 52.65727997 12.34217834 17.14864159
v 52.50056458 12.53113365 18.19143105
v 52.56938934 12.36233044 18.20263863
v 52.23604202 12.63440132 20.04207039
v 52.29703903 12.47150707 20.06815147
v 51.87753296 12.70249653 21.89029884
v 52.37363052 12.35661697 20.09289360
v 52.07668686 12.45579720 21.98060417
v 52.51371002 12.22949409 20.13086700
v 52.68291855 12.14538670 20.17082024
v 52.99034882 12.03721428 18.25350761
v 52.80757904 12.11714363 18.23293877
v 52.65425110 12.24458599 18.21419334
v 52.74607849 12.22314167 17.15383911
v 52.83077240 12.11414242 20.20225906
v 52.36772156 12.33412361 22.07637024
v 51.81443405 13.01950550 21.82547951
v 52.23423386 12.80048466 19.92634201
v 52.49616241 12.70767307 17.98872375
v 55.18467712 12.00000000 20.45000076
v 54.23983765 12.03724098 20.99550438
v 53.29939270 12.14878845 21.53847122
v 59.51071548 13.75122261 17.95236206
v 58.54133224 13.00163078 18.51203537
v 57.47676849 12.45049000 19.12666130
v 56.34720612 12.11342621 19.77881432
v 39.70190430 33.00000000 36.08831024
v 39.66295242 33.00000000 35.96558380
v 39.64850998 33.25896454 36.03823853
v 39.60303116 33.29697418 35.95544434
v 39.53127670 33.48248672 36.01193237
v 39.45280075 33.54489136 35.92670822
v 39.37395859 33.65334702 35.97250748
v 39.03007889 33.84973145 35.81965637
v 39.19672775 33.77740860 35.92176437
v 38.83462524 33.92547989 35.79019165
v 38.81882858 33.93113708 35.82053757
v 38.53700256 33.98179626 35.66648102
v 38.52634811 33.98233032 35.68185806
v 38.28057480 33.99877548 35.49315643
v 38.27767181 33.99875259 35.49650574
v 38.19120789 33.99999619 35.41271210
v 38.19100571 33.99999619 35.41292572
v 38.18600082 34.00000000 35.40742493
v 38.58684158 33.97338104 35.64878082
v 38.54757309 33.98018646 35.65106583
v 38.28382492 33.99874496 35.48940277
v 38.19137573 33.99999619 35.41253662
v 38.28708267 33.99865341 35.48563766
v 38.19195175 33.99999619 35.41193008
v 38.19175720 33.99999619 35.41213608
v 38.18897247 34.00000000 35.40967941
v 38.18840027 34.00000000 35.41028214
v 38.19080353 33.99999619 35.41314316
v 38.27418518 33.99865723 35.50054550
v 38.51775360 33.97338104 35.74994659
v 38.50513077 33.98026276 35.71185303
v 38.76709366 33.92574310 35.90862656
v 38.78648376 33.93152237 35.87737656
v 39.13768387 33.79149628 36.06789780
v 39.15986252 33.79505157 36.02404022
v 39.34104156 33.67591858 36.09687042
v 39.36196136 33.67016220 36.03493500
v 39.52614212 33.49955368 36.08488846
v 38.91017532 33.84973145 36.05503845
v 39.10747147 33.77801895 36.11717606
v 39.31536484 33.67133713 36.14926147
v 39.50642395 33.50543594 36.15698242
v 39.65158463 33.27017975 36.11961365
v 39.11555481 33.72591782 36.18548965
v 39.27736282 33.65412140 36.20616913
v 39.47705841 33.50075150 36.21685410
v 39.63394547 33.27406693 36.19963837
v 39.68581772 33.00000000 36.21606445
v 39.30667877 33.54489136 36.29318237
v 39.42953491 33.48327255 36.27951050
v 39.60110855 33.27096939 36.26493835
v 39.45160675 33.29697418 36.36773300
v 39.54369354 33.25947571 36.33089066
v 39.61765671 33.00000000 36.32530594
v 39.50997925 33.00000000 36.39591599
v 38.19156647 33.99999619 35.41233826
v 39.18066788 33.79058456 35.97303391
v 38.80211258 33.93302917 35.85079193
v 38.51673889 33.98190689 35.69549561
v 36.86727524 33.86933899 34.48966217
v 36.68906021 33.71414185 34.59255219
v 37.08842850 33.70710754 35.29849243
v 36.59039688 33.55562592 34.68453217
v 36.90069580 33.38268280 35.40687943
v 36.54468918 33.37749481 34.79451752
v 36.83477402 33.00000000 35.44493866
v 36.57925034 33.00000000 35.00236130
v 37.36938477 33.92387772 35.13628006
v 37.07392120 33.96678162 34.37035370
v 37.70079803 34.00000000 34.94493866
v 37.29527664 34.00000000 34.24255371
v 38.90941620 33.00000000 36.53208923
v 38.90319443 33.38268280 36.45622253
v 38.29469299 33.00000000 36.49560165
v 38.30984879 33.38268280 36.42100525
v 37.71445847 33.00000000 36.28934097
v 37.74979019 33.38268280 36.22191620
v 37.21463013 33.00000000 35.92963028
v 37.26734543 33.38268280 35.87471390
v 37.41745758 33.70710754 35.71833038
v 37.64211655 33.92387772 35.48428345
v 37.83199692 34.00000000 35.12916183
v 38.88547134 33.70710754 36.24017715
v 38.35300064 33.70710754 36.20857239
v 37.85040283 33.70710754 36.02991104
v 38.41758728 33.92387772 35.89064026
v 38.00098419 33.92387772 35.74254990
v 37.99570465 34.00000000 35.28520584
v 37.45891571 34.00000000 34.14807510
v 37.54672241 33.99484634 34.09738159
v 37.63362122 33.97943878 34.04721069
v 37.71872330 33.95393753 33.99807739
v 38.02856827 33.78873825 33.90550232
v 38.30194092 33.55469131 33.94440079
v 38.52276993 33.28130341 34.07158279
v 38.67494202 33.00000000 34.25429535
v 36.57925034 31.10000038 35.00236130
v 36.53905869 31.10000038 34.85235977
v 36.57925034 31.10000038 34.70236206
v 36.68906021 31.10000038 34.59255219
v 37.02590179 31.10000038 34.39807510
v 54.90579224 33.00000000 13.91168785
v 54.94474411 33.00000000 14.03441811
v 54.94487000 33.21662903 13.95926571
v 55.00397491 33.29702759 14.04445267
v 55.02938080 33.41164017 13.97774315
v 55.15473175 33.54486847 14.07324219
v 55.19084930 33.61408615 14.01664639
v 55.37936401 33.75900650 14.06904984
v 55.39494705 33.77314758 14.01564026
v 55.77313995 33.92582321 14.21019554
v 55.78899002 33.93161392 14.17974281
v 56.05989075 33.98035431 14.34904671
v 56.07048416 33.98205948 14.33356094
v 56.32376862 33.99879074 14.51058388
v 56.32703018 33.99882889 14.50680828
v 56.41631699 33.99999619 14.58746433
v 56.41648865 33.99999619 14.58728218
v 56.42169571 34.00000000 14.59257412
v 55.57714081 33.84984589 14.18036938
v 56.02078247 33.97345352 14.35125828
v 56.32050323 33.99867630 14.51436806
v 56.41574478 33.99999619 14.58806992
v 56.41593933 33.99999619 14.58786392
v 56.41872025 34.00000000 14.59031963
v 55.86030960 33.91672134 14.06115055
v 56.10250854 33.98042297 14.28796005
v 56.16114044 33.98459625 14.31562328
v 56.33345795 33.99868011 14.49938107
v 56.41669083 33.99999619 14.58707047
v 56.32999802 33.99879456 14.50338459
v 55.84095001 33.92606354 14.09126472
v 55.53217316 33.75560760 13.83813095
v 55.47045898 33.75958633 13.86604309
v 55.37385941 33.62548828 13.74577332
v 55.28944778 33.61479950 13.77277565
v 55.23464203 33.45423889 13.67146015
v 55.13296509 33.41229630 13.69899178
v 55.13540268 33.24048233 13.62184620
v 55.05058289 33.21702576 13.66243267
v 55.09771729 33.00000000 13.60408497
v 54.99003983 33.00000000 13.67469215
v 54.99205017 33.22703171 13.72783947
v 54.92187881 33.00000000 13.78393459
v 54.95779037 33.22985840 13.79517174
v 54.94044495 33.22645187 13.87651157
v 55.05053711 33.43332291 13.82564449
v 55.03146744 33.42775726 13.90118504
v 55.22218704 33.63745880 13.88628578
v 55.20136642 33.63149643 13.95118523
v 55.41592789 33.77794647 13.96252823
v 56.41613007 33.99999619 14.58766460
v 55.08205414 33.42870712 13.76225948
v 55.24946594 33.63251877 13.83068085
v 55.43925476 33.77397156 13.91617584
v 55.80577850 33.93355560 14.14937019
v 55.82175446 33.93194962 14.12218952
v 56.09099960 33.98215866 14.30416012
v 56.08117294 33.98262787 14.31811333
v 55.69827652 33.00000000 13.46791077
v 55.70450211 33.38268280 13.54377651
v 56.31300354 33.00000000 13.50439739
v 56.29784775 33.38268280 13.57899475
v 56.89323807 33.00000000 13.71065903
v 56.85790634 33.38268280 13.77808285
v 57.39306259 33.00000000 14.07036877
v 57.34035110 33.38268280 14.12528419
v 57.77292252 33.00000000 14.55506039
v 57.70699692 33.38268280 14.59312057
v 57.19023895 33.70710754 14.28166962
v 57.51926804 33.70710754 14.70150661
v 56.96557617 33.92387772 14.51571751
v 57.23830795 33.92387772 14.86371803
v 56.77569580 34.00000000 14.87083912
v 56.90689468 34.00000000 15.05506039
v 55.72222137 33.70710754 13.75982380
v 56.19010925 33.92387772 14.10935783
v 56.25469208 33.70710754 13.79142857
v 56.60670853 33.92387772 14.25745010
v 56.61198807 34.00000000 14.71479511
v 56.75728989 33.70710754 13.97009087
v 57.31241989 34.00000000 15.75744724
v 57.64383316 33.92387772 15.56610489
v 57.92478943 33.70710754 15.40389347
v 58.11252213 33.38268280 15.29550743
v 58.17844391 33.00000000 15.25744724
v 57.14878082 34.00000000 15.85192394
v 57.06097412 33.99484634 15.90261841
v 56.97407150 33.97943878 15.95279121
v 56.88897324 33.95393753 16.00192451
v 56.57912827 33.78873825 16.09449768
v 56.30575180 33.55469131 16.05559921
v 56.08492279 33.28130341 15.92841625
v 55.93275452 33.00000000 15.74570560
v 56.37916183 31.10000038 13.51890755
v 56.93301773 31.10000038 13.73202991
v 57.40927124 31.10000038 14.08608818
v 57.77292252 31.10000038 14.55506039
v 58.17844391 31.10000038 15.25744724
v 57.58179474 31.10000038 15.60192394
v 56.88897324 15.19182110 16.00192451
v 57.57234192 15.91873837 15.60738087
v 58.13413620 16.77328491 15.28302860
v 58.74279785 20.00000000 14.93161678
v 58.55678940 17.72873497 15.03901005
v 58.82708359 18.75521088 14.88295555
v 58.93656540 19.82061386 14.81974602
v 58.93656540 20.00000000 14.81974602
v 60.95494843 33.00000000 24.00621796
v 61.06993484 33.00000000 23.94826889
v 61.00473022 33.21553421 23.95655823
v 61.07339478 33.24048233 23.90675163
v 61.01369476 33.40983963 23.86784172
v 61.08004761 33.45423889 23.79600143
v 61.02703476 33.61213303 23.69660378
v 61.08530045 33.62548828 23.63827896
v 61.03566360 33.75741196 23.49393845
v 61.08447266 33.75560760 23.45499611
v 61.02354431 33.92516708 23.06084633
v 61.05540085 33.91672134 23.05931091
v 60.98543549 33.98459625 22.67154694
v 60.87586594 34.00000000 22.30742645
v 60.87816238 33.99999619 22.31450272
v 60.91302109 33.99866104 22.43033028
v 60.90790939 33.99878693 22.43130684
v 60.98786545 33.93144226 23.06208420
v 60.90280914 33.99882889 22.43229103
v 60.95173264 33.93355179 23.06242752
v 60.89873123 33.99880219 22.43306923
v 60.92284775 33.93220901 23.06195259
v 60.89334488 33.99868393 22.43409538
v 60.88512802 33.92635727 23.06040955
v 60.88439560 33.97345352 22.77528191
v 60.81056976 33.84984207 23.24493408
v 60.87633133 34.00000000 22.31112671
v 60.87708664 33.99999619 22.31476021
v 60.87679291 33.99999619 22.31483078
v 60.81176758 33.76029587 23.47294426
v 60.69213867 33.54486847 23.66431427
v 60.76334763 33.61566925 23.66326523
v 60.71655655 33.41309738 23.82362556
v 60.79170609 33.42945480 23.86179733
v 60.76813889 33.22748947 23.95403099
v 60.83448410 33.22985840 23.97390556
v 60.82625961 33.00000000 24.01062393
v 60.92098236 33.22615814 23.97695160
v 60.64169312 33.29702759 23.80926704
v 60.69036484 33.21751404 23.90679169
v 60.70758057 33.00000000 23.96067810
v 60.62076569 33.00000000 23.86558151
v 60.87788391 33.99999619 22.31456947
v 60.87760162 33.99999619 22.31463623
v 60.87738037 33.99999619 22.31468964
v 60.93544388 33.42727661 23.88220215
v 60.95857239 33.63098145 23.70345497
v 60.97797012 33.77272797 23.49650955
v 60.85446930 33.43332291 23.87834740
v 60.88777542 33.63745880 23.69937515
v 60.91861725 33.77794647 23.49346733
v 60.83211517 33.63331985 23.68806076
v 60.87150574 33.77461624 23.48684883
v 59.63275528 33.00000000 22.15429306
v 59.55039215 33.28250122 21.93014145
v 59.65497208 33.79019928 21.41839600
v 59.55096436 33.55548096 21.67556190
v 59.88897324 33.95393753 21.19807625
v 59.97407150 33.97943878 21.14894295
v 60.06097412 33.99484634 21.09877014
v 60.14878082 34.00000000 21.04807663
v 60.86516571 34.00000000 22.08151436
v 61.25859833 33.92387772 22.31476021
v 61.17855072 33.92387772 22.74959373
v 61.48617935 33.70710754 22.85262680
v 61.24731445 33.70710754 23.32956123
v 61.42555618 33.38268280 23.45293236
v 61.48814392 33.00000000 23.49625587
v 61.69172668 33.38268280 22.92147064
v 61.76390839 33.00000000 22.94564438
v 61.79934311 33.38268280 22.33690071
v 61.87540054 33.00000000 22.34001541
v 61.73987961 33.38268280 21.74549103
v 61.81379318 33.00000000 21.72729874
v 61.51804352 33.38268280 21.19404602
v 61.58396912 33.00000000 21.15598679
v 61.33031464 33.70710754 21.30243301
v 61.52938843 33.70710754 21.79730034
v 61.58275223 33.70710754 22.32803345
v 61.04935455 33.92387772 21.46464539
v 61.21436691 33.92387772 21.87483788
v 60.71794128 34.00000000 21.65598679
v 60.81188202 34.00000000 21.86171722
v 61.17844391 33.00000000 20.45359993
v 61.11252213 33.38268280 20.49165916
v 60.92478943 33.70710754 20.60004616
v 60.64383316 33.92387772 20.76225853
v 60.31241989 34.00000000 20.95359993
v 60.95494843 30.50000000 24.00621796
v 60.82625961 30.50000000 24.01062393
v 60.70758057 30.50000000 23.96067810
v 60.18242264 15.69037151 23.10634804
v 60.42061615 16.10789680 23.51891136
v 59.63275528 15.02152920 22.15429306
v 59.91598511 15.32711029 22.64486694
v 60.60120010 16.52495384 23.83168793
v 60.83275604 17.34415627 24.23275566
v 59.53897095 27.60915375 21.80429459
v 59.53897095 21.26436806 21.80429459
v 59.54428482 14.93058586 21.89036179
v 59.54159164 14.91958332 21.74382019
v 59.56925201 14.93462372 21.60064507
v 59.63275528 21.26436806 21.45429420
v 59.69972229 15.03367615 21.35796547
v 59.88897324 15.19516850 21.19807625
v 59.63275528 27.60915375 21.45429420
v 40.55680084 17.64999962 37.90179825
v 39.95621490 17.64999962 37.91420364
v 61.73275375 20.00000000 25.79160118
v 56.89851379 17.30735016 28.58265114
v 58.00870132 17.07710838 27.94168282
v 61.64422607 19.22354317 25.84271240
v 59.13467789 17.00000000 27.29160118
v 61.38467789 18.50000000 25.99256325
v 60.97179794 17.87867928 26.23093987
v 60.43371582 17.40192413 26.54160118
v 59.80710983 17.10222244 26.90337181
v 38.15185928 3.29999995 32.31654739
v 38.15185928 5.30000019 32.31654739
v 38.73546219 3.29999995 32.25906754
v 38.73546219 5.30000019 32.25906754
v 39.30656433 3.29999995 32.39222717
v 39.30656433 5.30000019 32.39222717
v 39.80455780 3.29999995 32.70190048
v 39.80455780 5.30000019 32.70190048
v 40.17658234 3.29999995 33.15521240
v 40.17658234 5.30000019 33.15521240
v 37.63598633 5.30000019 32.45477295
v 39.74209595 5.30000019 36.10266495
v 41.39894485 5.30000019 35.79807281
v 41.45058060 5.30000019 35.76463699
v 41.50104523 5.30000019 35.72946548
v 41.51137543 5.30000019 35.72219086
v 41.52187729 5.30000019 35.71515274
v 41.53253555 5.30000019 35.70836258
v 41.56150818 5.30000019 35.69034958
v 41.59045410 5.30000019 35.67229462
v 41.61937332 5.30000019 35.65419769
v 37.63598633 3.29999995 32.45477295
v 52.54150772 16.50749969 14.02878857
v 52.57019424 16.10733414 14.25659943
v 52.56260300 16.60079384 14.06532860
v 52.68025589 16.19320107 14.40669155
v 52.57167053 16.61794090 14.08103180
v 52.60737228 16.62476349 14.14287090
v 52.59514999 16.63041687 14.12169838
v 52.54399109 15.90883923 14.20182228
v 52.57849121 15.86891747 14.39474392
v 52.68513107 15.96682549 14.53689766
v 52.69114304 15.75029182 14.68623924
v 52.85471725 15.82667637 14.77571583
v 52.86195755 15.48330784 15.06994534
v 52.94573212 15.50644207 15.08994484
v 52.95226669 15.13648701 15.50009823
v 53.19024658 15.45158672 15.15204430
v 53.19846344 14.79901123 16.00368500
v 52.95487976 14.81342030 15.95850182
v 52.96092224 14.31433582 16.97577095
v 52.87190247 14.78544426 15.94108868
v 52.71508026 14.67958260 15.87471581
v 52.71146774 15.01264668 15.40707111
v 52.61436081 14.87482452 15.29935551
v 52.60155106 15.27298737 14.86526203
v 52.58246994 15.00960445 14.92843246
v 52.55924988 15.55412769 14.43922520
v 52.58724213 15.64205360 14.55176163
v 52.59646988 14.54803753 15.49607277
v 52.61983871 14.53011227 15.78060913
v 52.76187134 14.22449780 16.93235207
v 52.59691238 14.16605377 16.12103462
v 52.62571716 14.06243229 16.86326218
v 52.57945633 13.86027908 16.78220367
v 53.18199158 14.31442738 16.98496628
v 52.98992920 15.85589123 14.80547523
v 52.93967819 15.84671974 14.79660225
v 52.85150909 16.03545761 14.63051128
v 52.76581955 16.33058357 14.41731167
v 52.67070007 16.53204918 14.25255394
v 52.58281708 16.62853622 14.10033703
v 52.70178223 15.39604568 14.98736095
v 52.86920547 15.11048985 15.48137474
v 52.88715363 14.07027817 17.66543770
v 53.09786224 13.97834396 18.07342529
v 52.85195160 13.96839905 18.04899406
v 52.81384659 13.85909367 18.62081146
v 52.76994705 13.93657684 18.03408813
v 52.63363266 13.77327061 18.58533287
v 52.61523056 13.81458759 17.99129486
v 52.49382019 13.60213470 18.53991699
v 52.52369308 13.64179039 17.94214439
v 52.44523621 13.38106823 18.49648094
v 52.47739792 13.43677711 18.20124626
v 52.50564957 13.50248718 17.90752411
v 52.55640030 13.74762154 17.54849625
v 52.54972458 13.66108894 17.33905602
v 52.64874649 13.91865826 17.60446358
v 52.80462265 14.03906345 17.65045738
v 53.03268051 13.86387539 18.64687347
v 52.98169327 13.80425262 19.04164886
v 52.77108383 13.82742786 18.76700592
v 52.95254898 13.78104591 19.23979950
v 52.71004105 13.76847649 19.20399475
v 52.64849091 13.73360825 19.59394264
v 52.62896729 13.73545456 19.18892097
v 52.56786346 13.70026016 19.57885551
v 52.47640991 13.61085224 19.15379333
v 52.41596985 13.57516098 19.54628754
v 52.38564682 13.43539810 19.12192917
v 52.32519150 13.39948273 19.52012634
v 52.36709595 13.29368019 19.10397339
v 52.22650909 13.37667179 20.08895683
v 52.11055756 13.24184799 20.57185555
v 51.98896408 13.42627144 21.21288300
v 51.76336670 13.39633369 22.01450920
v 51.78889084 13.53464890 21.99780273
v 53.00907135 13.83177662 18.84379768
v 52.68949509 13.79483795 18.75193024
v 52.53608322 13.67107487 18.71376991
v 52.44511795 13.49628258 18.67522049
v 52.40823364 13.33232021 18.79975700
v 53.03465652 13.86360168 18.64635468
v 53.03364944 13.86371040 18.64678192
v 51.84875488 13.65853119 21.99300003
v 52.08177567 13.59989834 21.21791267
v 52.31764221 13.55218697 20.10751915
v 51.98275375 13.79755306 22.00596428
v 52.23213196 13.72487736 21.24137688
v 52.46882248 13.67762756 20.13675308
v 52.15614700 13.87599373 22.04013634
v 52.31113052 13.75896454 21.25679970
v 52.54886627 13.71133041 20.15192032
v 52.34283447 13.88347054 22.09012604
v 52.69083405 13.73365116 20.67447853
v 51.45460510 13.78837872 23.10840988
v 51.41938782 13.65958118 23.15260506
v 51.09657288 14.23461342 24.18973351
v 51.02982330 14.04412556 24.24197578
v 51.23283005 14.39197826 24.17786980
v 51.55255127 13.95437145 23.09365082
v 51.70238113 14.07556057 23.10866547
v 51.77982330 14.10969257 23.12449837
v 52.34324646 13.88339520 22.09018707
v 52.34365845 13.88330746 22.09013748
v 52.34405899 13.88321209 22.09000587
v 52.34443283 13.88311386 22.08981705
v 52.00076675 14.13738441 23.20756340
v 51.61112213 14.50840950 24.27615166
v 51.41489792 14.48885918 24.20844841
v 50.26454544 14.63894463 26.00612068
v 50.33412170 14.85924721 25.98578835
v 50.44617462 14.53499889 25.62160110
v 50.64810562 14.53570366 25.21116066
v 50.61943054 14.41610241 25.23694420
v 50.69363022 14.50252247 25.10735321
v 50.83179474 14.24090672 24.73828888
v 50.77828979 14.65373802 25.09410858
v 50.90459442 14.77209091 25.10979652
v 50.97093201 14.81038857 25.12592506
v 50.85452271 14.80441189 25.21565819
v 50.91963959 14.84309959 25.23186684
v 50.48557663 15.03215218 26.01665688
v 50.68632126 15.12045860 26.09209061
v 50.73081970 14.68604088 25.19926834
v 51.11260223 14.89530563 25.29993820
v 42.10363007 7.20861387 35.34229279
v 42.09564209 7.21280289 35.34778976
v 42.07737350 7.22258568 35.36121750
v 42.06976700 7.22676849 35.36726761
v 42.05278397 7.23636007 35.38181305
v 42.39680862 8.17849922 35.15525818
v 42.78417969 9.09388828 34.89101791
v 42.80678940 9.07390881 34.86505508
v 42.41694260 8.16433144 35.13546371
v 43.23471832 9.94390106 34.55567551
v 43.44226074 10.40000439 34.41867828
v 43.70416260 10.77750874 34.19933319
v 44.19253540 11.61273384 33.83853149
v 44.21415710 11.56774330 33.79059601
v 44.75906372 12.30293179 33.32797241
v 44.76958084 12.27786732 33.30627441
v 45.34413147 12.94710732 32.78281021
v 45.37243652 12.87371540 32.73373413
v 45.96277618 13.45199013 32.14921188
v 45.97754669 13.41327572 32.13097382
v 46.44258881 13.79986000 31.63828087
v 46.82250214 14.13216019 31.21815491
v 47.14853287 14.28154087 30.83174706
v 47.68660736 14.62718487 30.17018700
v 47.84694672 14.63227081 29.95475006
v 48.40688705 14.88698006 29.19265556
v 48.29780197 14.78717995 29.33911896
v 48.73345947 14.87810802 28.70141602
v 49.08798218 14.98714542 28.15820503
v 49.15135193 14.90594578 28.04331398
v 49.54799271 14.87332249 27.37026596
v 49.71857071 14.93457603 27.08225822
v 49.80316925 15.13186932 27.10404968
v 49.86037827 15.20155621 27.12676620
v 49.18389511 15.23174191 28.22065926
v 49.61863327 15.35369396 27.84298325
v 49.03483582 15.32222176 28.69353676
v 48.46301651 15.10562706 29.26823425
v 48.42967987 15.18671608 29.50905037
v 47.80846024 14.94674587 30.28384209
v 47.70973969 14.81787205 30.25335503
v 47.17773819 14.60576534 31.01329422
v 46.81574631 14.28965187 31.30324745
v 46.55054855 14.17248440 31.68728447
v 45.93862152 13.65649796 32.29790115
v 45.93592453 13.57719517 32.22858047
v 45.33607483 12.97758198 32.80706406
v 45.94019318 13.54071140 32.20199585
v 45.03150177 12.71119785 33.13204956
v 50.17223740 15.28499699 26.97095680
v 45.10088348 12.52676010 32.98714828
v 44.80120087 12.21797180 33.26167679
v 44.22600937 11.54755974 33.77161789
v 44.27494812 11.47892570 33.71739960
v 44.25881195 11.49961472 33.73209381
v 43.71635056 10.76170921 34.18326950
v 43.74837875 10.72436619 34.14937973
v 43.52388000 10.30884266 34.32464600
v 43.27615356 9.90370750 34.51443100
v 42.85581207 9.03565979 34.82324982
v 42.84384155 9.04450321 34.83201981
v 42.45866013 8.13739204 35.10271454
v 42.44863510 8.14361286 35.10970306
v 42.42618179 8.15813065 35.12739182
v 42.81745529 9.06512165 34.85461807
v 43.24643326 9.93191719 34.54252625
v 46.81233215 14.24433994 31.27408218
v 47.69536972 14.76391602 30.22374153
v 48.43669891 15.04492474 29.23977089
v 49.14321518 15.16558743 28.19461441
v 52.78838730 16.93620872 14.45639992
v 53.07590103 16.81972313 14.33393192
v 52.78276825 17.14505005 14.44666100
v 53.40766144 16.99605942 14.14239025
v 53.41155243 17.49293518 14.08363152
v 53.73515701 17.23245430 13.95331097
v 54.04065323 17.52436638 13.77693176
v 54.03246307 16.88403702 13.96644402
v 54.37641907 17.21269989 13.76785946
v 54.40675735 16.51711464 14.08627224
v 54.79121780 16.88447952 13.86430359
v 55.03853226 16.34363747 14.19686604
v 54.83254242 16.93039513 13.84007835
v 52.82617950 16.57714653 14.52185345
v 53.29021072 16.41934586 14.39498329
v 53.66373825 16.61788177 14.17932701
v 52.91136551 16.27937126 14.61371040
v 52.90217209 16.21334648 14.65347767
v 53.15364456 15.84124565 14.80975723
v 53.57710266 15.99770355 14.56527424
v 53.49366760 15.36670494 15.15651894
v 53.96544647 15.54101658 14.88413811
v 53.91204071 14.90955734 15.64786053
v 54.43036652 15.10106659 15.34860611
v 54.39435196 14.49595928 16.27217293
v 54.95479202 14.70302963 15.94860268
v 54.92618942 14.15207291 17.01784134
v 55.52164459 14.37207985 16.67405510
v 55.91065216 14.30061722 16.98589897
v 56.10873795 14.68412971 16.33509636
v 56.83429718 14.87069130 16.45263290
v 56.52366638 14.97102737 16.09553909
v 56.72044754 15.06685257 16.07177353
v 57.64387894 15.63788128 15.98521996
v 58.30828476 16.57270622 15.60162544
v 58.80198288 17.63923836 15.31658840
v 59.10599899 18.79649353 15.14106369
v 59.20865631 20.00000000 15.08179569
v 59.15574265 20.00000000 15.02832127
v 53.03245544 15.80769634 14.87913704
v 53.36315536 14.78872013 15.96476078
v 53.80086899 14.36530495 16.61482048
v 53.40163422 14.12893295 17.36167526
v 54.29562759 14.01325512 17.38189697
v 53.63388824 13.96468830 17.76395226
v 53.74873734 13.89504242 17.96287727
v 53.86617279 13.83103275 18.16627884
v 54.90843964 13.94956779 17.56452751
v 59.10259628 20.00000000 14.97551155
v 59.02069855 20.00000000 14.89588737
v 58.93829727 20.00000000 14.81789207
v 58.89950943 20.00000000 14.78190899
v 58.86062241 20.00000000 14.74629688
v 58.85773849 19.80098343 14.74799156
v 58.59772873 19.76544952 14.52310944
v 58.17953491 20.00000000 14.19264412
v 58.37872696 19.75858307 14.34749699
v 57.92727661 19.79185677 14.02260208
v 58.10112000 20.00000000 14.13680172
v 57.54984283 19.87124443 13.78812122
v 57.34406281 20.00000000 13.67430782
v 57.42291641 19.92025566 13.71674156
v 57.37033081 19.95406151 13.68827248
v 57.35197830 19.97480965 13.67849731
v 57.34624100 19.98678780 13.67545986
v 56.34742355 14.92421722 16.06898880
v 56.17905807 14.91653156 15.99609089
v 56.03686142 14.94914341 15.88344097
v 55.50736237 14.99672985 15.62957668
v 55.93275452 15.01568508 15.74570560
v 55.60486603 15.37854004 15.17778683
v 54.94141388 15.37269688 15.05355263
v 55.30295944 15.82050514 14.65486717
v 54.43059921 15.78825283 14.61558247
v 54.88977051 16.11969566 14.35047913
v 54.73275375 17.34852409 13.66724491
v 54.54052734 18.00231934 13.52495575
v 54.31395721 17.86725807 13.61913967
v 53.93757629 18.02138138 13.77993202
v 54.32611084 18.67957878 13.55563545
v 54.32294846 18.69232941 13.55743694
v 53.99461365 16.21961784 14.32422352
v 53.58880997 13.83465290 18.32641411
v 53.31159210 13.84551048 18.48646545
v 53.55522537 13.73315144 18.89183426
v 53.00729370 13.77527237 19.20818138
v 53.38492966 13.64741230 19.88500214
v 52.83316803 13.71837807 20.20356369
v 54.23057938 13.54909325 21.00084877
v 53.28200150 13.67465401 21.54851151
v 55.18467712 13.50715828 20.45000076
v 54.63507080 13.55858994 19.49805069
v 53.93778610 13.60491276 19.56581116
v 54.10260773 13.71915722 18.57579994
v 53.98327255 13.77225685 18.36910439
v 52.26817322 14.04353714 23.02576637
v 53.35592270 13.75972939 22.39775658
v 53.90719223 13.65997696 22.07947922
v 54.46121216 13.58872223 21.75961494
v 55.73428726 13.55858994 21.40194893
v 54.84749603 13.66638756 22.41486359
v 56.26674652 13.71915722 22.32419968
v 55.17143250 13.77527237 22.95657921
v 56.38608551 13.77225685 22.53089523
v 56.50318527 13.83103275 22.73372078
v 55.05282974 13.93035412 23.57108307
v 54.62458420 13.84560585 23.27230263
v 54.08044815 13.94406605 23.58646011
v 54.29645920 13.73725891 22.73300362
v 53.74816132 13.83647346 23.04956436
v 52.66627502 14.11875248 23.67419052
v 51.78687286 14.55532074 24.54573250
v 53.00678253 14.22420025 24.20634079
v 51.96301651 14.61170959 24.80895996
v 52.09835434 14.66149139 25.00641823
v 52.23316574 14.71659279 25.19901657
v 53.62280655 14.22692680 24.39670753
v 51.40624237 13.32671547 23.19203377
v 50.93272018 13.80584145 24.48945618
v 50.36174393 14.29944038 25.80265617
v 49.68858719 14.59440231 27.12135315
v 49.31461716 14.65673447 27.77376747
v 48.91778946 14.65844822 28.41631126
v 48.50191498 14.59926319 29.04442024
v 48.07089996 14.47902203 29.65349388
v 47.62865829 14.29757118 30.23893356
v 47.17913818 14.05512142 30.79647636
v 46.72653961 13.75413513 31.32395172
v 46.27514267 13.39793396 31.81998253
v 45.39309311 12.53318024 32.71221924
v 44.56524658 11.48919487 33.46685028
v 43.81855011 10.29890537 34.08977890
v 43.17610168 8.99469090 34.58951950
v 42.64253998 7.60097837 34.97842026
v 42.21545792 6.13916349 35.27029800
v 41.89244843 4.63063526 35.47897339
v 41.67106247 3.09670782 35.61822510
v 41.61937332 3.29999995 35.65419769
v 41.54595566 1.55211508 35.69850540
v 41.45698166 3.29999995 35.75506592
v 41.29377365 3.29999995 35.85460663
v 41.12975693 3.29999995 35.95280838
v 40.95671082 1.73674548 36.05446243
v 58.83328247 20.00000000 14.89743710
v 58.83328247 22.66666603 14.89743710
v 58.83328247 25.33333397 14.89743710
v 58.92979431 25.33333397 14.89379025
v 59.02246094 25.33333397 14.92118645
v 59.02246094 22.66666603 14.92118645
v 59.10185623 20.00000000 14.97626209
v 59.02246094 20.00000000 14.92118645
v 58.92979431 22.66666603 14.89379025
v 58.92979431 20.00000000 14.89379025
v 59.37665558 20.00000000 15.25523376
v 59.54198074 20.00000000 15.43537903
v 60.21349716 20.00000000 16.27734566
v 60.80764389 20.00000000 17.20357895
v 61.41259766 20.00000000 18.41881561
v 61.84566879 20.00000000 19.64923668
v 61.88406372 20.00000000 19.79185677
v 54.47294617 20.01139259 13.51724529
v 54.47294617 22.67426109 13.51724529
v 54.47294617 25.33713150 13.51724529
v 54.62294769 25.33713150 13.55743694
v 54.62294769 22.67426109 13.55743694
v 54.62294769 20.01139259 13.55743694
v 61.85322952 18.98403931 20.01798058
v 61.89271545 20.77886391 19.88863182
v 61.88973236 20.00000000 19.81887054
v 61.89271545 23.18590927 19.88863182
v 61.89271545 25.59295464 19.88863182
v 61.87041473 23.18590927 19.98319817
v 61.87041473 25.59295464 19.98319817
v 61.81893921 23.18590927 20.06554794
v 61.81893921 25.59295464 20.06554794
v 61.74373627 18.37181854 20.12722778
v 61.81893921 20.77886391 20.06554794
v 61.87041473 20.77886391 19.98319817
v 60.85992813 18.00093460 24.47017860
v 60.87294769 20.00811768 24.38275528
v 60.87294769 22.67207909 24.38275528
v 60.87294769 25.33603859 24.38275528
v 60.83275604 25.33603859 24.53275490
v 60.83275604 22.67207909 24.53275490
v 60.72569275 18.68136024 24.64095879
v 60.83275604 20.00811768 24.53275490
v 40.13474655 8.30000019 36.48275375
v 40.13474655 11.58333302 36.48275375
v 40.13474655 14.86666679 36.48275375
v 40.13474655 18.14999962 36.48275375
v 39.98474884 18.14999962 36.44256210
v 39.98474884 21.43333244 36.44256210
v 39.98474884 24.71666718 36.44256210
v 40.13474655 24.71666718 36.48275375
v 39.98474884 11.58333302 36.44256210
v 39.98474884 8.30000019 36.44256210
v 39.87493896 8.30000019 36.33275604
v 39.98474884 14.86666679 36.44256210
v 40.13474655 21.43333244 36.48275375
v 39.70190430 30.50000000 36.08831024
v 39.68581772 30.50000000 36.21606445
v 39.61765671 30.50000000 36.32530594
v 39.74209595 8.30000019 36.10266495
v 54.90579224 30.50000000 13.91168785
v 54.92187881 30.50000000 13.78393459
v 54.99003983 30.50000000 13.67469215
v 42.64668274 2.30589414 36.42975998
v 42.77328873 3.46163893 36.34525299
v 42.95810699 4.59913778 36.22195053
v 42.97067642 4.58762503 36.14420319
v 43.20267487 5.71793652 36.05369186
v 43.21285629 5.70296097 35.97639847
v 43.50560760 6.80412245 35.83516693
v 43.51266479 6.78589439 35.75860214
v 43.87077713 7.86065149 35.55720139
v 43.87372589 7.83893538 35.48189163
v 44.29418564 8.86517811 35.21643066
v 44.29223633 8.84058380 35.14287186
v 44.68200302 9.63947582 34.88827133
v 44.67543030 9.61297321 34.81660461
v 45.10849762 10.37048244 34.51074219
v 45.09672546 10.34256935 34.44145203
v 45.56853867 11.05166531 34.08261108
v 45.55116272 11.02293682 34.01619720
v 46.03164291 11.64707088 33.54052353
v 45.95064926 11.59805012 33.38806152
v 46.43918991 12.16164017 32.87157059
v 46.32283783 12.14989853 32.74039841
v 46.94035721 12.65720177 32.30566025
v 46.81903076 12.65076828 32.18449020
v 47.44662476 13.07972431 31.69283676
v 47.32184982 13.07966900 31.58184433
v 47.95032501 13.42449474 31.03604126
v 47.82395172 13.43172741 30.93509674
v 48.44380951 13.68685150 30.33825111
v 48.31800461 13.70212460 30.24691772
v 48.92026138 13.86451721 29.60417175
v 48.79733658 13.88824654 29.52175140
v 49.37400818 13.95843601 28.84085846
v 49.25616837 13.99046898 28.76643372
v 49.79943466 13.96977997 28.05552483
v 49.68878555 14.00937748 27.98797417
v 50.19132233 13.89997292 27.25528336
v 50.08980560 13.94583511 27.19329834
v 50.54839325 13.75309944 26.44609642
v 50.45742798 13.80362988 26.38850594
v 50.87174988 13.53484917 25.63324165
v 50.79199600 13.58831215 25.57918739
v 51.14644241 13.26207829 24.81072426
v 50.75996017 13.61653709 25.55512238
v 50.69662857 13.68906403 25.50172043
v 50.34630966 13.90619183 26.30769730
v 50.28630829 13.99456215 26.25560188
v 49.89224625 14.14014149 27.05599976
v 49.85337448 14.21213150 27.02361107
v 49.41897964 14.27834892 27.81399536
v 49.37016296 14.39521122 27.77883148
v 48.89468384 14.37851906 28.55592537
v 48.85623932 14.51081657 28.53911018
v 48.34488678 14.40892601 29.29917908
v 47.81424332 14.21551704 30.02693939
v 47.27150345 13.93074226 30.71446037
v 46.72417831 13.55812263 31.35693741
v 46.18003082 13.10366440 31.95188141
v 45.64682388 12.57343483 32.49685287
v 46.27839279 12.97029114 31.93463707
v 45.75769424 12.44551849 32.47514725
v 46.39517975 12.85268402 31.94815063
v 45.88537216 12.33349037 32.48738480
v 46.48622513 12.78265095 31.97671509
v 45.98261261 12.26751900 32.51710129
v 46.62380219 12.70515156 32.04346085
v 46.12625504 12.19594574 32.58827209
v 46.76061630 12.65964890 32.13613510
v 46.26504898 12.15626621 32.68811798
v 42.66175842 2.30095696 36.35160446
v 42.78745651 3.45338392 36.26725388
v 42.78378677 3.43784547 36.07226181
v 42.96345520 4.56596375 35.95014191
v 42.90385056 4.55490351 35.76451492
v 43.20038605 5.67484713 35.78395081
v 43.13672638 5.66059160 35.60041809
v 43.49344254 6.75195074 35.56856537
v 43.42473602 6.73525476 35.38802338
v 43.84571838 7.79867172 35.29568481
v 43.77056503 7.77911615 35.11959076
v 44.25396347 8.79549503 34.96178818
v 44.17155457 8.77449322 34.79141998
v 44.62760544 9.56498623 34.64089584
v 44.53863907 9.54370880 34.47635269
v 45.03830338 10.29284573 34.27233505
v 44.94227982 10.27227974 34.11475372
v 45.48149490 10.97281837 33.85485840
v 45.37824631 10.95404243 33.70528412
v 45.84046936 11.58219624 33.24735260
v 45.78384781 11.58638382 33.19122696
v 42.66011429 2.29187512 36.15607071
v 42.72698593 3.42990446 35.88535690
v 42.86126328 4.55374289 35.68880081
v 43.09281921 5.65915632 35.52572632
v 43.37925339 6.73391581 35.31474304
v 43.72310638 7.77769327 35.04833984
v 44.12198639 8.77356434 34.72272110
v 44.48725128 9.54351711 34.41019821
v 44.88902283 10.27318192 34.05158997
v 45.32318878 10.95640659 33.64549637
v 45.64426041 11.62053013 33.08411407
v 42.60494232 2.28768396 35.96845627
v 42.68533707 3.42906880 35.80900192
v 42.73385620 4.55962610 35.54126358
v 42.96361923 5.66699934 35.38053131
v 43.24812317 6.74462557 35.17269516
v 43.58963013 7.79084492 34.91068649
v 43.98637009 8.79031849 34.59045410
v 44.35005188 9.56378365 34.28318024
v 44.75048828 10.29754734 33.93063736
v 45.18377686 10.98542500 33.53126144
v 45.49562073 11.68588829 33.00808716
v 42.56385422 2.28755808 35.89174652
v 42.43864059 2.29121065 35.74184799
v 42.27774811 2.29991937 35.63118744
v 42.15212250 2.30863070 35.58282089
v 42.27263641 3.45779181 35.50236130
v 41.96469116 2.32410717 35.55882263
v 42.08590317 3.48030424 35.47907639
v 41.77718353 2.34226131 35.58555984
v 41.89957809 3.50693893 35.50639343
v 42.31417847 5.80125570 35.23703766
v 42.07804108 4.66223240 35.39196396
v 42.26210785 4.62513638 35.36388016
v 42.44739151 4.59377813 35.38608932
v 42.39810181 3.44531846 35.55015945
v 42.60876846 6.91438913 35.03584671
v 42.96319962 7.99403429 34.78218842
v 43.37794876 9.02956009 34.47050476
v 43.76010513 9.83251762 34.17039871
v 43.91372681 9.73770523 34.14049149
v 44.32727814 10.49131775 33.79598236
v 44.48282623 10.40158939 33.80905914
v 44.92344284 11.10091972 33.41684341
v 45.03113937 11.04445076 33.45016479
v 45.39281845 11.74728775 32.97674179
v 44.18281174 10.59556484 33.82498550
v 44.77625275 11.19877148 33.40464401
v 45.25495911 11.85265064 32.96488953
v 44.64210510 11.31186008 33.43209076
v 45.13208008 11.97371674 32.98996353
v 49.34113693 14.52127457 27.75488663
v 49.81386566 14.32265091 26.98473930
v 50.25409698 14.06239605 26.22239494
v 50.64645004 13.77252769 25.45034027
v 50.96500778 13.49664116 24.63653755
v 49.79277039 14.44079494 26.95457649
v 50.20799255 14.27421951 26.14538383
v 50.22269821 14.16524696 26.18058395
v 50.59564590 13.92987442 25.37290382
v 50.62017822 13.83550549 25.41671371
v 50.58589554 14.02900505 25.33398628
v 50.99849319 13.48500729 25.70692253
v 50.96039581 13.49621964 25.68608475
v 50.68985748 13.71342278 26.52574348
v 50.64772034 13.72096539 26.50310707
v 50.29997253 13.87618637 27.31763649
v 50.34537506 13.87307835 27.34262085
v 49.91517258 13.95580769 28.12472534
v 49.96269608 13.95766544 28.15273857
v 49.49404526 13.95523739 28.91849518
v 49.54232025 13.96232224 28.95023918
v 49.04180908 13.87234211 29.69152260
v 49.08952332 13.88459396 29.72753143
v 48.56410599 13.70522022 30.43623734
v 48.61000824 13.72224808 30.47686577
v 48.06666946 13.45222378 31.14523315
v 48.10959244 13.47332287 31.19065285
v 47.55660629 13.11528301 31.81344032
v 47.59553528 13.13960457 31.86365509
v 47.04201508 12.69896698 32.43751526
v 47.07616806 12.72565842 32.49237061
v 46.53102493 12.20791054 33.01415634
v 46.55983734 12.23610973 33.07333374
v 46.05478287 11.67592525 33.60356522
v 42.55926895 3.43328452 35.65995407
v 42.57242203 4.57639885 35.43295670
v 42.80199814 5.68902969 35.27442932
v 42.67776489 5.71178865 35.22888184
v 43.08674240 6.77290249 35.06942368
v 42.96389771 6.80176258 35.02547073
v 43.42867661 7.82489634 34.81122589
v 43.30766296 7.85949087 34.76933670
v 43.82666397 8.83111000 34.49545288
v 43.70834732 8.87198734 34.45582199
v 44.19198608 9.61039639 34.19237518
v 44.07653427 9.65647697 34.15476227
v 44.59474564 10.35027409 33.84452438
v 42.49479675 5.75279236 35.20809937
v 42.78444672 6.85346746 35.00623322
v 43.13269424 7.92131042 34.75196457
v 43.53943634 8.94454002 34.44020844
v 46.80981445 13.42092609 31.34515762
v 47.34449005 13.79159546 30.70902252
v 47.87495804 14.07652378 30.02859497
v 48.39398956 14.27226448 29.30840683
v 46.91520691 13.29906559 31.36081314
v 47.43819427 13.66704655 30.72762108
v 47.95688629 13.95108986 30.05087090
v 48.46431351 14.14786053 29.33490944
v 48.95386887 14.25699615 28.58684731
v 46.99950027 13.22564697 31.38873482
v 47.51526260 13.59109020 30.75541496
v 48.02635574 13.87361431 30.07905769
v 48.52594376 14.06999302 29.36393356
v 49.00764465 14.17989922 28.61697578
v 49.46509552 14.20320797 27.84530640
v 47.12993622 13.14273834 31.45160675
v 47.63752365 13.50353146 30.81504631
v 48.13942719 13.78240108 30.13616943
v 48.62895203 13.97633457 29.41923141
v 49.10000229 14.08517456 28.67102623
v 49.54652786 14.10896492 27.89851952
v 49.96278381 14.04806709 27.10863113
v 47.26345825 13.09131813 31.53738785
v 47.76632690 13.44631767 30.89439964
v 48.26198196 13.71973801 30.20973396
v 48.74377060 13.90883160 29.48774910
v 49.20583725 14.01377106 28.73523903
v 49.64237595 14.03493786 27.95916176
v 50.04791260 13.97300053 27.16641426
v 50.42042160 13.83167934 26.36315918
v 51.62844086 13.00826359 22.53944588
v 51.67509842 12.84283447 22.58934212
v 51.76155090 12.69739246 22.64676857
v 51.45813751 13.01686382 23.27626419
v 51.54185104 12.87260914 23.34514236
v 51.63617706 12.77804279 23.40335846
v 51.77908325 12.69353104 23.47479630
v 52.00136948 12.51506424 22.75797081
v 51.93532181 12.65597153 23.56035233
v 51.85739136 12.60155296 22.69620705
v 51.41505814 13.18140697 23.21504974
v 39.74209595 3.29999995 36.10266495
v 40.51483917 3.29999995 36.30971909
v 40.93452835 1.65757132 36.06740952
v 41.06483459 3.29999995 35.99217987
v 41.02229691 2.49112868 36.01626587
v 51.10154343 15.42929935 26.92620087
v 51.95788193 15.28408337 26.43179512
v 51.46623611 14.98032379 25.64180374
v 52.78952789 15.00082111 25.95166206
v 50.23687363 15.42934227 27.42541885
v 50.62537384 15.80623722 28.15293884
v 49.72259521 15.65415955 28.67416000
v 49.99095535 16.07593536 29.32420921
v 49.06584167 15.76253414 29.85832405
v 49.20027924 16.19868851 30.41407394
v 48.27445221 15.71953678 30.94860268
v 48.28484726 16.04168129 31.30587196
v 47.38734055 15.41179943 31.82404900
v 47.33249664 15.67510319 32.09369659
v 46.48274231 14.91412354 32.58430481
v 46.37509155 15.14937687 32.80701065
v 45.50701523 14.17745113 33.30819321
v 45.35383224 14.38265896 33.48737335
v 44.56151581 13.28434277 33.94481659
v 43.86022568 12.09731579 34.34970856
v 43.24458313 10.83627987 34.70515060
v 42.71067047 9.51293564 35.01340485
v 42.25666809 8.13469028 35.27552414
v 41.88091278 6.70862103 35.49246597
v 48.84711075 15.35749340 29.17961884
v 48.18777084 15.30820847 30.36527634
v 47.36439514 14.73039150 30.84065437
v 47.40950394 15.11252213 31.44798088
v 46.61149216 14.39745903 31.90871239
v 46.56180191 14.67230988 32.30067444
v 45.73696518 13.74830627 32.77689362
v 44.99610901 12.72124958 33.20462418
v 44.87748718 12.91433716 33.51110077
v 44.20317459 11.77335739 33.90041351
v 44.04333878 11.93782902 34.15324783
v 43.43827057 10.69856548 34.50258255
v 42.91274643 9.39586067 34.80599594
v 46.24258041 15.37749958 32.97425461
v 47.24840927 15.93126392 32.30279922
v 48.25864792 16.32510376 31.55898476
v 49.24808121 16.54027557 30.74975014
v 50.17884064 16.53010941 29.84910202
v 50.94691467 16.23694992 28.77228546
v 51.53767395 15.80622959 27.62622452
v 47.13874817 16.17966080 32.45685196
v 48.20242691 16.60083771 31.75199699
v 49.25479126 16.84080505 30.98386192
v 50.26849747 16.88581085 30.16061020
v 51.19206619 16.70074844 29.26411629
v 51.91364288 16.23698235 28.21414375
v 52.44055557 15.65313053 27.10494232
v 48.11978912 16.86821556 31.89044762
v 49.23058701 17.13318062 31.15838814
v 50.31203461 17.19875526 30.37346077
v 51.32657242 17.06398773 29.54973030
v 52.21740723 16.70082474 28.67213631
v 52.86972427 16.07487488 27.66215134
v 53.31557083 15.35513210 26.59976387
v 49.17899323 17.41669464 31.27891541
v 50.32365799 17.50321007 30.52730370
v 51.40956879 17.38356400 29.73979950
v 52.39781570 17.06409836 28.93124771
v 53.23076630 16.52901459 28.08707237
v 53.79429626 15.76003742 27.12835312
v 50.30680466 17.79843712 30.62777328
v 51.45957947 17.69447136 29.87147713
v 52.52119827 17.38370514 29.09800148
v 53.45603943 16.88468933 28.32028389
v 54.20870972 16.19604492 27.52245712
v 51.47995377 17.99595451 29.95045471
v 52.61050034 17.69464111 29.20699501
v 53.61888885 17.19761276 28.46424866
v 54.51221848 16.58887863 27.75652122
v 52.66896820 17.99615288 29.26397705
v 53.74658966 17.50204468 28.55107307
v 54.75261307 16.96938324 27.89042664
v 53.84229279 17.79725075 28.58655739
v 54.93629837 17.33608246 27.93635368
v 45.63599014 13.96582890 33.07317734
v 44.73134995 13.10218716 33.75602341
v 56.53897095 27.60813713 16.09570694
v 56.53897095 21.26233482 16.09570694
v 56.18897247 21.26233482 16.00192451
v 56.18897247 27.60813713 16.00192451
v 60.58179474 31.10000038 20.79807663
v 61.17844391 31.10000038 20.45359993
v 60.51346970 15.84906864 20.83752251
v 61.03931046 16.60992241 20.53392792
v 61.45295334 17.45812416 20.29511070
v 52.34679413 12.66363430 23.91606522
v 52.78200531 12.79230213 24.59955788
v 53.22742462 12.97795963 25.26958275
v 53.81773376 13.31096649 26.11003494
v 54.96257401 13.01226139 25.44906044
v 55.50397110 13.44949341 26.22972488
v 56.06725311 13.34756851 25.90451431
v 56.54637527 13.87438774 26.59322929
v 57.09211349 13.80419827 26.27814865
v 57.48689270 14.40285587 26.85547066
v 58.01064682 14.36259270 26.55307961
v 58.30577469 15.01052475 27.00684357
v 58.66826630 14.64301586 26.48375320
v 58.83400345 15.08658314 26.77081490
v 53.12951660 12.27610111 22.53854561
v 54.34996414 12.08727837 21.83391953
v 53.73822403 12.16595745 22.18710899
v 54.14786530 12.24215031 22.87621689
v 53.54208755 12.35176468 23.22596169
v 54.56796646 12.37435532 23.56843376
v 53.96727371 12.48305035 23.91524506
v 54.99158096 12.56511497 24.25104523
v 54.39822006 12.67248249 24.59362221
v 55.54278183 12.90727329 25.11407661
v 54.96291351 12.04015827 21.48003387
v 55.95528412 12.09607315 21.78473091
v 56.69627762 12.38060188 23.06816673
v 55.77654266 12.25021172 22.87066269
v 55.36666489 12.11695671 22.17254257
v 57.37918091 12.84265232 24.25098991
v 56.71013641 12.78736401 24.44010353
v 56.18540192 12.44248772 23.56179428
v 55.17165756 12.29671192 23.21989250
v 54.75666428 12.16384983 22.52472687
v 57.20055008 13.23115730 25.25020409
v 57.97774887 13.46446609 25.28774261
v 57.63892746 13.76216221 25.96244431
v 58.23807144 13.82803345 25.73862839
v 58.46898270 14.22214890 26.13858223
v 58.96459198 15.54857635 26.99700356
v 58.51985168 15.68242931 27.31810188
v 57.80690384 15.04887486 27.29486656
v 58.04678726 15.71879578 27.59122849
v 57.30901718 15.11291122 27.58232117
v 57.57465363 15.77951908 27.86381340
v 56.81359863 15.20255566 27.86835098
v 57.10486221 15.86452675 28.13504791
v 55.83606339 15.45760822 28.43273163
v 56.17789078 16.10638618 28.67023468
v 56.43985367 16.75650215 28.76867676
v 57.31615829 16.52786255 28.26274300
v 57.76026917 16.44750023 28.00633621
v 58.20659637 16.39009666 27.74864960
v 59.05878067 16.02454758 27.16014099
v 58.65380096 16.35571861 27.49045372
v 59.11565781 16.50991440 27.25865746
v 55.41774368 14.83197784 28.05009460
v 56.44404221 14.56420231 27.45756149
v 56.96416855 14.47008610 27.15726471
v 54.93186569 14.25221348 27.52536964
v 56.00334549 13.97264862 26.90674782
v 54.39252472 13.73948479 26.87141800
v 55.58790207 12.48841953 23.90675926
v 56.12588501 12.83227825 24.77742386
v 56.63334274 13.27476120 25.57768250
v 58.49532318 15.99614429 13.93585205
v 59.20928955 15.82785034 14.65764236
v 59.86992645 15.71080494 15.44384384
v 59.45827866 15.05953407 15.68150997
v 60.46401596 15.64357567 16.26717186
v 60.04591370 14.98209572 16.50856400
v 60.98355484 15.62232208 17.10201836
v 60.56341171 14.95761490 17.34458733
v 61.38592529 15.63807297 17.84712982
v 60.96729279 14.97575760 18.08882713
v 61.75492096 15.68762970 18.63784790
v 61.34104538 15.03283882 18.87679863
v 62.07879639 15.77373791 19.46223450
v 61.67318344 15.13202190 19.69641495
v 62.34616470 15.89791203 20.30519867
v 61.95247269 15.27505112 20.53249741
v 62.57557297 16.09356880 21.30108452
v 62.20065689 15.50041676 21.51754189
v 62.69943237 16.33909035 22.26669693
v 62.34807968 15.78321648 22.46954918
v 62.71111679 16.62796974 23.17065811
v 62.38748932 16.11595917 23.35750580
v 62.61093903 16.95090675 23.98505592
v 62.31830597 16.48793221 24.15400887
v 62.40604019 17.29677963 24.68824005
v 62.14660263 16.88632202 24.83802605
v 62.10930252 17.65385056 25.26659966
v 61.88413239 17.29761124 25.39660072
v 61.73749924 18.01094246 25.71501732
v 61.54660416 17.70892334 25.82523155
v 57.74599838 16.21416664 13.30494404
v 58.05329514 16.82240295 13.12752533
v 57.26870346 17.04322052 12.62270355
v 58.30196762 17.45336151 12.98395348
v 57.50009537 17.63033295 12.48910809
v 58.49136353 18.09633636 12.87460518
v 57.67633057 18.22862625 12.38735962
v 58.62261963 18.74110222 12.79882622
v 57.79846191 18.82858467 12.31684589
v 58.69841003 19.37834740 12.75506878
v 57.86898422 19.42154884 12.27612972
v 58.05154419 20.00000000 12.34449100
v 57.47636795 20.00000000 12.07538795
v 57.03920746 19.47090721 11.93312550
v 56.90414047 20.00000000 11.87249088
v 56.23379135 19.52482986 11.73347378
v 56.34037399 20.00000000 11.73775482
v 55.79049683 20.00000000 11.67247677
v 55.54504013 19.57602882 11.67548656
v 55.25981140 20.00000000 11.67728424
v 54.90771484 19.62816048 11.72728634
v 54.75341797 20.00000000 11.75213337
v 54.33149338 19.67998695 11.87814522
v 54.27620316 20.00000000 11.89630032
v 54.29248047 19.35194588 11.90067101
v 53.78340149 19.41802788 12.13689423
v 54.22491455 19.02003670 11.93968010
v 53.63721085 18.85816765 12.22129631
v 54.12741852 18.68904686 11.99597073
v 53.99940491 18.36424255 12.06987858
v 54.67058563 18.47673607 11.86419201
v 54.52184296 18.09932899 11.95006943
v 55.27466583 18.26317215 11.83158779
v 55.10506821 17.83285332 11.92950439
v 55.93076706 18.05343819 11.90842533
v 55.74068832 17.57115364 12.01816654
v 56.70179367 17.83253860 12.12793064
v 56.49014282 17.29552460 12.25012589
v 53.83275604 20.00000000 12.10839939
v 59.18862152 20.00000000 13.07033634
v 59.50258255 19.34254837 13.35431004
v 59.42242813 18.66860199 13.40058804
v 59.28361511 17.98670769 13.48073101
v 59.08331299 17.30670357 13.59637642
v 58.82031631 16.63940811 13.74821663
v 60.27167130 20.00000000 14.02213383
v 60.25888824 19.31491280 14.05165768
v 60.17536163 18.61264038 14.09988022
v 60.03071594 17.90208244 14.18339157
v 59.82199478 17.19349670 14.30389786
v 59.54794312 16.49815178 14.46212101
v 60.94897079 19.29569435 14.82085800
v 61.25907135 20.00000000 15.16330719
v 61.55997467 19.28465462 15.63442135
v 62.11288071 20.00000000 16.45000076
v 62.08485794 19.28116417 16.46618080
v 62.48326492 19.28375053 17.21357918
v 61.99721909 18.54429626 16.51677895
v 62.39594269 18.54953384 17.26399612
v 61.84544754 17.79873466 16.60440445
v 62.24471664 17.80665398 17.35130692
v 61.62644196 17.05524254 16.73084641
v 62.02649689 17.06583786 17.47729492
v 61.33889008 16.32564354 16.89686394
v 61.73998260 16.33886337 17.64271355
v 62.80028534 20.00000000 17.83276749
v 62.83979416 19.29188919 18.01149559
v 62.75346375 18.56601143 18.06133842
v 62.60395432 17.83157349 18.14765739
v 62.38821793 17.09917259 18.27221489
v 62.10495758 16.38045883 18.43575478
v 63.14200592 19.30602837 18.84839058
v 63.29486847 20.00000000 19.25846863
v 63.37813568 19.32641792 19.70939064
v 63.57762527 20.00000000 20.67231560
v 63.55832291 19.35854530 20.73369408
v 63.62041473 19.39886093 21.73496628
v 63.48011780 18.70099831 20.77884483
v 63.54712677 18.78264236 21.77727890
v 63.34468460 18.03569603 20.85703850
v 63.42020416 18.15915298 21.85055733
v 63.14925385 17.37223816 20.96986961
v 63.23705673 17.53739357 21.95629883
v 62.89265823 16.72117996 21.11801529
v 62.99658966 16.92725372 22.09513283
v 63.63768768 20.00000000 22.01997566
v 63.55942535 19.44629669 22.68088722
v 63.49192047 18.87870216 22.71986198
v 63.37501526 18.30441284 22.78735733
v 63.20631790 17.73171616 22.88475418
v 62.98482513 17.16972160 23.01263428
v 63.58314896 20.00000000 22.65264511
v 63.47274780 20.00000000 23.24965668
v 63.37800598 19.49932480 23.54218864
v 63.30755234 20.00000000 23.80526161
v 63.08609772 19.55611801 24.29560852
v 63.08914566 20.00000000 24.31410599
v 62.81963730 20.00000000 24.77129173
v 62.69952774 19.61475182 24.92583275
v 62.50162125 20.00000000 25.17241478
v 62.23789215 19.67338753 25.42611694
v 62.13816071 20.00000000 25.51361275
v 62.19807434 19.33858109 25.44910622
v 62.65255737 19.21983719 24.95294952
v 62.57122040 18.82026482 24.99991035
v 62.93825912 18.64071655 24.38096237
v 62.80302429 18.18161011 24.45904160
v 63.05871582 17.94894981 23.72653198
v 62.85843277 17.44077682 23.84216499
v 62.02960587 18.66201019 25.54637146
v 62.12911224 18.99982452 25.48892021
v 61.08683395 17.17802811 26.09068108
v 61.32862091 17.42973137 25.95108414
v 61.62701416 16.96829605 25.54504585
v 61.85035324 16.50688744 25.00906563
v 61.98415375 16.05994797 24.34693146
v 62.01794434 15.64264774 23.57086182
v 61.94687653 15.26935577 22.70118332
v 61.77254868 14.95209312 21.76471138
v 61.50292206 14.69926453 20.79204559
v 61.21002579 14.53880596 19.96381950
v 60.86845016 14.42753601 19.14965248
v 60.48926544 14.36349964 18.36481476
v 60.26143646 16.62030411 26.56722260
v 60.54852676 16.77116966 26.40147209
v 60.82527924 16.95759773 26.24168968
v 60.70687485 16.19150352 26.07629204
v 61.03330612 16.41140175 25.88782501
v 60.79017258 15.61187077 25.62116241
v 61.16628647 15.86523628 25.40401077
v 60.78831863 15.05041599 25.03734398
v 61.21255875 15.33619881 24.79240990
v 60.69546127 14.52619171 24.33439827
v 61.16463089 14.84224319 24.06352234
v 60.51109695 14.05725479 23.53013229
v 61.02046204 14.40038204 23.23604965
v 60.24047470 13.65870190 22.64925385
v 60.78400040 14.02484131 22.33544922
v 59.89411163 13.34109306 21.72089195
v 60.46486282 13.72557068 21.39137077
v 59.55251694 13.13952160 20.92078209
v 60.14054489 13.53563690 20.58128548
v 59.17716980 12.99974155 20.12611389
v 59.77717590 13.40392780 19.77969933
v 58.77855301 12.91929722 19.35249710
v 59.38545227 13.32812881 19.00210190
v 59.67551041 16.42577553 26.90550804
v 59.96887970 16.50540352 26.73613167
v 59.67712402 15.78410053 26.67081833
v 60.02316284 15.87802410 26.47103119
v 59.60369873 15.14246464 26.30617142
v 60.00240326 15.25068283 26.07597923
v 59.45004272 14.52095032 25.81000137
v 59.89976120 14.64301395 25.55035591
v 59.21543884 13.94064903 25.18888855
v 59.71279144 14.07564068 24.90174294
v 58.90428162 13.42154789 24.45782661
v 59.44424057 13.56810474 24.14608192
v 58.52590179 12.98036194 23.63916397
v 59.10206985 13.13674736 23.30651283
v 58.09366226 12.62877750 22.76038170
v 58.69868851 12.79299641 22.41106987
v 57.69756699 12.40564346 21.99173927
v 58.32090759 12.57483292 21.63185310
v 57.28442383 12.25091076 21.21888924
v 57.92046738 12.42354774 20.85167122
v 56.86405563 12.16186142 20.45783234
v 57.50740814 12.33648205 20.08639336
v 59.38555908 16.37979507 27.07291222
v 59.33511734 15.72986603 26.86827469
v 59.20964432 15.07997608 26.53367996
v 59.00556564 14.45046616 26.06661797
v 58.72388840 13.86269951 25.47268486
v 58.37062073 13.33692074 24.76593590
v 57.95644760 12.89005947 23.96793747
v 57.49568939 12.53395176 23.10562325
v 57.08148956 12.30794716 22.34742928
v 56.65579605 12.15122414 21.58182716
v 56.22820282 12.06102943 20.82494164
v 58.14897156 12.58845711 19.71598434
v 59.95903397 13.81152153 18.67094421
v 60.34424210 13.88182926 19.45230293
v 60.69628525 14.00399590 20.26042747
v 61.00427628 14.18016815 21.07993889
v 61.29768753 14.45775604 22.03887367
v 61.50186157 14.80608749 22.95811462
v 61.60804749 15.21593475 23.80751801
v 61.61350632 15.67410278 24.56092262
v 61.52175522 16.16481018 25.19878197
v 61.34181976 16.67140388 25.70970345
v 61.89895248 18.33050728 25.62180328
v 60.36824036 16.01355362 26.27179909
v 60.40000153 15.40683937 25.84642601
v 60.34822845 14.81915092 25.29143143
v 60.20875931 14.27043343 24.61539650
v 59.98270035 13.77958488 23.83520317
v 59.67663956 13.36241055 22.97478485
v 59.30204010 13.02996159 22.06272697
v 58.94252014 12.81897163 21.27296448
v 58.55474472 12.67265987 20.48546982
v 60.21808243 16.39990997 15.24283600
v 60.49982071 17.11476326 15.08017445
v 60.71439743 17.84322739 14.95628834
v 60.86310196 18.57371902 14.87043381
v 60.81763077 16.34348297 16.06301308
v 61.10378265 17.06953812 15.89780235
v 61.32172394 17.80942154 15.77197361
v 61.47275925 18.55136299 15.68477345
v 62.42184067 16.45273209 19.26417732
v 62.69944763 17.15709686 19.10390282
v 62.91087723 17.87487221 18.98183250
v 63.05739975 18.59464645 18.89723778
v 62.67913055 16.55695724 20.11296082
v 62.94858170 17.24062538 19.95739365
v 63.15379715 17.93731117 19.83891106
v 63.29601669 18.63593674 19.75680351
v 62.62546158 17.73108101 24.56155777
v 62.29973984 18.03078461 25.15665054
v 62.45384598 18.42180252 25.06767654
v 54.78387070 18.86133003 11.79878616
v 54.86238098 19.24699402 11.75345898
v 55.40383530 18.70168686 11.75701141
v 55.49335098 19.14142036 11.70532894
v 56.07553482 18.54490471 11.82484341
v 56.17585754 19.03774071 11.76692009
v 56.86299133 18.37977982 12.03486443
v 56.97470093 18.92854309 11.97036839
v 63.21125412 18.46679878 23.63846397
v 63.31696320 18.98608780 23.57743073
v 63.03197861 19.10110092 24.32685471
v 51.17040253 14.86118793 25.19927406
v 51.20252609 14.87265587 25.24802780
v 61.31270981 20.00000000 18.18124390
v 61.41653824 20.00000000 18.41713905
v 61.70611954 20.00000000 19.18377686
v 61.77946854 20.00000000 19.41702271
v 58.17698288 20.00000000 14.19618034
v 58.36426926 16.62515450 25.95721436
v 57.44650269 16.46207237 26.41933060
v 57.00294495 16.51911926 26.67541885
v 57.28636551 15.97052860 26.22937775
v 56.82391357 16.03000641 26.49637794
v 57.03745270 15.45858860 25.88928223
v 56.55531693 15.52059841 26.16764259
v 56.83942032 15.14710903 25.60166550
v 56.34530640 15.21065903 25.88694000
v 56.60766220 14.84724712 25.25357437
v 56.10202408 14.91228008 25.54550362
v 56.31230927 14.53252316 24.79797363
v 55.79457092 14.59911156 25.09688950
v 55.88584900 14.17494106 24.12290764
v 55.35436249 14.24329853 24.42976189
v 55.08951187 14.28773975 24.58267403
v 54.82551575 14.33899212 24.73509026
v 55.27940369 14.69233036 25.39432144
v 54.26289368 14.95755196 25.98120308
v 54.60614014 15.26234436 26.40915298
v 54.11943054 15.42940712 26.69015694
v 54.40791321 15.71599674 27.00549507
v 58.29846191 16.23400879 25.84323120
v 58.18038177 15.82813740 25.63870621
v 58.00315094 15.40911388 25.33173561
v 57.72889328 14.94403934 24.85671234
v 57.38032913 14.51214123 24.25297546
v 56.96818161 14.13420868 23.53911591
v 53.78201675 14.61125565 25.33755684
v 53.76453400 15.12861347 26.26893044
v 53.27042770 14.78685856 25.63292122
v 54.66487122 16.01369095 27.25909042
v 55.01063538 16.50296974 27.54327202
v 55.26375961 16.97275734 27.67953682
v 56.56158447 16.59898376 26.93023872
v 55.69071579 16.82620430 27.43303490
v 55.45578003 16.35017395 27.28626823
v 55.12895966 15.85439205 26.99114990
v 54.88352585 15.55274200 26.73089981
v 56.78190613 16.55620956 26.80303574
v 56.59346008 16.06867599 26.62942886
v 56.31505585 15.56091404 26.30635834
v 56.09907913 15.25197506 26.02910042
v 55.85005188 14.95456028 25.69098091
v 55.53656769 14.64240360 25.24584579
v 56.36375046 16.11327362 26.76205063
v 56.07557297 15.60740757 26.44462395
v 55.85364914 15.29962349 26.17079926
v 55.59889221 15.00332069 25.83598709
v 36.83477402 31.10000038 35.44493866
v 38.22853088 31.10000038 36.48109436
v 37.67467880 31.10000038 36.26797104
v 37.19842529 31.10000038 35.91390991
v 61.58396912 31.10000038 21.15598679
v 61.80828476 31.10000038 21.70540237
v 61.87678146 31.10000038 22.29487991
v 61.78442383 31.10000038 22.88109207
v 60.69960022 18.73330879 17.26595879
v 59.95811462 18.83338165 16.10931587
v 59.83648300 18.23587990 16.17954063
v 59.45117188 18.85711861 15.48780727
v 59.33201218 18.27177429 15.55660248
v 60.02834702 19.42391777 16.06876755
v 59.51997757 19.43563843 15.44808292
v 58.93431473 17.11524200 15.78621483
v 59.16007233 17.68805504 15.65587330
v 59.66096878 17.64003754 16.28087425
v 60.37962341 17.51529694 17.45069885
v 58.32548141 16.04119682 16.13772392
v 58.65533829 16.56306076 15.94728184
v 59.14575195 16.49167824 16.57833481
v 59.43052292 17.05532837 16.41392136
v 59.86000443 16.39277077 17.75070000
v 57.53103256 15.12384701 16.59639931
v 57.94882584 15.55877304 16.35518837
v 58.42456436 15.46653175 16.99471092
v 58.80904388 15.95897484 16.77273178
v 59.16071701 15.40886784 18.15443420
v 56.60088348 14.42082787 17.13342285
v 57.07908630 14.74296284 16.85733223
v 57.53676224 14.63377762 17.50728416
v 57.99809647 15.02257347 17.24093246
v 58.30863190 14.60139942 18.64638519
v 56.10481262 14.16014576 17.41982841
v 55.09237289 13.82401276 18.00436020
v 55.50878906 13.69574261 18.67813683
v 56.54225540 14.03885555 18.08146477
v 57.04862595 14.30495167 17.78911018
v 56.28166580 13.63191605 19.81665421
v 57.33649445 14.00139618 19.20764923
v 61.74301529 18.79649353 19.70850372
v 61.68411636 19.43563843 19.19648170
v 61.45760345 19.42564392 18.58258820
v 61.14667130 19.41876793 17.89161301
v 60.95309067 18.22011185 18.00337791
v 61.07580948 18.82295418 17.93252563
v 61.11751938 19.12224197 17.90844536
v 61.38758087 18.83687782 18.62301636
v 61.42879486 19.13262558 18.59922028
v 61.61531067 18.85711861 19.23620605
v 61.65580750 19.14771843 19.21282387
v 60.54350281 17.02900887 18.23985291
v 60.77600861 17.61894417 18.10561562
v 61.09132385 17.64711189 18.79405785
v 61.26631165 18.24116898 18.69302940
v 61.32421112 17.68805504 19.40427208
v 61.49615097 18.27177429 19.30500031
v 61.43899536 17.63923836 19.88402939
v 59.91646957 15.92285442 18.60187149
v 60.25618744 16.46031952 18.40573502
v 60.57765198 16.50219345 19.09062767
v 60.86156845 17.06415558 18.92670822
v 60.81947708 16.56306076 19.69568062
v 61.09845352 17.11524200 19.53461266
v 60.94529724 16.57270622 20.16906548
v 59.09827423 14.97808361 19.07425690
v 59.52855301 15.42601013 18.82583427
v 59.85862732 15.48012066 19.50575638
v 60.24195480 15.97108746 19.28444290
v 60.11296463 15.55877304 20.10358620
v 60.48962021 16.04119682 19.88612366
v 60.28089142 15.63788128 20.55266190
v 58.14031601 14.25404835 19.62733269
v 58.63281631 14.58581257 19.34298897
v 58.97348404 14.64986229 20.01679420
v 59.43343735 15.03749275 19.75123978
v 59.24322510 14.74296284 20.60573006
v 59.69517136 15.12384701 20.34479713
v 59.47130966 14.87069130 21.02007294
v 57.62941742 13.98557377 19.92230034
v 56.58671570 13.63939285 20.52430534
v 56.95158768 13.71463871 21.18413544
v 57.25651169 13.82401276 21.75275803
v 57.54545212 13.94956779 22.13196754
v 58.26895142 14.16014576 21.16822624
v 57.98195648 14.05672359 20.58925247
v 58.48681259 14.32202244 20.29777336
v 58.54766464 14.30061722 21.55333900
v 58.76502228 14.42082787 20.88182068
v 59.58754349 14.94614506 21.46778297
v 59.12782288 14.63646030 21.73320389
v 59.28098679 14.76932716 22.13588715
v 58.81590271 14.52492905 22.40440178
v 58.96423340 14.67942524 22.78364563
v 58.04182053 14.37318230 23.31620216
v 58.20220566 14.55080128 23.65973854
v 58.32732773 14.71271992 23.93637848
v 58.44060516 14.88224983 24.19532394
v 59.19408035 15.00048351 23.43596077
v 59.27956390 15.16078758 23.71095085
v 59.61876678 15.22365379 23.19076729
v 59.69063568 15.37680244 23.47361946
v 60.02815628 15.49943447 22.95440483
v 60.08689880 15.64373970 23.24483490
v 60.15290070 15.89571285 23.68862534
v 60.17876053 16.15744781 24.07564735
v 59.82922363 15.92198944 24.27745056
v 59.83703232 16.34179497 24.72510529
v 59.51176453 16.17086792 24.91289902
v 59.48794174 16.59442902 25.20700455
v 58.89752960 16.39841080 25.54788017
v 58.89333725 16.73038673 25.66348457
v 58.65092850 14.38585377 22.00853920
v 57.67761993 14.06271267 22.57048035
v 57.86670303 14.20979309 22.95242119
v 58.60183334 15.17826843 24.58413506
v 59.39226532 15.44069481 24.12777901
v 59.77956009 15.64421463 23.90417480
v 58.72660446 15.48575687 24.91404915
v 59.46662903 15.73144722 24.48679543
v 58.84791946 15.95047092 25.29617119
v 59.42932892 16.90833855 25.35402870
v 59.77723312 16.74644852 25.03998375
v 60.15058517 16.55301666 24.54407501
v 60.50910568 16.43585014 23.88492203
v 60.44692612 16.80275726 24.37298584
v 60.72086716 17.08793449 24.21482468
v 60.31966019 17.15642166 24.72681236
v 60.56329727 17.41005325 24.58614731
v 60.18437958 17.41852951 24.91809845
v 60.40556335 17.64878273 24.79039955
v 60.60496521 17.90418053 24.67527390
v 60.77959442 18.18045998 24.57445145
v 59.69195175 17.04634476 25.20240211
v 60.05609894 16.93430519 24.87897873
v 59.94511414 17.21688652 25.05623817
v 60.78294754 17.69138336 24.45933342
v 59.41619110 14.91692734 22.52270699
v 59.53319550 15.07738304 22.89129066
v 59.09550095 14.84737778 23.14399338
v 37.10375595 14.00000000 32.88576889
v 37.10375595 -0.00000000 32.88576889
v 37.10375595 -14.00000000 32.88576889
v 36.73075485 -0.00000000 33.46013641
v 36.73075485 -14.00000000 33.46013641
v 36.55350113 -0.00000000 34.12165451
v 36.55350113 -14.00000000 34.12165451
v 36.58934402 -0.00000000 34.80557251
v 36.58934402 -14.00000000 34.80557251
v 36.58934402 14.00000000 34.80557251
v 36.55350113 14.00000000 34.12165451
v 36.73075485 14.00000000 33.46013641
v 62.13229370 20.00000000 21.96776199
v 62.08238602 20.00000000 22.53379822
v 62.06202316 20.00000000 22.64531326
v 62.06487274 20.00000000 22.64579582
v 61.97897339 20.00000000 23.03629303
v 61.93807220 20.00000000 23.17440033
v 61.89388657 20.00000000 23.30536842
v 61.95617294 19.86324310 23.11058807
v 62.03051758 19.80834198 22.81161690
v 62.08665466 19.82258034 22.48469353
v 62.12347794 19.89564705 22.12459946
v 62.12965775 19.93764496 22.02301407
v 62.13221741 19.98876572 21.96954918
v 62.13182831 19.97263336 21.97836876
v 61.85271072 20.00000000 23.41403198
v 61.87277603 20.00000000 23.36003685
v 61.85172653 20.00000000 23.41363907
v 61.65546417 20.00000000 23.81462669
v 61.61939240 20.00000000 23.87034798
v 61.62036514 20.00000000 23.87097549
v 61.34562683 20.00000000 24.21388435
v 61.34736252 19.99006271 24.21214867
v 61.35064316 19.98303986 24.20885086
v 61.35947418 19.97157669 24.19989586
v 61.38408661 19.95156860 24.17428398
v 61.47016144 19.90773773 24.07644272
v 61.65572739 19.85326385 23.81161308
v 61.82061386 19.86209488 23.48797226
v 40.02660751 -3.29999995 36.59160233
v 40.02494049 -3.29999995 36.59256363
v 40.02660751 3.29999995 36.59160233
v 40.02494049 3.29999995 36.59256363
v 40.02438354 3.29999995 36.59160233
v 40.02438354 -3.29999995 36.59160233
v 61.89388657 -20.00000000 23.30536842
v 61.93807220 -20.00000000 23.17440033
v 62.06202316 -20.00000000 22.64531326
v 61.97897339 -20.00000000 23.03629303
v 62.06487274 -20.00000000 22.64579582
v 62.08238602 -20.00000000 22.53379822
v 62.13229370 -20.00000000 21.96776199
v 62.13221741 -19.98876572 21.96954918
v 62.13182831 -19.97263336 21.97836876
v 62.12965775 -19.93764496 22.02301407
v 62.12347794 -19.89564705 22.12459946
v 62.08665466 -19.82258034 22.48469353
v 62.03051758 -19.80834198 22.81161690
v 61.95617294 -19.86324310 23.11058807
v 61.34562683 -20.00000000 24.21388435
v 61.62036514 -20.00000000 23.87097549
v 61.61939240 -20.00000000 23.87034798
v 61.65546417 -20.00000000 23.81462669
v 61.85172653 -20.00000000 23.41363907
v 61.85271072 -20.00000000 23.41403198
v 61.87277603 -20.00000000 23.36003685
v 61.82061386 -19.86209488 23.48797226
v 61.65572739 -19.85326385 23.81161308
v 61.47016144 -19.90773773 24.07644272
v 61.38408661 -19.95156860 24.17428398
v 61.35947418 -19.97157669 24.19989586
v 61.35064316 -19.98303986 24.20885086
v 61.34736252 -19.99006271 24.21214867
f 1 2 3
f 3 2 4
f 3 4 5
f 5 4 6
f 5 6 7
f 7 6 8
f 8 6 9
f 9 6 10
f 9 10 11
f 11 10 12
f 12 10 13
f 13 10 14
f 14 10 15
f 15 10 16
f 16 10 17
f 17 10 18
f 18 10 19
f 19 10 20
f 19 20 21
f 21 20 22
f 22 20 23
f 22 23 24
f 24 23 25
f 25 23 26
f 26 23 27
f 26 27 28
f 28 27 29
f 28 29 30
f 30 31 28
f 28 31 32
f 33 34 35
f 35 34 36
f 37 38 39
f 39 38 40
f 40 38 41
f 40 41 42
f 42 41 43
f 42 43 44
f 44 43 33
f 44 33 35
f 45 46 47
f 47 46 48
f 48 46 49
f 48 49 50
f 50 49 51
f 50 51 52
f 52 51 37
f 52 37 39
f 53 54 55
f 55 54 56
f 56 54 57
f 56 57 58
f 58 57 59
f 58 59 60
f 60 59 45
f 60 45 47
f 61 62 63
f 63 62 64
f 64 62 65
f 64 65 66
f 66 65 67
f 66 67 68
f 68 67 53
f 68 53 55
f 69 70 71
f 71 70 72
f 72 70 73
f 72 73 74
f 74 73 75
f 74 75 76
f 76 75 61
f 76 61 63
f 77 78 79
f 79 78 80
f 80 78 81
f 80 81 82
f 82 81 83
f 82 83 84
f 84 83 69
f 84 69 71
f 85 86 87
f 87 86 88
f 88 86 89
f 88 89 90
f 90 89 91
f 90 91 92
f 92 91 77
f 92 77 79
f 93 85 94
f 94 85 87
f 95 96 97
f 97 96 98
f 98 96 99
f 98 99 100
f 100 99 101
f 100 101 102
f 102 101 93
f 102 93 94
f 103 104 105
f 105 104 106
f 106 104 107
f 106 107 108
f 108 107 109
f 108 109 110
f 110 109 95
f 110 95 97
f 111 112 113
f 113 112 114
f 114 112 115
f 114 115 116
f 116 115 117
f 116 117 118
f 118 117 103
f 118 103 105
f 119 120 121
f 121 120 122
f 122 120 123
f 122 123 124
f 124 123 125
f 124 125 126
f 126 125 111
f 126 111 113
f 127 128 129
f 129 128 130
f 130 128 131
f 130 131 132
f 132 131 133
f 132 133 134
f 134 133 119
f 134 119 121
f 135 136 137
f 137 136 138
f 138 136 139
f 138 139 140
f 140 139 141
f 140 141 142
f 142 141 127
f 142 127 129
f 143 144 145
f 145 144 146
f 146 144 147
f 146 147 148
f 148 147 149
f 148 149 150
f 150 149 135
f 150 135 137
f 151 143 152
f 152 143 145
f 153 154 155
f 155 154 156
f 156 154 157
f 156 157 158
f 158 157 159
f 158 159 160
f 160 159 151
f 160 151 152
f 161 162 163
f 163 162 164
f 164 162 165
f 164 165 166
f 166 165 167
f 166 167 168
f 168 167 153
f 168 153 155
f 169 170 171
f 171 170 172
f 172 170 173
f 172 173 174
f 174 173 175
f 174 175 176
f 176 175 161
f 176 161 163
f 177 178 179
f 179 178 180
f 180 178 181
f 180 181 182
f 182 181 183
f 182 183 184
f 184 183 169
f 184 169 171
f 185 186 187
f 187 186 188
f 188 186 189
f 188 189 190
f 190 189 191
f 190 191 192
f 192 191 177
f 192 177 179
f 193 194 195
f 195 194 196
f 196 194 197
f 196 197 198
f 198 197 199
f 198 199 200
f 200 199 185
f 200 185 187
f 201 202 203
f 203 202 204
f 204 202 205
f 204 205 206
f 206 205 207
f 206 207 208
f 208 207 193
f 208 193 195
f 209 210 211
f 211 210 212
f 212 210 213
f 212 213 214
f 214 213 215
f 214 215 216
f 216 215 201
f 216 201 203
f 217 218 219
f 219 218 220
f 220 218 221
f 220 221 222
f 222 221 223
f 222 223 224
f 224 223 209
f 224 209 211
f 225 226 227
f 227 226 228
f 228 226 229
f 228 229 230
f 230 229 231
f 230 231 232
f 232 231 217
f 232 217 219
f 233 234 235
f 235 234 236
f 236 234 237
f 236 237 238
f 238 237 239
f 238 239 240
f 240 239 225
f 240 225 227
f 241 242 243
f 243 242 244
f 244 242 245
f 244 245 246
f 246 245 247
f 246 247 248
f 248 247 233
f 248 233 235
f 34 249 36
f 36 249 250
f 250 249 251
f 250 251 252
f 252 251 253
f 252 253 254
f 254 253 241
f 254 241 243
f 36 250 35
f 35 250 44
f 44 250 252
f 44 252 254
f 44 254 42
f 42 254 243
f 42 243 40
f 40 243 244
f 40 244 39
f 39 244 246
f 39 246 52
f 52 246 50
f 50 246 248
f 50 248 48
f 48 248 235
f 48 235 47
f 47 235 60
f 60 235 236
f 60 236 58
f 58 236 238
f 58 238 56
f 56 238 240
f 56 240 55
f 55 240 68
f 68 240 227
f 68 227 66
f 66 227 228
f 66 228 64
f 64 228 230
f 64 230 232
f 64 232 63
f 63 232 219
f 63 219 220
f 63 220 76
f 76 220 222
f 76 222 224
f 224 211 76
f 76 211 74
f 74 211 212
f 74 212 72
f 72 212 214
f 72 214 216
f 72 216 71
f 71 216 203
f 71 203 84
f 84 203 82
f 82 203 105
f 82 105 106
f 105 203 118
f 118 203 204
f 118 204 116
f 116 204 206
f 116 206 208
f 116 208 114
f 114 208 195
f 114 195 196
f 114 196 113
f 113 196 198
f 113 198 200
f 200 187 113
f 113 187 188
f 113 188 190
f 113 190 126
f 126 190 192
f 126 192 179
f 126 179 124
f 124 179 180
f 124 180 182
f 124 182 122
f 122 182 184
f 122 184 121
f 121 184 171
f 121 171 134
f 134 171 172
f 134 172 132
f 132 172 174
f 132 174 130
f 130 174 176
f 130 176 129
f 129 176 163
f 129 163 142
f 142 163 164
f 142 164 140
f 140 164 166
f 140 166 138
f 138 166 168
f 138 168 137
f 137 168 150
f 150 168 155
f 150 155 148
f 148 155 156
f 148 156 146
f 146 156 158
f 146 158 160
f 152 145 160
f 160 145 146
f 82 106 80
f 80 106 108
f 80 108 79
f 79 108 110
f 79 110 92
f 92 110 97
f 92 97 90
f 90 97 98
f 90 98 88
f 88 98 100
f 88 100 102
f 102 94 88
f 88 94 87
f 255 256 257
f 257 256 258
f 259 255 260
f 260 255 257
f 261 262 263
f 263 262 264
f 264 262 265
f 264 265 266
f 266 265 267
f 266 267 268
f 268 267 259
f 268 259 260
f 269 270 271
f 271 270 272
f 272 270 273
f 272 273 274
f 274 273 275
f 274 275 276
f 276 275 261
f 276 261 263
f 256 269 258
f 258 269 271
f 277 278 279
f 279 278 280
f 281 277 282
f 282 277 279
f 283 281 284
f 284 281 282
f 285 283 286
f 286 283 284
f 287 285 288
f 288 285 286
f 289 287 290
f 290 287 288
f 291 289 292
f 292 289 290
f 278 291 280
f 280 291 292
f 292 290 280
f 280 290 258
f 280 258 279
f 279 258 271
f 279 271 272
f 258 290 257
f 257 290 288
f 257 288 284
f 284 288 286
f 284 282 257
f 257 282 260
f 260 282 268
f 268 282 266
f 266 282 264
f 264 282 263
f 263 282 279
f 263 279 276
f 276 279 274
f 274 279 272
f 293 294 295
f 295 294 296
f 295 296 297
f 298 299 293
f 293 299 300
f 293 300 301
f 298 302 299
f 299 302 303
f 301 294 293
f 297 304 295
f 295 304 305
f 305 304 306
f 305 306 307
f 305 307 278
f 278 307 308
f 278 308 309
f 310 285 309
f 309 285 291
f 309 291 278
f 311 237 310
f 310 237 234
f 310 234 233
f 312 229 311
f 311 229 226
f 311 226 225
f 313 185 312
f 312 185 221
f 312 221 218
f 314 177 313
f 313 177 191
f 313 191 189
f 315 316 314
f 314 316 181
f 314 181 178
f 316 315 317
f 317 315 318
f 317 318 319
f 320 321 319
f 319 321 317
f 305 277 316
f 316 277 281
f 316 281 161
f 161 281 162
f 162 281 165
f 165 281 167
f 167 281 153
f 153 281 154
f 154 281 157
f 157 281 159
f 159 281 151
f 151 281 34
f 151 34 33
f 151 33 85
f 85 33 43
f 85 43 86
f 86 43 89
f 89 43 41
f 89 41 38
f 37 51 38
f 38 51 89
f 51 49 89
f 89 49 46
f 89 46 91
f 91 46 45
f 91 45 59
f 57 78 59
f 59 78 77
f 59 77 91
f 57 54 78
f 78 54 81
f 81 54 83
f 83 54 53
f 83 53 67
f 65 62 67
f 67 62 70
f 67 70 69
f 62 61 70
f 70 61 75
f 70 75 73
f 69 83 67
f 151 85 143
f 143 85 93
f 143 93 144
f 144 93 101
f 144 101 99
f 99 96 144
f 144 96 95
f 144 95 109
f 107 141 109
f 109 141 139
f 109 139 136
f 107 104 141
f 141 104 127
f 127 104 128
f 128 104 131
f 131 104 133
f 133 104 103
f 133 103 119
f 119 103 120
f 120 103 117
f 120 117 112
f 112 117 115
f 112 111 120
f 120 111 125
f 120 125 123
f 136 135 109
f 109 135 149
f 109 149 147
f 147 144 109
f 161 175 316
f 316 175 173
f 316 173 170
f 170 169 316
f 316 169 183
f 316 183 181
f 178 177 314
f 189 186 313
f 313 186 185
f 185 199 221
f 221 199 223
f 223 199 197
f 223 197 209
f 209 197 194
f 209 194 193
f 209 193 210
f 210 193 207
f 210 207 213
f 213 207 205
f 213 205 215
f 215 205 202
f 215 202 201
f 218 217 312
f 312 217 231
f 312 231 229
f 225 239 311
f 311 239 237
f 233 247 310
f 310 247 245
f 310 245 283
f 283 245 242
f 283 242 241
f 241 253 283
f 283 253 251
f 283 251 249
f 249 34 283
f 283 34 281
f 278 277 305
f 283 285 310
f 285 287 291
f 291 287 289
f 1 322 2
f 2 322 323
f 2 323 324
f 324 323 325
f 324 325 4
f 322 326 323
f 323 326 327
f 323 327 328
f 326 329 327
f 328 325 323
f 4 2 324
f 330 331 332
f 332 331 333
f 332 333 322
f 322 333 326
f 326 333 329
f 329 333 334
f 334 333 335
f 335 333 331
f 322 1 332
f 336 337 338
f 338 337 339
f 338 339 340
f 340 341 338
f 338 341 342
f 338 342 343
f 343 342 344
f 343 344 345
f 345 344 346
f 345 346 335
f 335 346 334
f 335 331 345
f 345 331 347
f 345 347 348
f 331 330 347
f 345 348 343
f 343 348 336
f 343 336 338
f 334 349 329
f 329 349 350
f 329 350 327
f 327 350 328
f 328 350 351
f 328 351 325
f 325 351 352
f 325 352 4
f 349 334 353
f 353 334 354
f 353 354 355
f 355 354 356
f 355 356 357
f 357 356 358
f 357 358 359
f 359 358 360
f 359 360 361
f 362 363 354
f 354 363 356
f 363 358 356
f 359 361 364
f 364 361 365
f 364 365 366
f 366 365 367
f 366 367 368
f 368 367 350
f 368 350 349
f 365 369 367
f 367 369 351
f 367 351 350
f 369 352 351
f 368 349 370
f 370 349 353
f 370 353 371
f 371 353 355
f 371 355 357
f 364 366 370
f 370 366 368
f 364 370 371
f 364 371 359
f 359 371 357
f 372 373 374
f 374 373 375
f 374 375 376
f 372 377 373
f 373 377 378
f 373 378 375
f 375 378 376
f 379 380 381
f 381 380 382
f 381 382 383
f 383 382 384
f 383 384 385
f 385 384 386
f 385 386 387
f 387 386 372
f 387 372 374
f 380 388 382
f 382 388 389
f 382 389 390
f 388 391 389
f 382 390 384
f 384 390 392
f 384 392 386
f 386 392 377
f 386 377 372
f 392 378 377
f 376 393 374
f 374 393 394
f 374 394 395
f 395 394 396
f 376 397 393
f 398 399 400
f 400 399 401
f 400 401 402
f 402 401 362
f 362 401 363
f 363 401 403
f 363 403 358
f 358 403 404
f 358 404 405
f 405 404 406
f 406 404 403
f 406 403 399
f 399 403 401
f 405 360 358
f 407 379 408
f 408 379 381
f 408 381 409
f 409 381 383
f 409 383 410
f 410 383 385
f 410 385 387
f 374 395 387
f 387 395 410
f 410 395 411
f 411 395 396
f 411 396 412
f 411 412 413
f 413 412 414
f 413 414 415
f 415 414 416
f 415 416 407
f 415 407 408
f 415 408 409
f 411 413 410
f 410 413 409
f 413 415 409
f 416 414 417
f 417 414 418
f 417 418 419
f 419 418 420
f 419 420 421
f 421 420 422
f 421 422 398
f 398 422 399
f 399 422 423
f 399 423 406
f 406 423 424
f 406 424 425
f 425 424 426
f 426 424 427
f 426 427 428
f 428 427 429
f 428 429 430
f 430 429 420
f 430 420 418
f 418 414 430
f 430 414 412
f 430 412 428
f 428 412 431
f 428 431 426
f 412 396 431
f 425 405 406
f 429 427 423
f 423 427 424
f 420 429 422
f 422 429 423
f 432 405 433
f 433 405 425
f 433 425 426
f 433 426 434
f 434 426 431
f 434 431 396
f 396 394 434
f 434 394 435
f 434 435 433
f 433 435 436
f 433 436 432
f 432 436 437
f 437 436 438
f 437 438 439
f 394 393 435
f 435 393 440
f 435 440 436
f 436 440 438
f 393 397 440
f 405 432 360
f 360 432 441
f 441 432 437
f 441 437 442
f 442 437 443
f 442 443 444
f 437 439 443
f 444 6 442
f 4 352 6
f 6 352 369
f 6 369 442
f 442 369 365
f 442 365 441
f 441 365 361
f 441 361 360
f 337 336 445
f 445 336 446
f 446 336 348
f 446 348 447
f 447 348 347
f 447 347 448
f 448 347 330
f 448 330 332
f 1 3 332
f 332 3 448
f 3 5 448
f 448 5 449
f 448 449 450
f 450 449 451
f 450 451 452
f 452 451 453
f 453 451 454
f 453 454 455
f 455 454 456
f 455 456 457
f 457 456 458
f 457 458 459
f 459 458 460
f 460 458 461
f 460 461 462
f 462 461 463
f 462 463 464
f 464 463 465
f 465 463 466
f 465 466 467
f 467 466 468
f 467 468 469
f 469 468 470
f 469 470 471
f 471 470 472
f 471 472 473
f 473 472 474
f 474 472 475
f 474 475 476
f 476 475 477
f 476 477 478
f 478 477 479
f 478 479 480
f 480 479 481
f 480 481 482
f 482 481 483
f 482 483 484
f 484 483 485
f 484 485 486
f 486 485 487
f 486 487 488
f 488 487 489
f 488 489 490
f 490 489 491
f 490 491 492
f 492 491 493
f 493 491 494
f 493 494 495
f 495 494 496
f 495 496 497
f 497 496 498
f 497 498 499
f 499 498 500
f 499 500 501
f 501 500 502
f 501 502 503
f 503 502 504
f 503 504 18
f 18 504 17
f 17 504 505
f 17 505 506
f 506 505 507
f 506 507 508
f 508 507 509
f 508 509 510
f 510 509 511
f 510 511 512
f 512 511 513
f 512 513 514
f 514 513 515
f 514 515 516
f 516 515 479
f 516 479 477
f 5 7 449
f 449 7 517
f 449 517 454
f 454 517 518
f 454 518 458
f 458 518 461
f 7 8 517
f 517 8 519
f 517 519 518
f 518 519 520
f 518 520 461
f 461 520 521
f 461 521 463
f 463 521 522
f 463 522 468
f 468 522 470
f 8 9 519
f 519 9 523
f 519 523 520
f 520 523 524
f 520 524 521
f 521 524 525
f 521 525 522
f 522 525 526
f 522 526 470
f 470 526 527
f 470 527 472
f 472 527 516
f 472 516 477
f 9 11 523
f 523 11 12
f 523 12 528
f 528 12 13
f 528 13 529
f 529 13 14
f 529 14 530
f 530 14 15
f 530 15 531
f 531 15 16
f 531 16 506
f 506 16 17
f 18 19 503
f 503 19 532
f 503 532 501
f 501 532 533
f 501 533 499
f 499 533 534
f 499 534 497
f 497 534 535
f 497 535 495
f 495 535 536
f 495 536 493
f 532 19 537
f 537 19 21
f 537 21 538
f 538 21 22
f 538 22 539
f 539 22 24
f 539 24 540
f 539 540 541
f 541 540 542
f 541 542 543
f 543 542 535
f 543 535 534
f 542 536 535
f 492 544 490
f 490 544 545
f 490 545 488
f 488 545 546
f 488 546 486
f 486 546 547
f 486 547 484
f 484 547 548
f 484 548 482
f 482 548 549
f 482 549 550
f 550 549 551
f 551 549 548
f 551 548 552
f 552 548 553
f 552 553 554
f 554 553 555
f 554 555 556
f 556 555 557
f 556 557 558
f 558 557 544
f 544 557 545
f 558 559 556
f 556 559 554
f 560 478 550
f 550 478 480
f 550 480 482
f 560 476 478
f 473 469 471
f 464 460 462
f 452 447 450
f 450 447 448
f 454 451 449
f 458 456 454
f 523 528 524
f 524 528 561
f 524 561 525
f 525 561 562
f 525 562 526
f 526 562 563
f 526 563 527
f 527 563 514
f 527 514 516
f 468 466 463
f 528 529 561
f 561 529 564
f 561 564 562
f 562 564 565
f 562 565 563
f 563 565 512
f 563 512 514
f 529 530 564
f 564 530 566
f 564 566 565
f 565 566 510
f 565 510 512
f 530 531 566
f 566 531 508
f 566 508 510
f 506 508 531
f 477 475 472
f 507 505 567
f 567 505 504
f 567 504 502
f 509 507 568
f 568 507 567
f 568 567 569
f 569 567 502
f 569 502 500
f 511 509 570
f 570 509 568
f 570 568 571
f 571 568 569
f 571 569 572
f 572 569 500
f 572 500 498
f 513 511 573
f 573 511 570
f 573 570 574
f 574 570 571
f 574 571 575
f 575 571 572
f 575 572 576
f 576 572 498
f 576 498 496
f 515 513 577
f 577 513 573
f 577 573 578
f 578 573 574
f 578 574 579
f 579 574 575
f 579 575 580
f 580 575 576
f 580 576 581
f 581 576 496
f 581 496 494
f 479 515 481
f 481 515 577
f 481 577 483
f 483 577 578
f 483 578 485
f 485 578 579
f 485 579 487
f 487 579 580
f 487 580 489
f 489 580 581
f 489 581 491
f 491 581 494
f 553 548 547
f 538 582 537
f 537 582 533
f 537 533 532
f 543 534 582
f 582 534 533
f 539 541 538
f 538 541 582
f 541 543 582
f 553 547 555
f 555 547 546
f 555 546 557
f 557 546 545
f 583 584 585
f 585 584 586
f 585 586 587
f 584 583 588
f 588 583 589
f 588 589 590
f 590 589 591
f 590 591 592
f 592 593 590
f 590 593 594
f 590 594 595
f 595 594 596
f 595 596 597
f 597 596 598
f 597 598 599
f 599 598 600
f 601 602 587
f 587 602 603
f 587 603 585
f 602 601 604
f 604 601 605
f 604 605 606
f 606 607 604
f 602 608 603
f 603 608 609
f 609 608 610
f 610 608 611
f 610 611 10
f 10 611 612
f 10 612 20
f 20 612 613
f 20 613 614
f 614 613 615
f 615 613 616
f 615 616 617
f 617 616 618
f 618 616 619
f 618 619 620
f 620 619 621
f 621 619 622
f 617 623 615
f 615 623 624
f 624 623 625
f 625 623 626
f 625 626 627
f 627 626 628
f 627 628 629
f 629 628 630
f 630 628 631
f 631 628 632
f 631 632 633
f 633 632 634
f 633 634 635
f 628 636 632
f 635 637 633
f 633 637 638
f 638 637 639
f 638 639 640
f 638 640 641
f 641 640 642
f 641 642 643
f 643 642 644
f 643 644 645
f 645 644 646
f 645 646 647
f 647 646 648
f 647 648 649
f 649 650 647
f 647 650 651
f 651 650 652
f 651 652 653
f 653 654 651
f 651 654 655
f 655 654 656
f 655 656 657
f 657 656 658
f 658 656 659
f 659 656 660
f 659 660 661
f 661 660 662
f 661 662 663
f 663 662 664
f 664 662 665
f 664 665 666
f 666 665 667
f 666 667 668
f 668 667 669
f 668 669 670
f 654 671 656
f 670 672 668
f 666 673 664
f 664 673 674
f 674 673 675
f 675 673 676
f 675 676 677
f 677 676 678
f 678 676 679
f 679 676 680
f 680 676 681
f 682 683 684
f 684 683 685
f 684 685 686
f 687 688 686
f 686 688 684
f 689 690 688
f 688 690 691
f 688 691 684
f 684 691 682
f 690 689 692
f 692 689 693
f 692 693 694
f 694 695 692
f 692 695 696
f 692 696 690
f 690 696 682
f 690 682 691
f 697 687 698
f 698 687 686
f 698 686 685
f 683 699 685
f 685 699 698
f 698 699 700
f 700 699 701
f 700 701 702
f 702 701 703
f 702 703 704
f 704 703 705
f 704 706 702
f 702 706 707
f 702 707 697
f 702 697 700
f 700 697 698
f 708 709 710
f 710 709 711
f 710 711 712
f 712 711 713
f 712 713 714
f 709 715 711
f 711 715 716
f 711 716 713
f 714 717 712
f 712 717 718
f 712 718 719
f 719 718 720
f 719 720 721
f 721 720 704
f 721 704 705
f 717 722 718
f 718 722 720
f 707 706 722
f 722 706 720
f 706 704 720
f 719 723 712
f 712 723 710
f 724 725 726
f 726 725 727
f 726 727 728
f 728 727 729
f 728 729 730
f 730 729 731
f 731 729 732
f 732 729 733
f 733 729 734
f 734 729 735
f 734 735 736
f 725 737 727
f 727 737 738
f 727 738 739
f 735 729 739
f 739 729 727
f 738 737 708
f 708 737 740
f 708 740 709
f 709 740 715
f 715 740 741
f 715 741 724
f 724 741 742
f 724 742 725
f 725 742 737
f 737 742 741
f 737 741 740
f 724 716 715
f 708 710 743
f 743 710 744
f 744 710 723
f 744 723 745
f 745 723 719
f 745 719 746
f 746 719 721
f 746 721 747
f 747 721 705
f 747 705 748
f 747 748 749
f 749 748 750
f 749 750 751
f 751 752 749
f 749 752 753
f 749 753 754
f 754 753 755
f 754 755 756
f 756 755 757
f 756 757 758
f 758 757 759
f 758 759 744
f 744 759 760
f 760 759 761
f 760 761 762
f 762 761 763
f 762 763 764
f 764 763 765
f 764 765 766
f 766 765 767
f 766 767 768
f 768 767 769
f 768 769 770
f 770 769 771
f 770 771 772
f 772 771 773
f 772 773 774
f 774 773 775
f 774 775 776
f 776 775 777
f 776 777 778
f 753 752 779
f 779 752 780
f 779 780 781
f 781 780 782
f 781 782 783
f 783 782 763
f 783 763 761
f 780 784 782
f 782 784 765
f 782 765 763
f 784 767 765
f 785 786 787
f 787 786 788
f 787 788 789
f 789 788 790
f 789 790 791
f 791 790 774
f 791 774 776
f 760 762 785
f 785 762 792
f 785 792 793
f 793 792 794
f 793 794 795
f 795 794 768
f 795 768 770
f 776 778 791
f 791 778 789
f 758 744 756
f 756 744 745
f 756 745 754
f 754 745 747
f 754 747 749
f 786 785 793
f 778 787 789
f 745 746 747
f 753 779 755
f 755 779 781
f 755 781 757
f 757 781 783
f 757 783 759
f 759 783 761
f 764 766 794
f 794 766 768
f 762 764 792
f 792 764 794
f 786 793 795
f 795 770 796
f 796 770 772
f 796 772 790
f 790 772 774
f 788 786 796
f 796 786 795
f 788 796 790
f 738 708 743
f 682 797 683
f 683 797 798
f 683 798 699
f 699 798 748
f 699 748 701
f 701 748 703
f 703 748 705
f 797 682 799
f 799 682 696
f 799 696 695
f 695 694 799
f 799 800 797
f 797 800 801
f 797 801 802
f 802 801 751
f 802 751 750
f 802 750 798
f 798 750 748
f 797 802 798
f 735 739 743
f 743 739 738
f 803 804 805
f 805 804 806
f 805 806 807
f 807 806 808
f 807 808 809
f 809 808 810
f 809 810 811
f 811 810 812
f 811 812 813
f 813 812 814
f 813 814 815
f 815 814 816
f 815 816 817
f 817 816 818
f 817 818 819
f 819 818 820
f 819 820 821
f 821 820 822
f 821 822 823
f 823 822 824
f 823 824 825
f 825 824 826
f 825 826 827
f 827 826 828
f 827 828 829
f 829 828 830
f 829 830 831
f 831 830 832
f 804 833 806
f 806 833 834
f 806 834 808
f 808 834 835
f 808 835 810
f 810 835 836
f 810 836 812
f 812 836 837
f 812 837 814
f 814 837 838
f 814 838 816
f 816 838 818
f 833 839 834
f 834 839 840
f 834 840 835
f 835 840 841
f 835 841 836
f 836 841 842
f 836 842 837
f 837 842 843
f 837 843 838
f 838 843 844
f 838 844 818
f 818 844 820
f 840 839 845
f 845 839 846
f 845 846 847
f 847 846 848
f 847 848 849
f 849 848 850
f 849 850 851
f 851 850 852
f 851 852 853
f 853 852 854
f 853 854 855
f 855 854 856
f 855 856 824
f 824 856 826
f 846 857 848
f 848 857 858
f 848 858 859
f 857 860 858
f 859 861 848
f 848 861 850
f 861 862 850
f 850 862 852
f 862 863 852
f 852 863 854
f 854 863 856
f 856 863 828
f 856 828 826
f 828 864 830
f 830 864 865
f 830 865 866
f 866 867 830
f 830 867 832
f 832 868 869
f 869 868 815
f 869 815 870
f 870 815 817
f 870 817 819
f 831 832 871
f 871 832 872
f 872 832 873
f 841 840 845
f 845 847 874
f 874 847 849
f 874 849 875
f 875 849 851
f 875 851 876
f 876 851 853
f 876 853 877
f 877 853 855
f 877 855 822
f 822 855 824
f 842 841 874
f 874 841 845
f 842 874 875
f 843 842 875
f 843 875 876
f 844 843 876
f 844 876 877
f 825 827 878
f 878 827 829
f 878 829 831
f 823 825 879
f 879 825 878
f 879 878 871
f 871 878 831
f 821 823 880
f 880 823 879
f 880 879 872
f 872 879 871
f 819 821 881
f 881 821 880
f 881 880 873
f 873 880 872
f 877 822 820
f 877 820 844
f 881 873 869
f 869 873 832
f 869 870 881
f 881 870 819
f 803 882 883
f 883 882 884
f 883 884 885
f 885 884 886
f 885 886 887
f 887 886 888
f 887 888 889
f 889 888 890
f 889 890 891
f 891 890 892
f 891 892 846
f 846 892 857
f 857 892 893
f 857 893 860
f 860 893 894
f 890 893 892
f 891 846 889
f 889 846 839
f 889 839 887
f 887 839 833
f 887 833 885
f 885 833 804
f 885 804 883
f 883 804 803
f 895 687 896
f 896 687 697
f 896 697 897
f 897 697 898
f 897 898 899
f 899 898 707
f 899 707 900
f 900 707 722
f 900 722 717
f 697 707 898
f 900 717 901
f 901 717 714
f 901 714 902
f 902 714 903
f 902 903 904
f 714 713 903
f 903 713 905
f 905 713 716
f 905 716 906
f 906 716 724
f 906 724 907
f 907 724 726
f 907 726 728
f 728 730 907
f 907 730 731
f 907 731 735
f 735 731 732
f 735 732 733
f 733 734 735
f 735 734 736
f 908 909 904
f 904 909 910
f 904 910 902
f 902 910 911
f 902 911 901
f 901 911 899
f 901 899 900
f 909 908 912
f 912 908 913
f 912 913 914
f 914 913 915
f 914 915 916
f 916 915 917
f 916 917 918
f 918 917 919
f 918 919 920
f 920 919 921
f 920 921 922
f 922 921 923
f 922 923 924
f 924 923 925
f 924 925 926
f 926 925 927
f 926 927 928
f 928 927 929
f 928 929 930
f 930 929 882
f 882 929 884
f 884 929 931
f 884 931 886
f 886 931 888
f 888 931 932
f 888 932 890
f 890 932 933
f 890 933 934
f 934 933 935
f 934 935 936
f 936 935 937
f 936 937 938
f 938 937 939
f 938 939 923
f 923 939 925
f 919 940 921
f 921 940 938
f 921 938 923
f 940 936 938
f 936 894 934
f 934 894 893
f 934 893 890
f 928 930 941
f 941 930 942
f 941 942 943
f 943 942 944
f 943 944 945
f 945 944 946
f 945 946 947
f 947 946 948
f 947 948 949
f 949 948 950
f 949 950 916
f 916 950 914
f 942 951 944
f 944 951 952
f 944 952 946
f 946 952 953
f 946 953 948
f 948 953 954
f 948 954 950
f 950 954 955
f 950 955 914
f 914 955 912
f 951 956 952
f 952 956 957
f 952 957 953
f 953 957 958
f 953 958 954
f 954 958 959
f 954 959 955
f 955 959 960
f 955 960 912
f 912 960 909
f 956 961 957
f 957 961 962
f 957 962 958
f 958 962 963
f 958 963 959
f 959 963 964
f 959 964 960
f 960 964 965
f 960 965 909
f 909 965 910
f 961 966 962
f 962 966 967
f 962 967 963
f 963 967 968
f 963 968 964
f 964 968 969
f 964 969 965
f 965 969 911
f 965 911 910
f 966 970 967
f 967 970 971
f 967 971 968
f 968 971 897
f 968 897 969
f 969 897 899
f 969 899 911
f 970 895 971
f 971 895 896
f 971 896 897
f 916 918 949
f 949 918 972
f 949 972 947
f 947 972 973
f 947 973 945
f 945 973 974
f 945 974 943
f 943 974 941
f 920 922 972
f 972 922 973
f 974 973 924
f 924 973 922
f 918 920 972
f 941 974 926
f 926 974 924
f 939 937 975
f 975 937 935
f 975 935 933
f 925 939 976
f 976 939 975
f 976 975 932
f 932 975 933
f 925 976 927
f 927 976 931
f 927 931 929
f 931 976 932
f 941 926 928
f 805 977 803
f 803 977 978
f 803 978 979
f 979 978 980
f 980 978 981
f 981 978 982
f 981 982 983
f 983 982 984
f 983 984 985
f 985 984 811
f 985 811 986
f 986 811 813
f 986 813 987
f 987 813 815
f 987 815 988
f 988 815 868
f 988 868 989
f 989 868 990
f 990 868 832
f 805 807 977
f 977 807 984
f 977 984 982
f 807 809 984
f 984 809 811
f 988 989 991
f 991 989 992
f 991 992 993
f 993 992 994
f 993 994 995
f 995 994 996
f 995 996 997
f 981 983 997
f 997 983 998
f 997 998 995
f 995 998 999
f 995 999 993
f 993 999 991
f 999 998 985
f 985 998 983
f 982 978 977
f 986 987 985
f 985 987 999
f 988 991 987
f 987 991 999
f 882 803 1000
f 1000 803 1001
f 1001 803 979
f 1001 979 1002
f 1002 979 980
f 694 693 1003
f 1003 693 689
f 1003 689 688
f 688 687 1003
f 1003 687 895
f 1003 895 1004
f 1004 895 970
f 1004 970 966
f 1004 966 1005
f 1005 966 961
f 1005 961 956
f 956 951 1005
f 1005 951 1006
f 1006 951 942
f 1006 942 930
f 882 1000 930
f 930 1000 1006
f 1007 1008 1009
f 1009 1008 1010
f 1009 1010 1011
f 1011 1010 1012
f 1011 1012 1013
f 1013 1012 1014
f 1013 1014 1015
f 1015 1014 1016
f 1015 1016 1017
f 1017 1016 1018
f 1017 1018 1019
f 1019 1018 1020
f 1019 1020 1021
f 1021 1020 1022
f 1021 1022 1023
f 1023 1022 1024
f 1024 1022 1025
f 1025 1022 1026
f 1025 1026 1027
f 1027 1026 1028
f 1027 1028 1029
f 1029 1028 1030
f 1029 1030 1031
f 1031 1030 1032
f 1031 1032 1033
f 1033 1032 1034
f 1033 1034 1035
f 1035 1034 1014
f 1035 1014 1012
f 1033 1036 1031
f 1031 1036 1037
f 1031 1037 1029
f 1029 1037 1038
f 1029 1038 1027
f 1036 1039 1037
f 1037 1039 1038
f 1023 1040 1021
f 1021 1040 1041
f 1021 1041 1019
f 1019 1041 1042
f 1019 1042 1017
f 1017 1042 1043
f 1017 1043 1015
f 1015 1043 1044
f 1015 1044 1013
f 1013 1044 1011
f 1040 1045 1041
f 1041 1045 1046
f 1041 1046 1042
f 1042 1046 1047
f 1042 1047 1043
f 1043 1047 1048
f 1043 1048 1044
f 1044 1048 1049
f 1044 1049 1011
f 1011 1049 1009
f 1045 1050 1046
f 1046 1050 1051
f 1046 1051 1047
f 1047 1051 1052
f 1047 1052 1048
f 1048 1052 1053
f 1048 1053 1049
f 1049 1053 1054
f 1049 1054 1009
f 1009 1054 1007
f 1050 1055 1051
f 1051 1055 1056
f 1051 1056 1052
f 1052 1056 1057
f 1052 1057 1053
f 1053 1057 1058
f 1053 1058 1054
f 1054 1058 1007
f 1056 1055 1059
f 1059 1055 1060
f 1059 1060 1061
f 1061 1060 1062
f 1061 1062 1007
f 1061 1007 1063
f 1063 1007 1058
f 1059 1061 1063
f 1059 1063 1057
f 1057 1063 1058
f 1056 1059 1057
f 1014 1034 1016
f 1016 1034 1064
f 1016 1064 1018
f 1018 1064 1065
f 1018 1065 1020
f 1020 1065 1026
f 1020 1026 1022
f 1032 1030 1064
f 1064 1030 1065
f 1026 1065 1028
f 1028 1065 1030
f 1034 1032 1064
f 1066 1067 1068
f 1068 1067 1069
f 1068 1069 1070
f 1068 1070 1071
f 1071 1070 1072
f 1071 1072 1073
f 1071 1073 1074
f 1074 1073 1075
f 1074 1075 1076
f 1076 1075 1077
f 1078 1007 1079
f 1079 1007 1062
f 1079 1062 1060
f 1079 1060 1080
f 1080 1060 1055
f 1080 1055 1050
f 1045 1081 1050
f 1050 1081 1082
f 1050 1082 1080
f 1080 1082 1079
f 1045 1040 1081
f 1081 1040 1083
f 1081 1083 1082
f 1082 1083 1084
f 1082 1084 1085
f 1085 1084 1086
f 1085 1086 1087
f 1087 1086 1088
f 1087 1088 1071
f 1071 1088 1068
f 1068 1088 1089
f 1068 1089 1066
f 1040 1023 1083
f 1083 1023 1090
f 1083 1090 1084
f 1084 1090 1091
f 1084 1091 1086
f 1086 1091 1092
f 1086 1092 1088
f 1088 1092 1089
f 1023 1024 1090
f 1071 1074 1087
f 1087 1074 1093
f 1087 1093 1085
f 1085 1093 1079
f 1085 1079 1082
f 1076 1094 1074
f 1074 1094 1093
f 1094 1078 1093
f 1093 1078 1079
f 1095 1039 1096
f 1096 1039 1036
f 1096 1036 1033
f 1035 1097 1033
f 1033 1097 1098
f 1033 1098 1096
f 1097 1035 1099
f 1099 1035 1012
f 1099 1012 1100
f 1100 1012 1101
f 1101 1012 1010
f 1101 1010 1102
f 1102 1010 1008
f 1102 1008 1007
f 1072 1070 1103
f 1103 1070 1104
f 1104 1070 1069
f 1104 1069 1105
f 1105 1069 1067
f 1105 1067 1106
f 1077 1102 1076
f 1076 1102 1094
f 1094 1102 1078
f 1078 1102 1007
f 1102 1077 1107
f 1107 1077 1075
f 1107 1075 1073
f 1072 1103 1073
f 1073 1103 1107
f 590 595 1107
f 1107 595 1101
f 1107 1101 1102
f 1099 1100 595
f 595 1100 1101
f 1108 1109 1110
f 1110 1109 1111
f 1110 1111 1112
f 1112 1111 1113
f 1112 1113 1114
f 1114 1113 1115
f 1114 1115 1116
f 1116 1115 1117
f 1116 1117 1118
f 1118 1117 1119
f 1118 1119 1120
f 1120 1119 1121
f 1120 1121 1122
f 1122 1121 1123
f 1122 1123 1124
f 1124 1123 1125
f 1125 1123 1126
f 1126 1123 1127
f 1126 1127 1128
f 1128 1127 1129
f 1128 1129 1130
f 1130 1129 1131
f 1130 1131 1132
f 1132 1131 1133
f 1132 1133 1134
f 1134 1133 1135
f 1134 1135 1136
f 1136 1135 1115
f 1136 1115 1113
f 1134 1137 1132
f 1132 1137 1138
f 1132 1138 1130
f 1130 1138 1139
f 1130 1139 1128
f 1137 1140 1138
f 1138 1140 1139
f 1124 1141 1122
f 1122 1141 1142
f 1122 1142 1120
f 1120 1142 1143
f 1120 1143 1118
f 1118 1143 1144
f 1118 1144 1116
f 1116 1144 1145
f 1116 1145 1114
f 1114 1145 1112
f 1141 1146 1142
f 1142 1146 1147
f 1142 1147 1143
f 1143 1147 1148
f 1143 1148 1144
f 1144 1148 1149
f 1144 1149 1145
f 1145 1149 1150
f 1145 1150 1112
f 1112 1150 1110
f 1146 1151 1147
f 1147 1151 1152
f 1147 1152 1148
f 1148 1152 1153
f 1148 1153 1149
f 1149 1153 1154
f 1149 1154 1150
f 1150 1154 1155
f 1150 1155 1110
f 1110 1155 1108
f 1151 1156 1152
f 1152 1156 1157
f 1152 1157 1153
f 1153 1157 1158
f 1153 1158 1154
f 1154 1158 1159
f 1154 1159 1155
f 1155 1159 1108
f 1156 1160 1157
f 1157 1160 1161
f 1157 1161 1158
f 1158 1161 1162
f 1158 1162 1159
f 1159 1162 1108
f 1161 1160 1163
f 1163 1160 1108
f 1163 1108 1162
f 1161 1163 1162
f 1115 1135 1117
f 1117 1135 1164
f 1117 1164 1119
f 1119 1164 1165
f 1119 1165 1121
f 1121 1165 1127
f 1121 1127 1123
f 1133 1131 1164
f 1164 1131 1165
f 1127 1165 1129
f 1129 1165 1131
f 1135 1133 1164
f 1166 1108 1167
f 1167 1108 1160
f 1167 1160 1168
f 1168 1160 1156
f 1168 1156 1169
f 1169 1156 1170
f 1169 1170 1171
f 1171 1170 1146
f 1171 1146 1141
f 1156 1151 1170
f 1170 1151 1146
f 1141 1124 1171
f 1171 1124 1172
f 1171 1172 1173
f 1173 1172 1174
f 1173 1174 1175
f 1175 1174 1176
f 1175 1176 1177
f 1177 1176 1178
f 1177 1178 1179
f 1179 1178 1180
f 1124 1125 1172
f 1179 1181 1177
f 1177 1181 1182
f 1177 1182 1175
f 1175 1182 1183
f 1175 1183 1173
f 1173 1183 1169
f 1173 1169 1171
f 1181 1184 1182
f 1182 1184 1185
f 1182 1185 1183
f 1183 1185 1167
f 1183 1167 1169
f 1169 1167 1168
f 1186 1187 1184
f 1184 1187 1185
f 1187 1166 1185
f 1185 1166 1167
f 1188 1189 1180
f 1180 1189 1179
f 1179 1189 1190
f 1179 1190 1181
f 1181 1190 1191
f 1181 1191 1184
f 1184 1191 1192
f 1184 1192 1186
f 1193 1140 1194
f 1194 1140 1137
f 1194 1137 1134
f 1136 1195 1134
f 1134 1195 1196
f 1134 1196 1194
f 1195 1136 1197
f 1197 1136 1113
f 1197 1113 1198
f 1198 1113 1199
f 1199 1113 1111
f 1199 1111 1200
f 1200 1111 1109
f 1200 1109 1108
f 1201 1180 1202
f 1202 1180 1178
f 1202 1178 1203
f 1203 1178 1176
f 1203 1176 1204
f 1204 1176 1174
f 1204 1174 656
f 656 1174 660
f 660 1174 1172
f 660 1172 662
f 662 1172 1125
f 662 1125 665
f 1188 1180 1205
f 1205 1180 1201
f 1200 1192 1206
f 1206 1192 1191
f 1206 1191 1190
f 1206 1190 1205
f 1205 1190 1189
f 1205 1189 1188
f 1206 671 1200
f 1200 671 1199
f 1199 671 1198
f 1198 671 1197
f 1197 671 1207
f 1207 671 1208
f 1208 671 1209
f 1209 671 1210
f 1209 1210 1211
f 1211 1210 1212
f 1212 1210 1213
f 1213 1210 1214
f 671 654 1210
f 1192 1200 1186
f 1186 1200 1187
f 1187 1200 1166
f 1166 1200 1108
f 1215 1216 1217
f 1217 1216 1218
f 1217 1218 1219
f 1219 1218 1220
f 1219 1220 1221
f 1221 1220 1222
f 1221 1222 1223
f 1223 1222 1224
f 1223 1224 1225
f 1225 1224 1226
f 1225 1226 1227
f 1227 1226 1228
f 1227 1228 1229
f 1215 1230 1216
f 1216 1230 1231
f 1216 1231 1232
f 1232 1231 1233
f 1232 1233 1234
f 1234 1233 1235
f 1234 1235 1236
f 1236 1235 1237
f 1236 1237 1238
f 1238 1237 1239
f 1238 1239 1240
f 1240 1239 1241
f 1241 1239 1242
f 1241 1242 1243
f 1243 1242 1244
f 1243 1244 1245
f 1245 1244 1246
f 1245 1246 1247
f 1247 1246 1248
f 1247 1248 1249
f 1249 1248 1250
f 1249 1250 1251
f 1251 1250 1252
f 1251 1252 1253
f 1230 1254 1231
f 1231 1254 1250
f 1231 1250 1248
f 1254 1252 1250
f 1251 1253 1255
f 1255 1253 1256
f 1255 1256 1257
f 1255 1257 1258
f 1258 1257 1259
f 1258 1259 1260
f 1260 1259 1261
f 1260 1261 1247
f 1247 1261 1245
f 1259 1262 1261
f 1261 1262 1263
f 1261 1263 1245
f 1245 1263 1243
f 1262 1264 1263
f 1263 1264 1265
f 1263 1265 1243
f 1243 1265 1241
f 1240 1266 1238
f 1238 1266 1226
f 1238 1226 1224
f 1266 1228 1226
f 1229 1267 1227
f 1227 1267 1225
f 1225 1267 1223
f 1223 1267 1221
f 1221 1267 1219
f 1267 1217 1219
f 1220 1218 1232
f 1232 1218 1216
f 1222 1220 1234
f 1234 1220 1232
f 1224 1222 1236
f 1236 1222 1234
f 1236 1238 1224
f 1231 1248 1233
f 1233 1248 1246
f 1233 1246 1235
f 1235 1246 1244
f 1235 1244 1237
f 1237 1244 1242
f 1237 1242 1239
f 1260 1247 1249
f 1255 1258 1251
f 1251 1258 1249
f 1258 1260 1249
f 1267 1229 1268
f 1268 1229 1228
f 1268 1228 1269
f 1269 1228 1266
f 1269 1266 1270
f 1270 1266 1271
f 1271 1266 1240
f 1271 1240 1272
f 1272 1240 1241
f 1272 1241 1273
f 1273 1241 1265
f 1273 1265 1274
f 1274 1265 1275
f 1275 1265 1264
f 1256 1253 1276
f 1276 1253 1277
f 1276 1277 1278
f 1278 1277 1279
f 1278 1279 1280
f 1280 1279 1281
f 1280 1281 1282
f 1282 1281 1283
f 1282 1283 1284
f 1284 1283 1285
f 1285 1283 1286
f 1285 1286 1287
f 1287 1286 1288
f 1287 1288 1289
f 1289 1288 1290
f 1289 1290 1291
f 1253 1252 1277
f 1277 1252 1254
f 1277 1254 1292
f 1292 1254 1230
f 1292 1230 1215
f 1217 1293 1215
f 1215 1293 1294
f 1215 1294 1292
f 1292 1294 1279
f 1292 1279 1277
f 1293 1217 1295
f 1295 1217 1267
f 1295 1267 1296
f 1295 1296 1288
f 1288 1296 1290
f 1281 1279 1294
f 1294 1293 1297
f 1297 1293 1295
f 1297 1295 1286
f 1286 1295 1288
f 1283 1281 1297
f 1297 1281 1294
f 1283 1297 1286
f 1291 1298 1289
f 1289 1298 1299
f 1289 1299 1287
f 1287 1299 1300
f 1287 1300 1285
f 1285 1300 1301
f 1285 1301 1284
f 1284 1301 1302
f 622 1264 1303
f 1303 1264 1262
f 1303 1262 1304
f 1304 1262 1259
f 1304 1259 1305
f 1305 1259 1257
f 1305 1257 1256
f 1256 617 1305
f 1305 617 618
f 1305 618 1304
f 1304 618 620
f 1304 620 1303
f 1303 620 621
f 1303 621 622
f 1264 622 1275
f 1275 622 1306
f 1275 1306 1307
f 619 1308 622
f 622 1308 1309
f 622 1309 1310
f 1310 1306 622
f 1307 1311 1275
f 1272 1312 1271
f 1271 1312 1313
f 1271 1313 1314
f 1314 1313 1315
f 1315 1313 1316
f 1315 1316 1317
f 1317 1316 1318
f 1318 1316 1311
f 1311 1316 1319
f 1311 1319 1274
f 1274 1319 1273
f 1273 1319 1312
f 1273 1312 1272
f 1274 1275 1311
f 1314 1320 1271
f 1316 1313 1312
f 1319 1316 1312
f 6 444 10
f 10 444 443
f 10 443 610
f 610 443 1321
f 610 1321 609
f 609 1321 1322
f 609 1322 603
f 603 1322 440
f 603 440 397
f 443 439 1321
f 1321 439 438
f 1321 438 1322
f 1322 438 440
f 1323 1324 1325
f 1325 1324 1326
f 1325 1326 1327
f 1327 1326 1328
f 1327 1328 1329
f 1329 1328 1330
f 1329 1330 1331
f 1331 1330 1332
f 1330 1324 1332
f 1332 1324 1333
f 1332 1333 1334
f 1330 1328 1324
f 1324 1328 1326
f 1335 1336 1324
f 1324 1336 1337
f 1324 1337 1338
f 1338 1339 1324
f 1324 1339 1340
f 1324 1340 1341
f 1341 1342 1324
f 1324 1342 1343
f 1324 1343 1344
f 1345 1333 1344
f 1344 1333 1324
f 1332 1334 1331
f 1331 1334 1346
f 1347 1348 1349
f 1349 1348 1350
f 1349 1350 1351
f 1351 1350 1352
f 1351 1352 1353
f 1353 1352 1354
f 1353 1354 1355
f 1355 1354 1356
f 1355 1356 1357
f 1357 1356 1358
f 1357 1358 1359
f 1359 1358 1360
f 1359 1360 1361
f 1361 1360 1362
f 1361 1362 1363
f 1363 1362 1364
f 1363 1364 1365
f 1348 1366 1350
f 1350 1366 1367
f 1350 1367 1368
f 1368 1367 1369
f 1368 1369 1370
f 1370 1369 1371
f 1368 1372 1350
f 1350 1372 1352
f 1372 1354 1352
f 1356 1373 1358
f 1358 1373 1374
f 1358 1374 1360
f 1360 1374 1375
f 1360 1375 1362
f 1362 1375 1364
f 1373 1376 1374
f 1374 1376 1377
f 1374 1377 1375
f 1375 1377 1378
f 1375 1378 1364
f 1379 1380 1376
f 1376 1380 1377
f 1380 1378 1377
f 1365 1381 1363
f 1363 1381 1382
f 1363 1382 1383
f 1383 1382 1384
f 1383 1384 1385
f 1385 1384 1386
f 1385 1386 1387
f 1387 1386 1349
f 1387 1349 1351
f 1359 1388 1389
f 1389 1388 1387
f 1389 1387 1351
f 1383 1385 1388
f 1388 1385 1387
f 1383 1388 1361
f 1361 1388 1359
f 1357 1359 1390
f 1390 1359 1389
f 1390 1389 1353
f 1353 1389 1351
f 1355 1357 1390
f 1355 1390 1353
f 1363 1383 1361
f 1380 1379 1391
f 1391 1379 1392
f 1391 1392 1393
f 1393 1392 1394
f 1393 1394 1395
f 1395 1394 1396
f 1395 1396 1397
f 1397 1396 1398
f 1397 1398 1399
f 1399 1398 1400
f 1399 1400 1401
f 1392 1402 1394
f 1401 1403 1399
f 1399 1403 1404
f 1399 1404 1405
f 1405 1404 1364
f 1405 1364 1406
f 1406 1364 1378
f 1406 1378 1407
f 1407 1378 1380
f 1407 1380 1391
f 1404 1365 1364
f 1397 1399 1405
f 1407 1391 1393
f 1397 1405 1406
f 1393 1395 1407
f 1407 1395 1406
f 1395 1397 1406
f 1408 1409 1410
f 1410 1409 1402
f 1402 1409 1394
f 1394 1409 1411
f 1394 1411 1412
f 1412 1411 1413
f 1412 1413 1414
f 1414 1413 1415
f 1414 1415 1416
f 1416 1415 1417
f 1416 1417 1418
f 1418 1417 1419
f 1418 1419 1420
f 1420 1419 1421
f 1420 1421 1422
f 1422 1421 1423
f 1422 1423 1424
f 1424 1423 1425
f 1425 1423 1426
f 1426 1423 1427
f 1426 1427 1428
f 1428 1427 1429
f 1428 1429 1430
f 1430 1429 1431
f 1430 1431 1432
f 1432 1431 1433
f 1432 1433 1434
f 1434 1433 1413
f 1434 1413 1411
f 1409 1435 1411
f 1411 1435 1434
f 1432 1436 1430
f 1430 1436 1437
f 1430 1437 1428
f 1420 1438 1418
f 1418 1438 1439
f 1418 1439 1416
f 1416 1439 1398
f 1416 1398 1440
f 1440 1398 1396
f 1440 1396 1414
f 1414 1396 1412
f 1438 1400 1439
f 1439 1400 1398
f 1396 1394 1412
f 1416 1440 1414
f 1415 1413 1433
f 1415 1433 1441
f 1441 1433 1431
f 1441 1431 1429
f 1421 1419 1417
f 1417 1415 1442
f 1442 1415 1441
f 1442 1441 1427
f 1427 1441 1429
f 1427 1423 1442
f 1442 1423 1421
f 1442 1421 1417
f 1443 1444 1445
f 1445 1444 1446
f 1445 1446 1424
f 1424 1425 1445
f 1445 1425 1426
f 1445 1426 1447
f 1447 1426 1428
f 1447 1428 1437
f 1436 1448 1437
f 1437 1448 1449
f 1437 1449 1447
f 1447 1449 1443
f 1447 1443 1445
f 1436 1450 1448
f 1448 1450 1451
f 1448 1451 1452
f 1452 1453 1448
f 1448 1453 1454
f 1448 1454 1455
f 1455 1454 1456
f 1455 1457 1448
f 1448 1457 1449
f 1457 1443 1449
f 1458 1459 1460
f 1460 1459 1461
f 1460 1461 1462
f 1462 1461 1463
f 1462 1463 1464
f 1464 1463 1465
f 1464 1465 1443
f 1443 1465 1466
f 1443 1466 1444
f 1461 1467 1463
f 1463 1467 1468
f 1463 1468 1465
f 1465 1468 1466
f 1467 1469 1468
f 1468 1469 1470
f 1468 1470 1471
f 1471 1466 1468
f 1443 1457 1464
f 1464 1457 1472
f 1464 1472 1462
f 1462 1472 1460
f 1457 1455 1472
f 1472 1455 1473
f 1472 1473 1460
f 1460 1473 1458
f 1456 1458 1455
f 1455 1458 1473
f 1341 1340 1474
f 1474 1340 1475
f 1474 1475 1476
f 1476 1475 1477
f 1476 1477 1478
f 1478 1477 1479
f 1478 1479 1480
f 1480 1479 1481
f 1480 1481 1482
f 1482 1481 1483
f 1482 1483 1484
f 1475 1340 1485
f 1485 1340 1339
f 1485 1339 1338
f 1485 1338 1486
f 1486 1338 1487
f 1486 1487 1481
f 1481 1487 1483
f 1482 1484 1488
f 1488 1484 1489
f 1488 1489 1490
f 1490 1489 1491
f 1490 1491 1492
f 1492 1491 1493
f 1492 1493 1494
f 1494 1493 1495
f 1494 1495 1496
f 1496 1495 1497
f 1496 1497 1498
f 1498 1497 1499
f 1499 1497 1500
f 1499 1500 1501
f 1501 1500 1502
f 1501 1502 1503
f 1503 1502 1504
f 1503 1504 1505
f 1505 1504 1506
f 1505 1506 1507
f 1507 1506 1508
f 1507 1508 1509
f 1509 1508 1510
f 1509 1510 1511
f 1511 1510 1512
f 1511 1512 1461
f 1461 1512 1467
f 1467 1512 1513
f 1467 1513 1469
f 1469 1513 1514
f 1514 1513 1515
f 1514 1515 1516
f 1516 1515 1517
f 1517 1515 1518
f 1517 1518 1519
f 1519 1518 1520
f 1520 1518 1521
f 1520 1521 1522
f 1522 1521 1523
f 1522 1523 1524
f 1524 1523 1525
f 1524 1525 1526
f 1526 1525 1527
f 1526 1527 1528
f 1528 1527 1493
f 1528 1493 1491
f 1459 1529 1461
f 1461 1529 1511
f 1529 1530 1511
f 1511 1530 1509
f 1530 1531 1509
f 1509 1531 1507
f 1531 1532 1507
f 1507 1532 1533
f 1507 1533 1505
f 1505 1533 1534
f 1505 1534 1503
f 1503 1534 1535
f 1503 1535 1501
f 1496 1498 1536
f 1536 1498 1537
f 1536 1537 1538
f 1538 1537 1539
f 1538 1539 1478
f 1478 1539 1476
f 1477 1475 1485
f 1481 1479 1486
f 1486 1479 1485
f 1479 1477 1485
f 1480 1482 1488
f 1478 1480 1540
f 1540 1480 1488
f 1540 1488 1541
f 1541 1488 1490
f 1541 1490 1492
f 1536 1538 1540
f 1540 1538 1478
f 1536 1540 1541
f 1492 1494 1541
f 1541 1494 1536
f 1536 1494 1496
f 1500 1497 1495
f 1495 1493 1542
f 1542 1493 1527
f 1542 1527 1525
f 1495 1542 1500
f 1500 1542 1543
f 1500 1543 1502
f 1502 1543 1504
f 1543 1542 1525
f 1525 1523 1543
f 1543 1523 1504
f 1504 1523 1506
f 1506 1523 1521
f 1506 1521 1508
f 1508 1521 1518
f 1508 1518 1510
f 1510 1518 1515
f 1510 1515 1512
f 1512 1515 1513
f 1544 1545 1373
f 1373 1545 1546
f 1373 1546 1547
f 1547 1546 1548
f 1547 1548 1549
f 1549 1548 1550
f 1549 1550 1551
f 1551 1550 1552
f 1551 1552 1553
f 1553 1552 1554
f 1554 1552 1555
f 1554 1555 1556
f 1544 1557 1545
f 1545 1557 1558
f 1545 1558 1559
f 1559 1558 1560
f 1559 1560 1561
f 1561 1560 1562
f 1561 1562 1563
f 1563 1562 1564
f 1563 1564 1565
f 1565 1564 1566
f 1565 1566 1567
f 1567 1566 1568
f 1568 1566 1569
f 1568 1569 1570
f 1570 1569 1571
f 1571 1569 1572
f 1571 1572 1573
f 1557 1574 1558
f 1558 1574 1560
f 1560 1574 1575
f 1575 1574 1576
f 1575 1576 1577
f 1575 1577 1578
f 1578 1577 1579
f 1578 1579 1580
f 1580 1579 1581
f 1580 1581 1566
f 1566 1581 1569
f 1579 1572 1581
f 1581 1572 1569
f 1567 1582 1565
f 1565 1582 1563
f 1563 1582 1583
f 1583 1582 1584
f 1583 1584 1585
f 1585 1584 1586
f 1585 1586 1587
f 1587 1586 1588
f 1587 1588 1546
f 1546 1588 1548
f 1584 1589 1586
f 1586 1589 1590
f 1586 1590 1588
f 1588 1590 1550
f 1588 1550 1548
f 1589 1591 1590
f 1590 1591 1592
f 1590 1592 1552
f 1552 1592 1593
f 1552 1593 1594
f 1594 1555 1552
f 1556 1207 1554
f 1554 1207 1595
f 1595 1207 1208
f 1595 1208 1596
f 1596 1208 1209
f 1596 1209 1597
f 1597 1209 1211
f 1597 1211 1212
f 1597 1212 1598
f 1598 1212 1213
f 1598 1213 1599
f 1599 1213 1600
f 1600 1213 1601
f 1601 1213 1602
f 1602 1213 1603
f 1603 1213 1604
f 1604 1213 1605
f 1605 1213 1606
f 1605 1606 1607
f 1605 1607 1608
f 1608 1607 1609
f 1608 1609 1610
f 1608 1610 1611
f 1611 1610 1612
f 1611 1612 1613
f 1613 1612 1614
f 1613 1614 1615
f 1615 1616 1613
f 1613 1616 1617
f 1551 1553 1618
f 1618 1553 1619
f 1618 1619 1620
f 1620 1619 1621
f 1620 1621 1622
f 1622 1623 1620
f 1620 1623 1624
f 1620 1624 1625
f 1625 1624 1379
f 1625 1379 1376
f 1625 1376 1547
f 1547 1376 1373
f 1587 1546 1545
f 1587 1545 1559
f 1625 1547 1549
f 1620 1625 1618
f 1618 1625 1549
f 1618 1549 1551
f 1562 1560 1575
f 1585 1587 1559
f 1585 1559 1561
f 1552 1550 1590
f 1580 1564 1578
f 1578 1564 1562
f 1578 1562 1575
f 1564 1580 1566
f 1585 1561 1583
f 1583 1561 1563
f 1379 1624 1392
f 1392 1624 1623
f 1392 1623 1622
f 1621 1626 1622
f 1622 1626 1392
f 1626 1627 1392
f 1392 1627 1408
f 1392 1408 1402
f 1402 1408 1410
f 1435 1628 1434
f 1434 1628 1629
f 1434 1629 1630
f 1630 1629 1631
f 1630 1631 1632
f 1628 1435 1633
f 1633 1435 1409
f 1633 1409 1408
f 1408 1627 1633
f 1633 1627 1626
f 1633 1626 1634
f 1634 1626 1635
f 1635 1626 1621
f 1633 1634 1636
f 1636 1634 1637
f 1636 1637 1631
f 1631 1637 1638
f 1630 1632 1432
f 1432 1632 1453
f 1432 1453 1436
f 1436 1453 1452
f 1436 1452 1451
f 1451 1450 1436
f 1432 1434 1630
f 1633 1636 1628
f 1628 1636 1629
f 1636 1631 1629
f 1639 1456 1640
f 1640 1456 1454
f 1640 1454 1641
f 1641 1454 1453
f 1641 1453 1642
f 1642 1453 1632
f 1642 1632 1643
f 1643 1632 1631
f 1643 1631 1644
f 1644 1631 1638
f 1644 1638 1645
f 1644 1645 1646
f 1646 1645 1647
f 1646 1647 1648
f 1648 1647 1649
f 1648 1649 1650
f 1650 1651 1648
f 1648 1651 1652
f 1648 1652 1653
f 1653 1652 1654
f 1653 1654 1642
f 1642 1654 1641
f 1652 1651 1655
f 1655 1651 1656
f 1655 1656 1657
f 1657 1656 1658
f 1657 1658 1659
f 1659 1660 1657
f 1657 1660 1639
f 1657 1639 1640
f 1655 1657 1640
f 1655 1640 1654
f 1654 1640 1641
f 1652 1655 1654
f 1642 1643 1653
f 1653 1643 1646
f 1653 1646 1648
f 1644 1646 1643
f 1373 1356 1544
f 1544 1356 1557
f 1557 1356 1354
f 1557 1354 1574
f 1574 1354 1576
f 1576 1354 1577
f 1577 1354 1372
f 1577 1372 1368
f 1577 1368 680
f 680 1368 1370
f 680 1370 1371
f 1371 1369 680
f 680 1369 1367
f 680 1367 1366
f 1366 1348 680
f 680 681 1577
f 1573 1572 676
f 676 1572 681
f 681 1572 1579
f 681 1579 1577
f 1661 1662 1663
f 1663 1662 1664
f 1663 1664 649
f 649 1664 650
f 650 1664 1665
f 650 1665 652
f 652 1665 1666
f 652 1666 653
f 653 1666 654
f 654 1666 1667
f 654 1667 1210
f 1210 1667 1668
f 1668 1667 1669
f 1668 1669 1670
f 1670 1669 1662
f 1670 1662 1661
f 1664 1662 1669
f 1666 1665 1667
f 1667 1665 1669
f 1665 1664 1669
f 1663 649 1599
f 1599 649 648
f 1599 648 1671
f 1671 648 646
f 1671 646 1672
f 1672 646 1673
f 1673 646 644
f 1673 644 1674
f 1674 644 642
f 1674 642 1675
f 1675 642 640
f 1675 640 1676
f 1676 640 639
f 1676 639 1677
f 1570 1678 1568
f 1568 1678 1679
f 1568 1679 668
f 668 1679 1680
f 668 1680 666
f 666 1680 673
f 673 1680 1681
f 673 1681 676
f 676 1681 1682
f 676 1682 1571
f 1571 1682 1683
f 1571 1683 1570
f 1570 1683 1678
f 1571 1573 676
f 1681 1680 1679
f 1683 1682 1678
f 1678 1682 1679
f 1682 1681 1679
f 1684 1685 1686
f 1686 1685 1687
f 1686 1687 1688
f 1688 1687 1689
f 1688 1689 1690
f 1690 1689 1691
f 1690 1691 1692
f 1692 1691 1693
f 1692 1693 1694
f 1694 1693 1677
f 1694 1677 1695
f 1695 1677 1696
f 1695 1696 1697
f 1697 1696 1698
f 1697 1698 1699
f 1699 1698 1700
f 1699 1700 1701
f 1701 1700 1702
f 1701 1702 632
f 632 1702 1703
f 632 1703 1704
f 1704 1703 1705
f 1704 1705 1706
f 1706 1705 1707
f 1706 1707 1708
f 1708 1707 1709
f 1708 1709 1710
f 1710 1709 639
f 1710 639 1711
f 1711 639 1712
f 1711 1712 1713
f 1713 1712 637
f 1713 637 635
f 1693 1691 1684
f 1684 1691 1689
f 1684 1689 1685
f 1685 1689 1687
f 639 1714 1677
f 1677 1714 1715
f 1677 1715 1716
f 1716 1715 1717
f 1716 1717 1698
f 1698 1717 1700
f 639 637 1712
f 1713 635 1718
f 1718 635 634
f 1718 634 1719
f 1719 634 632
f 1719 632 1720
f 1720 632 1704
f 1720 1704 1706
f 632 1686 1701
f 1701 1686 1721
f 1701 1721 1699
f 1699 1721 1722
f 1699 1722 1697
f 1697 1722 1723
f 1697 1723 1695
f 1695 1723 1694
f 1686 1724 1725
f 1725 1724 1726
f 1725 1726 1722
f 1722 1726 1723
f 1722 1721 1725
f 1725 1721 1686
f 1698 1696 1716
f 1716 1696 1677
f 639 1709 1714
f 1714 1709 1707
f 1714 1707 1727
f 1727 1707 1705
f 1727 1705 1728
f 1728 1705 1703
f 1728 1703 1702
f 1724 1686 1688
f 1694 1723 1692
f 1692 1723 1726
f 1692 1726 1690
f 1690 1726 1724
f 1690 1724 1688
f 1718 1719 1729
f 1729 1719 1720
f 1729 1720 1706
f 1713 1718 1730
f 1730 1718 1729
f 1730 1729 1708
f 1708 1729 1706
f 1714 1727 1715
f 1715 1727 1717
f 1727 1728 1717
f 1717 1728 1700
f 1728 1702 1700
f 1730 1708 1710
f 1713 1730 1711
f 1711 1730 1710
f 1731 1732 1733
f 1733 1732 1734
f 1733 1734 612
f 612 1734 1735
f 612 1735 613
f 613 1735 616
f 616 1735 1736
f 616 1736 619
f 619 1736 1737
f 619 1737 1308
f 1308 1737 1738
f 1308 1738 1739
f 1739 1738 1732
f 1739 1732 1731
f 1736 1735 1734
f 1738 1737 1732
f 1732 1737 1734
f 1737 1736 1734
f 1740 1741 1742
f 1742 1741 1743
f 1742 1743 1744
f 1744 1743 1745
f 1744 1745 1746
f 1746 1745 611
f 1746 611 1747
f 1747 611 608
f 1747 608 1748
f 1748 608 602
f 1748 602 604
f 1741 1740 1749
f 1749 1740 1750
f 1749 1750 1751
f 611 1745 1751
f 1751 1745 1752
f 1751 1752 1749
f 1749 1752 1741
f 1742 1744 604
f 604 1744 1753
f 604 1753 1748
f 1748 1753 1747
f 1745 1743 1752
f 1752 1743 1741
f 1747 1753 1746
f 1746 1753 1744
f 612 1754 1733
f 1733 1754 1755
f 1733 1755 1756
f 611 1757 612
f 612 1757 1758
f 612 1758 1759
f 1751 1760 611
f 611 1760 1761
f 611 1761 1762
f 1763 1764 1751
f 1751 1764 1765
f 1751 1765 1760
f 1345 1766 1763
f 1763 1766 1767
f 1763 1767 1764
f 1345 1344 1766
f 1762 1768 611
f 611 1768 1769
f 611 1769 1770
f 1770 1771 611
f 611 1771 1772
f 611 1772 1757
f 1759 1754 612
f 1756 1773 1733
f 1733 1773 1774
f 1774 1773 1775
f 1775 1773 1776
f 587 1024 1777
f 1777 1024 1025
f 1777 1025 1778
f 1778 1025 1027
f 1778 1027 1779
f 1779 1027 1038
f 1779 1038 1039
f 1039 607 1779
f 1779 607 606
f 1779 606 1778
f 1778 606 605
f 1778 605 1777
f 1777 605 601
f 1777 601 587
f 1039 1095 607
f 607 1095 600
f 607 600 1780
f 1780 600 1334
f 1780 1334 1333
f 600 598 1334
f 1742 604 1780
f 1780 604 607
f 1298 1291 1268
f 1268 1291 1267
f 1267 1291 1290
f 1267 1290 1296
f 665 1125 1781
f 1781 1125 1126
f 1781 1126 1782
f 1782 1126 1128
f 1782 1128 1783
f 1783 1128 1139
f 1783 1139 1140
f 1140 672 1783
f 1783 672 670
f 1783 670 1782
f 1782 670 669
f 1782 669 1781
f 1781 669 667
f 1781 667 665
f 1140 1193 672
f 672 1193 1589
f 672 1589 1584
f 1193 1591 1589
f 1584 1582 672
f 672 1582 1567
f 672 1567 1568
f 1568 668 672
f 339 337 1784
f 1784 337 445
f 1784 445 1785
f 1785 445 446
f 1785 446 1786
f 1786 446 1787
f 1786 1787 1788
f 1788 1787 1789
f 1788 1789 1790
f 1790 1789 1791
f 1790 1791 1792
f 1792 1791 1793
f 1792 1793 1794
f 1794 1793 1795
f 1794 1795 1796
f 1796 1795 1797
f 1796 1797 1798
f 1798 1797 1799
f 1798 1799 1800
f 1800 1799 1801
f 1800 1801 1802
f 1802 1801 1803
f 1802 1803 1804
f 1804 1803 1805
f 1804 1805 1806
f 1806 1805 1807
f 1806 1807 1808
f 1808 1807 1809
f 1809 1807 1810
f 1809 1810 1811
f 1811 1810 1812
f 1811 1812 1813
f 1813 1812 1814
f 1814 1812 1815
f 1814 1815 1816
f 1816 1815 1817
f 1816 1817 1818
f 1818 1817 1819
f 1818 1819 1820
f 1820 1819 1821
f 1820 1821 1822
f 1822 1821 1823
f 1823 1821 1824
f 1823 1824 1825
f 1825 1824 1826
f 1825 1826 1827
f 1827 1826 1828
f 1827 1828 1829
f 1829 1828 1830
f 1829 1830 1831
f 1831 1830 1832
f 1831 1832 1833
f 1833 1832 1834
f 1833 1834 1835
f 1835 1834 1836
f 1835 1836 1837
f 1837 1836 1838
f 1837 1838 1839
f 1839 1838 1840
f 1839 1840 1841
f 1841 1840 1842
f 1841 1842 1843
f 1843 1842 552
f 1843 552 554
f 446 447 1787
f 1787 447 1844
f 1787 1844 1789
f 1789 1844 1845
f 1789 1845 1791
f 1791 1845 1846
f 1791 1846 1793
f 1793 1846 1847
f 1793 1847 1795
f 1795 1847 1848
f 1795 1848 1797
f 1797 1848 1849
f 1797 1849 1799
f 1799 1849 1850
f 1799 1850 1801
f 1801 1850 1851
f 1801 1851 1803
f 1803 1851 1852
f 1803 1852 1805
f 1805 1852 1853
f 1805 1853 1807
f 1807 1853 1810
f 447 452 1844
f 1844 452 1845
f 1845 452 1854
f 1854 452 453
f 1854 453 1855
f 1855 453 455
f 1855 455 1856
f 1856 455 457
f 1856 457 1857
f 1857 457 459
f 1857 459 1858
f 1858 459 460
f 1858 460 1859
f 1859 460 464
f 1859 464 465
f 1859 465 1860
f 1860 465 467
f 1860 467 1861
f 1861 467 469
f 1861 469 1862
f 1862 469 473
f 1862 473 1863
f 1863 473 474
f 1863 474 1864
f 1864 474 476
f 1864 476 1865
f 1865 476 560
f 1865 560 1866
f 1866 560 550
f 1866 550 1867
f 1867 550 551
f 1867 551 1842
f 1842 551 552
f 1843 554 1868
f 1868 554 559
f 1868 559 1869
f 1870 1871 1869
f 1869 1871 1872
f 1869 1872 1873
f 1873 1872 1839
f 1873 1839 1841
f 1874 1875 1870
f 1870 1875 1876
f 1870 1876 1877
f 1877 1876 1831
f 1877 1831 1833
f 1875 1874 1878
f 1878 1874 1879
f 1878 1879 1825
f 1825 1879 1823
f 1806 1808 1880
f 1880 1808 1881
f 1880 1881 1882
f 1882 1881 1883
f 1882 1883 1884
f 1884 1883 1885
f 1884 1885 1886
f 1886 1885 1887
f 1886 1887 1888
f 1888 1887 1889
f 1888 1889 1890
f 1890 1889 1891
f 1890 1891 1892
f 1892 1891 1893
f 1892 1893 1894
f 1894 1893 1895
f 1894 1895 1896
f 1896 1895 1897
f 1896 1897 1898
f 1898 1897 1899
f 1898 1899 1900
f 1900 1899 1901
f 1900 1901 1784
f 1881 1902 1883
f 1883 1902 1903
f 1883 1903 1885
f 1885 1903 1904
f 1885 1904 1887
f 1887 1904 1905
f 1887 1905 1889
f 1889 1905 1906
f 1889 1906 1891
f 1891 1906 1907
f 1891 1907 1893
f 1893 1907 1908
f 1893 1908 1895
f 1895 1908 1909
f 1895 1909 1897
f 1897 1909 1910
f 1897 1910 1899
f 1899 1910 1911
f 1899 1911 1901
f 1902 1912 1903
f 1903 1912 1913
f 1903 1913 1904
f 1904 1913 1914
f 1904 1914 1905
f 1905 1914 1915
f 1905 1915 1906
f 1906 1915 1916
f 1906 1916 1907
f 1907 1916 1917
f 1907 1917 1908
f 1908 1917 1918
f 1908 1918 1909
f 1909 1918 1919
f 1909 1919 1910
f 1910 1919 1911
f 1913 1912 1920
f 1920 1912 1921
f 1920 1921 1922
f 1922 1921 1923
f 1922 1923 1924
f 1924 1923 1925
f 1924 1925 1926
f 1926 1925 1927
f 1926 1927 1928
f 1928 1927 1929
f 1928 1929 1930
f 1930 1929 1931
f 1930 1931 1932
f 1925 1933 1927
f 1927 1933 1929
f 1933 1934 1929
f 1929 1934 1931
f 1934 1935 1931
f 1930 1932 1936
f 1936 1932 1937
f 1936 1937 1938
f 1938 1937 1939
f 1938 1939 1940
f 1940 1939 1918
f 1940 1918 1917
f 1937 1941 1939
f 1939 1941 1919
f 1939 1919 1918
f 1941 1911 1919
f 1900 1784 1785
f 1900 1785 1942
f 1942 1785 1786
f 1942 1786 1788
f 1936 1938 1943
f 1943 1938 1940
f 1943 1940 1944
f 1944 1940 1917
f 1944 1917 1916
f 1928 1930 1943
f 1943 1930 1936
f 1900 1942 1898
f 1898 1942 1945
f 1898 1945 1896
f 1896 1945 1946
f 1896 1946 1894
f 1894 1946 1947
f 1894 1947 1892
f 1892 1947 1948
f 1892 1948 1890
f 1890 1948 1949
f 1890 1949 1888
f 1888 1949 1950
f 1888 1950 1886
f 1886 1950 1951
f 1886 1951 1884
f 1884 1951 1952
f 1884 1952 1882
f 1882 1952 1880
f 1945 1942 1788
f 1928 1943 1953
f 1953 1943 1944
f 1953 1944 1954
f 1954 1944 1916
f 1954 1916 1915
f 1946 1945 1790
f 1790 1945 1788
f 1924 1926 1953
f 1953 1926 1928
f 1924 1953 1954
f 1947 1946 1792
f 1792 1946 1790
f 1924 1954 1955
f 1955 1954 1915
f 1955 1915 1914
f 1920 1922 1914
f 1914 1922 1955
f 1955 1922 1924
f 1948 1947 1794
f 1794 1947 1792
f 1846 1845 1854
f 1846 1854 1956
f 1956 1854 1855
f 1956 1855 1957
f 1957 1855 1856
f 1957 1856 1958
f 1958 1856 1857
f 1958 1857 1959
f 1959 1857 1858
f 1959 1858 1960
f 1960 1858 1859
f 1960 1859 1961
f 1961 1859 1860
f 1961 1860 1962
f 1962 1860 1861
f 1962 1861 1963
f 1963 1861 1862
f 1963 1862 1964
f 1964 1862 1863
f 1964 1863 1965
f 1965 1863 1864
f 1965 1864 1966
f 1966 1864 1865
f 1966 1865 1967
f 1967 1865 1866
f 1967 1866 1968
f 1968 1866 1867
f 1968 1867 1840
f 1840 1867 1842
f 1949 1948 1796
f 1796 1948 1794
f 1913 1920 1914
f 1846 1956 1847
f 1847 1956 1969
f 1847 1969 1848
f 1848 1969 1970
f 1848 1970 1849
f 1849 1970 1971
f 1849 1971 1850
f 1850 1971 1972
f 1850 1972 1851
f 1851 1972 1973
f 1851 1973 1852
f 1852 1973 1974
f 1852 1974 1853
f 1853 1974 1975
f 1853 1975 1810
f 1810 1975 1812
f 1969 1956 1957
f 1950 1949 1798
f 1798 1949 1796
f 1969 1957 1976
f 1976 1957 1958
f 1976 1958 1977
f 1977 1958 1959
f 1977 1959 1978
f 1978 1959 1960
f 1978 1960 1979
f 1979 1960 1961
f 1979 1961 1980
f 1980 1961 1962
f 1980 1962 1981
f 1981 1962 1963
f 1981 1963 1982
f 1982 1963 1964
f 1982 1964 1983
f 1983 1964 1965
f 1983 1965 1984
f 1984 1965 1966
f 1984 1966 1985
f 1985 1966 1967
f 1985 1967 1986
f 1986 1967 1968
f 1986 1968 1838
f 1838 1968 1840
f 1951 1950 1800
f 1800 1950 1798
f 1969 1976 1970
f 1970 1976 1987
f 1970 1987 1971
f 1971 1987 1988
f 1971 1988 1972
f 1972 1988 1989
f 1972 1989 1973
f 1973 1989 1990
f 1973 1990 1974
f 1974 1990 1991
f 1974 1991 1975
f 1975 1991 1992
f 1975 1992 1812
f 1812 1992 1815
f 1987 1976 1977
f 1952 1951 1802
f 1802 1951 1800
f 1987 1977 1993
f 1993 1977 1978
f 1993 1978 1994
f 1994 1978 1979
f 1994 1979 1995
f 1995 1979 1980
f 1995 1980 1996
f 1996 1980 1981
f 1996 1981 1997
f 1997 1981 1982
f 1997 1982 1998
f 1998 1982 1983
f 1998 1983 1999
f 1999 1983 1984
f 1999 1984 2000
f 2000 1984 1985
f 2000 1985 2001
f 2001 1985 1986
f 2001 1986 1836
f 1836 1986 1838
f 1880 1952 1804
f 1804 1952 1802
f 1987 1993 1988
f 1988 1993 2002
f 1988 2002 1989
f 1989 2002 2003
f 1989 2003 1990
f 1990 2003 2004
f 1990 2004 1991
f 1991 2004 2005
f 1991 2005 1992
f 1992 2005 2006
f 1992 2006 1815
f 1815 2006 1817
f 2002 1993 1994
f 1806 1880 1804
f 2002 1994 2007
f 2007 1994 1995
f 2007 1995 2008
f 2008 1995 1996
f 2008 1996 2009
f 2009 1996 1997
f 2009 1997 2010
f 2010 1997 1998
f 2010 1998 2011
f 2011 1998 1999
f 2011 1999 2012
f 2012 1999 2000
f 2012 2000 2013
f 2013 2000 2001
f 2013 2001 1834
f 1834 2001 1836
f 2002 2007 2003
f 2003 2007 2014
f 2003 2014 2004
f 2004 2014 2015
f 2004 2015 2005
f 2005 2015 2016
f 2005 2016 2006
f 2006 2016 2017
f 2006 2017 1817
f 1817 2017 1819
f 2014 2007 2008
f 2014 2008 2018
f 2018 2008 2009
f 2018 2009 2019
f 2019 2009 2010
f 2019 2010 2020
f 2020 2010 2011
f 2020 2011 2021
f 2021 2011 2012
f 2021 2012 2022
f 2022 2012 2013
f 2022 2013 1832
f 1832 2013 1834
f 2014 2018 2015
f 2015 2018 2023
f 2015 2023 2016
f 2016 2023 2024
f 2016 2024 2017
f 2017 2024 2025
f 2017 2025 1819
f 1819 2025 1821
f 2023 2018 2019
f 2023 2019 2026
f 2026 2019 2020
f 2026 2020 2027
f 2027 2020 2021
f 2027 2021 2028
f 2028 2021 2022
f 2028 2022 1830
f 1830 2022 1832
f 2023 2026 2024
f 2024 2026 2029
f 2024 2029 2025
f 2025 2029 2030
f 2025 2030 1821
f 1821 2030 1824
f 2029 2026 2027
f 2029 2027 2031
f 2031 2027 2028
f 2031 2028 1828
f 1828 2028 1830
f 2029 2031 2030
f 2030 2031 1826
f 2030 1826 1824
f 1826 2031 1828
f 1841 1843 2032
f 2032 1843 1868
f 2032 1868 1869
f 1839 1872 1837
f 1837 1872 1871
f 1837 1871 1835
f 1835 1871 2033
f 1835 2033 1833
f 1833 2033 1877
f 1831 1876 1829
f 1829 1876 1875
f 1829 1875 1827
f 1827 1875 1878
f 1827 1878 1825
f 1869 1873 2032
f 2032 1873 1841
f 1870 1877 2033
f 2033 1871 1870
f 2034 980 2035
f 2035 980 981
f 2035 981 2036
f 2036 981 2037
f 2036 2037 2038
f 2038 2037 2039
f 2038 2039 1869
f 1869 2039 1870
f 1870 2039 2040
f 1870 2040 2041
f 2041 2040 2042
f 2041 2042 2043
f 2043 2042 996
f 996 2042 997
f 997 2042 2044
f 997 2044 2037
f 2037 2044 2039
f 981 997 2037
f 2043 1874 2041
f 2041 1874 1870
f 2038 1869 2045
f 2045 1869 559
f 2045 559 2034
f 2045 2034 2035
f 2039 2044 2040
f 2040 2044 2042
f 2045 2035 2036
f 2045 2036 2038
f 1333 1345 1780
f 1780 1345 1763
f 1750 1740 1751
f 1751 1740 1742
f 1751 1742 1763
f 1763 1742 1780
f 1323 2046 1324
f 1324 2046 1335
f 2047 2048 2049
f 2049 2048 2050
f 2049 2050 2051
f 2052 2047 2051
f 2051 2047 2049
f 1535 2053 1501
f 1501 2053 2054
f 1501 2054 2055
f 2055 2054 2056
f 2055 2056 2057
f 2057 2056 2058
f 2057 2058 2059
f 2059 2058 2060
f 2059 2060 2061
f 2061 2060 1768
f 2061 1768 1762
f 1535 1534 2053
f 2053 1534 2062
f 2053 2062 2063
f 2063 2062 2064
f 2063 2064 2065
f 2065 2064 2066
f 2065 2066 2067
f 2067 2066 2068
f 2067 2068 2069
f 2069 2068 2070
f 2069 2070 1757
f 1757 2070 1758
f 1758 2070 2071
f 1758 2071 1759
f 1759 2071 2072
f 1759 2072 1754
f 1754 2072 2073
f 2073 2072 2074
f 2073 2074 2075
f 2075 2074 2076
f 2075 2076 2077
f 2077 2076 2078
f 2077 2078 2079
f 2079 2078 2080
f 2079 2080 2081
f 2081 2080 2082
f 2081 2082 2083
f 2083 2082 2084
f 2083 2084 1531
f 1531 2084 1532
f 1532 2084 2085
f 1532 2085 2086
f 2086 2085 2087
f 2086 2087 2088
f 2088 2087 2089
f 2088 2089 2064
f 2064 2089 2066
f 2062 1534 2090
f 2090 1534 1533
f 2090 1533 2086
f 2086 1533 1532
f 1531 1530 2083
f 2083 1530 2091
f 2083 2091 2081
f 2081 2091 2092
f 2081 2092 2079
f 2079 2092 2093
f 2079 2093 2077
f 2077 2093 2094
f 2077 2094 2075
f 2091 1530 2095
f 2095 1530 1529
f 2095 1529 2096
f 2096 1529 1459
f 2096 1459 2097
f 2097 1459 2098
f 2097 2098 2099
f 2099 2098 1658
f 2097 2099 2100
f 2100 2099 2101
f 2100 2101 2102
f 2102 2101 2103
f 2102 2103 2093
f 2093 2103 2104
f 2093 2104 2094
f 1757 1772 2069
f 2069 1772 2105
f 2069 2105 2067
f 2067 2105 2106
f 2067 2106 2065
f 2065 2106 2107
f 2065 2107 2063
f 2063 2107 2054
f 2063 2054 2053
f 1772 1771 2105
f 2105 1771 2108
f 2105 2108 2106
f 2106 2108 2109
f 2106 2109 2107
f 2107 2109 2056
f 2107 2056 2054
f 1771 1770 2108
f 2108 1770 2110
f 2108 2110 2109
f 2109 2110 2058
f 2109 2058 2056
f 1770 1769 2110
f 2110 1769 2060
f 2110 2060 2058
f 1769 1768 2060
f 2061 1762 2111
f 2111 1762 1761
f 2111 1761 2112
f 2112 1761 1760
f 2112 1760 2113
f 2113 1760 1765
f 2113 1765 2114
f 2114 1765 1764
f 2114 1764 2115
f 2115 1764 1767
f 2115 1767 2116
f 2116 1767 1766
f 2116 1766 1341
f 1341 1766 1342
f 1342 1766 1343
f 1343 1766 1344
f 1341 1474 2116
f 2116 1474 2115
f 1474 1476 2115
f 2115 1476 2114
f 1476 1539 2114
f 2114 1539 2117
f 2114 2117 2113
f 2113 2117 2118
f 2113 2118 2112
f 2112 2118 2119
f 2112 2119 2111
f 2111 2119 2120
f 2111 2120 2061
f 2061 2120 2059
f 1539 1537 2117
f 2117 1537 2118
f 2118 1537 2121
f 2121 1537 1498
f 2121 1498 2122
f 2122 1498 1499
f 2122 1499 2055
f 2055 1499 1501
f 2122 2055 2057
f 2057 2059 2123
f 2123 2059 2120
f 2123 2120 2121
f 2121 2120 2119
f 2121 2119 2118
f 2086 2088 2090
f 2090 2088 2062
f 2088 2064 2062
f 2084 2082 2085
f 2085 2082 2124
f 2085 2124 2087
f 2087 2124 2125
f 2087 2125 2089
f 2089 2125 2126
f 2089 2126 2066
f 2066 2126 2068
f 2082 2080 2124
f 2124 2080 2127
f 2124 2127 2125
f 2125 2127 2128
f 2125 2128 2126
f 2126 2128 2129
f 2126 2129 2068
f 2068 2129 2070
f 2091 2095 2130
f 2130 2095 2096
f 2130 2096 2100
f 2100 2096 2097
f 2080 2078 2127
f 2127 2078 2131
f 2127 2131 2128
f 2128 2131 2132
f 2128 2132 2129
f 2129 2132 2071
f 2129 2071 2070
f 2091 2130 2092
f 2092 2130 2102
f 2092 2102 2093
f 2102 2130 2100
f 2078 2076 2131
f 2131 2076 2074
f 2131 2074 2132
f 2132 2074 2072
f 2132 2072 2071
f 2121 2122 2123
f 2123 2122 2057
f 1095 1096 600
f 600 1096 599
f 599 1096 1098
f 599 1098 597
f 597 1098 1097
f 597 1097 595
f 595 1097 1099
f 1194 2133 1193
f 1193 2133 2134
f 1193 2134 1592
f 1592 2134 1593
f 1593 2134 1594
f 1594 2134 2135
f 1594 2135 1555
f 1555 2135 1556
f 1556 2135 1207
f 1207 2135 2136
f 1207 2136 1195
f 1195 2136 1196
f 1196 2136 2133
f 1196 2133 1194
f 1195 1197 1207
f 1592 1591 1193
f 2135 2134 2133
f 2136 2135 2133
f 1302 1301 2137
f 2137 1301 1300
f 2137 1300 2138
f 2138 1300 1299
f 2138 1299 1298
f 1298 1268 2138
f 2138 1268 636
f 636 1268 1269
f 636 1269 1270
f 1270 1271 636
f 636 1271 1320
f 636 1320 2139
f 2139 2140 636
f 636 2140 2141
f 636 2141 632
f 632 2141 1686
f 1325 1327 1323
f 1323 1327 1329
f 1323 1329 1331
f 1346 2142 1331
f 1331 2142 1323
f 2143 2050 2142
f 2142 2050 1323
f 2050 2048 1323
f 1323 2048 2144
f 1323 2144 2145
f 2145 2046 1323
f 1002 980 2146
f 2146 980 2034
f 2146 2034 2147
f 2147 2034 559
f 2147 559 2148
f 2148 559 558
f 2148 558 2149
f 2149 558 2150
f 2149 2150 2151
f 2151 2150 2152
f 2151 2152 2153
f 2153 2152 2154
f 2153 2154 2155
f 2155 2154 2156
f 2155 2156 2157
f 2157 2156 2158
f 2157 2158 2159
f 2159 2158 2160
f 2160 2158 2161
f 2160 2161 2162
f 2162 2161 2163
f 2162 2163 2164
f 2164 2163 2165
f 2165 2163 2166
f 2165 2166 2167
f 2167 2166 2168
f 2167 2168 2169
f 2169 2168 2170
f 2170 2168 2171
f 2170 2171 2172
f 2172 2171 2173
f 2172 2173 2174
f 2174 2173 2175
f 2174 2175 26
f 26 2175 2176
f 26 2176 2177
f 2177 2176 2178
f 2177 2178 2179
f 2179 2178 2180
f 2179 2180 2181
f 2181 2180 2182
f 2181 2182 2183
f 2183 2182 2184
f 2183 2184 2185
f 2185 2184 2186
f 2185 2186 2187
f 2187 2186 2154
f 2187 2154 2152
f 558 544 2150
f 2150 544 2188
f 2150 2188 2152
f 2152 2188 2187
f 544 492 2188
f 2188 492 2189
f 2188 2189 2187
f 2187 2189 2185
f 492 493 2189
f 2189 493 2190
f 2189 2190 2185
f 2185 2190 2183
f 493 536 2190
f 2190 536 2191
f 2190 2191 2183
f 2183 2191 2181
f 536 542 2191
f 2191 542 2192
f 2191 2192 2181
f 2181 2192 2179
f 542 540 2192
f 2192 540 2193
f 2192 2193 2179
f 2179 2193 2177
f 540 24 2193
f 2193 24 25
f 2193 25 2177
f 2177 25 26
f 26 28 2174
f 2157 2159 2194
f 2194 2159 2195
f 2194 2195 2196
f 2196 2195 2197
f 2196 2197 2198
f 2198 2197 2199
f 2198 2199 2200
f 2200 2199 2201
f 2200 2201 2202
f 2202 2201 2146
f 2202 2146 2147
f 2195 1000 2197
f 2197 1000 1001
f 2197 1001 2199
f 2199 1001 1002
f 2199 1002 2201
f 2201 1002 2146
f 2148 2149 2203
f 2203 2149 2151
f 2203 2151 2204
f 2204 2151 2153
f 2204 2153 2205
f 2205 2153 2155
f 2205 2155 2194
f 2194 2155 2157
f 2147 2148 2202
f 2202 2148 2203
f 2202 2203 2200
f 2200 2203 2204
f 2200 2204 2198
f 2198 2204 2205
f 2198 2205 2196
f 2196 2205 2194
f 2178 2176 2206
f 2206 2176 2175
f 2206 2175 2171
f 2171 2175 2173
f 2180 2178 2207
f 2207 2178 2206
f 2207 2206 2168
f 2168 2206 2171
f 2182 2180 2208
f 2208 2180 2207
f 2208 2207 2166
f 2166 2207 2168
f 2184 2182 2209
f 2209 2182 2208
f 2209 2208 2163
f 2163 2208 2166
f 2186 2184 2210
f 2210 2184 2209
f 2210 2209 2161
f 2161 2209 2163
f 2154 2186 2156
f 2156 2186 2210
f 2156 2210 2158
f 2158 2210 2161
f 778 777 2211
f 2211 777 775
f 2211 775 2212
f 2212 775 773
f 2212 773 2213
f 2213 773 771
f 2213 771 2214
f 2214 771 769
f 2214 769 2215
f 2215 769 2216
f 2215 2216 2217
f 2217 2216 2218
f 2217 2218 2219
f 2219 2218 2220
f 2219 2220 2221
f 2221 2220 2222
f 2221 2222 2223
f 2223 2222 2224
f 2223 2224 2225
f 2225 2224 2226
f 2225 2226 2227
f 2227 2226 2228
f 2227 2228 2229
f 2229 2228 2230
f 2229 2230 2231
f 2231 2230 2232
f 2231 2232 2233
f 2233 2232 2234
f 2233 2234 2235
f 2235 2234 2236
f 2235 2236 2237
f 2237 2236 2238
f 2237 2238 2239
f 2239 2238 2240
f 2239 2240 2241
f 2241 2240 2242
f 2241 2242 2243
f 2243 2242 2244
f 2243 2244 2245
f 2245 2244 2246
f 2245 2246 2247
f 2247 2246 2248
f 2247 2248 2249
f 2249 2248 2250
f 2249 2250 2251
f 2251 2250 2252
f 2251 2252 2253
f 2253 2252 2254
f 2253 2254 2255
f 2255 2254 29
f 2255 29 27
f 769 767 2216
f 2216 767 2218
f 767 784 2218
f 2218 784 2220
f 784 780 2220
f 2220 780 2222
f 2222 780 2256
f 2256 780 752
f 2256 752 2222
f 2222 752 2257
f 2222 2257 2224
f 2224 2257 2258
f 2224 2258 2226
f 2226 2258 2259
f 2226 2259 2228
f 2228 2259 2260
f 2228 2260 2230
f 2230 2260 2261
f 2230 2261 2232
f 2232 2261 2262
f 2232 2262 2234
f 2234 2262 2263
f 2234 2263 2236
f 2236 2263 2264
f 2236 2264 2238
f 2238 2264 2265
f 2238 2265 2240
f 2240 2265 2266
f 2240 2266 2242
f 2242 2266 2267
f 2242 2267 2244
f 2244 2267 2268
f 2244 2268 2246
f 2246 2268 2269
f 2246 2269 2248
f 2248 2269 2270
f 2248 2270 2250
f 2250 2270 2271
f 2250 2271 2252
f 2252 2271 2272
f 2252 2272 2254
f 2254 2272 29
f 752 751 2257
f 2257 751 2258
f 751 801 2258
f 2258 801 2259
f 2259 801 2273
f 2273 801 800
f 2273 800 799
f 2273 799 2274
f 2274 799 694
f 2274 694 2275
f 2275 694 2276
f 2275 2276 2261
f 2261 2276 2262
f 2276 694 2277
f 2277 694 1003
f 2277 1003 2278
f 2278 1003 2279
f 2278 2279 2280
f 2280 2279 2281
f 2280 2281 2282
f 2282 2281 2283
f 2282 2283 2284
f 2284 2283 2285
f 2284 2285 2286
f 2286 2285 2287
f 2286 2287 2288
f 2288 2287 2289
f 2288 2289 2290
f 2290 2289 2162
f 2290 2162 2164
f 1003 1004 2279
f 2279 1004 2291
f 2279 2291 2281
f 2281 2291 2292
f 2281 2292 2283
f 2283 2292 2293
f 2283 2293 2285
f 2285 2293 2294
f 2285 2294 2287
f 2287 2294 2295
f 2287 2295 2289
f 2289 2295 2160
f 2289 2160 2162
f 2291 1004 2296
f 2296 1004 1005
f 2296 1005 2297
f 2297 1005 1006
f 2297 1006 2298
f 2298 1006 2299
f 2298 2299 2300
f 2300 2299 2195
f 2300 2195 2301
f 2301 2195 2159
f 2301 2159 2302
f 2302 2159 2160
f 2302 2160 2295
f 1006 1000 2299
f 2299 1000 2195
f 2164 2165 2290
f 2290 2165 2303
f 2290 2303 2304
f 2304 2303 2305
f 2304 2305 2306
f 2306 2305 2307
f 2306 2307 2308
f 2308 2307 2309
f 2308 2309 2310
f 2310 2309 2311
f 2310 2311 2312
f 2312 2311 2313
f 2312 2313 2314
f 2314 2313 2315
f 2314 2315 2316
f 2316 2315 2317
f 2316 2317 2318
f 2318 2317 2319
f 2318 2319 2268
f 2268 2319 2269
f 2165 2167 2303
f 2303 2167 2320
f 2303 2320 2305
f 2305 2320 2321
f 2305 2321 2307
f 2307 2321 2322
f 2307 2322 2309
f 2309 2322 2323
f 2309 2323 2311
f 2311 2323 2324
f 2311 2324 2313
f 2313 2324 2325
f 2313 2325 2315
f 2315 2325 2326
f 2315 2326 2317
f 2317 2326 2327
f 2317 2327 2319
f 2319 2327 2328
f 2319 2328 2269
f 2269 2328 2270
f 2167 2169 2320
f 2320 2169 2170
f 2320 2170 2329
f 2329 2170 2172
f 2329 2172 2330
f 2330 2172 2174
f 2330 2174 28
f 28 32 2330
f 2330 32 2331
f 2330 2331 2332
f 2332 2331 2333
f 2332 2333 2322
f 2322 2333 2323
f 31 2334 32
f 32 2334 2335
f 32 2335 2331
f 2331 2335 2333
f 30 2336 31
f 31 2336 2337
f 31 2337 2338
f 2338 2337 2339
f 2338 2339 2340
f 2340 2339 2325
f 2340 2325 2324
f 29 2341 30
f 30 2341 2342
f 30 2342 2336
f 2336 2342 2343
f 2336 2343 2344
f 2344 2343 2327
f 2344 2327 2326
f 23 2345 27
f 27 2345 2346
f 27 2346 2347
f 2347 2346 2348
f 2347 2348 2349
f 2349 2348 2350
f 2349 2350 2351
f 2351 2350 2352
f 2351 2352 2353
f 2353 2352 2354
f 2353 2354 2355
f 2355 2354 2356
f 2355 2356 2357
f 2357 2356 2358
f 2357 2358 2359
f 2359 2358 2360
f 2359 2360 2361
f 2361 2360 2362
f 2361 2362 2363
f 2363 2362 2364
f 2363 2364 2365
f 2365 2364 2366
f 2365 2366 2367
f 2367 2366 2368
f 2367 2368 2369
f 2369 2368 2370
f 2369 2370 2371
f 2371 2370 2372
f 2371 2372 2373
f 2373 2372 2374
f 2373 2374 2375
f 2375 2374 2376
f 2375 2376 2377
f 2377 2376 2378
f 2377 2378 2379
f 2379 2378 2380
f 2379 2380 2381
f 2381 2380 2382
f 2381 2382 2383
f 2383 2382 2384
f 2383 2384 2385
f 2385 2384 2386
f 2385 2386 2387
f 2387 2386 2388
f 2387 2388 2389
f 2389 2388 2390
f 2389 2390 2391
f 2391 2390 2392
f 2391 2392 2211
f 2346 2345 2393
f 2393 2345 2394
f 2393 2394 2395
f 2395 2394 2396
f 2395 2396 2397
f 2397 2396 2398
f 2397 2398 2399
f 2397 2399 2400
f 2400 2399 2401
f 2400 2401 2402
f 2402 2401 2403
f 2402 2403 2404
f 2402 2404 2405
f 2405 2404 2406
f 2405 2406 2407
f 2407 2406 2408
f 2407 2408 2358
f 2358 2408 2360
f 2406 2409 2408
f 2408 2409 2410
f 2408 2410 2360
f 2360 2410 2362
f 2409 2411 2410
f 2410 2411 2412
f 2410 2412 2362
f 2362 2412 2364
f 2412 2411 2413
f 2413 2411 2414
f 2413 2414 2415
f 2415 2414 2416
f 2415 2416 2368
f 2368 2416 2370
f 2414 2417 2416
f 2416 2417 2418
f 2416 2418 2370
f 2370 2418 2372
f 2417 2419 2418
f 2418 2419 2420
f 2418 2420 2372
f 2372 2420 2374
f 2420 2419 2421
f 2421 2419 2422
f 2421 2422 2423
f 2423 2422 2424
f 2423 2424 2425
f 2425 2424 2426
f 2425 2426 2427
f 2427 2426 2428
f 2427 2428 2429
f 2429 2428 2430
f 2429 2430 2431
f 2429 2431 2432
f 2432 2431 2433
f 2432 2433 2434
f 2434 2433 2435
f 2434 2435 2436
f 2436 2435 2437
f 2436 2437 2438
f 2438 2392 2436
f 2436 2392 2390
f 2436 2390 2388
f 27 2347 2255
f 2255 2347 2349
f 2255 2349 2253
f 2253 2349 2351
f 2253 2351 2251
f 2251 2351 2353
f 2251 2353 2249
f 2249 2353 2355
f 2249 2355 2247
f 2247 2355 2357
f 2247 2357 2245
f 2245 2357 2359
f 2245 2359 2243
f 2243 2359 2361
f 2243 2361 2241
f 2241 2361 2363
f 2241 2363 2239
f 2239 2363 2365
f 2239 2365 2237
f 2237 2365 2367
f 2237 2367 2235
f 2235 2367 2369
f 2235 2369 2233
f 2233 2369 2371
f 2233 2371 2231
f 2231 2371 2373
f 2231 2373 2229
f 2229 2373 2375
f 2229 2375 2227
f 2227 2375 2377
f 2227 2377 2225
f 2225 2377 2379
f 2225 2379 2223
f 2223 2379 2381
f 2223 2381 2221
f 2221 2381 2383
f 2221 2383 2219
f 2219 2383 2385
f 2219 2385 2217
f 2217 2385 2387
f 2217 2387 2215
f 2215 2387 2389
f 2215 2389 2439
f 2439 2389 2391
f 2439 2391 2440
f 2440 2391 2211
f 2440 2211 2212
f 29 2272 2341
f 2341 2272 2271
f 2341 2271 2441
f 2441 2271 2270
f 2441 2270 2328
f 31 2338 2334
f 2334 2338 2340
f 2334 2340 2442
f 2442 2340 2324
f 2442 2324 2323
f 2440 2212 2213
f 2215 2439 2214
f 2214 2439 2213
f 2439 2440 2213
f 2275 2261 2260
f 2273 2274 2259
f 2259 2274 2260
f 2274 2275 2260
f 2263 2262 2443
f 2443 2262 2276
f 2443 2276 2444
f 2444 2276 2277
f 2444 2277 2445
f 2445 2277 2278
f 2445 2278 2280
f 2264 2263 2446
f 2446 2263 2443
f 2446 2443 2447
f 2447 2443 2444
f 2447 2444 2448
f 2448 2444 2445
f 2448 2445 2449
f 2449 2445 2280
f 2449 2280 2282
f 2265 2264 2450
f 2450 2264 2446
f 2450 2446 2451
f 2451 2446 2447
f 2451 2447 2452
f 2452 2447 2448
f 2452 2448 2453
f 2453 2448 2449
f 2453 2449 2454
f 2454 2449 2282
f 2454 2282 2284
f 2266 2265 2455
f 2455 2265 2450
f 2455 2450 2456
f 2456 2450 2451
f 2456 2451 2457
f 2457 2451 2452
f 2457 2452 2458
f 2458 2452 2453
f 2458 2453 2459
f 2459 2453 2454
f 2459 2454 2460
f 2460 2454 2284
f 2460 2284 2286
f 2318 2268 2267
f 2267 2266 2461
f 2461 2266 2455
f 2461 2455 2462
f 2462 2455 2456
f 2462 2456 2463
f 2463 2456 2457
f 2463 2457 2464
f 2464 2457 2458
f 2464 2458 2465
f 2465 2458 2459
f 2465 2459 2466
f 2466 2459 2460
f 2466 2460 2467
f 2467 2460 2286
f 2467 2286 2288
f 2316 2318 2461
f 2461 2318 2267
f 2316 2461 2462
f 2342 2341 2441
f 2327 2343 2328
f 2328 2343 2441
f 2343 2342 2441
f 2314 2316 2462
f 2314 2462 2463
f 2314 2463 2312
f 2312 2463 2464
f 2312 2464 2310
f 2310 2464 2465
f 2310 2465 2308
f 2308 2465 2466
f 2308 2466 2306
f 2306 2466 2467
f 2306 2467 2304
f 2304 2467 2288
f 2304 2288 2290
f 2344 2326 2339
f 2339 2326 2325
f 2336 2344 2337
f 2337 2344 2339
f 2297 2468 2296
f 2296 2468 2292
f 2296 2292 2291
f 2292 2468 2293
f 2293 2468 2469
f 2293 2469 2294
f 2294 2469 2302
f 2294 2302 2295
f 2468 2297 2470
f 2470 2297 2298
f 2470 2298 2300
f 2442 2323 2333
f 2332 2322 2321
f 2334 2442 2335
f 2335 2442 2333
f 2300 2301 2470
f 2470 2301 2469
f 2470 2469 2468
f 2301 2302 2469
f 2332 2321 2329
f 2329 2321 2320
f 2329 2330 2332
f 2393 2395 2346
f 2346 2395 2348
f 2395 2397 2348
f 2348 2397 2350
f 2397 2400 2350
f 2350 2400 2352
f 2400 2402 2352
f 2352 2402 2354
f 2407 2358 2356
f 2402 2405 2354
f 2354 2405 2356
f 2405 2407 2356
f 2415 2368 2366
f 2412 2413 2364
f 2364 2413 2366
f 2413 2415 2366
f 2420 2421 2374
f 2374 2421 2376
f 2421 2423 2376
f 2376 2423 2378
f 2423 2425 2378
f 2378 2425 2380
f 2425 2427 2380
f 2380 2427 2382
f 2427 2429 2382
f 2382 2429 2384
f 2429 2432 2384
f 2384 2432 2386
f 2432 2434 2386
f 2386 2434 2388
f 2434 2436 2388
f 1456 2471 1458
f 1458 2471 2472
f 1458 2472 2098
f 2098 2472 1660
f 2098 1660 1659
f 1456 1639 2471
f 2471 1639 1660
f 2471 1660 2472
f 1659 1658 2098
f 2098 1459 1458
f 1676 2473 1675
f 1675 2473 2474
f 1675 2474 2475
f 2475 2476 1675
f 1675 2476 1674
f 1599 1600 1663
f 1663 1600 1601
f 1663 1601 1661
f 1661 1601 1602
f 1661 1602 1670
f 1670 1602 1214
f 1670 1214 1668
f 1668 1214 1210
f 1602 1603 1214
f 1214 1603 1604
f 1214 1604 1605
f 1214 1605 2477
f 2477 1605 1608
f 2477 1608 1611
f 1611 1613 2477
f 1651 1650 2478
f 2478 1650 2479
f 2478 2479 2480
f 2480 2479 2481
f 2480 2481 2482
f 2482 2481 2483
f 2482 2483 2484
f 2484 2483 2485
f 2484 2485 2486
f 2486 2485 2487
f 2486 2487 2488
f 2488 2487 2489
f 2488 2489 2490
f 2490 2489 2491
f 2490 2491 1773
f 1773 1756 2490
f 2490 1756 2492
f 2490 2492 2493
f 2493 2492 2494
f 2493 2494 2495
f 2495 2494 2496
f 2495 2496 2497
f 2497 2496 2498
f 2497 2498 2499
f 2499 2498 2500
f 2499 2500 2501
f 2501 2500 2101
f 2501 2101 2099
f 1755 2502 1756
f 1756 2502 2503
f 1756 2503 2492
f 2492 2503 2494
f 1754 2073 1755
f 1755 2073 2504
f 1755 2504 2502
f 2502 2504 2505
f 2502 2505 2506
f 2506 2505 2507
f 2506 2507 2496
f 2496 2507 2498
f 2504 2073 2508
f 2508 2073 2075
f 2508 2075 2509
f 2509 2075 2094
f 2509 2094 2510
f 2510 2094 2104
f 2510 2104 2511
f 2511 2104 2103
f 2511 2103 2500
f 2500 2103 2101
f 2501 2099 2512
f 2512 2099 1658
f 2512 1658 1656
f 1651 2513 1656
f 1656 2513 2514
f 1656 2514 2512
f 2512 2514 2515
f 2512 2515 2501
f 2501 2515 2499
f 2516 1651 2517
f 2517 1651 2478
f 2517 2478 2480
f 2490 2493 2488
f 2488 2493 2518
f 2488 2518 2486
f 2486 2518 2519
f 2486 2519 2484
f 2484 2519 2520
f 2484 2520 2482
f 2482 2520 2521
f 2482 2521 2480
f 2480 2521 2517
f 2493 2495 2518
f 2518 2495 2522
f 2518 2522 2519
f 2519 2522 2523
f 2519 2523 2520
f 2520 2523 2524
f 2520 2524 2521
f 2521 2524 2516
f 2521 2516 2517
f 1651 2516 2513
f 2513 2516 2524
f 2513 2524 2525
f 2525 2524 2523
f 2525 2523 2526
f 2526 2523 2522
f 2526 2522 2497
f 2497 2522 2495
f 2508 2509 2504
f 2504 2509 2505
f 2509 2510 2505
f 2505 2510 2507
f 2526 2497 2499
f 2510 2511 2507
f 2507 2511 2498
f 2525 2526 2515
f 2515 2526 2499
f 2511 2500 2498
f 2513 2525 2514
f 2514 2525 2515
f 2503 2502 2506
f 2503 2506 2494
f 2494 2506 2496
f 20 614 23
f 23 614 2345
f 2345 614 615
f 2345 615 2394
f 2394 615 624
f 2394 624 2396
f 2396 624 625
f 2396 625 2398
f 2398 625 627
f 2398 627 2399
f 2399 627 629
f 2399 629 2401
f 2401 629 630
f 2401 630 2403
f 2403 630 631
f 2403 631 2404
f 2404 631 633
f 2404 633 2406
f 2406 633 638
f 2406 638 2409
f 2409 638 641
f 2409 641 2411
f 2411 641 643
f 2411 643 2414
f 2414 643 645
f 2414 645 2417
f 2417 645 647
f 2417 647 2419
f 2419 647 651
f 2419 651 2422
f 2422 651 655
f 2422 655 2424
f 2424 655 657
f 2424 657 2426
f 2426 657 658
f 2426 658 2428
f 2428 658 659
f 2428 659 2430
f 2430 659 661
f 2430 661 2431
f 2431 661 663
f 2431 663 2433
f 2433 663 664
f 2433 664 2435
f 2435 664 674
f 2435 674 2437
f 2437 674 675
f 2437 675 2438
f 1067 1066 1106
f 1106 1066 2527
f 2527 1066 2528
f 2528 1066 1089
f 2528 1089 2529
f 2529 1089 1092
f 2529 1092 2530
f 2530 1092 1091
f 2530 1091 588
f 588 1091 584
f 584 1091 1090
f 584 1090 586
f 586 1090 1024
f 586 1024 587
f 1284 1302 2531
f 2531 1302 2137
f 617 1256 623
f 623 1256 1276
f 623 1276 626
f 626 1276 1278
f 626 1278 628
f 628 1278 2532
f 2532 1278 1280
f 2532 1280 2533
f 2533 1280 1282
f 2533 1282 2534
f 2534 1282 1284
f 2534 1284 2531
f 1204 1206 1203
f 1203 1206 1202
f 1202 1206 1201
f 1201 1206 1205
f 656 671 1204
f 1204 671 1206
f 1104 1106 1103
f 1103 1106 2527
f 1103 2527 1107
f 1107 2527 2528
f 1107 2528 2529
f 1104 1105 1106
f 2529 2530 1107
f 588 590 2530
f 2530 590 1107
f 2532 2533 2138
f 2138 2533 2534
f 2138 2534 2531
f 2531 2137 2138
f 636 628 2138
f 2138 628 2532
f 1617 1616 1613
f 1613 1616 1615
f 1613 1615 1614
f 1614 1612 1613
f 1613 1612 1610
f 1613 1610 2477
f 2477 1610 1609
f 2477 1609 1607
f 1607 1606 2477
f 2477 1606 1214
f 1214 1606 1213
f 1677 1693 1676
f 778 2211 2535
f 2535 2211 677
f 677 2211 675
f 675 2211 2392
f 675 2392 2438
f 1598 1599 2536
f 2536 1599 1671
f 2536 1671 1672
f 2536 1672 2537
f 2537 1672 1673
f 2537 1673 1674
f 1674 2538 2537
f 2537 2538 2539
f 2537 2539 2540
f 2540 2539 2541
f 2540 2541 1598
f 1598 2541 1597
f 1597 2541 2542
f 1597 2542 2543
f 2543 2542 2544
f 2543 2544 2545
f 2545 2544 2546
f 2545 2546 2547
f 2539 2538 2548
f 2548 2538 2546
f 2548 2546 2544
f 2549 2550 2547
f 2547 2550 2551
f 2547 2551 2545
f 2545 2551 2552
f 2545 2552 2543
f 2543 2552 1596
f 2543 1596 1597
f 2553 2554 2549
f 2549 2554 2555
f 2549 2555 2550
f 2550 2555 2556
f 2550 2556 2557
f 2557 2556 1595
f 2557 1595 1596
f 2558 2559 2553
f 2553 2559 2560
f 2553 2560 2554
f 2554 2560 2561
f 2554 2561 2562
f 2562 2561 1554
f 2562 1554 1595
f 2559 2558 2563
f 2563 2558 2564
f 2563 2564 2565
f 2565 2564 1637
f 2565 1637 1634
f 2564 1638 1637
f 2565 1634 2566
f 2566 1634 1635
f 2566 1635 1621
f 1621 1619 2566
f 2566 1619 2567
f 2566 2567 2563
f 2563 2567 2559
f 1619 1553 2567
f 2567 1553 2568
f 2567 2568 2559
f 2559 2568 2560
f 1553 1554 2568
f 2568 1554 2561
f 2568 2561 2560
f 2540 1598 2536
f 1595 2556 2562
f 2562 2556 2555
f 2562 2555 2554
f 2540 2536 2537
f 2542 2541 2548
f 2548 2541 2539
f 2544 2542 2548
f 2557 1596 2552
f 2552 2551 2557
f 2557 2551 2550
f 2565 2566 2563
f 2538 1674 2569
f 2569 1674 2476
f 2569 2476 2570
f 2570 2476 2475
f 2570 2475 2474
f 2570 2474 2571
f 2571 2474 2473
f 2571 2473 1676
f 1676 2572 2571
f 2571 2572 2573
f 2571 2573 2574
f 2574 2573 2575
f 2574 2575 2576
f 2576 2575 2577
f 2576 2577 2538
f 2538 2577 2546
f 2546 2577 2578
f 2546 2578 2579
f 2579 2578 2580
f 2579 2580 2581
f 2581 2580 2582
f 2581 2582 2583
f 2583 2582 2584
f 2583 2584 2585
f 2584 2586 2572
f 2572 2586 2587
f 2572 2587 2573
f 2573 2587 2575
f 2588 2589 2585
f 2585 2589 2590
f 2585 2590 2583
f 2583 2590 2591
f 2583 2591 2581
f 2581 2591 2592
f 2581 2592 2579
f 2579 2592 2547
f 2579 2547 2546
f 2593 2594 2588
f 2588 2594 2595
f 2588 2595 2589
f 2589 2595 2596
f 2589 2596 2597
f 2597 2596 2598
f 2597 2598 2599
f 2599 2598 2549
f 2599 2549 2547
f 2600 2601 2593
f 2593 2601 2602
f 2593 2602 2594
f 2594 2602 2603
f 2594 2603 2604
f 2604 2603 2605
f 2604 2605 2606
f 2606 2605 2553
f 2606 2553 2549
f 2601 2600 2607
f 2607 2600 2608
f 2607 2608 2609
f 2609 2608 1649
f 2609 1649 1647
f 2608 1650 1649
f 2609 1647 2610
f 2610 1647 1645
f 2610 1645 2611
f 2611 1645 1638
f 2611 1638 2564
f 2611 2564 2612
f 2612 2564 2558
f 2612 2558 2613
f 2613 2558 2553
f 2613 2553 2605
f 2584 2582 2586
f 2586 2582 2580
f 2586 2580 2614
f 2614 2580 2578
f 2614 2578 2577
f 2549 2598 2606
f 2606 2598 2596
f 2606 2596 2604
f 2604 2596 2595
f 2604 2595 2594
f 2571 2574 2570
f 2570 2574 2615
f 2570 2615 2569
f 2569 2615 2538
f 2576 2538 2615
f 2575 2587 2614
f 2614 2587 2586
f 2614 2577 2575
f 2615 2574 2576
f 2599 2547 2592
f 2591 2590 2597
f 2597 2590 2589
f 2592 2591 2599
f 2599 2591 2597
f 2613 2605 2603
f 2603 2602 2616
f 2616 2602 2601
f 2616 2601 2617
f 2617 2601 2607
f 2617 2607 2610
f 2610 2607 2609
f 2617 2612 2616
f 2616 2612 2613
f 2616 2613 2603
f 2610 2611 2617
f 2617 2611 2612
f 1693 1684 1676
f 1676 1684 2572
f 2572 1684 1686
f 2572 1686 2584
f 2584 1686 2141
f 2584 2141 2585
f 2585 2141 2140
f 2585 2140 2139
f 2585 2139 2588
f 2588 2139 1320
f 2588 1320 2593
f 2593 1320 1314
f 2593 1314 2618
f 2618 1314 1315
f 2618 1315 1317
f 2618 1317 2619
f 2619 1317 1318
f 2619 1318 2620
f 2620 1318 1311
f 2620 1311 2621
f 2621 1311 1307
f 2621 1307 2622
f 2622 1307 2623
f 2622 2623 2624
f 2624 2623 2625
f 2624 2625 2626
f 2626 2625 2627
f 2626 2627 2481
f 2481 2627 2628
f 2481 2628 2483
f 2483 2628 2629
f 2483 2629 2485
f 2485 2629 2630
f 2485 2630 2487
f 2487 2630 2631
f 2487 2631 2489
f 2489 2631 2632
f 2489 2632 2491
f 2491 2632 2633
f 2491 2633 1773
f 1773 2633 1776
f 1776 2633 2634
f 1776 2634 1775
f 1775 2634 2635
f 1775 2635 2636
f 2636 2635 2637
f 2636 2637 2638
f 2638 2637 2639
f 2638 2639 2640
f 2640 2639 2641
f 2640 2641 2642
f 2642 2641 2643
f 2642 2643 2644
f 2644 2643 2645
f 2644 2645 2646
f 2646 2645 2623
f 2646 2623 2647
f 2647 2623 1307
f 2647 1307 1306
f 2647 1306 2646
f 2646 1306 1310
f 2646 1310 2644
f 2644 1310 2642
f 2642 1310 2648
f 2648 1310 1309
f 2648 1309 2649
f 2649 1309 2650
f 2649 2650 2651
f 2651 2650 1308
f 2651 1308 2652
f 2652 1308 1739
f 2652 1739 2653
f 2653 1739 2654
f 2653 2654 1774
f 1774 2654 1731
f 1774 1731 1733
f 1309 1308 2650
f 1739 1731 2654
f 1775 2655 1774
f 1774 2655 2656
f 1774 2656 2653
f 2653 2656 2651
f 2653 2651 2652
f 2626 2481 2657
f 2657 2481 2479
f 2657 2479 2658
f 2658 2479 2659
f 2658 2659 2660
f 2660 2659 2661
f 2660 2661 2620
f 2620 2661 2619
f 2479 1650 2659
f 2659 1650 2608
f 2659 2608 2661
f 2661 2608 2600
f 2661 2600 2619
f 2619 2600 2593
f 2619 2593 2618
f 1775 2636 2655
f 2655 2636 2638
f 2655 2638 2662
f 2662 2638 2640
f 2662 2640 2649
f 2649 2640 2642
f 2649 2642 2648
f 2637 2635 2663
f 2663 2635 2634
f 2663 2634 2632
f 2632 2634 2633
f 2639 2637 2664
f 2664 2637 2663
f 2664 2663 2631
f 2631 2663 2632
f 2641 2639 2665
f 2665 2639 2664
f 2665 2664 2630
f 2630 2664 2631
f 2643 2641 2666
f 2666 2641 2665
f 2666 2665 2629
f 2629 2665 2630
f 2625 2623 2645
f 2645 2643 2667
f 2667 2643 2666
f 2667 2666 2628
f 2628 2666 2629
f 2660 2620 2621
f 2621 2622 2668
f 2668 2622 2624
f 2668 2624 2657
f 2657 2624 2626
f 2656 2655 2662
f 2656 2662 2651
f 2651 2662 2649
f 2628 2627 2667
f 2667 2627 2625
f 2667 2625 2645
f 2657 2658 2668
f 2668 2658 2660
f 2668 2660 2621
f 397 376 603
f 603 376 585
f 2669 2670 2671
f 2671 2670 2672
f 2671 2672 2673
f 2673 2672 2674
f 2674 2672 2675
f 2674 2675 2676
f 2670 2677 2672
f 2672 2677 2678
f 2672 2678 2675
f 2675 2678 2676
f 2677 2679 2678
f 2669 2680 2681
f 2681 2680 2682
f 2681 2682 2683
f 2684 2685 2683
f 2683 2685 2681
f 2679 2677 2685
f 2685 2677 2681
f 2677 2670 2681
f 2681 2670 2669
f 340 339 2686
f 2686 339 2687
f 2686 2687 2688
f 2686 2688 2689
f 2689 2688 2690
f 2689 2690 2691
f 2691 2690 2692
f 2691 2692 2683
f 2683 2692 2684
f 2683 2682 2691
f 2691 2682 2693
f 2691 2693 2694
f 2682 2680 2693
f 2691 2694 2689
f 2689 2694 2695
f 2689 2695 2686
f 2686 2695 340
f 2695 341 340
f 2695 2696 341
f 341 2696 2697
f 341 2697 419
f 419 2697 2698
f 419 2698 417
f 417 2698 2699
f 417 2699 416
f 416 2699 2700
f 416 2700 407
f 407 2700 2701
f 407 2701 379
f 2696 2695 2702
f 2702 2695 2694
f 2702 2694 2703
f 2703 2694 2704
f 2704 2694 2705
f 2705 2694 2693
f 2705 2693 2706
f 2706 2693 2680
f 419 421 341
f 341 421 342
f 342 421 398
f 342 398 344
f 344 398 400
f 344 400 402
f 402 362 344
f 344 362 346
f 346 362 354
f 346 354 334
f 2669 2707 2680
f 2680 2707 2708
f 2680 2708 2709
f 2709 2708 2710
f 2709 2710 2711
f 2711 2710 2712
f 2711 2712 2713
f 2713 2712 2714
f 2713 2714 2715
f 2715 2714 2716
f 2715 2716 2717
f 2707 2669 2718
f 2718 2669 2671
f 2718 2671 2673
f 2673 2674 2718
f 2718 2674 2719
f 2718 2719 2720
f 2720 2719 2721
f 2720 2721 2710
f 2710 2721 2712
f 2676 2722 2674
f 2674 2722 2719
f 2722 2723 2719
f 2719 2723 2721
f 2723 2724 2721
f 2721 2724 2712
f 2724 2714 2712
f 2725 2726 2717
f 2717 2726 2727
f 2717 2727 2715
f 2715 2727 2713
f 2705 2706 2725
f 2725 2706 2726
f 2726 2706 2709
f 2709 2706 2680
f 2710 2708 2720
f 2720 2708 2707
f 2720 2707 2718
f 2711 2713 2727
f 2709 2711 2726
f 2726 2711 2727
f 2728 2729 2730
f 2730 2729 2731
f 2730 2731 2732
f 2728 2733 2729
f 2729 2733 2734
f 2729 2734 2731
f 2731 2734 2732
f 2735 2736 2737
f 2737 2736 2738
f 2737 2738 2739
f 2739 2738 2740
f 2739 2740 2741
f 2741 2740 2742
f 2741 2742 2728
f 2728 2742 2733
f 2733 2742 2743
f 2733 2743 2734
f 2736 2744 2738
f 2738 2744 2745
f 2738 2745 2746
f 2744 2701 2745
f 2738 2746 2740
f 2740 2746 2747
f 2740 2747 2742
f 2742 2747 2743
f 2728 2730 2741
f 379 2701 380
f 380 2701 2748
f 380 2748 388
f 388 2748 391
f 391 2748 2749
f 391 2749 2750
f 2750 2749 2701
f 2750 2701 2744
f 2744 2736 2750
f 2750 2736 391
f 2736 2735 391
f 2748 2701 2749
f 389 391 2751
f 2751 391 2735
f 2751 2735 2752
f 2752 2735 2737
f 2752 2737 2753
f 2753 2737 2739
f 2753 2739 2754
f 2754 2739 2755
f 2754 2755 2756
f 2756 2755 2730
f 2756 2730 2732
f 2739 2741 2755
f 2755 2741 2730
f 2753 2757 2752
f 2752 2757 591
f 2752 591 2751
f 2751 591 589
f 2751 589 389
f 389 589 390
f 390 589 583
f 390 583 2758
f 2758 583 585
f 2758 585 376
f 376 378 2758
f 2758 378 392
f 2758 392 390
f 2759 2732 2760
f 2760 2732 2734
f 2760 2734 2761
f 2761 2734 2762
f 2761 2762 2763
f 2764 2765 2716
f 2716 2765 2766
f 2716 2766 2717
f 2717 2766 2767
f 2717 2767 2725
f 2725 2767 2768
f 2725 2768 2704
f 2704 2768 2703
f 2703 2768 2702
f 2702 2768 2769
f 2769 2768 2767
f 2769 2767 2765
f 2765 2767 2766
f 2704 2705 2725
f 2734 2743 2762
f 2762 2743 2770
f 2762 2770 2771
f 2771 2770 2772
f 2771 2772 2773
f 2773 2772 2774
f 2773 2774 2775
f 2775 2774 2700
f 2775 2700 2699
f 2743 2747 2770
f 2770 2747 2746
f 2770 2746 2772
f 2772 2746 2745
f 2772 2745 2774
f 2774 2745 2701
f 2774 2701 2700
f 2699 2776 2775
f 2775 2776 2773
f 2776 2777 2773
f 2773 2777 2771
f 2777 2763 2771
f 2771 2763 2762
f 2763 2777 2778
f 2778 2777 2779
f 2778 2779 2780
f 2780 2779 2781
f 2780 2781 2782
f 2782 2781 2783
f 2782 2783 2764
f 2764 2783 2765
f 2765 2783 2784
f 2765 2784 2769
f 2769 2784 2785
f 2769 2785 2702
f 2702 2785 2696
f 2696 2785 2697
f 2697 2785 2786
f 2697 2786 2787
f 2787 2786 2788
f 2787 2788 2789
f 2789 2788 2781
f 2789 2781 2779
f 2779 2777 2789
f 2789 2777 2776
f 2789 2776 2787
f 2787 2776 2699
f 2787 2699 2698
f 2698 2697 2787
f 2788 2786 2784
f 2784 2786 2785
f 2781 2788 2783
f 2783 2788 2784
f 2761 2763 2790
f 2790 2763 2778
f 2790 2778 2780
f 2790 2780 2791
f 2791 2780 2782
f 2791 2782 2764
f 2764 2792 2791
f 2791 2792 2793
f 2791 2793 2790
f 2790 2793 2794
f 2790 2794 2761
f 2761 2794 2760
f 2760 2794 2795
f 2760 2795 2759
f 2792 2796 2793
f 2793 2796 2797
f 2793 2797 2794
f 2794 2797 2795
f 2796 2798 2797
f 2764 2716 2792
f 2792 2716 2799
f 2792 2799 2796
f 2796 2799 2800
f 2796 2800 2801
f 2801 2800 2802
f 2802 2800 2803
f 2801 2798 2796
f 2716 2714 2799
f 2799 2714 2724
f 2799 2724 2800
f 2800 2724 2723
f 2800 2723 2803
f 2803 2723 2722
f 2803 2722 2676
f 2685 2684 2804
f 2804 2684 2692
f 2804 2692 2805
f 2805 2692 2690
f 2805 2690 2806
f 2806 2690 2688
f 2806 2688 2807
f 2807 2688 2687
f 2804 2805 2808
f 2808 2805 2809
f 2808 2809 2810
f 2810 2809 2811
f 2810 2811 2812
f 2812 2811 2813
f 2812 2813 2814
f 2814 2813 2815
f 2814 2815 2816
f 2816 2815 2817
f 2816 2817 2818
f 2819 2820 2818
f 2818 2820 2821
f 2818 2821 2816
f 2816 2821 2822
f 2816 2822 2823
f 2823 2822 2824
f 2823 2824 2825
f 2825 2824 2826
f 2825 2826 2827
f 2820 2819 2828
f 2828 2819 2829
f 2828 2829 2830
f 2830 2829 2831
f 2830 2831 2832
f 2832 2831 2833
f 2832 2833 2834
f 2834 2833 2835
f 2834 2835 2836
f 2836 2835 2837
f 2836 2837 2838
f 2838 2837 2839
f 2838 2839 2840
f 2840 2839 2841
f 2840 2841 2842
f 2842 2841 2843
f 2842 2843 2844
f 2844 2843 2845
f 2844 2845 2846
f 2846 2845 2847
f 2846 2847 2848
f 2848 2847 2849
f 2848 2849 2850
f 2850 2849 2851
f 2850 2851 2852
f 2852 2851 2853
f 2852 2853 2854
f 2854 2853 2855
f 2854 2855 2856
f 2856 2855 2857
f 2856 2857 2858
f 2858 2857 2859
f 2858 2859 2860
f 2860 2859 2861
f 2860 2861 2862
f 2862 2861 2863
f 2862 2863 2864
f 2833 2865 2835
f 2835 2865 2837
f 2865 2866 2837
f 2837 2866 2867
f 2837 2867 2839
f 2839 2867 2868
f 2839 2868 2841
f 2841 2868 2869
f 2841 2869 2843
f 2843 2869 2870
f 2843 2870 2845
f 2845 2870 2871
f 2845 2871 2847
f 2847 2871 2872
f 2847 2872 2849
f 2849 2872 2873
f 2849 2873 2851
f 2851 2873 2874
f 2851 2874 2853
f 2853 2874 2855
f 2866 2875 2867
f 2867 2875 2868
f 2875 2876 2868
f 2868 2876 2877
f 2868 2877 2869
f 2869 2877 2870
f 2876 2878 2877
f 2877 2878 2879
f 2877 2879 2870
f 2870 2879 2871
f 2880 2881 2878
f 2878 2881 2882
f 2878 2882 2879
f 2879 2882 2871
f 2881 2880 2883
f 2883 2880 2884
f 2883 2884 2885
f 2885 2884 2863
f 2885 2863 2861
f 2864 2886 2862
f 2862 2886 2860
f 2886 2858 2860
f 2854 2887 2852
f 2852 2887 2888
f 2852 2888 2850
f 2850 2888 2889
f 2850 2889 2848
f 2848 2889 2890
f 2848 2890 2846
f 2846 2890 2891
f 2846 2891 2844
f 2844 2891 2892
f 2844 2892 2842
f 2842 2892 2893
f 2842 2893 2840
f 2840 2893 2894
f 2840 2894 2838
f 2838 2894 2895
f 2838 2895 2836
f 2836 2895 2896
f 2836 2896 2834
f 2834 2896 2897
f 2834 2897 2832
f 2832 2897 2898
f 2832 2898 2830
f 2830 2898 2828
f 2887 2899 2888
f 2888 2899 2900
f 2888 2900 2889
f 2889 2900 2901
f 2889 2901 2890
f 2890 2901 2902
f 2890 2902 2891
f 2891 2902 2903
f 2891 2903 2892
f 2892 2903 2904
f 2892 2904 2893
f 2893 2904 2905
f 2893 2905 2894
f 2894 2905 2906
f 2894 2906 2895
f 2895 2906 2907
f 2895 2907 2896
f 2896 2907 2908
f 2896 2908 2897
f 2897 2908 2909
f 2897 2909 2898
f 2898 2909 2910
f 2898 2910 2828
f 2828 2910 2911
f 2828 2911 2820
f 2820 2911 2821
f 2900 2899 2912
f 2912 2899 2913
f 2912 2913 2914
f 2914 2913 2915
f 2914 2915 2916
f 2914 2916 2917
f 2917 2916 2918
f 2917 2918 2919
f 2919 2918 2920
f 2919 2920 2921
f 2921 2920 2922
f 2921 2922 2923
f 2923 2922 2924
f 2923 2924 2905
f 2905 2924 2906
f 2920 2925 2922
f 2922 2925 2926
f 2922 2926 2924
f 2924 2926 2927
f 2924 2927 2906
f 2906 2927 2907
f 2925 2928 2926
f 2926 2928 2929
f 2926 2929 2927
f 2927 2929 2930
f 2927 2930 2907
f 2907 2930 2908
f 2929 2928 2931
f 2931 2928 2932
f 2931 2932 2933
f 2933 2932 2934
f 2933 2934 2935
f 2935 2934 2936
f 2935 2936 2937
f 2937 2936 2938
f 2937 2938 2939
f 2939 2938 2940
f 2939 2940 2824
f 2824 2940 2941
f 2824 2941 2826
f 2825 2827 2942
f 2942 2827 2943
f 2942 2943 2944
f 2944 2943 2945
f 2944 2945 2804
f 2804 2945 2946
f 2804 2946 2685
f 2685 2946 2679
f 2944 2804 2808
f 2942 2944 2810
f 2810 2944 2808
f 2825 2942 2812
f 2812 2942 2810
f 2816 2823 2814
f 2814 2823 2812
f 2823 2825 2812
f 2939 2824 2822
f 2822 2821 2947
f 2947 2821 2911
f 2947 2911 2948
f 2948 2911 2910
f 2948 2910 2949
f 2949 2910 2909
f 2949 2909 2950
f 2950 2909 2908
f 2950 2908 2930
f 2937 2939 2947
f 2947 2939 2822
f 2937 2947 2948
f 2935 2937 2948
f 2935 2948 2949
f 2933 2935 2949
f 2933 2949 2950
f 2931 2933 2950
f 2931 2950 2930
f 2929 2931 2930
f 2923 2905 2904
f 2882 2881 2951
f 2951 2881 2883
f 2951 2883 2952
f 2952 2883 2953
f 2952 2953 2954
f 2954 2953 2955
f 2954 2955 2857
f 2857 2955 2859
f 2871 2882 2872
f 2872 2882 2951
f 2872 2951 2873
f 2873 2951 2952
f 2873 2952 2874
f 2874 2952 2954
f 2874 2954 2855
f 2855 2954 2857
f 2923 2904 2956
f 2956 2904 2903
f 2956 2903 2957
f 2957 2903 2902
f 2957 2902 2958
f 2958 2902 2901
f 2958 2901 2912
f 2912 2901 2900
f 2919 2921 2956
f 2956 2921 2923
f 2919 2956 2957
f 2955 2953 2885
f 2885 2953 2883
f 2917 2919 2957
f 2917 2957 2958
f 2859 2955 2861
f 2861 2955 2885
f 2914 2917 2958
f 2914 2958 2912
f 2959 2757 2960
f 2960 2757 2753
f 2960 2753 2961
f 2961 2753 2754
f 2961 2754 2962
f 2962 2754 2756
f 2962 2756 2963
f 2963 2756 2964
f 2964 2756 2965
f 2964 2965 2966
f 2966 2965 2967
f 2967 2965 2968
f 2967 2968 2969
f 2967 2969 305
f 305 2969 2970
f 305 2970 295
f 295 2970 2971
f 295 2971 2972
f 2972 2971 2973
f 2972 2973 2974
f 2975 2976 2974
f 2974 2976 2977
f 2974 2977 2978
f 2978 2977 2979
f 2978 2979 2980
f 2980 2979 2981
f 2980 2981 2982
f 2975 2983 2976
f 2976 2983 2984
f 2984 2983 2985
f 2984 2985 2986
f 2986 2985 2987
f 2986 2987 2988
f 2988 2989 2986
f 2986 2989 2990
f 2986 2990 2991
f 2989 2992 2990
f 2990 2992 2993
f 2993 2992 2994
f 2994 2992 2995
f 2995 2992 2996
f 2995 2996 2997
f 2997 2996 2998
f 2998 2996 2999
f 2998 2999 3000
f 3000 2999 3001
f 3000 3001 3002
f 3002 3001 3003
f 3002 3003 3004
f 3004 3003 3005
f 3004 3005 3006
f 3006 3005 3007
f 3007 3005 3008
f 3008 3005 3009
f 3008 3009 3010
f 3010 3009 3011
f 3011 3009 3012
f 3012 3009 3013
f 3012 3013 3014
f 3014 3013 3015
f 3014 3015 3016
f 3016 3017 3014
f 3014 3017 3018
f 3018 3017 3019
f 3018 3019 3020
f 3020 3019 3021
f 3020 3021 3022
f 3023 3024 3022
f 3022 3024 3025
f 3022 3025 3026
f 3026 3025 3027
f 3027 3025 3028
f 3027 3028 3029
f 3029 3028 3030
f 3030 3028 3031
f 3023 3032 3024
f 3024 3032 3033
f 3033 3032 3034
f 3033 3034 3035
f 3035 3036 3033
f 3033 3036 3037
f 3033 3037 3038
f 3026 3020 3022
f 3014 3039 3012
f 2982 3040 2980
f 2978 2972 2974
f 2964 2966 3041
f 3041 2966 3042
f 3041 3042 3043
f 3043 3042 3044
f 3044 3042 3045
f 3046 3047 2960
f 2960 3047 3048
f 2960 3048 2959
f 3047 3046 3049
f 3049 3046 3050
f 3049 3050 3051
f 3051 3050 3052
f 3051 3052 3053
f 3054 3055 3056
f 3056 3055 3057
f 3056 3057 3058
f 3058 3057 3059
f 3058 3059 3060
f 3060 3059 3061
f 3060 3061 3062
f 3062 3061 3063
f 3062 3063 3064
f 3055 3065 3057
f 3057 3065 3066
f 3057 3066 3059
f 3064 3067 3062
f 3062 3067 3068
f 3062 3068 3060
f 3060 3068 3056
f 3060 3056 3058
f 3066 3065 3069
f 3069 3065 3070
f 3069 3070 3071
f 3071 3070 3072
f 3071 3072 3073
f 3073 3072 3074
f 3073 3074 3075
f 3065 3055 3070
f 3070 3055 3072
f 3055 3054 3072
f 3075 3076 3073
f 3073 3076 3077
f 3073 3077 3078
f 3076 3079 3077
f 3073 3078 3071
f 3071 3078 3069
f 3080 3081 3082
f 3082 3081 3083
f 3082 3083 3084
f 3084 3083 3085
f 3084 3085 3086
f 3081 3087 3083
f 3083 3087 3088
f 3083 3088 3085
f 3086 3089 3084
f 3084 3089 3090
f 3084 3090 3091
f 3091 3090 3092
f 3091 3092 3093
f 3093 3092 3075
f 3093 3075 3074
f 3089 3094 3090
f 3090 3094 3092
f 3079 3076 3094
f 3094 3076 3092
f 3076 3075 3092
f 3091 3095 3084
f 3084 3095 3082
f 3096 3097 3098
f 3098 3097 3099
f 3098 3099 3100
f 3100 3099 3101
f 3100 3101 3102
f 3097 3103 3099
f 3099 3103 3104
f 3099 3104 3101
f 3103 3105 3104
f 3102 3106 3100
f 3100 3106 3107
f 3100 3107 3108
f 3108 3109 3100
f 3100 3109 3110
f 3109 3111 3110
f 3110 3098 3100
f 3080 3105 3112
f 3112 3105 3103
f 3112 3103 3113
f 3113 3103 3114
f 3113 3114 3087
f 3087 3114 3096
f 3087 3096 3088
f 3103 3097 3114
f 3114 3097 3096
f 3113 3087 3112
f 3112 3087 3081
f 3112 3081 3080
f 3115 3079 3116
f 3116 3079 3094
f 3116 3094 3117
f 3117 3094 3089
f 3117 3089 3118
f 3118 3089 3086
f 3118 3086 3119
f 3119 3086 3085
f 3119 3085 3120
f 3120 3085 3088
f 3121 3122 3119
f 3119 3122 3123
f 3119 3123 3124
f 3124 3123 3125
f 3124 3125 3126
f 3126 3125 3127
f 3126 3127 3128
f 3128 3127 3129
f 3128 3129 3130
f 3130 3129 3131
f 3130 3131 3132
f 3132 3131 3133
f 3132 3133 3115
f 3134 3135 3121
f 3121 3135 3136
f 3121 3136 3122
f 3122 3136 3137
f 3122 3137 3123
f 3123 3137 3125
f 3138 3139 3134
f 3134 3139 3140
f 3134 3140 3135
f 3135 3140 3141
f 3135 3141 3136
f 3136 3141 3142
f 3136 3142 3137
f 3137 3142 3143
f 3137 3143 3125
f 3125 3143 3127
f 3144 3145 3138
f 3138 3145 3146
f 3138 3146 3147
f 3147 3146 3148
f 3147 3148 3149
f 3149 3148 3150
f 3149 3150 3151
f 3151 3150 3152
f 3151 3152 3153
f 3144 3154 3155
f 3155 3154 3156
f 3155 3156 3150
f 3150 3156 3152
f 3151 3153 3157
f 3157 3153 3158
f 3157 3158 3159
f 3159 3158 3160
f 3159 3160 3161
f 3161 3160 3162
f 3161 3162 3142
f 3142 3162 3143
f 3160 3163 3162
f 3162 3163 3143
f 3163 3164 3143
f 3143 3164 3127
f 3164 3129 3127
f 3132 3115 3116
f 3145 3144 3165
f 3165 3144 3155
f 3119 3124 3118
f 3118 3124 3126
f 3118 3126 3166
f 3166 3126 3128
f 3166 3128 3130
f 3138 3147 3139
f 3139 3147 3149
f 3139 3149 3167
f 3167 3149 3151
f 3167 3151 3157
f 3130 3132 3116
f 3118 3166 3117
f 3117 3166 3116
f 3166 3130 3116
f 3142 3141 3161
f 3161 3141 3168
f 3161 3168 3159
f 3159 3168 3157
f 3168 3141 3140
f 3168 3140 3167
f 3167 3140 3139
f 3167 3157 3168
f 3155 3150 3148
f 3145 3165 3146
f 3146 3165 3148
f 3165 3155 3148
f 3088 3096 3120
f 3064 3063 3169
f 3169 3063 3061
f 3169 3061 3059
f 3066 3170 3059
f 3059 3170 3171
f 3059 3171 3169
f 3170 3066 3172
f 3172 3066 3069
f 3172 3069 3115
f 3115 3069 3078
f 3115 3078 3077
f 3077 3079 3115
f 3115 3133 3172
f 3172 3133 3173
f 3172 3173 3170
f 3170 3173 3174
f 3170 3174 3171
f 3133 3131 3173
f 3173 3131 3174
f 3110 3120 3098
f 3098 3120 3096
f 908 904 3175
f 3175 904 903
f 3175 903 3176
f 3176 903 905
f 3176 905 906
f 906 907 3176
f 3176 907 735
f 3176 735 3177
f 3177 735 743
f 3177 743 744
f 760 3178 744
f 744 3178 3179
f 744 3179 3177
f 3177 3179 3119
f 3177 3119 3120
f 785 3180 760
f 760 3180 3181
f 760 3181 3179
f 3179 3181 3182
f 3179 3182 3121
f 3121 3182 3134
f 3134 3182 3138
f 3138 3182 3183
f 3138 3183 3144
f 3144 3183 3184
f 3144 3184 3185
f 3185 3184 3035
f 3185 3035 3034
f 785 787 3180
f 3180 787 3186
f 3180 3186 3187
f 3187 3186 3188
f 3187 3188 3184
f 3184 3188 3189
f 3184 3189 3035
f 3035 3189 3036
f 3036 3189 3190
f 3036 3190 3037
f 3037 3190 3191
f 3191 3190 3192
f 3192 3190 3193
f 3193 3190 3194
f 3193 3194 3195
f 3195 3194 832
f 3195 832 867
f 787 778 3186
f 3186 778 3196
f 3186 3196 3188
f 3188 3196 3197
f 3188 3197 3189
f 3189 3197 3190
f 778 2535 3196
f 3196 2535 677
f 3196 677 678
f 3196 678 3198
f 3198 678 679
f 3198 679 3199
f 3199 679 680
f 3199 680 1348
f 1348 1347 3199
f 3199 1347 832
f 3199 832 3194
f 867 866 3195
f 3195 866 865
f 3195 865 864
f 864 828 3195
f 3195 828 3200
f 3195 3200 3201
f 3201 3200 3202
f 3202 3200 3203
f 3203 3200 3204
f 3203 3204 3205
f 3205 3204 3206
f 3206 3204 3207
f 3206 3207 3208
f 3208 3207 3209
f 3209 3207 3210
f 3210 3207 3211
f 3210 3211 3212
f 3212 3211 3213
f 3213 3211 3214
f 3213 3214 3215
f 3215 3214 3216
f 3215 3216 3217
f 3217 3216 3218
f 3218 3216 3219
f 3218 3219 3220
f 3220 3219 3221
f 3221 3219 3175
f 3221 3175 3222
f 3222 3175 3223
f 3223 3175 3176
f 3223 3176 3224
f 3224 3176 3225
f 3225 3176 3226
f 3226 3176 3110
f 3110 3176 3177
f 3110 3177 3120
f 828 863 3200
f 3200 863 862
f 3200 862 3204
f 3204 862 861
f 3204 861 859
f 3204 859 3207
f 3207 859 858
f 3207 858 860
f 860 894 3207
f 3207 894 3211
f 894 936 3211
f 3211 936 940
f 3211 940 3214
f 3214 940 919
f 3214 919 3216
f 3216 919 917
f 3216 917 915
f 3216 915 3219
f 3219 915 913
f 3219 913 908
f 3219 908 3175
f 3201 3227 3195
f 3195 3227 3228
f 3195 3228 3229
f 3229 3230 3195
f 3195 3230 3193
f 3179 3121 3231
f 3231 3121 3119
f 3231 3119 3179
f 760 3179 3178
f 3183 3182 3181
f 3183 3181 3187
f 3187 3181 3180
f 3184 3183 3187
f 3196 3198 3197
f 3197 3198 3194
f 3197 3194 3190
f 3199 3194 3198
f 3209 3232 3208
f 3208 3232 3233
f 3208 3233 3206
f 3206 3233 3205
f 3205 3233 3234
f 3205 3234 3203
f 3203 3234 3235
f 3203 3235 3202
f 3202 3235 3236
f 3202 3236 3237
f 3237 3236 3238
f 3237 3238 3239
f 3239 3238 3240
f 3239 3240 3241
f 3241 3240 3242
f 3241 3242 3243
f 3243 3242 3244
f 3243 3244 3245
f 3245 3244 3246
f 3245 3246 3247
f 3247 3246 3248
f 3247 3248 3249
f 3232 3250 3233
f 3233 3250 3251
f 3233 3251 3234
f 3234 3251 3252
f 3234 3252 3235
f 3235 3252 3253
f 3235 3253 3236
f 3236 3253 3238
f 3251 3250 3254
f 3254 3250 3255
f 3254 3255 3256
f 3256 3255 3257
f 3256 3257 3258
f 3258 3257 3259
f 3258 3259 3260
f 3260 3259 3261
f 3260 3261 3242
f 3242 3261 3244
f 3255 3262 3257
f 3257 3262 3263
f 3257 3263 3259
f 3259 3263 3264
f 3259 3264 3261
f 3261 3264 3265
f 3261 3265 3244
f 3244 3265 3246
f 3262 3266 3263
f 3263 3266 3267
f 3263 3267 3268
f 3266 3269 3267
f 3263 3268 3264
f 3264 3268 3270
f 3264 3270 3265
f 3265 3270 3271
f 3265 3271 3246
f 3246 3271 3248
f 3272 3273 3249
f 3249 3273 3274
f 3249 3274 3275
f 3275 3274 3276
f 3275 3276 3277
f 3277 3276 3278
f 3277 3278 3279
f 3279 3278 3280
f 3279 3280 3281
f 3281 3280 3282
f 3281 3282 3283
f 3283 3282 3284
f 3283 3284 3285
f 3285 3284 3201
f 3285 3201 3202
f 3193 3230 3286
f 3286 3230 3229
f 3286 3229 3228
f 3228 3227 3286
f 3286 3227 3201
f 3286 3201 3287
f 3287 3201 3284
f 3287 3284 3282
f 3272 3193 3288
f 3288 3193 3289
f 3289 3193 3290
f 3290 3193 3291
f 3291 3193 3292
f 3272 3288 3273
f 3273 3288 3289
f 3273 3289 3293
f 3293 3289 3290
f 3293 3290 3294
f 3294 3290 3291
f 3294 3291 3295
f 3295 3291 3292
f 3295 3292 3296
f 3296 3292 3286
f 3296 3286 3287
f 3249 3275 3247
f 3247 3275 3277
f 3247 3277 3245
f 3245 3277 3279
f 3245 3279 3243
f 3243 3279 3281
f 3243 3281 3241
f 3241 3281 3283
f 3241 3283 3239
f 3239 3283 3285
f 3239 3285 3237
f 3237 3285 3202
f 3252 3251 3254
f 3254 3256 3297
f 3297 3256 3258
f 3297 3258 3298
f 3298 3258 3260
f 3298 3260 3240
f 3240 3260 3242
f 3253 3252 3297
f 3297 3252 3254
f 3253 3297 3298
f 3238 3253 3298
f 3238 3298 3240
f 3273 3293 3274
f 3274 3293 3276
f 3293 3294 3276
f 3276 3294 3278
f 3294 3295 3278
f 3278 3295 3280
f 3295 3296 3280
f 3280 3296 3282
f 3296 3287 3282
f 3286 3292 3193
f 3210 3299 3209
f 3209 3299 3300
f 3209 3300 3232
f 3232 3300 3250
f 3250 3300 3301
f 3250 3301 3302
f 3302 3301 3303
f 3302 3303 3304
f 3299 3303 3300
f 3300 3303 3301
f 3302 3304 3305
f 3305 3304 3306
f 3305 3306 3307
f 3307 3306 3308
f 3307 3308 3309
f 3309 3308 3310
f 3309 3310 3269
f 3269 3266 3309
f 3309 3266 3307
f 3266 3262 3307
f 3307 3262 3305
f 3262 3255 3305
f 3305 3255 3302
f 3255 3250 3302
f 3072 3311 3074
f 3074 3311 3312
f 3074 3312 3313
f 3313 3312 3314
f 3313 3314 3315
f 3315 3314 3316
f 3315 3316 3317
f 3317 3316 3222
f 3317 3222 3223
f 3054 3318 3072
f 3072 3318 3319
f 3072 3319 3311
f 3311 3319 3320
f 3311 3320 3312
f 3312 3320 3321
f 3312 3321 3314
f 3314 3321 3322
f 3314 3322 3316
f 3316 3322 3222
f 3054 3323 3318
f 3318 3323 3324
f 3318 3324 3325
f 3325 3324 3326
f 3325 3326 3327
f 3327 3326 3328
f 3327 3328 3329
f 3329 3328 3330
f 3329 3330 3331
f 3331 3330 3332
f 3331 3332 3217
f 3217 3332 3215
f 3215 3332 3333
f 3215 3333 3213
f 3213 3333 3334
f 3213 3334 3335
f 3335 3334 3336
f 3335 3336 3337
f 3337 3336 3338
f 3337 3338 3339
f 3339 3338 3340
f 3339 3340 3341
f 3341 3340 3342
f 3341 3342 3343
f 3343 3342 3344
f 3343 3344 3345
f 3345 3344 3310
f 3345 3310 3346
f 3346 3310 3308
f 3346 3308 3347
f 3347 3308 3306
f 3347 3306 3304
f 3323 3348 3324
f 3324 3348 3349
f 3324 3349 3326
f 3326 3349 3350
f 3326 3350 3328
f 3328 3350 3351
f 3328 3351 3330
f 3330 3351 3352
f 3330 3352 3332
f 3332 3352 3333
f 3348 3353 3349
f 3349 3353 3354
f 3349 3354 3350
f 3350 3354 3355
f 3350 3355 3351
f 3351 3355 3356
f 3351 3356 3352
f 3352 3356 3357
f 3352 3357 3333
f 3333 3357 3334
f 3353 3358 3354
f 3354 3358 3359
f 3354 3359 3355
f 3355 3359 3360
f 3355 3360 3356
f 3356 3360 3361
f 3356 3361 3357
f 3357 3361 3336
f 3357 3336 3334
f 3358 3362 3359
f 3359 3362 3363
f 3359 3363 3360
f 3360 3363 3364
f 3360 3364 3361
f 3361 3364 3338
f 3361 3338 3336
f 3362 3365 3363
f 3363 3365 3366
f 3363 3366 3364
f 3364 3366 3340
f 3364 3340 3338
f 3365 3367 3366
f 3366 3367 3342
f 3366 3342 3340
f 3367 3344 3342
f 3347 3304 3368
f 3368 3304 3303
f 3368 3303 3369
f 3369 3303 3370
f 3369 3370 3371
f 3371 3370 3372
f 3371 3372 3337
f 3337 3372 3335
f 3303 3299 3370
f 3370 3299 3210
f 3370 3210 3212
f 3213 3335 3212
f 3212 3335 3372
f 3212 3372 3370
f 3331 3217 3373
f 3373 3217 3218
f 3373 3218 3374
f 3374 3218 3220
f 3374 3220 3375
f 3375 3220 3221
f 3375 3221 3322
f 3322 3221 3222
f 3224 3082 3223
f 3223 3082 3095
f 3223 3095 3317
f 3317 3095 3091
f 3317 3091 3315
f 3315 3091 3313
f 3082 3224 3080
f 3080 3224 3225
f 3080 3225 3105
f 3105 3225 3226
f 3105 3226 3104
f 3104 3226 3101
f 3101 3226 3102
f 3102 3226 3106
f 3106 3226 3110
f 3106 3110 3107
f 3107 3110 3108
f 3108 3110 3109
f 3109 3110 3111
f 3091 3093 3313
f 3313 3093 3074
f 3318 3325 3319
f 3319 3325 3376
f 3319 3376 3320
f 3320 3376 3377
f 3320 3377 3321
f 3321 3377 3375
f 3321 3375 3322
f 3325 3327 3376
f 3376 3327 3378
f 3376 3378 3377
f 3377 3378 3374
f 3377 3374 3375
f 3373 3374 3378
f 3373 3378 3329
f 3329 3378 3327
f 3331 3373 3329
f 3341 3343 3379
f 3379 3343 3345
f 3379 3345 3347
f 3347 3345 3346
f 3339 3341 3380
f 3380 3341 3379
f 3380 3379 3368
f 3368 3379 3347
f 3337 3339 3371
f 3371 3339 3380
f 3371 3380 3369
f 3369 3380 3368
f 3193 3272 3381
f 3381 3272 3249
f 3381 3249 3382
f 3382 3249 3383
f 3382 3383 3384
f 3384 3383 3385
f 3384 3385 3386
f 3386 3385 3387
f 3386 3387 3388
f 3388 3387 3389
f 3388 3389 3390
f 3390 3389 3391
f 3390 3391 3392
f 3392 3391 3393
f 3392 3393 3394
f 3394 3393 3395
f 3394 3395 3269
f 3269 3395 3267
f 3267 3395 3268
f 3268 3395 3396
f 3268 3396 3270
f 3270 3396 3397
f 3270 3397 3271
f 3271 3397 3398
f 3271 3398 3248
f 3248 3398 3385
f 3248 3385 3249
f 3249 3385 3383
f 3269 3399 3394
f 3394 3399 3400
f 3394 3400 3392
f 3390 3401 3388
f 3388 3401 3402
f 3388 3402 3386
f 3386 3402 3403
f 3386 3403 3384
f 3384 3403 3382
f 3387 3385 3398
f 3395 3393 3396
f 3396 3393 3391
f 3396 3391 3397
f 3397 3391 3389
f 3397 3389 3387
f 3397 3387 3398
f 3310 3404 3269
f 3269 3404 3405
f 3269 3405 3399
f 3399 3405 3406
f 3399 3406 3400
f 3323 3054 3407
f 3407 3054 3056
f 3407 3056 3068
f 3068 3067 3407
f 3407 3067 3064
f 3407 3408 3323
f 3323 3408 3348
f 3348 3408 3353
f 3353 3408 3409
f 3353 3409 3358
f 3358 3409 3362
f 3362 3409 3365
f 3365 3409 3410
f 3365 3410 3367
f 3367 3410 3344
f 3344 3410 3404
f 3344 3404 3310
f 3411 3412 3413
f 3413 3412 3414
f 3413 3414 3415
f 3415 3414 3416
f 3415 3416 3417
f 3417 3416 3418
f 3417 3418 3419
f 3419 3418 3420
f 3419 3420 3421
f 3421 3420 3422
f 3421 3422 3423
f 3423 3422 3424
f 3423 3424 3425
f 3425 3424 3426
f 3425 3426 3427
f 3427 3426 3428
f 3418 3429 3420
f 3420 3429 3430
f 3420 3430 3422
f 3422 3430 3431
f 3422 3431 3424
f 3424 3431 3432
f 3424 3432 3426
f 3426 3432 3428
f 3430 3429 3433
f 3433 3429 3434
f 3433 3434 3435
f 3435 3434 3436
f 3435 3436 3428
f 3428 3437 3427
f 3427 3437 3438
f 3427 3438 3439
f 3439 3438 3440
f 3439 3440 3441
f 3441 3440 3442
f 3441 3442 3443
f 3443 3442 3444
f 3443 3444 3445
f 3445 3444 3446
f 3445 3446 3447
f 3447 3446 3448
f 3447 3448 3415
f 3415 3448 3413
f 3440 3449 3442
f 3442 3449 3450
f 3442 3450 3444
f 3444 3450 3451
f 3444 3451 3446
f 3446 3451 3452
f 3446 3452 3448
f 3448 3452 3453
f 3448 3453 3413
f 3413 3453 3411
f 3449 3454 3450
f 3450 3454 3455
f 3450 3455 3451
f 3451 3455 3456
f 3451 3456 3452
f 3452 3456 3457
f 3452 3457 3453
f 3453 3457 3458
f 3453 3458 3411
f 3454 3459 3455
f 3455 3459 3460
f 3455 3460 3456
f 3456 3460 3461
f 3456 3461 3457
f 3457 3461 3458
f 3459 3462 3460
f 3460 3462 3463
f 3460 3463 3461
f 3461 3463 3464
f 3461 3464 3458
f 3462 3465 3463
f 3463 3465 3464
f 3435 3428 3466
f 3466 3428 3432
f 3415 3417 3447
f 3447 3417 3467
f 3447 3467 3445
f 3445 3467 3468
f 3445 3468 3443
f 3443 3468 3469
f 3443 3469 3441
f 3441 3469 3439
f 3419 3421 3467
f 3467 3421 3468
f 3469 3468 3423
f 3423 3468 3421
f 3417 3419 3467
f 3439 3469 3425
f 3425 3469 3423
f 3425 3427 3439
f 3433 3435 3466
f 3433 3466 3431
f 3431 3466 3432
f 3430 3433 3431
f 3470 3471 3472
f 3472 3471 3473
f 3472 3473 3474
f 3474 3473 3475
f 3474 3475 3476
f 3476 3475 3477
f 3472 3478 3470
f 3470 3478 3479
f 3479 3478 3480
f 3479 3480 3481
f 3465 3462 3482
f 3482 3462 3483
f 3482 3483 3484
f 3484 3483 3485
f 3484 3485 3486
f 3486 3485 3487
f 3486 3487 3488
f 3488 3487 3489
f 3488 3489 3476
f 3476 3489 3474
f 3474 3489 3490
f 3474 3490 3472
f 3472 3490 3491
f 3472 3491 3478
f 3478 3491 3492
f 3478 3492 3480
f 3462 3459 3483
f 3483 3459 3493
f 3483 3493 3485
f 3485 3493 3494
f 3485 3494 3487
f 3487 3494 3495
f 3487 3495 3489
f 3489 3495 3490
f 3459 3454 3493
f 3493 3454 3449
f 3493 3449 3494
f 3494 3449 3496
f 3494 3496 3495
f 3495 3496 3497
f 3495 3497 3490
f 3490 3497 3491
f 3449 3440 3496
f 3496 3440 3438
f 3496 3438 3497
f 3497 3438 3437
f 3497 3437 3428
f 3428 3498 3497
f 3497 3498 3491
f 3498 3492 3491
f 3428 3436 3499
f 3499 3436 3434
f 3499 3434 3500
f 3500 3434 3429
f 3500 3429 3501
f 3501 3429 3502
f 3502 3429 3418
f 3502 3418 3503
f 3503 3418 3416
f 3503 3416 3504
f 3504 3416 3414
f 3504 3414 3505
f 3505 3414 3506
f 3506 3414 3412
f 3507 3477 3508
f 3508 3477 3475
f 3508 3475 3509
f 3509 3475 3473
f 3509 3473 3510
f 3510 3473 3471
f 3481 3480 3499
f 3499 3480 3492
f 3499 3492 3498
f 3498 3428 3499
f 3471 3470 3510
f 3510 3470 3511
f 3511 3470 3479
f 3511 3479 3481
f 3481 3499 3511
f 3511 3499 3500
f 3511 3500 3046
f 3046 3500 3501
f 3046 3501 3502
f 3046 2960 3511
f 3512 3513 3514
f 3514 3513 3515
f 3514 3515 3516
f 3516 3515 3517
f 3516 3517 3518
f 3518 3517 3519
f 3518 3519 3520
f 3520 3519 3521
f 3520 3521 3522
f 3522 3521 3523
f 3522 3523 3524
f 3524 3523 3525
f 3524 3525 3526
f 3526 3525 3527
f 3526 3527 3528
f 3528 3527 3529
f 3517 3530 3519
f 3519 3530 3521
f 3530 3531 3521
f 3521 3531 3523
f 3523 3531 3532
f 3532 3531 3533
f 3532 3533 3534
f 3534 3533 3535
f 3534 3535 3529
f 3536 3537 3538
f 3538 3537 3539
f 3538 3539 3540
f 3540 3539 3541
f 3540 3541 3528
f 3528 3541 3526
f 3537 3536 3542
f 3542 3536 3543
f 3542 3543 3544
f 3544 3543 3545
f 3544 3545 3546
f 3546 3545 3547
f 3546 3547 3548
f 3548 3547 3549
f 3548 3549 3550
f 3550 3549 3551
f 3550 3551 3552
f 3550 3552 3553
f 3553 3552 3554
f 3553 3554 3555
f 3555 3554 3556
f 3555 3556 3557
f 3557 3556 3558
f 3557 3558 3559
f 3559 3558 3560
f 3559 3560 3561
f 3561 3560 3520
f 3561 3520 3522
f 3554 3512 3556
f 3556 3512 3514
f 3556 3514 3558
f 3558 3514 3516
f 3558 3516 3560
f 3560 3516 3518
f 3560 3518 3520
f 3534 3529 3562
f 3562 3529 3527
f 3528 3529 3540
f 3529 3538 3540
f 3548 3550 3553
f 3553 3555 3563
f 3563 3555 3557
f 3563 3557 3564
f 3564 3557 3559
f 3564 3559 3565
f 3565 3559 3561
f 3565 3561 3566
f 3566 3561 3522
f 3566 3522 3524
f 3546 3548 3563
f 3563 3548 3553
f 3546 3563 3564
f 3544 3546 3564
f 3544 3564 3565
f 3544 3565 3567
f 3567 3565 3566
f 3567 3566 3568
f 3568 3566 3569
f 3568 3569 3541
f 3541 3569 3526
f 3569 3566 3524
f 3537 3542 3567
f 3567 3542 3544
f 3537 3567 3568
f 3526 3569 3524
f 3539 3537 3568
f 3539 3568 3541
f 3532 3534 3562
f 3532 3562 3525
f 3525 3562 3527
f 3532 3525 3523
f 3551 3549 3570
f 3570 3549 3571
f 3570 3571 3572
f 3572 3571 3573
f 3572 3573 3574
f 3574 3573 3575
f 3574 3575 3576
f 3576 3575 3577
f 3576 3577 3578
f 3578 3577 3579
f 3579 3577 3580
f 3579 3580 3581
f 3581 3580 3582
f 3581 3582 3583
f 3583 3582 3584
f 3583 3584 3585
f 3549 3547 3571
f 3571 3547 3545
f 3571 3545 3586
f 3586 3545 3543
f 3586 3543 3536
f 3538 3587 3536
f 3536 3587 3588
f 3536 3588 3586
f 3586 3588 3573
f 3586 3573 3571
f 3587 3538 3589
f 3589 3538 3529
f 3589 3529 3590
f 3589 3590 3582
f 3582 3590 3584
f 3575 3573 3588
f 3588 3587 3591
f 3591 3587 3589
f 3591 3589 3580
f 3580 3589 3582
f 3577 3575 3591
f 3591 3575 3588
f 3577 3591 3580
f 3585 3592 3583
f 3583 3592 3593
f 3583 3593 3581
f 3581 3593 3594
f 3581 3594 3579
f 3579 3594 3595
f 3579 3595 3578
f 3578 3595 3596
f 3529 3535 3597
f 3597 3535 3533
f 3597 3533 3598
f 3598 3533 3531
f 3598 3531 3599
f 3599 3531 3600
f 3600 3531 3530
f 3600 3530 3601
f 3601 3530 3517
f 3601 3517 3602
f 3602 3517 3515
f 3602 3515 3603
f 3603 3515 3604
f 3604 3515 3513
f 3026 3551 3020
f 3020 3551 3570
f 3020 3570 3018
f 3018 3570 3572
f 3018 3572 3014
f 3014 3572 3605
f 3605 3572 3574
f 3605 3574 3606
f 3606 3574 3576
f 3606 3576 3607
f 3607 3576 3578
f 3607 3578 3608
f 3578 3596 3608
f 3608 3596 3609
f 3596 3595 3609
f 3609 3595 3594
f 3609 3594 3610
f 3610 3594 3593
f 3610 3593 3592
f 3592 3597 3610
f 3610 3597 3039
f 3039 3597 3598
f 3039 3598 3599
f 3599 3600 3039
f 3039 3600 3611
f 3039 3611 3612
f 3612 3613 3039
f 3039 3613 3614
f 3039 3614 3012
f 3613 3615 3614
f 3614 3615 3616
f 3614 3616 3617
f 3617 3618 3614
f 3592 3585 3597
f 3597 3585 3584
f 3597 3584 3590
f 3590 3529 3597
f 3619 3620 3621
f 3621 3620 3622
f 3621 3622 3623
f 3623 3622 3624
f 3623 3624 3625
f 3625 3624 3626
f 3625 3626 3627
f 3627 3626 3628
f 3627 3628 3629
f 3629 3628 3630
f 3629 3630 3631
f 3632 3633 3631
f 3631 3633 3634
f 3631 3634 3629
f 3629 3634 3635
f 3629 3635 3636
f 3636 3635 3637
f 3636 3637 3638
f 3638 3637 3639
f 3638 3639 3640
f 3640 3639 3641
f 3640 3641 3642
f 3642 3641 3643
f 3642 3643 3644
f 3632 3645 3646
f 3646 3645 3647
f 3646 3647 3641
f 3641 3647 3643
f 3642 3644 3648
f 3648 3644 3649
f 3648 3649 3650
f 3650 3649 3651
f 3650 3651 3652
f 3652 3651 3653
f 3652 3653 3654
f 3654 3653 3655
f 3654 3655 3656
f 3656 3655 3619
f 3656 3619 3621
f 3649 3657 3651
f 3651 3657 3658
f 3651 3658 3653
f 3653 3658 3659
f 3653 3659 3655
f 3657 3660 3658
f 3658 3660 3659
f 3633 3632 3661
f 3661 3632 3662
f 3662 3632 3663
f 3663 3632 3646
f 3656 3621 3664
f 3664 3621 3623
f 3664 3623 3665
f 3665 3623 3625
f 3665 3625 3666
f 3666 3625 3627
f 3666 3627 3636
f 3636 3627 3629
f 3654 3656 3667
f 3667 3656 3664
f 3667 3664 3668
f 3668 3664 3665
f 3668 3665 3669
f 3669 3665 3666
f 3669 3666 3638
f 3638 3666 3636
f 3654 3667 3652
f 3652 3667 3670
f 3652 3670 3650
f 3650 3670 3648
f 3670 3667 3668
f 3670 3668 3671
f 3671 3668 3669
f 3671 3669 3640
f 3640 3669 3638
f 3642 3648 3671
f 3671 3648 3670
f 3642 3671 3640
f 3633 3661 3634
f 3634 3661 3635
f 3661 3662 3635
f 3635 3662 3637
f 3646 3641 3639
f 3662 3663 3637
f 3637 3663 3639
f 3663 3646 3639
f 3672 3660 3673
f 3673 3660 3657
f 3673 3657 3649
f 3644 3674 3649
f 3649 3674 3675
f 3649 3675 3673
f 3674 3644 3676
f 3676 3644 3643
f 3676 3643 3677
f 3677 3643 3678
f 3678 3643 3647
f 3678 3647 3679
f 3679 3647 3645
f 3679 3645 3632
f 3680 3632 3681
f 3681 3632 3631
f 3681 3631 3682
f 3682 3631 3630
f 3682 3630 3683
f 3683 3630 3684
f 3683 3684 3685
f 3685 3684 3626
f 3685 3626 3624
f 3630 3628 3684
f 3684 3628 3626
f 3624 3622 3685
f 3685 3622 3686
f 3685 3686 3687
f 3687 3686 3688
f 3687 3688 3689
f 3689 3688 3690
f 3689 3690 3691
f 3691 3690 3692
f 3691 3692 3693
f 3693 3692 3694
f 3622 3620 3686
f 3693 3695 3691
f 3691 3695 3696
f 3691 3696 3689
f 3689 3696 3697
f 3689 3697 3687
f 3687 3697 3683
f 3687 3683 3685
f 3695 3698 3696
f 3696 3698 3699
f 3696 3699 3697
f 3697 3699 3681
f 3697 3681 3683
f 3683 3681 3682
f 3700 3701 3698
f 3698 3701 3699
f 3701 3680 3699
f 3699 3680 3681
f 3702 3703 3694
f 3694 3703 3693
f 3693 3703 3704
f 3693 3704 3695
f 3695 3704 3705
f 3695 3705 3698
f 3698 3705 3706
f 3698 3706 3700
f 2977 3620 3707
f 3707 3620 3619
f 3707 3619 3708
f 3708 3619 3655
f 3708 3655 3709
f 3709 3655 3659
f 3709 3659 3660
f 3660 3040 3709
f 3709 3040 2982
f 3709 2982 3708
f 3708 2982 2981
f 3708 2981 3707
f 3707 2981 2979
f 3707 2979 2977
f 3660 3672 3040
f 3040 3672 3710
f 3040 3710 3711
f 3712 3713 3672
f 3672 3713 3710
f 3711 3714 3040
f 3040 3714 3715
f 3040 3715 2980
f 3673 3716 3672
f 3672 3716 3717
f 3672 3717 3718
f 3718 3717 3719
f 3719 3717 3720
f 3720 3717 3721
f 3720 3721 3722
f 3722 3721 3723
f 3723 3721 3724
f 3723 3724 3674
f 3674 3724 3675
f 3675 3724 3716
f 3675 3716 3673
f 3674 3676 3723
f 3718 3712 3672
f 3721 3717 3716
f 3724 3721 3716
f 2801 2970 2798
f 2798 2970 3725
f 2798 3725 2797
f 2797 3725 3726
f 2797 3726 2795
f 2795 3726 2759
f 2759 3726 2965
f 2965 3726 2968
f 2968 3726 2969
f 2969 3726 3725
f 2969 3725 2970
f 2801 2802 2970
f 2970 2802 2803
f 2678 2946 2676
f 2676 2946 2945
f 2676 2945 2803
f 2803 2945 2943
f 2803 2943 2827
f 2678 2679 2946
f 2827 2826 2803
f 2803 2826 2970
f 2970 2826 2941
f 2970 2941 2940
f 2940 2938 2970
f 2970 2938 2936
f 2970 2936 2934
f 2934 2932 2970
f 2970 2932 2928
f 2970 2928 2925
f 2925 2920 2970
f 2970 2920 2971
f 2971 2920 2918
f 2971 2918 2916
f 2971 2916 3727
f 3727 2916 2915
f 3727 2915 3728
f 3728 3729 3727
f 3727 3729 3730
f 3730 3729 3731
f 3730 3731 3732
f 3732 3731 3733
f 3733 3731 3734
f 3734 3731 3735
f 3736 3737 3738
f 3738 3737 3739
f 3738 3739 3740
f 3740 3739 3741
f 3740 3741 3742
f 3742 3741 3743
f 3742 3743 3744
f 3744 3743 3745
f 3743 3741 3745
f 3745 3741 3739
f 3745 3739 3737
f 3746 3747 3737
f 3737 3747 3745
f 321 320 3747
f 3747 320 3745
f 320 3748 3745
f 3745 3748 3749
f 3745 3749 3750
f 3750 3751 3745
f 3745 3751 3752
f 3745 3752 3753
f 3753 3754 3745
f 3745 3754 3755
f 3745 3755 3756
f 3736 3757 3737
f 3737 3757 3746
f 3191 3192 3758
f 3758 3192 3759
f 3758 3759 3760
f 3760 3759 3761
f 3760 3761 3762
f 3762 3761 3763
f 3762 3763 3764
f 3192 3765 3759
f 3759 3765 3766
f 3759 3766 3767
f 3767 3766 3768
f 3767 3768 3769
f 3769 3768 3770
f 3769 3770 3771
f 3771 3770 3772
f 3771 3772 3773
f 3773 3772 3774
f 3774 3772 3775
f 3774 3775 3776
f 3776 3775 3777
f 3776 3777 3778
f 3778 3777 3779
f 3778 3779 3780
f 3780 3779 3781
f 3780 3781 3782
f 3782 3781 3783
f 3783 3781 3784
f 3783 3784 3766
f 3766 3784 3768
f 3765 3783 3766
f 3782 3785 3780
f 3780 3785 3786
f 3780 3786 3778
f 3778 3786 3787
f 3778 3787 3776
f 3785 3788 3786
f 3786 3788 3789
f 3786 3789 3787
f 3788 3790 3789
f 3776 3791 3774
f 3773 3792 3771
f 3771 3792 3793
f 3771 3793 3769
f 3769 3793 3794
f 3769 3794 3767
f 3767 3794 3795
f 3767 3795 3761
f 3761 3795 3796
f 3761 3796 3763
f 3793 3792 3794
f 3794 3792 3795
f 3764 3797 3762
f 3767 3761 3759
f 3768 3784 3798
f 3798 3784 3781
f 3798 3781 3779
f 3768 3798 3770
f 3770 3798 3799
f 3770 3799 3772
f 3772 3799 3775
f 3799 3798 3779
f 3775 3799 3777
f 3777 3799 3779
f 3791 3800 3801
f 3801 3800 3802
f 3801 3802 3803
f 3803 3802 3804
f 3803 3804 3805
f 3805 3804 3806
f 3805 3806 3807
f 3807 3806 3808
f 3807 3808 3809
f 3809 3808 3810
f 3810 3808 3811
f 3811 3808 3812
f 3811 3812 3813
f 3813 3812 3790
f 3790 3812 3789
f 3789 3812 3814
f 3789 3814 3787
f 3787 3814 3815
f 3787 3815 3800
f 3800 3815 3802
f 3791 3776 3800
f 3800 3776 3787
f 3803 3816 3801
f 3814 3812 3806
f 3806 3812 3808
f 3815 3814 3804
f 3804 3814 3806
f 3804 3802 3815
f 3817 3818 3819
f 3819 3818 3820
f 3819 3820 3821
f 3821 3820 3822
f 3821 3822 3823
f 3823 3822 3824
f 3823 3824 3825
f 3825 3824 3826
f 3825 3826 3827
f 3827 3826 3828
f 3827 3828 3829
f 3829 3828 3830
f 3829 3830 3831
f 3831 3830 3832
f 3831 3832 3833
f 3817 3834 3818
f 3818 3834 3803
f 3818 3803 3835
f 3835 3803 3805
f 3835 3805 3822
f 3822 3805 3836
f 3822 3836 3824
f 3824 3836 3807
f 3824 3807 3837
f 3837 3807 3809
f 3837 3809 3838
f 3839 3840 3834
f 3834 3840 3816
f 3834 3816 3803
f 3805 3807 3836
f 3837 3838 3826
f 3826 3838 3828
f 3833 3841 3831
f 3831 3841 3842
f 3831 3842 3829
f 3829 3842 3843
f 3829 3843 3827
f 3827 3843 3825
f 3841 3844 3842
f 3842 3844 3845
f 3842 3845 3843
f 3843 3845 3846
f 3843 3846 3825
f 3825 3846 3823
f 3844 3847 3845
f 3845 3847 3848
f 3845 3848 3846
f 3846 3848 3849
f 3846 3849 3823
f 3823 3849 3821
f 3847 3850 3848
f 3848 3850 3851
f 3848 3851 3849
f 3849 3851 3819
f 3849 3819 3821
f 3822 3820 3835
f 3835 3820 3818
f 3826 3824 3837
f 3833 3832 3852
f 3852 3832 3853
f 3852 3853 3854
f 3854 3853 3855
f 3854 3856 3852
f 3852 3856 3857
f 3852 3857 3833
f 3833 3857 3841
f 3841 3857 3858
f 3841 3858 3844
f 3844 3858 3859
f 3844 3859 3847
f 3847 3859 3850
f 3850 3859 3860
f 3860 3859 3861
f 3861 3859 3862
f 3862 3859 3863
f 3863 3859 3864
f 3864 3859 3865
f 3865 3859 3866
f 3866 3859 3858
f 3866 3858 3857
f 3856 3866 3857
f 3867 3868 3869
f 3869 3868 3870
f 3869 3870 3871
f 3871 3870 3872
f 3871 3872 3873
f 3873 3872 3855
f 3855 3872 3854
f 3854 3872 3874
f 3854 3874 3856
f 3856 3874 3875
f 3856 3875 3876
f 3876 3875 3877
f 3876 3877 3878
f 3878 3877 3879
f 3878 3879 3880
f 3870 3868 3881
f 3881 3868 3879
f 3881 3879 3877
f 3880 3882 3878
f 3878 3882 3866
f 3878 3866 3876
f 3876 3866 3856
f 3882 3865 3866
f 3874 3872 3870
f 3874 3870 3881
f 3874 3881 3875
f 3875 3881 3877
f 3883 3753 3884
f 3884 3753 3752
f 3884 3752 3885
f 3885 3752 3751
f 3885 3751 3886
f 3886 3751 3887
f 3886 3887 3888
f 3751 3750 3887
f 3889 3890 3888
f 3888 3890 3891
f 3888 3891 3886
f 3886 3891 3885
f 3890 3889 3892
f 3892 3889 3893
f 3892 3893 3894
f 3894 3893 3895
f 3894 3895 3896
f 3896 3895 3897
f 3896 3897 3898
f 3898 3897 3899
f 3898 3899 3900
f 3900 3899 3901
f 3900 3901 3902
f 3902 3901 3903
f 3903 3901 3904
f 3903 3904 3905
f 3905 3904 3906
f 3905 3906 3907
f 3907 3906 3908
f 3907 3908 3909
f 3909 3908 3910
f 3910 3908 3911
f 3910 3911 3912
f 3912 3911 3913
f 3913 3911 3914
f 3913 3914 3867
f 3867 3914 3868
f 3868 3914 3915
f 3868 3915 3916
f 3916 3915 3917
f 3916 3917 3918
f 3918 3917 3919
f 3919 3917 3920
f 3919 3920 3921
f 3921 3920 3922
f 3922 3920 3923
f 3922 3923 3924
f 3924 3923 3925
f 3924 3925 3926
f 3926 3925 3927
f 3927 3925 3928
f 3927 3928 3929
f 3929 3928 3930
f 3929 3930 3899
f 3899 3930 3901
f 3895 3931 3897
f 3897 3931 3929
f 3897 3929 3899
f 3931 3927 3929
f 3918 3932 3916
f 3916 3932 3879
f 3916 3879 3868
f 3932 3880 3879
f 3902 3933 3900
f 3900 3933 3934
f 3900 3934 3898
f 3898 3934 3935
f 3898 3935 3896
f 3896 3935 3894
f 3933 3936 3934
f 3934 3936 3937
f 3934 3937 3935
f 3935 3937 3938
f 3935 3938 3894
f 3894 3938 3892
f 3937 3936 3939
f 3939 3936 3940
f 3939 3940 3941
f 3941 3940 3942
f 3941 3942 3943
f 3943 3942 3944
f 3943 3944 3945
f 3945 3944 3883
f 3945 3883 3884
f 3884 3885 3946
f 3946 3885 3891
f 3946 3891 3890
f 3884 3946 3945
f 3945 3946 3947
f 3945 3947 3943
f 3943 3947 3941
f 3947 3946 3890
f 3947 3890 3948
f 3948 3890 3892
f 3948 3892 3938
f 3939 3941 3948
f 3948 3941 3947
f 3939 3948 3938
f 3937 3939 3938
f 3930 3928 3949
f 3949 3928 3925
f 3949 3925 3950
f 3950 3925 3923
f 3950 3923 3951
f 3951 3923 3920
f 3951 3920 3952
f 3952 3920 3917
f 3952 3917 3915
f 3901 3930 3904
f 3904 3930 3949
f 3904 3949 3906
f 3906 3949 3950
f 3906 3950 3908
f 3908 3950 3951
f 3908 3951 3911
f 3911 3951 3952
f 3911 3952 3914
f 3914 3952 3915
f 3953 3954 3955
f 3955 3954 3956
f 3955 3956 3957
f 3957 3956 3958
f 3957 3958 3959
f 3959 3958 3960
f 3959 3960 3961
f 3961 3960 3962
f 3961 3962 3963
f 3963 3962 3964
f 3963 3964 3965
f 3953 3966 3954
f 3954 3966 3967
f 3954 3967 3956
f 3956 3967 3968
f 3956 3968 3958
f 3958 3968 3960
f 3967 3966 3969
f 3969 3966 3970
f 3969 3970 3967
f 3967 3970 3971
f 3967 3971 3972
f 3972 3971 3973
f 3972 3973 3974
f 3974 3973 3975
f 3974 3975 3976
f 3976 3975 3977
f 3976 3977 3978
f 3978 3977 3979
f 3978 3979 3980
f 3980 3979 3981
f 3980 3981 3982
f 3982 3981 3983
f 3982 3983 3984
f 3984 3983 3985
f 3985 3983 3611
f 3611 3983 3986
f 3611 3986 3612
f 3612 3986 3987
f 3612 3987 3613
f 3613 3987 3988
f 3613 3988 3615
f 3615 3988 3616
f 3616 3988 3989
f 3616 3989 3617
f 3617 3989 3990
f 3617 3990 3991
f 3970 3992 3971
f 3971 3992 3773
f 3971 3773 3973
f 3973 3773 3774
f 3973 3774 3975
f 3975 3774 3993
f 3975 3993 3994
f 3994 3993 3774
f 3994 3774 3791
f 3791 3995 3994
f 3994 3995 3996
f 3994 3996 3977
f 3977 3996 3979
f 3995 3997 3996
f 3996 3997 3998
f 3996 3998 3999
f 3999 4000 3996
f 3996 4000 3979
f 4000 3981 3979
f 3991 4001 3617
f 3617 4001 4002
f 3617 4002 4003
f 4003 4004 3617
f 3617 4004 4005
f 3617 4005 4006
f 4006 4005 4007
f 4007 4005 4008
f 4007 4008 4009
f 4009 4008 4010
f 4010 4008 4011
f 4010 4011 4012
f 4012 4011 4013
f 4012 4013 4014
f 4014 4013 4015
f 4015 4013 4016
f 4016 4013 4017
f 3984 4018 3982
f 3982 4018 4019
f 3982 4019 4020
f 3982 4020 4021
f 4021 4020 4022
f 4021 4022 4023
f 4021 4023 4024
f 4024 4023 4025
f 4024 4025 4026
f 4026 4025 4027
f 4026 4027 3962
f 3962 4027 3964
f 4025 3964 4027
f 3965 4028 3963
f 3963 4028 3961
f 4028 4029 3961
f 3961 4029 4030
f 3961 4030 3959
f 3959 4030 4031
f 3959 4031 3957
f 4029 4032 4030
f 4030 4032 4031
f 4032 4033 4031
f 3982 4021 3980
f 3980 4021 3978
f 4021 4024 3978
f 3978 4024 3976
f 4024 4026 3976
f 3976 4026 3974
f 3968 3967 3972
f 3972 3974 4034
f 4034 3974 4026
f 4034 4026 3962
f 3994 3977 3975
f 3960 3968 4034
f 4034 3968 3972
f 3960 4034 3962
f 3791 3801 3995
f 3995 3801 3997
f 3997 3801 3998
f 3998 3801 4035
f 3998 4035 3999
f 3816 3839 3801
f 3801 3839 4036
f 3801 4036 4035
f 3816 3840 3839
f 4036 3839 4037
f 4037 3839 3834
f 4037 3834 3817
f 4037 3817 4038
f 4038 3817 3819
f 4038 3819 4039
f 4039 3819 4040
f 4039 4040 4041
f 4041 4040 4042
f 4042 4040 3851
f 4042 3851 3863
f 3863 3851 3850
f 3863 3850 3862
f 3862 3850 3861
f 3861 3850 3860
f 3819 3851 4040
f 4043 4044 4041
f 4041 4044 4045
f 4041 4045 4039
f 4039 4045 4037
f 4039 4037 4038
f 4044 4046 4045
f 4045 4046 4037
f 4037 4046 4035
f 4035 4046 4047
f 4035 4047 3999
f 4035 4036 4037
f 3864 4048 3863
f 3863 4048 4049
f 3863 4049 4042
f 4042 4049 4050
f 4042 4050 4041
f 4041 4050 4051
f 4041 4051 4043
f 4043 4051 4052
f 4052 4051 4053
f 4052 4053 4054
f 4054 4053 4055
f 4054 4055 4056
f 4056 4055 4057
f 4057 4055 4058
f 4058 4055 4059
f 4058 4059 4060
f 4060 4059 4061
f 4060 4061 4062
f 4062 4061 4050
f 4062 4050 4049
f 4048 3864 4063
f 4063 3864 3865
f 4063 3865 4064
f 4063 4064 4065
f 4065 4064 4066
f 4065 4066 4067
f 4067 4068 4065
f 4065 4068 4069
f 4065 4069 4060
f 4060 4069 4058
f 4063 4065 4062
f 4062 4065 4060
f 4048 4063 4049
f 4049 4063 4062
f 4061 4059 4053
f 4053 4059 4055
f 4050 4061 4051
f 4051 4061 4053
f 3191 3758 3037
f 3037 3758 3760
f 3037 3760 3762
f 3762 3797 3037
f 3037 3797 3764
f 3037 3764 3763
f 3037 3763 3955
f 3955 3763 3796
f 3955 3796 3795
f 3792 3970 3795
f 3795 3970 3966
f 3795 3966 3953
f 3773 3992 3792
f 3792 3992 3970
f 3953 3955 3795
f 3955 3038 3037
f 3788 3382 3790
f 3790 3382 3403
f 3790 3403 3813
f 3813 3403 3811
f 3811 3403 3810
f 3810 3403 3809
f 3809 3403 3838
f 3838 3403 3402
f 3838 3402 3828
f 3828 3402 3830
f 3830 3402 3401
f 3830 3401 3832
f 3832 3401 4070
f 3832 4070 3853
f 3853 4070 3855
f 3855 4070 4071
f 3855 4071 3873
f 3873 4071 3871
f 3871 4071 4072
f 3871 4072 3869
f 3869 4072 3867
f 3867 4072 4073
f 3867 4073 3913
f 3913 4073 4074
f 3913 4074 3912
f 3912 4074 4075
f 3912 4075 3910
f 3910 4075 4076
f 3910 4076 3909
f 3909 4076 4077
f 3909 4077 3907
f 3907 4077 4078
f 3907 4078 3905
f 3905 4078 4079
f 3905 4079 4080
f 3788 3785 3382
f 3382 3785 3381
f 3381 3785 3782
f 3381 3782 3783
f 3783 3765 3381
f 3381 3765 3192
f 3381 3192 3193
f 3905 4080 3903
f 3903 4080 4081
f 3903 4081 3902
f 3902 4081 4082
f 3902 4082 3933
f 3933 4082 4083
f 3933 4083 3936
f 3936 4083 4084
f 3936 4084 3940
f 3940 4084 4085
f 3940 4085 3942
f 3942 4085 4086
f 3942 4086 3944
f 3944 4086 4087
f 3944 4087 3883
f 3883 4087 4088
f 3883 4088 3756
f 3756 4088 4089
f 3756 4089 4090
f 4090 4089 4091
f 4090 4091 4092
f 4092 4091 1935
f 4092 1935 2145
f 2145 1935 1934
f 2145 1934 2046
f 2046 1934 1933
f 2046 1933 1335
f 1335 1933 1925
f 1335 1925 1487
f 1487 1925 1923
f 1487 1923 1483
f 1483 1923 1921
f 1483 1921 1484
f 1484 1921 1912
f 1484 1912 1489
f 1489 1912 1902
f 1489 1902 1491
f 1491 1902 1881
f 1491 1881 1528
f 1528 1881 1808
f 1528 1808 1526
f 1526 1808 1809
f 1526 1809 1524
f 1524 1809 1811
f 1524 1811 1522
f 1522 1811 1813
f 1522 1813 1814
f 1522 1814 1520
f 1520 1814 1816
f 1520 1816 1519
f 1519 1816 1818
f 1519 1818 1517
f 1517 1818 1820
f 1517 1820 1516
f 1516 1820 1822
f 1516 1822 1514
f 1514 1822 1823
f 1514 1823 1469
f 1469 1823 1879
f 1469 1879 1470
f 1470 1879 1471
f 1471 1879 1874
f 1471 1874 1466
f 1466 1874 1444
f 1444 1874 2043
f 1444 2043 1446
f 1446 2043 1424
f 1424 2043 996
f 1424 996 1422
f 1422 996 994
f 1422 994 1420
f 1420 994 992
f 1420 992 1438
f 1438 992 1400
f 1400 992 1401
f 1401 992 1403
f 1403 992 1404
f 1404 992 989
f 1404 989 1365
f 1365 989 1381
f 1381 989 1382
f 1382 989 990
f 1382 990 1384
f 1384 990 1386
f 1386 990 1349
f 1349 990 1347
f 1347 990 832
f 1338 1337 1487
f 1487 1337 1336
f 1487 1336 1335
f 4092 2145 4093
f 4093 2145 2144
f 4093 2144 4094
f 4094 2144 2048
f 4094 2048 4095
f 4095 2048 2047
f 4095 2047 2052
f 3756 3755 3883
f 3883 3755 3754
f 3883 3754 3753
f 3955 3957 3038
f 3038 3957 4031
f 3038 4031 3033
f 3033 4031 4033
f 4096 4097 3614
f 3614 4097 4098
f 3614 4098 3012
f 3012 4098 3011
f 3011 4098 4099
f 3011 4099 3010
f 3010 4099 4100
f 3010 4100 3008
f 3008 4100 3007
f 3007 4100 4101
f 3007 4101 4102
f 4102 4101 4103
f 4103 4101 4104
f 4103 4104 4105
f 4105 4104 4097
f 4105 4097 4096
f 4098 4097 4104
f 4100 4099 4101
f 4101 4099 4104
f 4099 4098 4104
f 4102 3990 3007
f 3007 3990 3006
f 3006 3990 4106
f 3006 4106 3004
f 3004 4106 4107
f 3004 4107 4108
f 3004 4108 3002
f 3002 4108 4109
f 3002 4109 3000
f 3000 4109 4110
f 3000 4110 2998
f 2998 4110 4111
f 2998 4111 2997
f 2997 4111 4112
f 4032 4113 4033
f 4033 4113 4114
f 4033 4114 3033
f 3033 4114 4115
f 3033 4115 3024
f 3024 4115 3025
f 3025 4115 4116
f 3025 4116 3028
f 3028 4116 4117
f 3028 4117 4028
f 4028 4117 4118
f 4028 4118 4029
f 4029 4118 4113
f 4029 4113 4032
f 4116 4115 4114
f 4118 4117 4113
f 4113 4117 4114
f 4117 4116 4114
f 4119 4120 4121
f 4121 4120 4122
f 4121 4122 4123
f 4123 4122 4124
f 4123 4124 4125
f 4125 4124 4126
f 4125 4126 4127
f 4127 4126 2990
f 4127 2990 2993
f 4128 4129 4119
f 4119 4129 4130
f 4119 4130 4120
f 4120 4130 4122
f 4129 4128 4126
f 4126 4128 2990
f 2993 2994 4127
f 4127 2994 4125
f 2994 2995 4125
f 4125 2995 4123
f 2995 2997 4123
f 4123 2997 4121
f 2997 4112 4121
f 4126 4124 4129
f 4129 4124 4130
f 4124 4122 4130
f 4131 4132 3715
f 3715 4132 4133
f 3715 4133 2980
f 2980 4133 4134
f 2980 4134 2978
f 2978 4134 4135
f 2978 4135 2972
f 2972 4135 295
f 295 4135 4136
f 295 4136 4137
f 4137 4136 4138
f 4137 4138 4131
f 4131 4138 4132
f 4137 293 295
f 4136 4135 4134
f 4136 4134 4133
f 4136 4133 4138
f 4138 4133 4132
f 4139 4140 316
f 316 4140 4141
f 316 4141 4142
f 4142 4141 4143
f 4142 4143 4144
f 4144 4143 3042
f 4144 3042 4145
f 4145 3042 2966
f 4145 2966 4146
f 4146 2966 2967
f 4146 2967 305
f 4140 4139 4147
f 4147 4139 4148
f 4147 4148 4149
f 3042 4143 4149
f 4149 4143 4150
f 4149 4150 4147
f 4147 4150 4140
f 316 4142 305
f 305 4142 4151
f 305 4151 4146
f 4146 4151 4145
f 4143 4141 4150
f 4150 4141 4140
f 4145 4151 4144
f 4144 4151 4142
f 255 259 256
f 256 259 269
f 269 259 267
f 269 267 270
f 270 267 265
f 270 265 273
f 273 265 262
f 273 262 275
f 275 262 261
f 3045 3412 4152
f 4152 3412 3411
f 4152 3411 4153
f 4153 3411 3458
f 4153 3458 4154
f 4154 3458 3464
f 4154 3464 3465
f 3465 2964 4154
f 4154 2964 3041
f 4154 3041 4153
f 4153 3041 3043
f 4153 3043 4152
f 4152 3043 3044
f 4152 3044 3045
f 3506 3412 3053
f 3053 3412 3045
f 3053 3045 4155
f 4155 3045 3042
f 4155 3042 4149
f 3747 3746 4155
f 4155 3746 3053
f 3746 3051 3053
f 3706 3679 3700
f 3700 3679 3632
f 3700 3632 3701
f 3701 3632 3680
f 3031 3513 4156
f 4156 3513 3512
f 4156 3512 4157
f 4157 3512 3554
f 4157 3554 4158
f 4158 3554 3552
f 4158 3552 3551
f 3551 3026 4158
f 4158 3026 3027
f 4158 3027 4157
f 4157 3027 3029
f 4157 3029 4156
f 4156 3029 3030
f 4156 3030 3031
f 3513 3031 3604
f 3604 3031 4023
f 3604 4023 4022
f 3028 4028 3031
f 3031 4028 3965
f 3031 3965 3964
f 3964 4025 3031
f 3031 4025 4023
f 339 1784 2687
f 2687 1784 4159
f 2687 4159 2807
f 2807 4159 2806
f 2806 4159 4160
f 2806 4160 4161
f 4161 4160 4162
f 4161 4162 4163
f 4163 4162 4164
f 4163 4164 4165
f 4165 4164 4166
f 4165 4166 4167
f 4167 4166 4168
f 4167 4168 4169
f 4169 4168 4170
f 4169 4170 4171
f 4171 4170 4172
f 4171 4172 4173
f 4173 4172 4174
f 4173 4174 4175
f 4175 4174 4176
f 4175 4176 4177
f 4177 4176 4178
f 4177 4178 4179
f 4179 4178 4180
f 4179 4180 4181
f 4181 4180 4182
f 4181 4182 4183
f 4183 4182 4184
f 4183 4184 4185
f 4185 4184 4186
f 4185 4186 4187
f 4187 4186 4188
f 4187 4188 4189
f 4189 4188 4190
f 4189 4190 4191
f 4191 4190 4192
f 4191 4192 4193
f 4193 4192 4194
f 4193 4194 4195
f 4195 4194 4196
f 4195 4196 4197
f 4197 4196 4198
f 4197 4198 4199
f 4199 4198 4200
f 4199 4200 4201
f 4201 4200 4202
f 4201 4202 4203
f 4203 4202 4204
f 4203 4204 4205
f 4205 4204 4206
f 4205 4206 4207
f 4207 4206 4208
f 4207 4208 4209
f 4209 4208 4210
f 4209 4210 4211
f 4211 4210 4212
f 4211 4212 4076
f 4076 4212 4077
f 4077 4212 4213
f 4077 4213 4078
f 4078 4213 4214
f 4078 4214 4079
f 4079 4214 4080
f 4080 4214 4215
f 4080 4215 4081
f 4081 4215 4216
f 4081 4216 4217
f 4217 4216 4218
f 4217 4218 4219
f 4219 4218 4220
f 4219 4220 4221
f 4221 4220 4222
f 4221 4222 4223
f 4223 4222 4224
f 4223 4224 4225
f 4225 4224 4226
f 4225 4226 4227
f 4227 4226 4182
f 4227 4182 4180
f 1784 1901 4159
f 4159 1901 4228
f 4159 4228 4229
f 4229 4228 4230
f 4229 4230 4231
f 4231 4230 4232
f 4231 4232 4233
f 4233 4232 4234
f 4233 4234 4235
f 4235 4234 4236
f 4235 4236 4237
f 4237 4236 4238
f 4237 4238 4239
f 4239 4238 4240
f 4239 4240 4241
f 4241 4240 4242
f 4241 4242 4243
f 4243 4242 4244
f 4243 4244 4245
f 4245 4244 4246
f 4245 4246 4247
f 4247 4246 4248
f 4247 4248 4227
f 4227 4248 4225
f 1901 1911 4228
f 4228 1911 4249
f 4228 4249 4230
f 4230 4249 4250
f 4230 4250 4232
f 4232 4250 4251
f 4232 4251 4234
f 4234 4251 4252
f 4234 4252 4236
f 4236 4252 4253
f 4236 4253 4238
f 4238 4253 4254
f 4238 4254 4240
f 4240 4254 4255
f 4240 4255 4242
f 4242 4255 4256
f 4242 4256 4244
f 4244 4256 4257
f 4244 4257 4246
f 4246 4257 4258
f 4246 4258 4248
f 4248 4258 4259
f 4248 4259 4225
f 4225 4259 4223
f 1911 1941 4249
f 4249 1941 4260
f 4249 4260 4250
f 4250 4260 4261
f 4250 4261 4251
f 4251 4261 4262
f 4251 4262 4252
f 4252 4262 4263
f 4252 4263 4253
f 4253 4263 4264
f 4253 4264 4254
f 4254 4264 4265
f 4254 4265 4255
f 4255 4265 4266
f 4255 4266 4256
f 4256 4266 4267
f 4256 4267 4257
f 4257 4267 4268
f 4257 4268 4258
f 4258 4268 4269
f 4258 4269 4259
f 4259 4269 4270
f 4259 4270 4223
f 4223 4270 4221
f 4260 1941 4271
f 4271 1941 1937
f 4271 1937 4272
f 4272 1937 1932
f 4272 1932 4273
f 4273 1932 4274
f 4273 4274 4275
f 4275 4274 4276
f 4275 4276 4277
f 4277 4276 4278
f 4277 4278 4279
f 4279 4278 4089
f 4279 4089 4088
f 1932 1931 4274
f 4274 1931 4276
f 4276 1931 4278
f 4278 1931 1935
f 4278 1935 4091
f 4091 4089 4278
f 4087 4280 4088
f 4088 4280 4281
f 4088 4281 4279
f 4279 4281 4282
f 4279 4282 4277
f 4277 4282 4283
f 4277 4283 4275
f 4275 4283 4284
f 4275 4284 4273
f 4273 4284 4272
f 4280 4087 4285
f 4285 4087 4086
f 4285 4086 4286
f 4286 4086 4085
f 4286 4085 4287
f 4287 4085 4288
f 4287 4288 4289
f 4289 4288 4290
f 4289 4290 4291
f 4291 4290 4292
f 4291 4292 4293
f 4293 4292 4294
f 4293 4294 4270
f 4270 4294 4221
f 4085 4084 4288
f 4288 4084 4295
f 4288 4295 4290
f 4290 4295 4296
f 4290 4296 4292
f 4292 4296 4297
f 4292 4297 4294
f 4294 4297 4219
f 4294 4219 4221
f 4084 4083 4295
f 4295 4083 4298
f 4295 4298 4296
f 4296 4298 4299
f 4296 4299 4297
f 4297 4299 4217
f 4297 4217 4219
f 4298 4083 4299
f 4299 4083 4082
f 4299 4082 4217
f 4217 4082 4081
f 4076 4075 4211
f 4211 4075 4300
f 4211 4300 4209
f 4209 4300 4301
f 4209 4301 4207
f 4207 4301 4302
f 4207 4302 4205
f 4205 4302 4303
f 4205 4303 4203
f 4203 4303 4304
f 4203 4304 4201
f 4075 4074 4300
f 4300 4074 4073
f 4300 4073 4305
f 4305 4073 4306
f 4305 4306 4307
f 4307 4306 4308
f 4307 4308 4309
f 4309 4308 4304
f 4309 4304 4303
f 4073 4072 4306
f 4306 4072 4310
f 4306 4310 4308
f 4308 4310 4071
f 4308 4071 4304
f 4072 4071 4310
f 2864 4311 4201
f 4201 4311 4312
f 4201 4312 4199
f 4199 4312 4197
f 2864 2863 4311
f 4311 2863 4313
f 4311 4313 4314
f 4314 4313 4315
f 4314 4315 4195
f 4195 4315 4193
f 2863 2884 4313
f 4313 2884 4316
f 4313 4316 4315
f 4315 4316 4317
f 4315 4317 4193
f 4193 4317 4191
f 2884 2880 4316
f 4316 2880 4318
f 4316 4318 4317
f 4317 4318 4319
f 4317 4319 4191
f 4191 4319 4189
f 2880 2878 4318
f 4318 2878 4320
f 4318 4320 4319
f 4319 4320 4321
f 4319 4321 4189
f 4189 4321 4187
f 2878 2876 4320
f 4320 2876 4322
f 4320 4322 4321
f 4321 4322 4323
f 4321 4323 4187
f 4187 4323 4185
f 2876 2875 4322
f 4322 2875 4324
f 4322 4324 4323
f 4323 4324 4325
f 4323 4325 4185
f 4185 4325 4183
f 2875 2866 4324
f 4324 2866 4326
f 4324 4326 4325
f 4325 4326 4327
f 4325 4327 4183
f 4183 4327 4181
f 2866 2865 4326
f 4326 2865 4328
f 4326 4328 4327
f 4327 4328 4329
f 4327 4329 4181
f 4181 4329 4179
f 2865 2833 4328
f 4328 2833 4330
f 4328 4330 4329
f 4329 4330 4331
f 4329 4331 4179
f 4179 4331 4177
f 2833 2831 4330
f 4330 2831 4332
f 4330 4332 4331
f 4331 4332 4333
f 4331 4333 4177
f 4177 4333 4175
f 2831 2829 4332
f 4332 2829 4333
f 2829 2819 4333
f 4333 2819 2818
f 4333 2818 4175
f 4175 2818 2817
f 4175 2817 4173
f 4173 2817 2815
f 4173 2815 4171
f 4171 2815 2813
f 4171 2813 4169
f 4169 2813 2811
f 4169 2811 4167
f 4167 2811 2809
f 4167 2809 4165
f 4165 2809 4163
f 2809 2805 4163
f 4163 2805 4161
f 2805 2806 4161
f 4261 4260 4271
f 4271 4272 4334
f 4334 4272 4284
f 4334 4284 4335
f 4335 4284 4283
f 4335 4283 4336
f 4336 4283 4337
f 4336 4337 4338
f 4338 4337 4339
f 4338 4339 4340
f 4340 4339 4341
f 4340 4341 4342
f 4342 4341 4343
f 4342 4343 4344
f 4344 4343 4345
f 4344 4345 4346
f 4346 4345 4291
f 4346 4291 4293
f 4160 4159 4229
f 4262 4261 4334
f 4334 4261 4271
f 4262 4334 4335
f 4162 4160 4229
f 4162 4229 4231
f 4337 4283 4282
f 4282 4281 4347
f 4347 4281 4280
f 4347 4280 4348
f 4348 4280 4285
f 4348 4285 4349
f 4349 4285 4286
f 4349 4286 4350
f 4350 4286 4287
f 4350 4287 4289
f 4263 4262 4335
f 4263 4335 4336
f 4164 4162 4231
f 4164 4231 4233
f 4348 4339 4347
f 4347 4339 4337
f 4347 4337 4282
f 4339 4348 4341
f 4341 4348 4349
f 4341 4349 4343
f 4343 4349 4350
f 4343 4350 4345
f 4345 4350 4289
f 4345 4289 4291
f 4263 4336 4264
f 4264 4336 4338
f 4264 4338 4265
f 4265 4338 4340
f 4265 4340 4266
f 4266 4340 4342
f 4266 4342 4267
f 4267 4342 4344
f 4267 4344 4268
f 4268 4344 4346
f 4268 4346 4269
f 4269 4346 4293
f 4269 4293 4270
f 4164 4233 4166
f 4166 4233 4235
f 4166 4235 4168
f 4168 4235 4237
f 4168 4237 4170
f 4170 4237 4239
f 4170 4239 4172
f 4172 4239 4241
f 4172 4241 4174
f 4174 4241 4243
f 4174 4243 4176
f 4176 4243 4245
f 4176 4245 4178
f 4178 4245 4247
f 4178 4247 4180
f 4180 4247 4227
f 4218 4216 4351
f 4351 4216 4215
f 4351 4215 4352
f 4352 4215 4214
f 4352 4214 4353
f 4353 4214 4213
f 4353 4213 4354
f 4354 4213 4212
f 4354 4212 4210
f 4220 4218 4355
f 4355 4218 4351
f 4355 4351 4356
f 4356 4351 4352
f 4356 4352 4357
f 4357 4352 4353
f 4357 4353 4358
f 4358 4353 4354
f 4358 4354 4359
f 4359 4354 4210
f 4359 4210 4208
f 4222 4220 4360
f 4360 4220 4355
f 4360 4355 4361
f 4361 4355 4356
f 4361 4356 4362
f 4362 4356 4357
f 4362 4357 4363
f 4363 4357 4358
f 4363 4358 4364
f 4364 4358 4359
f 4364 4359 4365
f 4365 4359 4208
f 4365 4208 4206
f 4224 4222 4366
f 4366 4222 4360
f 4366 4360 4367
f 4367 4360 4361
f 4367 4361 4368
f 4368 4361 4362
f 4368 4362 4369
f 4369 4362 4363
f 4369 4363 4370
f 4370 4363 4364
f 4370 4364 4371
f 4371 4364 4365
f 4371 4365 4372
f 4372 4365 4206
f 4372 4206 4204
f 4226 4224 4373
f 4373 4224 4366
f 4373 4366 4374
f 4374 4366 4367
f 4374 4367 4375
f 4375 4367 4368
f 4375 4368 4376
f 4376 4368 4369
f 4376 4369 4377
f 4377 4369 4370
f 4377 4370 4378
f 4378 4370 4371
f 4378 4371 4379
f 4379 4371 4372
f 4379 4372 4380
f 4380 4372 4204
f 4380 4204 4202
f 4182 4226 4184
f 4184 4226 4373
f 4184 4373 4186
f 4186 4373 4374
f 4186 4374 4188
f 4188 4374 4375
f 4188 4375 4190
f 4190 4375 4376
f 4190 4376 4192
f 4192 4376 4377
f 4192 4377 4194
f 4194 4377 4378
f 4194 4378 4196
f 4196 4378 4379
f 4196 4379 4198
f 4198 4379 4380
f 4198 4380 4200
f 4200 4380 4202
f 4300 4305 4301
f 4301 4305 4307
f 4301 4307 4302
f 4302 4307 4309
f 4302 4309 4303
f 4314 4195 4197
f 4314 4197 4312
f 4312 4311 4314
f 4070 3401 4381
f 4381 3401 3390
f 4381 3390 4382
f 4382 3390 4383
f 4382 4383 4384
f 4384 4383 4385
f 4384 4385 4304
f 4304 4385 4201
f 4201 4385 4386
f 4201 4386 4387
f 4387 4386 4388
f 4387 4388 4389
f 4389 4388 3400
f 3400 4388 3392
f 3392 4388 4390
f 3392 4390 4383
f 4383 4390 4385
f 3390 3392 4383
f 4389 2864 4387
f 4387 2864 4201
f 4384 4304 4391
f 4391 4304 4071
f 4391 4071 4070
f 4391 4070 4381
f 4385 4390 4386
f 4386 4390 4388
f 4391 4381 4382
f 4391 4382 4384
f 4392 4393 2142
f 2142 4393 2143
f 321 3747 317
f 317 3747 4155
f 4148 316 4149
f 4149 316 317
f 4149 317 4155
f 4148 4139 316
f 3745 3756 3744
f 3744 3756 4090
f 4394 4395 4396
f 4396 4395 4094
f 4396 4094 4095
f 2052 4394 4095
f 4095 4394 4396
f 3932 4397 3880
f 3880 4397 4398
f 3880 4398 4399
f 4399 4398 4400
f 4399 4400 4068
f 4397 3932 4401
f 4401 3932 3918
f 4401 3918 4402
f 4402 3918 4403
f 4402 4403 4404
f 4404 4403 4405
f 4404 4405 4406
f 4406 4405 4407
f 4406 4407 4408
f 4408 4407 4409
f 4408 4409 4410
f 4410 4409 4411
f 4410 4411 4412
f 4412 4411 4413
f 4412 4413 4414
f 4414 4413 4415
f 4414 4415 311
f 311 4415 312
f 312 4415 4416
f 312 4416 313
f 313 4416 4417
f 313 4417 314
f 314 4417 4418
f 314 4418 315
f 315 4418 4419
f 315 4419 318
f 318 4419 4420
f 318 4420 319
f 319 4420 3750
f 319 3750 3749
f 3918 3919 4403
f 4403 3919 4421
f 4403 4421 4405
f 4405 4421 3921
f 4405 3921 4422
f 4422 3921 3922
f 4422 3922 4423
f 4423 3922 3924
f 4423 3924 4424
f 4424 3924 4425
f 4424 4425 4426
f 4426 4425 3927
f 4426 3927 4427
f 4427 3927 3931
f 4427 3931 4428
f 4428 3931 3895
f 4428 3895 4429
f 4429 3895 4430
f 4429 4430 4431
f 4431 4430 4432
f 4431 4432 4417
f 4417 4432 4418
f 3919 3921 4421
f 3924 3926 4425
f 4425 3926 3927
f 3895 3893 4430
f 4430 3893 4432
f 4432 3893 4433
f 4433 3893 3889
f 4433 3889 4418
f 4418 3889 3888
f 4418 3888 4419
f 4419 3888 3887
f 4419 3887 4420
f 4420 3887 3750
f 3749 3748 319
f 319 3748 320
f 311 310 4414
f 4414 310 4434
f 4414 4434 4412
f 4412 4434 4435
f 4412 4435 4410
f 4410 4435 4436
f 4410 4436 4408
f 4408 4436 4437
f 4408 4437 4406
f 4406 4437 4438
f 4406 4438 4404
f 4404 4438 4439
f 4404 4439 4402
f 4402 4439 4440
f 4402 4440 4397
f 4397 4440 4398
f 310 309 4434
f 4434 309 4441
f 4434 4441 4435
f 4435 4441 4442
f 4435 4442 4436
f 4436 4442 4443
f 4436 4443 4437
f 4437 4443 4444
f 4437 4444 4438
f 4438 4444 4445
f 4438 4445 4439
f 4439 4445 4446
f 4439 4446 4440
f 4440 4446 4447
f 4440 4447 4398
f 4398 4447 4400
f 309 308 4441
f 4441 308 4448
f 4441 4448 4442
f 4442 4448 4449
f 4442 4449 4443
f 4443 4449 4450
f 4443 4450 4444
f 4444 4450 4451
f 4444 4451 4445
f 4445 4451 4452
f 4445 4452 4446
f 4446 4452 4453
f 4446 4453 4447
f 4447 4453 4454
f 4447 4454 4400
f 308 307 4448
f 4448 307 4455
f 4448 4455 4449
f 4449 4455 4456
f 4449 4456 4450
f 4450 4456 4457
f 4450 4457 4451
f 4451 4457 4458
f 4451 4458 4452
f 4452 4458 4459
f 4452 4459 4453
f 4453 4459 4460
f 4453 4460 4454
f 307 306 4455
f 4455 306 4461
f 4455 4461 4456
f 4456 4461 4462
f 4456 4462 4457
f 4457 4462 4463
f 4457 4463 4458
f 4458 4463 4464
f 4458 4464 4459
f 4459 4464 4465
f 4459 4465 4460
f 306 304 4461
f 4461 304 4466
f 4461 4466 4462
f 4462 4466 4467
f 4462 4467 4463
f 4463 4467 4468
f 4463 4468 4464
f 4464 4468 4469
f 4464 4469 4465
f 304 297 4466
f 4466 297 4470
f 4466 4470 4467
f 4467 4470 4471
f 4467 4471 4468
f 4468 4471 4472
f 4468 4472 4469
f 297 296 4470
f 4470 296 4473
f 4470 4473 4471
f 4471 4473 4474
f 4471 4474 4472
f 296 294 4473
f 4473 294 4474
f 4401 4402 4397
f 4405 4422 4407
f 4407 4422 4424
f 4407 4424 4409
f 4409 4424 4426
f 4409 4426 4411
f 4411 4426 4475
f 4411 4475 4413
f 4413 4475 4476
f 4413 4476 4415
f 4415 4476 4416
f 4423 4424 4422
f 4426 4427 4475
f 4475 4427 4429
f 4475 4429 4476
f 4476 4429 4431
f 4476 4431 4416
f 4416 4431 4417
f 4428 4429 4427
f 4433 4418 4432
f 4393 2052 2143
f 2143 2052 2051
f 2143 2051 2050
f 4395 4394 4393
f 4393 4394 2052
f 3502 3503 3046
f 3046 3503 3050
f 3050 3503 3504
f 3050 3504 3052
f 3052 3504 3505
f 3052 3505 3053
f 3053 3505 3506
f 3601 4477 3600
f 3600 4477 4478
f 3600 4478 3985
f 3985 4478 3984
f 3984 4478 4018
f 4018 4478 4479
f 4018 4479 4019
f 4019 4479 4020
f 4020 4479 4022
f 4022 4479 4480
f 4022 4480 3603
f 3603 4480 3602
f 3602 4480 4477
f 3602 4477 3601
f 3603 3604 4022
f 3985 3611 3600
f 4479 4478 4477
f 4480 4479 4477
f 3679 3706 4481
f 4481 3706 3705
f 4481 3705 3704
f 4481 3704 4482
f 4482 3704 3703
f 4482 3703 3702
f 4481 2991 3679
f 3679 2991 3678
f 3678 2991 3677
f 3677 2991 3676
f 3676 2991 3723
f 3723 2991 4483
f 4483 2991 4484
f 4484 2991 4485
f 4485 2991 2990
f 4485 2990 4128
f 3738 3744 3736
f 3736 3744 4392
f 3736 4392 3757
f 3738 3740 3744
f 3744 3740 3742
f 4090 4092 3744
f 3744 4092 4093
f 3744 4093 4094
f 4094 4395 3744
f 3744 4395 4392
f 4395 4393 4392
f 2142 1346 4392
f 4392 1346 3757
f 4389 4486 2864
f 2864 4486 4487
f 2864 4487 2886
f 2886 4487 4488
f 2886 4488 4489
f 4489 4488 4490
f 4489 4490 4491
f 4491 4490 4492
f 4491 4492 4493
f 4493 4492 4494
f 4493 4494 4495
f 4495 4494 4496
f 4495 4496 4497
f 4497 4496 4498
f 4497 4498 4499
f 4486 4389 4500
f 4500 4389 3400
f 4500 3400 3406
f 3405 4501 3406
f 3406 4501 4502
f 3406 4502 4500
f 4500 4502 4503
f 4500 4503 4504
f 4504 4503 4505
f 4504 4505 4506
f 4506 4505 4507
f 4506 4507 4508
f 4508 4507 4509
f 4508 4509 4490
f 4490 4509 4492
f 4501 3405 4510
f 4510 3405 3404
f 4510 3404 4511
f 4512 4513 4511
f 4511 4513 4514
f 4511 4514 4510
f 4510 4514 4501
f 4515 4516 4512
f 4512 4516 4517
f 4512 4517 4513
f 4513 4517 4518
f 4513 4518 4519
f 4519 4518 4503
f 4519 4503 4502
f 4516 4515 4520
f 4520 4515 4521
f 4520 4521 4522
f 4522 4521 4523
f 4522 4523 4524
f 4522 4524 4496
f 4496 4524 4498
f 4499 4525 4497
f 4497 4525 4526
f 4497 4526 4527
f 4527 4526 4528
f 4527 4528 4529
f 4529 4528 4530
f 4529 4530 4531
f 4531 4530 4532
f 4531 4532 4533
f 4533 4532 4534
f 4533 4534 2899
f 2899 4534 2913
f 2913 4534 4535
f 2913 4535 2915
f 2915 4535 3728
f 3728 4535 4536
f 3728 4536 3729
f 3729 4536 4537
f 3729 4537 4538
f 4538 4537 4530
f 4538 4530 4528
f 4525 4539 4526
f 4526 4539 4540
f 4526 4540 4528
f 4528 4540 4538
f 4539 4541 4540
f 4540 4541 3731
f 4540 3731 3729
f 2899 2887 4533
f 4533 2887 4542
f 4533 4542 4531
f 4531 4542 4543
f 4531 4543 4529
f 4529 4543 4544
f 4529 4544 4527
f 4527 4544 4495
f 4527 4495 4497
f 2887 2854 4542
f 4542 2854 4545
f 4542 4545 4543
f 4543 4545 4546
f 4543 4546 4544
f 4544 4546 4493
f 4544 4493 4495
f 2854 2856 4545
f 4545 2856 4547
f 4545 4547 4546
f 4546 4547 4491
f 4546 4491 4493
f 2856 2858 4547
f 4547 2858 4489
f 4547 4489 4491
f 2858 2886 4489
f 4540 3729 4538
f 4504 4506 4486
f 4486 4506 4487
f 4506 4508 4487
f 4487 4508 4488
f 4508 4490 4488
f 4536 4535 4534
f 4536 4534 4532
f 4500 4504 4486
f 4537 4536 4532
f 4537 4532 4530
f 4503 4518 4505
f 4505 4518 4548
f 4505 4548 4507
f 4507 4548 4549
f 4507 4549 4509
f 4509 4549 4550
f 4509 4550 4492
f 4492 4550 4494
f 4501 4514 4519
f 4519 4514 4513
f 4548 4518 4517
f 4549 4548 4516
f 4516 4548 4517
f 4550 4549 4520
f 4520 4549 4516
f 4494 4550 4522
f 4522 4550 4520
f 4522 4496 4494
f 4502 4501 4519
f 3129 4551 3131
f 3131 4551 4552
f 3131 4552 3174
f 3174 4552 4553
f 3174 4553 4554
f 4554 4553 4555
f 4554 4555 4556
f 4556 4555 4557
f 4556 4557 4558
f 4558 4557 4559
f 4558 4559 4560
f 4560 4559 4561
f 4560 4561 4562
f 4562 4561 4563
f 4562 4563 4564
f 4564 4563 4565
f 4564 4565 4566
f 4566 4565 4567
f 4566 4567 4568
f 4568 4567 4569
f 4568 4569 4570
f 4570 4569 4571
f 4570 4571 4572
f 4572 4571 4573
f 4572 4573 4574
f 4574 4573 4575
f 4574 4575 4576
f 4576 4575 4577
f 4576 4577 4578
f 4578 4577 4579
f 4578 4579 4580
f 4580 4579 3732
f 4580 3732 3733
f 4551 3129 4581
f 4581 3129 3164
f 4581 3164 4582
f 4582 3164 4583
f 4582 4583 4584
f 4584 4583 4585
f 4584 4585 4586
f 4586 4585 4587
f 4586 4587 4588
f 4588 4587 4589
f 4588 4589 4590
f 4590 4589 4591
f 4590 4591 4592
f 4592 4591 4593
f 4593 4591 4594
f 4593 4594 4595
f 4595 4594 4596
f 4595 4596 4597
f 4597 4596 4598
f 4598 4596 4599
f 4598 4599 4600
f 4600 4599 4601
f 4600 4601 4602
f 4602 4601 4603
f 4602 4603 4604
f 4604 4603 4605
f 4604 4605 4606
f 4606 4605 4607
f 4606 4607 4608
f 4608 4607 4609
f 4608 4609 4610
f 4610 4609 4611
f 4610 4611 4612
f 4612 4611 4613
f 4612 4613 4614
f 4614 4613 4615
f 4614 4615 4616
f 4616 4615 4617
f 4616 4617 4618
f 4618 4617 4585
f 4618 4585 4583
f 3164 3163 4583
f 4583 3163 4618
f 3163 3160 4618
f 4618 3160 4616
f 3160 3158 4616
f 4616 3158 4614
f 3158 3153 4614
f 4614 3153 4612
f 3153 3152 4612
f 4612 3152 4610
f 3152 3156 4610
f 4610 3156 4608
f 3156 3154 4608
f 4608 3154 3144
f 4606 4619 4604
f 4592 4620 4590
f 4590 4620 4621
f 4590 4621 4588
f 4588 4621 4622
f 4588 4622 4586
f 4586 4622 4623
f 4586 4623 4584
f 4584 4623 4624
f 4584 4624 4582
f 4582 4624 4625
f 4582 4625 4581
f 4581 4625 4551
f 4620 4626 4621
f 4621 4626 4627
f 4621 4627 4622
f 4622 4627 4628
f 4622 4628 4623
f 4623 4628 4629
f 4623 4629 4624
f 4624 4629 4630
f 4624 4630 4625
f 4625 4630 4631
f 4625 4631 4551
f 4551 4631 4552
f 4627 4626 4632
f 4632 4626 4633
f 4632 4633 4634
f 4634 4633 4635
f 4634 4635 4636
f 4636 4635 4637
f 4636 4637 4638
f 4638 4637 4639
f 4638 4639 4640
f 4640 4639 4641
f 4640 4641 4642
f 4642 4641 4643
f 4642 4643 4644
f 4644 4643 4645
f 4644 4645 4557
f 4557 4645 4559
f 4635 4646 4637
f 4637 4646 4647
f 4637 4647 4639
f 4639 4647 4648
f 4639 4648 4641
f 4641 4648 4649
f 4641 4649 4643
f 4643 4649 4650
f 4643 4650 4645
f 4645 4650 4651
f 4645 4651 4559
f 4559 4651 4561
f 4647 4646 4652
f 4652 4646 4653
f 4652 4653 4654
f 4654 4653 4655
f 4654 4655 4656
f 4656 4655 4657
f 4656 4657 4658
f 4658 4657 4659
f 4658 4659 4660
f 4660 4659 4661
f 4660 4661 4662
f 4662 4661 4663
f 4662 4663 4664
f 4664 4663 4665
f 4664 4665 4567
f 4567 4665 4569
f 4655 4666 4657
f 4657 4666 4667
f 4657 4667 4659
f 4659 4667 4668
f 4659 4668 4661
f 4661 4668 4669
f 4661 4669 4663
f 4663 4669 4670
f 4663 4670 4665
f 4665 4670 4671
f 4665 4671 4569
f 4569 4671 4571
f 4666 4672 4667
f 4667 4672 4673
f 4667 4673 4674
f 4674 4673 4675
f 4674 4675 4676
f 4676 4675 4677
f 4676 4677 4678
f 4676 4678 4679
f 4679 4678 4680
f 4679 4680 4681
f 4681 4680 4682
f 4681 4682 3727
f 3727 3730 4681
f 4681 3730 4683
f 4681 4683 4684
f 4684 4683 4685
f 4684 4685 4686
f 4686 4685 4687
f 4686 4687 4688
f 4688 4687 4689
f 4688 4689 4671
f 4671 4689 4571
f 3732 4690 3730
f 3730 4690 4691
f 3730 4691 4683
f 4683 4691 4685
f 3734 4692 3733
f 3733 4692 4693
f 3733 4693 4580
f 4580 4693 4694
f 4580 4694 4578
f 4578 4694 4695
f 4578 4695 4576
f 4576 4695 4696
f 4576 4696 4574
f 4574 4696 4697
f 4574 4697 4572
f 4572 4697 4698
f 4572 4698 4570
f 4570 4698 4699
f 4570 4699 4568
f 4568 4699 4700
f 4568 4700 4566
f 4566 4700 4701
f 4566 4701 4564
f 4564 4701 4702
f 4564 4702 4562
f 4562 4702 4703
f 4562 4703 4560
f 4560 4703 3064
f 4560 3064 4558
f 4558 3064 4556
f 3735 4704 3734
f 3734 4704 4705
f 3734 4705 4706
f 4706 4705 4707
f 4706 4707 4708
f 4708 4707 4709
f 4708 4709 4710
f 4710 4709 4711
f 4710 4711 4712
f 4712 4711 4713
f 4712 4713 4714
f 4714 4713 4715
f 4714 4715 4716
f 4716 4715 4717
f 4716 4717 4718
f 4718 4717 4719
f 4718 4719 4720
f 4720 4719 4721
f 4720 4721 4722
f 4722 4721 4723
f 4722 4723 4724
f 4724 4723 4725
f 4724 4725 4726
f 4726 4725 3408
f 4726 3408 3407
f 3731 4541 3735
f 3735 4541 4727
f 3735 4727 4728
f 4728 4727 4729
f 4728 4729 4730
f 4730 4729 4731
f 4730 4731 4732
f 4732 4731 4733
f 4732 4733 4734
f 4734 4733 4735
f 4734 4735 4736
f 4736 4735 4737
f 4736 4737 4738
f 4738 4737 4739
f 4738 4739 4740
f 4740 4739 4741
f 4740 4741 4742
f 4742 4741 4743
f 4742 4743 4744
f 4744 4743 4745
f 4744 4745 4746
f 4746 4745 4747
f 4746 4747 4748
f 4748 4747 3410
f 4748 3410 3409
f 4727 4541 4749
f 4749 4541 4539
f 4749 4539 4750
f 4750 4539 4525
f 4750 4525 4751
f 4751 4525 4499
f 4751 4499 4498
f 4751 4498 4752
f 4752 4498 4524
f 4752 4524 4753
f 4753 4524 4523
f 4753 4523 4521
f 4753 4521 4754
f 4754 4521 4515
f 4754 4515 4755
f 4755 4515 4756
f 4755 4756 4739
f 4739 4756 4741
f 4515 4512 4756
f 4756 4512 4757
f 4756 4757 4741
f 4741 4757 4743
f 4512 4511 4757
f 4757 4511 4758
f 4757 4758 4743
f 4743 4758 4745
f 4758 4511 4759
f 4759 4511 3404
f 4759 3404 3410
f 4748 3409 4760
f 4760 3409 3408
f 4760 3408 4725
f 3064 4703 3407
f 3407 4703 4761
f 3407 4761 4726
f 4726 4761 4762
f 4726 4762 4724
f 4724 4762 4763
f 4724 4763 4722
f 4722 4763 4764
f 4722 4764 4720
f 4720 4764 4765
f 4720 4765 4718
f 4718 4765 4766
f 4718 4766 4716
f 4716 4766 4767
f 4716 4767 4714
f 4714 4767 4768
f 4714 4768 4712
f 4712 4768 4769
f 4712 4769 4710
f 4710 4769 4770
f 4710 4770 4708
f 4708 4770 4692
f 4708 4692 4706
f 4706 4692 3734
f 3064 3169 4556
f 4556 3169 4554
f 3169 3171 4554
f 4554 3171 3174
f 4690 3732 4771
f 4771 3732 4579
f 4771 4579 4577
f 3735 4728 4704
f 4704 4728 4730
f 4704 4730 4772
f 4772 4730 4732
f 4772 4732 4773
f 4773 4732 4734
f 4773 4734 4774
f 4774 4734 4736
f 4774 4736 4775
f 4775 4736 4738
f 4775 4738 4776
f 4776 4738 4740
f 4776 4740 4777
f 4777 4740 4742
f 4777 4742 4778
f 4778 4742 4744
f 4778 4744 4779
f 4779 4744 4746
f 4779 4746 4780
f 4780 4746 4748
f 4780 4748 4760
f 4553 4552 4781
f 4781 4552 4631
f 4781 4631 4782
f 4782 4631 4630
f 4782 4630 4783
f 4783 4630 4629
f 4783 4629 4784
f 4784 4629 4628
f 4784 4628 4632
f 4632 4628 4627
f 4644 4557 4555
f 4555 4553 4785
f 4785 4553 4781
f 4785 4781 4786
f 4786 4781 4782
f 4786 4782 4787
f 4787 4782 4783
f 4787 4783 4788
f 4788 4783 4784
f 4788 4784 4634
f 4634 4784 4632
f 4563 4561 4789
f 4789 4561 4651
f 4789 4651 4790
f 4790 4651 4650
f 4790 4650 4791
f 4791 4650 4649
f 4791 4649 4792
f 4792 4649 4648
f 4792 4648 4652
f 4652 4648 4647
f 4664 4567 4565
f 4565 4563 4793
f 4793 4563 4789
f 4793 4789 4794
f 4794 4789 4790
f 4794 4790 4795
f 4795 4790 4791
f 4795 4791 4796
f 4796 4791 4792
f 4796 4792 4654
f 4654 4792 4652
f 4571 4689 4573
f 4573 4689 4797
f 4573 4797 4575
f 4575 4797 4798
f 4575 4798 4577
f 4577 4798 4771
f 4642 4644 4785
f 4785 4644 4555
f 4642 4785 4786
f 4662 4664 4793
f 4793 4664 4565
f 4662 4793 4794
f 4688 4671 4670
f 4689 4687 4797
f 4797 4687 4799
f 4797 4799 4798
f 4798 4799 4690
f 4798 4690 4771
f 4611 4609 4800
f 4800 4609 4607
f 4800 4607 4801
f 4801 4607 4605
f 4801 4605 4601
f 4601 4605 4603
f 4613 4611 4802
f 4802 4611 4800
f 4802 4800 4803
f 4803 4800 4801
f 4803 4801 4599
f 4599 4801 4601
f 4615 4613 4804
f 4804 4613 4802
f 4804 4802 4805
f 4805 4802 4803
f 4805 4803 4596
f 4596 4803 4599
f 4587 4585 4617
f 4617 4615 4806
f 4806 4615 4804
f 4806 4804 4807
f 4807 4804 4805
f 4807 4805 4594
f 4594 4805 4596
f 4640 4642 4786
f 4640 4786 4787
f 4660 4662 4794
f 4660 4794 4795
f 4688 4670 4808
f 4808 4670 4669
f 4808 4669 4809
f 4809 4669 4668
f 4809 4668 4674
f 4674 4668 4667
f 4691 4690 4799
f 4691 4799 4685
f 4685 4799 4687
f 4807 4589 4806
f 4806 4589 4587
f 4806 4587 4617
f 4594 4591 4807
f 4807 4591 4589
f 4640 4787 4638
f 4638 4787 4788
f 4638 4788 4636
f 4636 4788 4634
f 4660 4795 4658
f 4658 4795 4796
f 4658 4796 4656
f 4656 4796 4654
f 4809 4810 4808
f 4808 4810 4686
f 4808 4686 4688
f 4686 4810 4684
f 4684 4810 4679
f 4684 4679 4681
f 4674 4676 4809
f 4809 4676 4810
f 4676 4679 4810
f 4694 4693 4770
f 4770 4693 4692
f 4695 4694 4769
f 4769 4694 4770
f 4696 4695 4768
f 4768 4695 4769
f 4697 4696 4767
f 4767 4696 4768
f 4698 4697 4766
f 4766 4697 4767
f 4699 4698 4765
f 4765 4698 4766
f 4700 4699 4764
f 4764 4699 4765
f 4701 4700 4763
f 4763 4700 4764
f 4702 4701 4762
f 4762 4701 4763
f 4703 4702 4761
f 4761 4702 4762
f 4704 4772 4705
f 4705 4772 4707
f 4772 4773 4707
f 4707 4773 4709
f 4773 4774 4709
f 4709 4774 4711
f 4774 4775 4711
f 4711 4775 4713
f 4775 4776 4713
f 4713 4776 4715
f 4776 4777 4715
f 4715 4777 4717
f 4777 4778 4717
f 4717 4778 4719
f 4778 4779 4719
f 4719 4779 4721
f 4760 4725 4723
f 4779 4780 4721
f 4721 4780 4723
f 4780 4760 4723
f 4749 4750 4727
f 4727 4750 4729
f 4750 4751 4729
f 4729 4751 4731
f 4751 4752 4731
f 4731 4752 4733
f 4752 4753 4733
f 4733 4753 4735
f 4755 4739 4737
f 4753 4754 4735
f 4735 4754 4737
f 4754 4755 4737
f 4758 4759 4745
f 4745 4759 4747
f 4759 3410 4747
f 4064 3865 4811
f 4811 3865 3882
f 4811 3882 4812
f 4812 3882 4399
f 4812 4399 4066
f 4066 4399 4067
f 4067 4399 4068
f 3882 3880 4399
f 4066 4064 4812
f 4812 4064 4811
f 4109 4813 4110
f 4110 4813 4814
f 4110 4814 4815
f 4815 4816 4110
f 4110 4816 4111
f 4013 4011 4817
f 4817 4011 4008
f 4817 4008 4005
f 4817 4005 3618
f 3618 4005 4004
f 3618 4004 4003
f 4003 4002 3618
f 3618 4002 4105
f 3618 4105 4096
f 4105 4002 4103
f 4103 4002 4001
f 4103 4001 4102
f 4102 4001 3991
f 4102 3991 3990
f 4096 3614 3618
f 299 4818 300
f 300 4818 4819
f 300 4819 4820
f 4820 4819 4821
f 4820 4821 4822
f 4822 4821 4823
f 4822 4823 4824
f 4824 4823 4825
f 4824 4825 4826
f 4826 4825 4827
f 4826 4827 4828
f 4828 4827 4829
f 4828 4829 4830
f 4830 4829 4831
f 4830 4831 4832
f 4832 4831 4058
f 4832 4058 4833
f 4833 4058 4834
f 4833 4834 4835
f 4835 4834 4836
f 4835 4836 4837
f 4837 4836 4838
f 4837 4838 4839
f 4839 4838 4460
f 4839 4460 4465
f 4818 4840 4819
f 4819 4840 4821
f 4840 4841 4821
f 4821 4841 4823
f 4841 4842 4823
f 4823 4842 4825
f 4842 4843 4825
f 4825 4843 4827
f 4843 4844 4827
f 4827 4844 4829
f 4844 4845 4829
f 4829 4845 4831
f 4845 4057 4831
f 4831 4057 4058
f 4058 4069 4834
f 4834 4069 4846
f 4834 4846 4836
f 4836 4846 4847
f 4836 4847 4838
f 4838 4847 4454
f 4838 4454 4460
f 4846 4069 4848
f 4848 4069 4068
f 4848 4068 4400
f 4848 4400 4847
f 4847 4400 4454
f 4839 4465 4849
f 4849 4465 4469
f 4849 4469 4850
f 4850 4469 4472
f 4850 4472 4851
f 4851 4472 4474
f 4851 4474 301
f 301 4474 294
f 300 4852 301
f 301 4852 4853
f 301 4853 4851
f 4851 4853 4854
f 4851 4854 4850
f 4850 4854 4855
f 4850 4855 4849
f 4849 4855 4856
f 4849 4856 4839
f 4839 4856 4837
f 300 4820 4857
f 4857 4820 4822
f 4857 4822 4858
f 4858 4822 4824
f 4858 4824 4859
f 4859 4824 4826
f 4859 4826 4860
f 4860 4826 4828
f 4860 4828 4861
f 4861 4828 4830
f 4861 4830 4862
f 4862 4830 4832
f 4862 4832 4833
f 300 4857 4852
f 4852 4857 4858
f 4852 4858 4863
f 4863 4858 4859
f 4863 4859 4864
f 4864 4859 4860
f 4864 4860 4865
f 4865 4860 4861
f 4865 4861 4866
f 4866 4861 4862
f 4866 4862 4835
f 4835 4862 4833
f 4866 4835 4837
f 4848 4847 4846
f 4865 4866 4856
f 4856 4866 4837
f 4864 4865 4855
f 4855 4865 4856
f 4863 4864 4854
f 4854 4864 4855
f 4852 4863 4853
f 4853 4863 4854
f 3032 3023 4619
f 4619 3023 4604
f 4604 3023 3022
f 4604 3022 4602
f 4602 3022 3021
f 4602 3021 4600
f 4600 3021 3019
f 4600 3019 4598
f 4598 3019 3017
f 4598 3017 4597
f 4597 3017 3016
f 4597 3016 4595
f 4595 3016 3015
f 4595 3015 4593
f 4593 3015 3013
f 4593 3013 4592
f 4592 3013 3009
f 4592 3009 4620
f 4620 3009 3005
f 4620 3005 4626
f 4626 3005 3003
f 4626 3003 4633
f 4633 3003 3001
f 4633 3001 4635
f 4635 3001 2999
f 4635 2999 4646
f 4646 2999 2996
f 4646 2996 4653
f 4653 2996 2992
f 4653 2992 4655
f 4655 2992 2989
f 4655 2989 4666
f 4666 2989 2988
f 4666 2988 4672
f 4672 2988 2987
f 4672 2987 4673
f 4673 2987 2985
f 4673 2985 4675
f 4675 2985 2983
f 4675 2983 4677
f 4677 2983 2975
f 4677 2975 4678
f 4678 2975 2974
f 4678 2974 4680
f 4680 2974 2973
f 4680 2973 4682
f 4682 2973 2971
f 4682 2971 3727
f 3476 3477 4867
f 4867 3477 3507
f 2964 3465 2963
f 2963 3465 3482
f 2963 3482 2962
f 2962 3482 3484
f 2962 3484 2961
f 2961 3484 4868
f 4868 3484 3486
f 4868 3486 4869
f 4869 3486 3488
f 4869 3488 4870
f 4870 3488 3476
f 4870 3476 4867
f 3702 3694 4482
f 4482 3694 4871
f 4871 3694 4872
f 4872 3694 3692
f 4872 3692 4873
f 4873 3692 3690
f 4873 3690 4874
f 4874 3690 3688
f 4874 3688 2986
f 2986 3688 2984
f 2984 3688 3686
f 2984 3686 2976
f 2976 3686 3620
f 2976 3620 2977
f 3605 3606 3610
f 3610 3606 3607
f 3610 3607 3608
f 3608 3609 3610
f 3039 3014 3610
f 3610 3014 3605
f 3508 3509 3507
f 3507 3509 3510
f 3507 3510 4867
f 4867 3510 3511
f 4867 3511 4870
f 4870 3511 4869
f 4869 3511 4868
f 4868 3511 2961
f 2961 3511 2960
f 4874 4481 4873
f 4873 4481 4872
f 4872 4481 4871
f 4871 4481 4482
f 2986 2991 4874
f 4874 2991 4481
f 3617 4006 3618
f 3618 4006 4817
f 4817 4006 4007
f 4817 4007 4009
f 4009 4010 4817
f 4817 4010 4012
f 4817 4012 4014
f 4014 4015 4817
f 4817 4015 4016
f 4817 4016 4017
f 4017 4013 4817
f 4121 4112 4111
f 3144 3185 4608
f 4608 3185 3034
f 4608 3034 3032
f 4619 4606 3032
f 3032 4606 4608
f 4109 4108 4875
f 4875 4108 4876
f 4875 4876 4877
f 4877 4876 4878
f 4877 4878 4879
f 4879 4878 3989
f 4879 3989 3988
f 4876 4108 4880
f 4880 4108 4107
f 4880 4107 4881
f 4881 4107 4106
f 4881 4106 3990
f 3990 3989 4881
f 4881 3989 4878
f 4881 4878 4876
f 3987 4882 3988
f 3988 4882 4883
f 3988 4883 4879
f 4879 4883 4884
f 4879 4884 4877
f 4877 4884 4885
f 4877 4885 4875
f 3986 4886 3987
f 3987 4886 4887
f 3987 4887 4882
f 4882 4887 4888
f 4882 4888 4889
f 4889 4888 4890
f 4889 4890 4885
f 3983 4891 3986
f 3986 4891 4892
f 3986 4892 4886
f 4886 4892 4893
f 4886 4893 4894
f 4894 4893 4895
f 4894 4895 4890
f 3981 4896 3983
f 3983 4896 4897
f 3983 4897 4891
f 4891 4897 4898
f 4891 4898 4899
f 4899 4898 4900
f 4899 4900 4895
f 4896 3981 4901
f 4901 3981 4000
f 4901 4000 4902
f 4902 4000 3999
f 4902 3999 4047
f 4047 4046 4902
f 4902 4046 4903
f 4902 4903 4901
f 4901 4903 4904
f 4901 4904 4896
f 4896 4904 4905
f 4896 4905 4897
f 4897 4905 4898
f 4046 4044 4903
f 4903 4044 4906
f 4903 4906 4904
f 4904 4906 4907
f 4904 4907 4905
f 4905 4907 4900
f 4905 4900 4898
f 4044 4043 4906
f 4881 4876 4880
f 4895 4893 4899
f 4899 4893 4892
f 4899 4892 4891
f 4889 4885 4884
f 4884 4883 4889
f 4889 4883 4882
f 4894 4890 4888
f 4888 4887 4894
f 4894 4887 4886
f 4908 4111 4909
f 4909 4111 4816
f 4909 4816 4815
f 4909 4815 4910
f 4910 4815 4814
f 4910 4814 4813
f 4910 4813 4911
f 4911 4813 4109
f 4911 4109 4875
f 4885 4912 4875
f 4875 4912 4913
f 4875 4913 4914
f 4914 4913 4915
f 4914 4915 4916
f 4916 4915 4917
f 4916 4917 4918
f 4918 4917 4908
f 4918 4908 4909
f 4890 4919 4885
f 4885 4919 4920
f 4885 4920 4912
f 4912 4920 4921
f 4912 4921 4922
f 4922 4921 4923
f 4922 4923 4924
f 4924 4923 4925
f 4924 4925 4908
f 4895 4926 4890
f 4890 4926 4927
f 4890 4927 4919
f 4919 4927 4928
f 4919 4928 4929
f 4929 4928 4930
f 4929 4930 4931
f 4931 4930 4932
f 4931 4932 4925
f 4900 4933 4895
f 4895 4933 4934
f 4895 4934 4926
f 4926 4934 4935
f 4926 4935 4936
f 4936 4935 4937
f 4936 4937 4938
f 4938 4937 4939
f 4938 4939 4932
f 4907 4940 4900
f 4900 4940 4941
f 4900 4941 4933
f 4933 4941 4942
f 4933 4942 4943
f 4943 4942 4944
f 4943 4944 4945
f 4945 4944 4946
f 4945 4946 4939
f 4940 4907 4947
f 4947 4907 4906
f 4947 4906 4948
f 4948 4906 4043
f 4948 4043 4052
f 4948 4052 4949
f 4949 4052 4054
f 4949 4054 4950
f 4950 4054 4056
f 4950 4056 4057
f 4057 4951 4950
f 4950 4951 4952
f 4950 4952 4953
f 4953 4952 4954
f 4953 4954 4940
f 4940 4954 4941
f 4951 4955 4952
f 4952 4955 4956
f 4952 4956 4954
f 4954 4956 4942
f 4954 4942 4941
f 4955 4946 4956
f 4956 4946 4944
f 4956 4944 4942
f 4911 4875 4914
f 4939 4937 4945
f 4945 4937 4935
f 4945 4935 4943
f 4943 4935 4934
f 4943 4934 4933
f 4918 4909 4910
f 4914 4916 4911
f 4911 4916 4910
f 4916 4918 4910
f 4915 4913 4922
f 4922 4913 4912
f 4917 4915 4924
f 4924 4915 4922
f 4931 4925 4923
f 4908 4917 4924
f 4921 4920 4929
f 4929 4920 4919
f 4923 4921 4931
f 4931 4921 4929
f 4938 4932 4930
f 4928 4927 4936
f 4936 4927 4926
f 4930 4928 4938
f 4938 4928 4936
f 4940 4947 4953
f 4953 4947 4949
f 4953 4949 4950
f 4948 4949 4947
f 4119 4908 4128
f 4128 4908 4925
f 4128 4925 4485
f 4485 4925 4932
f 4485 4932 4484
f 4484 4932 4483
f 4483 4932 4939
f 4483 4939 3723
f 3723 4939 4946
f 3723 4946 3722
f 3722 4946 4957
f 3722 4957 3720
f 3720 4957 3719
f 3719 4957 4958
f 3719 4958 4959
f 4959 4958 4960
f 4959 4960 4961
f 4961 4960 4962
f 4961 4962 4963
f 4963 4962 4844
f 4963 4844 4964
f 4964 4844 4965
f 4964 4965 4966
f 4966 4965 4967
f 4966 4967 4968
f 4968 4967 4969
f 4968 4969 4970
f 4970 4969 4971
f 4970 4971 3710
f 3710 4971 3711
f 3711 4971 4972
f 3711 4972 4973
f 4973 4972 4974
f 4973 4974 4975
f 4975 4974 4976
f 4975 4976 4977
f 4977 4976 4978
f 4977 4978 4979
f 4979 4978 4818
f 4979 4818 299
f 4121 4111 4119
f 4119 4111 4908
f 4957 4946 4958
f 4958 4946 4955
f 4958 4955 4980
f 4980 4955 4951
f 4980 4951 4981
f 4981 4951 4057
f 4981 4057 4845
f 4844 4962 4845
f 4845 4962 4982
f 4845 4982 4981
f 4981 4982 4980
f 4844 4843 4965
f 4965 4843 4983
f 4965 4983 4967
f 4967 4983 4984
f 4967 4984 4969
f 4969 4984 4985
f 4969 4985 4971
f 4971 4985 4972
f 4843 4842 4983
f 4983 4842 4986
f 4983 4986 4984
f 4984 4986 4987
f 4984 4987 4985
f 4985 4987 4974
f 4985 4974 4972
f 4842 4841 4986
f 4986 4841 4988
f 4986 4988 4987
f 4987 4988 4976
f 4987 4976 4974
f 4841 4840 4988
f 4988 4840 4978
f 4988 4978 4976
f 4840 4818 4978
f 299 303 4979
f 4979 303 4989
f 4979 4989 4977
f 4977 4989 4990
f 4977 4990 4975
f 4975 4990 4991
f 4975 4991 4973
f 4973 4991 4992
f 4973 4992 3711
f 3711 4992 3714
f 3714 4992 4993
f 3714 4993 4994
f 4994 4993 4995
f 4994 4995 4996
f 4996 4995 4997
f 4996 4997 4998
f 4998 4997 298
f 4998 298 4999
f 4999 298 5000
f 4999 5000 4131
f 4131 5000 4137
f 4137 5000 298
f 4137 298 293
f 303 302 4989
f 4989 302 5001
f 4989 5001 4990
f 4990 5001 5002
f 4990 5002 4991
f 4991 5002 4993
f 4991 4993 4992
f 298 4997 302
f 302 4997 5003
f 302 5003 5001
f 5001 5003 5002
f 4999 4131 5004
f 5004 4131 3715
f 5004 3715 4996
f 4996 3715 4994
f 3715 3714 4994
f 3710 3713 4970
f 4970 3713 4968
f 3712 5005 3713
f 3713 5005 5006
f 3713 5006 4968
f 4968 5006 4966
f 5005 3712 4959
f 4959 3712 3718
f 4959 3718 3719
f 4958 4980 4960
f 4960 4980 4982
f 4960 4982 4962
f 5005 4959 4961
f 5006 5005 5007
f 5007 5005 4961
f 5007 4961 4963
f 4964 4966 5007
f 5007 4966 5006
f 4964 5007 4963
f 4997 4995 5003
f 5003 4995 5002
f 4995 4993 5002
f 4996 4998 5004
f 5004 4998 4999
f 3049 3051 5008
f 5008 3051 3746
f 5008 3746 5009
f 5009 3746 3757
f 5009 3757 1346
f 1346 1334 5009
f 5009 1334 5010
f 5009 5010 5011
f 5011 5010 5012
f 5011 5012 5013
f 5013 5012 5014
f 5013 5014 5015
f 5015 5014 5016
f 5015 5016 591
f 591 5016 592
f 592 5016 593
f 593 5016 5014
f 593 5014 594
f 594 5014 5012
f 594 5012 596
f 596 5012 5010
f 596 5010 598
f 598 5010 1334
f 591 2757 5015
f 5015 2757 5017
f 5015 5017 5013
f 5013 5017 5018
f 5013 5018 5011
f 5011 5018 5019
f 5011 5019 5009
f 5009 5019 5008
f 2757 2959 5017
f 5017 2959 5018
f 2959 3048 5018
f 5018 3048 5019
f 3048 3047 5019
f 5019 3047 5008
f 3047 3049 5008
f 2732 2759 2756
f 2756 2759 2965
f 5020 5021 5022
f 5022 5021 5023
f 5022 5023 5024
f 5024 5025 5022
f 5022 5025 5026
f 5026 5027 5022
f 5022 5027 5028
f 5022 5028 5029
f 5029 5030 5022
f 5022 5030 5031
f 5022 5031 5032
f 5032 5031 5033
f 5032 5020 5022
f 5032 5033 5020
f 5020 5033 5031
f 5020 5031 5030
f 5020 5030 5021
f 5021 5030 5029
f 5021 5029 5023
f 5023 5029 5028
f 5023 5028 5024
f 5024 5028 5027
f 5024 5027 5025
f 5025 5027 5026
f 5026 5034 5035
f 5035 5034 5036
f 5036 5034 5037
f 5036 5037 5038
f 5038 5037 5039
f 5038 5039 5040
f 5041 5042 5040
f 5040 5042 5043
f 5040 5043 5044
f 5040 5044 5038
f 5038 5044 5045
f 5038 5045 5046
f 5038 5046 5036
f 5036 5046 5047
f 5036 5047 5035
f 5035 5047 5026
f 5026 5047 5034
f 5034 5047 5037
f 5037 5047 5046
f 5037 5046 5039
f 5039 5046 5045
f 5039 5045 5044
f 5044 5043 5039
f 5039 5043 5040
f 5040 5043 5042
f 5040 5042 5041
f 5048 5049 5050
f 5050 5049 5051
f 5052 5050 5051
f 5052 5051 5053
f 5053 5051 5049
f 5050 5052 5048
f 5048 5052 5053
f 5048 5053 5049
f 5054 5055 5056
f 5056 5055 5057
f 5056 5057 5058
f 5058 5059 5056
f 5056 5059 5060
f 5060 5061 5056
f 5056 5061 5062
f 5056 5062 5063
f 5063 5064 5056
f 5056 5064 5065
f 5056 5065 5066
f 5066 5067 5056
f 5056 5067 5054
f 5054 5067 5055
f 5055 5067 5057
f 5057 5067 5066
f 5057 5066 5058
f 5058 5066 5065
f 5058 5065 5059
f 5059 5065 5064
f 5059 5064 5063
f 5062 5061 5063
f 5063 5061 5060
f 5063 5060 5059
f 5068 5069 5070
f 5070 5069 5071
f 5070 5071 5072
f 5072 5071 5073
f 5072 5073 5074
f 5074 5073 5054
f 5054 5075 5074
f 5074 5075 5072
f 5072 5075 5070
f 5070 5075 5076
f 5070 5076 5077
f 5077 5078 5070
f 5070 5078 5068
f 5068 5078 5079
f 5068 5079 5080
f 5080 5081 5068
f 5081 5080 5068
f 5068 5080 5079
f 5068 5079 5078
f 5078 5077 5068
f 5068 5077 5069
f 5069 5077 5076
f 5069 5076 5071
f 5071 5076 5075
f 5071 5075 5073
f 5073 5075 5054

