# https://github.com/mikedh/trimesh

o rear__1.stl
v -42.44712830 6.97781181 36.92616272
v -42.43368530 7.00392437 36.93392563
v -42.45741272 7.01864719 36.92022705
v -42.20670700 7.30000019 37.06496811
v -42.80069351 8.29077053 36.72203064
v -41.11985779 7.30000019 37.69246292
v -43.20442963 9.52687359 36.48893356
v -43.67046738 10.72062016 36.21986771
v -44.20213699 11.86488342 35.91290665
v -41.11985779 28.00000000 37.69246292
v -44.80282593 12.95250893 35.56610107
v -45.47591019 13.97634315 35.17749405
v -46.22478485 14.92923164 34.74513245
v -47.05267715 15.80307674 34.26714706
v -47.96141815 16.58079910 33.74248505
v -48.95204163 17.24033165 33.17054749
v -50.02330780 17.75976562 32.55205536
v -51.15791321 18.11867142 31.89698792
v -52.33167267 18.29726219 31.21931839
v -61.73275375 28.00000000 25.79160118
v -53.51957703 18.27982712 30.53348160
v -54.69243240 18.07224655 29.85633278
v -61.73275375 20.00000000 25.79160118
v -55.81967545 17.68750000 29.20552063
v -56.89851379 17.30735016 28.58265114
v -58.00870132 17.07710838 27.94168282
v -61.64422607 19.22354317 25.84271240
v -59.13467789 17.00000000 27.29160118
v -61.38467789 18.50000000 25.99256325
v -60.97179794 17.87867928 26.23093987
v -60.43371582 17.40192413 26.54160118
v -59.80710983 17.10222244 26.90337181
v -43.41894531 16.44098854 34.63303375
v -43.39357376 16.22126198 34.64768219
v -43.34394836 16.44098854 34.50312805
v -43.31857300 16.22126198 34.51777649
v -43.45793152 16.20306969 34.61052322
v -43.38293076 16.20306969 34.48062134
v -43.51921463 16.17780304 34.57514191
v -43.44421387 16.17780304 34.44524002
v -43.57487869 16.13959312 34.54300308
v -43.49987793 16.13959312 34.41310120
v -43.62667847 16.09247780 34.51309967
v -43.55167770 16.09247780 34.38319397
v -43.65726852 16.04261971 34.49543762
v -43.58226776 16.04261971 34.36553192
v -43.68081665 15.98970604 34.48184204
v -43.60581589 15.98970604 34.35193634
v -43.69282913 15.93178844 34.47490692
v -43.61782837 15.93178844 34.34500122
v -43.69803619 15.87091923 34.47190094
v -43.62303543 15.87091923 34.34199524
v -43.69094849 15.79777050 34.47599030
v -43.61594772 15.79777050 34.34608841
v -43.67508316 15.72879505 34.48515320
v -43.60008240 15.72879505 34.35524750
v -43.64448929 15.66682243 34.50281525
v -43.56949234 15.66682243 34.37290955
v -43.60500717 15.60907841 34.52561188
v -43.53000641 15.60907841 34.39570618
v -43.55401611 15.56346893 34.55504990
v -43.47901535 15.56346893 34.42514801
v -43.49937439 15.52827168 34.58659744
v -43.42437363 15.52827168 34.45669174
v -43.43873596 15.51019764 34.62160492
v -43.36373901 15.51019764 34.49170303
v -43.37454605 15.50226688 34.65866852
v -43.29954529 15.50226688 34.52876282
v -43.31435013 15.50930977 34.69342041
v -43.23934937 15.50930977 34.56351852
v -43.25745392 15.52583599 34.72627258
v -43.18245316 15.52583599 34.59636688
v -43.20617676 15.55852318 34.75587463
v -43.13117599 15.55852318 34.62597275
v -43.15835571 15.60114384 34.78348541
v -43.08335495 15.60114384 34.65357971
v -43.12159729 15.65691662 34.80470657
v -43.04659653 15.65691662 34.67480087
v -43.09344482 15.71663094 34.82096100
v -43.01844406 15.71663094 34.69105530
v -43.07926178 15.78274632 34.82915115
v -43.00426102 15.78274632 34.69924545
v -43.07325363 15.85260868 34.83261871
v -42.99825668 15.85260868 34.70271301
v -43.07557678 15.89188194 34.83127594
v -43.00057602 15.89188194 34.70137405
v -43.07965469 15.93084908 34.82892227
v -43.00465393 15.93084908 34.69902039
v -43.08631516 15.96936703 34.82507706
v -43.01131439 15.96936703 34.69517136
v -43.09439850 16.00763893 34.82041168
v -43.01939774 16.00763893 34.69050598
v -42.92736816 15.98322392 34.91684723
v -42.85236740 15.98322392 34.78694153
v -42.92816544 15.97439480 34.91638565
v -42.85316467 15.97439480 34.78647995
v -42.92882538 15.96555424 34.91600418
v -42.85382843 15.96555424 34.78609848
v -42.92924118 15.95669556 34.91576385
v -42.85424042 15.95669556 34.78586197
v -42.92948151 15.94782352 34.91562653
v -42.85448074 15.94782352 34.78572083
v -42.92475510 15.88090134 34.91835403
v -42.84975815 15.88090134 34.78844833
v -42.91401291 15.81600666 34.92455673
v -42.83901215 15.81600666 34.79465103
v -42.89311600 15.75453281 34.93661880
v -42.81811523 15.75453281 34.80671692
v -42.86605072 15.69513798 34.95224762
v -42.79105377 15.69513798 34.82234192
v -42.82646561 15.64600945 34.97510147
v -42.75146484 15.64600945 34.84519577
v -42.78165054 15.60870266 35.00097275
v -42.70665359 15.60870266 34.87107086
v -42.72848129 15.59029865 35.03167343
v -42.65348434 15.59029865 34.90176773
v -42.67047882 15.58283329 35.06516266
v -42.59547806 15.58283329 34.93525696
v -42.62196732 15.58881950 35.09317017
v -42.54696655 15.58881950 34.96326447
v -42.57624054 15.60259914 35.11956787
v -42.50123978 15.60259914 34.98966599
v -42.53523254 15.62958145 35.14324570
v -42.46023178 15.62958145 35.01334000
v -42.49710464 15.66462040 35.16526031
v -42.42210388 15.66462040 35.03535461
v -42.46714020 15.71174812 35.18255997
v -42.39213943 15.71174812 35.05265427
v -42.44433594 15.76205063 35.19572449
v -42.36933517 15.76205063 35.06581879
v -42.43302536 15.81744766 35.20225525
v -42.35802460 15.81744766 35.07234955
v -42.42838669 15.87580204 35.20493317
v -42.35338593 15.87580204 35.07502747
v -42.43333054 15.93473053 35.20207596
v -42.35833359 15.93473053 35.07217407
v -42.44497681 15.99069881 35.19535446
v -42.36997604 15.99069881 35.06544876
v -42.46805191 16.04161644 35.18203354
v -42.39305115 16.04161644 35.05212784
v -42.49816132 16.08942604 35.16464996
v -42.42316055 16.08942604 35.03474426
v -42.54465866 16.13113976 35.13780212
v -42.46965790 16.13113976 35.00790024
v -42.59455872 16.16453934 35.10899353
v -42.51955795 16.16453934 34.97908783
v -42.64958954 16.18540382 35.07722092
v -42.57458878 16.18540382 34.94731522
v -42.70747757 16.19928932 35.04380035
v -42.63247681 16.19928932 34.91389465
v -42.67364883 16.41901588 35.06333160
v -42.59864807 16.41901588 34.93342590
v -42.58982849 16.39372444 35.11172485
v -42.51482773 16.39372444 34.98181915
v -42.51111221 16.35763741 35.15716934
v -42.43611526 16.35763741 35.02726746
v -42.44129944 16.30272865 35.19747925
v -42.36629868 16.30272865 35.06757355
v -42.37711716 16.23591042 35.23453522
v -42.30211639 16.23591042 35.10462952
v -42.33130264 16.15496826 35.26098251
v -42.25630188 16.15496826 35.13108063
v -42.29640961 16.06962395 35.28112793
v -42.22140884 16.06962395 35.15122604
v -42.27906799 15.97721004 35.29114151
v -42.20406723 15.97721004 35.16123581
v -42.27192688 15.88068485 35.29526520
v -42.19692993 15.88068485 35.16535950
v -42.27593994 15.81063843 35.29294586
v -42.20094299 15.81063843 35.16304398
v -42.28513336 15.74199581 35.28763962
v -42.21013260 15.74199581 35.15773392
v -42.30308533 15.67572880 35.27727509
v -42.22808456 15.67572880 35.14736938
v -42.32637024 15.61090946 35.26383209
v -42.25137329 15.61090946 35.13392639
v -42.35554886 15.55535126 35.24698257
v -42.28055191 15.55535126 35.11708069
v -42.38899612 15.50430393 35.22767258
v -42.31399536 15.50430393 35.09777069
v -42.42971420 15.46094513 35.20416641
v -42.35471344 15.46094513 35.07426071
v -42.47490311 15.42231083 35.17807770
v -42.39990234 15.42231083 35.04817200
v -42.52217865 15.39501190 35.15078354
v -42.44717789 15.39501190 35.02087784
v -42.57090378 15.37365532 35.12265015
v -42.49590302 15.37365532 34.99274826
v -42.62206650 15.36229801 35.09311295
v -42.54706573 15.36229801 34.96320724
v -42.67470551 15.35700321 35.06272125
v -42.59970474 15.35700321 34.93281555
v -42.72319031 15.36177254 35.03472519
v -42.64819336 15.36177254 34.90482330
v -42.77017593 15.37240791 35.00759888
v -42.69517517 15.37240791 34.87769699
v -42.81464386 15.39287090 34.98192596
v -42.73964310 15.39287090 34.85202408
v -42.85759354 15.41925907 34.95713043
v -42.78259277 15.41925907 34.82722473
v -42.89827347 15.45774746 34.93364334
v -42.82327271 15.45774746 34.80373764
v -42.93449402 15.50051594 34.91273117
v -42.85949326 15.50051594 34.78282547
v -42.96363068 15.55009079 34.89590836
v -42.88862991 15.55009079 34.76600647
v -42.98868179 15.60358524 34.88144684
v -42.91368103 15.60358524 34.75154114
v -43.00853348 15.53253174 34.86998367
v -42.93353271 15.53253174 34.74007797
v -43.03534698 15.46649647 34.85450363
v -42.96034622 15.46649647 34.72459793
v -43.07411575 15.40907669 34.83211899
v -42.99911499 15.40907669 34.70221710
v -43.12030029 15.35700321 34.80545807
v -43.04529953 15.35700321 34.67555237
v -43.17824173 15.31821728 34.77200317
v -43.10324097 15.31821728 34.64209747
v -43.23876572 15.28894043 34.73706055
v -43.16376495 15.28894043 34.60715485
v -43.30336761 15.27470779 34.69976044
v -43.22837067 15.27470779 34.56985855
v -43.37031555 15.26911259 34.66110992
v -43.29531860 15.26911259 34.53120422
v -43.46723175 15.28257179 34.60515594
v -43.39223099 15.28257179 34.47525024
v -43.55819702 15.31201935 34.55263519
v -43.48319626 15.31201935 34.42273331
v -43.63927078 15.36805534 34.50582886
v -43.56427002 15.36805534 34.37592316
v -43.71442413 15.44001102 34.46244049
v -43.63942337 15.44001102 34.33253479
v -43.77554321 15.53660107 34.42715073
v -43.70054245 15.53660107 34.29724884
v -43.82226944 15.63956356 34.40017319
v -43.74727249 15.63956356 34.27026749
v -43.84571457 15.75284004 34.38663864
v -43.77071381 15.75284004 34.25673294
v -43.85555267 15.87213993 34.38095856
v -43.78055191 15.87213993 34.25105286
v -43.84723282 15.97927189 34.38576126
v -43.77223206 15.97927189 34.25585938
v -43.82714081 16.08143425 34.39736176
v -43.75214005 16.08143425 34.26745605
v -43.78683853 16.17505455 34.42063141
v -43.71183777 16.17505455 34.29072571
v -43.73398209 16.26337624 34.45114899
v -43.65898132 16.26337624 34.32124329
v -43.66557693 16.33204460 34.49063873
v -43.59057999 16.33204460 34.36073685
v -43.59144592 16.38729095 34.53343964
v -43.51644897 16.38729095 34.40353394
v -43.50795364 16.42060089 34.58164215
v -43.43295288 16.42060089 34.45174026
v -43.19165802 17.70075417 34.76425934
v -43.19165802 17.09406471 34.76425934
v -43.11665726 17.70075417 34.63435364
v -43.11665726 17.09406471 34.63435364
v -42.76245117 17.28083229 35.01206207
v -42.68745041 17.28083229 34.88215637
v -42.68283463 17.31504440 35.05802536
v -42.60783386 17.31504440 34.92812347
v -42.60284805 17.34800529 35.10420609
v -42.52784729 17.34800529 34.97430420
v -42.52219391 17.37867928 35.15077209
v -42.44719315 17.37867928 35.02087021
v -42.44107437 17.40778542 35.19760895
v -42.36607361 17.40778542 35.06770325
v -42.51619339 17.42730522 35.15423584
v -42.44119644 17.42730522 35.02433395
v -42.59070206 17.44934082 35.11121750
v -42.51570129 17.44934082 34.98131561
v -42.66419220 17.47554016 35.06879044
v -42.58919144 17.47554016 34.93888474
v -42.73707962 17.50422096 35.02671051
v -42.66207886 17.50422096 34.89680481
v -43.82806778 18.21711159 34.39682770
v -42.27827072 17.52985573 35.29160309
v -43.75306702 18.21711159 34.26692200
v -42.20326996 17.52985573 35.16169739
v -42.27827072 17.27472878 35.29160309
v -42.20326996 17.27472878 35.16169739
v -43.82806778 16.54230690 34.39682770
v -43.75306702 16.54230690 34.26692200
v -43.82806778 16.81208229 34.39682770
v -43.75306702 16.81208229 34.26692200
v -43.35868835 17.02082253 34.66782379
v -43.28368759 17.02082253 34.53791809
v -43.35868835 17.76911354 34.66782379
v -43.28368759 17.76911354 34.53791809
v -43.82806778 17.96564674 34.39682770
v -43.75306702 17.96564674 34.26692200
v -60.72294617 28.00000000 24.64256287
v -55.06967545 17.68750000 27.90648079
v -60.72294617 18.69232941 24.64256287
v -56.14851379 17.30735016 27.28361320
v -57.25870132 17.07710838 26.64264488
v -40.28474808 28.00000000 36.44256210
v -51.29084015 18.26936340 30.08819199
v -52.57743835 18.29688263 29.34537506
v -53.84964371 18.09741020 28.61086655
v -40.28474808 8.30000019 36.44256210
v -48.82397842 17.56462288 31.51243401
v -47.70321655 16.92815208 32.15950775
v -46.67552567 16.14396858 32.75284576
v -40.51483917 8.30000019 36.30971909
v -42.42227554 9.43854809 35.20846176
v -42.92711639 10.72943592 34.91699219
v -43.50791550 11.96592140 34.58166504
v -44.16796112 13.13875961 34.20058823
v -44.91240311 14.23489952 33.77078629
v -45.74650574 15.24106121 33.28921509
v -40.51483917 5.30000019 36.30971909
v -41.63351822 6.71783638 35.66384888
v -41.99164200 8.09935093 35.45708466
v -41.34620285 5.30000019 35.82973099
v -50.02783585 18.01979256 30.81738663
v -58.38467789 17.00000000 25.99256325
v -60.31901932 17.99722481 24.87577057
v -59.76448822 17.45805168 25.19593048
v -59.10252762 17.11678505 25.57811165
v -42.34084702 -6.92384768 36.96488571
v -42.37722778 -6.94167376 36.95666885
v -42.32075500 -7.01686382 36.98479462
v -42.31816483 -7.13278627 36.99875259
v -42.29281235 -7.10993290 37.00793076
v -42.25538635 -7.20397854 37.03469086
v -42.20866013 -7.29765654 37.06383896
v -42.20670700 -7.30000019 37.06496811
v -42.41207123 -6.95996380 36.94393158
v -42.43368530 -7.00392437 36.93392563
v -42.44712830 -6.97781181 36.92616272
v -42.31613922 -6.38055182 36.91674805
v -42.44492340 -6.71937275 36.91495895
v -42.40387344 -6.37569141 36.91048050
v -42.48657608 -6.37260485 36.88582230
v -42.56206512 -6.36981297 36.84397125
v -42.54085541 -6.68058872 36.86603546
v -42.25733948 0.00000002 36.87988663
v -42.39529419 0.00000001 36.78798294
v -42.27586746 -0.94277805 36.87498856
v -42.40621567 -1.15441787 36.78159332
v -42.43732452 -2.45493698 36.79028320
v -42.32725525 -3.03214312 36.88037872
v -42.48215485 -3.75628948 36.80325699
v -42.36917877 -4.06955004 36.88504410
v -42.53031540 -5.06034994 36.82135773
v -42.24460602 -4.78472471 36.91424942
v -42.16630554 -3.19075394 36.91151428
v -42.11253357 -1.59579670 36.90963745
v -42.09445190 0.00000000 36.90900421
v -42.25278091 -6.79262304 36.96452713
v -42.04578781 -6.60297680 36.97005463
v -41.77801132 -6.43021536 36.97746658
v -41.92456436 -6.72261810 37.04623413
v -41.66664886 -6.57981777 37.07445145
v -41.86810684 -6.77791166 37.09585571
v -41.61576462 -6.64741468 37.13690186
v -41.46233749 -6.66497660 37.23202896
v -41.31032181 -6.53220034 37.18701553
v -40.92380524 -6.50598526 37.35289383
v -41.01672745 -6.29903221 37.09779358
v -42.28167343 -7.08563137 37.00803757
v -42.21712112 -7.10667753 37.03974915
v -42.12390137 -6.87957048 37.02476501
v -42.06299210 -6.92040825 37.06441116
v -42.18521881 -7.18557787 37.06979370
v -42.12103271 -7.07265902 37.08419800
v -41.86850357 -6.85722399 37.14087296
v -41.13424301 -6.02366400 36.93378067
v -41.45420837 -6.27897549 36.98675919
v -41.35471725 -6.45504379 37.10914230
v -41.26265717 -5.71197081 36.87995911
v -41.85949707 -6.01463938 36.90079880
v -38.22296524 -6.92565060 37.01621246
v -38.73928452 -7.14050388 37.37497711
v -38.20170975 -6.99634790 37.00837326
v -39.02487946 -7.29547358 37.53975677
v -39.03337860 -7.30000019 37.54421616
v -38.25196457 -6.85738850 37.01292419
v -38.28770828 -6.79391289 36.99860764
v -37.79529190 -6.19468784 36.65818787
v -37.87269974 -6.19468784 36.71571732
v -37.81534576 -6.44841576 36.67753601
v -37.92073059 -6.46735859 36.75136948
v -37.88429642 -6.68549538 36.74108124
v -37.94973755 -6.59646511 36.78053284
v -38.01415634 -6.88031673 36.85540390
v -38.10859680 -6.83764458 36.91852951
v -38.20605087 -6.77224398 36.94545746
v -37.96162415 -6.19468784 36.75304794
v -38.03866196 -6.39769030 36.77972412
v -38.06106949 -6.58440018 36.82099915
v -38.05690002 -6.19468784 36.76800919
v -38.14025879 -6.72893524 36.89648056
v -39.38499069 -7.30000019 37.72829437
v -39.41005707 -6.97571707 37.68041992
v -39.48254013 -6.68648291 37.54196930
v -38.86183548 -6.61057043 37.14326859
v -39.59461212 -6.46355724 37.32790375
v -40.80736542 -6.47407675 37.36436462
v -40.88375473 -6.26117611 37.10082626
v -40.95830917 -6.26487255 37.08720016
v -41.00418472 -6.14572382 37.00277710
v -41.12461472 -5.82270193 36.88702011
v -41.20405579 -5.68912411 36.87791061
v -41.14487076 -5.66784668 36.87584686
v -41.08514023 -5.64815378 36.87376022
v -40.98022461 -5.97433615 36.93043900
v -38.64175415 -6.44415188 36.92781067
v -39.06429291 -6.32781172 36.98257828
v -38.59501266 -6.34632921 36.87020874
v -39.02443314 -6.21560860 36.90946960
v -38.47413635 -6.09818506 36.79018784
v -38.91769028 -5.92384911 36.80796051
v -38.64946747 -5.88189459 36.78870392
v -39.37531662 -5.62711430 36.81405258
v -39.46697998 -5.95821333 36.87837219
v -39.54318237 -6.24886370 37.05692673
v -39.88936234 -6.42112780 37.36690903
v -40.02615738 -6.17453384 37.07814407
v -40.20298767 -6.40945625 37.38841629
v -40.21615601 -6.17150831 37.08615494
v -40.51547241 -6.42607975 37.38504028
v -40.71247482 -6.21035814 37.09074783
v -40.74306107 -6.08472681 37.00122070
v -40.82260132 -5.74056721 36.87712479
v -40.66363525 -5.55215979 36.85903931
v -40.23176956 -5.51891232 36.84395981
v -40.22954178 -5.68014383 36.85712433
v -40.00408173 -5.68503141 36.84917831
v -40.22091675 -6.04094219 36.99084473
v -40.02147293 -6.04436922 36.98303223
v -39.79927444 -5.54225540 36.82885742
v -39.95403290 -6.63138008 37.65415955
v -40.42936707 -6.63138008 37.66293716
v -40.90798950 -6.69649315 37.57515335
v -40.45516968 -6.94195271 37.85127640
v -39.92129517 -6.94195271 37.84141922
v -39.90987778 -7.30000019 37.90672684
v -40.97287750 -6.98169041 37.71109009
v -40.46416855 -7.30000019 37.91696167
v -40.99528503 -7.30000019 37.75802994
v -41.02922440 -6.72583008 37.53548431
v -41.09666061 -6.99894857 37.65228653
v -41.03737259 -7.30000019 37.73725891
v -41.07890701 -7.30000019 37.71539688
v -41.11985779 -7.30000019 37.69246292
v -42.88106918 -6.87956953 36.62137604
v -42.92125702 -5.23338699 36.44656754
v -42.61240005 -3.50771379 36.65058899
v -42.48113632 -2.33388996 36.73484802
v -43.25352478 -6.74200439 36.24641800
v -43.37268829 -6.90729570 36.13272858
v -43.74877930 -8.49336338 35.96048355
v -43.97228241 -8.49886417 35.68950272
v -44.25323486 -9.88599491 35.66923523
v -44.32827377 -9.25264359 35.41248703
v -44.54530334 -9.66741657 35.23926544
v -44.72002792 -9.96988869 35.09343719
v -45.11914444 -10.94848251 34.90795898
v -45.14577866 -10.64606667 34.72943497
v -45.60075760 -11.27673149 34.32013702
v -46.07900620 -11.85553551 33.86547089
v -45.97590637 -11.85592175 34.05477905
v -45.77798843 -12.14342022 34.52757263
v -45.52536774 -12.44116306 34.93476868
v -44.84423065 -11.20595646 35.32802582
v -45.22019577 -12.74588108 35.27088165
v -44.51625061 -11.46945858 35.67730331
v -44.20213699 -11.86488342 35.91290665
v -43.67046738 -10.72062016 36.21986771
v -46.69456863 -12.91304684 33.63985825
v -46.57456970 -12.37612724 33.36537552
v -46.80930328 -12.60103321 33.12215424
v -47.08066940 -12.83269119 32.82029343
v -47.41771317 -13.33684635 32.77088928
v -47.58943939 -13.22117138 32.23217392
v -48.07447433 -13.99492645 32.39170837
v -48.07843399 -13.64389706 31.84926796
v -48.77844238 -14.56511021 31.98527145
v -48.74834061 -14.18630123 31.46249580
v -49.52822495 -15.03634739 31.55238342
v -49.45859909 -14.63265228 31.05242920
v -50.11899948 -15.31830502 31.21129990
v -50.01604462 -14.89879036 30.73058891
v -50.72943878 -15.53438187 30.85886383
v -50.59053802 -15.10219479 30.39890289
v -51.35421371 -15.68057156 30.49814796
v -51.17745590 -15.23948288 30.06004715
v -51.98801041 -15.75286484 30.13222694
v -51.77216339 -15.30727291 29.71669197
v -52.62528992 -15.74836063 29.76429367
v -52.36985397 -15.30311680 29.37161636
v -53.25968552 -15.66857910 29.39802361
v -52.96503830 -15.22829533 29.02798653
v -53.88462448 -15.51614285 29.03721619
v -53.55204391 -15.08502293 28.68907738
v -54.08471298 -14.83247280 28.31996346
v -53.19059753 -14.68750572 28.27315903
v -53.46817017 -14.26469231 27.67358398
v -52.80373383 -14.32863903 27.79275894
v -52.80887604 -13.78845501 26.88519478
v -52.37401199 -13.99622059 27.22413445
v -51.92732239 -13.71409512 26.59955215
v -51.46092987 -13.82818699 26.86882401
v -51.46960068 -13.48585033 25.92742729
v -50.93011856 -13.68445206 26.49054146
v -51.43323517 -13.15877247 24.96996880
v -48.09298325 -13.53758717 31.60370255
v -48.58319092 -13.77875423 30.93855095
v -48.66580963 -13.83701229 30.88554764
v -49.33961868 -14.26041412 30.49652290
v -49.86632538 -14.51196480 30.19242859
v -50.40767670 -14.70368195 29.87987900
v -50.95968246 -14.83276176 29.56117821
v -51.51834869 -14.89640141 29.23863411
v -52.07953644 -14.89256763 28.91463089
v -52.63856506 -14.82232380 28.59187508
v -49.05324554 -13.94334698 30.24086952
v -49.49756622 -14.03200150 29.51657867
v -49.67061234 -14.16273403 29.60166740
v -49.91035843 -14.04666042 28.77293396
v -50.18203735 -14.34389877 29.30639648
v -50.28802872 -13.99086094 28.01699638
v -50.39293289 -14.12542439 28.36791039
v -50.70251846 -14.46556759 29.00589561
v -50.88891602 -14.18184662 28.08155632
v -50.62817001 -13.86824989 27.25464439
v -50.99042511 -13.88719845 27.14047050
v -52.12446213 -13.41649914 25.97588348
v -54.64201355 -15.47661209 28.80704689
v -54.18523788 -15.97539234 29.31511879
v -53.51989746 -16.13758850 29.69925499
v -52.84372711 -16.22265625 30.08964157
v -52.16427612 -16.22752953 30.48192215
v -51.48884201 -16.15043831 30.87188530
v -50.82373428 -15.99476719 31.25588417
v -50.17501068 -15.76519108 31.63042450
v -49.54873276 -15.46638298 31.99200821
v -48.75684738 -14.96863461 32.44920349
v -48.01659393 -14.36885929 32.87658691
v -47.32893753 -13.67979717 33.27360535
v -55.12516785 -16.17988205 29.12180710
v -54.45079041 -16.45729828 29.52032852
v -53.74304962 -16.62973976 29.92894173
v -53.02304840 -16.72035408 30.34463692
v -52.29934692 -16.72561836 30.76246643
v -51.58021927 -16.64349556 31.17765427
v -50.87278748 -16.47787476 31.58608818
v -50.18388748 -16.23413086 31.98382568
v -49.52035141 -15.91763878 32.36692047
v -48.68428040 -15.39206982 32.84962463
v -47.90595245 -14.76124096 33.29899216
v -47.18587875 -14.03966713 33.71472931
v -46.52426910 -13.24045181 34.09671021
v -54.67818451 -16.95638466 29.65038872
v -55.52125168 -16.92347336 29.25582695
v -54.86432266 -17.46717834 29.70284271
v -55.81967545 -17.68750000 29.20552063
v -54.69243240 -18.07224655 29.85633278
v -54.06772995 -17.66112137 30.16275597
v -53.51957703 -18.27982712 30.53348160
v -53.25588608 -17.76338768 30.63147354
v -52.33167267 -18.29726219 31.21931839
v -52.43946075 -17.76948547 31.10283661
v -51.62876511 -17.67681885 31.57089233
v -51.62723160 -17.15415192 31.41185570
v -50.87596512 -16.97822380 31.84560013
v -51.15791321 -18.11867142 31.89698792
v -50.83262253 -17.49034119 32.03054428
v -50.14544678 -16.71980476 32.26736450
v -50.02330780 -17.75976562 32.55205536
v -50.05950165 -17.21689987 32.47690582
v -49.44331360 -16.38499641 32.67274094
v -49.31785583 -16.86333656 32.90509415
v -48.95204163 -17.24033165 33.17054749
v -48.38917542 -16.27945328 33.44127274
v -47.96141815 -16.58079910 33.74248505
v -47.53104782 -15.58353519 33.93671036
v -47.05267715 -15.80307674 34.26714706
v -46.74303055 -14.79381752 34.39167023
v -46.22478485 -14.92923164 34.74513245
v -46.02434158 -13.92655373 34.80660629
v -45.47591019 -13.97634315 35.17749405
v -44.80282593 -12.95250893 35.56610107
v -43.90770721 -10.10968685 36.02864838
v -43.20442963 -9.52687359 36.48893356
v -43.38975906 -8.67896748 36.32768250
v -42.80069351 -8.29077053 36.72203064
v -42.45741272 -7.01864719 36.92022705
v -46.30024719 -13.57952690 34.48739243
v -46.99006653 -14.41236973 34.08912659
v -47.74371719 -15.16761780 33.65400314
v -48.56147766 -15.83061123 33.18186951
v -51.22864151 -14.52546024 28.70213890
v -51.75688171 -14.52192307 28.39715767
v -51.38663483 -14.17858601 27.79419708
v -52.28327179 -14.45581818 28.09324646
v -51.88279724 -14.11631966 27.50773811
v -52.39161301 -17.24148750 30.97054100
v -53.16114044 -17.23581314 30.52625465
v -53.92653275 -17.13944626 30.08435440
v -36.58934402 -28.00000000 34.80557251
v -36.83477402 -28.00000000 35.44493866
v -37.02590179 -28.00000000 34.39807510
v -37.43196487 -28.00000000 36.27819824
v -38.22853088 -28.00000000 36.48109436
v -38.17341995 -28.00000000 36.98615646
v -38.65851974 -28.00000000 36.53823471
v -39.03337860 -28.00000000 37.54421616
v -39.09133530 -28.00000000 36.50946426
v -39.50997925 -28.00000000 36.39591599
v -39.38499069 -28.00000000 37.72829437
v -39.98474884 -28.00000000 36.44256210
v -40.13474655 -28.00000000 36.48275375
v -39.95621490 -28.00000000 37.91420364
v -40.55680084 -28.00000000 37.90179825
v -40.28474808 -28.00000000 36.44256210
v -41.11985779 -28.00000000 37.69246292
v -60.72294617 -28.00000000 24.64256287
v -61.73275375 -28.00000000 25.79160118
v -60.83275604 -28.00000000 24.53275490
v -62.13816071 -28.00000000 25.51361275
v -62.50162125 -28.00000000 25.17241478
v -62.81963730 -28.00000000 24.77129173
v -61.37759399 -28.00000000 23.64248848
v -61.06993484 -28.00000000 23.94826889
v -60.87294769 -28.00000000 24.38275528
v -60.95494843 -28.00000000 24.00621796
v -60.83275604 -28.00000000 24.23275566
v -60.82625961 -28.00000000 24.01062393
v -60.70758057 -28.00000000 23.96067810
v -63.08914566 -28.00000000 24.31410599
v -61.61891556 -28.00000000 23.28204536
v -63.30755234 -28.00000000 23.80526161
v -61.78442383 -28.00000000 22.88109207
v -63.47274780 -28.00000000 23.24965668
v -63.58314896 -28.00000000 22.65264511
v -63.63768768 -28.00000000 22.01997566
v -61.74373627 -28.00000000 20.12722778
v -60.58179474 -28.00000000 20.79807663
v -63.57762527 -28.00000000 20.67231560
v -61.81893921 -28.00000000 20.06554794
v -61.87041473 -28.00000000 19.98319817
v -61.89271545 -28.00000000 19.88863182
v -63.29486847 -28.00000000 19.25846863
v -61.88406372 -28.00000000 19.79185677
v -61.50294876 -28.00000000 18.63833809
v -62.80028534 -28.00000000 17.83276749
v -60.97024155 -28.00000000 17.49643326
v -62.11288071 -28.00000000 16.45000076
v -60.30892563 -28.00000000 16.41312027
v -61.25907135 -28.00000000 15.16330719
v -59.54198074 -28.00000000 15.43537903
v -60.27167130 -28.00000000 14.02213383
v -59.32412720 -28.00000000 15.19999695
v -59.10185623 -28.00000000 14.97626209
v -59.02246094 -28.00000000 14.92118645
v -59.18862152 -28.00000000 13.07033634
v -58.92979431 -28.00000000 14.89379025
v -58.83328247 -28.00000000 14.89743710
v -58.74279785 -28.00000000 14.93161678
v -58.05154419 -28.00000000 12.34449100
v -56.37916183 -28.00000000 13.51890755
v -57.47636795 -28.00000000 12.07538795
v -56.90414047 -28.00000000 11.87249088
v -56.34037399 -28.00000000 11.73775482
v -55.94917297 -28.00000000 13.46176624
v -55.79049683 -28.00000000 11.67247677
v -55.51636124 -28.00000000 13.49053478
v -55.25981140 -28.00000000 11.67728424
v -54.75341797 -28.00000000 11.75213337
v -54.27620316 -28.00000000 11.89630032
v -54.47294617 -28.00000000 13.51724529
v -54.62294769 -28.00000000 13.55743694
v -55.09771729 -28.00000000 13.60408497
v -54.99003983 -28.00000000 13.67469215
v -54.73275375 -28.00000000 13.66724491
v -54.92187881 -28.00000000 13.78393459
v -54.90579224 -28.00000000 13.91168785
v -54.94474411 -28.00000000 14.03441811
v -53.83275604 -28.00000000 12.10839939
v -54.32294846 -28.00000000 13.55743694
v -53.39974213 -28.00000000 12.35839939
v -52.90569687 -28.00000000 12.78389168
v -52.60169601 -28.00000000 13.36070156
v -52.52994156 -28.00000000 14.00875759
v -52.78276825 -28.00000000 14.44666100
v -57.58179474 -28.00000000 15.60192394
v -60.62076569 -28.00000000 23.86558151
v -39.61765671 -28.00000000 36.32530594
v -39.87493896 -28.00000000 36.33275604
v -39.68581772 -28.00000000 36.21606445
v -39.70190430 -28.00000000 36.08831024
v -39.66295242 -28.00000000 35.96558380
v -37.71872330 -28.00000000 33.99807739
v -36.73075485 -28.00000000 33.46013641
v -36.55350113 -28.00000000 34.12165451
v -37.10375595 -28.00000000 32.88576889
v -38.06872177 -28.00000000 33.90429306
v -37.63598633 -28.00000000 32.45477295
v -38.41872406 -28.00000000 33.99807739
v -38.67494202 -28.00000000 34.25429535
v -57.45918274 -13.40215302 15.34114838
v -57.58923340 -13.57765293 15.14834404
v -58.89693069 -13.93835354 16.43754768
v -58.52966690 -13.92110538 15.90372753
v -58.98829651 -14.08068752 16.30820274
v -59.03110123 -14.25067902 16.14011574
v -59.45138931 -14.26134777 16.70660019
v -60.34592819 -14.67325592 17.45208549
v -60.34539413 -14.67187023 17.45361710
v -60.35167694 -14.67562962 17.45779991
v -60.35742569 -14.67800808 17.46351433
v -57.68896866 -13.79101944 14.97698307
v -57.75517654 -14.03518963 14.83262825
v -60.35117722 -14.67433262 17.45924568
v -60.34492874 -14.67066383 17.45497513
v -57.41850281 -13.96962357 14.49693489
v -57.38568878 -13.63930130 14.76159477
v -57.13000488 -13.54600239 14.49862194
v -57.01499176 -13.25734806 14.79020977
v -56.85275269 -13.39099598 14.22882938
v -56.59578323 -12.95727921 14.30809975
v -56.60670471 -13.10313606 14.09318542
v -56.58350754 -13.26841164 13.89386749
v -56.79607391 -13.67223644 13.94386673
v -57.09604645 -13.84725571 14.20253277
v -56.52827072 -13.44826984 13.71423721
v -55.81577301 -11.78970432 13.04452515
v -55.80812454 -11.79259396 13.03046131
v -55.94136810 -11.95893955 13.30395317
v -55.85178375 -11.92046738 13.10806847
v -55.99321747 -12.32413960 13.32202435
v -55.80640411 -12.10215855 13.01905346
v -55.85819626 -12.37992382 13.07908344
v -55.80032730 -11.79548359 13.01647758
v -55.79238892 -11.79837418 13.00257492
v -56.05288696 -12.87088871 13.27622604
v -56.17685699 -12.68146896 13.54553509
v -56.18397141 -12.42963696 13.76217747
v -56.39617157 -12.97776985 13.78357887
v -56.37380981 -12.71190929 14.03208351
v -56.35145569 -13.27612495 13.55220127
v -56.02206421 -12.12089825 13.47440910
v -55.79188538 -11.78943443 13.00171280
v -55.79700089 -11.78736877 13.01063919
v -55.79101562 -11.78054810 13.00020409
v -55.79489136 -11.77962971 13.00695610
v -55.79459000 -11.77917290 13.00643349
v -55.79836273 -11.77771187 13.01307201
v -55.79335022 -11.77466297 13.00428295
v -55.80205536 -11.78530216 13.01959991
v -55.80276489 -11.78049564 13.02090263
v -55.80704880 -11.78323650 13.02859497
v -55.79118347 -11.77334976 13.00050354
v -55.79052734 -11.77293682 12.99936104
v -55.79034805 -11.77281475 12.99905109
v -55.79030228 -11.77277851 12.99897099
v -55.79028702 -11.77275848 12.99894333
v -55.79029083 -11.77276611 12.99895096
v -55.80320740 -11.79219246 13.02161694
v -55.80279160 -11.79147053 13.02087784
v -55.80051041 -11.78777790 13.01684284
v -57.05075073 -14.22344112 13.94656277
v -56.70847702 -14.14495468 13.62313652
v -56.13815308 -13.17260551 13.31825638
v -56.05628586 -13.49538898 13.15479946
v -55.46083069 -13.28814507 12.58720779
v -55.79028702 -11.79134083 12.99894333
v -55.01447296 -14.67912483 12.28797436
v -55.60628891 -14.74147606 12.59562302
v -55.85352325 -14.13069916 12.85324860
v -55.96102524 -13.81542587 12.99921894
v -56.33081436 -14.95639229 13.01320171
v -56.47140121 -14.68924904 13.20335579
v -56.85693359 -15.71529198 13.06494141
v -57.04575348 -15.48777485 13.28906536
v -57.81452179 -16.13159561 13.39813805
v -57.22078705 -15.25596619 13.53187180
v -58.36494827 -15.61182213 14.14419174
v -57.37972641 -15.02177620 13.79092216
v -57.66759109 -14.94932461 14.09045219
v -54.48503494 -15.95510197 12.13662434
v -55.01417160 -15.87950993 12.23657417
v -55.32344437 -15.32455063 12.38850880
v -56.01410675 -15.47286987 12.68134212
v -53.92938995 -17.14298058 12.15835857
v -54.41406631 -16.82557678 12.10987854
v -54.68920135 -16.40658760 12.14261532
v -55.28391647 -16.42425919 12.22900772
v -55.66083908 -15.96287060 12.41866875
v -56.44673157 -16.15180779 12.67972565
v -53.39974213 -18.34168816 12.35839939
v -53.41099930 -18.32402802 12.35195160
v -53.61147690 -18.01499748 12.25310040
v -54.14009094 -17.23032761 12.11791992
v -53.64767075 -18.10823631 12.23471928
v -54.25650024 -17.51173401 12.07982635
v -53.68173218 -18.19737816 12.21593189
v -54.36535645 -17.77988434 12.03090096
v -53.97529602 -18.21706963 12.09273434
v -54.55060959 -18.01658249 11.95857525
v -53.40838242 -18.34068298 12.35342503
v -53.41503525 -18.33451271 12.34962940
v -53.41700745 -18.33963776 12.34848785
v -54.72513580 -17.54125023 12.01421356
v -55.16800308 -17.75897598 11.94493771
v -55.09614182 -17.28108215 12.05168533
v -55.82672882 -17.43892288 12.07028103
v -55.55156326 -16.93735695 12.17325020
v -56.00644684 -16.56019592 12.38187313
v -56.50769806 -17.05733871 12.34976959
v -57.18190002 -16.61926460 12.79263592
v -53.41306305 -18.32938766 12.35076618
v -56.59787369 -14.41809559 13.40741253
v -54.57384872 -17.19255257 12.07211399
v -54.89631271 -16.85577774 12.11300850
v -59.83346939 -14.73804760 16.56800652
v -58.84509659 -14.37668991 15.77969837
v -59.31533432 -14.91592979 15.70156193
v -57.88056183 -14.13532925 14.89918709
v -58.32520294 -14.69373322 14.91066074
v -58.82012558 -15.20830441 14.88626194
v -53.80974960 -9.11742687 15.56103706
v -53.80590439 -9.85338116 15.65854645
v -53.65754318 -9.15404797 15.51147556
v -53.62265778 -9.91663933 15.59966755
v -53.51184464 -9.23534393 15.44917107
v -53.24980927 -9.51473045 15.29321480
v -53.41148758 -10.09992599 15.49680328
v -53.03385544 -9.91649532 15.10735989
v -53.18747330 -10.39488316 15.33853054
v -52.86098099 -10.39739895 14.90548897
v -52.98103333 -10.77570915 15.13131714
v -52.80606842 -11.22202396 14.88457775
v -53.05106354 -11.11989212 15.40151882
v -52.85555267 -11.47238541 15.10401535
v -53.06428909 -11.30852222 15.56760120
v -52.86712265 -11.61175346 15.23420048
v -53.06353378 -11.40085125 15.65406418
v -52.86834335 -11.68077755 15.30092335
v -53.01694107 -11.73013973 15.99385262
v -52.84561539 -11.93282032 15.55818939
v -52.90330505 -12.02468395 16.34944916
v -52.78058624 -12.16978741 15.82228088
v -52.71799088 -12.29780197 16.45981598
v -52.65517426 -12.43923759 15.70775127
v -53.75181580 -10.54110432 15.93288612
v -53.65599060 -10.55560398 15.89555645
v -53.48972321 -10.64883423 15.80643940
v -53.27074432 -10.83997440 15.63994312
v -53.63749313 -10.88526249 16.12138557
v -53.65102005 -11.13552666 16.36607742
v -53.61775589 -11.03892422 16.24942780
v -53.48468781 -11.53334904 16.80404472
v -53.48175049 -11.07450104 16.14022827
v -53.37408447 -11.53076744 16.63317490
v -53.27745819 -11.19453621 15.93901062
v -53.20133972 -11.59329224 16.35820389
v -53.51013184 -11.59769249 16.92973137
v -53.26878357 -11.87585545 17.44211388
v -53.16650772 -11.87866020 17.18033409
v -53.03607559 -11.92588711 16.80864334
v -53.33837891 -11.89731312 17.58690643
v -53.03288651 -12.02683258 18.12625885
v -52.93605042 -12.06119156 17.86855125
v -53.14701843 -12.01475334 18.29453659
v -52.85750580 -12.11245537 17.53297234
v -52.79350281 -12.17819405 17.13431931
v -52.53488922 -12.76576710 14.07292080
v -52.62803268 -12.45157337 14.94257736
v -52.67371750 -12.35082626 15.24473953
v -52.72480774 -12.25646496 15.53870678
v -52.69948196 -12.18567657 15.06977749
v -52.76864624 -12.05395699 15.31941700
v -52.70550156 -12.01601982 14.89724445
v -52.78203201 -11.84262943 15.10429668
v -52.70372009 -11.97032928 14.85193443
v -52.78037643 -11.78528595 15.04811096
v -52.69591904 -11.87884045 14.76261234
v -52.77052307 -11.67003155 14.93785191
v -52.66864777 -11.71634197 14.60846996
v -52.73228836 -11.46427536 14.74956036
v -52.63059616 -11.50799656 14.47609997
v -52.52994156 -12.77901459 14.00875759
v -52.53003693 -12.77572918 14.00995731
v -52.57480621 -12.24118900 14.31315517
v -52.53013229 -12.77245140 14.01115417
v -52.53099823 -12.74476814 14.02126312
v -52.53191757 -12.71707153 14.03137589
v -52.61590195 -11.97604084 14.46257877
v -52.58847427 -12.55740547 14.63441944
v -52.59059143 -12.47302246 14.54718304
v -52.58855820 -12.38825417 14.46069336
v -52.58728790 -12.36565971 14.43783188
v -52.58382797 -12.32063198 14.39250088
v -52.63962936 -12.32601929 14.81159306
v -52.64044571 -12.19865799 14.68197346
v -52.63880920 -12.16456223 14.64779854
v -52.63320160 -12.09648323 14.58019638
v -53.49227142 -10.93764496 16.02206802
v -53.28194809 -11.07920361 15.83512211
v -54.19771576 -9.10000038 15.62224770
v -54.19336319 -9.85057545 15.72096729
v -53.99945831 -9.86441803 15.70588207
v -53.96558380 -10.57149792 15.99993610
v -53.91751862 -11.06247044 16.35993004
v -54.18061447 -10.55000019 16.01039696
v -54.16032791 -11.15060997 16.47081566
v -53.82474899 -11.58981228 17.00779915
v -54.13389206 -11.61147404 17.07084274
v -53.76931381 -11.77920532 17.38084793
v -54.10310364 -11.90118504 17.76958847
v -53.70938492 -11.91360950 17.77625275
v -54.07006836 -12.00000000 18.51943779
v -56.66687393 -12.95049953 14.57566357
v -56.36075211 -12.52030563 14.40499783
v -56.35842896 -12.67063046 14.04882336
v -56.19183350 -12.16306210 14.26504040
v -56.19701004 -12.32585526 13.95495987
v -56.06485748 -11.70736790 14.08836460
v -56.06840897 -11.88939285 13.82818699
v -56.02474213 -11.27061844 13.87428093
v -55.98714066 -11.57628059 13.51312447
v -57.05492401 -13.16106701 15.19471741
v -56.63943863 -12.79374027 14.97862339
v -56.31740570 -12.35278320 14.74373150
v -56.14574051 -11.98081970 14.55987358
v -56.02691269 -11.50207996 14.33786583
v -57.43289566 -13.22219658 15.84419632
v -56.90218735 -12.82707787 16.06085777
v -56.45195389 -12.46792984 15.70583057
v -56.26826477 -12.28644753 16.07740402
v -55.93731689 -11.81030750 15.64575386
v -55.72650146 -11.63552380 15.89524269
v -55.58843994 -11.18498230 15.55940342
v -55.37419891 -11.01173878 15.73200130
v -55.34955978 -10.36699867 15.38854313
v -55.13947678 -10.19053555 15.52088547
v -55.51421738 -9.75415230 15.10834980
v -55.24154282 -9.46368980 15.33187294
v -54.91875458 -10.05204201 15.61914349
v -54.92037201 -9.25578117 15.49983597
v -54.68770981 -9.95205307 15.68644333
v -54.56819153 -9.91580677 15.70834446
v -54.68748474 -10.66339588 16.00482750
v -54.56625366 -10.62931538 16.02062416
v -54.73391724 -11.17303085 16.39879799
v -54.59815979 -11.14054394 16.41324806
v -54.85673523 -11.68973160 17.06786346
v -54.68462753 -11.65902233 17.08592796
v -55.03737259 -11.99469280 17.84599876
v -54.81298065 -11.96541405 17.87330818
v -54.72082520 -12.01887989 18.57876396
v -54.58148575 -11.94211292 17.87961388
v -54.34372330 -11.92461777 17.86458588
v -54.32373428 -11.61127472 17.07801247
v -57.31153488 -12.97578621 16.47600746
v -56.72234344 -12.63611889 16.51883888
v -56.04154205 -12.12304401 16.39431763
v -55.49330902 -11.48282623 16.09412575
v -55.14994049 -10.86619568 15.86126804
v -57.09497070 -12.73837566 17.05131721
v -56.48308182 -12.46099567 16.92149353
v -55.78013611 -11.98025417 16.65355492
v -55.24727631 -11.35497284 16.24195099
v -54.92205429 -10.75097942 15.94946480
v -56.78567123 -12.52049446 17.55638695
v -56.18967819 -12.30594349 17.26199722
v -55.49239731 -11.86061382 16.85210037
v -54.99528503 -11.25311852 16.34059525
v -56.38600159 -12.33194637 17.97715569
v -55.84739685 -12.17520046 17.53352547
v -55.18480682 -11.76513195 16.98873520
v -55.89899826 -12.18235683 18.29916954
v -55.46149063 -12.07186508 17.72967339
v -55.33726120 -12.07829189 18.50358963
v -54.31359482 -11.09024239 16.41201782
v -54.31318665 -10.57968426 16.02754211
v -54.32098007 -9.86911106 15.72745705
v -54.44166946 -10.60147095 16.02825546
v -54.44595718 -9.88827229 15.72209549
v -54.56660080 -9.13731384 15.59885025
v -55.54412460 -10.57588673 15.22199154
v -55.73233795 -10.10601234 14.84098434
v -55.71713257 -10.81050587 15.02215958
v -55.89251328 -10.49618912 14.53999424
v -55.86254120 -11.06416321 14.78997803
v -55.99124908 -10.89814854 14.21514416
v -55.91849518 -11.71029854 13.27392673
v -55.81505585 -11.77090740 13.04336071
v -55.80675888 -11.77195168 13.02813339
v -56.11621094 -12.00441933 15.34611607
v -55.95161438 -11.59819984 15.08351612
v -55.78384781 -11.38183403 15.34330082
v -54.50699615 -11.63289070 17.08938026
v -54.45824432 -11.11297703 16.41770935
v -52.53484344 -12.77609158 14.07338810
v -52.59732819 -12.70992470 16.03145790
v -52.62281036 -12.52016354 16.09440613
v -52.58494186 -12.51397324 17.14429855
v -52.65727997 -12.34217834 17.14864159
v -52.50056458 -12.53113365 18.19143105
v -52.56938934 -12.36233044 18.20263863
v -52.23604202 -12.63440132 20.04207039
v -52.29703903 -12.47150707 20.06815147
v -51.87753296 -12.70249653 21.89029884
v -52.37363052 -12.35661697 20.09289360
v -52.07668686 -12.45579720 21.98060417
v -52.51371002 -12.22949409 20.13086700
v -52.68291855 -12.14538670 20.17082024
v -52.99034882 -12.03721428 18.25350761
v -52.80757904 -12.11714363 18.23293877
v -52.65425110 -12.24458599 18.21419334
v -52.74607849 -12.22314167 17.15383911
v -52.83077240 -12.11414242 20.20225906
v -52.36772156 -12.33412361 22.07637024
v -51.81443405 -13.01950550 21.82547951
v -52.23423386 -12.80048466 19.92634201
v -52.49616241 -12.70767307 17.98872375
v -55.18467712 -12.00000000 20.45000076
v -54.23983765 -12.03724098 20.99550438
v -53.29939270 -12.14878845 21.53847122
v -59.51071548 -13.75122261 17.95236206
v -58.54133224 -13.00163078 18.51203537
v -57.47676849 -12.45049000 19.12666130
v -56.34720612 -12.11342621 19.77881432
v -39.70190430 -33.00000000 36.08831024
v -39.66295242 -33.00000000 35.96558380
v -39.64850998 -33.25896454 36.03823853
v -39.60303116 -33.29697418 35.95544434
v -39.53127670 -33.48248672 36.01193237
v -39.45280075 -33.54489136 35.92670822
v -39.37395859 -33.65334702 35.97250748
v -39.03007889 -33.84973145 35.81965637
v -39.19672775 -33.77740860 35.92176437
v -38.83462524 -33.92547989 35.79019165
v -38.81882858 -33.93113708 35.82053757
v -38.53700256 -33.98179626 35.66648102
v -38.52634811 -33.98233032 35.68185806
v -38.28057480 -33.99877548 35.49315643
v -38.27767181 -33.99875259 35.49650574
v -38.19120789 -33.99999619 35.41271210
v -38.19100571 -33.99999619 35.41292572
v -38.18600082 -34.00000000 35.40742493
v -38.58684158 -33.97338104 35.64878082
v -38.54757309 -33.98018646 35.65106583
v -38.28382492 -33.99874496 35.48940277
v -38.19137573 -33.99999619 35.41253662
v -38.28708267 -33.99865341 35.48563766
v -38.19195175 -33.99999619 35.41193008
v -38.19175720 -33.99999619 35.41213608
v -38.18897247 -34.00000000 35.40967941
v -38.18840027 -34.00000000 35.41028214
v -38.19080353 -33.99999619 35.41314316
v -38.27418518 -33.99865723 35.50054550
v -38.51775360 -33.97338104 35.74994659
v -38.50513077 -33.98026276 35.71185303
v -38.76709366 -33.92574310 35.90862656
v -38.78648376 -33.93152237 35.87737656
v -39.13768387 -33.79149628 36.06789780
v -39.15986252 -33.79505157 36.02404022
v -39.34104156 -33.67591858 36.09687042
v -39.36196136 -33.67016220 36.03493500
v -39.52614212 -33.49955368 36.08488846
v -38.91017532 -33.84973145 36.05503845
v -39.10747147 -33.77801895 36.11717606
v -39.31536484 -33.67133713 36.14926147
v -39.50642395 -33.50543594 36.15698242
v -39.65158463 -33.27017975 36.11961365
v -39.11555481 -33.72591782 36.18548965
v -39.27736282 -33.65412140 36.20616913
v -39.47705841 -33.50075150 36.21685410
v -39.63394547 -33.27406693 36.19963837
v -39.68581772 -33.00000000 36.21606445
v -39.30667877 -33.54489136 36.29318237
v -39.42953491 -33.48327255 36.27951050
v -39.60110855 -33.27096939 36.26493835
v -39.45160675 -33.29697418 36.36773300
v -39.54369354 -33.25947571 36.33089066
v -39.61765671 -33.00000000 36.32530594
v -39.50997925 -33.00000000 36.39591599
v -38.19156647 -33.99999619 35.41233826
v -39.18066788 -33.79058456 35.97303391
v -38.80211258 -33.93302917 35.85079193
v -38.51673889 -33.98190689 35.69549561
v -36.86727524 -33.86933899 34.48966217
v -36.68906021 -33.71414185 34.59255219
v -37.08842850 -33.70710754 35.29849243
v -36.59039688 -33.55562592 34.68453217
v -36.90069580 -33.38268280 35.40687943
v -36.54468918 -33.37749481 34.79451752
v -36.83477402 -33.00000000 35.44493866
v -36.57925034 -33.00000000 35.00236130
v -37.36938477 -33.92387772 35.13628006
v -37.07392120 -33.96678162 34.37035370
v -37.70079803 -34.00000000 34.94493866
v -37.29527664 -34.00000000 34.24255371
v -38.90941620 -33.00000000 36.53208923
v -38.90319443 -33.38268280 36.45622253
v -38.29469299 -33.00000000 36.49560165
v -38.30984879 -33.38268280 36.42100525
v -37.71445847 -33.00000000 36.28934097
v -37.74979019 -33.38268280 36.22191620
v -37.21463013 -33.00000000 35.92963028
v -37.26734543 -33.38268280 35.87471390
v -37.41745758 -33.70710754 35.71833038
v -37.64211655 -33.92387772 35.48428345
v -37.83199692 -34.00000000 35.12916183
v -38.88547134 -33.70710754 36.24017715
v -38.35300064 -33.70710754 36.20857239
v -37.85040283 -33.70710754 36.02991104
v -38.41758728 -33.92387772 35.89064026
v -38.00098419 -33.92387772 35.74254990
v -37.99570465 -34.00000000 35.28520584
v -37.45891571 -34.00000000 34.14807510
v -37.54672241 -33.99484634 34.09738159
v -37.63362122 -33.97943878 34.04721069
v -37.71872330 -33.95393753 33.99807739
v -38.02856827 -33.78873825 33.90550232
v -38.30194092 -33.55469131 33.94440079
v -38.52276993 -33.28130341 34.07158279
v -38.67494202 -33.00000000 34.25429535
v -36.57925034 -31.10000038 35.00236130
v -36.53905869 -31.10000038 34.85235977
v -36.57925034 -31.10000038 34.70236206
v -36.68906021 -31.10000038 34.59255219
v -37.02590179 -31.10000038 34.39807510
v -54.90579224 -33.00000000 13.91168785
v -54.94474411 -33.00000000 14.03441811
v -54.94487000 -33.21662903 13.95926571
v -55.00397491 -33.29702759 14.04445267
v -55.02938080 -33.41164017 13.97774315
v -55.15473175 -33.54486847 14.07324219
v -55.19084930 -33.61408615 14.01664639
v -55.37936401 -33.75900650 14.06904984
v -55.39494705 -33.77314758 14.01564026
v -55.77313995 -33.92582321 14.21019554
v -55.78899002 -33.93161392 14.17974281
v -56.05989075 -33.98035431 14.34904671
v -56.07048416 -33.98205948 14.33356094
v -56.32376862 -33.99879074 14.51058388
v -56.32703018 -33.99882889 14.50680828
v -56.41631699 -33.99999619 14.58746433
v -56.41648865 -33.99999619 14.58728218
v -56.42169571 -34.00000000 14.59257412
v -55.57714081 -33.84984589 14.18036938
v -56.02078247 -33.97345352 14.35125828
v -56.32050323 -33.99867630 14.51436806
v -56.41574478 -33.99999619 14.58806992
v -56.41593933 -33.99999619 14.58786392
v -56.41872025 -34.00000000 14.59031963
v -55.86030960 -33.91672134 14.06115055
v -56.10250854 -33.98042297 14.28796005
v -56.16114044 -33.98459625 14.31562328
v -56.33345795 -33.99868011 14.49938107
v -56.41669083 -33.99999619 14.58707047
v -56.32999802 -33.99879456 14.50338459
v -55.84095001 -33.92606354 14.09126472
v -55.53217316 -33.75560760 13.83813095
v -55.47045898 -33.75958633 13.86604309
v -55.37385941 -33.62548828 13.74577332
v -55.28944778 -33.61479950 13.77277565
v -55.23464203 -33.45423889 13.67146015
v -55.13296509 -33.41229630 13.69899178
v -55.13540268 -33.24048233 13.62184620
v -55.05058289 -33.21702576 13.66243267
v -55.09771729 -33.00000000 13.60408497
v -54.99003983 -33.00000000 13.67469215
v -54.99205017 -33.22703171 13.72783947
v -54.92187881 -33.00000000 13.78393459
v -54.95779037 -33.22985840 13.79517174
v -54.94044495 -33.22645187 13.87651157
v -55.05053711 -33.43332291 13.82564449
v -55.03146744 -33.42775726 13.90118504
v -55.22218704 -33.63745880 13.88628578
v -55.20136642 -33.63149643 13.95118523
v -55.41592789 -33.77794647 13.96252823
v -56.41613007 -33.99999619 14.58766460
v -55.08205414 -33.42870712 13.76225948
v -55.24946594 -33.63251877 13.83068085
v -55.43925476 -33.77397156 13.91617584
v -55.80577850 -33.93355560 14.14937019
v -55.82175446 -33.93194962 14.12218952
v -56.09099960 -33.98215866 14.30416012
v -56.08117294 -33.98262787 14.31811333
v -55.69827652 -33.00000000 13.46791077
v -55.70450211 -33.38268280 13.54377651
v -56.31300354 -33.00000000 13.50439739
v -56.29784775 -33.38268280 13.57899475
v -56.89323807 -33.00000000 13.71065903
v -56.85790634 -33.38268280 13.77808285
v -57.39306259 -33.00000000 14.07036877
v -57.34035110 -33.38268280 14.12528419
v -57.77292252 -33.00000000 14.55506039
v -57.70699692 -33.38268280 14.59312057
v -57.19023895 -33.70710754 14.28166962
v -57.51926804 -33.70710754 14.70150661
v -56.96557617 -33.92387772 14.51571751
v -57.23830795 -33.92387772 14.86371803
v -56.77569580 -34.00000000 14.87083912
v -56.90689468 -34.00000000 15.05506039
v -55.72222137 -33.70710754 13.75982380
v -56.19010925 -33.92387772 14.10935783
v -56.25469208 -33.70710754 13.79142857
v -56.60670853 -33.92387772 14.25745010
v -56.61198807 -34.00000000 14.71479511
v -56.75728989 -33.70710754 13.97009087
v -57.31241989 -34.00000000 15.75744724
v -57.64383316 -33.92387772 15.56610489
v -57.92478943 -33.70710754 15.40389347
v -58.11252213 -33.38268280 15.29550743
v -58.17844391 -33.00000000 15.25744724
v -57.14878082 -34.00000000 15.85192394
v -57.06097412 -33.99484634 15.90261841
v -56.97407150 -33.97943878 15.95279121
v -56.88897324 -33.95393753 16.00192451
v -56.57912827 -33.78873825 16.09449768
v -56.30575180 -33.55469131 16.05559921
v -56.08492279 -33.28130341 15.92841625
v -55.93275452 -33.00000000 15.74570560
v -56.37916183 -31.10000038 13.51890755
v -56.93301773 -31.10000038 13.73202991
v -57.40927124 -31.10000038 14.08608818
v -57.77292252 -31.10000038 14.55506039
v -58.17844391 -31.10000038 15.25744724
v -57.58179474 -31.10000038 15.60192394
v -56.88897324 -15.19182110 16.00192451
v -57.57234192 -15.91873837 15.60738087
v -58.13413620 -16.77328491 15.28302860
v -58.74279785 -20.00000000 14.93161678
v -58.55678940 -17.72873497 15.03901005
v -58.82708359 -18.75521088 14.88295555
v -58.93656540 -19.82061386 14.81974602
v -58.93656540 -20.00000000 14.81974602
v -60.95494843 -33.00000000 24.00621796
v -61.06993484 -33.00000000 23.94826889
v -61.00473022 -33.21553421 23.95655823
v -61.07339478 -33.24048233 23.90675163
v -61.01369476 -33.40983963 23.86784172
v -61.08004761 -33.45423889 23.79600143
v -61.02703476 -33.61213303 23.69660378
v -61.08530045 -33.62548828 23.63827896
v -61.03566360 -33.75741196 23.49393845
v -61.08447266 -33.75560760 23.45499611
v -61.02354431 -33.92516708 23.06084633
v -61.05540085 -33.91672134 23.05931091
v -60.98543549 -33.98459625 22.67154694
v -60.87586594 -34.00000000 22.30742645
v -60.87816238 -33.99999619 22.31450272
v -60.91302109 -33.99866104 22.43033028
v -60.90790939 -33.99878693 22.43130684
v -60.98786545 -33.93144226 23.06208420
v -60.90280914 -33.99882889 22.43229103
v -60.95173264 -33.93355179 23.06242752
v -60.89873123 -33.99880219 22.43306923
v -60.92284775 -33.93220901 23.06195259
v -60.89334488 -33.99868393 22.43409538
v -60.88512802 -33.92635727 23.06040955
v -60.88439560 -33.97345352 22.77528191
v -60.81056976 -33.84984207 23.24493408
v -60.87633133 -34.00000000 22.31112671
v -60.87708664 -33.99999619 22.31476021
v -60.87679291 -33.99999619 22.31483078
v -60.81176758 -33.76029587 23.47294426
v -60.69213867 -33.54486847 23.66431427
v -60.76334763 -33.61566925 23.66326523
v -60.71655655 -33.41309738 23.82362556
v -60.79170609 -33.42945480 23.86179733
v -60.76813889 -33.22748947 23.95403099
v -60.83448410 -33.22985840 23.97390556
v -60.82625961 -33.00000000 24.01062393
v -60.92098236 -33.22615814 23.97695160
v -60.64169312 -33.29702759 23.80926704
v -60.69036484 -33.21751404 23.90679169
v -60.70758057 -33.00000000 23.96067810
v -60.62076569 -33.00000000 23.86558151
v -60.87788391 -33.99999619 22.31456947
v -60.87760162 -33.99999619 22.31463623
v -60.87738037 -33.99999619 22.31468964
v -60.93544388 -33.42727661 23.88220215
v -60.95857239 -33.63098145 23.70345497
v -60.97797012 -33.77272797 23.49650955
v -60.85446930 -33.43332291 23.87834740
v -60.88777542 -33.63745880 23.69937515
v -60.91861725 -33.77794647 23.49346733
v -60.83211517 -33.63331985 23.68806076
v -60.87150574 -33.77461624 23.48684883
v -59.63275528 -33.00000000 22.15429306
v -59.55039215 -33.28250122 21.93014145
v -59.65497208 -33.79019928 21.41839600
v -59.55096436 -33.55548096 21.67556190
v -59.88897324 -33.95393753 21.19807625
v -59.97407150 -33.97943878 21.14894295
v -60.06097412 -33.99484634 21.09877014
v -60.14878082 -34.00000000 21.04807663
v -60.86516571 -34.00000000 22.08151436
v -61.25859833 -33.92387772 22.31476021
v -61.17855072 -33.92387772 22.74959373
v -61.48617935 -33.70710754 22.85262680
v -61.24731445 -33.70710754 23.32956123
v -61.42555618 -33.38268280 23.45293236
v -61.48814392 -33.00000000 23.49625587
v -61.69172668 -33.38268280 22.92147064
v -61.76390839 -33.00000000 22.94564438
v -61.79934311 -33.38268280 22.33690071
v -61.87540054 -33.00000000 22.34001541
v -61.73987961 -33.38268280 21.74549103
v -61.81379318 -33.00000000 21.72729874
v -61.51804352 -33.38268280 21.19404602
v -61.58396912 -33.00000000 21.15598679
v -61.33031464 -33.70710754 21.30243301
v -61.52938843 -33.70710754 21.79730034
v -61.58275223 -33.70710754 22.32803345
v -61.04935455 -33.92387772 21.46464539
v -61.21436691 -33.92387772 21.87483788
v -60.71794128 -34.00000000 21.65598679
v -60.81188202 -34.00000000 21.86171722
v -61.17844391 -33.00000000 20.45359993
v -61.11252213 -33.38268280 20.49165916
v -60.92478943 -33.70710754 20.60004616
v -60.64383316 -33.92387772 20.76225853
v -60.31241989 -34.00000000 20.95359993
v -60.95494843 -30.50000000 24.00621796
v -60.82625961 -30.50000000 24.01062393
v -60.70758057 -30.50000000 23.96067810
v -60.18242264 -15.69037151 23.10634804
v -60.42061615 -16.10789680 23.51891136
v -59.63275528 -15.02152920 22.15429306
v -59.91598511 -15.32711029 22.64486694
v -60.60120010 -16.52495384 23.83168793
v -60.83275604 -17.34415627 24.23275566
v -59.53897095 -27.60915375 21.80429459
v -59.53897095 -21.26436806 21.80429459
v -59.54428482 -14.93058586 21.89036179
v -59.54159164 -14.91958332 21.74382019
v -59.56925201 -14.93462372 21.60064507
v -59.63275528 -21.26436806 21.45429420
v -59.69972229 -15.03367615 21.35796547
v -59.88897324 -15.19516850 21.19807625
v -59.63275528 -27.60915375 21.45429420
v -40.55680084 -17.64999962 37.90179825
v -39.95621490 -17.64999962 37.91420364
v -61.73275375 -20.00000000 25.79160118
v -56.89851379 -17.30735016 28.58265114
v -58.00870132 -17.07710838 27.94168282
v -61.64422607 -19.22354317 25.84271240
v -59.13467789 -17.00000000 27.29160118
v -61.38467789 -18.50000000 25.99256325
v -60.97179794 -17.87867928 26.23093987
v -60.43371582 -17.40192413 26.54160118
v -59.80710983 -17.10222244 26.90337181
v -38.15185928 -3.29999995 32.31654739
v -38.15185928 -5.30000019 32.31654739
v -38.73546219 -3.29999995 32.25906754
v -38.73546219 -5.30000019 32.25906754
v -39.30656433 -3.29999995 32.39222717
v -39.30656433 -5.30000019 32.39222717
v -39.80455780 -3.29999995 32.70190048
v -39.80455780 -5.30000019 32.70190048
v -40.17658234 -3.29999995 33.15521240
v -40.17658234 -5.30000019 33.15521240
v -37.63598633 -5.30000019 32.45477295
v -39.74209595 -5.30000019 36.10266495
v -40.51483917 -5.30000019 36.30971909
v -41.34620285 -5.30000019 35.82973099
v -41.39894485 -5.30000019 35.79807281
v -41.45058060 -5.30000019 35.76463699
v -41.50104523 -5.30000019 35.72946548
v -41.51137543 -5.30000019 35.72219086
v -41.52187729 -5.30000019 35.71515274
v -41.53253555 -5.30000019 35.70836258
v -41.56150818 -5.30000019 35.69034958
v -41.59045410 -5.30000019 35.67229462
v -41.61937332 -5.30000019 35.65419769
v -37.63598633 -3.29999995 32.45477295
v -52.52994156 -16.30249596 14.00875759
v -52.52993011 -16.29039001 14.00888538
v -52.54150772 -16.50749969 14.02878857
v -52.57019424 -16.10733414 14.25659943
v -52.56260300 -16.60079384 14.06532860
v -52.68025589 -16.19320107 14.40669155
v -52.57167053 -16.61794090 14.08103180
v -52.60737228 -16.62476349 14.14287090
v -52.59514999 -16.63041687 14.12169838
v -52.54399109 -15.90883923 14.20182228
v -52.57849121 -15.86891747 14.39474392
v -52.68513107 -15.96682549 14.53689766
v -52.69114304 -15.75029182 14.68623924
v -52.85471725 -15.82667637 14.77571583
v -52.86195755 -15.48330784 15.06994534
v -52.94573212 -15.50644207 15.08994484
v -52.95226669 -15.13648701 15.50009823
v -53.19024658 -15.45158672 15.15204430
v -53.19846344 -14.79901123 16.00368500
v -52.95487976 -14.81342030 15.95850182
v -52.96092224 -14.31433582 16.97577095
v -52.87190247 -14.78544426 15.94108868
v -52.71508026 -14.67958260 15.87471581
v -52.71146774 -15.01264668 15.40707111
v -52.61436081 -14.87482452 15.29935551
v -52.60155106 -15.27298737 14.86526203
v -52.58246994 -15.00960445 14.92843246
v -52.55924988 -15.55412769 14.43922520
v -52.58724213 -15.64205360 14.55176163
v -52.59646988 -14.54803753 15.49607277
v -52.61983871 -14.53011227 15.78060913
v -52.76187134 -14.22449780 16.93235207
v -52.59691238 -14.16605377 16.12103462
v -52.62571716 -14.06243229 16.86326218
v -52.57945633 -13.86027908 16.78220367
v -53.18199158 -14.31442738 16.98496628
v -52.98992920 -15.85589123 14.80547523
v -52.93967819 -15.84671974 14.79660225
v -52.85150909 -16.03545761 14.63051128
v -52.76581955 -16.33058357 14.41731167
v -52.67070007 -16.53204918 14.25255394
v -52.58281708 -16.62853622 14.10033703
v -52.70178223 -15.39604568 14.98736095
v -52.86920547 -15.11048985 15.48137474
v -52.88715363 -14.07027817 17.66543770
v -53.09786224 -13.97834396 18.07342529
v -52.85195160 -13.96839905 18.04899406
v -52.81384659 -13.85909367 18.62081146
v -52.76994705 -13.93657684 18.03408813
v -52.63363266 -13.77327061 18.58533287
v -52.61523056 -13.81458759 17.99129486
v -52.49382019 -13.60213470 18.53991699
v -52.52369308 -13.64179039 17.94214439
v -52.44523621 -13.38106823 18.49648094
v -52.47739792 -13.43677711 18.20124626
v -52.50564957 -13.50248718 17.90752411
v -52.55640030 -13.74762154 17.54849625
v -52.54972458 -13.66108894 17.33905602
v -52.64874649 -13.91865826 17.60446358
v -52.80462265 -14.03906345 17.65045738
v -53.03268051 -13.86387539 18.64687347
v -52.98169327 -13.80425262 19.04164886
v -52.77108383 -13.82742786 18.76700592
v -52.95254898 -13.78104591 19.23979950
v -52.71004105 -13.76847649 19.20399475
v -52.64849091 -13.73360825 19.59394264
v -52.62896729 -13.73545456 19.18892097
v -52.56786346 -13.70026016 19.57885551
v -52.47640991 -13.61085224 19.15379333
v -52.41596985 -13.57516098 19.54628754
v -52.38564682 -13.43539810 19.12192917
v -52.32519150 -13.39948273 19.52012634
v -52.36709595 -13.29368019 19.10397339
v -52.22650909 -13.37667179 20.08895683
v -52.11055756 -13.24184799 20.57185555
v -51.98896408 -13.42627144 21.21288300
v -51.76336670 -13.39633369 22.01450920
v -51.78889084 -13.53464890 21.99780273
v -53.00907135 -13.83177662 18.84379768
v -52.68949509 -13.79483795 18.75193024
v -52.53608322 -13.67107487 18.71376991
v -52.44511795 -13.49628258 18.67522049
v -52.40823364 -13.33232021 18.79975700
v -53.03465652 -13.86360168 18.64635468
v -53.03364944 -13.86371040 18.64678192
v -51.84875488 -13.65853119 21.99300003
v -52.08177567 -13.59989834 21.21791267
v -52.31764221 -13.55218697 20.10751915
v -51.98275375 -13.79755306 22.00596428
v -52.23213196 -13.72487736 21.24137688
v -52.46882248 -13.67762756 20.13675308
v -52.15614700 -13.87599373 22.04013634
v -52.31113052 -13.75896454 21.25679970
v -52.54886627 -13.71133041 20.15192032
v -52.34283447 -13.88347054 22.09012604
v -52.69083405 -13.73365116 20.67447853
v -51.45460510 -13.78837872 23.10840988
v -51.41938782 -13.65958118 23.15260506
v -51.09657288 -14.23461342 24.18973351
v -51.02982330 -14.04412556 24.24197578
v -51.23283005 -14.39197826 24.17786980
v -51.55255127 -13.95437145 23.09365082
v -51.70238113 -14.07556057 23.10866547
v -51.77982330 -14.10969257 23.12449837
v -52.34324646 -13.88339520 22.09018707
v -52.34365845 -13.88330746 22.09013748
v -52.34405899 -13.88321209 22.09000587
v -52.34443283 -13.88311386 22.08981705
v -52.00076675 -14.13738441 23.20756340
v -51.61112213 -14.50840950 24.27615166
v -51.41489792 -14.48885918 24.20844841
v -50.26454544 -14.63894463 26.00612068
v -50.33412170 -14.85924721 25.98578835
v -50.44617462 -14.53499889 25.62160110
v -50.64810562 -14.53570366 25.21116066
v -50.61943054 -14.41610241 25.23694420
v -50.69363022 -14.50252247 25.10735321
v -50.83179474 -14.24090672 24.73828888
v -50.77828979 -14.65373802 25.09410858
v -50.90459442 -14.77209091 25.10979652
v -50.97093201 -14.81038857 25.12592506
v -50.85452271 -14.80441189 25.21565819
v -50.91963959 -14.84309959 25.23186684
v -50.48557663 -15.03215218 26.01665688
v -50.68632126 -15.12045860 26.09209061
v -50.73081970 -14.68604088 25.19926834
v -51.11260223 -14.89530563 25.29993820
v -42.10363007 -7.20861387 35.34229279
v -42.09564209 -7.21280289 35.34778976
v -42.07737350 -7.22258568 35.36121750
v -42.06976700 -7.22676849 35.36726761
v -42.05278397 -7.23636007 35.38181305
v -42.39680862 -8.17849922 35.15525818
v -42.78417969 -9.09388828 34.89101791
v -42.80678940 -9.07390881 34.86505508
v -42.41694260 -8.16433144 35.13546371
v -43.23471832 -9.94390106 34.55567551
v -43.44226074 -10.40000439 34.41867828
v -43.70416260 -10.77750874 34.19933319
v -44.19253540 -11.61273384 33.83853149
v -44.21415710 -11.56774330 33.79059601
v -44.75906372 -12.30293179 33.32797241
v -44.76958084 -12.27786732 33.30627441
v -45.34413147 -12.94710732 32.78281021
v -45.37243652 -12.87371540 32.73373413
v -45.96277618 -13.45199013 32.14921188
v -45.97754669 -13.41327572 32.13097382
v -46.44258881 -13.79986000 31.63828087
v -46.82250214 -14.13216019 31.21815491
v -47.14853287 -14.28154087 30.83174706
v -47.68660736 -14.62718487 30.17018700
v -47.84694672 -14.63227081 29.95475006
v -48.40688705 -14.88698006 29.19265556
v -48.29780197 -14.78717995 29.33911896
v -48.73345947 -14.87810802 28.70141602
v -49.08798218 -14.98714542 28.15820503
v -49.15135193 -14.90594578 28.04331398
v -49.54799271 -14.87332249 27.37026596
v -49.71857071 -14.93457603 27.08225822
v -49.80316925 -15.13186932 27.10404968
v -49.86037827 -15.20155621 27.12676620
v -49.18389511 -15.23174191 28.22065926
v -49.61863327 -15.35369396 27.84298325
v -49.03483582 -15.32222176 28.69353676
v -48.46301651 -15.10562706 29.26823425
v -48.42967987 -15.18671608 29.50905037
v -47.80846024 -14.94674587 30.28384209
v -47.70973969 -14.81787205 30.25335503
v -47.17773819 -14.60576534 31.01329422
v -46.81574631 -14.28965187 31.30324745
v -46.55054855 -14.17248440 31.68728447
v -45.93862152 -13.65649796 32.29790115
v -45.93592453 -13.57719517 32.22858047
v -45.33607483 -12.97758198 32.80706406
v -45.94019318 -13.54071140 32.20199585
v -45.03150177 -12.71119785 33.13204956
v -50.17223740 -15.28499699 26.97095680
v -45.10088348 -12.52676010 32.98714828
v -44.80120087 -12.21797180 33.26167679
v -44.22600937 -11.54755974 33.77161789
v -44.27494812 -11.47892570 33.71739960
v -44.25881195 -11.49961472 33.73209381
v -43.71635056 -10.76170921 34.18326950
v -43.74837875 -10.72436619 34.14937973
v -43.52388000 -10.30884266 34.32464600
v -43.27615356 -9.90370750 34.51443100
v -42.85581207 -9.03565979 34.82324982
v -42.84384155 -9.04450321 34.83201981
v -42.45866013 -8.13739204 35.10271454
v -42.44863510 -8.14361286 35.10970306
v -42.42618179 -8.15813065 35.12739182
v -42.81745529 -9.06512165 34.85461807
v -43.24643326 -9.93191719 34.54252625
v -46.81233215 -14.24433994 31.27408218
v -47.69536972 -14.76391602 30.22374153
v -48.43669891 -15.04492474 29.23977089
v -49.14321518 -15.16558743 28.19461441
v -52.78838730 -16.93620872 14.45639992
v -53.07590103 -16.81972313 14.33393192
v -52.78276825 -17.14505005 14.44666100
v -53.40766144 -16.99605942 14.14239025
v -53.41155243 -17.49293518 14.08363152
v -53.73515701 -17.23245430 13.95331097
v -54.04065323 -17.52436638 13.77693176
v -54.03246307 -16.88403702 13.96644402
v -54.37641907 -17.21269989 13.76785946
v -54.40675735 -16.51711464 14.08627224
v -54.79121780 -16.88447952 13.86430359
v -55.03853226 -16.34363747 14.19686604
v -54.83254242 -16.93039513 13.84007835
v -52.82617950 -16.57714653 14.52185345
v -53.29021072 -16.41934586 14.39498329
v -53.66373825 -16.61788177 14.17932701
v -52.91136551 -16.27937126 14.61371040
v -52.90217209 -16.21334648 14.65347767
v -53.15364456 -15.84124565 14.80975723
v -53.57710266 -15.99770355 14.56527424
v -53.49366760 -15.36670494 15.15651894
v -53.96544647 -15.54101658 14.88413811
v -53.91204071 -14.90955734 15.64786053
v -54.43036652 -15.10106659 15.34860611
v -54.39435196 -14.49595928 16.27217293
v -54.95479202 -14.70302963 15.94860268
v -54.92618942 -14.15207291 17.01784134
v -55.52164459 -14.37207985 16.67405510
v -55.91065216 -14.30061722 16.98589897
v -56.10873795 -14.68412971 16.33509636
v -56.83429718 -14.87069130 16.45263290
v -56.52366638 -14.97102737 16.09553909
v -56.72044754 -15.06685257 16.07177353
v -57.64387894 -15.63788128 15.98521996
v -58.30828476 -16.57270622 15.60162544
v -58.80198288 -17.63923836 15.31658840
v -59.10599899 -18.79649353 15.14106369
v -59.20865631 -20.00000000 15.08179569
v -59.15574265 -20.00000000 15.02832127
v -53.03245544 -15.80769634 14.87913704
v -53.36315536 -14.78872013 15.96476078
v -53.80086899 -14.36530495 16.61482048
v -53.40163422 -14.12893295 17.36167526
v -54.29562759 -14.01325512 17.38189697
v -53.63388824 -13.96468830 17.76395226
v -53.74873734 -13.89504242 17.96287727
v -53.86617279 -13.83103275 18.16627884
v -54.90843964 -13.94956779 17.56452751
v -59.10259628 -20.00000000 14.97551155
v -59.02069855 -20.00000000 14.89588737
v -58.93829727 -20.00000000 14.81789207
v -58.89950943 -20.00000000 14.78190899
v -58.86062241 -20.00000000 14.74629688
v -58.85773849 -19.80098343 14.74799156
v -58.59772873 -19.76544952 14.52310944
v -58.17953491 -20.00000000 14.19264412
v -58.37872696 -19.75858307 14.34749699
v -57.92727661 -19.79185677 14.02260208
v -58.10112000 -20.00000000 14.13680172
v -57.54984283 -19.87124443 13.78812122
v -57.34406281 -20.00000000 13.67430782
v -57.42291641 -19.92025566 13.71674156
v -57.37033081 -19.95406151 13.68827248
v -57.35197830 -19.97480965 13.67849731
v -57.34624100 -19.98678780 13.67545986
v -56.34742355 -14.92421722 16.06898880
v -56.17905807 -14.91653156 15.99609089
v -56.03686142 -14.94914341 15.88344097
v -55.50736237 -14.99672985 15.62957668
v -55.93275452 -15.01568508 15.74570560
v -55.60486603 -15.37854004 15.17778683
v -54.94141388 -15.37269688 15.05355263
v -55.30295944 -15.82050514 14.65486717
v -54.43059921 -15.78825283 14.61558247
v -54.88977051 -16.11969566 14.35047913
v -54.73275375 -17.34852409 13.66724491
v -54.54052734 -18.00231934 13.52495575
v -54.31395721 -17.86725807 13.61913967
v -53.93757629 -18.02138138 13.77993202
v -54.32611084 -18.67957878 13.55563545
v -54.32294846 -18.69232941 13.55743694
v -53.99461365 -16.21961784 14.32422352
v -53.58880997 -13.83465290 18.32641411
v -53.31159210 -13.84551048 18.48646545
v -53.55522537 -13.73315144 18.89183426
v -53.00729370 -13.77527237 19.20818138
v -53.38492966 -13.64741230 19.88500214
v -52.83316803 -13.71837807 20.20356369
v -54.23057938 -13.54909325 21.00084877
v -53.28200150 -13.67465401 21.54851151
v -55.18467712 -13.50715828 20.45000076
v -54.63507080 -13.55858994 19.49805069
v -53.93778610 -13.60491276 19.56581116
v -54.10260773 -13.71915722 18.57579994
v -53.98327255 -13.77225685 18.36910439
v -52.26817322 -14.04353714 23.02576637
v -53.35592270 -13.75972939 22.39775658
v -53.90719223 -13.65997696 22.07947922
v -54.46121216 -13.58872223 21.75961494
v -55.73428726 -13.55858994 21.40194893
v -54.84749603 -13.66638756 22.41486359
v -56.26674652 -13.71915722 22.32419968
v -55.17143250 -13.77527237 22.95657921
v -56.38608551 -13.77225685 22.53089523
v -56.50318527 -13.83103275 22.73372078
v -55.05282974 -13.93035412 23.57108307
v -54.62458420 -13.84560585 23.27230263
v -54.08044815 -13.94406605 23.58646011
v -54.29645920 -13.73725891 22.73300362
v -53.74816132 -13.83647346 23.04956436
v -52.66627502 -14.11875248 23.67419052
v -51.78687286 -14.55532074 24.54573250
v -53.00678253 -14.22420025 24.20634079
v -51.96301651 -14.61170959 24.80895996
v -52.09835434 -14.66149139 25.00641823
v -52.23316574 -14.71659279 25.19901657
v -53.62280655 -14.22692680 24.39670753
v -58.83328247 -20.00000000 14.89743710
v -58.83328247 -22.66666603 14.89743710
v -58.83328247 -25.33333397 14.89743710
v -58.92979431 -25.33333397 14.89379025
v -59.02246094 -25.33333397 14.92118645
v -59.02246094 -22.66666603 14.92118645
v -59.10185623 -20.00000000 14.97626209
v -59.02246094 -20.00000000 14.92118645
v -58.92979431 -22.66666603 14.89379025
v -58.92979431 -20.00000000 14.89379025
v -59.37665558 -20.00000000 15.25523376
v -59.54198074 -20.00000000 15.43537903
v -60.21349716 -20.00000000 16.27734566
v -60.80764389 -20.00000000 17.20357895
v -61.41259766 -20.00000000 18.41881561
v -61.84566879 -20.00000000 19.64923668
v -61.88406372 -20.00000000 19.79185677
v -54.47294617 -20.01139259 13.51724529
v -54.47294617 -22.67426109 13.51724529
v -54.47294617 -25.33713150 13.51724529
v -54.62294769 -25.33713150 13.55743694
v -54.62294769 -22.67426109 13.55743694
v -54.62294769 -20.01139259 13.55743694
v -61.85322952 -18.98403931 20.01798058
v -61.89271545 -20.77886391 19.88863182
v -61.88973236 -20.00000000 19.81887054
v -61.89271545 -23.18590927 19.88863182
v -61.89271545 -25.59295464 19.88863182
v -61.87041473 -23.18590927 19.98319817
v -61.87041473 -25.59295464 19.98319817
v -61.81893921 -23.18590927 20.06554794
v -61.81893921 -25.59295464 20.06554794
v -61.74373627 -18.37181854 20.12722778
v -61.81893921 -20.77886391 20.06554794
v -61.87041473 -20.77886391 19.98319817
v -60.85992813 -18.00093460 24.47017860
v -60.87294769 -20.00811768 24.38275528
v -60.87294769 -22.67207909 24.38275528
v -60.87294769 -25.33603859 24.38275528
v -60.83275604 -25.33603859 24.53275490
v -60.83275604 -22.67207909 24.53275490
v -60.72569275 -18.68136024 24.64095879
v -60.83275604 -20.00811768 24.53275490
v -60.72294617 -18.69232941 24.64256287
v -40.13474655 -8.30000019 36.48275375
v -40.13474655 -11.58333302 36.48275375
v -40.28474808 -8.30000019 36.44256210
v -40.13474655 -14.86666679 36.48275375
v -40.13474655 -18.14999962 36.48275375
v -39.98474884 -18.14999962 36.44256210
v -39.98474884 -21.43333244 36.44256210
v -39.98474884 -24.71666718 36.44256210
v -40.13474655 -24.71666718 36.48275375
v -39.98474884 -11.58333302 36.44256210
v -39.98474884 -8.30000019 36.44256210
v -39.87493896 -8.30000019 36.33275604
v -39.98474884 -14.86666679 36.44256210
v -40.13474655 -21.43333244 36.48275375
v -55.06967545 -17.68750000 27.90648079
v -53.84964371 -18.09741020 28.61086655
v -52.57743835 -18.29688263 29.34537506
v -60.31901932 -17.99722481 24.87577057
v -58.38467789 -17.00000000 25.99256325
v -57.25870132 -17.07710838 26.64264488
v -56.14851379 -17.30735016 27.28361320
v -59.76448822 -17.45805168 25.19593048
v -59.10252762 -17.11678505 25.57811165
v -51.29084015 -18.26936340 30.08819199
v -50.02783585 -18.01979256 30.81738663
v -48.82397842 -17.56462288 31.51243401
v -47.70321655 -16.92815208 32.15950775
v -46.67552567 -16.14396858 32.75284576
v -45.74650574 -15.24106121 33.28921509
v -44.91240311 -14.23489952 33.77078629
v -44.16796112 -13.13875961 34.20058823
v -43.50791550 -11.96592140 34.58166504
v -42.92711639 -10.72943592 34.91699219
v -42.42227554 -9.43854809 35.20846176
v -40.51483917 -8.30000019 36.30971909
v -41.99164200 -8.09935093 35.45708466
v -41.63351822 -6.71783638 35.66384888
v -39.70190430 -30.50000000 36.08831024
v -39.68581772 -30.50000000 36.21606445
v -39.61765671 -30.50000000 36.32530594
v -39.74209595 -8.30000019 36.10266495
v -54.90579224 -30.50000000 13.91168785
v -54.92187881 -30.50000000 13.78393459
v -54.99003983 -30.50000000 13.67469215
v -42.52600479 0.00000002 36.57642365
v -42.64668274 -2.30589414 36.42975998
v -42.77328873 -3.46163893 36.34525299
v -42.95810699 -4.59913778 36.22195053
v -42.97067642 -4.58762503 36.14420319
v -43.20267487 -5.71793652 36.05369186
v -43.21285629 -5.70296097 35.97639847
v -43.50560760 -6.80412245 35.83516693
v -43.51266479 -6.78589439 35.75860214
v -43.87077713 -7.86065149 35.55720139
v -43.87372589 -7.83893538 35.48189163
v -44.29418564 -8.86517811 35.21643066
v -44.29223633 -8.84058380 35.14287186
v -44.68200302 -9.63947582 34.88827133
v -44.67543030 -9.61297321 34.81660461
v -45.10849762 -10.37048244 34.51074219
v -45.09672546 -10.34256935 34.44145203
v -45.56853867 -11.05166531 34.08261108
v -45.55116272 -11.02293682 34.01619720
v -46.03164291 -11.64707088 33.54052353
v -45.95064926 -11.59805012 33.38806152
v -46.43918991 -12.16164017 32.87157059
v -46.32283783 -12.14989853 32.74039841
v -46.94035721 -12.65720177 32.30566025
v -46.81903076 -12.65076828 32.18449020
v -47.44662476 -13.07972431 31.69283676
v -47.32184982 -13.07966900 31.58184433
v -47.95032501 -13.42449474 31.03604126
v -47.82395172 -13.43172741 30.93509674
v -48.44380951 -13.68685150 30.33825111
v -48.31800461 -13.70212460 30.24691772
v -48.92026138 -13.86451721 29.60417175
v -48.79733658 -13.88824654 29.52175140
v -49.37400818 -13.95843601 28.84085846
v -49.25616837 -13.99046898 28.76643372
v -49.79943466 -13.96977997 28.05552483
v -49.68878555 -14.00937748 27.98797417
v -50.19132233 -13.89997292 27.25528336
v -50.08980560 -13.94583511 27.19329834
v -50.54839325 -13.75309944 26.44609642
v -50.45742798 -13.80362988 26.38850594
v -50.87174988 -13.53484917 25.63324165
v -50.79199600 -13.58831215 25.57918739
v -51.14644241 -13.26207829 24.81072426
v -50.75996017 -13.61653709 25.55512238
v -50.69662857 -13.68906403 25.50172043
v -50.34630966 -13.90619183 26.30769730
v -50.28630829 -13.99456215 26.25560188
v -49.89224625 -14.14014149 27.05599976
v -49.85337448 -14.21213150 27.02361107
v -49.41897964 -14.27834892 27.81399536
v -49.37016296 -14.39521122 27.77883148
v -48.89468384 -14.37851906 28.55592537
v -48.85623932 -14.51081657 28.53911018
v -48.34488678 -14.40892601 29.29917908
v -48.50191498 -14.59926319 29.04442024
v -48.07089996 -14.47902203 29.65349388
v -47.81424332 -14.21551704 30.02693939
v -47.62865829 -14.29757118 30.23893356
v -47.27150345 -13.93074226 30.71446037
v -47.17913818 -14.05512142 30.79647636
v -46.72653961 -13.75413513 31.32395172
v -46.72417831 -13.55812263 31.35693741
v -46.27514267 -13.39793396 31.81998253
v -46.18003082 -13.10366440 31.95188141
v -45.64682388 -12.57343483 32.49685287
v -46.27839279 -12.97029114 31.93463707
v -45.75769424 -12.44551849 32.47514725
v -46.39517975 -12.85268402 31.94815063
v -45.88537216 -12.33349037 32.48738480
v -46.48622513 -12.78265095 31.97671509
v -45.98261261 -12.26751900 32.51710129
v -46.62380219 -12.70515156 32.04346085
v -46.12625504 -12.19594574 32.58827209
v -46.76061630 -12.65964890 32.13613510
v -46.26504898 -12.15626621 32.68811798
v -42.57493591 0.00000002 36.33264542
v -42.66175842 -2.30095696 36.35160446
v -42.78745651 -3.45338392 36.26725388
v -42.78378677 -3.43784547 36.07226181
v -42.96345520 -4.56596375 35.95014191
v -42.90385056 -4.55490351 35.76451492
v -43.20038605 -5.67484713 35.78395081
v -43.13672638 -5.66059160 35.60041809
v -43.49344254 -6.75195074 35.56856537
v -43.42473602 -6.73525476 35.38802338
v -43.84571838 -7.79867172 35.29568481
v -43.77056503 -7.77911615 35.11959076
v -44.25396347 -8.79549503 34.96178818
v -44.17155457 -8.77449322 34.79141998
v -44.62760544 -9.56498623 34.64089584
v -44.53863907 -9.54370880 34.47635269
v -45.03830338 -10.29284573 34.27233505
v -44.94227982 -10.27227974 34.11475372
v -45.48149490 -10.97281837 33.85485840
v -45.37824631 -10.95404243 33.70528412
v -45.84046936 -11.58219624 33.24735260
v -45.78384781 -11.58638382 33.19122696
v -42.53546906 0.00000002 36.08687210
v -42.66011429 -2.29187512 36.15607071
v -42.72698593 -3.42990446 35.88535690
v -42.86126328 -4.55374289 35.68880081
v -43.09281921 -5.65915632 35.52572632
v -43.37925339 -6.73391581 35.31474304
v -43.72310638 -7.77769327 35.04833984
v -44.12198639 -8.77356434 34.72272110
v -44.48725128 -9.54351711 34.41019821
v -44.88902283 -10.27318192 34.05158997
v -45.32318878 -10.95640659 33.64549637
v -45.64426041 -11.62053013 33.08411407
v -42.41207123 0.00000002 35.87136841
v -42.60494232 -2.28768396 35.96845627
v -42.68533707 -3.42906880 35.80900192
v -42.73385620 -4.55962610 35.54126358
v -42.96361923 -5.66699934 35.38053131
v -43.24812317 -6.74462557 35.17269516
v -43.58963013 -7.79084492 34.91068649
v -43.98637009 -8.79031849 34.59045410
v -44.35005188 -9.56378365 34.28318024
v -44.75048828 -10.29754734 33.93063736
v -45.18377686 -10.98542500 33.53126144
v -45.49562073 -11.68588829 33.00808716
v -42.56385422 -2.28755808 35.89174652
v -42.22111511 0.00000002 35.71187210
v -42.43864059 -2.29121065 35.74184799
v -41.98741531 0.00000002 35.62884521
v -42.27774811 -2.29991937 35.63118744
v -42.15212250 -2.30863070 35.58282089
v -42.27263641 -3.45779181 35.50236130
v -41.96469116 -2.32410717 35.55882263
v -42.08590317 -3.48030424 35.47907639
v -41.77718353 -2.34226131 35.58555984
v -41.89957809 -3.50693893 35.50639343
v -41.67106247 -3.09670782 35.61822510
v -41.89244843 -4.63063526 35.47897339
v -41.73860168 0.00000002 35.63397598
v -41.50669098 0.00000000 35.72438431
v -41.54595566 -1.55211508 35.69850540
v -42.21545792 -6.13916349 35.27029800
v -42.31417847 -5.80125570 35.23703766
v -42.07804108 -4.66223240 35.39196396
v -42.26210785 -4.62513638 35.36388016
v -42.44739151 -4.59377813 35.38608932
v -42.39810181 -3.44531846 35.55015945
v -42.60876846 -6.91438913 35.03584671
v -42.64253998 -7.60097837 34.97842026
v -42.96319962 -7.99403429 34.78218842
v -43.17610168 -8.99469090 34.58951950
v -43.37794876 -9.02956009 34.47050476
v -43.76010513 -9.83251762 34.17039871
v -43.91372681 -9.73770523 34.14049149
v -44.32727814 -10.49131775 33.79598236
v -44.48282623 -10.40158939 33.80905914
v -44.92344284 -11.10091972 33.41684341
v -45.03113937 -11.04445076 33.45016479
v -45.39281845 -11.74728775 32.97674179
v -43.81855011 -10.29890537 34.08977890
v -44.18281174 -10.59556484 33.82498550
v -44.77625275 -11.19877148 33.40464401
v -45.25495911 -11.85265064 32.96488953
v -44.56524658 -11.48919487 33.46685028
v -44.64210510 -11.31186008 33.43209076
v -45.13208008 -11.97371674 32.98996353
v -45.39309311 -12.53318024 32.71221924
v -48.91778946 -14.65844822 28.41631126
v -49.34113693 -14.52127457 27.75488663
v -49.81386566 -14.32265091 26.98473930
v -50.25409698 -14.06239605 26.22239494
v -50.64645004 -13.77252769 25.45034027
v -50.96500778 -13.49664116 24.63653755
v -49.31461716 -14.65673447 27.77376747
v -49.68858719 -14.59440231 27.12135315
v -49.79277039 -14.44079494 26.95457649
v -50.20799255 -14.27421951 26.14538383
v -50.22269821 -14.16524696 26.18058395
v -50.59564590 -13.92987442 25.37290382
v -50.62017822 -13.83550549 25.41671371
v -50.36174393 -14.29944038 25.80265617
v -50.58589554 -14.02900505 25.33398628
v -50.93272018 -13.80584145 24.48945618
v -50.99849319 -13.48500729 25.70692253
v -50.96039581 -13.49621964 25.68608475
v -50.68985748 -13.71342278 26.52574348
v -50.64772034 -13.72096539 26.50310707
v -50.29997253 -13.87618637 27.31763649
v -50.34537506 -13.87307835 27.34262085
v -49.91517258 -13.95580769 28.12472534
v -49.96269608 -13.95766544 28.15273857
v -49.49404526 -13.95523739 28.91849518
v -49.54232025 -13.96232224 28.95023918
v -49.04180908 -13.87234211 29.69152260
v -49.08952332 -13.88459396 29.72753143
v -48.56410599 -13.70522022 30.43623734
v -48.61000824 -13.72224808 30.47686577
v -48.06666946 -13.45222378 31.14523315
v -48.10959244 -13.47332287 31.19065285
v -47.55660629 -13.11528301 31.81344032
v -47.59553528 -13.13960457 31.86365509
v -47.04201508 -12.69896698 32.43751526
v -47.07616806 -12.72565842 32.49237061
v -46.53102493 -12.20791054 33.01415634
v -46.55983734 -12.23610973 33.07333374
v -46.05478287 -11.67592525 33.60356522
v -42.55926895 -3.43328452 35.65995407
v -42.57242203 -4.57639885 35.43295670
v -42.80199814 -5.68902969 35.27442932
v -42.67776489 -5.71178865 35.22888184
v -43.08674240 -6.77290249 35.06942368
v -42.96389771 -6.80176258 35.02547073
v -43.42867661 -7.82489634 34.81122589
v -43.30766296 -7.85949087 34.76933670
v -43.82666397 -8.83111000 34.49545288
v -43.70834732 -8.87198734 34.45582199
v -44.19198608 -9.61039639 34.19237518
v -44.07653427 -9.65647697 34.15476227
v -44.59474564 -10.35027409 33.84452438
v -42.49479675 -5.75279236 35.20809937
v -42.78444672 -6.85346746 35.00623322
v -43.13269424 -7.92131042 34.75196457
v -43.53943634 -8.94454002 34.44020844
v -46.80981445 -13.42092609 31.34515762
v -47.34449005 -13.79159546 30.70902252
v -47.87495804 -14.07652378 30.02859497
v -48.39398956 -14.27226448 29.30840683
v -46.91520691 -13.29906559 31.36081314
v -47.43819427 -13.66704655 30.72762108
v -47.95688629 -13.95108986 30.05087090
v -48.46431351 -14.14786053 29.33490944
v -48.95386887 -14.25699615 28.58684731
v -46.99950027 -13.22564697 31.38873482
v -47.51526260 -13.59109020 30.75541496
v -48.02635574 -13.87361431 30.07905769
v -48.52594376 -14.06999302 29.36393356
v -49.00764465 -14.17989922 28.61697578
v -49.46509552 -14.20320797 27.84530640
v -47.12993622 -13.14273834 31.45160675
v -47.63752365 -13.50353146 30.81504631
v -48.13942719 -13.78240108 30.13616943
v -48.62895203 -13.97633457 29.41923141
v -49.10000229 -14.08517456 28.67102623
v -49.54652786 -14.10896492 27.89851952
v -49.96278381 -14.04806709 27.10863113
v -47.26345825 -13.09131813 31.53738785
v -47.76632690 -13.44631767 30.89439964
v -48.26198196 -13.71973801 30.20973396
v -48.74377060 -13.90883160 29.48774910
v -49.20583725 -14.01377106 28.73523903
v -49.64237595 -14.03493786 27.95916176
v -50.04791260 -13.97300053 27.16641426
v -50.42042160 -13.83167934 26.36315918
v -51.40624237 -13.32671547 23.19203377
v -51.62844086 -13.00826359 22.53944588
v -51.67509842 -12.84283447 22.58934212
v -51.76155090 -12.69739246 22.64676857
v -51.45813751 -13.01686382 23.27626419
v -51.54185104 -12.87260914 23.34514236
v -51.63617706 -12.77804279 23.40335846
v -51.77908325 -12.69353104 23.47479630
v -52.00136948 -12.51506424 22.75797081
v -51.93532181 -12.65597153 23.56035233
v -51.85739136 -12.60155296 22.69620705
v -51.41505814 -13.18140697 23.21504974
v -41.61937332 -3.29999995 35.65419769
v -40.93452835 -1.65757132 36.06740952
v -41.06483459 -3.29999995 35.99217987
v -41.02229691 -2.49112868 36.01626587
v -41.12975693 -3.29999995 35.95280838
v -40.95671082 -1.73674548 36.05446243
v -40.89096451 0.00000000 36.09256363
v -51.10154343 -15.42929935 26.92620087
v -51.95788193 -15.28408337 26.43179512
v -51.46623611 -14.98032379 25.64180374
v -52.78952789 -15.00082111 25.95166206
v -50.23687363 -15.42934227 27.42541885
v -50.62537384 -15.80623722 28.15293884
v -49.72259521 -15.65415955 28.67416000
v -49.99095535 -16.07593536 29.32420921
v -49.06584167 -15.76253414 29.85832405
v -49.20027924 -16.19868851 30.41407394
v -48.27445221 -15.71953678 30.94860268
v -48.28484726 -16.04168129 31.30587196
v -47.38734055 -15.41179943 31.82404900
v -47.33249664 -15.67510319 32.09369659
v -46.48274231 -14.91412354 32.58430481
v -46.37509155 -15.14937687 32.80701065
v -45.50701523 -14.17745113 33.30819321
v -45.35383224 -14.38265896 33.48737335
v -44.56151581 -13.28434277 33.94481659
v -43.86022568 -12.09731579 34.34970856
v -43.24458313 -10.83627987 34.70515060
v -42.71067047 -9.51293564 35.01340485
v -42.25666809 -8.13469028 35.27552414
v -41.88091278 -6.70862103 35.49246597
v -48.84711075 -15.35749340 29.17961884
v -48.18777084 -15.30820847 30.36527634
v -47.36439514 -14.73039150 30.84065437
v -47.40950394 -15.11252213 31.44798088
v -46.61149216 -14.39745903 31.90871239
v -46.56180191 -14.67230988 32.30067444
v -45.73696518 -13.74830627 32.77689362
v -44.99610901 -12.72124958 33.20462418
v -44.87748718 -12.91433716 33.51110077
v -44.20317459 -11.77335739 33.90041351
v -44.04333878 -11.93782902 34.15324783
v -43.43827057 -10.69856548 34.50258255
v -42.91274643 -9.39586067 34.80599594
v -46.24258041 -15.37749958 32.97425461
v -47.24840927 -15.93126392 32.30279922
v -48.25864792 -16.32510376 31.55898476
v -49.24808121 -16.54027557 30.74975014
v -50.17884064 -16.53010941 29.84910202
v -50.94691467 -16.23694992 28.77228546
v -51.53767395 -15.80622959 27.62622452
v -47.13874817 -16.17966080 32.45685196
v -48.20242691 -16.60083771 31.75199699
v -49.25479126 -16.84080505 30.98386192
v -50.26849747 -16.88581085 30.16061020
v -51.19206619 -16.70074844 29.26411629
v -51.91364288 -16.23698235 28.21414375
v -52.44055557 -15.65313053 27.10494232
v -48.11978912 -16.86821556 31.89044762
v -49.23058701 -17.13318062 31.15838814
v -50.31203461 -17.19875526 30.37346077
v -51.32657242 -17.06398773 29.54973030
v -52.21740723 -16.70082474 28.67213631
v -52.86972427 -16.07487488 27.66215134
v -53.31557083 -15.35513210 26.59976387
v -49.17899323 -17.41669464 31.27891541
v -50.32365799 -17.50321007 30.52730370
v -51.40956879 -17.38356400 29.73979950
v -52.39781570 -17.06409836 28.93124771
v -53.23076630 -16.52901459 28.08707237
v -53.79429626 -15.76003742 27.12835312
v -50.30680466 -17.79843712 30.62777328
v -51.45957947 -17.69447136 29.87147713
v -52.52119827 -17.38370514 29.09800148
v -53.45603943 -16.88468933 28.32028389
v -54.20870972 -16.19604492 27.52245712
v -51.47995377 -17.99595451 29.95045471
v -52.61050034 -17.69464111 29.20699501
v -53.61888885 -17.19761276 28.46424866
v -54.51221848 -16.58887863 27.75652122
v -52.66896820 -17.99615288 29.26397705
v -53.74658966 -17.50204468 28.55107307
v -54.75261307 -16.96938324 27.89042664
v -53.84229279 -17.79725075 28.58655739
v -54.93629837 -17.33608246 27.93635368
v -45.63599014 -13.96582890 33.07317734
v -44.73134995 -13.10218716 33.75602341
v -56.53897095 -27.60813713 16.09570694
v -56.53897095 -21.26233482 16.09570694
v -56.18897247 -21.26233482 16.00192451
v -56.18897247 -27.60813713 16.00192451
v -60.58179474 -31.10000038 20.79807663
v -61.17844391 -31.10000038 20.45359993
v -60.51346970 -15.84906864 20.83752251
v -61.03931046 -16.60992241 20.53392792
v -61.45295334 -17.45812416 20.29511070
v -39.74209595 -3.29999995 36.10266495
v -41.45698166 -3.29999995 35.75506592
v -41.29377365 -3.29999995 35.85460663
v -40.51483917 -3.29999995 36.30971909
v -52.34679413 -12.66363430 23.91606522
v -52.78200531 -12.79230213 24.59955788
v -53.22742462 -12.97795963 25.26958275
v -53.81773376 -13.31096649 26.11003494
v -54.96257401 -13.01226139 25.44906044
v -55.50397110 -13.44949341 26.22972488
v -56.06725311 -13.34756851 25.90451431
v -56.54637527 -13.87438774 26.59322929
v -57.09211349 -13.80419827 26.27814865
v -57.48689270 -14.40285587 26.85547066
v -58.01064682 -14.36259270 26.55307961
v -58.30577469 -15.01052475 27.00684357
v -58.66826630 -14.64301586 26.48375320
v -58.83400345 -15.08658314 26.77081490
v -53.12951660 -12.27610111 22.53854561
v -54.34996414 -12.08727837 21.83391953
v -53.73822403 -12.16595745 22.18710899
v -54.14786530 -12.24215031 22.87621689
v -53.54208755 -12.35176468 23.22596169
v -54.56796646 -12.37435532 23.56843376
v -53.96727371 -12.48305035 23.91524506
v -54.99158096 -12.56511497 24.25104523
v -54.39822006 -12.67248249 24.59362221
v -55.54278183 -12.90727329 25.11407661
v -54.96291351 -12.04015827 21.48003387
v -55.95528412 -12.09607315 21.78473091
v -56.69627762 -12.38060188 23.06816673
v -55.77654266 -12.25021172 22.87066269
v -55.36666489 -12.11695671 22.17254257
v -57.37918091 -12.84265232 24.25098991
v -56.71013641 -12.78736401 24.44010353
v -56.18540192 -12.44248772 23.56179428
v -55.17165756 -12.29671192 23.21989250
v -54.75666428 -12.16384983 22.52472687
v -57.20055008 -13.23115730 25.25020409
v -57.97774887 -13.46446609 25.28774261
v -57.63892746 -13.76216221 25.96244431
v -58.23807144 -13.82803345 25.73862839
v -58.46898270 -14.22214890 26.13858223
v -58.96459198 -15.54857635 26.99700356
v -58.51985168 -15.68242931 27.31810188
v -57.80690384 -15.04887486 27.29486656
v -58.04678726 -15.71879578 27.59122849
v -57.30901718 -15.11291122 27.58232117
v -57.57465363 -15.77951908 27.86381340
v -56.81359863 -15.20255566 27.86835098
v -57.10486221 -15.86452675 28.13504791
v -55.83606339 -15.45760822 28.43273163
v -56.17789078 -16.10638618 28.67023468
v -56.43985367 -16.75650215 28.76867676
v -57.31615829 -16.52786255 28.26274300
v -57.76026917 -16.44750023 28.00633621
v -58.20659637 -16.39009666 27.74864960
v -59.05878067 -16.02454758 27.16014099
v -58.65380096 -16.35571861 27.49045372
v -59.11565781 -16.50991440 27.25865746
v -55.41774368 -14.83197784 28.05009460
v -56.44404221 -14.56420231 27.45756149
v -56.96416855 -14.47008610 27.15726471
v -54.93186569 -14.25221348 27.52536964
v -56.00334549 -13.97264862 26.90674782
v -54.39252472 -13.73948479 26.87141800
v -55.58790207 -12.48841953 23.90675926
v -56.12588501 -12.83227825 24.77742386
v -56.63334274 -13.27476120 25.57768250
v -58.49532318 -15.99614429 13.93585205
v -59.20928955 -15.82785034 14.65764236
v -59.86992645 -15.71080494 15.44384384
v -59.45827866 -15.05953407 15.68150997
v -60.46401596 -15.64357567 16.26717186
v -60.04591370 -14.98209572 16.50856400
v -60.98355484 -15.62232208 17.10201836
v -60.56341171 -14.95761490 17.34458733
v -61.38592529 -15.63807297 17.84712982
v -60.96729279 -14.97575760 18.08882713
v -61.75492096 -15.68762970 18.63784790
v -61.34104538 -15.03283882 18.87679863
v -62.07879639 -15.77373791 19.46223450
v -61.67318344 -15.13202190 19.69641495
v -62.34616470 -15.89791203 20.30519867
v -61.95247269 -15.27505112 20.53249741
v -62.57557297 -16.09356880 21.30108452
v -62.20065689 -15.50041676 21.51754189
v -62.69943237 -16.33909035 22.26669693
v -62.34807968 -15.78321648 22.46954918
v -62.71111679 -16.62796974 23.17065811
v -62.38748932 -16.11595917 23.35750580
v -62.61093903 -16.95090675 23.98505592
v -62.31830597 -16.48793221 24.15400887
v -62.40604019 -17.29677963 24.68824005
v -62.14660263 -16.88632202 24.83802605
v -62.10930252 -17.65385056 25.26659966
v -61.88413239 -17.29761124 25.39660072
v -61.73749924 -18.01094246 25.71501732
v -61.54660416 -17.70892334 25.82523155
v -57.74599838 -16.21416664 13.30494404
v -58.05329514 -16.82240295 13.12752533
v -57.26870346 -17.04322052 12.62270355
v -58.30196762 -17.45336151 12.98395348
v -57.50009537 -17.63033295 12.48910809
v -58.49136353 -18.09633636 12.87460518
v -57.67633057 -18.22862625 12.38735962
v -58.62261963 -18.74110222 12.79882622
v -57.79846191 -18.82858467 12.31684589
v -58.69841003 -19.37834740 12.75506878
v -57.86898422 -19.42154884 12.27612972
v -58.05154419 -20.00000000 12.34449100
v -57.47636795 -20.00000000 12.07538795
v -57.03920746 -19.47090721 11.93312550
v -56.90414047 -20.00000000 11.87249088
v -56.23379135 -19.52482986 11.73347378
v -56.34037399 -20.00000000 11.73775482
v -55.79049683 -20.00000000 11.67247677
v -55.54504013 -19.57602882 11.67548656
v -55.25981140 -20.00000000 11.67728424
v -54.90771484 -19.62816048 11.72728634
v -54.75341797 -20.00000000 11.75213337
v -54.33149338 -19.67998695 11.87814522
v -54.27620316 -20.00000000 11.89630032
v -54.29248047 -19.35194588 11.90067101
v -53.78340149 -19.41802788 12.13689423
v -54.22491455 -19.02003670 11.93968010
v -53.63721085 -18.85816765 12.22129631
v -54.12741852 -18.68904686 11.99597073
v -53.99940491 -18.36424255 12.06987858
v -54.67058563 -18.47673607 11.86419201
v -54.52184296 -18.09932899 11.95006943
v -55.27466583 -18.26317215 11.83158779
v -55.10506821 -17.83285332 11.92950439
v -55.93076706 -18.05343819 11.90842533
v -55.74068832 -17.57115364 12.01816654
v -56.70179367 -17.83253860 12.12793064
v -56.49014282 -17.29552460 12.25012589
v -53.83275604 -20.00000000 12.10839939
v -59.18862152 -20.00000000 13.07033634
v -59.50258255 -19.34254837 13.35431004
v -59.42242813 -18.66860199 13.40058804
v -59.28361511 -17.98670769 13.48073101
v -59.08331299 -17.30670357 13.59637642
v -58.82031631 -16.63940811 13.74821663
v -60.27167130 -20.00000000 14.02213383
v -60.25888824 -19.31491280 14.05165768
v -60.17536163 -18.61264038 14.09988022
v -60.03071594 -17.90208244 14.18339157
v -59.82199478 -17.19349670 14.30389786
v -59.54794312 -16.49815178 14.46212101
v -60.94897079 -19.29569435 14.82085800
v -61.25907135 -20.00000000 15.16330719
v -61.55997467 -19.28465462 15.63442135
v -62.11288071 -20.00000000 16.45000076
v -62.08485794 -19.28116417 16.46618080
v -62.48326492 -19.28375053 17.21357918
v -61.99721909 -18.54429626 16.51677895
v -62.39594269 -18.54953384 17.26399612
v -61.84544754 -17.79873466 16.60440445
v -62.24471664 -17.80665398 17.35130692
v -61.62644196 -17.05524254 16.73084641
v -62.02649689 -17.06583786 17.47729492
v -61.33889008 -16.32564354 16.89686394
v -61.73998260 -16.33886337 17.64271355
v -62.80028534 -20.00000000 17.83276749
v -62.83979416 -19.29188919 18.01149559
v -62.75346375 -18.56601143 18.06133842
v -62.60395432 -17.83157349 18.14765739
v -62.38821793 -17.09917259 18.27221489
v -62.10495758 -16.38045883 18.43575478
v -63.14200592 -19.30602837 18.84839058
v -63.29486847 -20.00000000 19.25846863
v -63.37813568 -19.32641792 19.70939064
v -63.57762527 -20.00000000 20.67231560
v -63.55832291 -19.35854530 20.73369408
v -63.62041473 -19.39886093 21.73496628
v -63.48011780 -18.70099831 20.77884483
v -63.54712677 -18.78264236 21.77727890
v -63.34468460 -18.03569603 20.85703850
v -63.42020416 -18.15915298 21.85055733
v -63.14925385 -17.37223816 20.96986961
v -63.23705673 -17.53739357 21.95629883
v -62.89265823 -16.72117996 21.11801529
v -62.99658966 -16.92725372 22.09513283
v -63.63768768 -20.00000000 22.01997566
v -63.55942535 -19.44629669 22.68088722
v -63.49192047 -18.87870216 22.71986198
v -63.37501526 -18.30441284 22.78735733
v -63.20631790 -17.73171616 22.88475418
v -62.98482513 -17.16972160 23.01263428
v -63.58314896 -20.00000000 22.65264511
v -63.47274780 -20.00000000 23.24965668
v -63.37800598 -19.49932480 23.54218864
v -63.30755234 -20.00000000 23.80526161
v -63.08609772 -19.55611801 24.29560852
v -63.08914566 -20.00000000 24.31410599
v -62.81963730 -20.00000000 24.77129173
v -62.69952774 -19.61475182 24.92583275
v -62.50162125 -20.00000000 25.17241478
v -62.23789215 -19.67338753 25.42611694
v -62.13816071 -20.00000000 25.51361275
v -62.19807434 -19.33858109 25.44910622
v -62.65255737 -19.21983719 24.95294952
v -62.57122040 -18.82026482 24.99991035
v -62.93825912 -18.64071655 24.38096237
v -62.80302429 -18.18161011 24.45904160
v -63.05871582 -17.94894981 23.72653198
v -62.85843277 -17.44077682 23.84216499
v -62.02960587 -18.66201019 25.54637146
v -62.12911224 -18.99982452 25.48892021
v -61.08683395 -17.17802811 26.09068108
v -61.32862091 -17.42973137 25.95108414
v -61.62701416 -16.96829605 25.54504585
v -61.85035324 -16.50688744 25.00906563
v -61.98415375 -16.05994797 24.34693146
v -62.01794434 -15.64264774 23.57086182
v -61.94687653 -15.26935577 22.70118332
v -61.77254868 -14.95209312 21.76471138
v -61.50292206 -14.69926453 20.79204559
v -61.21002579 -14.53880596 19.96381950
v -60.86845016 -14.42753601 19.14965248
v -60.48926544 -14.36349964 18.36481476
v -60.26143646 -16.62030411 26.56722260
v -60.54852676 -16.77116966 26.40147209
v -60.82527924 -16.95759773 26.24168968
v -60.70687485 -16.19150352 26.07629204
v -61.03330612 -16.41140175 25.88782501
v -60.79017258 -15.61187077 25.62116241
v -61.16628647 -15.86523628 25.40401077
v -60.78831863 -15.05041599 25.03734398
v -61.21255875 -15.33619881 24.79240990
v -60.69546127 -14.52619171 24.33439827
v -61.16463089 -14.84224319 24.06352234
v -60.51109695 -14.05725479 23.53013229
v -61.02046204 -14.40038204 23.23604965
v -60.24047470 -13.65870190 22.64925385
v -60.78400040 -14.02484131 22.33544922
v -59.89411163 -13.34109306 21.72089195
v -60.46486282 -13.72557068 21.39137077
v -59.55251694 -13.13952160 20.92078209
v -60.14054489 -13.53563690 20.58128548
v -59.17716980 -12.99974155 20.12611389
v -59.77717590 -13.40392780 19.77969933
v -58.77855301 -12.91929722 19.35249710
v -59.38545227 -13.32812881 19.00210190
v -59.67551041 -16.42577553 26.90550804
v -59.96887970 -16.50540352 26.73613167
v -59.67712402 -15.78410053 26.67081833
v -60.02316284 -15.87802410 26.47103119
v -59.60369873 -15.14246464 26.30617142
v -60.00240326 -15.25068283 26.07597923
v -59.45004272 -14.52095032 25.81000137
v -59.89976120 -14.64301395 25.55035591
v -59.21543884 -13.94064903 25.18888855
v -59.71279144 -14.07564068 24.90174294
v -58.90428162 -13.42154789 24.45782661
v -59.44424057 -13.56810474 24.14608192
v -58.52590179 -12.98036194 23.63916397
v -59.10206985 -13.13674736 23.30651283
v -58.09366226 -12.62877750 22.76038170
v -58.69868851 -12.79299641 22.41106987
v -57.69756699 -12.40564346 21.99173927
v -58.32090759 -12.57483292 21.63185310
v -57.28442383 -12.25091076 21.21888924
v -57.92046738 -12.42354774 20.85167122
v -56.86405563 -12.16186142 20.45783234
v -57.50740814 -12.33648205 20.08639336
v -59.38555908 -16.37979507 27.07291222
v -59.33511734 -15.72986603 26.86827469
v -59.20964432 -15.07997608 26.53367996
v -59.00556564 -14.45046616 26.06661797
v -58.72388840 -13.86269951 25.47268486
v -58.37062073 -13.33692074 24.76593590
v -57.95644760 -12.89005947 23.96793747
v -57.49568939 -12.53395176 23.10562325
v -57.08148956 -12.30794716 22.34742928
v -56.65579605 -12.15122414 21.58182716
v -56.22820282 -12.06102943 20.82494164
v -58.14897156 -12.58845711 19.71598434
v -59.95903397 -13.81152153 18.67094421
v -60.34424210 -13.88182926 19.45230293
v -60.69628525 -14.00399590 20.26042747
v -61.00427628 -14.18016815 21.07993889
v -61.29768753 -14.45775604 22.03887367
v -61.50186157 -14.80608749 22.95811462
v -61.60804749 -15.21593475 23.80751801
v -61.61350632 -15.67410278 24.56092262
v -61.52175522 -16.16481018 25.19878197
v -61.34181976 -16.67140388 25.70970345
v -61.89895248 -18.33050728 25.62180328
v -60.36824036 -16.01355362 26.27179909
v -60.40000153 -15.40683937 25.84642601
v -60.34822845 -14.81915092 25.29143143
v -60.20875931 -14.27043343 24.61539650
v -59.98270035 -13.77958488 23.83520317
v -59.67663956 -13.36241055 22.97478485
v -59.30204010 -13.02996159 22.06272697
v -58.94252014 -12.81897163 21.27296448
v -58.55474472 -12.67265987 20.48546982
v -60.21808243 -16.39990997 15.24283600
v -60.49982071 -17.11476326 15.08017445
v -60.71439743 -17.84322739 14.95628834
v -60.86310196 -18.57371902 14.87043381
v -60.81763077 -16.34348297 16.06301308
v -61.10378265 -17.06953812 15.89780235
v -61.32172394 -17.80942154 15.77197361
v -61.47275925 -18.55136299 15.68477345
v -62.42184067 -16.45273209 19.26417732
v -62.69944763 -17.15709686 19.10390282
v -62.91087723 -17.87487221 18.98183250
v -63.05739975 -18.59464645 18.89723778
v -62.67913055 -16.55695724 20.11296082
v -62.94858170 -17.24062538 19.95739365
v -63.15379715 -17.93731117 19.83891106
v -63.29601669 -18.63593674 19.75680351
v -62.62546158 -17.73108101 24.56155777
v -62.29973984 -18.03078461 25.15665054
v -62.45384598 -18.42180252 25.06767654
v -54.78387070 -18.86133003 11.79878616
v -54.86238098 -19.24699402 11.75345898
v -55.40383530 -18.70168686 11.75701141
v -55.49335098 -19.14142036 11.70532894
v -56.07553482 -18.54490471 11.82484341
v -56.17585754 -19.03774071 11.76692009
v -56.86299133 -18.37977982 12.03486443
v -56.97470093 -18.92854309 11.97036839
v -63.21125412 -18.46679878 23.63846397
v -63.31696320 -18.98608780 23.57743073
v -63.03197861 -19.10110092 24.32685471
v -51.17040253 -14.86118793 25.19927406
v -51.20252609 -14.87265587 25.24802780
v -61.31270981 -20.00000000 18.18124390
v -61.41653824 -20.00000000 18.41713905
v -61.70611954 -20.00000000 19.18377686
v -61.77946854 -20.00000000 19.41702271
v -58.17698288 -20.00000000 14.19618034
v -58.36426926 -16.62515450 25.95721436
v -57.44650269 -16.46207237 26.41933060
v -57.00294495 -16.51911926 26.67541885
v -57.28636551 -15.97052860 26.22937775
v -56.82391357 -16.03000641 26.49637794
v -57.03745270 -15.45858860 25.88928223
v -56.55531693 -15.52059841 26.16764259
v -56.83942032 -15.14710903 25.60166550
v -56.34530640 -15.21065903 25.88694000
v -56.60766220 -14.84724712 25.25357437
v -56.10202408 -14.91228008 25.54550362
v -56.31230927 -14.53252316 24.79797363
v -55.79457092 -14.59911156 25.09688950
v -55.88584900 -14.17494106 24.12290764
v -55.35436249 -14.24329853 24.42976189
v -55.08951187 -14.28773975 24.58267403
v -54.82551575 -14.33899212 24.73509026
v -55.27940369 -14.69233036 25.39432144
v -54.26289368 -14.95755196 25.98120308
v -54.60614014 -15.26234436 26.40915298
v -54.11943054 -15.42940712 26.69015694
v -54.40791321 -15.71599674 27.00549507
v -58.29846191 -16.23400879 25.84323120
v -58.18038177 -15.82813740 25.63870621
v -58.00315094 -15.40911388 25.33173561
v -57.72889328 -14.94403934 24.85671234
v -57.38032913 -14.51214123 24.25297546
v -56.96818161 -14.13420868 23.53911591
v -53.78201675 -14.61125565 25.33755684
v -53.76453400 -15.12861347 26.26893044
v -53.27042770 -14.78685856 25.63292122
v -54.66487122 -16.01369095 27.25909042
v -55.01063538 -16.50296974 27.54327202
v -55.26375961 -16.97275734 27.67953682
v -56.56158447 -16.59898376 26.93023872
v -55.69071579 -16.82620430 27.43303490
v -55.45578003 -16.35017395 27.28626823
v -55.12895966 -15.85439205 26.99114990
v -54.88352585 -15.55274200 26.73089981
v -56.78190613 -16.55620956 26.80303574
v -56.59346008 -16.06867599 26.62942886
v -56.31505585 -15.56091404 26.30635834
v -56.09907913 -15.25197506 26.02910042
v -55.85005188 -14.95456028 25.69098091
v -55.53656769 -14.64240360 25.24584579
v -56.36375046 -16.11327362 26.76205063
v -56.07557297 -15.60740757 26.44462395
v -55.85364914 -15.29962349 26.17079926
v -55.59889221 -15.00332069 25.83598709
v -36.83477402 -31.10000038 35.44493866
v -38.22853088 -31.10000038 36.48109436
v -37.67467880 -31.10000038 36.26797104
v -37.19842529 -31.10000038 35.91390991
v -61.58396912 -31.10000038 21.15598679
v -61.80828476 -31.10000038 21.70540237
v -61.87678146 -31.10000038 22.29487991
v -61.78442383 -31.10000038 22.88109207
v -53.39974213 -20.00000000 12.35839939
v -60.69960022 -18.73330879 17.26595879
v -59.95811462 -18.83338165 16.10931587
v -59.83648300 -18.23587990 16.17954063
v -59.45117188 -18.85711861 15.48780727
v -59.33201218 -18.27177429 15.55660248
v -60.02834702 -19.42391777 16.06876755
v -59.51997757 -19.43563843 15.44808292
v -58.93431473 -17.11524200 15.78621483
v -59.16007233 -17.68805504 15.65587330
v -59.66096878 -17.64003754 16.28087425
v -60.37962341 -17.51529694 17.45069885
v -58.32548141 -16.04119682 16.13772392
v -58.65533829 -16.56306076 15.94728184
v -59.14575195 -16.49167824 16.57833481
v -59.43052292 -17.05532837 16.41392136
v -59.86000443 -16.39277077 17.75070000
v -57.53103256 -15.12384701 16.59639931
v -57.94882584 -15.55877304 16.35518837
v -58.42456436 -15.46653175 16.99471092
v -58.80904388 -15.95897484 16.77273178
v -59.16071701 -15.40886784 18.15443420
v -56.60088348 -14.42082787 17.13342285
v -57.07908630 -14.74296284 16.85733223
v -57.53676224 -14.63377762 17.50728416
v -57.99809647 -15.02257347 17.24093246
v -58.30863190 -14.60139942 18.64638519
v -56.10481262 -14.16014576 17.41982841
v -55.09237289 -13.82401276 18.00436020
v -55.50878906 -13.69574261 18.67813683
v -56.54225540 -14.03885555 18.08146477
v -57.04862595 -14.30495167 17.78911018
v -56.28166580 -13.63191605 19.81665421
v -57.33649445 -14.00139618 19.20764923
v -61.74301529 -18.79649353 19.70850372
v -61.68411636 -19.43563843 19.19648170
v -61.45760345 -19.42564392 18.58258820
v -61.14667130 -19.41876793 17.89161301
v -60.95309067 -18.22011185 18.00337791
v -61.07580948 -18.82295418 17.93252563
v -61.11751938 -19.12224197 17.90844536
v -61.38758087 -18.83687782 18.62301636
v -61.42879486 -19.13262558 18.59922028
v -61.61531067 -18.85711861 19.23620605
v -61.65580750 -19.14771843 19.21282387
v -60.54350281 -17.02900887 18.23985291
v -60.77600861 -17.61894417 18.10561562
v -61.09132385 -17.64711189 18.79405785
v -61.26631165 -18.24116898 18.69302940
v -61.32421112 -17.68805504 19.40427208
v -61.49615097 -18.27177429 19.30500031
v -61.43899536 -17.63923836 19.88402939
v -59.91646957 -15.92285442 18.60187149
v -60.25618744 -16.46031952 18.40573502
v -60.57765198 -16.50219345 19.09062767
v -60.86156845 -17.06415558 18.92670822
v -60.81947708 -16.56306076 19.69568062
v -61.09845352 -17.11524200 19.53461266
v -60.94529724 -16.57270622 20.16906548
v -59.09827423 -14.97808361 19.07425690
v -59.52855301 -15.42601013 18.82583427
v -59.85862732 -15.48012066 19.50575638
v -60.24195480 -15.97108746 19.28444290
v -60.11296463 -15.55877304 20.10358620
v -60.48962021 -16.04119682 19.88612366
v -60.28089142 -15.63788128 20.55266190
v -58.14031601 -14.25404835 19.62733269
v -58.63281631 -14.58581257 19.34298897
v -58.97348404 -14.64986229 20.01679420
v -59.43343735 -15.03749275 19.75123978
v -59.24322510 -14.74296284 20.60573006
v -59.69517136 -15.12384701 20.34479713
v -59.47130966 -14.87069130 21.02007294
v -57.62941742 -13.98557377 19.92230034
v -56.58671570 -13.63939285 20.52430534
v -56.95158768 -13.71463871 21.18413544
v -57.25651169 -13.82401276 21.75275803
v -57.54545212 -13.94956779 22.13196754
v -58.26895142 -14.16014576 21.16822624
v -57.98195648 -14.05672359 20.58925247
v -58.48681259 -14.32202244 20.29777336
v -58.54766464 -14.30061722 21.55333900
v -58.76502228 -14.42082787 20.88182068
v -59.58754349 -14.94614506 21.46778297
v -59.12782288 -14.63646030 21.73320389
v -59.28098679 -14.76932716 22.13588715
v -58.81590271 -14.52492905 22.40440178
v -58.96423340 -14.67942524 22.78364563
v -58.04182053 -14.37318230 23.31620216
v -58.20220566 -14.55080128 23.65973854
v -58.32732773 -14.71271992 23.93637848
v -58.44060516 -14.88224983 24.19532394
v -59.19408035 -15.00048351 23.43596077
v -59.27956390 -15.16078758 23.71095085
v -59.61876678 -15.22365379 23.19076729
v -59.69063568 -15.37680244 23.47361946
v -60.02815628 -15.49943447 22.95440483
v -60.08689880 -15.64373970 23.24483490
v -60.15290070 -15.89571285 23.68862534
v -60.17876053 -16.15744781 24.07564735
v -59.82922363 -15.92198944 24.27745056
v -59.83703232 -16.34179497 24.72510529
v -59.51176453 -16.17086792 24.91289902
v -59.48794174 -16.59442902 25.20700455
v -58.89752960 -16.39841080 25.54788017
v -58.89333725 -16.73038673 25.66348457
v -58.65092850 -14.38585377 22.00853920
v -57.67761993 -14.06271267 22.57048035
v -57.86670303 -14.20979309 22.95242119
v -58.60183334 -15.17826843 24.58413506
v -59.39226532 -15.44069481 24.12777901
v -59.77956009 -15.64421463 23.90417480
v -58.72660446 -15.48575687 24.91404915
v -59.46662903 -15.73144722 24.48679543
v -58.84791946 -15.95047092 25.29617119
v -59.42932892 -16.90833855 25.35402870
v -59.77723312 -16.74644852 25.03998375
v -60.15058517 -16.55301666 24.54407501
v -60.50910568 -16.43585014 23.88492203
v -60.44692612 -16.80275726 24.37298584
v -60.72086716 -17.08793449 24.21482468
v -60.31966019 -17.15642166 24.72681236
v -60.56329727 -17.41005325 24.58614731
v -60.18437958 -17.41852951 24.91809845
v -60.40556335 -17.64878273 24.79039955
v -60.60496521 -17.90418053 24.67527390
v -60.77959442 -18.18045998 24.57445145
v -59.69195175 -17.04634476 25.20240211
v -60.05609894 -16.93430519 24.87897873
v -59.94511414 -17.21688652 25.05623817
v -60.78294754 -17.69138336 24.45933342
v -59.41619110 -14.91692734 22.52270699
v -59.53319550 -15.07738304 22.89129066
v -59.09550095 -14.84737778 23.14399338
v -42.41207123 6.95996380 36.94393158
v -42.31816483 7.13278627 36.99875259
v -42.20866013 7.29765654 37.06383896
v -42.25538635 7.20397854 37.03469086
v -42.37722778 6.94167376 36.95666885
v -42.32075500 7.01686382 36.98479462
v -42.29281235 7.10993290 37.00793076
v -42.34084702 6.92384768 36.96488571
v -42.56206512 6.36981297 36.84397125
v -42.48657608 6.37260485 36.88582230
v -42.54085541 6.68058872 36.86603546
v -42.44492340 6.71937275 36.91495895
v -42.31613922 6.38055182 36.91674805
v -42.40387344 6.37569141 36.91048050
v -42.43732452 2.45493698 36.79028320
v -42.40621567 1.15441787 36.78159332
v -42.27586746 0.94277805 36.87498856
v -42.11253357 1.59579670 36.90963745
v -42.32725525 3.03214312 36.88037872
v -42.16630554 3.19075394 36.91151428
v -42.36917877 4.06955004 36.88504410
v -42.24460602 4.78472471 36.91424942
v -42.53031540 5.06034994 36.82135773
v -42.48215485 3.75628948 36.80325699
v -41.85949707 6.01463938 36.90079880
v -41.26265717 5.71197081 36.87995911
v -41.20405579 5.68912411 36.87791061
v -41.14487076 5.66784668 36.87584686
v -41.08514023 5.64815378 36.87376022
v -40.66363525 5.55215979 36.85903931
v -40.23176956 5.51891232 36.84395981
v -39.79927444 5.54225540 36.82885742
v -39.37531662 5.62711430 36.81405258
v -38.64946747 5.88189459 36.78870392
v -38.05690002 6.19468784 36.76800919
v -42.25278091 6.79262304 36.96452713
v -42.28167343 7.08563137 37.00803757
v -42.21712112 7.10667753 37.03974915
v -42.18521881 7.18557787 37.06979370
v -42.04578781 6.60297680 36.97005463
v -41.77801132 6.43021536 36.97746658
v -41.45420837 6.27897549 36.98675919
v -41.35471725 6.45504379 37.10914230
v -41.01672745 6.29903221 37.09779358
v -41.31032181 6.53220034 37.18701553
v -40.92380524 6.50598526 37.35289383
v -41.46233749 6.66497660 37.23202896
v -41.13424301 6.02366400 36.93378067
v -41.61576462 6.64741468 37.13690186
v -41.86850357 6.85722399 37.14087296
v -41.86810684 6.77791166 37.09585571
v -42.06299210 6.92040825 37.06441116
v -42.12390137 6.87957048 37.02476501
v -42.12103271 7.07265902 37.08419800
v -41.92456436 6.72261810 37.04623413
v -41.66664886 6.57981777 37.07445145
v -38.25196457 6.85738850 37.01292419
v -38.73928452 7.14050388 37.37497711
v -38.28770828 6.79391289 36.99860764
v -39.02487946 7.29547358 37.53975677
v -39.03337860 7.30000019 37.54421616
v -38.22296524 6.92565060 37.01621246
v -38.20170975 6.99634790 37.00837326
v -37.96162415 6.19468784 36.75304794
v -38.03866196 6.39769030 36.77972412
v -37.92073059 6.46735859 36.75136948
v -38.06106949 6.58440018 36.82099915
v -37.94973755 6.59646511 36.78053284
v -38.14025879 6.72893524 36.89648056
v -38.10859680 6.83764458 36.91852951
v -38.20605087 6.77224398 36.94545746
v -37.87269974 6.19468784 36.71571732
v -37.81534576 6.44841576 36.67753601
v -37.88429642 6.68549538 36.74108124
v -37.79529190 6.19468784 36.65818787
v -38.01415634 6.88031673 36.85540390
v -37.91603088 3.09734392 36.73707581
v -37.91603088 -0.00000000 36.73707581
v -37.91603088 -3.09734392 36.73707581
v -37.43196487 9.33333302 36.27819824
v -37.43196487 -9.33333302 36.27819824
v -38.17341995 -9.33333302 36.98615646
v -36.83477402 28.00000000 35.44493866
v -37.43196487 28.00000000 36.27819824
v -38.17341995 28.00000000 36.98615646
v -38.17341995 9.33333302 36.98615646
v -39.03337860 28.00000000 37.54421616
v -39.41005707 6.97571707 37.68041992
v -39.48254013 6.68648291 37.54196930
v -38.86183548 6.61057043 37.14326859
v -39.59461212 6.46355724 37.32790375
v -39.38499069 7.30000019 37.72829437
v -40.98022461 5.97433615 36.93043900
v -41.12461472 5.82270193 36.88702011
v -41.00418472 6.14572382 37.00277710
v -40.95830917 6.26487255 37.08720016
v -40.80736542 6.47407675 37.36436462
v -40.88375473 6.26117611 37.10082626
v -38.47413635 6.09818506 36.79018784
v -38.59501266 6.34632921 36.87020874
v -38.64175415 6.44415188 36.92781067
v -39.06429291 6.32781172 36.98257828
v -39.54318237 6.24886370 37.05692673
v -39.02443314 6.21560860 36.90946960
v -39.46697998 5.95821333 36.87837219
v -38.91769028 5.92384911 36.80796051
v -40.00408173 5.68503141 36.84917831
v -40.22954178 5.68014383 36.85712433
v -40.82260132 5.74056721 36.87712479
v -40.74306107 6.08472681 37.00122070
v -40.71247482 6.21035814 37.09074783
v -40.51547241 6.42607975 37.38504028
v -40.20298767 6.40945625 37.38841629
v -40.21615601 6.17150831 37.08615494
v -40.02615738 6.17453384 37.07814407
v -40.22091675 6.04094219 36.99084473
v -40.02147293 6.04436922 36.98303223
v -39.88936234 6.42112780 37.36690903
v -40.90798950 6.69649315 37.57515335
v -40.42936707 6.63138008 37.66293716
v -39.95403290 6.63138008 37.65415955
v -39.92129517 6.94195271 37.84141922
v -40.45516968 6.94195271 37.85127640
v -40.97287750 6.98169041 37.71109009
v -40.46416855 7.30000019 37.91696167
v -40.99528503 7.30000019 37.75802994
v -39.90987778 7.30000019 37.90672684
v -41.02922440 6.72583008 37.53548431
v -41.09666061 6.99894857 37.65228653
v -41.03737259 7.30000019 37.73725891
v -41.07890701 7.30000019 37.71539688
v -42.48113632 2.33388996 36.73484802
v -42.61240005 3.50771379 36.65058899
v -42.92125702 5.23338699 36.44656754
v -42.88106918 6.87956953 36.62137604
v -43.38975906 8.67896748 36.32768250
v -43.25352478 6.74200439 36.24641800
v -43.74877930 8.49336338 35.96048355
v -43.37268829 6.90729570 36.13272858
v -43.97228241 8.49886417 35.68950272
v -44.25323486 9.88599491 35.66923523
v -44.32827377 9.25264359 35.41248703
v -44.54530334 9.66741657 35.23926544
v -44.72002792 9.96988869 35.09343719
v -45.11914444 10.94848251 34.90795898
v -45.14577866 10.64606667 34.72943497
v -45.60075760 11.27673149 34.32013702
v -45.77798843 12.14342022 34.52757263
v -45.97590637 11.85592175 34.05477905
v -46.69456863 12.91304684 33.63985825
v -46.07900620 11.85553551 33.86547089
v -46.57456970 12.37612724 33.36537552
v -46.80930328 12.60103321 33.12215424
v -47.08066940 12.83269119 32.82029343
v -47.41771317 13.33684635 32.77088928
v -47.58943939 13.22117138 32.23217392
v -48.07447433 13.99492645 32.39170837
v -48.07843399 13.64389706 31.84926796
v -48.74834061 14.18630123 31.46249580
v -48.09298325 13.53758717 31.60370255
v -48.58319092 13.77875423 30.93855095
v -48.66580963 13.83701229 30.88554764
v -49.05324554 13.94334698 30.24086952
v -49.33961868 14.26041412 30.49652290
v -49.67061234 14.16273403 29.60166740
v -49.86632538 14.51196480 30.19242859
v -50.18203735 14.34389877 29.30639648
v -50.40767670 14.70368195 29.87987900
v -50.70251846 14.46556759 29.00589561
v -50.95968246 14.83276176 29.56117821
v -51.22864151 14.52546024 28.70213890
v -51.51834869 14.89640141 29.23863411
v -51.75688171 14.52192307 28.39715767
v -52.07953644 14.89256763 28.91463089
v -52.28327179 14.45581818 28.09324646
v -52.63856506 14.82232380 28.59187508
v -52.80373383 14.32863903 27.79275894
v -53.19059753 14.68750572 28.27315903
v -53.46817017 14.26469231 27.67358398
v -54.08471298 14.83247280 28.31996346
v -53.55204391 15.08502293 28.68907738
v -53.88462448 15.51614285 29.03721619
v -53.25968552 15.66857910 29.39802361
v -53.51989746 16.13758850 29.69925499
v -52.84372711 16.22265625 30.08964157
v -53.02304840 16.72035408 30.34463692
v -52.29934692 16.72561836 30.76246643
v -52.39161301 17.24148750 30.97054100
v -51.62723160 17.15415192 31.41185570
v -51.62876511 17.67681885 31.57089233
v -50.83262253 17.49034119 32.03054428
v -50.05950165 17.21689987 32.47690582
v -49.31785583 16.86333656 32.90509415
v -50.14544678 16.71980476 32.26736450
v -49.44331360 16.38499641 32.67274094
v -50.18388748 16.23413086 31.98382568
v -49.52035141 15.91763878 32.36692047
v -50.17501068 15.76519108 31.63042450
v -49.54873276 15.46638298 31.99200821
v -50.11899948 15.31830502 31.21129990
v -49.52822495 15.03634739 31.55238342
v -50.01604462 14.89879036 30.73058891
v -49.45859909 14.63265228 31.05242920
v -43.90770721 10.10968685 36.02864838
v -44.84423065 11.20595646 35.32802582
v -44.51625061 11.46945858 35.67730331
v -45.52536774 12.44116306 34.93476868
v -46.52426910 13.24045181 34.09671021
v -47.32893753 13.67979717 33.27360535
v -45.22019577 12.74588108 35.27088165
v -46.30024719 13.57952690 34.48739243
v -47.18587875 14.03966713 33.71472931
v -48.01659393 14.36885929 32.87658691
v -48.77844238 14.56511021 31.98527145
v -46.02434158 13.92655373 34.80660629
v -46.74303055 14.79381752 34.39167023
v -47.53104782 15.58353519 33.93671036
v -48.38917542 16.27945328 33.44127274
v -52.43946075 17.76948547 31.10283661
v -53.16114044 17.23581314 30.52625465
v -53.74304962 16.62973976 29.92894173
v -54.18523788 15.97539234 29.31511879
v -54.64201355 15.47661209 28.80704689
v -53.25588608 17.76338768 30.63147354
v -54.06772995 17.66112137 30.16275597
v -54.86432266 17.46717834 29.70284271
v -55.52125168 16.92347336 29.25582695
v -54.67818451 16.95638466 29.65038872
v -55.12516785 16.17988205 29.12180710
v -54.45079041 16.45729828 29.52032852
v -52.80887604 13.78845501 26.88519478
v -52.37401199 13.99622059 27.22413445
v -51.88279724 14.11631966 27.50773811
v -51.38663483 14.17858601 27.79419708
v -50.88891602 14.18184662 28.08155632
v -50.39293289 14.12542439 28.36791039
v -49.91035843 14.04666042 28.77293396
v -50.28802872 13.99086094 28.01699638
v -50.62817001 13.86824989 27.25464439
v -50.99042511 13.88719845 27.14047050
v -50.93011856 13.68445206 26.49054146
v -51.46092987 13.82818699 26.86882401
v -51.46960068 13.48585033 25.92742729
v -51.92732239 13.71409512 26.59955215
v -52.12446213 13.41649914 25.97588348
v -51.43323517 13.15877247 24.96996880
v -49.49756622 14.03200150 29.51657867
v -46.99006653 14.41236973 34.08912659
v -47.90595245 14.76124096 33.29899216
v -48.75684738 14.96863461 32.44920349
v -47.74371719 15.16761780 33.65400314
v -48.68428040 15.39206982 32.84962463
v -48.56147766 15.83061123 33.18186951
v -50.87596512 16.97822380 31.84560013
v -50.87278748 16.47787476 31.58608818
v -51.58021927 16.64349556 31.17765427
v -50.82373428 15.99476719 31.25588417
v -51.48884201 16.15043831 30.87188530
v -52.16427612 16.22752953 30.48192215
v -50.72943878 15.53438187 30.85886383
v -51.35421371 15.68057156 30.49814796
v -51.98801041 15.75286484 30.13222694
v -52.62528992 15.74836063 29.76429367
v -50.59053802 15.10219479 30.39890289
v -51.17745590 15.23948288 30.06004715
v -51.77216339 15.30727291 29.71669197
v -52.36985397 15.30311680 29.37161636
v -52.96503830 15.22829533 29.02798653
v -53.92653275 17.13944626 30.08435440
v -38.65851974 28.00000000 36.53823471
v -39.09133530 28.00000000 36.50946426
v -39.50997925 28.00000000 36.39591599
v -38.22853088 28.00000000 36.48109436
v -37.02590179 28.00000000 34.39807510
v -36.58934402 28.00000000 34.80557251
v -36.55350113 28.00000000 34.12165451
v -36.73075485 28.00000000 33.46013641
v -37.71872330 28.00000000 33.99807739
v -37.10375595 28.00000000 32.88576889
v -38.06872177 28.00000000 33.90429306
v -37.63598633 28.00000000 32.45477295
v -38.41872406 28.00000000 33.99807739
v -38.67494202 28.00000000 34.25429535
v -39.61765671 28.00000000 36.32530594
v -39.98474884 28.00000000 36.44256210
v -39.38499069 28.00000000 37.72829437
v -39.87493896 28.00000000 36.33275604
v -39.68581772 28.00000000 36.21606445
v -39.70190430 28.00000000 36.08831024
v -39.66295242 28.00000000 35.96558380
v -40.13474655 28.00000000 36.48275375
v -39.95621490 28.00000000 37.91420364
v -40.55680084 28.00000000 37.90179825
v -60.83275604 28.00000000 24.53275490
v -62.13816071 28.00000000 25.51361275
v -62.50162125 28.00000000 25.17241478
v -60.87294769 28.00000000 24.38275528
v -61.06993484 28.00000000 23.94826889
v -60.95494843 28.00000000 24.00621796
v -60.83275604 28.00000000 24.23275566
v -60.82625961 28.00000000 24.01062393
v -60.70758057 28.00000000 23.96067810
v -60.62076569 28.00000000 23.86558151
v -61.37759399 28.00000000 23.64248848
v -62.81963730 28.00000000 24.77129173
v -63.08914566 28.00000000 24.31410599
v -61.61891556 28.00000000 23.28204536
v -63.30755234 28.00000000 23.80526161
v -61.78442383 28.00000000 22.88109207
v -63.47274780 28.00000000 23.24965668
v -63.58314896 28.00000000 22.65264511
v -63.63768768 28.00000000 22.01997566
v -61.74373627 28.00000000 20.12722778
v -63.57762527 28.00000000 20.67231560
v -61.81893921 28.00000000 20.06554794
v -61.87041473 28.00000000 19.98319817
v -60.58179474 28.00000000 20.79807663
v -61.89271545 28.00000000 19.88863182
v -63.29486847 28.00000000 19.25846863
v -61.88406372 28.00000000 19.79185677
v -61.50294876 28.00000000 18.63833809
v -62.80028534 28.00000000 17.83276749
v -60.97024155 28.00000000 17.49643326
v -62.11288071 28.00000000 16.45000076
v -60.30892563 28.00000000 16.41312027
v -61.25907135 28.00000000 15.16330719
v -59.54198074 28.00000000 15.43537903
v -60.27167130 28.00000000 14.02213383
v -59.32412720 28.00000000 15.19999695
v -59.10185623 28.00000000 14.97626209
v -59.02246094 28.00000000 14.92118645
v -59.18862152 28.00000000 13.07033634
v -58.92979431 28.00000000 14.89379025
v -58.83328247 28.00000000 14.89743710
v -58.74279785 28.00000000 14.93161678
v -58.05154419 28.00000000 12.34449100
v -56.37916183 28.00000000 13.51890755
v -57.47636795 28.00000000 12.07538795
v -56.90414047 28.00000000 11.87249088
v -56.34037399 28.00000000 11.73775482
v -55.94917297 28.00000000 13.46176624
v -55.79049683 28.00000000 11.67247677
v -55.51636124 28.00000000 13.49053478
v -55.25981140 28.00000000 11.67728424
v -54.75341797 28.00000000 11.75213337
v -55.09771729 28.00000000 13.60408497
v -54.62294769 28.00000000 13.55743694
v -54.99003983 28.00000000 13.67469215
v -54.73275375 28.00000000 13.66724491
v -54.92187881 28.00000000 13.78393459
v -54.90579224 28.00000000 13.91168785
v -57.58179474 28.00000000 15.60192394
v -54.94474411 28.00000000 14.03441811
v -54.47294617 28.00000000 13.51724529
v -54.27620316 28.00000000 11.89630032
v -53.83275604 28.00000000 12.10839939
v -54.32294846 28.00000000 13.55743694
v -53.39974213 28.00000000 12.35839939
v -52.90569687 28.00000000 12.78389168
v -52.60169601 28.00000000 13.36070156
v -52.52994156 28.00000000 14.00875759
v -52.78276825 28.00000000 14.44666100
v -59.03110123 14.25067902 16.14011574
v -57.75517654 14.03518963 14.83262825
v -58.52966690 13.92110538 15.90372753
v -57.68896866 13.79101944 14.97698307
v -57.58923340 13.57765293 15.14834404
v -57.45918274 13.40215302 15.34114838
v -58.89693069 13.93835354 16.43754768
v -60.34492874 14.67066383 17.45497513
v -59.45138931 14.26134777 16.70660019
v -58.98829651 14.08068752 16.30820274
v -60.34539413 14.67187023 17.45361710
v -60.35117722 14.67433262 17.45924568
v -60.35742569 14.67800808 17.46351433
v -60.35167694 14.67562962 17.45779991
v -60.34592819 14.67325592 17.45208549
v -57.01499176 13.25734806 14.79020977
v -57.38568878 13.63930130 14.76159477
v -57.41850281 13.96962357 14.49693489
v -57.13000488 13.54600239 14.49862194
v -57.09604645 13.84725571 14.20253277
v -56.85275269 13.39099598 14.22882938
v -56.79607391 13.67223644 13.94386673
v -56.58350754 13.26841164 13.89386749
v -56.52827072 13.44826984 13.71423721
v -56.60670471 13.10313606 14.09318542
v -56.59578323 12.95727921 14.30809975
v -55.79238892 11.79837418 13.00257492
v -55.80032730 11.79548359 13.01647758
v -55.80640411 12.10215855 13.01905346
v -55.85178375 11.92046738 13.10806847
v -55.99321747 12.32413960 13.32202435
v -55.94136810 11.95893955 13.30395317
v -56.02206421 12.12089825 13.47440910
v -55.80812454 11.79259396 13.03046131
v -55.81577301 11.78970432 13.04452515
v -56.18397141 12.42963696 13.76217747
v -56.17685699 12.68146896 13.54553509
v -56.05288696 12.87088871 13.27622604
v -56.39617157 12.97776985 13.78357887
v -56.35145569 13.27612495 13.55220127
v -56.37380981 12.71190929 14.03208351
v -55.85819626 12.37992382 13.07908344
v -55.80704880 11.78323650 13.02859497
v -55.80205536 11.78530216 13.01959991
v -55.80276489 11.78049564 13.02090263
v -55.79489136 11.77962971 13.00695610
v -55.79836273 11.77771187 13.01307201
v -55.79459000 11.77917290 13.00643349
v -55.79335022 11.77466297 13.00428295
v -55.79118347 11.77334976 13.00050354
v -55.79052734 11.77293682 12.99936104
v -55.79034805 11.77281475 12.99905109
v -55.79030228 11.77277851 12.99897099
v -55.79028702 11.77275848 12.99894333
v -55.79029083 11.77276611 12.99895096
v -55.79700089 11.78736877 13.01063919
v -55.79188538 11.78943443 13.00171280
v -55.79101562 11.78054810 13.00020409
v -55.80320740 11.79219246 13.02161694
v -55.80279160 11.79147053 13.02087784
v -55.80051041 11.78777790 13.01684284
v -55.79028702 11.79134083 12.99894333
v -55.46083069 13.28814507 12.58720779
v -56.05628586 13.49538898 13.15479946
v -56.13815308 13.17260551 13.31825638
v -56.70847702 14.14495468 13.62313652
v -57.05075073 14.22344112 13.94656277
v -57.37972641 15.02177620 13.79092216
v -57.66759109 14.94932461 14.09045219
v -58.36494827 15.61182213 14.14419174
v -57.81452179 16.13159561 13.39813805
v -57.22078705 15.25596619 13.53187180
v -56.59787369 14.41809559 13.40741253
v -56.47140121 14.68924904 13.20335579
v -55.96102524 13.81542587 12.99921894
v -56.33081436 14.95639229 13.01320171
v -55.85352325 14.13069916 12.85324860
v -55.60628891 14.74147606 12.59562302
v -55.01447296 14.67912483 12.28797436
v -55.32344437 15.32455063 12.38850880
v -55.01417160 15.87950993 12.23657417
v -55.66083908 15.96287060 12.41866875
v -55.28391647 16.42425919 12.22900772
v -56.00644684 16.56019592 12.38187313
v -55.55156326 16.93735695 12.17325020
v -55.82672882 17.43892288 12.07028103
v -55.09614182 17.28108215 12.05168533
v -55.16800308 17.75897598 11.94493771
v -54.72513580 17.54125023 12.01421356
v -54.55060959 18.01658249 11.95857525
v -54.36535645 17.77988434 12.03090096
v -53.97529602 18.21706963 12.09273434
v -53.68173218 18.19737816 12.21593189
v -53.41700745 18.33963776 12.34848785
v -53.41503525 18.33451271 12.34962940
v -53.40838242 18.34068298 12.35342503
v -53.39974213 18.34168816 12.35839939
v -57.04575348 15.48777485 13.28906536
v -57.18190002 16.61926460 12.79263592
v -56.85693359 15.71529198 13.06494141
v -56.44673157 16.15180779 12.67972565
v -56.01410675 15.47286987 12.68134212
v -56.50769806 17.05733871 12.34976959
v -54.48503494 15.95510197 12.13662434
v -54.14009094 17.23032761 12.11791992
v -53.92938995 17.14298058 12.15835857
v -53.61147690 18.01499748 12.25310040
v -53.41099930 18.32402802 12.35195160
v -53.64767075 18.10823631 12.23471928
v -53.41306305 18.32938766 12.35076618
v -54.68920135 16.40658760 12.14261532
v -54.41406631 16.82557678 12.10987854
v -54.89631271 16.85577774 12.11300850
v -54.57384872 17.19255257 12.07211399
v -54.25650024 17.51173401 12.07982635
v -58.84509659 14.37668991 15.77969837
v -57.88056183 14.13532925 14.89918709
v -59.83346939 14.73804760 16.56800652
v -59.31533432 14.91592979 15.70156193
v -58.82012558 15.20830441 14.88626194
v -58.32520294 14.69373322 14.91066074
v -56.02474213 -0.00000000 13.87394333
v -55.90657043 -0.00000000 14.50611687
v -55.56800842 -0.00000000 15.05291080
v -55.05478287 -0.00000000 15.44047928
v -54.43621063 -0.00000000 15.61647892
v -53.79583359 -0.00000000 15.55713844
v -53.22013092 -0.00000000 15.27047348
v -53.51184464 9.23534393 15.44917107
v -53.24980927 9.51473045 15.29321480
v -53.03385544 9.91649532 15.10735989
v -52.78686142 -0.00000000 14.79520035
v -52.86098099 10.39739895 14.90548897
v -52.63059616 11.50799656 14.47609997
v -52.55453873 -0.00000000 14.19550514
v -52.53191757 12.71707153 14.03137589
v -52.53099823 12.74476814 14.02126312
v -52.53013229 12.77245140 14.01115417
v -52.53003693 12.77572918 14.00995731
v -52.52994156 12.77901459 14.00875759
v -52.55453873 -0.00000000 13.55238247
v -52.55453873 14.00000000 13.55238247
v -52.78686142 14.00000000 12.95268726
v -53.22013092 14.00000000 12.47741318
v -53.39974213 20.00000000 12.35839939
v -53.79583359 14.00000000 12.19074917
v -54.43621063 14.00000000 12.13140869
v -54.43621063 -0.00000000 12.13140869
v -55.05478287 -0.00000000 12.30740833
v -54.43621063 -14.00000000 12.13140869
v -53.79583359 -14.00000000 12.19074917
v -53.22013092 -14.00000000 12.47741318
v -52.55453873 -14.00000000 13.55238247
v -52.78686142 -14.00000000 12.95268726
v -55.05478287 -14.00000000 12.30740833
v -55.56800842 -0.00000000 12.69497681
v -55.90657043 -0.00000000 13.24177074
v -55.80675888 11.77195168 13.02813339
v -55.81505585 11.77090740 13.04336071
v -55.91849518 11.71029854 13.27392673
v -55.98714066 11.57628059 13.51312447
v -56.02474213 11.27061844 13.87428093
v -55.99124908 10.89814854 14.21514416
v -55.89251328 10.49618912 14.53999424
v -55.73233795 10.10601234 14.84098434
v -55.51421738 9.75415230 15.10834980
v -55.24154282 9.46368980 15.33187294
v -54.92037201 9.25578117 15.49983597
v -54.56660080 9.13731384 15.59885025
v -54.19771576 9.10000038 15.62224770
v -53.80974960 9.11742687 15.56103706
v -53.65754318 9.15404797 15.51147556
v -55.05478287 14.00000000 12.30740833
v -52.52994156 16.30249596 14.00875759
v -52.52993011 16.29039001 14.00888538
v -52.78686142 -0.00000000 12.95268726
v -53.22013092 -0.00000000 12.47741318
v -53.79583359 -0.00000000 12.19074917
v -53.14701843 12.01475334 18.29453659
v -53.33837891 11.89731312 17.58690643
v -53.03288651 12.02683258 18.12625885
v -53.26878357 11.87585545 17.44211388
v -52.93605042 12.06119156 17.86855125
v -53.16650772 11.87866020 17.18033409
v -52.85750580 12.11245537 17.53297234
v -53.03607559 11.92588711 16.80864334
v -52.79350281 12.17819405 17.13431931
v -52.90330505 12.02468395 16.34944916
v -52.71799088 12.29780197 16.45981598
v -52.78058624 12.16978741 15.82228088
v -52.65517426 12.43923759 15.70775127
v -52.72480774 12.25646496 15.53870678
v -52.67371750 12.35082626 15.24473953
v -52.76864624 12.05395699 15.31941700
v -52.69948196 12.18567657 15.06977749
v -52.78203201 11.84262943 15.10429668
v -52.70550156 12.01601982 14.89724445
v -52.78037643 11.78528595 15.04811096
v -52.70372009 11.97032928 14.85193443
v -52.77052307 11.67003155 14.93785191
v -52.69591904 11.87884045 14.76261234
v -52.73228836 11.46427536 14.74956036
v -52.66864777 11.71634197 14.60846996
v -52.61590195 11.97604084 14.46257877
v -52.57480621 12.24118900 14.31315517
v -52.58382797 12.32063198 14.39250088
v -53.51013184 11.59769249 16.92973137
v -53.48468781 11.53334904 16.80404472
v -53.37408447 11.53076744 16.63317490
v -53.20133972 11.59329224 16.35820389
v -53.01694107 11.73013973 15.99385262
v -52.84561539 11.93282032 15.55818939
v -53.65102005 11.13552666 16.36607742
v -53.61775589 11.03892422 16.24942780
v -53.48175049 11.07450104 16.14022827
v -53.27745819 11.19453621 15.93901062
v -53.06353378 11.40085125 15.65406418
v -52.86834335 11.68077755 15.30092335
v -53.63749313 10.88526249 16.12138557
v -53.75181580 10.54110432 15.93288612
v -53.65599060 10.55560398 15.89555645
v -53.62265778 9.91663933 15.59966755
v -53.48972321 10.64883423 15.80643940
v -53.41148758 10.09992599 15.49680328
v -53.27074432 10.83997440 15.63994312
v -53.18747330 10.39488316 15.33853054
v -53.05106354 11.11989212 15.40151882
v -52.98103333 10.77570915 15.13131714
v -52.85555267 11.47238541 15.10401535
v -52.80606842 11.22202396 14.88457775
v -53.80590439 9.85338116 15.65854645
v -52.53488922 12.76576710 14.07292080
v -52.58847427 12.55740547 14.63441944
v -52.62803268 12.45157337 14.94257736
v -52.58728790 12.36565971 14.43783188
v -52.58855820 12.38825417 14.46069336
v -52.59059143 12.47302246 14.54718304
v -53.49227142 10.93764496 16.02206802
v -53.28194809 11.07920361 15.83512211
v -53.06428909 11.30852222 15.56760120
v -52.86712265 11.61175346 15.23420048
v -52.63320160 12.09648323 14.58019638
v -52.63880920 12.16456223 14.64779854
v -52.64044571 12.19865799 14.68197346
v -52.63962936 12.32601929 14.81159306
v -54.07006836 12.00000000 18.51943779
v -53.70938492 11.91360950 17.77625275
v -54.10310364 11.90118504 17.76958847
v -53.76931381 11.77920532 17.38084793
v -54.13389206 11.61147404 17.07084274
v -53.82474899 11.58981228 17.00779915
v -54.16032791 11.15060997 16.47081566
v -53.91751862 11.06247044 16.35993004
v -54.18061447 10.55000019 16.01039696
v -53.96558380 10.57149792 15.99993610
v -53.99945831 9.86441803 15.70588207
v -54.19336319 9.85057545 15.72096729
v -57.43289566 13.22219658 15.84419632
v -57.05492401 13.16106701 15.19471741
v -56.63943863 12.79374027 14.97862339
v -56.66687393 12.95049953 14.57566357
v -56.36075211 12.52030563 14.40499783
v -56.35842896 12.67063046 14.04882336
v -56.19701004 12.32585526 13.95495987
v -56.06840897 11.88939285 13.82818699
v -56.02691269 11.50207996 14.33786583
v -56.06485748 11.70736790 14.08836460
v -56.19183350 12.16306210 14.26504040
v -55.86254120 11.06416321 14.78997803
v -55.71713257 10.81050587 15.02215958
v -55.54412460 10.57588673 15.22199154
v -55.34955978 10.36699867 15.38854313
v -55.13947678 10.19053555 15.52088547
v -54.91875458 10.05204201 15.61914349
v -54.92205429 10.75097942 15.94946480
v -54.68748474 10.66339588 16.00482750
v -54.73391724 11.17303085 16.39879799
v -54.59815979 11.14054394 16.41324806
v -54.68462753 11.65902233 17.08592796
v -54.50699615 11.63289070 17.08938026
v -54.58148575 11.94211292 17.87961388
v -54.34372330 11.92461777 17.86458588
v -54.72082520 12.01887989 18.57876396
v -54.32373428 11.61127472 17.07801247
v -54.31359482 11.09024239 16.41201782
v -54.31318665 10.57968426 16.02754211
v -54.32098007 9.86911106 15.72745705
v -54.44595718 9.88827229 15.72209549
v -54.56819153 9.91580677 15.70834446
v -54.68770981 9.95205307 15.68644333
v -54.56625366 10.62931538 16.02062416
v -54.81298065 11.96541405 17.87330818
v -55.33726120 12.07829189 18.50358963
v -55.03737259 11.99469280 17.84599876
v -55.46149063 12.07186508 17.72967339
v -55.18480682 11.76513195 16.98873520
v -55.49239731 11.86061382 16.85210037
v -55.24727631 11.35497284 16.24195099
v -55.49330902 11.48282623 16.09412575
v -55.37419891 11.01173878 15.73200130
v -55.58843994 11.18498230 15.55940342
v -55.89899826 12.18235683 18.29916954
v -55.84739685 12.17520046 17.53352547
v -55.78013611 11.98025417 16.65355492
v -55.72650146 11.63552380 15.89524269
v -55.78384781 11.38183403 15.34330082
v -56.38600159 12.33194637 17.97715569
v -56.18967819 12.30594349 17.26199722
v -56.04154205 12.12304401 16.39431763
v -55.93731689 11.81030750 15.64575386
v -55.95161438 11.59819984 15.08351612
v -56.78567123 12.52049446 17.55638695
v -56.48308182 12.46099567 16.92149353
v -56.26826477 12.28644753 16.07740402
v -56.11621094 12.00441933 15.34611607
v -56.14574051 11.98081970 14.55987358
v -57.09497070 12.73837566 17.05131721
v -56.72234344 12.63611889 16.51883888
v -56.45195389 12.46792984 15.70583057
v -56.31740570 12.35278320 14.74373150
v -57.31153488 12.97578621 16.47600746
v -56.90218735 12.82707787 16.06085777
v -55.14994049 10.86619568 15.86126804
v -54.99528503 11.25311852 16.34059525
v -54.85673523 11.68973160 17.06786346
v -54.44166946 10.60147095 16.02825546
v -54.45824432 11.11297703 16.41770935
v -52.99034882 12.03721428 18.25350761
v -52.68291855 12.14538670 20.17082024
v -52.83077240 12.11414242 20.20225906
v -52.36772156 12.33412361 22.07637024
v -52.07668686 12.45579720 21.98060417
v -52.51371002 12.22949409 20.13086700
v -52.37363052 12.35661697 20.09289360
v -52.80757904 12.11714363 18.23293877
v -52.65425110 12.24458599 18.21419334
v -52.74607849 12.22314167 17.15383911
v -52.65727997 12.34217834 17.14864159
v -52.62281036 12.52016354 16.09440613
v -52.59732819 12.70992470 16.03145790
v -52.53484344 12.77609158 14.07338810
v -52.58494186 12.51397324 17.14429855
v -52.49616241 12.70767307 17.98872375
v -52.50056458 12.53113365 18.19143105
v -52.23423386 12.80048466 19.92634201
v -52.23604202 12.63440132 20.04207039
v -51.81443405 13.01950550 21.82547951
v -51.87753296 12.70249653 21.89029884
v -52.29703903 12.47150707 20.06815147
v -52.56938934 12.36233044 18.20263863
v -55.18467712 12.00000000 20.45000076
v -54.23983765 12.03724098 20.99550438
v -53.29939270 12.14878845 21.53847122
v -59.51071548 13.75122261 17.95236206
v -58.54133224 13.00163078 18.51203537
v -57.47676849 12.45049000 19.12666130
v -56.34720612 12.11342621 19.77881432
v -38.18600082 34.00000000 35.40742493
v -38.18897247 34.00000000 35.40967941
v -38.19175720 33.99999619 35.41213608
v -38.19195175 33.99999619 35.41193008
v -38.28708267 33.99865341 35.48563766
v -38.58684158 33.97338104 35.64878082
v -38.54757309 33.98018646 35.65106583
v -38.83462524 33.92547989 35.79019165
v -38.81882858 33.93113708 35.82053757
v -39.18066788 33.79058456 35.97303391
v -39.15986252 33.79505157 36.02404022
v -39.34104156 33.67591858 36.09687042
v -39.31536484 33.67133713 36.14926147
v -39.47705841 33.50075150 36.21685410
v -39.42953491 33.48327255 36.27951050
v -39.54369354 33.25947571 36.33089066
v -39.45160675 33.29697418 36.36773300
v -39.50997925 33.00000000 36.39591599
v -39.61765671 33.00000000 36.32530594
v -39.60110855 33.27096939 36.26493835
v -39.68581772 33.00000000 36.21606445
v -39.63394547 33.27406693 36.19963837
v -39.65158463 33.27017975 36.11961365
v -39.52614212 33.49955368 36.08488846
v -39.53127670 33.48248672 36.01193237
v -39.37395859 33.65334702 35.97250748
v -39.45280075 33.54489136 35.92670822
v -39.19672775 33.77740860 35.92176437
v -39.03007889 33.84973145 35.81965637
v -39.60303116 33.29697418 35.95544434
v -39.64850998 33.25896454 36.03823853
v -39.70190430 33.00000000 36.08831024
v -39.66295242 33.00000000 35.96558380
v -39.30667877 33.54489136 36.29318237
v -39.27736282 33.65412140 36.20616913
v -39.13768387 33.79149628 36.06789780
v -38.80211258 33.93302917 35.85079193
v -38.53700256 33.98179626 35.66648102
v -39.11555481 33.72591782 36.18548965
v -39.10747147 33.77801895 36.11717606
v -38.78648376 33.93152237 35.87737656
v -38.52634811 33.98233032 35.68185806
v -38.28382492 33.99874496 35.48940277
v -38.91017532 33.84973145 36.05503845
v -38.76709366 33.92574310 35.90862656
v -38.51673889 33.98190689 35.69549561
v -38.28057480 33.99877548 35.49315643
v -38.19156647 33.99999619 35.41233826
v -38.51775360 33.97338104 35.74994659
v -38.50513077 33.98026276 35.71185303
v -38.27767181 33.99875259 35.49650574
v -38.19137573 33.99999619 35.41253662
v -38.27418518 33.99865723 35.50054550
v -38.19080353 33.99999619 35.41314316
v -38.19100571 33.99999619 35.41292572
v -38.18840027 34.00000000 35.41028214
v -38.19120789 33.99999619 35.41271210
v -39.36196136 33.67016220 36.03493500
v -39.50642395 33.50543594 36.15698242
v -36.83477402 33.00000000 35.44493866
v -36.57925034 33.00000000 35.00236130
v -36.90069580 33.38268280 35.40687943
v -36.54468918 33.37749481 34.79451752
v -36.59039688 33.55562592 34.68453217
v -37.08842850 33.70710754 35.29849243
v -36.68906021 33.71414185 34.59255219
v -36.86727524 33.86933899 34.48966217
v -37.36938477 33.92387772 35.13628006
v -37.07392120 33.96678162 34.37035370
v -37.70079803 34.00000000 34.94493866
v -37.29527664 34.00000000 34.24255371
v -37.99570465 34.00000000 35.28520584
v -38.00098419 33.92387772 35.74254990
v -38.41758728 33.92387772 35.89064026
v -38.88547134 33.70710754 36.24017715
v -38.35300064 33.70710754 36.20857239
v -38.90319443 33.38268280 36.45622253
v -38.30984879 33.38268280 36.42100525
v -37.85040283 33.70710754 36.02991104
v -37.74979019 33.38268280 36.22191620
v -37.41745758 33.70710754 35.71833038
v -37.26734543 33.38268280 35.87471390
v -37.21463013 33.00000000 35.92963028
v -38.90941620 33.00000000 36.53208923
v -38.29469299 33.00000000 36.49560165
v -37.71445847 33.00000000 36.28934097
v -37.64211655 33.92387772 35.48428345
v -37.83199692 34.00000000 35.12916183
v -38.67494202 33.00000000 34.25429535
v -38.52276993 33.28130341 34.07158279
v -38.02856827 33.78873825 33.90550232
v -38.30194092 33.55469131 33.94440079
v -37.71872330 33.95393753 33.99807739
v -37.63362122 33.97943878 34.04721069
v -37.54672241 33.99484634 34.09738159
v -37.45891571 34.00000000 34.14807510
v -36.68906021 31.10000038 34.59255219
v -36.57925034 31.10000038 34.70236206
v -36.53905869 31.10000038 34.85235977
v -36.57925034 31.10000038 35.00236130
v -37.02590179 31.10000038 34.39807510
v -56.42169571 34.00000000 14.59257412
v -56.41872025 34.00000000 14.59031963
v -56.41593933 33.99999619 14.58786392
v -56.41574478 33.99999619 14.58806992
v -56.32050323 33.99867630 14.51436806
v -56.02078247 33.97345352 14.35125828
v -56.05989075 33.98035431 14.34904671
v -55.77313995 33.92582321 14.21019554
v -55.78899002 33.93161392 14.17974281
v -55.39494705 33.77314758 14.01564026
v -55.41592789 33.77794647 13.96252823
v -55.22218704 33.63745880 13.88628578
v -55.24946594 33.63251877 13.83068085
v -55.08205414 33.42870712 13.76225948
v -55.13296509 33.41229630 13.69899178
v -55.05058289 33.21702576 13.66243267
v -55.13540268 33.24048233 13.62184620
v -55.09771729 33.00000000 13.60408497
v -54.99003983 33.00000000 13.67469215
v -54.99205017 33.22703171 13.72783947
v -54.92187881 33.00000000 13.78393459
v -54.95779037 33.22985840 13.79517174
v -54.94044495 33.22645187 13.87651157
v -55.03146744 33.42775726 13.90118504
v -55.02938080 33.41164017 13.97774315
v -55.19084930 33.61408615 14.01664639
v -55.15473175 33.54486847 14.07324219
v -55.37936401 33.75900650 14.06904984
v -55.57714081 33.84984589 14.18036938
v -55.00397491 33.29702759 14.04445267
v -54.94487000 33.21662903 13.95926571
v -54.90579224 33.00000000 13.91168785
v -54.94474411 33.00000000 14.03441811
v -55.23464203 33.45423889 13.67146015
v -55.28944778 33.61479950 13.77277565
v -55.43925476 33.77397156 13.91617584
v -55.80577850 33.93355560 14.14937019
v -56.07048416 33.98205948 14.33356094
v -55.37385941 33.62548828 13.74577332
v -55.47045898 33.75958633 13.86604309
v -55.82175446 33.93194962 14.12218952
v -56.08117294 33.98262787 14.31811333
v -56.32376862 33.99879074 14.51058388
v -55.53217316 33.75560760 13.83813095
v -55.84095001 33.92606354 14.09126472
v -56.09099960 33.98215866 14.30416012
v -56.32703018 33.99882889 14.50680828
v -56.41613007 33.99999619 14.58766460
v -55.86030960 33.91672134 14.06115055
v -56.10250854 33.98042297 14.28796005
v -56.32999802 33.99879456 14.50338459
v -56.41631699 33.99999619 14.58746433
v -56.16114044 33.98459625 14.31562328
v -56.33345795 33.99868011 14.49938107
v -56.41648865 33.99999619 14.58728218
v -56.41669083 33.99999619 14.58707047
v -55.20136642 33.63149643 13.95118523
v -55.05053711 33.43332291 13.82564449
v -56.61198807 34.00000000 14.71479511
v -56.60670853 33.92387772 14.25745010
v -56.19010925 33.92387772 14.10935783
v -56.25469208 33.70710754 13.79142857
v -55.72222137 33.70710754 13.75982380
v -55.70450211 33.38268280 13.54377651
v -55.69827652 33.00000000 13.46791077
v -56.29784775 33.38268280 13.57899475
v -56.31300354 33.00000000 13.50439739
v -56.85790634 33.38268280 13.77808285
v -56.89323807 33.00000000 13.71065903
v -57.34035110 33.38268280 14.12528419
v -57.39306259 33.00000000 14.07036877
v -57.70699692 33.38268280 14.59312057
v -57.77292252 33.00000000 14.55506039
v -57.51926804 33.70710754 14.70150661
v -57.19023895 33.70710754 14.28166962
v -56.75728989 33.70710754 13.97009087
v -57.23830795 33.92387772 14.86371803
v -56.96557617 33.92387772 14.51571751
v -56.90689468 34.00000000 15.05506039
v -56.77569580 34.00000000 14.87083912
v -58.17844391 33.00000000 15.25744724
v -58.11252213 33.38268280 15.29550743
v -57.92478943 33.70710754 15.40389347
v -57.64383316 33.92387772 15.56610489
v -57.31241989 34.00000000 15.75744724
v -55.93275452 33.00000000 15.74570560
v -56.08492279 33.28130341 15.92841625
v -56.57912827 33.78873825 16.09449768
v -56.30575180 33.55469131 16.05559921
v -56.88897324 33.95393753 16.00192451
v -56.97407150 33.97943878 15.95279121
v -57.06097412 33.99484634 15.90261841
v -57.14878082 34.00000000 15.85192394
v -57.77292252 31.10000038 14.55506039
v -57.40927124 31.10000038 14.08608818
v -56.93301773 31.10000038 13.73202991
v -56.37916183 31.10000038 13.51890755
v -58.17844391 31.10000038 15.25744724
v -57.58179474 31.10000038 15.60192394
v -56.88897324 15.19182110 16.00192451
v -57.57234192 15.91873837 15.60738087
v -58.13413620 16.77328491 15.28302860
v -58.74279785 20.00000000 14.93161678
v -58.55678940 17.72873497 15.03901005
v -58.82708359 18.75521088 14.88295555
v -58.93656540 19.82061386 14.81974602
v -58.93656540 20.00000000 14.81974602
v -61.05540085 33.91672134 23.05931091
v -61.02354431 33.92516708 23.06084633
v -60.98543549 33.98459625 22.67154694
v -60.91302109 33.99866104 22.43033028
v -60.87816238 33.99999619 22.31450272
v -60.90790939 33.99878693 22.43130684
v -60.87788391 33.99999619 22.31456947
v -60.90280914 33.99882889 22.43229103
v -60.87760162 33.99999619 22.31463623
v -60.89873123 33.99880219 22.43306923
v -60.87738037 33.99999619 22.31468964
v -60.89334488 33.99868393 22.43409538
v -60.87708664 33.99999619 22.31476021
v -60.87679291 33.99999619 22.31483078
v -60.87633133 34.00000000 22.31112671
v -61.08447266 33.75560760 23.45499611
v -61.03566360 33.75741196 23.49393845
v -60.98786545 33.93144226 23.06208420
v -60.97797012 33.77272797 23.49650955
v -60.95173264 33.93355179 23.06242752
v -60.91861725 33.77794647 23.49346733
v -60.92284775 33.93220901 23.06195259
v -60.87150574 33.77461624 23.48684883
v -60.88512802 33.92635727 23.06040955
v -60.81176758 33.76029587 23.47294426
v -60.81056976 33.84984207 23.24493408
v -60.69213867 33.54486847 23.66431427
v -60.76334763 33.61566925 23.66326523
v -60.71655655 33.41309738 23.82362556
v -60.83211517 33.63331985 23.68806076
v -60.79170609 33.42945480 23.86179733
v -60.88777542 33.63745880 23.69937515
v -60.85446930 33.43332291 23.87834740
v -60.95857239 33.63098145 23.70345497
v -60.93544388 33.42727661 23.88220215
v -61.02703476 33.61213303 23.69660378
v -61.01369476 33.40983963 23.86784172
v -61.08004761 33.45423889 23.79600143
v -61.07339478 33.24048233 23.90675163
v -61.08530045 33.62548828 23.63827896
v -61.00473022 33.21553421 23.95655823
v -61.06993484 33.00000000 23.94826889
v -60.95494843 33.00000000 24.00621796
v -60.92098236 33.22615814 23.97695160
v -60.82625961 33.00000000 24.01062393
v -60.83448410 33.22985840 23.97390556
v -60.76813889 33.22748947 23.95403099
v -60.70758057 33.00000000 23.96067810
v -60.69036484 33.21751404 23.90679169
v -60.62076569 33.00000000 23.86558151
v -60.64169312 33.29702759 23.80926704
v -60.88439560 33.97345352 22.77528191
v -60.87586594 34.00000000 22.30742645
v -60.14878082 34.00000000 21.04807663
v -60.06097412 33.99484634 21.09877014
v -59.97407150 33.97943878 21.14894295
v -59.88897324 33.95393753 21.19807625
v -59.65497208 33.79019928 21.41839600
v -59.55096436 33.55548096 21.67556190
v -59.55039215 33.28250122 21.93014145
v -59.63275528 33.00000000 22.15429306
v -61.48814392 33.00000000 23.49625587
v -61.42555618 33.38268280 23.45293236
v -61.76390839 33.00000000 22.94564438
v -61.69172668 33.38268280 22.92147064
v -61.87540054 33.00000000 22.34001541
v -61.79934311 33.38268280 22.33690071
v -61.81379318 33.00000000 21.72729874
v -61.73987961 33.38268280 21.74549103
v -61.58396912 33.00000000 21.15598679
v -61.51804352 33.38268280 21.19404602
v -61.52938843 33.70710754 21.79730034
v -61.33031464 33.70710754 21.30243301
v -61.21436691 33.92387772 21.87483788
v -61.04935455 33.92387772 21.46464539
v -60.81188202 34.00000000 21.86171722
v -60.71794128 34.00000000 21.65598679
v -61.24731445 33.70710754 23.32956123
v -61.17855072 33.92387772 22.74959373
v -61.48617935 33.70710754 22.85262680
v -61.25859833 33.92387772 22.31476021
v -60.86516571 34.00000000 22.08151436
v -61.58275223 33.70710754 22.32803345
v -60.31241989 34.00000000 20.95359993
v -60.64383316 33.92387772 20.76225853
v -60.92478943 33.70710754 20.60004616
v -61.11252213 33.38268280 20.49165916
v -61.17844391 33.00000000 20.45359993
v -60.70758057 30.50000000 23.96067810
v -60.82625961 30.50000000 24.01062393
v -60.95494843 30.50000000 24.00621796
v -60.18242264 15.69037151 23.10634804
v -59.91598511 15.32711029 22.64486694
v -60.83275604 17.34415627 24.23275566
v -60.60120010 16.52495384 23.83168793
v -60.42061615 16.10789680 23.51891136
v -59.63275528 15.02152920 22.15429306
v -59.63275528 27.60915375 21.45429420
v -59.63275528 21.26436806 21.45429420
v -59.69972229 15.03367615 21.35796547
v -59.56925201 14.93462372 21.60064507
v -59.53897095 21.26436806 21.80429459
v -59.54159164 14.91958332 21.74382019
v -59.54428482 14.93058586 21.89036179
v -59.53897095 27.60915375 21.80429459
v -59.88897324 15.19516850 21.19807625
v -40.55680084 17.64999962 37.90179825
v -39.95621490 17.64999962 37.91420364
v -40.17658234 3.29999995 33.15521240
v -40.17658234 5.30000019 33.15521240
v -39.80455780 3.29999995 32.70190048
v -39.80455780 5.30000019 32.70190048
v -39.30656433 3.29999995 32.39222717
v -39.30656433 5.30000019 32.39222717
v -38.73546219 3.29999995 32.25906754
v -38.73546219 5.30000019 32.25906754
v -38.15185928 3.29999995 32.31654739
v -38.15185928 5.30000019 32.31654739
v -39.74209595 5.30000019 36.10266495
v -37.63598633 5.30000019 32.45477295
v -41.61937332 5.30000019 35.65419769
v -41.59045410 5.30000019 35.67229462
v -41.56150818 5.30000019 35.69034958
v -41.53253555 5.30000019 35.70836258
v -41.52187729 5.30000019 35.71515274
v -41.51137543 5.30000019 35.72219086
v -41.50104523 5.30000019 35.72946548
v -41.45058060 5.30000019 35.76463699
v -41.39894485 5.30000019 35.79807281
v -37.63598633 3.29999995 32.45477295
v -52.54399109 15.90883923 14.20182228
v -52.57019424 16.10733414 14.25659943
v -52.57849121 15.86891747 14.39474392
v -52.68025589 16.19320107 14.40669155
v -52.68513107 15.96682549 14.53689766
v -52.76581955 16.33058357 14.41731167
v -52.85150909 16.03545761 14.63051128
v -52.98992920 15.85589123 14.80547523
v -52.93967819 15.84671974 14.79660225
v -52.94573212 15.50644207 15.08994484
v -52.86195755 15.48330784 15.06994534
v -52.86920547 15.11048985 15.48137474
v -52.71146774 15.01264668 15.40707111
v -52.71508026 14.67958260 15.87471581
v -52.61983871 14.53011227 15.78060913
v -52.62571716 14.06243229 16.86326218
v -52.57945633 13.86027908 16.78220367
v -52.54150772 16.50749969 14.02878857
v -52.56260300 16.60079384 14.06532860
v -52.60737228 16.62476349 14.14287090
v -52.57167053 16.61794090 14.08103180
v -52.59514999 16.63041687 14.12169838
v -52.58281708 16.62853622 14.10033703
v -52.67070007 16.53204918 14.25255394
v -53.19024658 15.45158672 15.15204430
v -52.95226669 15.13648701 15.50009823
v -52.87190247 14.78544426 15.94108868
v -53.19846344 14.79901123 16.00368500
v -52.95487976 14.81342030 15.95850182
v -52.76187134 14.22449780 16.93235207
v -53.18199158 14.31442738 16.98496628
v -52.96092224 14.31433582 16.97577095
v -52.59691238 14.16605377 16.12103462
v -52.59646988 14.54803753 15.49607277
v -52.61436081 14.87482452 15.29935551
v -52.58246994 15.00960445 14.92843246
v -52.60155106 15.27298737 14.86526203
v -52.55924988 15.55412769 14.43922520
v -52.58724213 15.64205360 14.55176163
v -52.70178223 15.39604568 14.98736095
v -52.69114304 15.75029182 14.68623924
v -52.85471725 15.82667637 14.77571583
v -52.88715363 14.07027817 17.66543770
v -53.09786224 13.97834396 18.07342529
v -52.85195160 13.96839905 18.04899406
v -52.81384659 13.85909367 18.62081146
v -52.76994705 13.93657684 18.03408813
v -52.63363266 13.77327061 18.58533287
v -52.61523056 13.81458759 17.99129486
v -52.49382019 13.60213470 18.53991699
v -52.52369308 13.64179039 17.94214439
v -52.44523621 13.38106823 18.49648094
v -52.47739792 13.43677711 18.20124626
v -53.03268051 13.86387539 18.64687347
v -52.50564957 13.50248718 17.90752411
v -52.54972458 13.66108894 17.33905602
v -52.55640030 13.74762154 17.54849625
v -52.64874649 13.91865826 17.60446358
v -52.80462265 14.03906345 17.65045738
v -53.03465652 13.86360168 18.64635468
v -53.00907135 13.83177662 18.84379768
v -53.03364944 13.86371040 18.64678192
v -52.77108383 13.82742786 18.76700592
v -52.68949509 13.79483795 18.75193024
v -52.71004105 13.76847649 19.20399475
v -52.62896729 13.73545456 19.18892097
v -52.56786346 13.70026016 19.57885551
v -52.47640991 13.61085224 19.15379333
v -52.41596985 13.57516098 19.54628754
v -52.38564682 13.43539810 19.12192917
v -52.32519150 13.39948273 19.52012634
v -52.36709595 13.29368019 19.10397339
v -52.22650909 13.37667179 20.08895683
v -52.11055756 13.24184799 20.57185555
v -51.98896408 13.42627144 21.21288300
v -51.76336670 13.39633369 22.01450920
v -51.78889084 13.53464890 21.99780273
v -51.84875488 13.65853119 21.99300003
v -52.08177567 13.59989834 21.21791267
v -51.98275375 13.79755306 22.00596428
v -52.23213196 13.72487736 21.24137688
v -52.31113052 13.75896454 21.25679970
v -52.54886627 13.71133041 20.15192032
v -52.69083405 13.73365116 20.67447853
v -52.64849091 13.73360825 19.59394264
v -52.95254898 13.78104591 19.23979950
v -52.98169327 13.80425262 19.04164886
v -52.34283447 13.88347054 22.09012604
v -52.15614700 13.87599373 22.04013634
v -52.40823364 13.33232021 18.79975700
v -52.44511795 13.49628258 18.67522049
v -52.53608322 13.67107487 18.71376991
v -52.46882248 13.67762756 20.13675308
v -52.31764221 13.55218697 20.10751915
v -51.09657288 14.23461342 24.18973351
v -51.02982330 14.04412556 24.24197578
v -51.45460510 13.78837872 23.10840988
v -51.41938782 13.65958118 23.15260506
v -51.55255127 13.95437145 23.09365082
v -51.77982330 14.10969257 23.12449837
v -51.70238113 14.07556057 23.10866547
v -52.34324646 13.88339520 22.09018707
v -52.34365845 13.88330746 22.09013748
v -52.34405899 13.88321209 22.09000587
v -52.34443283 13.88311386 22.08981705
v -52.00076675 14.13738441 23.20756340
v -51.41489792 14.48885918 24.20844841
v -51.61112213 14.50840950 24.27615166
v -51.23283005 14.39197826 24.17786980
v -51.11260605 14.89530659 25.29993629
v -50.68632126 15.12045860 26.09209061
v -50.91963959 14.84309959 25.23186684
v -50.48557663 15.03215218 26.01665688
v -50.85452271 14.80441189 25.21565628
v -50.73082352 14.68604088 25.19926834
v -50.77828979 14.65373802 25.09410858
v -50.69363022 14.50252247 25.10735321
v -50.83179474 14.24090672 24.73828888
v -50.33412170 14.85924721 25.98578835
v -50.64810562 14.53570366 25.21116066
v -50.26454544 14.63894463 26.00612068
v -50.44617462 14.53499889 25.62160110
v -50.61943054 14.41610241 25.23694420
v -50.90459442 14.77209091 25.10979652
v -50.97093201 14.81038857 25.12592506
v -42.05278397 7.23636007 35.38181305
v -42.06976700 7.22676849 35.36726761
v -42.39680862 8.17849922 35.15525818
v -42.41694260 8.16433144 35.13546371
v -42.80678940 9.07390881 34.86505508
v -42.42618179 8.15813065 35.12739182
v -42.81745529 9.06512165 34.85461807
v -42.44863510 8.14361286 35.10970306
v -42.84384155 9.04450321 34.83201981
v -42.45866013 8.13739204 35.10271454
v -42.85581207 9.03565979 34.82324982
v -42.07737350 7.22258568 35.36121750
v -42.09564209 7.21280289 35.34778976
v -42.10363007 7.20861387 35.34229279
v -43.27615356 9.90370750 34.51443100
v -43.52388000 10.30884266 34.32464600
v -43.74837875 10.72436619 34.14937973
v -44.27494812 11.47892570 33.71739960
v -44.25881195 11.49961472 33.73209381
v -44.80120087 12.21797180 33.26167679
v -44.22600937 11.54755974 33.77161789
v -44.76958084 12.27786732 33.30627441
v -44.21415710 11.56774330 33.79059601
v -44.75906372 12.30293179 33.32797241
v -44.19253540 11.61273384 33.83853149
v -45.03150177 12.71119785 33.13204956
v -45.33607483 12.97758198 32.80706406
v -45.93862152 13.65649796 32.29790115
v -45.93592453 13.57719517 32.22858047
v -46.81574631 14.28965187 31.30324745
v -46.81233215 14.24433994 31.27408218
v -47.70973969 14.81787205 30.25335503
v -47.69536972 14.76391602 30.22374153
v -48.46301651 15.10562706 29.26823425
v -48.43669891 15.04492474 29.23977089
v -49.18389511 15.23174191 28.22065926
v -49.14321518 15.16558743 28.19461441
v -49.86037827 15.20155621 27.12676620
v -49.80316925 15.13186932 27.10404968
v -49.71857071 14.93457603 27.08225822
v -49.54799271 14.87332249 27.37026596
v -49.08798218 14.98714542 28.15820503
v -49.15135193 14.90594578 28.04331398
v -48.73345947 14.87810802 28.70141602
v -48.40688705 14.88698006 29.19265556
v -48.29780197 14.78717995 29.33911896
v -47.84694672 14.63227081 29.95475006
v -47.68660736 14.62718487 30.17018700
v -47.14853287 14.28154087 30.83174706
v -46.82250214 14.13216019 31.21815491
v -46.44258881 13.79986000 31.63828087
v -45.96277618 13.45199013 32.14921188
v -45.97754669 13.41327572 32.13097382
v -45.37243652 12.87371540 32.73373413
v -45.10088348 12.52676010 32.98714828
v -50.17223740 15.28499699 26.97095680
v -49.61863327 15.35369396 27.84298325
v -49.03483582 15.32222176 28.69353676
v -48.42967987 15.18671608 29.50905037
v -47.80846024 14.94674587 30.28384209
v -47.17773819 14.60576534 31.01329422
v -46.55054855 14.17248440 31.68728447
v -43.70416260 10.77750874 34.19933319
v -43.44226074 10.40000439 34.41867828
v -43.23471832 9.94390106 34.55567551
v -42.78417969 9.09388828 34.89101791
v -43.24643326 9.93191719 34.54252625
v -43.71635056 10.76170921 34.18326950
v -45.34413147 12.94710732 32.78281021
v -45.94019318 13.54071140 32.20199585
v -53.03245544 15.80769634 14.87913704
v -53.15364456 15.84124565 14.80975723
v -53.49366760 15.36670494 15.15651894
v -53.36315536 14.78872013 15.96476078
v -53.91204071 14.90955734 15.64786053
v -54.39435196 14.49595928 16.27217293
v -54.95479202 14.70302963 15.94860268
v -55.52164459 14.37207985 16.67405510
v -56.10873795 14.68412971 16.33509636
v -55.91065216 14.30061722 16.98589897
v -56.83429718 14.87069130 16.45263290
v -56.52366638 14.97102737 16.09553909
v -56.72044754 15.06685257 16.07177353
v -52.90217209 16.21334648 14.65347767
v -52.91136551 16.27937126 14.61371040
v -53.57710266 15.99770355 14.56527424
v -53.29021072 16.41934586 14.39498329
v -53.99461365 16.21961784 14.32422352
v -53.66373825 16.61788177 14.17932701
v -54.40675735 16.51711464 14.08627224
v -54.03246307 16.88403702 13.96644402
v -54.79121780 16.88447952 13.86430359
v -54.37641907 17.21269989 13.76785946
v -54.83254242 16.93039513 13.84007835
v -54.73275375 17.34852409 13.66724491
v -54.31395721 17.86725807 13.61913967
v -54.54052734 18.00231934 13.52495575
v -54.32611084 18.67957878 13.55563545
v -53.93757629 18.02138138 13.77993202
v -54.32294846 18.69232941 13.55743694
v -52.82617950 16.57714653 14.52185345
v -53.07590103 16.81972313 14.33393192
v -52.78838730 16.93620872 14.45639992
v -52.78276825 17.14505005 14.44666100
v -53.40766144 16.99605942 14.14239025
v -53.41155243 17.49293518 14.08363152
v -53.73515701 17.23245430 13.95331097
v -54.04065323 17.52436638 13.77693176
v -55.03853226 16.34363747 14.19686604
v -54.88977051 16.11969566 14.35047913
v -55.30295944 15.82050514 14.65486717
v -54.43059921 15.78825283 14.61558247
v -54.94141388 15.37269688 15.05355263
v -53.96544647 15.54101658 14.88413811
v -54.43036652 15.10106659 15.34860611
v -55.60486603 15.37854004 15.17778683
v -55.50736237 14.99672985 15.62957668
v -55.93275452 15.01568508 15.74570560
v -56.03686142 14.94914341 15.88344097
v -56.17905807 14.91653156 15.99609089
v -56.34742355 14.92421722 16.06898880
v -57.64387894 15.63788128 15.98521996
v -58.30828476 16.57270622 15.60162544
v -58.80198288 17.63923836 15.31658840
v -59.10599899 18.79649353 15.14106369
v -59.20865631 20.00000000 15.08179569
v -59.15574265 20.00000000 15.02832127
v -59.10259628 20.00000000 14.97551155
v -59.02069855 20.00000000 14.89588737
v -58.93829727 20.00000000 14.81789207
v -58.89950943 20.00000000 14.78190899
v -58.86062241 20.00000000 14.74629688
v -58.85773849 19.80098343 14.74799156
v -58.59772873 19.76544952 14.52310944
v -58.17953491 20.00000000 14.19264412
v -58.37872696 19.75858307 14.34749699
v -57.92727661 19.79185677 14.02260208
v -58.10112000 20.00000000 14.13680172
v -57.54984283 19.87124443 13.78812122
v -57.34406281 20.00000000 13.67430782
v -57.42291641 19.92025566 13.71674156
v -57.37033081 19.95406151 13.68827248
v -57.35197830 19.97480965 13.67849731
v -57.34624100 19.98678780 13.67545986
v -54.92618942 14.15207291 17.01784134
v -54.90843964 13.94956779 17.56452751
v -54.29562759 14.01325512 17.38189697
v -53.86617279 13.83103275 18.16627884
v -53.74873734 13.89504242 17.96287727
v -53.63388824 13.96468830 17.76395226
v -53.40163422 14.12893295 17.36167526
v -53.80086899 14.36530495 16.61482048
v -53.58880997 13.83465290 18.32641411
v -53.31159210 13.84551048 18.48646545
v -53.00729370 13.77527237 19.20818138
v -53.38492966 13.64741230 19.88500214
v -52.83316803 13.71837807 20.20356369
v -54.23057938 13.54909325 21.00084877
v -53.28200150 13.67465401 21.54851151
v -53.55522537 13.73315144 18.89183426
v -54.10260773 13.71915722 18.57579994
v -53.98327255 13.77225685 18.36910439
v -53.93778610 13.60491276 19.56581116
v -54.63507080 13.55858994 19.49805069
v -55.18467712 13.50715828 20.45000076
v -51.78687286 14.55532074 24.54573250
v -52.66627502 14.11875248 23.67419052
v -52.26817322 14.04353714 23.02576637
v -53.35592270 13.75972939 22.39775658
v -53.90719223 13.65997696 22.07947922
v -54.46121216 13.58872223 21.75961494
v -55.73428726 13.55858994 21.40194893
v -54.84749603 13.66638756 22.41486359
v -56.26674652 13.71915722 22.32419968
v -55.17143250 13.77527237 22.95657921
v -56.38608551 13.77225685 22.53089523
v -56.50318527 13.83103275 22.73372078
v -55.05282974 13.93035412 23.57108307
v -54.62458420 13.84560585 23.27230263
v -54.29645920 13.73725891 22.73300362
v -53.74816132 13.83647346 23.04956436
v -54.08044815 13.94406605 23.58646011
v -53.62280655 14.22692680 24.39670753
v -53.00678253 14.22420025 24.20634079
v -52.23316574 14.71659279 25.19901657
v -52.09835434 14.66149139 25.00641823
v -51.96301651 14.61170959 24.80895996
v -51.40624237 13.32671547 23.19203377
v -50.93272018 13.80584145 24.48945618
v -50.36174393 14.29944038 25.80265617
v -49.68858719 14.59440231 27.12135315
v -49.31461716 14.65673447 27.77376747
v -48.91778946 14.65844822 28.41631126
v -48.50191498 14.59926319 29.04442024
v -48.07089996 14.47902203 29.65349388
v -47.62865829 14.29757118 30.23893356
v -47.17913818 14.05512142 30.79647636
v -46.72653961 13.75413513 31.32395172
v -46.27514267 13.39793396 31.81998253
v -45.39309311 12.53318024 32.71221924
v -44.56524658 11.48919487 33.46685028
v -43.81855011 10.29890537 34.08977890
v -43.17610168 8.99469090 34.58951950
v -42.64253998 7.60097837 34.97842026
v -42.21545792 6.13916349 35.27029800
v -41.89244843 4.63063526 35.47897339
v -41.67106247 3.09670782 35.61822510
v -41.61937332 3.29999995 35.65419769
v -41.54595566 1.55211508 35.69850540
v -41.45698166 3.29999995 35.75506592
v -41.29377365 3.29999995 35.85460663
v -41.12975693 3.29999995 35.95280838
v -40.95671082 1.73674548 36.05446243
v -59.02246094 20.00000000 14.92118645
v -59.02246094 22.66666603 14.92118645
v -59.10185623 20.00000000 14.97626209
v -59.02246094 25.33333397 14.92118645
v -58.92979431 25.33333397 14.89379025
v -58.83328247 25.33333397 14.89743710
v -58.83328247 22.66666603 14.89743710
v -58.83328247 20.00000000 14.89743710
v -58.92979431 22.66666603 14.89379025
v -58.92979431 20.00000000 14.89379025
v -59.37665558 20.00000000 15.25523376
v -59.54198074 20.00000000 15.43537903
v -60.21349716 20.00000000 16.27734566
v -60.80764389 20.00000000 17.20357895
v -61.41259766 20.00000000 18.41881561
v -61.84566879 20.00000000 19.64923668
v -61.88406372 20.00000000 19.79185677
v -54.62294769 20.01139259 13.55743694
v -54.62294769 22.67426109 13.55743694
v -54.62294769 25.33713150 13.55743694
v -54.47294617 25.33713150 13.51724529
v -54.47294617 22.67426109 13.51724529
v -54.47294617 20.01139259 13.51724529
v -61.85322952 18.98403931 20.01798058
v -61.81440735 19.11244774 20.07057381
v -61.74373627 18.37181854 20.12722778
v -61.81440735 19.85307693 20.07057381
v -61.81440735 20.59370804 20.07057381
v -61.86496353 19.85307693 19.99555016
v -61.86496353 20.59370804 19.99555016
v -61.89058304 19.85307693 19.90879440
v -61.89058304 20.59370804 19.90879440
v -61.88973236 20.00000000 19.81887054
v -61.88964081 20.59370804 19.81829834
v -61.88964081 21.33433723 19.81829834
v -61.88964081 22.07496643 19.81829834
v -61.89058304 22.07496643 19.90879440
v -61.89058304 22.81559563 19.90879440
v -61.86496353 22.81559563 19.99555016
v -61.86496353 23.55622482 19.99555016
v -61.81440735 23.55622482 20.07057381
v -61.81440735 24.29685402 20.07057381
v -61.81440735 25.03748322 20.07057381
v -61.81440735 25.77811241 20.07057381
v -61.86496353 25.03748322 19.99555016
v -61.86496353 25.77811241 19.99555016
v -61.89058304 25.03748322 19.90879440
v -61.89058304 25.77811241 19.90879440
v -61.88964081 25.03748322 19.81829834
v -61.88964081 25.77811241 19.81829834
v -61.88964081 26.51874161 19.81829834
v -61.88964081 27.25937080 19.81829834
v -61.89058304 27.25937080 19.90879440
v -61.88964081 24.29685402 19.81829834
v -61.88964081 23.55622482 19.81829834
v -61.88964081 22.81559563 19.81829834
v -61.89058304 23.55622482 19.90879440
v -61.86496353 27.25937080 19.99555016
v -61.81440735 27.25937080 20.07057381
v -61.81440735 26.51874161 20.07057381
v -61.81440735 22.81559563 20.07057381
v -61.86496353 22.07496643 19.99555016
v -61.89058304 21.33433723 19.90879440
v -61.81440735 21.33433723 20.07057381
v -61.81440735 22.07496643 20.07057381
v -61.86496353 21.33433723 19.99555016
v -61.89058304 24.29685402 19.90879440
v -61.86496353 24.29685402 19.99555016
v -61.86496353 26.51874161 19.99555016
v -61.89058304 26.51874161 19.90879440
v -60.72569275 18.68136024 24.64095879
v -60.83275604 20.00811768 24.53275490
v -60.83275604 22.67207909 24.53275490
v -60.83275604 25.33603859 24.53275490
v -60.87294769 25.33603859 24.38275528
v -60.87294769 22.67207909 24.38275528
v -60.87294769 20.00811768 24.38275528
v -60.85992813 18.00093460 24.47017860
v -39.98474884 8.30000019 36.44256210
v -39.98474884 11.58333302 36.44256210
v -39.87493896 8.30000019 36.33275604
v -39.98474884 14.86666679 36.44256210
v -39.98474884 18.14999962 36.44256210
v -40.13474655 18.14999962 36.48275375
v -40.13474655 21.43333244 36.48275375
v -40.13474655 24.71666718 36.48275375
v -39.98474884 24.71666718 36.44256210
v -40.13474655 11.58333302 36.48275375
v -40.13474655 8.30000019 36.48275375
v -40.13474655 14.86666679 36.48275375
v -39.98474884 21.43333244 36.44256210
v -39.61765671 30.50000000 36.32530594
v -39.68581772 30.50000000 36.21606445
v -39.70190430 30.50000000 36.08831024
v -39.74209595 8.30000019 36.10266495
v -54.99003983 30.50000000 13.67469215
v -54.92187881 30.50000000 13.78393459
v -54.90579224 30.50000000 13.91168785
v -42.64668274 2.30589414 36.42975998
v -42.77328873 3.46163893 36.34525299
v -42.95810699 4.59913778 36.22195053
v -42.97067642 4.58762503 36.14420319
v -43.21285629 5.70296097 35.97639847
v -43.20038605 5.67484713 35.78395081
v -43.51266479 6.78589439 35.75860214
v -43.49344254 6.75195074 35.56856537
v -43.84571838 7.79867172 35.29568481
v -43.77056503 7.77911615 35.11959076
v -44.17155457 8.77449322 34.79141998
v -44.12198639 8.77356434 34.72272110
v -44.48725128 9.54351711 34.41019821
v -44.35005188 9.56378365 34.28318024
v -44.75048828 10.29754734 33.93063736
v -44.59474564 10.35027409 33.84452438
v -45.03113937 11.04445076 33.45016479
v -44.92344284 11.10091972 33.41684341
v -45.39281845 11.74728775 32.97674179
v -45.25495911 11.85265064 32.96488953
v -45.75769424 12.44551849 32.47514725
v -45.64682388 12.57343483 32.49685287
v -46.18003082 13.10366440 31.95188141
v -46.72417831 13.55812263 31.35693741
v -47.27150345 13.93074226 30.71446037
v -47.81424332 14.21551704 30.02693939
v -48.34488678 14.40892601 29.29917908
v -48.85623932 14.51081657 28.53911018
v -49.34113693 14.52127457 27.75488663
v -49.79277039 14.44079494 26.95457649
v -50.20799255 14.27421951 26.14538383
v -49.81386566 14.32265091 26.98473930
v -50.22269821 14.16524696 26.18058395
v -49.85337448 14.21213150 27.02361107
v -50.25409698 14.06239605 26.22239494
v -49.89224625 14.14014149 27.05599976
v -50.28630829 13.99456215 26.25560188
v -49.96278381 14.04806709 27.10863113
v -50.34630966 13.90619183 26.30769730
v -50.04791260 13.97300053 27.16641426
v -50.42042160 13.83167934 26.36315918
v -50.08980560 13.94583511 27.19329834
v -50.45742798 13.80362988 26.38850594
v -50.19132233 13.89997292 27.25528336
v -50.54839325 13.75309944 26.44609642
v -50.29997253 13.87618637 27.31763649
v -50.64772034 13.72096539 26.50310707
v -50.34537506 13.87307835 27.34262085
v -50.68985748 13.71342278 26.52574348
v -43.20267487 5.71793652 36.05369186
v -43.50560760 6.80412245 35.83516693
v -43.87372589 7.83893538 35.48189163
v -44.25396347 8.79549503 34.96178818
v -44.53863907 9.54370880 34.47635269
v -44.88902283 10.27318192 34.05158997
v -45.18377686 10.98542500 33.53126144
v -45.49562073 11.68588829 33.00808716
v -45.88537216 12.33349037 32.48738480
v -46.27839279 12.97029114 31.93463707
v -43.87077713 7.86065149 35.55720139
v -44.29418564 8.86517811 35.21643066
v -44.68200302 9.63947582 34.88827133
v -45.10849762 10.37048244 34.51074219
v -45.56853867 11.05166531 34.08261108
v -46.05478287 11.67592525 33.60356522
v -46.55983734 12.23610973 33.07333374
v -47.07616806 12.72565842 32.49237061
v -47.59553528 13.13960457 31.86365509
v -48.10959244 13.47332287 31.19065285
v -48.61000824 13.72224808 30.47686577
v -49.08952332 13.88459396 29.72753143
v -49.54232025 13.96232224 28.95023918
v -49.96269608 13.95766544 28.15273857
v -50.99849319 13.48500729 25.70692253
v -51.14644241 13.26207829 24.81072426
v -50.96500778 13.49664116 24.63653755
v -50.75996017 13.61653709 25.55512238
v -50.79199600 13.58831215 25.57918739
v -50.87174988 13.53484917 25.63324165
v -50.59564590 13.92987442 25.37290382
v -50.62017822 13.83550549 25.41671371
v -50.64645004 13.77252769 25.45034027
v -50.58589554 14.02900505 25.33398628
v -45.13208008 11.97371674 32.98996353
v -44.64210510 11.31186008 33.43209076
v -44.18281174 10.59556484 33.82498550
v -44.32727814 10.49131775 33.79598236
v -43.91372681 9.73770523 34.14049149
v -44.07653427 9.65647697 34.15476227
v -43.70834732 8.87198734 34.45582199
v -43.82666397 8.83111000 34.49545288
v -43.42867661 7.82489634 34.81122589
v -43.58963013 7.79084492 34.91068649
v -43.24812317 6.74462557 35.17269516
v -43.37925339 6.73391581 35.31474304
v -42.96361923 5.66699934 35.38053131
v -43.09281921 5.65915632 35.52572632
v -42.86126328 4.55374289 35.68880081
v -42.90385056 4.55490351 35.76451492
v -42.72698593 3.42990446 35.88535690
v -42.78378677 3.43784547 36.07226181
v -42.66011429 2.29187512 36.15607071
v -42.66175842 2.30095696 36.35160446
v -43.76010513 9.83251762 34.17039871
v -43.53943634 8.94454002 34.44020844
v -43.30766296 7.85949087 34.76933670
v -43.08674240 6.77290249 35.06942368
v -42.80199814 5.68902969 35.27442932
v -42.73385620 4.55962610 35.54126358
v -42.68533707 3.42906880 35.80900192
v -42.60494232 2.28768396 35.96845627
v -43.37794876 9.02956009 34.47050476
v -43.13269424 7.92131042 34.75196457
v -42.96389771 6.80176258 35.02547073
v -42.67776489 5.71178865 35.22888184
v -42.57242203 4.57639885 35.43295670
v -42.55926895 3.43328452 35.65995407
v -42.56385422 2.28755808 35.89174652
v -42.96319962 7.99403429 34.78218842
v -42.60876846 6.91438913 35.03584671
v -42.31417847 5.80125570 35.23703766
v -42.07804108 4.66223240 35.39196396
v -41.89957809 3.50693893 35.50639343
v -42.08590317 3.48030424 35.47907639
v -41.77718353 2.34226131 35.58555984
v -41.96469116 2.32410717 35.55882263
v -42.15212250 2.30863070 35.58282089
v -42.27774811 2.29991937 35.63118744
v -42.43864059 2.29121065 35.74184799
v -42.39810181 3.44531846 35.55015945
v -42.78745651 3.45338392 36.26725388
v -42.27263641 3.45779181 35.50236130
v -42.44739151 4.59377813 35.38608932
v -42.96345520 4.56596375 35.95014191
v -43.13672638 5.66059160 35.60041809
v -43.42473602 6.73525476 35.38802338
v -43.72310638 7.77769327 35.04833984
v -43.98637009 8.79031849 34.59045410
v -44.19198608 9.61039639 34.19237518
v -44.48282623 10.40158939 33.80905914
v -44.77625275 11.19877148 33.40464401
v -42.26210785 4.62513638 35.36388016
v -42.49479675 5.75279236 35.20809937
v -42.78444672 6.85346746 35.00623322
v -44.29223633 8.84058380 35.14287186
v -44.67543030 9.61297321 34.81660461
v -45.09672546 10.34256935 34.44145203
v -45.55116272 11.02293682 34.01619720
v -46.03164291 11.64707088 33.54052353
v -46.53102493 12.20791054 33.01415634
v -47.04201508 12.69896698 32.43751526
v -47.55660629 13.11528301 31.81344032
v -48.06666946 13.45222378 31.14523315
v -48.56410599 13.70522022 30.43623734
v -49.04180908 13.87234211 29.69152260
v -49.49404526 13.95523739 28.91849518
v -49.91517258 13.95580769 28.12472534
v -44.62760544 9.56498623 34.64089584
v -44.94227982 10.27227974 34.11475372
v -45.32318878 10.95640659 33.64549637
v -45.64426041 11.62053013 33.08411407
v -45.98261261 12.26751900 32.51710129
v -46.39517975 12.85268402 31.94815063
v -46.80981445 13.42092609 31.34515762
v -45.03830338 10.29284573 34.27233505
v -45.48149490 10.97281837 33.85485840
v -45.95064926 11.59805012 33.38806152
v -46.43918991 12.16164017 32.87157059
v -46.94035721 12.65720177 32.30566025
v -47.44662476 13.07972431 31.69283676
v -47.95032501 13.42449474 31.03604126
v -48.44380951 13.68685150 30.33825111
v -48.92026138 13.86451721 29.60417175
v -49.37400818 13.95843601 28.84085846
v -49.79943466 13.96977997 28.05552483
v -45.37824631 10.95404243 33.70528412
v -45.78384781 11.58638382 33.19122696
v -46.12625504 12.19594574 32.58827209
v -46.48622513 12.78265095 31.97671509
v -46.91520691 13.29906559 31.36081314
v -47.34449005 13.79159546 30.70902252
v -45.84046936 11.58219624 33.24735260
v -46.32283783 12.14989853 32.74039841
v -46.81903076 12.65076828 32.18449020
v -47.32184982 13.07966900 31.58184433
v -47.82395172 13.43172741 30.93509674
v -48.31800461 13.70212460 30.24691772
v -48.79733658 13.88824654 29.52175140
v -49.25616837 13.99046898 28.76643372
v -49.68878555 14.00937748 27.98797417
v -46.26504898 12.15626621 32.68811798
v -46.62380219 12.70515156 32.04346085
v -46.99950027 13.22564697 31.38873482
v -47.43819427 13.66704655 30.72762108
v -47.87495804 14.07652378 30.02859497
v -46.76061630 12.65964890 32.13613510
v -47.26345825 13.09131813 31.53738785
v -47.76632690 13.44631767 30.89439964
v -48.26198196 13.71973801 30.20973396
v -48.74377060 13.90883160 29.48774910
v -49.20583725 14.01377106 28.73523903
v -49.64237595 14.03493786 27.95916176
v -47.12993622 13.14273834 31.45160675
v -47.51526260 13.59109020 30.75541496
v -47.95688629 13.95108986 30.05087090
v -48.39398956 14.27226448 29.30840683
v -47.63752365 13.50353146 30.81504631
v -48.13942719 13.78240108 30.13616943
v -48.62895203 13.97633457 29.41923141
v -49.10000229 14.08517456 28.67102623
v -49.54652786 14.10896492 27.89851952
v -48.02635574 13.87361431 30.07905769
v -48.46431351 14.14786053 29.33490944
v -48.89468384 14.37851906 28.55592537
v -48.52594376 14.06999302 29.36393356
v -49.00764465 14.17989922 28.61697578
v -49.46509552 14.20320797 27.84530640
v -48.95386887 14.25699615 28.58684731
v -49.37016296 14.39521122 27.77883148
v -49.41897964 14.27834892 27.81399536
v -50.96039581 13.49621964 25.68608475
v -50.69662857 13.68906403 25.50172043
v -51.93532181 12.65597153 23.56035233
v -52.00136948 12.51506424 22.75797081
v -51.85739136 12.60155296 22.69620705
v -51.76155090 12.69739246 22.64676857
v -51.63617706 12.77804279 23.40335846
v -51.54185104 12.87260914 23.34514236
v -51.45813751 13.01686382 23.27626419
v -51.41505814 13.18140697 23.21504974
v -51.62844086 13.00826359 22.53944588
v -51.67509842 12.84283447 22.58934212
v -51.77908325 12.69353104 23.47479630
v -40.51483917 3.29999995 36.30971909
v -39.74209595 3.29999995 36.10266495
v -41.02229691 2.49112868 36.01626587
v -41.06483459 3.29999995 35.99217987
v -40.93452835 1.65757132 36.06740952
v -46.61149216 14.39745903 31.90871239
v -46.56180191 14.67230988 32.30067444
v -45.73696518 13.74830627 32.77689362
v -46.48274231 14.91412354 32.58430481
v -45.63599014 13.96582890 33.07317734
v -46.37509155 15.14937687 32.80701065
v -45.50701523 14.17745113 33.30819321
v -46.24258041 15.37749958 32.97425461
v -45.35383224 14.38265896 33.48737335
v -47.40950394 15.11252213 31.44798088
v -47.38734055 15.41179943 31.82404900
v -48.28484726 16.04168129 31.30587196
v -48.25864792 16.32510376 31.55898476
v -49.25479126 16.84080505 30.98386192
v -49.23058701 17.13318062 31.15838814
v -50.32365799 17.50321007 30.52730370
v -50.30680466 17.79843712 30.62777328
v -51.47995377 17.99595451 29.95045471
v -52.66896820 17.99615288 29.26397705
v -53.84229279 17.79725075 28.58655739
v -54.93629837 17.33608246 27.93635368
v -53.74658966 17.50204468 28.55107307
v -54.75261307 16.96938324 27.89042664
v -53.61888885 17.19761276 28.46424866
v -53.45603943 16.88468933 28.32028389
v -52.39781570 17.06409836 28.93124771
v -52.21740723 16.70082474 28.67213631
v -51.19206619 16.70074844 29.26411629
v -50.94691467 16.23694992 28.77228546
v -49.99095535 16.07593536 29.32420921
v -49.72259521 15.65415955 28.67416000
v -48.84711075 15.35749340 29.17961884
v -49.06584167 15.76253414 29.85832405
v -48.18777084 15.30820847 30.36527634
v -49.20027924 16.19868851 30.41407394
v -48.27445221 15.71953678 30.94860268
v -49.24808121 16.54027557 30.74975014
v -47.36439514 14.73039150 30.84065437
v -50.62537384 15.80623722 28.15293884
v -51.91364288 16.23698235 28.21414375
v -53.23076630 16.52901459 28.08707237
v -54.51221848 16.58887863 27.75652122
v -50.23687363 15.42934227 27.42541885
v -51.10154343 15.42929935 26.92620087
v -51.95788193 15.28408337 26.43179512
v -51.46623611 14.98032379 25.64180374
v -52.78952789 15.00082111 25.95166206
v -52.44055557 15.65313053 27.10494232
v -53.31557083 15.35513210 26.59976387
v -52.86972427 16.07487488 27.66215134
v -53.79429626 15.76003742 27.12835312
v -54.20870972 16.19604492 27.52245712
v -49.17899323 17.41669464 31.27891541
v -48.20242691 16.60083771 31.75199699
v -47.33249664 15.67510319 32.09369659
v -48.11978912 16.86821556 31.89044762
v -47.24840927 15.93126392 32.30279922
v -47.13874817 16.17966080 32.45685196
v -44.56151581 13.28434277 33.94481659
v -43.86022568 12.09731579 34.34970856
v -43.24458313 10.83627987 34.70515060
v -42.71067047 9.51293564 35.01340485
v -42.25666809 8.13469028 35.27552414
v -41.88091278 6.70862103 35.49246597
v -42.91274643 9.39586067 34.80599594
v -43.43827057 10.69856548 34.50258255
v -44.04333878 11.93782902 34.15324783
v -44.73134995 13.10218716 33.75602341
v -44.20317459 11.77335739 33.90041351
v -44.99610901 12.72124958 33.20462418
v -44.87748718 12.91433716 33.51110077
v -50.17884064 16.53010941 29.84910202
v -50.26849747 16.88581085 30.16061020
v -50.31203461 17.19875526 30.37346077
v -51.32657242 17.06398773 29.54973030
v -51.40956879 17.38356400 29.73979950
v -51.45957947 17.69447136 29.87147713
v -51.53767395 15.80622959 27.62622452
v -52.52119827 17.38370514 29.09800148
v -52.61050034 17.69464111 29.20699501
v -56.18897247 27.60813713 16.00192451
v -56.18897247 21.26233482 16.00192451
v -56.53897095 21.26233482 16.09570694
v -56.53897095 27.60813713 16.09570694
v -61.17844391 31.10000038 20.45359993
v -60.58179474 31.10000038 20.79807663
v -60.51346970 15.84906864 20.83752251
v -61.03931046 16.60992241 20.53392792
v -61.45295334 17.45812416 20.29511070
v -53.12951660 12.27610111 22.53854561
v -52.34679413 12.66363430 23.91606522
v -52.78200531 12.79230213 24.59955788
v -53.22742462 12.97795963 25.26958275
v -53.81773376 13.31096649 26.11003494
v -54.39822006 12.67248249 24.59362221
v -54.96257401 13.01226139 25.44906044
v -54.99158096 12.56511497 24.25104523
v -55.54278183 12.90727329 25.11407661
v -55.58790207 12.48841953 23.90675926
v -56.12588501 12.83227825 24.77742386
v -56.18540192 12.44248772 23.56179428
v -56.71013641 12.78736401 24.44010353
v -56.69627762 12.38060188 23.06816673
v -57.37918091 12.84265232 24.25098991
v -57.20055008 13.23115730 25.25020409
v -57.97774887 13.46446609 25.28774261
v -57.63892746 13.76216221 25.96244431
v -58.23807144 13.82803345 25.73862839
v -58.46898270 14.22214890 26.13858223
v -58.01064682 14.36259270 26.55307961
v -58.66826630 14.64301586 26.48375320
v -58.30577469 15.01052475 27.00684357
v -58.83400345 15.08658314 26.77081490
v -58.96459198 15.54857635 26.99700356
v -58.51985168 15.68242931 27.31810188
v -59.05878067 16.02454758 27.16014099
v -58.65380096 16.35571861 27.49045372
v -59.11565781 16.50991440 27.25865746
v -58.20659637 16.39009666 27.74864960
v -57.76026917 16.44750023 28.00633621
v -57.31615829 16.52786255 28.26274300
v -57.57465363 15.77951908 27.86381340
v -57.10486221 15.86452675 28.13504791
v -57.30901718 15.11291122 27.58232117
v -56.81359863 15.20255566 27.86835098
v -56.96416855 14.47008610 27.15726471
v -56.44404221 14.56420231 27.45756149
v -56.54637527 13.87438774 26.59322929
v -56.00334549 13.97264862 26.90674782
v -56.06725311 13.34756851 25.90451431
v -55.50397110 13.44949341 26.22972488
v -54.39252472 13.73948479 26.87141800
v -54.93186569 14.25221348 27.52536964
v -55.41774368 14.83197784 28.05009460
v -55.83606339 15.45760822 28.43273163
v -56.17789078 16.10638618 28.67023468
v -56.43985367 16.75650215 28.76867676
v -55.77654266 12.25021172 22.87066269
v -55.95528412 12.09607315 21.78473091
v -55.36666489 12.11695671 22.17254257
v -54.96291351 12.04015827 21.48003387
v -54.75666428 12.16384983 22.52472687
v -54.34996414 12.08727837 21.83391953
v -54.14786530 12.24215031 22.87621689
v -53.73822403 12.16595745 22.18710899
v -53.54208755 12.35176468 23.22596169
v -53.96727371 12.48305035 23.91524506
v -54.56796646 12.37435532 23.56843376
v -55.17165756 12.29671192 23.21989250
v -58.04678726 15.71879578 27.59122849
v -57.80690384 15.04887486 27.29486656
v -57.48689270 14.40285587 26.85547066
v -57.09211349 13.80419827 26.27814865
v -56.63334274 13.27476120 25.57768250
v -53.63721085 18.85816765 12.22129631
v -53.99940491 18.36424255 12.06987858
v -54.52184296 18.09932899 11.95006943
v -55.10506821 17.83285332 11.92950439
v -55.27466583 18.26317215 11.83158779
v -55.74068832 17.57115364 12.01816654
v -55.93076706 18.05343819 11.90842533
v -56.49014282 17.29552460 12.25012589
v -56.70179367 17.83253860 12.12793064
v -57.26870346 17.04322052 12.62270355
v -57.50009537 17.63033295 12.48910809
v -58.05329514 16.82240295 13.12752533
v -58.30196762 17.45336151 12.98395348
v -58.82031631 16.63940811 13.74821663
v -59.08331299 17.30670357 13.59637642
v -59.54794312 16.49815178 14.46212101
v -59.82199478 17.19349670 14.30389786
v -60.21808243 16.39990997 15.24283600
v -60.49982071 17.11476326 15.08017445
v -60.81763077 16.34348297 16.06301308
v -61.10378265 17.06953812 15.89780235
v -61.33889008 16.32564354 16.89686394
v -61.62644196 17.05524254 16.73084641
v -61.73998260 16.33886337 17.64271355
v -62.02649689 17.06583786 17.47729492
v -62.10495758 16.38045883 18.43575478
v -62.38821793 17.09917259 18.27221489
v -62.42184067 16.45273209 19.26417732
v -62.69944763 17.15709686 19.10390282
v -62.67913055 16.55695724 20.11296082
v -62.94858170 17.24062538 19.95739365
v -62.89265823 16.72117996 21.11801529
v -63.14925385 17.37223816 20.96986961
v -62.99658966 16.92725372 22.09513283
v -63.23705673 17.53739357 21.95629883
v -62.98482513 17.16972160 23.01263428
v -63.20631790 17.73171616 22.88475418
v -62.85843277 17.44077682 23.84216499
v -63.05871582 17.94894981 23.72653198
v -62.62546158 17.73108101 24.56155777
v -62.80302429 18.18161011 24.45904160
v -62.29973984 18.03078461 25.15665054
v -62.45384598 18.42180252 25.06767654
v -61.89895248 18.33050728 25.62180328
v -62.02960587 18.66201019 25.54637146
v -57.74599838 16.21416664 13.30494404
v -58.49532318 15.99614429 13.93585205
v -59.20928955 15.82785034 14.65764236
v -59.86992645 15.71080494 15.44384384
v -60.46401596 15.64357567 16.26717186
v -60.98355484 15.62232208 17.10201836
v -61.38592529 15.63807297 17.84712982
v -61.75492096 15.68762970 18.63784790
v -62.07879639 15.77373791 19.46223450
v -62.34616470 15.89791203 20.30519867
v -62.57557297 16.09356880 21.30108452
v -62.69943237 16.33909035 22.26669693
v -62.71111679 16.62796974 23.17065811
v -62.61093903 16.95090675 23.98505592
v -62.40604019 17.29677963 24.68824005
v -62.10930252 17.65385056 25.26659966
v -61.73749924 18.01094246 25.71501732
v -59.45827866 15.05953407 15.68150997
v -60.04591370 14.98209572 16.50856400
v -60.56341171 14.95761490 17.34458733
v -60.96729279 14.97575760 18.08882713
v -60.48926544 14.36349964 18.36481476
v -59.95903397 13.81152153 18.67094421
v -59.38545227 13.32812881 19.00210190
v -59.77717590 13.40392780 19.77969933
v -59.17716980 12.99974155 20.12611389
v -59.55251694 13.13952160 20.92078209
v -58.94252014 12.81897163 21.27296448
v -59.30204010 13.02996159 22.06272697
v -58.69868851 12.79299641 22.41106987
v -59.10206985 13.13674736 23.30651283
v -58.52590179 12.98036194 23.63916397
v -58.90428162 13.42154789 24.45782661
v -58.37062073 13.33692074 24.76593590
v -58.72388840 13.86269951 25.47268486
v -58.77855301 12.91929722 19.35249710
v -58.55474472 12.67265987 20.48546982
v -58.32090759 12.57483292 21.63185310
v -58.09366226 12.62877750 22.76038170
v -57.95644760 12.89005947 23.96793747
v -58.14897156 12.58845711 19.71598434
v -57.50740814 12.33648205 20.08639336
v -56.86405563 12.16186142 20.45783234
v -56.22820282 12.06102943 20.82494164
v -56.65579605 12.15122414 21.58182716
v -57.08148956 12.30794716 22.34742928
v -57.49568939 12.53395176 23.10562325
v -59.00556564 14.45046616 26.06661797
v -59.21543884 13.94064903 25.18888855
v -59.45004272 14.52095032 25.81000137
v -59.71279144 14.07564068 24.90174294
v -59.89976120 14.64301395 25.55035591
v -60.20875931 14.27043343 24.61539650
v -60.34822845 14.81915092 25.29143143
v -60.69546127 14.52619171 24.33439827
v -60.78831863 15.05041599 25.03734398
v -61.16463089 14.84224319 24.06352234
v -61.21255875 15.33619881 24.79240990
v -61.60804749 15.21593475 23.80751801
v -61.61350632 15.67410278 24.56092262
v -62.01794434 15.64264774 23.57086182
v -61.98415375 16.05994797 24.34693146
v -62.38748932 16.11595917 23.35750580
v -62.31830597 16.48793221 24.15400887
v -59.20964432 15.07997608 26.53367996
v -59.60369873 15.14246464 26.30617142
v -60.00240326 15.25068283 26.07597923
v -60.40000153 15.40683937 25.84642601
v -60.79017258 15.61187077 25.62116241
v -61.16628647 15.86523628 25.40401077
v -61.52175522 16.16481018 25.19878197
v -61.85035324 16.50688744 25.00906563
v -62.14660263 16.88632202 24.83802605
v -59.33511734 15.72986603 26.86827469
v -59.38555908 16.37979507 27.07291222
v -59.67551041 16.42577553 26.90550804
v -59.67712402 15.78410053 26.67081833
v -60.02316284 15.87802410 26.47103119
v -60.26143646 16.62030411 26.56722260
v -59.96887970 16.50540352 26.73613167
v -61.08683395 17.17802811 26.09068108
v -60.82527924 16.95759773 26.24168968
v -60.54852676 16.77116966 26.40147209
v -61.03330612 16.41140175 25.88782501
v -60.70687485 16.19150352 26.07629204
v -61.54660416 17.70892334 25.82523155
v -61.32862091 17.42973137 25.95108414
v -61.62701416 16.96829605 25.54504585
v -61.34181976 16.67140388 25.70970345
v -62.13816071 20.00000000 25.51361275
v -62.19807434 19.33858109 25.44910622
v -62.12911224 18.99982452 25.48892021
v -62.65255737 19.21983719 24.95294952
v -62.57122040 18.82026482 24.99991035
v -63.03197861 19.10110092 24.32685471
v -62.93825912 18.64071655 24.38096237
v -63.31696320 18.98608780 23.57743073
v -63.21125412 18.46679878 23.63846397
v -63.49192047 18.87870216 22.71986198
v -63.37501526 18.30441284 22.78735733
v -63.54712677 18.78264236 21.77727890
v -63.42020416 18.15915298 21.85055733
v -63.48011780 18.70099831 20.77884483
v -63.34468460 18.03569603 20.85703850
v -63.29601669 18.63593674 19.75680351
v -63.15379715 17.93731117 19.83891106
v -63.05739975 18.59464645 18.89723778
v -62.91087723 17.87487221 18.98183250
v -62.75346375 18.56601143 18.06133842
v -62.60395432 17.83157349 18.14765739
v -62.39594269 18.54953384 17.26399612
v -62.24471664 17.80665398 17.35130692
v -61.99721909 18.54429626 16.51677895
v -61.84544754 17.79873466 16.60440445
v -61.47275925 18.55136299 15.68477345
v -61.32172394 17.80942154 15.77197361
v -60.86310196 18.57371902 14.87043381
v -60.71439743 17.84322739 14.95628834
v -60.17536163 18.61264038 14.09988022
v -60.03071594 17.90208244 14.18339157
v -59.42242813 18.66860199 13.40058804
v -59.28361511 17.98670769 13.48073101
v -58.62261963 18.74110222 12.79882622
v -58.49136353 18.09633636 12.87460518
v -57.79846191 18.82858467 12.31684589
v -57.67633057 18.22862625 12.38735962
v -56.97470093 18.92854309 11.97036839
v -56.86299133 18.37977982 12.03486443
v -56.17585754 19.03774071 11.76692009
v -56.07553482 18.54490471 11.82484341
v -55.49335098 19.14142036 11.70532894
v -55.40383530 18.70168686 11.75701141
v -54.86238098 19.24699402 11.75345898
v -54.78387070 18.86133003 11.79878616
v -54.29248047 19.35194588 11.90067101
v -54.22491455 19.02003670 11.93968010
v -53.78340149 19.41802788 12.13689423
v -62.23789215 19.67338753 25.42611694
v -62.50162125 20.00000000 25.17241478
v -62.69952774 19.61475182 24.92583275
v -62.81963730 20.00000000 24.77129173
v -63.08609772 19.55611801 24.29560852
v -63.08914566 20.00000000 24.31410599
v -63.30755234 20.00000000 23.80526161
v -63.37800598 19.49932480 23.54218864
v -63.47274780 20.00000000 23.24965668
v -63.55942535 19.44629669 22.68088722
v -63.58314896 20.00000000 22.65264511
v -63.63768768 20.00000000 22.01997566
v -63.62041473 19.39886093 21.73496628
v -63.57762527 20.00000000 20.67231560
v -63.55832291 19.35854530 20.73369408
v -63.37813568 19.32641792 19.70939064
v -63.29486847 20.00000000 19.25846863
v -63.14200592 19.30602837 18.84839058
v -62.80028534 20.00000000 17.83276749
v -62.83979416 19.29188919 18.01149559
v -62.48326492 19.28375053 17.21357918
v -62.11288071 20.00000000 16.45000076
v -62.08485794 19.28116417 16.46618080
v -61.55997467 19.28465462 15.63442135
v -61.25907135 20.00000000 15.16330719
v -60.94897079 19.29569435 14.82085800
v -60.27167130 20.00000000 14.02213383
v -60.25888824 19.31491280 14.05165768
v -59.50258255 19.34254837 13.35431004
v -59.18862152 20.00000000 13.07033634
v -58.69841003 19.37834740 12.75506878
v -58.05154419 20.00000000 12.34449100
v -57.86898422 19.42154884 12.27612972
v -57.47636795 20.00000000 12.07538795
v -57.03920746 19.47090721 11.93312550
v -56.90414047 20.00000000 11.87249088
v -56.23379135 19.52482986 11.73347378
v -56.34037399 20.00000000 11.73775482
v -55.79049683 20.00000000 11.67247677
v -55.54504013 19.57602882 11.67548656
v -55.25981140 20.00000000 11.67728424
v -54.90771484 19.62816048 11.72728634
v -54.75341797 20.00000000 11.75213337
v -54.33149338 19.67998695 11.87814522
v -54.27620316 20.00000000 11.89630032
v -53.83275604 20.00000000 12.10839939
v -54.67058563 18.47673607 11.86419201
v -54.12741852 18.68904686 11.99597073
v -61.88413239 17.29761124 25.39660072
v -60.36824036 16.01355362 26.27179909
v -61.34104538 15.03283882 18.87679863
v -60.86845016 14.42753601 19.14965248
v -60.34424210 13.88182926 19.45230293
v -61.67318344 15.13202190 19.69641495
v -61.21002579 14.53880596 19.96381950
v -60.69628525 14.00399590 20.26042747
v -60.14054489 13.53563690 20.58128548
v -61.95247269 15.27505112 20.53249741
v -61.50292206 14.69926453 20.79204559
v -61.00427628 14.18016815 21.07993889
v -60.46486282 13.72557068 21.39137077
v -59.89411163 13.34109306 21.72089195
v -62.20065689 15.50041676 21.51754189
v -61.77254868 14.95209312 21.76471138
v -61.29768753 14.45775604 22.03887367
v -60.78400040 14.02484131 22.33544922
v -60.24047470 13.65870190 22.64925385
v -59.67663956 13.36241055 22.97478485
v -62.34807968 15.78321648 22.46954918
v -61.94687653 15.26935577 22.70118332
v -61.50186157 14.80608749 22.95811462
v -61.02046204 14.40038204 23.23604965
v -60.51109695 14.05725479 23.53013229
v -59.98270035 13.77958488 23.83520317
v -59.44424057 13.56810474 24.14608192
v -57.92046738 12.42354774 20.85167122
v -57.69756699 12.40564346 21.99173927
v -57.28442383 12.25091076 21.21888924
v -51.17040253 14.86118793 25.19927406
v -51.20252609 14.87265587 25.24802780
v -61.77946854 20.00000000 19.41702271
v -61.70611954 20.00000000 19.18377686
v -61.41653824 20.00000000 18.41713905
v -61.31270981 20.00000000 18.18124390
v -58.17698288 20.00000000 14.19618034
v -55.88584900 14.17494106 24.12290764
v -56.96818161 14.13420868 23.53911591
v -56.31230927 14.53252316 24.79797363
v -57.38032913 14.51214123 24.25297546
v -56.60766220 14.84724712 25.25357437
v -57.72889328 14.94403934 24.85671234
v -56.83942032 15.14710903 25.60166550
v -58.00315094 15.40911388 25.33173561
v -57.03745270 15.45858860 25.88928223
v -58.18038177 15.82813740 25.63870621
v -57.28636551 15.97052860 26.22937775
v -58.29846191 16.23400879 25.84323120
v -57.44650269 16.46207237 26.41933060
v -58.36426926 16.62515450 25.95721436
v -57.00294495 16.51911926 26.67541885
v -56.82391357 16.03000641 26.49637794
v -56.59346008 16.06867599 26.62942886
v -56.31505585 15.56091404 26.30635834
v -56.07557297 15.60740757 26.44462395
v -55.85364914 15.29962349 26.17079926
v -54.88352585 15.55274200 26.73089981
v -54.60614014 15.26234436 26.40915298
v -54.11943054 15.42940712 26.69015694
v -53.76453400 15.12861347 26.26893044
v -56.56158447 16.59898376 26.93023872
v -56.78190613 16.55620956 26.80303574
v -55.69071579 16.82620430 27.43303490
v -55.45578003 16.35017395 27.28626823
v -56.36375046 16.11327362 26.76205063
v -55.12895966 15.85439205 26.99114990
v -55.26375961 16.97275734 27.67953682
v -55.01063538 16.50296974 27.54327202
v -54.66487122 16.01369095 27.25909042
v -54.40791321 15.71599674 27.00549507
v -53.27042770 14.78685856 25.63292122
v -54.82551575 14.33899212 24.73509026
v -53.78201675 14.61125565 25.33755684
v -54.26289368 14.95755196 25.98120308
v -55.08951187 14.28773975 24.58267403
v -55.35436249 14.24329853 24.42976189
v -56.55531693 15.52059841 26.16764259
v -56.34530640 15.21065903 25.88694000
v -56.10202408 14.91228008 25.54550362
v -55.79457092 14.59911156 25.09688950
v -56.09907913 15.25197506 26.02910042
v -55.85005188 14.95456028 25.69098091
v -55.53656769 14.64240360 25.24584579
v -55.27940369 14.69233036 25.39432144
v -55.59889221 15.00332069 25.83598709
v -36.83477402 31.10000038 35.44493866
v -37.19842529 31.10000038 35.91390991
v -37.67467880 31.10000038 36.26797104
v -38.22853088 31.10000038 36.48109436
v -61.58396912 31.10000038 21.15598679
v -61.78442383 31.10000038 22.88109207
v -61.87678146 31.10000038 22.29487991
v -61.80828476 31.10000038 21.70540237
v -59.51997757 19.43563843 15.44808292
v -60.02834702 19.42391777 16.06876755
v -60.69960022 18.73330879 17.26595879
v -59.95811462 18.83338165 16.10931587
v -59.45117188 18.85711861 15.48780727
v -59.33201218 18.27177429 15.55660248
v -59.16007233 17.68805504 15.65587330
v -58.93431473 17.11524200 15.78621483
v -59.66096878 17.64003754 16.28087425
v -59.43052292 17.05532837 16.41392136
v -60.37962341 17.51529694 17.45069885
v -59.86000443 16.39277077 17.75070000
v -59.83648300 18.23587990 16.17954063
v -59.16071701 15.40886784 18.15443420
v -58.80904388 15.95897484 16.77273178
v -59.14575195 16.49167824 16.57833481
v -58.65533829 16.56306076 15.94728184
v -58.30863190 14.60139942 18.64638519
v -57.99809647 15.02257347 17.24093246
v -58.42456436 15.46653175 16.99471092
v -57.94882584 15.55877304 16.35518837
v -58.32548141 16.04119682 16.13772392
v -57.33649445 14.00139618 19.20764923
v -57.04862595 14.30495167 17.78911018
v -57.53676224 14.63377762 17.50728416
v -57.07908630 14.74296284 16.85733223
v -57.53103256 15.12384701 16.59639931
v -56.54225540 14.03885555 18.08146477
v -56.28166580 13.63191605 19.81665421
v -55.50878906 13.69574261 18.67813683
v -55.09237289 13.82401276 18.00436020
v -56.10481262 14.16014576 17.41982841
v -56.60088348 14.42082787 17.13342285
v -61.14667130 19.41876793 17.89161301
v -61.45760345 19.42564392 18.58258820
v -61.68411636 19.43563843 19.19648170
v -61.74301529 18.79649353 19.70850372
v -61.65580750 19.14771843 19.21282387
v -61.42879486 19.13262558 18.59922028
v -61.38758087 18.83687782 18.62301636
v -61.07580948 18.82295418 17.93252563
v -60.95309067 18.22011185 18.00337791
v -60.77600861 17.61894417 18.10561562
v -60.54350281 17.02900887 18.23985291
v -61.09132385 17.64711189 18.79405785
v -60.86156845 17.06415558 18.92670822
v -61.32421112 17.68805504 19.40427208
v -61.09845352 17.11524200 19.53461266
v -61.43899536 17.63923836 19.88402939
v -60.94529724 16.57270622 20.16906548
v -61.49615097 18.27177429 19.30500031
v -61.61531067 18.85711861 19.23620605
v -60.28089142 15.63788128 20.55266190
v -60.48962021 16.04119682 19.88612366
v -60.81947708 16.56306076 19.69568062
v -60.57765198 16.50219345 19.09062767
v -60.25618744 16.46031952 18.40573502
v -59.47130966 14.87069130 21.02007294
v -59.69517136 15.12384701 20.34479713
v -60.11296463 15.55877304 20.10358620
v -59.85862732 15.48012066 19.50575638
v -60.24195480 15.97108746 19.28444290
v -59.52855301 15.42601013 18.82583427
v -59.91646957 15.92285442 18.60187149
v -58.54766464 14.30061722 21.55333900
v -58.76502228 14.42082787 20.88182068
v -59.24322510 14.74296284 20.60573006
v -58.97348404 14.64986229 20.01679420
v -59.43343735 15.03749275 19.75123978
v -58.63281631 14.58581257 19.34298897
v -59.09827423 14.97808361 19.07425690
v -58.26895142 14.16014576 21.16822624
v -57.54545212 13.94956779 22.13196754
v -57.25651169 13.82401276 21.75275803
v -56.95158768 13.71463871 21.18413544
v -56.58671570 13.63939285 20.52430534
v -57.62941742 13.98557377 19.92230034
v -58.14031601 14.25404835 19.62733269
v -61.26631165 18.24116898 18.69302940
v -61.11751938 19.12224197 17.90844536
v -58.48681259 14.32202244 20.29777336
v -57.98195648 14.05672359 20.58925247
v -59.58754349 14.94614506 21.46778297
v -59.12782288 14.63646030 21.73320389
v -59.28098679 14.76932716 22.13588715
v -59.41619110 14.91692734 22.52270699
v -59.53319550 15.07738304 22.89129066
v -59.61876678 15.22365379 23.19076729
v -59.09550095 14.84737778 23.14399338
v -59.19408035 15.00048351 23.43596077
v -58.20220566 14.55080128 23.65973854
v -58.32732773 14.71271992 23.93637848
v -58.44060516 14.88224983 24.19532394
v -58.60183334 15.17826843 24.58413506
v -58.72660446 15.48575687 24.91404915
v -58.84791946 15.95047092 25.29617119
v -58.89752960 16.39841080 25.54788017
v -58.89333725 16.73038673 25.66348457
v -59.42932892 16.90833855 25.35402870
v -59.69195175 17.04634476 25.20240211
v -59.94511414 17.21688652 25.05623817
v -59.77723312 16.74644852 25.03998375
v -60.05609894 16.93430519 24.87897873
v -59.83703232 16.34179497 24.72510529
v -60.15058517 16.55301666 24.54407501
v -59.82922363 15.92198944 24.27745056
v -60.17876053 16.15744781 24.07564735
v -59.77956009 15.64421463 23.90417480
v -60.15290070 15.89571285 23.68862534
v -59.69063568 15.37680244 23.47361946
v -60.08689880 15.64373970 23.24483490
v -60.02815628 15.49943447 22.95440483
v -60.50910568 16.43585014 23.88492203
v -60.44692612 16.80275726 24.37298584
v -60.72086716 17.08793449 24.21482468
v -60.56329727 17.41005325 24.58614731
v -60.78294754 17.69138336 24.45933342
v -60.60496521 17.90418053 24.67527390
v -60.77959442 18.18045998 24.57445145
v -60.18437958 17.41852951 24.91809845
v -60.40556335 17.64878273 24.79039955
v -58.04182053 14.37318230 23.31620216
v -57.86670303 14.20979309 22.95242119
v -57.67761993 14.06271267 22.57048035
v -58.81590271 14.52492905 22.40440178
v -58.65092850 14.38585377 22.00853920
v -60.31966019 17.15642166 24.72681236
v -59.48794174 16.59442902 25.20700455
v -59.51176453 16.17086792 24.91289902
v -59.46662903 15.73144722 24.48679543
v -59.39226532 15.44069481 24.12777901
v -59.27956390 15.16078758 23.71095085
v -58.96423340 14.67942524 22.78364563
v -37.10375595 14.00000000 32.88576889
v -37.10375595 -0.00000000 32.88576889
v -37.10375595 -14.00000000 32.88576889
v -36.73075485 -14.00000000 33.46013641
v -36.55350113 -14.00000000 34.12165451
v -36.58934402 -14.00000000 34.80557251
v -36.58934402 -0.00000000 34.80557251
v -36.58934402 14.00000000 34.80557251
v -36.55350113 14.00000000 34.12165451
v -36.73075485 14.00000000 33.46013641
v -36.73075485 -0.00000000 33.46013641
v -36.55350113 -0.00000000 34.12165451
v -40.02660751 3.29999995 36.59160233
v -40.02494049 3.29999995 36.59256363
v -40.02660751 -3.29999995 36.59160233
v -40.02494049 -3.29999995 36.59256363
v -40.02438354 3.29999995 36.59160233
v -40.02438354 -3.29999995 36.59160233
v -61.89388657 20.00000000 23.30536842
v -61.93807220 20.00000000 23.17440033
v -62.06202316 20.00000000 22.64531326
v -61.97897339 20.00000000 23.03629303
v -62.06487274 20.00000000 22.64579582
v -62.08238602 20.00000000 22.53379822
v -62.13229370 20.00000000 21.96776199
v -62.13221741 19.98876572 21.96954918
v -62.13182831 19.97263336 21.97836876
v -62.12965775 19.93764496 22.02301407
v -62.12347794 19.89564705 22.12459946
v -62.08665466 19.82258034 22.48469353
v -62.03051758 19.80834198 22.81161690
v -61.95617294 19.86324310 23.11058807
v -61.34562683 20.00000000 24.21388435
v -61.62036514 20.00000000 23.87097549
v -61.61939240 20.00000000 23.87034798
v -61.65546417 20.00000000 23.81462669
v -61.85172653 20.00000000 23.41363907
v -61.85271072 20.00000000 23.41403198
v -61.87277603 20.00000000 23.36003685
v -61.82061386 19.86209488 23.48797226
v -61.65572739 19.85326385 23.81161308
v -61.47016144 19.90773773 24.07644272
v -61.38408661 19.95156860 24.17428398
v -61.35947418 19.97157669 24.19989586
v -61.35064316 19.98303986 24.20885086
v -61.34736252 19.99006271 24.21214867
v -62.13229370 -20.00000000 21.96776199
v -62.08238602 -20.00000000 22.53379822
v -62.06202316 -20.00000000 22.64531326
v -62.06487274 -20.00000000 22.64579582
v -61.97897339 -20.00000000 23.03629303
v -61.93807220 -20.00000000 23.17440033
v -61.89388657 -20.00000000 23.30536842
v -61.95617294 -19.86324310 23.11058807
v -62.03051758 -19.80834198 22.81161690
v -62.08665466 -19.82258034 22.48469353
v -62.12347794 -19.89564705 22.12459946
v -62.12965775 -19.93764496 22.02301407
v -62.13221741 -19.98876572 21.96954918
v -62.13182831 -19.97263336 21.97836876
v -61.85271072 -20.00000000 23.41403198
v -61.87277603 -20.00000000 23.36003685
v -61.85172653 -20.00000000 23.41363907
v -61.65546417 -20.00000000 23.81462669
v -61.61939240 -20.00000000 23.87034798
v -61.62036514 -20.00000000 23.87097549
v -61.34562683 -20.00000000 24.21388435
v -61.34736252 -19.99006271 24.21214867
v -61.35064316 -19.98303986 24.20885086
v -61.35947418 -19.97157669 24.19989586
v -61.38408661 -19.95156860 24.17428398
v -61.47016144 -19.90773773 24.07644272
v -61.65572739 -19.85326385 23.81161308
v -61.82061386 -19.86209488 23.48797226
f 1 2 3
f 3 2 4
f 3 4 5
f 5 4 6
f 5 6 7
f 7 6 8
f 8 6 9
f 9 6 10
f 9 10 11
f 11 10 12
f 12 10 13
f 13 10 14
f 14 10 15
f 15 10 16
f 16 10 17
f 17 10 18
f 18 10 19
f 19 10 20
f 19 20 21
f 21 20 22
f 22 20 23
f 22 23 24
f 24 23 25
f 25 23 26
f 26 23 27
f 26 27 28
f 28 27 29
f 28 29 30
f 30 31 28
f 28 31 32
f 33 34 35
f 35 34 36
f 34 37 36
f 36 37 38
f 38 37 39
f 38 39 40
f 40 39 41
f 40 41 42
f 42 41 43
f 42 43 44
f 43 45 44
f 44 45 46
f 46 45 47
f 46 47 48
f 48 47 49
f 48 49 50
f 50 49 51
f 50 51 52
f 51 53 52
f 52 53 54
f 54 53 55
f 54 55 56
f 56 55 57
f 56 57 58
f 58 57 59
f 58 59 60
f 59 61 60
f 60 61 62
f 62 61 63
f 62 63 64
f 64 63 65
f 64 65 66
f 66 65 67
f 66 67 68
f 67 69 68
f 68 69 70
f 70 69 71
f 70 71 72
f 72 71 73
f 72 73 74
f 74 73 75
f 74 75 76
f 75 77 76
f 76 77 78
f 78 77 79
f 78 79 80
f 80 79 81
f 80 81 82
f 82 81 83
f 82 83 84
f 83 85 84
f 84 85 86
f 86 85 87
f 86 87 88
f 88 87 89
f 88 89 90
f 90 89 91
f 90 91 92
f 91 93 92
f 92 93 94
f 93 95 94
f 94 95 96
f 96 95 97
f 96 97 98
f 98 97 99
f 98 99 100
f 100 99 101
f 100 101 102
f 101 103 102
f 102 103 104
f 104 103 105
f 104 105 106
f 106 105 107
f 106 107 108
f 108 107 109
f 108 109 110
f 109 111 110
f 110 111 112
f 112 111 113
f 112 113 114
f 114 113 115
f 114 115 116
f 116 115 117
f 116 117 118
f 117 119 118
f 118 119 120
f 120 119 121
f 120 121 122
f 122 121 123
f 122 123 124
f 124 123 125
f 124 125 126
f 125 127 126
f 126 127 128
f 128 127 129
f 128 129 130
f 130 129 131
f 130 131 132
f 132 131 133
f 132 133 134
f 133 135 134
f 134 135 136
f 136 135 137
f 136 137 138
f 138 137 139
f 138 139 140
f 140 139 141
f 140 141 142
f 141 143 142
f 142 143 144
f 144 143 145
f 144 145 146
f 146 145 147
f 146 147 148
f 148 147 149
f 148 149 150
f 149 151 150
f 150 151 152
f 151 153 152
f 152 153 154
f 154 153 155
f 154 155 156
f 156 155 157
f 156 157 158
f 158 157 159
f 158 159 160
f 159 161 160
f 160 161 162
f 162 161 163
f 162 163 164
f 164 163 165
f 164 165 166
f 166 165 167
f 166 167 168
f 167 169 168
f 168 169 170
f 170 169 171
f 170 171 172
f 172 171 173
f 172 173 174
f 174 173 175
f 174 175 176
f 175 177 176
f 176 177 178
f 178 177 179
f 178 179 180
f 180 179 181
f 180 181 182
f 182 181 183
f 182 183 184
f 183 185 184
f 184 185 186
f 186 185 187
f 186 187 188
f 188 187 189
f 188 189 190
f 190 189 191
f 190 191 192
f 191 193 192
f 192 193 194
f 194 193 195
f 194 195 196
f 196 195 197
f 196 197 198
f 198 197 199
f 198 199 200
f 199 201 200
f 200 201 202
f 202 201 203
f 202 203 204
f 204 203 205
f 204 205 206
f 206 205 207
f 206 207 208
f 207 209 208
f 208 209 210
f 210 209 211
f 210 211 212
f 212 211 213
f 212 213 214
f 214 213 215
f 214 215 216
f 215 217 216
f 216 217 218
f 218 217 219
f 218 219 220
f 220 219 221
f 220 221 222
f 222 221 223
f 222 223 224
f 223 225 224
f 224 225 226
f 226 225 227
f 226 227 228
f 228 227 229
f 228 229 230
f 230 229 231
f 230 231 232
f 231 233 232
f 232 233 234
f 234 233 235
f 234 235 236
f 236 235 237
f 236 237 238
f 238 237 239
f 238 239 240
f 239 241 240
f 240 241 242
f 242 241 243
f 242 243 244
f 244 243 245
f 244 245 246
f 246 245 247
f 246 247 248
f 247 249 248
f 248 249 250
f 250 249 251
f 250 251 252
f 252 251 253
f 252 253 254
f 254 253 33
f 254 33 35
f 250 40 248
f 248 40 42
f 248 42 246
f 246 42 44
f 246 44 244
f 244 44 46
f 244 46 48
f 40 250 38
f 38 250 252
f 38 252 254
f 35 36 254
f 254 36 38
f 244 48 242
f 242 48 50
f 242 50 240
f 240 50 52
f 240 52 54
f 240 54 238
f 238 54 56
f 238 56 236
f 236 56 58
f 236 58 234
f 234 58 60
f 234 60 62
f 234 62 232
f 232 62 64
f 232 64 230
f 230 64 66
f 230 66 228
f 228 66 226
f 226 66 68
f 226 68 224
f 224 68 222
f 222 68 70
f 222 70 220
f 220 70 218
f 218 70 216
f 216 70 72
f 216 72 214
f 214 72 74
f 214 74 212
f 212 74 210
f 210 74 76
f 210 76 208
f 208 76 78
f 208 78 80
f 82 108 80
f 80 108 110
f 80 110 208
f 208 110 112
f 208 112 206
f 206 112 114
f 206 114 204
f 204 114 202
f 202 114 116
f 202 116 200
f 200 116 198
f 198 116 118
f 198 118 196
f 196 118 194
f 194 118 192
f 192 118 190
f 190 118 188
f 188 118 120
f 188 120 186
f 186 120 184
f 184 120 122
f 184 122 182
f 182 122 180
f 180 122 124
f 180 124 178
f 178 124 126
f 178 126 176
f 176 126 128
f 176 128 174
f 174 128 130
f 174 130 172
f 172 130 132
f 172 132 170
f 170 132 134
f 170 134 168
f 168 134 136
f 168 136 166
f 166 136 138
f 166 138 164
f 164 138 140
f 164 140 162
f 162 140 142
f 162 142 144
f 108 82 106
f 106 82 84
f 106 84 104
f 104 84 86
f 104 86 102
f 102 86 88
f 102 88 100
f 100 88 90
f 100 90 98
f 98 90 96
f 96 90 94
f 94 90 92
f 162 144 160
f 160 144 146
f 160 146 158
f 158 146 148
f 158 148 156
f 156 148 154
f 154 148 150
f 154 150 152
f 255 256 257
f 257 256 258
f 256 259 258
f 258 259 260
f 259 261 260
f 260 261 262
f 262 261 263
f 262 263 264
f 264 263 265
f 264 265 266
f 266 265 267
f 266 267 268
f 267 269 268
f 268 269 270
f 270 269 271
f 270 271 272
f 272 271 273
f 272 273 274
f 274 273 275
f 274 275 276
f 275 255 276
f 276 255 257
f 277 278 279
f 279 278 280
f 278 281 280
f 280 281 282
f 281 283 282
f 282 283 284
f 283 285 284
f 284 285 286
f 285 287 286
f 286 287 288
f 287 289 288
f 288 289 290
f 289 291 290
f 290 291 292
f 291 277 292
f 292 277 279
f 292 279 290
f 290 279 257
f 290 257 258
f 279 280 257
f 257 280 276
f 276 280 274
f 274 280 272
f 272 280 270
f 270 280 268
f 268 280 282
f 268 282 266
f 266 282 264
f 264 282 262
f 262 282 260
f 260 282 258
f 258 282 284
f 258 284 288
f 288 284 286
f 288 290 258
f 293 294 295
f 295 294 296
f 295 296 297
f 298 299 293
f 293 299 300
f 293 300 301
f 302 278 298
f 298 278 277
f 298 277 303
f 303 277 304
f 304 277 305
f 305 277 291
f 305 291 285
f 285 291 287
f 287 291 289
f 306 307 302
f 302 307 308
f 302 308 179
f 179 308 181
f 181 308 183
f 183 308 309
f 183 309 185
f 185 309 187
f 187 309 189
f 189 309 191
f 191 309 310
f 191 310 219
f 219 310 221
f 221 310 223
f 223 310 225
f 225 310 227
f 227 310 311
f 227 311 229
f 229 311 231
f 231 311 233
f 233 311 235
f 235 311 312
f 235 312 237
f 237 312 239
f 239 312 241
f 241 312 243
f 243 312 283
f 243 283 245
f 245 283 247
f 247 283 249
f 249 283 251
f 251 283 253
f 253 283 33
f 33 283 281
f 33 281 151
f 151 281 153
f 153 281 155
f 155 281 157
f 157 281 159
f 159 281 161
f 161 281 163
f 163 281 165
f 165 281 167
f 167 281 302
f 167 302 169
f 169 302 171
f 171 302 173
f 173 302 175
f 175 302 177
f 177 302 179
f 313 314 306
f 306 314 315
f 306 315 307
f 313 316 314
f 283 312 285
f 285 312 305
f 303 317 298
f 298 317 299
f 301 294 293
f 297 318 295
f 295 318 319
f 319 318 320
f 320 318 321
f 33 151 34
f 34 151 91
f 34 91 37
f 37 91 89
f 37 89 87
f 191 219 193
f 193 219 217
f 193 217 195
f 195 217 215
f 195 215 197
f 197 215 199
f 199 215 213
f 199 213 201
f 201 213 211
f 201 211 203
f 203 211 209
f 203 209 205
f 205 209 207
f 151 149 91
f 91 149 93
f 93 149 147
f 93 147 95
f 95 147 97
f 97 147 99
f 99 147 101
f 101 147 103
f 103 147 145
f 103 145 143
f 143 141 103
f 103 141 139
f 103 139 137
f 137 135 103
f 103 135 105
f 105 135 107
f 107 135 133
f 107 133 131
f 131 129 107
f 107 129 127
f 107 127 109
f 109 127 125
f 109 125 123
f 121 119 123
f 123 119 117
f 123 117 115
f 113 111 115
f 115 111 123
f 111 109 123
f 85 49 87
f 87 49 47
f 87 47 45
f 83 53 85
f 85 53 51
f 85 51 49
f 83 81 53
f 53 81 55
f 55 81 57
f 57 81 79
f 57 79 77
f 75 61 77
f 77 61 59
f 77 59 57
f 75 73 61
f 61 73 65
f 61 65 63
f 71 69 73
f 73 69 67
f 73 67 65
f 43 41 45
f 45 41 87
f 41 39 87
f 87 39 37
f 281 278 302
f 322 323 324
f 324 323 325
f 324 325 326
f 326 325 327
f 327 325 328
f 327 328 329
f 323 330 325
f 325 330 331
f 325 331 328
f 328 331 329
f 330 332 331
f 322 333 334
f 334 333 335
f 334 335 336
f 337 338 336
f 336 338 334
f 332 330 338
f 338 330 334
f 330 323 334
f 334 323 322
f 339 340 341
f 341 340 342
f 341 342 343
f 341 343 344
f 344 343 345
f 344 345 346
f 346 345 347
f 346 347 336
f 336 347 337
f 336 335 346
f 346 335 348
f 346 348 349
f 335 333 348
f 346 349 344
f 344 349 350
f 344 350 341
f 341 350 339
f 350 351 339
f 322 352 333
f 333 352 353
f 333 353 354
f 354 353 355
f 354 355 356
f 356 355 357
f 356 357 358
f 358 357 359
f 358 359 360
f 360 359 361
f 360 361 362
f 352 322 363
f 363 322 324
f 363 324 326
f 326 327 363
f 363 327 364
f 363 364 365
f 365 364 366
f 365 366 355
f 355 366 357
f 329 367 327
f 327 367 364
f 367 368 364
f 364 368 366
f 368 369 366
f 366 369 357
f 369 359 357
f 370 371 362
f 362 371 372
f 362 372 360
f 360 372 358
f 373 374 370
f 370 374 371
f 371 374 354
f 354 374 333
f 355 353 365
f 365 353 352
f 365 352 363
f 356 358 372
f 354 356 371
f 371 356 372
f 375 376 377
f 377 376 378
f 377 378 379
f 375 380 376
f 376 380 381
f 376 381 378
f 378 381 379
f 382 383 384
f 384 383 385
f 384 385 386
f 386 385 387
f 386 387 388
f 388 387 389
f 388 389 375
f 375 389 380
f 380 389 390
f 380 390 381
f 383 391 385
f 385 391 392
f 385 392 393
f 391 394 392
f 385 393 387
f 387 393 395
f 387 395 389
f 389 395 390
f 375 377 388
f 396 379 397
f 397 379 381
f 397 381 398
f 398 381 399
f 398 399 400
f 401 402 361
f 361 402 403
f 361 403 362
f 362 403 404
f 362 404 370
f 370 404 405
f 370 405 406
f 406 405 407
f 407 405 408
f 408 405 409
f 409 405 404
f 409 404 402
f 402 404 403
f 406 373 370
f 381 390 399
f 399 390 410
f 399 410 411
f 411 410 412
f 411 412 413
f 413 412 414
f 413 414 415
f 415 414 416
f 415 416 417
f 390 395 410
f 410 395 393
f 410 393 412
f 412 393 392
f 412 392 414
f 414 392 394
f 414 394 416
f 417 418 415
f 415 418 413
f 418 419 413
f 413 419 411
f 419 400 411
f 411 400 399
f 400 419 420
f 420 419 421
f 420 421 422
f 422 421 423
f 422 423 424
f 424 423 425
f 424 425 401
f 401 425 402
f 402 425 426
f 402 426 409
f 409 426 427
f 409 427 408
f 408 427 428
f 428 427 429
f 429 427 430
f 429 430 431
f 431 430 432
f 431 432 433
f 433 432 423
f 433 423 421
f 421 419 433
f 433 419 418
f 433 418 431
f 431 418 417
f 431 417 434
f 434 429 431
f 432 430 426
f 426 430 427
f 423 432 425
f 425 432 426
f 398 400 435
f 435 400 420
f 435 420 422
f 435 422 436
f 436 422 424
f 436 424 401
f 401 437 436
f 436 437 438
f 436 438 435
f 435 438 439
f 435 439 398
f 398 439 397
f 397 439 440
f 397 440 396
f 437 441 438
f 438 441 442
f 438 442 439
f 439 442 440
f 441 443 442
f 401 361 437
f 437 361 444
f 437 444 441
f 441 444 445
f 441 445 446
f 446 445 447
f 447 445 448
f 446 443 441
f 361 359 444
f 444 359 369
f 444 369 445
f 445 369 368
f 445 368 448
f 448 368 367
f 448 367 329
f 338 337 449
f 449 337 347
f 449 347 450
f 450 347 345
f 450 345 451
f 451 345 343
f 451 343 452
f 452 343 342
f 449 450 453
f 453 450 454
f 453 454 455
f 455 454 456
f 455 456 457
f 457 456 458
f 457 458 459
f 459 458 460
f 459 460 461
f 461 460 462
f 461 462 463
f 464 465 463
f 463 465 466
f 463 466 461
f 461 466 467
f 461 467 468
f 468 467 469
f 468 469 470
f 470 469 471
f 470 471 472
f 465 464 473
f 473 464 474
f 473 474 475
f 475 474 476
f 475 476 477
f 477 476 478
f 477 478 479
f 479 478 480
f 479 480 481
f 481 480 482
f 481 482 483
f 483 482 484
f 483 484 485
f 485 484 486
f 485 486 487
f 487 486 488
f 487 488 489
f 489 488 490
f 489 490 491
f 491 490 492
f 491 492 493
f 493 492 494
f 493 494 495
f 495 494 496
f 495 496 497
f 497 496 498
f 497 498 499
f 499 498 500
f 499 500 501
f 501 500 502
f 501 502 503
f 503 502 504
f 503 504 505
f 505 504 506
f 505 506 507
f 507 506 508
f 507 508 509
f 478 510 480
f 480 510 482
f 510 511 482
f 482 511 512
f 482 512 484
f 484 512 513
f 484 513 486
f 486 513 514
f 486 514 488
f 488 514 515
f 488 515 490
f 490 515 516
f 490 516 492
f 492 516 517
f 492 517 494
f 494 517 518
f 494 518 496
f 496 518 519
f 496 519 498
f 498 519 500
f 511 520 512
f 512 520 513
f 520 521 513
f 513 521 522
f 513 522 514
f 514 522 515
f 521 523 522
f 522 523 524
f 522 524 515
f 515 524 516
f 525 526 523
f 523 526 527
f 523 527 524
f 524 527 516
f 526 525 528
f 528 525 529
f 528 529 530
f 530 529 508
f 530 508 506
f 509 531 507
f 507 531 505
f 531 503 505
f 499 532 497
f 497 532 533
f 497 533 495
f 495 533 534
f 495 534 493
f 493 534 535
f 493 535 491
f 491 535 536
f 491 536 489
f 489 536 537
f 489 537 487
f 487 537 538
f 487 538 485
f 485 538 539
f 485 539 483
f 483 539 540
f 483 540 481
f 481 540 541
f 481 541 479
f 479 541 542
f 479 542 477
f 477 542 543
f 477 543 475
f 475 543 473
f 532 544 533
f 533 544 545
f 533 545 534
f 534 545 546
f 534 546 535
f 535 546 547
f 535 547 536
f 536 547 548
f 536 548 537
f 537 548 549
f 537 549 538
f 538 549 550
f 538 550 539
f 539 550 551
f 539 551 540
f 540 551 552
f 540 552 541
f 541 552 553
f 541 553 542
f 542 553 554
f 542 554 543
f 543 554 555
f 543 555 473
f 473 555 556
f 473 556 465
f 465 556 466
f 545 544 557
f 557 544 558
f 557 558 559
f 559 558 560
f 559 560 561
f 559 561 562
f 562 561 563
f 562 563 564
f 564 563 565
f 564 565 566
f 566 565 567
f 566 567 568
f 568 567 569
f 568 569 550
f 550 569 551
f 565 570 567
f 567 570 571
f 567 571 569
f 569 571 572
f 569 572 551
f 551 572 552
f 570 573 571
f 571 573 574
f 571 574 572
f 572 574 575
f 572 575 552
f 552 575 553
f 574 573 576
f 576 573 577
f 576 577 578
f 578 577 579
f 578 579 580
f 580 579 581
f 580 581 582
f 582 581 583
f 582 583 584
f 584 583 585
f 584 585 469
f 469 585 586
f 469 586 471
f 470 472 587
f 587 472 588
f 587 588 589
f 589 588 590
f 589 590 449
f 449 590 591
f 449 591 338
f 338 591 332
f 589 449 453
f 587 589 455
f 455 589 453
f 470 587 457
f 457 587 455
f 461 468 459
f 459 468 457
f 468 470 457
f 584 469 467
f 467 466 592
f 592 466 556
f 592 556 593
f 593 556 555
f 593 555 594
f 594 555 554
f 594 554 595
f 595 554 553
f 595 553 575
f 582 584 592
f 592 584 467
f 582 592 593
f 580 582 593
f 580 593 594
f 578 580 594
f 578 594 595
f 576 578 595
f 576 595 575
f 574 576 575
f 568 550 549
f 527 526 596
f 596 526 528
f 596 528 597
f 597 528 598
f 597 598 599
f 599 598 600
f 599 600 502
f 502 600 504
f 516 527 517
f 517 527 596
f 517 596 518
f 518 596 597
f 518 597 519
f 519 597 599
f 519 599 500
f 500 599 502
f 568 549 601
f 601 549 548
f 601 548 602
f 602 548 547
f 602 547 603
f 603 547 546
f 603 546 557
f 557 546 545
f 564 566 601
f 601 566 568
f 564 601 602
f 600 598 530
f 530 598 528
f 562 564 602
f 562 602 603
f 504 600 506
f 506 600 530
f 559 562 603
f 559 603 557
f 604 605 606
f 606 605 607
f 606 607 608
f 608 607 609
f 608 609 610
f 610 609 611
f 610 611 612
f 612 611 613
f 613 611 614
f 613 614 615
f 615 614 616
f 616 614 617
f 616 617 618
f 616 618 619
f 619 618 620
f 619 620 621
f 621 620 622
f 621 622 623
f 623 622 624
f 623 624 625
f 626 627 625
f 625 627 628
f 625 628 629
f 629 628 630
f 629 630 631
f 631 630 632
f 631 632 633
f 626 634 627
f 627 634 635
f 635 634 636
f 635 636 637
f 637 636 638
f 637 638 639
f 639 640 637
f 637 640 641
f 637 641 642
f 640 643 641
f 641 643 644
f 644 643 645
f 645 643 646
f 646 643 647
f 646 647 648
f 648 647 649
f 649 647 650
f 649 650 651
f 651 650 652
f 651 652 653
f 653 652 654
f 653 654 655
f 655 654 656
f 655 656 657
f 657 656 658
f 658 656 659
f 659 656 660
f 659 660 661
f 661 660 662
f 662 660 663
f 663 660 664
f 663 664 665
f 665 664 666
f 665 666 667
f 667 668 665
f 665 668 669
f 669 668 670
f 669 670 671
f 671 670 672
f 671 672 673
f 674 675 673
f 673 675 676
f 673 676 677
f 677 676 678
f 678 676 679
f 678 679 680
f 680 679 681
f 681 679 682
f 674 683 675
f 675 683 684
f 684 683 685
f 684 685 686
f 686 687 684
f 684 687 688
f 684 688 689
f 677 671 673
f 665 690 663
f 633 691 631
f 629 623 625
f 613 615 692
f 692 615 693
f 692 693 694
f 694 693 695
f 695 693 696
f 697 698 606
f 606 698 699
f 606 699 604
f 698 697 700
f 700 697 701
f 700 701 702
f 702 701 703
f 702 703 704
f 705 706 707
f 707 706 708
f 707 708 709
f 709 708 710
f 709 710 711
f 711 710 712
f 711 712 713
f 713 712 714
f 713 714 715
f 706 716 708
f 708 716 717
f 708 717 710
f 715 718 713
f 713 718 719
f 713 719 711
f 711 719 707
f 711 707 709
f 717 716 720
f 720 716 721
f 720 721 722
f 722 721 723
f 722 723 724
f 724 723 725
f 724 725 726
f 716 706 721
f 721 706 723
f 706 705 723
f 726 727 724
f 724 727 728
f 724 728 729
f 727 730 728
f 724 729 722
f 722 729 720
f 731 732 733
f 733 732 734
f 733 734 735
f 735 734 736
f 735 736 737
f 732 738 734
f 734 738 739
f 734 739 736
f 737 740 735
f 735 740 741
f 735 741 742
f 742 741 743
f 742 743 744
f 744 743 726
f 744 726 725
f 740 745 741
f 741 745 743
f 730 727 745
f 745 727 743
f 727 726 743
f 742 746 735
f 735 746 733
f 747 748 749
f 749 748 750
f 749 750 751
f 751 750 752
f 751 752 753
f 748 754 750
f 750 754 755
f 750 755 752
f 754 756 755
f 753 757 751
f 751 757 758
f 751 758 759
f 759 760 751
f 751 760 761
f 760 762 761
f 761 749 751
f 731 756 763
f 763 756 754
f 763 754 764
f 764 754 765
f 764 765 738
f 738 765 747
f 738 747 739
f 754 748 765
f 765 748 747
f 764 738 763
f 763 738 732
f 763 732 731
f 766 730 767
f 767 730 745
f 767 745 768
f 768 745 740
f 768 740 769
f 769 740 737
f 769 737 770
f 770 737 736
f 770 736 771
f 771 736 739
f 772 773 770
f 770 773 774
f 770 774 775
f 775 774 776
f 775 776 777
f 777 776 778
f 777 778 779
f 779 778 780
f 779 780 781
f 781 780 782
f 781 782 783
f 783 782 784
f 783 784 766
f 785 786 772
f 772 786 787
f 772 787 773
f 773 787 788
f 773 788 774
f 774 788 776
f 789 790 785
f 785 790 791
f 785 791 786
f 786 791 792
f 786 792 787
f 787 792 793
f 787 793 788
f 788 793 794
f 788 794 776
f 776 794 778
f 795 796 789
f 789 796 797
f 789 797 798
f 798 797 799
f 798 799 800
f 800 799 801
f 800 801 802
f 802 801 803
f 802 803 804
f 795 805 806
f 806 805 807
f 806 807 801
f 801 807 803
f 802 804 808
f 808 804 809
f 808 809 810
f 810 809 811
f 810 811 812
f 812 811 813
f 812 813 793
f 793 813 794
f 811 814 813
f 813 814 794
f 814 815 794
f 794 815 778
f 815 780 778
f 783 766 767
f 796 795 816
f 816 795 806
f 770 775 769
f 769 775 777
f 769 777 817
f 817 777 779
f 817 779 781
f 789 798 790
f 790 798 800
f 790 800 818
f 818 800 802
f 818 802 808
f 781 783 767
f 769 817 768
f 768 817 767
f 817 781 767
f 793 792 812
f 812 792 819
f 812 819 810
f 810 819 808
f 819 792 791
f 819 791 818
f 818 791 790
f 818 808 819
f 806 801 799
f 796 816 797
f 797 816 799
f 816 806 799
f 739 747 771
f 715 714 820
f 820 714 712
f 820 712 710
f 717 821 710
f 710 821 822
f 710 822 820
f 821 717 823
f 823 717 720
f 823 720 766
f 766 720 729
f 766 729 728
f 728 730 766
f 766 784 823
f 823 784 824
f 823 824 821
f 821 824 825
f 821 825 822
f 784 782 824
f 824 782 825
f 761 771 749
f 749 771 747
f 826 827 828
f 828 827 829
f 828 829 830
f 830 829 831
f 831 829 832
f 831 832 833
f 833 832 834
f 833 834 835
f 835 834 836
f 835 836 837
f 837 836 838
f 837 838 839
f 839 838 840
f 839 840 841
f 841 840 842
f 841 842 843
f 843 842 844
f 843 844 845
f 845 844 846
f 845 846 847
f 847 846 848
f 847 848 849
f 827 850 829
f 829 850 851
f 829 851 832
f 832 851 852
f 832 852 834
f 834 852 853
f 834 853 836
f 836 853 838
f 851 850 854
f 854 850 855
f 854 855 856
f 856 855 857
f 856 857 858
f 858 857 859
f 858 859 860
f 860 859 861
f 860 861 842
f 842 861 844
f 855 862 857
f 857 862 863
f 857 863 859
f 859 863 864
f 859 864 861
f 861 864 865
f 861 865 844
f 844 865 846
f 862 866 863
f 863 866 867
f 863 867 868
f 866 869 867
f 863 868 864
f 864 868 870
f 864 870 865
f 865 870 871
f 865 871 846
f 846 871 848
f 872 873 849
f 849 873 874
f 849 874 875
f 875 874 876
f 875 876 877
f 877 876 878
f 877 878 879
f 879 878 880
f 879 880 881
f 881 880 882
f 881 882 883
f 883 882 884
f 883 884 885
f 885 884 886
f 885 886 835
f 887 888 889
f 889 888 890
f 889 890 891
f 891 892 889
f 889 892 886
f 889 886 893
f 893 886 884
f 893 884 882
f 872 887 894
f 894 887 895
f 895 887 896
f 896 887 897
f 897 887 898
f 872 894 873
f 873 894 895
f 873 895 899
f 899 895 896
f 899 896 900
f 900 896 897
f 900 897 901
f 901 897 898
f 901 898 902
f 902 898 889
f 902 889 893
f 849 875 847
f 847 875 877
f 847 877 845
f 845 877 879
f 845 879 843
f 843 879 881
f 843 881 841
f 841 881 883
f 841 883 839
f 839 883 885
f 839 885 837
f 837 885 835
f 852 851 854
f 854 856 903
f 903 856 858
f 903 858 904
f 904 858 860
f 904 860 840
f 840 860 842
f 853 852 903
f 903 852 854
f 853 903 904
f 838 853 904
f 838 904 840
f 873 899 874
f 874 899 876
f 899 900 876
f 876 900 878
f 900 901 878
f 878 901 880
f 901 902 880
f 880 902 882
f 902 893 882
f 889 898 887
f 905 906 826
f 826 906 907
f 826 907 827
f 827 907 850
f 850 907 908
f 850 908 909
f 909 908 910
f 909 910 911
f 906 910 907
f 907 910 908
f 909 911 912
f 912 911 913
f 912 913 914
f 914 913 915
f 914 915 916
f 916 915 917
f 916 917 869
f 869 866 916
f 916 866 914
f 866 862 914
f 914 862 912
f 862 855 912
f 912 855 909
f 855 850 909
f 723 918 725
f 725 918 919
f 725 919 920
f 920 919 921
f 920 921 922
f 922 921 923
f 922 923 924
f 924 923 925
f 924 925 926
f 705 927 723
f 723 927 928
f 723 928 918
f 918 928 929
f 918 929 919
f 919 929 930
f 919 930 921
f 921 930 931
f 921 931 923
f 923 931 925
f 705 932 927
f 927 932 933
f 927 933 934
f 934 933 935
f 934 935 936
f 936 935 937
f 936 937 938
f 938 937 939
f 938 939 940
f 940 939 941
f 940 941 942
f 942 941 943
f 943 941 944
f 943 944 945
f 945 944 946
f 945 946 947
f 947 946 948
f 947 948 949
f 949 948 950
f 949 950 951
f 951 950 952
f 951 952 953
f 953 952 954
f 953 954 955
f 955 954 956
f 955 956 957
f 957 956 917
f 957 917 958
f 958 917 915
f 958 915 959
f 959 915 913
f 959 913 911
f 932 960 933
f 933 960 961
f 933 961 935
f 935 961 962
f 935 962 937
f 937 962 963
f 937 963 939
f 939 963 964
f 939 964 941
f 941 964 944
f 960 965 961
f 961 965 966
f 961 966 962
f 962 966 967
f 962 967 963
f 963 967 968
f 963 968 964
f 964 968 969
f 964 969 944
f 944 969 946
f 965 970 966
f 966 970 971
f 966 971 967
f 967 971 972
f 967 972 968
f 968 972 973
f 968 973 969
f 969 973 948
f 969 948 946
f 970 974 971
f 971 974 975
f 971 975 972
f 972 975 976
f 972 976 973
f 973 976 950
f 973 950 948
f 974 977 975
f 975 977 978
f 975 978 976
f 976 978 952
f 976 952 950
f 977 979 978
f 978 979 954
f 978 954 952
f 979 956 954
f 959 911 980
f 980 911 910
f 980 910 981
f 981 910 982
f 981 982 983
f 983 982 984
f 983 984 949
f 949 984 947
f 910 906 982
f 982 906 905
f 982 905 985
f 945 947 985
f 985 947 984
f 985 984 982
f 940 942 986
f 986 942 987
f 986 987 988
f 988 987 989
f 988 989 990
f 990 989 991
f 990 991 931
f 931 991 925
f 992 733 926
f 926 733 746
f 926 746 924
f 924 746 742
f 924 742 922
f 922 742 920
f 733 992 731
f 731 992 993
f 731 993 756
f 756 993 994
f 756 994 755
f 755 994 752
f 752 994 753
f 753 994 757
f 757 994 761
f 757 761 758
f 758 761 759
f 759 761 760
f 760 761 762
f 742 744 920
f 920 744 725
f 927 934 928
f 928 934 995
f 928 995 929
f 929 995 996
f 929 996 930
f 930 996 990
f 930 990 931
f 934 936 995
f 995 936 997
f 995 997 996
f 996 997 988
f 996 988 990
f 986 988 997
f 986 997 938
f 938 997 936
f 940 986 938
f 953 955 998
f 998 955 957
f 998 957 959
f 959 957 958
f 951 953 999
f 999 953 998
f 999 998 980
f 980 998 959
f 949 951 983
f 983 951 999
f 983 999 981
f 981 999 980
f 887 872 1000
f 1000 872 849
f 1000 849 1001
f 1001 849 1002
f 1001 1002 1003
f 1003 1002 1004
f 1003 1004 1005
f 1005 1004 1006
f 1005 1006 1007
f 1007 1006 1008
f 1007 1008 1009
f 1009 1008 1010
f 1009 1010 1011
f 1011 1010 1012
f 1011 1012 1013
f 1013 1012 1014
f 1013 1014 869
f 869 1014 867
f 867 1014 868
f 868 1014 1015
f 868 1015 870
f 870 1015 1016
f 870 1016 871
f 871 1016 1017
f 871 1017 848
f 848 1017 1004
f 848 1004 849
f 849 1004 1002
f 869 1018 1013
f 1013 1018 1019
f 1013 1019 1011
f 1009 1020 1007
f 1007 1020 1021
f 1007 1021 1005
f 1005 1021 1022
f 1005 1022 1003
f 1003 1022 1001
f 1006 1004 1017
f 1014 1012 1015
f 1015 1012 1010
f 1015 1010 1016
f 1016 1010 1008
f 1016 1008 1006
f 1016 1006 1017
f 917 1023 869
f 869 1023 1024
f 869 1024 1018
f 1018 1024 1025
f 1018 1025 1019
f 932 705 1026
f 1026 705 707
f 1026 707 719
f 719 718 1026
f 1026 718 715
f 1026 1027 932
f 932 1027 960
f 960 1027 965
f 965 1027 1028
f 965 1028 970
f 970 1028 974
f 974 1028 977
f 977 1028 1029
f 977 1029 979
f 979 1029 956
f 956 1029 1023
f 956 1023 917
f 1030 1031 1032
f 1032 1031 1033
f 1032 1033 1034
f 1034 1033 1035
f 1034 1035 1036
f 1036 1035 1037
f 1036 1037 1038
f 1038 1037 1039
f 1038 1039 1040
f 1040 1039 1041
f 1040 1041 1042
f 1042 1041 1043
f 1042 1043 1044
f 1044 1043 1045
f 1044 1045 1046
f 1046 1045 1047
f 1037 1048 1039
f 1039 1048 1049
f 1039 1049 1041
f 1041 1049 1050
f 1041 1050 1043
f 1043 1050 1051
f 1043 1051 1045
f 1045 1051 1047
f 1049 1048 1052
f 1052 1048 1053
f 1052 1053 1054
f 1054 1053 1055
f 1054 1055 1047
f 1047 1056 1046
f 1046 1056 1057
f 1046 1057 1058
f 1058 1057 1059
f 1058 1059 1060
f 1060 1059 1061
f 1060 1061 1062
f 1062 1061 1063
f 1062 1063 1064
f 1064 1063 1065
f 1064 1065 1066
f 1066 1065 1067
f 1066 1067 1034
f 1034 1067 1032
f 1059 1068 1061
f 1061 1068 1069
f 1061 1069 1063
f 1063 1069 1070
f 1063 1070 1065
f 1065 1070 1071
f 1065 1071 1067
f 1067 1071 1072
f 1067 1072 1032
f 1032 1072 1030
f 1068 1073 1069
f 1069 1073 1074
f 1069 1074 1070
f 1070 1074 1075
f 1070 1075 1071
f 1071 1075 1076
f 1071 1076 1072
f 1072 1076 1077
f 1072 1077 1030
f 1073 1078 1074
f 1074 1078 1079
f 1074 1079 1075
f 1075 1079 1080
f 1075 1080 1076
f 1076 1080 1077
f 1078 1081 1079
f 1079 1081 1082
f 1079 1082 1080
f 1080 1082 1083
f 1080 1083 1077
f 1081 1084 1082
f 1082 1084 1083
f 1054 1047 1085
f 1085 1047 1051
f 1034 1036 1066
f 1066 1036 1086
f 1066 1086 1064
f 1064 1086 1087
f 1064 1087 1062
f 1062 1087 1088
f 1062 1088 1060
f 1060 1088 1058
f 1038 1040 1086
f 1086 1040 1087
f 1088 1087 1042
f 1042 1087 1040
f 1036 1038 1086
f 1058 1088 1044
f 1044 1088 1042
f 1044 1046 1058
f 1052 1054 1085
f 1052 1085 1050
f 1050 1085 1051
f 1049 1052 1050
f 1089 1090 1091
f 1091 1090 1092
f 1091 1092 1093
f 1093 1092 1094
f 1093 1094 1095
f 1095 1094 1096
f 1091 1097 1089
f 1089 1097 1098
f 1098 1097 1099
f 1098 1099 1100
f 1084 1081 1101
f 1101 1081 1102
f 1101 1102 1103
f 1103 1102 1104
f 1103 1104 1105
f 1105 1104 1106
f 1105 1106 1107
f 1107 1106 1108
f 1107 1108 1095
f 1095 1108 1093
f 1093 1108 1109
f 1093 1109 1091
f 1091 1109 1110
f 1091 1110 1097
f 1097 1110 1111
f 1097 1111 1099
f 1081 1078 1102
f 1102 1078 1112
f 1102 1112 1104
f 1104 1112 1113
f 1104 1113 1106
f 1106 1113 1114
f 1106 1114 1108
f 1108 1114 1109
f 1078 1073 1112
f 1112 1073 1068
f 1112 1068 1113
f 1113 1068 1115
f 1113 1115 1114
f 1114 1115 1116
f 1114 1116 1109
f 1109 1116 1110
f 1068 1059 1115
f 1115 1059 1057
f 1115 1057 1116
f 1116 1057 1056
f 1116 1056 1047
f 1047 1117 1116
f 1116 1117 1110
f 1117 1111 1110
f 1047 1055 1118
f 1118 1055 1053
f 1118 1053 1119
f 1119 1053 1048
f 1119 1048 1120
f 1120 1048 1121
f 1121 1048 1037
f 1121 1037 1122
f 1122 1037 1035
f 1122 1035 1123
f 1123 1035 1033
f 1123 1033 1124
f 1124 1033 1125
f 1125 1033 1031
f 1126 1096 1127
f 1127 1096 1094
f 1127 1094 1128
f 1128 1094 1092
f 1128 1092 1129
f 1129 1092 1090
f 1100 1099 1118
f 1118 1099 1111
f 1118 1111 1117
f 1117 1047 1118
f 1090 1089 1129
f 1129 1089 1130
f 1130 1089 1098
f 1130 1098 1100
f 1100 1118 1130
f 1130 1118 1119
f 1130 1119 697
f 697 1119 1120
f 697 1120 1121
f 697 606 1130
f 1131 1132 1133
f 1133 1132 1134
f 1133 1134 1135
f 1135 1134 1136
f 1135 1136 1137
f 1137 1136 1138
f 1137 1138 1139
f 1139 1138 1140
f 1139 1140 1141
f 1141 1140 1142
f 1141 1142 1143
f 1143 1142 1144
f 1143 1144 1145
f 1145 1144 1146
f 1145 1146 1147
f 1147 1146 1148
f 1136 1149 1138
f 1138 1149 1140
f 1149 1150 1140
f 1140 1150 1142
f 1142 1150 1151
f 1151 1150 1152
f 1151 1152 1153
f 1153 1152 1154
f 1153 1154 1148
f 1155 1156 1157
f 1157 1156 1158
f 1157 1158 1159
f 1159 1158 1160
f 1159 1160 1147
f 1147 1160 1145
f 1156 1155 1161
f 1161 1155 1162
f 1161 1162 1163
f 1163 1162 1164
f 1163 1164 1165
f 1165 1164 1166
f 1165 1166 1167
f 1167 1166 1168
f 1167 1168 1169
f 1169 1168 1170
f 1169 1170 1171
f 1169 1171 1172
f 1172 1171 1173
f 1172 1173 1174
f 1174 1173 1175
f 1174 1175 1176
f 1176 1175 1177
f 1176 1177 1178
f 1178 1177 1179
f 1178 1179 1180
f 1180 1179 1139
f 1180 1139 1141
f 1173 1131 1175
f 1175 1131 1133
f 1175 1133 1177
f 1177 1133 1135
f 1177 1135 1179
f 1179 1135 1137
f 1179 1137 1139
f 1153 1148 1181
f 1181 1148 1146
f 1147 1148 1159
f 1148 1157 1159
f 1167 1169 1172
f 1172 1174 1182
f 1182 1174 1176
f 1182 1176 1183
f 1183 1176 1178
f 1183 1178 1184
f 1184 1178 1180
f 1184 1180 1185
f 1185 1180 1141
f 1185 1141 1143
f 1165 1167 1182
f 1182 1167 1172
f 1165 1182 1183
f 1163 1165 1183
f 1163 1183 1184
f 1163 1184 1186
f 1186 1184 1185
f 1186 1185 1187
f 1187 1185 1188
f 1187 1188 1160
f 1160 1188 1145
f 1188 1185 1143
f 1156 1161 1186
f 1186 1161 1163
f 1156 1186 1187
f 1145 1188 1143
f 1158 1156 1187
f 1158 1187 1160
f 1151 1153 1181
f 1151 1181 1144
f 1144 1181 1146
f 1151 1144 1142
f 1170 1168 1189
f 1189 1168 1190
f 1189 1190 1191
f 1191 1190 1192
f 1191 1192 1193
f 1193 1192 1194
f 1193 1194 1195
f 1195 1194 1196
f 1195 1196 1197
f 1197 1196 1198
f 1198 1196 1199
f 1198 1199 1200
f 1200 1199 1201
f 1200 1201 1202
f 1202 1201 1203
f 1202 1203 1204
f 1168 1166 1190
f 1190 1166 1164
f 1190 1164 1205
f 1205 1164 1162
f 1205 1162 1155
f 1157 1206 1155
f 1155 1206 1207
f 1155 1207 1205
f 1205 1207 1192
f 1205 1192 1190
f 1206 1157 1208
f 1208 1157 1148
f 1208 1148 1209
f 1208 1209 1201
f 1201 1209 1203
f 1194 1192 1207
f 1207 1206 1210
f 1210 1206 1208
f 1210 1208 1199
f 1199 1208 1201
f 1196 1194 1210
f 1210 1194 1207
f 1196 1210 1199
f 1204 1211 1202
f 1202 1211 1212
f 1202 1212 1200
f 1200 1212 1213
f 1200 1213 1198
f 1198 1213 1214
f 1198 1214 1197
f 1197 1214 1215
f 1148 1154 1216
f 1216 1154 1152
f 1216 1152 1217
f 1217 1152 1150
f 1217 1150 1218
f 1218 1150 1219
f 1219 1150 1149
f 1219 1149 1220
f 1220 1149 1136
f 1220 1136 1221
f 1221 1136 1134
f 1221 1134 1222
f 1222 1134 1223
f 1223 1134 1132
f 677 1170 671
f 671 1170 1189
f 671 1189 669
f 669 1189 1191
f 669 1191 665
f 665 1191 1224
f 1224 1191 1193
f 1224 1193 1225
f 1225 1193 1195
f 1225 1195 1226
f 1226 1195 1197
f 1226 1197 1227
f 1197 1215 1227
f 1227 1215 1228
f 1215 1214 1228
f 1228 1214 1213
f 1228 1213 1229
f 1229 1213 1212
f 1229 1212 1211
f 1211 1216 1229
f 1229 1216 690
f 690 1216 1217
f 690 1217 1218
f 1218 1219 690
f 690 1219 1230
f 690 1230 1231
f 1231 1232 690
f 690 1232 1233
f 690 1233 663
f 1232 1234 1233
f 1233 1234 1235
f 1233 1235 1236
f 1236 1237 1233
f 1211 1204 1216
f 1216 1204 1203
f 1216 1203 1209
f 1209 1148 1216
f 1238 1239 1240
f 1240 1239 1241
f 1240 1241 1242
f 1242 1241 1243
f 1242 1243 1244
f 1244 1243 1245
f 1244 1245 1246
f 1246 1245 1247
f 1246 1247 1248
f 1248 1247 1249
f 1248 1249 1250
f 1251 1252 1250
f 1250 1252 1253
f 1250 1253 1248
f 1248 1253 1254
f 1248 1254 1255
f 1255 1254 1256
f 1255 1256 1257
f 1257 1256 1258
f 1257 1258 1259
f 1259 1258 1260
f 1259 1260 1261
f 1261 1260 1262
f 1261 1262 1263
f 1251 1264 1265
f 1265 1264 1266
f 1265 1266 1260
f 1260 1266 1262
f 1261 1263 1267
f 1267 1263 1268
f 1267 1268 1269
f 1269 1268 1270
f 1269 1270 1271
f 1271 1270 1272
f 1271 1272 1273
f 1273 1272 1274
f 1273 1274 1275
f 1275 1274 1238
f 1275 1238 1240
f 1268 1276 1270
f 1270 1276 1277
f 1270 1277 1272
f 1272 1277 1278
f 1272 1278 1274
f 1276 1279 1277
f 1277 1279 1278
f 1252 1251 1280
f 1280 1251 1281
f 1281 1251 1282
f 1282 1251 1265
f 1275 1240 1283
f 1283 1240 1242
f 1283 1242 1284
f 1284 1242 1244
f 1284 1244 1285
f 1285 1244 1246
f 1285 1246 1255
f 1255 1246 1248
f 1273 1275 1286
f 1286 1275 1283
f 1286 1283 1287
f 1287 1283 1284
f 1287 1284 1288
f 1288 1284 1285
f 1288 1285 1257
f 1257 1285 1255
f 1273 1286 1271
f 1271 1286 1289
f 1271 1289 1269
f 1269 1289 1267
f 1289 1286 1287
f 1289 1287 1290
f 1290 1287 1288
f 1290 1288 1259
f 1259 1288 1257
f 1261 1267 1290
f 1290 1267 1289
f 1261 1290 1259
f 1252 1280 1253
f 1253 1280 1254
f 1280 1281 1254
f 1254 1281 1256
f 1265 1260 1258
f 1281 1282 1256
f 1256 1282 1258
f 1282 1265 1258
f 1291 1279 1292
f 1292 1279 1276
f 1292 1276 1268
f 1263 1293 1268
f 1268 1293 1294
f 1268 1294 1292
f 1293 1263 1295
f 1295 1263 1262
f 1295 1262 1296
f 1296 1262 1297
f 1297 1262 1266
f 1297 1266 1298
f 1298 1266 1264
f 1298 1264 1251
f 1299 1251 1300
f 1300 1251 1250
f 1300 1250 1301
f 1301 1250 1249
f 1301 1249 1302
f 1302 1249 1303
f 1302 1303 1304
f 1304 1303 1245
f 1304 1245 1243
f 1249 1247 1303
f 1303 1247 1245
f 1243 1241 1304
f 1304 1241 1305
f 1304 1305 1306
f 1306 1305 1307
f 1306 1307 1308
f 1308 1307 1309
f 1308 1309 1310
f 1310 1309 1311
f 1310 1311 1312
f 1312 1311 1313
f 1241 1239 1305
f 1312 1314 1310
f 1310 1314 1315
f 1310 1315 1308
f 1308 1315 1316
f 1308 1316 1306
f 1306 1316 1302
f 1306 1302 1304
f 1314 1317 1315
f 1315 1317 1318
f 1315 1318 1316
f 1316 1318 1300
f 1316 1300 1302
f 1302 1300 1301
f 1319 1320 1317
f 1317 1320 1318
f 1320 1299 1318
f 1318 1299 1300
f 1321 1322 1313
f 1313 1322 1312
f 1312 1322 1323
f 1312 1323 1314
f 1314 1323 1324
f 1314 1324 1317
f 1317 1324 1325
f 1317 1325 1319
f 628 1239 1326
f 1326 1239 1238
f 1326 1238 1327
f 1327 1238 1274
f 1327 1274 1328
f 1328 1274 1278
f 1328 1278 1279
f 1279 691 1328
f 1328 691 633
f 1328 633 1327
f 1327 633 632
f 1327 632 1326
f 1326 632 630
f 1326 630 628
f 1279 1291 691
f 691 1291 1329
f 691 1329 1330
f 1331 1332 1291
f 1291 1332 1329
f 1330 1333 691
f 691 1333 1334
f 691 1334 631
f 1292 1335 1291
f 1291 1335 1336
f 1291 1336 1337
f 1337 1336 1338
f 1338 1336 1339
f 1339 1336 1340
f 1339 1340 1341
f 1341 1340 1342
f 1342 1340 1343
f 1342 1343 1293
f 1293 1343 1294
f 1294 1343 1335
f 1294 1335 1292
f 1293 1295 1342
f 1337 1331 1291
f 1340 1336 1335
f 1343 1340 1335
f 446 620 443
f 443 620 1344
f 443 1344 442
f 442 1344 1345
f 442 1345 440
f 440 1345 396
f 396 1345 614
f 614 1345 617
f 617 1345 618
f 618 1345 1344
f 618 1344 620
f 446 447 620
f 620 447 448
f 331 591 329
f 329 591 590
f 329 590 448
f 448 590 588
f 448 588 472
f 331 332 591
f 472 471 448
f 448 471 620
f 620 471 586
f 620 586 585
f 585 583 620
f 620 583 581
f 620 581 579
f 579 577 620
f 620 577 573
f 620 573 570
f 570 565 620
f 620 565 622
f 622 565 563
f 622 563 561
f 622 561 1346
f 1346 561 560
f 1346 560 1347
f 1347 1348 1346
f 1346 1348 1349
f 1349 1348 1350
f 1349 1350 1351
f 1351 1350 1352
f 1352 1350 1353
f 1353 1350 1354
f 1355 1356 1357
f 1357 1356 1358
f 1357 1358 1359
f 1359 1358 1360
f 1359 1360 1361
f 1361 1360 1362
f 1361 1362 1363
f 1363 1362 1364
f 1362 1360 1364
f 1364 1360 1358
f 1364 1358 1356
f 1365 1366 1356
f 1356 1366 1364
f 1367 1368 1366
f 1366 1368 1364
f 1368 1369 1364
f 1364 1369 1370
f 1364 1370 1371
f 1371 1372 1364
f 1364 1372 1373
f 1364 1373 1374
f 1374 1375 1364
f 1364 1375 1376
f 1364 1376 1377
f 1355 1378 1356
f 1356 1378 1365
f 1379 1380 1381
f 1381 1380 1382
f 1381 1382 1383
f 1383 1382 1384
f 1383 1384 1385
f 1385 1384 1386
f 1385 1386 1387
f 1380 1388 1382
f 1382 1388 1389
f 1382 1389 1390
f 1390 1389 1391
f 1390 1391 1392
f 1392 1391 1393
f 1392 1393 1394
f 1394 1393 1395
f 1394 1395 1396
f 1396 1395 1397
f 1397 1395 1398
f 1397 1398 1399
f 1399 1398 1400
f 1399 1400 1401
f 1401 1400 1402
f 1401 1402 1403
f 1403 1402 1404
f 1403 1404 1405
f 1405 1404 1406
f 1406 1404 1407
f 1406 1407 1389
f 1389 1407 1391
f 1388 1406 1389
f 1405 1408 1403
f 1403 1408 1409
f 1403 1409 1401
f 1401 1409 1410
f 1401 1410 1399
f 1408 1411 1409
f 1409 1411 1412
f 1409 1412 1410
f 1411 1413 1412
f 1399 1414 1397
f 1396 1415 1394
f 1394 1415 1416
f 1394 1416 1392
f 1392 1416 1417
f 1392 1417 1390
f 1390 1417 1418
f 1390 1418 1384
f 1384 1418 1419
f 1384 1419 1386
f 1416 1415 1417
f 1417 1415 1418
f 1387 1420 1385
f 1390 1384 1382
f 1391 1407 1421
f 1421 1407 1404
f 1421 1404 1402
f 1391 1421 1393
f 1393 1421 1422
f 1393 1422 1395
f 1395 1422 1398
f 1422 1421 1402
f 1398 1422 1400
f 1400 1422 1402
f 1414 1423 1424
f 1424 1423 1425
f 1424 1425 1426
f 1426 1425 1427
f 1426 1427 1428
f 1428 1427 1429
f 1428 1429 1430
f 1430 1429 1431
f 1430 1431 1432
f 1432 1431 1433
f 1433 1431 1434
f 1434 1431 1435
f 1434 1435 1436
f 1436 1435 1413
f 1413 1435 1412
f 1412 1435 1437
f 1412 1437 1410
f 1410 1437 1438
f 1410 1438 1423
f 1423 1438 1425
f 1414 1399 1423
f 1423 1399 1410
f 1426 1439 1424
f 1437 1435 1429
f 1429 1435 1431
f 1438 1437 1427
f 1427 1437 1429
f 1427 1425 1438
f 1440 1441 1442
f 1442 1441 1443
f 1442 1443 1444
f 1444 1443 1445
f 1444 1445 1446
f 1446 1445 1447
f 1446 1447 1448
f 1448 1447 1449
f 1448 1449 1450
f 1450 1449 1451
f 1450 1451 1452
f 1452 1451 1453
f 1452 1453 1454
f 1454 1453 1455
f 1454 1455 1456
f 1440 1457 1441
f 1441 1457 1426
f 1441 1426 1458
f 1458 1426 1428
f 1458 1428 1445
f 1445 1428 1459
f 1445 1459 1447
f 1447 1459 1430
f 1447 1430 1460
f 1460 1430 1432
f 1460 1432 1461
f 1462 1463 1457
f 1457 1463 1439
f 1457 1439 1426
f 1428 1430 1459
f 1460 1461 1449
f 1449 1461 1451
f 1456 1464 1454
f 1454 1464 1465
f 1454 1465 1452
f 1452 1465 1466
f 1452 1466 1450
f 1450 1466 1448
f 1464 1467 1465
f 1465 1467 1468
f 1465 1468 1466
f 1466 1468 1469
f 1466 1469 1448
f 1448 1469 1446
f 1467 1470 1468
f 1468 1470 1471
f 1468 1471 1469
f 1469 1471 1472
f 1469 1472 1446
f 1446 1472 1444
f 1470 1473 1471
f 1471 1473 1474
f 1471 1474 1472
f 1472 1474 1442
f 1472 1442 1444
f 1445 1443 1458
f 1458 1443 1441
f 1449 1447 1460
f 1456 1455 1475
f 1475 1455 1476
f 1475 1476 1477
f 1477 1476 1478
f 1477 1479 1475
f 1475 1479 1480
f 1475 1480 1456
f 1456 1480 1464
f 1464 1480 1481
f 1464 1481 1467
f 1467 1481 1482
f 1467 1482 1470
f 1470 1482 1473
f 1473 1482 1483
f 1483 1482 1484
f 1484 1482 1485
f 1485 1482 1486
f 1486 1482 1487
f 1487 1482 1488
f 1488 1482 1489
f 1489 1482 1481
f 1489 1481 1480
f 1479 1489 1480
f 1490 1491 1492
f 1492 1491 1493
f 1492 1493 1494
f 1494 1493 1495
f 1494 1495 1496
f 1496 1495 1478
f 1478 1495 1477
f 1477 1495 1497
f 1477 1497 1479
f 1479 1497 1498
f 1479 1498 1499
f 1499 1498 1500
f 1499 1500 1501
f 1501 1500 1502
f 1501 1502 1503
f 1493 1491 1504
f 1504 1491 1502
f 1504 1502 1500
f 1503 1505 1501
f 1501 1505 1489
f 1501 1489 1499
f 1499 1489 1479
f 1505 1488 1489
f 1497 1495 1493
f 1497 1493 1504
f 1497 1504 1498
f 1498 1504 1500
f 1506 1374 1507
f 1507 1374 1373
f 1507 1373 1508
f 1508 1373 1372
f 1508 1372 1509
f 1509 1372 1510
f 1509 1510 1511
f 1372 1371 1510
f 1512 1513 1511
f 1511 1513 1514
f 1511 1514 1509
f 1509 1514 1508
f 1513 1512 1515
f 1515 1512 1516
f 1515 1516 1517
f 1517 1516 1518
f 1517 1518 1519
f 1519 1518 1520
f 1519 1520 1521
f 1521 1520 1522
f 1521 1522 1523
f 1523 1522 1524
f 1523 1524 1525
f 1525 1524 1526
f 1526 1524 1527
f 1526 1527 1528
f 1528 1527 1529
f 1528 1529 1530
f 1530 1529 1531
f 1530 1531 1532
f 1532 1531 1533
f 1533 1531 1534
f 1533 1534 1535
f 1535 1534 1536
f 1536 1534 1537
f 1536 1537 1490
f 1490 1537 1491
f 1491 1537 1538
f 1491 1538 1539
f 1539 1538 1540
f 1539 1540 1541
f 1541 1540 1542
f 1542 1540 1543
f 1542 1543 1544
f 1544 1543 1545
f 1545 1543 1546
f 1545 1546 1547
f 1547 1546 1548
f 1547 1548 1549
f 1549 1548 1550
f 1550 1548 1551
f 1550 1551 1552
f 1552 1551 1553
f 1552 1553 1522
f 1522 1553 1524
f 1518 1554 1520
f 1520 1554 1552
f 1520 1552 1522
f 1554 1550 1552
f 1541 1555 1539
f 1539 1555 1502
f 1539 1502 1491
f 1555 1503 1502
f 1525 1556 1523
f 1523 1556 1557
f 1523 1557 1521
f 1521 1557 1558
f 1521 1558 1519
f 1519 1558 1517
f 1556 1559 1557
f 1557 1559 1560
f 1557 1560 1558
f 1558 1560 1561
f 1558 1561 1517
f 1517 1561 1515
f 1560 1559 1562
f 1562 1559 1563
f 1562 1563 1564
f 1564 1563 1565
f 1564 1565 1566
f 1566 1565 1567
f 1566 1567 1568
f 1568 1567 1506
f 1568 1506 1507
f 1507 1508 1569
f 1569 1508 1514
f 1569 1514 1513
f 1507 1569 1568
f 1568 1569 1570
f 1568 1570 1566
f 1566 1570 1564
f 1570 1569 1513
f 1570 1513 1571
f 1571 1513 1515
f 1571 1515 1561
f 1562 1564 1571
f 1571 1564 1570
f 1562 1571 1561
f 1560 1562 1561
f 1553 1551 1572
f 1572 1551 1548
f 1572 1548 1573
f 1573 1548 1546
f 1573 1546 1574
f 1574 1546 1543
f 1574 1543 1575
f 1575 1543 1540
f 1575 1540 1538
f 1524 1553 1527
f 1527 1553 1572
f 1527 1572 1529
f 1529 1572 1573
f 1529 1573 1531
f 1531 1573 1574
f 1531 1574 1534
f 1534 1574 1575
f 1534 1575 1537
f 1537 1575 1538
f 1576 1577 1578
f 1578 1577 1579
f 1578 1579 1580
f 1580 1579 1581
f 1580 1581 1582
f 1582 1581 1583
f 1582 1583 1584
f 1584 1583 1585
f 1584 1585 1586
f 1586 1585 1587
f 1586 1587 1588
f 1576 1589 1577
f 1577 1589 1590
f 1577 1590 1579
f 1579 1590 1591
f 1579 1591 1581
f 1581 1591 1583
f 1590 1589 1592
f 1592 1589 1593
f 1592 1593 1590
f 1590 1593 1594
f 1590 1594 1595
f 1595 1594 1596
f 1595 1596 1597
f 1597 1596 1598
f 1597 1598 1599
f 1599 1598 1600
f 1599 1600 1601
f 1601 1600 1602
f 1601 1602 1603
f 1603 1602 1604
f 1603 1604 1605
f 1605 1604 1606
f 1605 1606 1607
f 1607 1606 1608
f 1608 1606 1230
f 1230 1606 1609
f 1230 1609 1231
f 1231 1609 1610
f 1231 1610 1232
f 1232 1610 1611
f 1232 1611 1234
f 1234 1611 1235
f 1235 1611 1612
f 1235 1612 1236
f 1236 1612 1613
f 1236 1613 1614
f 1593 1615 1594
f 1594 1615 1396
f 1594 1396 1596
f 1596 1396 1397
f 1596 1397 1598
f 1598 1397 1616
f 1598 1616 1617
f 1617 1616 1397
f 1617 1397 1414
f 1414 1618 1617
f 1617 1618 1619
f 1617 1619 1600
f 1600 1619 1602
f 1618 1620 1619
f 1619 1620 1621
f 1619 1621 1622
f 1622 1623 1619
f 1619 1623 1602
f 1623 1604 1602
f 1614 1624 1236
f 1236 1624 1625
f 1236 1625 1626
f 1626 1627 1236
f 1236 1627 1628
f 1236 1628 1629
f 1629 1628 1630
f 1630 1628 1631
f 1630 1631 1632
f 1632 1631 1633
f 1633 1631 1634
f 1633 1634 1635
f 1635 1634 1636
f 1635 1636 1637
f 1637 1636 1638
f 1638 1636 1639
f 1639 1636 1640
f 1607 1641 1605
f 1605 1641 1642
f 1605 1642 1643
f 1605 1643 1644
f 1644 1643 1645
f 1644 1645 1646
f 1644 1646 1647
f 1647 1646 1648
f 1647 1648 1649
f 1649 1648 1650
f 1649 1650 1585
f 1585 1650 1587
f 1648 1587 1650
f 1588 1651 1586
f 1586 1651 1584
f 1651 1652 1584
f 1584 1652 1653
f 1584 1653 1582
f 1582 1653 1654
f 1582 1654 1580
f 1652 1655 1653
f 1653 1655 1654
f 1655 1656 1654
f 1605 1644 1603
f 1603 1644 1601
f 1644 1647 1601
f 1601 1647 1599
f 1647 1649 1599
f 1599 1649 1597
f 1591 1590 1595
f 1595 1597 1657
f 1657 1597 1649
f 1657 1649 1585
f 1617 1600 1598
f 1583 1591 1657
f 1657 1591 1595
f 1583 1657 1585
f 1414 1424 1618
f 1618 1424 1620
f 1620 1424 1621
f 1621 1424 1658
f 1621 1658 1622
f 1439 1462 1424
f 1424 1462 1659
f 1424 1659 1658
f 1439 1463 1462
f 1659 1462 1660
f 1660 1462 1457
f 1660 1457 1440
f 1660 1440 1661
f 1661 1440 1442
f 1661 1442 1662
f 1662 1442 1663
f 1662 1663 1664
f 1664 1663 1665
f 1665 1663 1474
f 1665 1474 1486
f 1486 1474 1473
f 1486 1473 1485
f 1485 1473 1484
f 1484 1473 1483
f 1442 1474 1663
f 1666 1667 1664
f 1664 1667 1668
f 1664 1668 1662
f 1662 1668 1660
f 1662 1660 1661
f 1667 1669 1668
f 1668 1669 1660
f 1660 1669 1658
f 1658 1669 1670
f 1658 1670 1622
f 1658 1659 1660
f 1487 1671 1486
f 1486 1671 1672
f 1486 1672 1665
f 1665 1672 1673
f 1665 1673 1664
f 1664 1673 1674
f 1664 1674 1666
f 1666 1674 1675
f 1675 1674 1676
f 1675 1676 1677
f 1677 1676 1678
f 1677 1678 1679
f 1679 1678 1680
f 1680 1678 1681
f 1681 1678 1682
f 1681 1682 1683
f 1683 1682 1684
f 1683 1684 1685
f 1685 1684 1673
f 1685 1673 1672
f 1671 1487 1686
f 1686 1487 1488
f 1686 1488 1687
f 1686 1687 1688
f 1688 1687 1689
f 1688 1689 1690
f 1690 1691 1688
f 1688 1691 1692
f 1688 1692 1683
f 1683 1692 1681
f 1686 1688 1685
f 1685 1688 1683
f 1671 1686 1672
f 1672 1686 1685
f 1684 1682 1676
f 1676 1682 1678
f 1673 1684 1674
f 1674 1684 1676
f 1379 1381 688
f 688 1381 1383
f 688 1383 1385
f 1385 1420 688
f 688 1420 1387
f 688 1387 1386
f 688 1386 1578
f 1578 1386 1419
f 1578 1419 1418
f 1415 1593 1418
f 1418 1593 1589
f 1418 1589 1576
f 1396 1615 1415
f 1415 1615 1593
f 1576 1578 1418
f 1578 689 688
f 1578 1580 689
f 689 1580 1654
f 689 1654 684
f 684 1654 1656
f 1693 1694 1233
f 1233 1694 1695
f 1233 1695 663
f 663 1695 662
f 662 1695 1696
f 662 1696 661
f 661 1696 1697
f 661 1697 659
f 659 1697 658
f 658 1697 1698
f 658 1698 1699
f 1699 1698 1700
f 1700 1698 1701
f 1700 1701 1702
f 1702 1701 1694
f 1702 1694 1693
f 1695 1694 1701
f 1697 1696 1698
f 1698 1696 1701
f 1696 1695 1701
f 1699 1613 658
f 658 1613 657
f 657 1613 1703
f 657 1703 655
f 655 1703 1704
f 655 1704 1705
f 655 1705 653
f 653 1705 1706
f 653 1706 651
f 651 1706 1707
f 651 1707 649
f 649 1707 1708
f 649 1708 648
f 648 1708 1709
f 1655 1710 1656
f 1656 1710 1711
f 1656 1711 684
f 684 1711 1712
f 684 1712 675
f 675 1712 676
f 676 1712 1713
f 676 1713 679
f 679 1713 1714
f 679 1714 1651
f 1651 1714 1715
f 1651 1715 1652
f 1652 1715 1710
f 1652 1710 1655
f 1713 1712 1711
f 1715 1714 1710
f 1710 1714 1711
f 1714 1713 1711
f 1716 1717 1718
f 1718 1717 1719
f 1718 1719 1720
f 1720 1719 1721
f 1720 1721 1722
f 1722 1721 1723
f 1722 1723 1724
f 1724 1723 641
f 1724 641 644
f 1725 1726 1716
f 1716 1726 1727
f 1716 1727 1717
f 1717 1727 1719
f 1726 1725 1723
f 1723 1725 641
f 644 645 1724
f 1724 645 1722
f 645 646 1722
f 1722 646 1720
f 646 648 1720
f 1720 648 1718
f 648 1709 1718
f 1723 1721 1726
f 1726 1721 1727
f 1721 1719 1727
f 1728 1729 1334
f 1334 1729 1730
f 1334 1730 631
f 631 1730 1731
f 631 1731 629
f 629 1731 1732
f 629 1732 623
f 623 1732 621
f 621 1732 1733
f 621 1733 1734
f 1734 1733 1735
f 1734 1735 1728
f 1728 1735 1729
f 1734 1736 621
f 1733 1732 1731
f 1733 1731 1730
f 1733 1730 1735
f 1735 1730 1729
f 1737 1738 1739
f 1739 1738 1740
f 1739 1740 1741
f 1741 1740 1742
f 1741 1742 1743
f 1743 1742 693
f 1743 693 1744
f 1744 693 615
f 1744 615 1745
f 1745 615 616
f 1745 616 619
f 1738 1737 1746
f 1746 1737 1747
f 1746 1747 1748
f 693 1742 1748
f 1748 1742 1749
f 1748 1749 1746
f 1746 1749 1738
f 1739 1741 619
f 619 1741 1750
f 619 1750 1745
f 1745 1750 1744
f 1742 1740 1749
f 1749 1740 1738
f 1744 1750 1743
f 1743 1750 1741
f 1736 1751 621
f 621 1751 1752
f 621 1752 1753
f 1754 1755 1736
f 1736 1755 1756
f 1736 1756 1757
f 1754 1758 1755
f 1755 1758 1759
f 1757 1751 1736
f 1753 1760 621
f 621 1760 619
f 619 1760 1761
f 619 1761 1762
f 1762 1763 619
f 619 1763 1764
f 619 1764 1765
f 1765 1766 619
f 619 1766 1767
f 619 1767 1768
f 619 1768 1739
f 1739 1768 1769
f 1739 1769 1770
f 1739 1770 1771
f 1771 1770 1772
f 1771 1772 1773
f 1368 1367 1773
f 1773 1367 1771
f 696 1031 1774
f 1774 1031 1030
f 1774 1030 1775
f 1775 1030 1077
f 1775 1077 1776
f 1776 1077 1083
f 1776 1083 1084
f 1084 613 1776
f 1776 613 692
f 1776 692 1775
f 1775 692 694
f 1775 694 1774
f 1774 694 695
f 1774 695 696
f 1125 1031 704
f 704 1031 696
f 704 696 1777
f 1777 696 693
f 1777 693 1748
f 1366 1365 1777
f 1777 1365 704
f 1365 702 704
f 1325 1298 1319
f 1319 1298 1251
f 1319 1251 1320
f 1320 1251 1299
f 682 1132 1778
f 1778 1132 1131
f 1778 1131 1779
f 1779 1131 1173
f 1779 1173 1780
f 1780 1173 1171
f 1780 1171 1170
f 1170 677 1780
f 1780 677 678
f 1780 678 1779
f 1779 678 680
f 1779 680 1778
f 1778 680 681
f 1778 681 682
f 1132 682 1223
f 1223 682 1646
f 1223 1646 1645
f 679 1651 682
f 682 1651 1588
f 682 1588 1587
f 1587 1648 682
f 682 1648 1646
f 340 1781 342
f 342 1781 1782
f 342 1782 452
f 452 1782 451
f 451 1782 1783
f 451 1783 1784
f 1784 1783 1785
f 1784 1785 1786
f 1786 1785 1787
f 1786 1787 1788
f 1788 1787 1789
f 1788 1789 1790
f 1790 1789 1791
f 1790 1791 1792
f 1792 1791 1793
f 1792 1793 1794
f 1794 1793 1795
f 1794 1795 1796
f 1796 1795 1797
f 1796 1797 1798
f 1798 1797 1799
f 1798 1799 1800
f 1800 1799 1801
f 1800 1801 1802
f 1802 1801 1803
f 1802 1803 1804
f 1804 1803 1805
f 1804 1805 1806
f 1806 1805 1807
f 1806 1807 1808
f 1808 1807 1809
f 1808 1809 1810
f 1810 1809 1811
f 1810 1811 1812
f 1812 1811 1813
f 1812 1813 1814
f 1814 1813 1815
f 1814 1815 1816
f 1816 1815 1817
f 1816 1817 1818
f 1818 1817 1819
f 1818 1819 1820
f 1820 1819 1821
f 1820 1821 1822
f 1822 1821 1823
f 1822 1823 1824
f 1824 1823 1825
f 1824 1825 1826
f 1826 1825 1827
f 1826 1827 1828
f 1828 1827 1829
f 1828 1829 1830
f 1830 1829 1831
f 1830 1831 1832
f 1832 1831 1833
f 1832 1833 1834
f 1834 1833 1835
f 1834 1835 1836
f 1836 1835 1837
f 1837 1835 1838
f 1837 1838 1839
f 1839 1838 1840
f 1839 1840 1841
f 1841 1840 1842
f 1842 1840 1843
f 1842 1843 1844
f 1844 1843 1845
f 1844 1845 1846
f 1846 1845 1847
f 1846 1847 1848
f 1848 1847 1849
f 1848 1849 1850
f 1850 1849 1851
f 1850 1851 1852
f 1852 1851 1853
f 1852 1853 1854
f 1854 1853 1855
f 1854 1855 1856
f 1856 1855 1805
f 1856 1805 1803
f 1781 1857 1782
f 1782 1857 1858
f 1782 1858 1859
f 1859 1858 1860
f 1859 1860 1861
f 1861 1860 1862
f 1861 1862 1863
f 1863 1862 1864
f 1863 1864 1865
f 1865 1864 1866
f 1865 1866 1867
f 1867 1866 1868
f 1867 1868 1869
f 1869 1868 1870
f 1869 1870 1871
f 1871 1870 1872
f 1871 1872 1873
f 1873 1872 1874
f 1873 1874 1875
f 1875 1874 1876
f 1875 1876 1877
f 1877 1876 1878
f 1877 1878 1856
f 1856 1878 1854
f 1857 1879 1858
f 1858 1879 1880
f 1858 1880 1860
f 1860 1880 1881
f 1860 1881 1862
f 1862 1881 1882
f 1862 1882 1864
f 1864 1882 1883
f 1864 1883 1866
f 1866 1883 1884
f 1866 1884 1868
f 1868 1884 1885
f 1868 1885 1870
f 1870 1885 1886
f 1870 1886 1872
f 1872 1886 1887
f 1872 1887 1874
f 1874 1887 1888
f 1874 1888 1876
f 1876 1888 1889
f 1876 1889 1878
f 1878 1889 1890
f 1878 1890 1854
f 1854 1890 1852
f 1879 1891 1880
f 1880 1891 1892
f 1880 1892 1881
f 1881 1892 1893
f 1881 1893 1882
f 1882 1893 1894
f 1882 1894 1883
f 1883 1894 1895
f 1883 1895 1884
f 1884 1895 1896
f 1884 1896 1885
f 1885 1896 1897
f 1885 1897 1886
f 1886 1897 1898
f 1886 1898 1887
f 1887 1898 1899
f 1887 1899 1888
f 1888 1899 1900
f 1888 1900 1889
f 1889 1900 1901
f 1889 1901 1890
f 1890 1901 1902
f 1890 1902 1852
f 1852 1902 1850
f 1892 1891 1903
f 1903 1891 1904
f 1903 1904 1905
f 1905 1904 1906
f 1905 1906 1907
f 1907 1906 1908
f 1907 1908 1909
f 1909 1908 1910
f 1909 1910 1911
f 1911 1910 1912
f 1911 1912 1913
f 1913 1912 1914
f 1913 1914 1915
f 1906 1916 1908
f 1908 1916 1910
f 1910 1916 1912
f 1912 1916 1917
f 1912 1917 1918
f 1918 1914 1912
f 1919 1920 1915
f 1915 1920 1921
f 1915 1921 1913
f 1913 1921 1922
f 1913 1922 1911
f 1911 1922 1923
f 1911 1923 1909
f 1909 1923 1924
f 1909 1924 1907
f 1907 1924 1905
f 1920 1919 1925
f 1925 1919 1926
f 1925 1926 1927
f 1927 1926 1928
f 1927 1928 1929
f 1929 1928 1930
f 1929 1930 1931
f 1931 1930 1932
f 1931 1932 1933
f 1933 1932 1934
f 1933 1934 1935
f 1935 1934 1936
f 1935 1936 1902
f 1902 1936 1850
f 1928 1937 1930
f 1930 1937 1938
f 1930 1938 1932
f 1932 1938 1939
f 1932 1939 1934
f 1934 1939 1940
f 1934 1940 1936
f 1936 1940 1848
f 1936 1848 1850
f 1937 1941 1938
f 1938 1941 1942
f 1938 1942 1939
f 1939 1942 1943
f 1939 1943 1940
f 1940 1943 1846
f 1940 1846 1848
f 1942 1941 1943
f 1943 1941 1944
f 1943 1944 1846
f 1846 1944 1844
f 1836 1945 1834
f 1834 1945 1946
f 1834 1946 1832
f 1832 1946 1947
f 1832 1947 1830
f 1830 1947 1948
f 1830 1948 1828
f 1828 1948 1949
f 1828 1949 1826
f 1826 1949 1950
f 1826 1950 1824
f 1945 1951 1946
f 1946 1951 1952
f 1946 1952 1953
f 1953 1952 1954
f 1953 1954 1955
f 1955 1954 1956
f 1955 1956 1957
f 1957 1956 1950
f 1957 1950 1949
f 1952 1958 1954
f 1954 1958 1959
f 1954 1959 1956
f 1956 1959 1960
f 1956 1960 1950
f 1958 1960 1959
f 509 1961 1824
f 1824 1961 1962
f 1824 1962 1822
f 1822 1962 1820
f 509 508 1961
f 1961 508 1963
f 1961 1963 1964
f 1964 1963 1965
f 1964 1965 1818
f 1818 1965 1816
f 508 529 1963
f 1963 529 1966
f 1963 1966 1965
f 1965 1966 1967
f 1965 1967 1816
f 1816 1967 1814
f 529 525 1966
f 1966 525 1968
f 1966 1968 1967
f 1967 1968 1969
f 1967 1969 1814
f 1814 1969 1812
f 525 523 1968
f 1968 523 1970
f 1968 1970 1969
f 1969 1970 1971
f 1969 1971 1812
f 1812 1971 1810
f 523 521 1970
f 1970 521 1972
f 1970 1972 1971
f 1971 1972 1973
f 1971 1973 1810
f 1810 1973 1808
f 521 520 1972
f 1972 520 1974
f 1972 1974 1973
f 1973 1974 1975
f 1973 1975 1808
f 1808 1975 1806
f 520 511 1974
f 1974 511 1976
f 1974 1976 1975
f 1975 1976 1977
f 1975 1977 1806
f 1806 1977 1804
f 511 510 1976
f 1976 510 1978
f 1976 1978 1977
f 1977 1978 1979
f 1977 1979 1804
f 1804 1979 1802
f 510 478 1978
f 1978 478 1980
f 1978 1980 1979
f 1979 1980 1981
f 1979 1981 1802
f 1802 1981 1800
f 478 476 1980
f 1980 476 1982
f 1980 1982 1981
f 1981 1982 1983
f 1981 1983 1800
f 1800 1983 1798
f 476 474 1982
f 1982 474 1983
f 474 464 1983
f 1983 464 463
f 1983 463 1798
f 1798 463 462
f 1798 462 1796
f 1796 462 460
f 1796 460 1794
f 1794 460 458
f 1794 458 1792
f 1792 458 456
f 1792 456 1790
f 1790 456 454
f 1790 454 1788
f 1788 454 1786
f 454 450 1786
f 1786 450 1784
f 450 451 1784
f 1893 1892 1903
f 1903 1905 1984
f 1984 1905 1924
f 1984 1924 1985
f 1985 1924 1923
f 1985 1923 1986
f 1986 1923 1987
f 1986 1987 1988
f 1988 1987 1989
f 1988 1989 1990
f 1990 1989 1991
f 1990 1991 1992
f 1992 1991 1993
f 1992 1993 1994
f 1994 1993 1995
f 1994 1995 1996
f 1996 1995 1933
f 1996 1933 1935
f 1783 1782 1859
f 1894 1893 1984
f 1984 1893 1903
f 1894 1984 1985
f 1785 1783 1859
f 1785 1859 1861
f 1987 1923 1922
f 1922 1921 1997
f 1997 1921 1920
f 1997 1920 1998
f 1998 1920 1925
f 1998 1925 1999
f 1999 1925 1927
f 1999 1927 2000
f 2000 1927 1929
f 2000 1929 1931
f 1895 1894 1985
f 1895 1985 1986
f 1787 1785 1861
f 1787 1861 1863
f 1998 1989 1997
f 1997 1989 1987
f 1997 1987 1922
f 1989 1998 1991
f 1991 1998 1999
f 1991 1999 1993
f 1993 1999 2000
f 1993 2000 1995
f 1995 2000 1931
f 1995 1931 1933
f 1895 1986 1896
f 1896 1986 1988
f 1896 1988 1897
f 1897 1988 1990
f 1897 1990 1898
f 1898 1990 1992
f 1898 1992 1899
f 1899 1992 1994
f 1899 1994 1900
f 1900 1994 1996
f 1900 1996 1901
f 1901 1996 1935
f 1901 1935 1902
f 1787 1863 1789
f 1789 1863 1865
f 1789 1865 1791
f 1791 1865 1867
f 1791 1867 1793
f 1793 1867 1869
f 1793 1869 1795
f 1795 1869 1871
f 1795 1871 1797
f 1797 1871 1873
f 1797 1873 1799
f 1799 1873 1875
f 1799 1875 1801
f 1801 1875 1877
f 1801 1877 1803
f 1803 1877 1856
f 1847 1845 2001
f 2001 1845 1843
f 2001 1843 2002
f 2002 1843 1840
f 2002 1840 2003
f 2003 1840 1838
f 2003 1838 2004
f 2004 1838 1835
f 2004 1835 1833
f 1849 1847 2005
f 2005 1847 2001
f 2005 2001 2006
f 2006 2001 2002
f 2006 2002 2007
f 2007 2002 2003
f 2007 2003 2008
f 2008 2003 2004
f 2008 2004 2009
f 2009 2004 1833
f 2009 1833 1831
f 1851 1849 2010
f 2010 1849 2005
f 2010 2005 2011
f 2011 2005 2006
f 2011 2006 2012
f 2012 2006 2007
f 2012 2007 2013
f 2013 2007 2008
f 2013 2008 2014
f 2014 2008 2009
f 2014 2009 2015
f 2015 2009 1831
f 2015 1831 1829
f 1853 1851 2016
f 2016 1851 2010
f 2016 2010 2017
f 2017 2010 2011
f 2017 2011 2018
f 2018 2011 2012
f 2018 2012 2019
f 2019 2012 2013
f 2019 2013 2020
f 2020 2013 2014
f 2020 2014 2021
f 2021 2014 2015
f 2021 2015 2022
f 2022 2015 1829
f 2022 1829 1827
f 1855 1853 2023
f 2023 1853 2016
f 2023 2016 2024
f 2024 2016 2017
f 2024 2017 2025
f 2025 2017 2018
f 2025 2018 2026
f 2026 2018 2019
f 2026 2019 2027
f 2027 2019 2020
f 2027 2020 2028
f 2028 2020 2021
f 2028 2021 2029
f 2029 2021 2022
f 2029 2022 2030
f 2030 2022 1827
f 2030 1827 1825
f 1805 1855 1807
f 1807 1855 2023
f 1807 2023 1809
f 1809 2023 2024
f 1809 2024 1811
f 1811 2024 2025
f 1811 2025 1813
f 1813 2025 2026
f 1813 2026 1815
f 1815 2026 2027
f 1815 2027 1817
f 1817 2027 2028
f 1817 2028 1819
f 1819 2028 2029
f 1819 2029 1821
f 1821 2029 2030
f 1821 2030 1823
f 1823 2030 1825
f 1946 1953 1947
f 1947 1953 1955
f 1947 1955 1948
f 1948 1955 1957
f 1948 1957 1949
f 1964 1818 1820
f 1964 1820 1962
f 1962 1961 1964
f 2031 1020 2032
f 2032 1020 1009
f 2032 1009 2033
f 2033 1009 2034
f 2033 2034 2035
f 2035 2034 2036
f 2035 2036 1950
f 1950 2036 1824
f 1824 2036 2037
f 1824 2037 2038
f 2038 2037 2039
f 2038 2039 2040
f 2040 2039 1019
f 1019 2039 1011
f 1011 2039 2041
f 1011 2041 2034
f 2034 2041 2036
f 1009 1011 2034
f 2040 509 2038
f 2038 509 1824
f 2035 1950 2042
f 2042 1950 1960
f 2042 1960 2031
f 2042 2031 2032
f 2036 2041 2037
f 2037 2041 2039
f 2042 2032 2033
f 2042 2033 2035
f 1367 1366 1771
f 1771 1366 1777
f 1747 1739 1748
f 1748 1739 1771
f 1748 1771 1777
f 1747 1737 1739
f 1364 1377 1363
f 1363 1377 2043
f 2044 2045 2046
f 2046 2045 2047
f 2046 2047 2048
f 2049 2044 2048
f 2048 2044 2046
f 1555 2050 1503
f 1503 2050 2051
f 1503 2051 2052
f 2052 2051 2053
f 2052 2053 1691
f 2050 1555 2054
f 2054 1555 1541
f 2054 1541 2055
f 2055 1541 2056
f 2055 2056 2057
f 2057 2056 2058
f 2057 2058 2059
f 2059 2058 2060
f 2059 2060 2061
f 2061 2060 2062
f 2061 2062 2063
f 2063 2062 2064
f 2063 2064 2065
f 2065 2064 2066
f 2065 2066 2067
f 2067 2066 2068
f 2067 2068 1766
f 1766 2068 1767
f 1767 2068 2069
f 1767 2069 1768
f 1768 2069 2070
f 1768 2070 1769
f 1769 2070 2071
f 1769 2071 1770
f 1770 2071 2072
f 1770 2072 1772
f 1772 2072 2073
f 1772 2073 1773
f 1773 2073 1371
f 1773 1371 1370
f 1541 1542 2056
f 2056 1542 2074
f 2056 2074 2058
f 2058 2074 1544
f 2058 1544 2075
f 2075 1544 1545
f 2075 1545 2076
f 2076 1545 1547
f 2076 1547 2077
f 2077 1547 2078
f 2077 2078 2079
f 2079 2078 1550
f 2079 1550 2080
f 2080 1550 1554
f 2080 1554 2081
f 2081 1554 1518
f 2081 1518 2082
f 2082 1518 2083
f 2082 2083 2084
f 2084 2083 2085
f 2084 2085 2070
f 2070 2085 2071
f 1542 1544 2074
f 1547 1549 2078
f 2078 1549 1550
f 1518 1516 2083
f 2083 1516 2085
f 2085 1516 2086
f 2086 1516 1512
f 2086 1512 2071
f 2071 1512 1511
f 2071 1511 2072
f 2072 1511 1510
f 2072 1510 2073
f 2073 1510 1371
f 1370 1369 1773
f 1773 1369 1368
f 1766 1765 2067
f 2067 1765 2087
f 2067 2087 2065
f 2065 2087 2088
f 2065 2088 2063
f 2063 2088 2089
f 2063 2089 2061
f 2061 2089 2090
f 2061 2090 2059
f 2059 2090 2091
f 2059 2091 2057
f 2057 2091 2092
f 2057 2092 2055
f 2055 2092 2093
f 2055 2093 2050
f 2050 2093 2051
f 1765 1764 2087
f 2087 1764 2094
f 2087 2094 2088
f 2088 2094 2095
f 2088 2095 2089
f 2089 2095 2096
f 2089 2096 2090
f 2090 2096 2097
f 2090 2097 2091
f 2091 2097 2098
f 2091 2098 2092
f 2092 2098 2099
f 2092 2099 2093
f 2093 2099 2100
f 2093 2100 2051
f 2051 2100 2053
f 1764 1763 2094
f 2094 1763 2101
f 2094 2101 2095
f 2095 2101 2102
f 2095 2102 2096
f 2096 2102 2103
f 2096 2103 2097
f 2097 2103 2104
f 2097 2104 2098
f 2098 2104 2105
f 2098 2105 2099
f 2099 2105 2106
f 2099 2106 2100
f 2100 2106 2107
f 2100 2107 2053
f 1763 1762 2101
f 2101 1762 2108
f 2101 2108 2102
f 2102 2108 2109
f 2102 2109 2103
f 2103 2109 2110
f 2103 2110 2104
f 2104 2110 2111
f 2104 2111 2105
f 2105 2111 2112
f 2105 2112 2106
f 2106 2112 2113
f 2106 2113 2107
f 1762 1761 2108
f 2108 1761 2114
f 2108 2114 2109
f 2109 2114 2115
f 2109 2115 2110
f 2110 2115 2116
f 2110 2116 2111
f 2111 2116 2117
f 2111 2117 2112
f 2112 2117 2118
f 2112 2118 2113
f 1761 1760 2114
f 2114 1760 2119
f 2114 2119 2115
f 2115 2119 2120
f 2115 2120 2116
f 2116 2120 2121
f 2116 2121 2117
f 2117 2121 2122
f 2117 2122 2118
f 1760 1753 2119
f 2119 1753 2123
f 2119 2123 2120
f 2120 2123 2124
f 2120 2124 2121
f 2121 2124 2125
f 2121 2125 2122
f 1753 1752 2123
f 2123 1752 2126
f 2123 2126 2124
f 2124 2126 2127
f 2124 2127 2125
f 1752 1751 2126
f 2126 1751 2127
f 2054 2055 2050
f 2058 2075 2060
f 2060 2075 2077
f 2060 2077 2062
f 2062 2077 2079
f 2062 2079 2064
f 2064 2079 2128
f 2064 2128 2066
f 2066 2128 2129
f 2066 2129 2068
f 2068 2129 2069
f 2076 2077 2075
f 2079 2080 2128
f 2128 2080 2082
f 2128 2082 2129
f 2129 2082 2084
f 2129 2084 2069
f 2069 2084 2070
f 2081 2082 2080
f 2086 2071 2085
f 1121 1122 697
f 697 1122 701
f 701 1122 1123
f 701 1123 703
f 703 1123 1124
f 703 1124 704
f 704 1124 1125
f 1220 2130 1219
f 1219 2130 2131
f 1219 2131 1608
f 1608 2131 1607
f 1607 2131 1641
f 1641 2131 2132
f 1641 2132 1642
f 1642 2132 1643
f 1643 2132 1645
f 1645 2132 2133
f 1645 2133 1222
f 1222 2133 1221
f 1221 2133 2130
f 1221 2130 1220
f 1222 1223 1645
f 1608 1230 1219
f 2132 2131 2130
f 2133 2132 2130
f 1298 1325 2134
f 2134 1325 1324
f 2134 1324 1323
f 2134 1323 2135
f 2135 1323 1322
f 2135 1322 1321
f 2134 642 1298
f 1298 642 1297
f 1297 642 1296
f 1296 642 1295
f 1295 642 1342
f 1342 642 2136
f 2136 642 2137
f 2137 642 2138
f 2138 642 641
f 2138 641 1725
f 1357 1363 1355
f 1355 1363 2139
f 1355 2139 1378
f 1357 1359 1363
f 1363 1359 1361
f 2043 2140 1363
f 1363 2140 2141
f 1363 2141 2047
f 2047 2045 1363
f 1363 2045 2139
f 2045 2142 2139
f 2040 2143 509
f 509 2143 2144
f 509 2144 531
f 531 2144 2145
f 531 2145 2146
f 2146 2145 2147
f 2146 2147 2148
f 2148 2147 2149
f 2148 2149 2150
f 2150 2149 2151
f 2150 2151 2152
f 2152 2151 2153
f 2152 2153 2154
f 2154 2153 2155
f 2154 2155 2156
f 2143 2040 2157
f 2157 2040 1019
f 2157 1019 1025
f 1024 2158 1025
f 1025 2158 2159
f 1025 2159 2157
f 2157 2159 2160
f 2157 2160 2161
f 2161 2160 2162
f 2161 2162 2163
f 2163 2162 2164
f 2163 2164 2165
f 2165 2164 2166
f 2165 2166 2147
f 2147 2166 2149
f 2158 1024 2167
f 2167 1024 1023
f 2167 1023 2168
f 2169 2170 2168
f 2168 2170 2171
f 2168 2171 2167
f 2167 2171 2158
f 2172 2173 2169
f 2169 2173 2174
f 2169 2174 2170
f 2170 2174 2175
f 2170 2175 2176
f 2176 2175 2160
f 2176 2160 2159
f 2173 2172 2177
f 2177 2172 2178
f 2177 2178 2179
f 2179 2178 2180
f 2179 2180 2181
f 2179 2181 2153
f 2153 2181 2155
f 2156 2182 2154
f 2154 2182 2183
f 2154 2183 2184
f 2184 2183 2185
f 2184 2185 2186
f 2186 2185 2187
f 2186 2187 2188
f 2188 2187 2189
f 2188 2189 2190
f 2190 2189 2191
f 2190 2191 544
f 544 2191 558
f 558 2191 2192
f 558 2192 560
f 560 2192 1347
f 1347 2192 2193
f 1347 2193 1348
f 1348 2193 2194
f 1348 2194 2195
f 2195 2194 2187
f 2195 2187 2185
f 2182 2196 2183
f 2183 2196 2197
f 2183 2197 2185
f 2185 2197 2195
f 2196 2198 2197
f 2197 2198 1350
f 2197 1350 1348
f 544 532 2190
f 2190 532 2199
f 2190 2199 2188
f 2188 2199 2200
f 2188 2200 2186
f 2186 2200 2201
f 2186 2201 2184
f 2184 2201 2152
f 2184 2152 2154
f 532 499 2199
f 2199 499 2202
f 2199 2202 2200
f 2200 2202 2203
f 2200 2203 2201
f 2201 2203 2150
f 2201 2150 2152
f 499 501 2202
f 2202 501 2204
f 2202 2204 2203
f 2203 2204 2148
f 2203 2148 2150
f 501 503 2204
f 2204 503 2146
f 2204 2146 2148
f 503 531 2146
f 2197 1348 2195
f 2161 2163 2143
f 2143 2163 2144
f 2163 2165 2144
f 2144 2165 2145
f 2165 2147 2145
f 2193 2192 2191
f 2193 2191 2189
f 2157 2161 2143
f 2194 2193 2189
f 2194 2189 2187
f 2160 2175 2162
f 2162 2175 2205
f 2162 2205 2164
f 2164 2205 2206
f 2164 2206 2166
f 2166 2206 2207
f 2166 2207 2149
f 2149 2207 2151
f 2158 2171 2176
f 2176 2171 2170
f 2205 2175 2174
f 2206 2205 2173
f 2173 2205 2174
f 2207 2206 2177
f 2177 2206 2173
f 2151 2207 2179
f 2179 2207 2177
f 2179 2153 2151
f 2159 2158 2176
f 780 2208 782
f 782 2208 2209
f 782 2209 825
f 825 2209 2210
f 825 2210 2211
f 2211 2210 2212
f 2211 2212 2213
f 2213 2212 2214
f 2213 2214 2215
f 2215 2214 2216
f 2215 2216 2217
f 2217 2216 2218
f 2217 2218 2219
f 2219 2218 2220
f 2219 2220 2221
f 2221 2220 2222
f 2221 2222 2223
f 2223 2222 2224
f 2223 2224 2225
f 2225 2224 2226
f 2225 2226 2227
f 2227 2226 2228
f 2227 2228 2229
f 2229 2228 2230
f 2229 2230 2231
f 2231 2230 2232
f 2231 2232 2233
f 2233 2232 2234
f 2233 2234 2235
f 2235 2234 2236
f 2235 2236 2237
f 2237 2236 1351
f 2237 1351 1352
f 2208 780 2238
f 2238 780 815
f 2238 815 2239
f 2239 815 2240
f 2239 2240 2241
f 2241 2240 2242
f 2241 2242 2243
f 2243 2242 2244
f 2243 2244 2245
f 2245 2244 2246
f 2245 2246 2247
f 2247 2246 2248
f 2247 2248 2249
f 2249 2248 2250
f 2250 2248 2251
f 2250 2251 2252
f 2252 2251 2253
f 2252 2253 2254
f 2254 2253 2255
f 2255 2253 2256
f 2255 2256 2257
f 2257 2256 2258
f 2257 2258 2259
f 2259 2258 2260
f 2259 2260 2261
f 2261 2260 2262
f 2261 2262 2263
f 2263 2262 2264
f 2263 2264 2265
f 2265 2264 2266
f 2265 2266 2267
f 2267 2266 2268
f 2267 2268 2269
f 2269 2268 2270
f 2269 2270 2271
f 2271 2270 2272
f 2271 2272 2273
f 2273 2272 2274
f 2273 2274 2275
f 2275 2274 2242
f 2275 2242 2240
f 815 814 2240
f 2240 814 2275
f 814 811 2275
f 2275 811 2273
f 811 809 2273
f 2273 809 2271
f 809 804 2271
f 2271 804 2269
f 804 803 2269
f 2269 803 2267
f 803 807 2267
f 2267 807 2265
f 807 805 2265
f 2265 805 795
f 2263 2276 2261
f 2249 2277 2247
f 2247 2277 2278
f 2247 2278 2245
f 2245 2278 2279
f 2245 2279 2243
f 2243 2279 2280
f 2243 2280 2241
f 2241 2280 2281
f 2241 2281 2239
f 2239 2281 2282
f 2239 2282 2238
f 2238 2282 2208
f 2277 2283 2278
f 2278 2283 2284
f 2278 2284 2279
f 2279 2284 2285
f 2279 2285 2280
f 2280 2285 2286
f 2280 2286 2281
f 2281 2286 2287
f 2281 2287 2282
f 2282 2287 2288
f 2282 2288 2208
f 2208 2288 2209
f 2284 2283 2289
f 2289 2283 2290
f 2289 2290 2291
f 2291 2290 2292
f 2291 2292 2293
f 2293 2292 2294
f 2293 2294 2295
f 2295 2294 2296
f 2295 2296 2297
f 2297 2296 2298
f 2297 2298 2299
f 2299 2298 2300
f 2299 2300 2301
f 2301 2300 2302
f 2301 2302 2214
f 2214 2302 2216
f 2292 2303 2294
f 2294 2303 2304
f 2294 2304 2296
f 2296 2304 2305
f 2296 2305 2298
f 2298 2305 2306
f 2298 2306 2300
f 2300 2306 2307
f 2300 2307 2302
f 2302 2307 2308
f 2302 2308 2216
f 2216 2308 2218
f 2304 2303 2309
f 2309 2303 2310
f 2309 2310 2311
f 2311 2310 2312
f 2311 2312 2313
f 2313 2312 2314
f 2313 2314 2315
f 2315 2314 2316
f 2315 2316 2317
f 2317 2316 2318
f 2317 2318 2319
f 2319 2318 2320
f 2319 2320 2321
f 2321 2320 2322
f 2321 2322 2224
f 2224 2322 2226
f 2312 2323 2314
f 2314 2323 2324
f 2314 2324 2316
f 2316 2324 2325
f 2316 2325 2318
f 2318 2325 2326
f 2318 2326 2320
f 2320 2326 2327
f 2320 2327 2322
f 2322 2327 2328
f 2322 2328 2226
f 2226 2328 2228
f 2323 2329 2324
f 2324 2329 2330
f 2324 2330 2331
f 2331 2330 2332
f 2331 2332 2333
f 2333 2332 2334
f 2333 2334 2335
f 2333 2335 2336
f 2336 2335 2337
f 2336 2337 2338
f 2338 2337 2339
f 2338 2339 1346
f 1346 1349 2338
f 2338 1349 2340
f 2338 2340 2341
f 2341 2340 2342
f 2341 2342 2343
f 2343 2342 2344
f 2343 2344 2345
f 2345 2344 2346
f 2345 2346 2328
f 2328 2346 2228
f 1351 2347 1349
f 1349 2347 2348
f 1349 2348 2340
f 2340 2348 2342
f 1353 2349 1352
f 1352 2349 2350
f 1352 2350 2237
f 2237 2350 2351
f 2237 2351 2235
f 2235 2351 2352
f 2235 2352 2233
f 2233 2352 2353
f 2233 2353 2231
f 2231 2353 2354
f 2231 2354 2229
f 2229 2354 2355
f 2229 2355 2227
f 2227 2355 2356
f 2227 2356 2225
f 2225 2356 2357
f 2225 2357 2223
f 2223 2357 2358
f 2223 2358 2221
f 2221 2358 2359
f 2221 2359 2219
f 2219 2359 2360
f 2219 2360 2217
f 2217 2360 715
f 2217 715 2215
f 2215 715 2213
f 1354 2361 1353
f 1353 2361 2362
f 1353 2362 2363
f 2363 2362 2364
f 2363 2364 2365
f 2365 2364 2366
f 2365 2366 2367
f 2367 2366 2368
f 2367 2368 2369
f 2369 2368 2370
f 2369 2370 2371
f 2371 2370 2372
f 2371 2372 2373
f 2373 2372 2374
f 2373 2374 2375
f 2375 2374 2376
f 2375 2376 2377
f 2377 2376 2378
f 2377 2378 2379
f 2379 2378 2380
f 2379 2380 2381
f 2381 2380 2382
f 2381 2382 2383
f 2383 2382 1027
f 2383 1027 1026
f 1350 2198 1354
f 1354 2198 2384
f 1354 2384 2385
f 2385 2384 2386
f 2385 2386 2387
f 2387 2386 2388
f 2387 2388 2389
f 2389 2388 2390
f 2389 2390 2391
f 2391 2390 2392
f 2391 2392 2393
f 2393 2392 2394
f 2393 2394 2395
f 2395 2394 2396
f 2395 2396 2397
f 2397 2396 2398
f 2397 2398 2399
f 2399 2398 2400
f 2399 2400 2401
f 2401 2400 2402
f 2401 2402 2403
f 2403 2402 2404
f 2403 2404 2405
f 2405 2404 1029
f 2405 1029 1028
f 2384 2198 2406
f 2406 2198 2196
f 2406 2196 2407
f 2407 2196 2182
f 2407 2182 2408
f 2408 2182 2156
f 2408 2156 2155
f 2408 2155 2409
f 2409 2155 2181
f 2409 2181 2410
f 2410 2181 2180
f 2410 2180 2178
f 2410 2178 2411
f 2411 2178 2172
f 2411 2172 2412
f 2412 2172 2413
f 2412 2413 2396
f 2396 2413 2398
f 2172 2169 2413
f 2413 2169 2414
f 2413 2414 2398
f 2398 2414 2400
f 2169 2168 2414
f 2414 2168 2415
f 2414 2415 2400
f 2400 2415 2402
f 2415 2168 2416
f 2416 2168 1023
f 2416 1023 1029
f 2405 1028 2417
f 2417 1028 1027
f 2417 1027 2382
f 715 2360 1026
f 1026 2360 2418
f 1026 2418 2383
f 2383 2418 2419
f 2383 2419 2381
f 2381 2419 2420
f 2381 2420 2379
f 2379 2420 2421
f 2379 2421 2377
f 2377 2421 2422
f 2377 2422 2375
f 2375 2422 2423
f 2375 2423 2373
f 2373 2423 2424
f 2373 2424 2371
f 2371 2424 2425
f 2371 2425 2369
f 2369 2425 2426
f 2369 2426 2367
f 2367 2426 2427
f 2367 2427 2365
f 2365 2427 2349
f 2365 2349 2363
f 2363 2349 1353
f 715 820 2213
f 2213 820 2211
f 820 822 2211
f 2211 822 825
f 2347 1351 2428
f 2428 1351 2236
f 2428 2236 2234
f 1354 2385 2361
f 2361 2385 2387
f 2361 2387 2429
f 2429 2387 2389
f 2429 2389 2430
f 2430 2389 2391
f 2430 2391 2431
f 2431 2391 2393
f 2431 2393 2432
f 2432 2393 2395
f 2432 2395 2433
f 2433 2395 2397
f 2433 2397 2434
f 2434 2397 2399
f 2434 2399 2435
f 2435 2399 2401
f 2435 2401 2436
f 2436 2401 2403
f 2436 2403 2437
f 2437 2403 2405
f 2437 2405 2417
f 2210 2209 2438
f 2438 2209 2288
f 2438 2288 2439
f 2439 2288 2287
f 2439 2287 2440
f 2440 2287 2286
f 2440 2286 2441
f 2441 2286 2285
f 2441 2285 2289
f 2289 2285 2284
f 2301 2214 2212
f 2212 2210 2442
f 2442 2210 2438
f 2442 2438 2443
f 2443 2438 2439
f 2443 2439 2444
f 2444 2439 2440
f 2444 2440 2445
f 2445 2440 2441
f 2445 2441 2291
f 2291 2441 2289
f 2220 2218 2446
f 2446 2218 2308
f 2446 2308 2447
f 2447 2308 2307
f 2447 2307 2448
f 2448 2307 2306
f 2448 2306 2449
f 2449 2306 2305
f 2449 2305 2309
f 2309 2305 2304
f 2321 2224 2222
f 2222 2220 2450
f 2450 2220 2446
f 2450 2446 2451
f 2451 2446 2447
f 2451 2447 2452
f 2452 2447 2448
f 2452 2448 2453
f 2453 2448 2449
f 2453 2449 2311
f 2311 2449 2309
f 2228 2346 2230
f 2230 2346 2454
f 2230 2454 2232
f 2232 2454 2455
f 2232 2455 2234
f 2234 2455 2428
f 2299 2301 2442
f 2442 2301 2212
f 2299 2442 2443
f 2319 2321 2450
f 2450 2321 2222
f 2319 2450 2451
f 2345 2328 2327
f 2346 2344 2454
f 2454 2344 2456
f 2454 2456 2455
f 2455 2456 2347
f 2455 2347 2428
f 2268 2266 2457
f 2457 2266 2264
f 2457 2264 2458
f 2458 2264 2262
f 2458 2262 2258
f 2258 2262 2260
f 2270 2268 2459
f 2459 2268 2457
f 2459 2457 2460
f 2460 2457 2458
f 2460 2458 2256
f 2256 2458 2258
f 2272 2270 2461
f 2461 2270 2459
f 2461 2459 2462
f 2462 2459 2460
f 2462 2460 2253
f 2253 2460 2256
f 2244 2242 2274
f 2274 2272 2463
f 2463 2272 2461
f 2463 2461 2464
f 2464 2461 2462
f 2464 2462 2251
f 2251 2462 2253
f 2297 2299 2443
f 2297 2443 2444
f 2317 2319 2451
f 2317 2451 2452
f 2345 2327 2465
f 2465 2327 2326
f 2465 2326 2466
f 2466 2326 2325
f 2466 2325 2331
f 2331 2325 2324
f 2348 2347 2456
f 2348 2456 2342
f 2342 2456 2344
f 2464 2246 2463
f 2463 2246 2244
f 2463 2244 2274
f 2251 2248 2464
f 2464 2248 2246
f 2297 2444 2295
f 2295 2444 2445
f 2295 2445 2293
f 2293 2445 2291
f 2317 2452 2315
f 2315 2452 2453
f 2315 2453 2313
f 2313 2453 2311
f 2466 2467 2465
f 2465 2467 2343
f 2465 2343 2345
f 2343 2467 2341
f 2341 2467 2336
f 2341 2336 2338
f 2331 2333 2466
f 2466 2333 2467
f 2333 2336 2467
f 2351 2350 2427
f 2427 2350 2349
f 2352 2351 2426
f 2426 2351 2427
f 2353 2352 2425
f 2425 2352 2426
f 2354 2353 2424
f 2424 2353 2425
f 2355 2354 2423
f 2423 2354 2424
f 2356 2355 2422
f 2422 2355 2423
f 2357 2356 2421
f 2421 2356 2422
f 2358 2357 2420
f 2420 2357 2421
f 2359 2358 2419
f 2419 2358 2420
f 2360 2359 2418
f 2418 2359 2419
f 2361 2429 2362
f 2362 2429 2364
f 2429 2430 2364
f 2364 2430 2366
f 2430 2431 2366
f 2366 2431 2368
f 2431 2432 2368
f 2368 2432 2370
f 2432 2433 2370
f 2370 2433 2372
f 2433 2434 2372
f 2372 2434 2374
f 2434 2435 2374
f 2374 2435 2376
f 2435 2436 2376
f 2376 2436 2378
f 2417 2382 2380
f 2436 2437 2378
f 2378 2437 2380
f 2437 2417 2380
f 2406 2407 2384
f 2384 2407 2386
f 2407 2408 2386
f 2386 2408 2388
f 2408 2409 2388
f 2388 2409 2390
f 2409 2410 2390
f 2390 2410 2392
f 2412 2396 2394
f 2410 2411 2392
f 2392 2411 2394
f 2411 2412 2394
f 2415 2416 2402
f 2402 2416 2404
f 2416 1029 2404
f 1687 1488 2468
f 2468 1488 1505
f 2468 1505 2469
f 2469 1505 2052
f 2469 2052 1689
f 1689 2052 1690
f 1690 2052 1691
f 1505 1503 2052
f 1689 1687 2469
f 2469 1687 2468
f 1706 2470 1707
f 1707 2470 2471
f 1707 2471 2472
f 2472 2473 1707
f 1707 2473 1708
f 1636 1634 2474
f 2474 1634 1631
f 2474 1631 1628
f 2474 1628 1237
f 1237 1628 1627
f 1237 1627 1626
f 1626 1625 1237
f 1237 1625 1702
f 1237 1702 1693
f 1702 1625 1700
f 1700 1625 1624
f 1700 1624 1699
f 1699 1624 1614
f 1699 1614 1613
f 1693 1233 1237
f 1755 2475 1756
f 1756 2475 2476
f 1756 2476 2477
f 2477 2476 2478
f 2477 2478 2479
f 2479 2478 2480
f 2479 2480 2481
f 2481 2480 2482
f 2481 2482 2483
f 2483 2482 2484
f 2483 2484 2485
f 2485 2484 2486
f 2485 2486 2487
f 2487 2486 2488
f 2487 2488 2489
f 2489 2488 1681
f 2489 1681 2490
f 2490 1681 2491
f 2490 2491 2492
f 2492 2491 2493
f 2492 2493 2494
f 2494 2493 2495
f 2494 2495 2496
f 2496 2495 2113
f 2496 2113 2118
f 2475 2497 2476
f 2476 2497 2478
f 2497 2498 2478
f 2478 2498 2480
f 2498 2499 2480
f 2480 2499 2482
f 2499 2500 2482
f 2482 2500 2484
f 2500 2501 2484
f 2484 2501 2486
f 2501 2502 2486
f 2486 2502 2488
f 2502 1680 2488
f 2488 1680 1681
f 1681 1692 2491
f 2491 1692 2503
f 2491 2503 2493
f 2493 2503 2504
f 2493 2504 2495
f 2495 2504 2107
f 2495 2107 2113
f 2503 1692 2505
f 2505 1692 1691
f 2505 1691 2053
f 2505 2053 2504
f 2504 2053 2107
f 2496 2118 2506
f 2506 2118 2122
f 2506 2122 2507
f 2507 2122 2125
f 2507 2125 2508
f 2508 2125 2127
f 2508 2127 1757
f 1757 2127 1751
f 1756 2509 1757
f 1757 2509 2510
f 1757 2510 2508
f 2508 2510 2511
f 2508 2511 2507
f 2507 2511 2512
f 2507 2512 2506
f 2506 2512 2513
f 2506 2513 2496
f 2496 2513 2494
f 1756 2477 2514
f 2514 2477 2479
f 2514 2479 2515
f 2515 2479 2481
f 2515 2481 2516
f 2516 2481 2483
f 2516 2483 2517
f 2517 2483 2485
f 2517 2485 2518
f 2518 2485 2487
f 2518 2487 2519
f 2519 2487 2489
f 2519 2489 2490
f 1756 2514 2509
f 2509 2514 2515
f 2509 2515 2520
f 2520 2515 2516
f 2520 2516 2521
f 2521 2516 2517
f 2521 2517 2522
f 2522 2517 2518
f 2522 2518 2523
f 2523 2518 2519
f 2523 2519 2492
f 2492 2519 2490
f 2523 2492 2494
f 2505 2504 2503
f 2522 2523 2513
f 2513 2523 2494
f 2521 2522 2512
f 2512 2522 2513
f 2520 2521 2511
f 2511 2521 2512
f 2509 2520 2510
f 2510 2520 2511
f 683 674 2276
f 2276 674 2261
f 2261 674 673
f 2261 673 2259
f 2259 673 672
f 2259 672 2257
f 2257 672 670
f 2257 670 2255
f 2255 670 668
f 2255 668 2254
f 2254 668 667
f 2254 667 2252
f 2252 667 666
f 2252 666 2250
f 2250 666 664
f 2250 664 2249
f 2249 664 660
f 2249 660 2277
f 2277 660 656
f 2277 656 2283
f 2283 656 654
f 2283 654 2290
f 2290 654 652
f 2290 652 2292
f 2292 652 650
f 2292 650 2303
f 2303 650 647
f 2303 647 2310
f 2310 647 643
f 2310 643 2312
f 2312 643 640
f 2312 640 2323
f 2323 640 639
f 2323 639 2329
f 2329 639 638
f 2329 638 2330
f 2330 638 636
f 2330 636 2332
f 2332 636 634
f 2332 634 2334
f 2334 634 626
f 2334 626 2335
f 2335 626 625
f 2335 625 2337
f 2337 625 624
f 2337 624 2339
f 2339 624 622
f 2339 622 1346
f 1095 1096 2524
f 2524 1096 1126
f 613 1084 612
f 612 1084 1101
f 612 1101 610
f 610 1101 1103
f 610 1103 608
f 608 1103 2525
f 2525 1103 1105
f 2525 1105 2526
f 2526 1105 1107
f 2526 1107 2527
f 2527 1107 1095
f 2527 1095 2524
f 1321 1313 2135
f 2135 1313 2528
f 2528 1313 2529
f 2529 1313 1311
f 2529 1311 2530
f 2530 1311 1309
f 2530 1309 2531
f 2531 1309 1307
f 2531 1307 637
f 637 1307 635
f 635 1307 1305
f 635 1305 627
f 627 1305 1239
f 627 1239 628
f 1224 1225 1229
f 1229 1225 1226
f 1229 1226 1227
f 1227 1228 1229
f 690 665 1229
f 1229 665 1224
f 1127 1128 1126
f 1126 1128 1129
f 1126 1129 2524
f 2524 1129 1130
f 2524 1130 2527
f 2527 1130 2526
f 2526 1130 2525
f 2525 1130 608
f 608 1130 606
f 2531 2134 2530
f 2530 2134 2529
f 2529 2134 2528
f 2528 2134 2135
f 637 642 2531
f 2531 642 2134
f 1236 1629 1237
f 1237 1629 2474
f 2474 1629 1630
f 2474 1630 1632
f 1632 1633 2474
f 2474 1633 1635
f 2474 1635 1637
f 1637 1638 2474
f 2474 1638 1639
f 2474 1639 1640
f 1640 1636 2474
f 1718 1709 1708
f 795 2532 2265
f 2265 2532 685
f 2265 685 683
f 2276 2263 683
f 683 2263 2265
f 1706 1705 2533
f 2533 1705 2534
f 2533 2534 2535
f 2535 2534 2536
f 2535 2536 2537
f 2537 2536 1612
f 2537 1612 1611
f 2534 1705 2538
f 2538 1705 1704
f 2538 1704 2539
f 2539 1704 1703
f 2539 1703 1613
f 1613 1612 2539
f 2539 1612 2536
f 2539 2536 2534
f 1610 2540 1611
f 1611 2540 2541
f 1611 2541 2537
f 2537 2541 2542
f 2537 2542 2535
f 2535 2542 2543
f 2535 2543 2533
f 1609 2544 1610
f 1610 2544 2545
f 1610 2545 2540
f 2540 2545 2546
f 2540 2546 2547
f 2547 2546 2548
f 2547 2548 2543
f 1606 2549 1609
f 1609 2549 2550
f 1609 2550 2544
f 2544 2550 2551
f 2544 2551 2552
f 2552 2551 2553
f 2552 2553 2548
f 1604 2554 1606
f 1606 2554 2555
f 1606 2555 2549
f 2549 2555 2556
f 2549 2556 2557
f 2557 2556 2558
f 2557 2558 2553
f 2554 1604 2559
f 2559 1604 1623
f 2559 1623 2560
f 2560 1623 1622
f 2560 1622 1670
f 1670 1669 2560
f 2560 1669 2561
f 2560 2561 2559
f 2559 2561 2562
f 2559 2562 2554
f 2554 2562 2563
f 2554 2563 2555
f 2555 2563 2556
f 1669 1667 2561
f 2561 1667 2564
f 2561 2564 2562
f 2562 2564 2565
f 2562 2565 2563
f 2563 2565 2558
f 2563 2558 2556
f 1667 1666 2564
f 2539 2534 2538
f 2553 2551 2557
f 2557 2551 2550
f 2557 2550 2549
f 2547 2543 2542
f 2542 2541 2547
f 2547 2541 2540
f 2552 2548 2546
f 2546 2545 2552
f 2552 2545 2544
f 2566 1708 2567
f 2567 1708 2473
f 2567 2473 2472
f 2567 2472 2568
f 2568 2472 2471
f 2568 2471 2470
f 2568 2470 2569
f 2569 2470 1706
f 2569 1706 2533
f 2543 2570 2533
f 2533 2570 2571
f 2533 2571 2572
f 2572 2571 2573
f 2572 2573 2574
f 2574 2573 2575
f 2574 2575 2576
f 2576 2575 2566
f 2576 2566 2567
f 2548 2577 2543
f 2543 2577 2578
f 2543 2578 2570
f 2570 2578 2579
f 2570 2579 2580
f 2580 2579 2581
f 2580 2581 2582
f 2582 2581 2583
f 2582 2583 2566
f 2553 2584 2548
f 2548 2584 2585
f 2548 2585 2577
f 2577 2585 2586
f 2577 2586 2587
f 2587 2586 2588
f 2587 2588 2589
f 2589 2588 2590
f 2589 2590 2583
f 2558 2591 2553
f 2553 2591 2592
f 2553 2592 2584
f 2584 2592 2593
f 2584 2593 2594
f 2594 2593 2595
f 2594 2595 2596
f 2596 2595 2597
f 2596 2597 2590
f 2565 2598 2558
f 2558 2598 2599
f 2558 2599 2591
f 2591 2599 2600
f 2591 2600 2601
f 2601 2600 2602
f 2601 2602 2603
f 2603 2602 2604
f 2603 2604 2597
f 2598 2565 2605
f 2605 2565 2564
f 2605 2564 2606
f 2606 2564 1666
f 2606 1666 1675
f 2606 1675 2607
f 2607 1675 1677
f 2607 1677 2608
f 2608 1677 1679
f 2608 1679 1680
f 1680 2609 2608
f 2608 2609 2610
f 2608 2610 2611
f 2611 2610 2612
f 2611 2612 2598
f 2598 2612 2599
f 2609 2613 2610
f 2610 2613 2614
f 2610 2614 2612
f 2612 2614 2600
f 2612 2600 2599
f 2613 2604 2614
f 2614 2604 2602
f 2614 2602 2600
f 2569 2533 2572
f 2597 2595 2603
f 2603 2595 2593
f 2603 2593 2601
f 2601 2593 2592
f 2601 2592 2591
f 2576 2567 2568
f 2572 2574 2569
f 2569 2574 2568
f 2574 2576 2568
f 2573 2571 2580
f 2580 2571 2570
f 2575 2573 2582
f 2582 2573 2580
f 2589 2583 2581
f 2566 2575 2582
f 2579 2578 2587
f 2587 2578 2577
f 2581 2579 2589
f 2589 2579 2587
f 2596 2590 2588
f 2586 2585 2594
f 2594 2585 2584
f 2588 2586 2596
f 2596 2586 2594
f 2598 2605 2611
f 2611 2605 2607
f 2611 2607 2608
f 2606 2607 2605
f 1716 2566 1725
f 1725 2566 2583
f 1725 2583 2138
f 2138 2583 2590
f 2138 2590 2137
f 2137 2590 2136
f 2136 2590 2597
f 2136 2597 1342
f 1342 2597 2604
f 1342 2604 1341
f 1341 2604 2615
f 1341 2615 1339
f 1339 2615 1338
f 1338 2615 2616
f 1338 2616 2617
f 2617 2616 2618
f 2617 2618 2619
f 2619 2618 2620
f 2619 2620 2621
f 2621 2620 2501
f 2621 2501 2622
f 2622 2501 2623
f 2622 2623 2624
f 2624 2623 2625
f 2624 2625 2626
f 2626 2625 2627
f 2626 2627 2628
f 2628 2627 2629
f 2628 2629 1329
f 1329 2629 1330
f 1330 2629 2630
f 1330 2630 2631
f 2631 2630 2632
f 2631 2632 2633
f 2633 2632 2634
f 2633 2634 2635
f 2635 2634 2636
f 2635 2636 2637
f 2637 2636 2475
f 2637 2475 1755
f 1718 1708 1716
f 1716 1708 2566
f 2615 2604 2616
f 2616 2604 2613
f 2616 2613 2638
f 2638 2613 2609
f 2638 2609 2639
f 2639 2609 1680
f 2639 1680 2502
f 2501 2620 2502
f 2502 2620 2640
f 2502 2640 2639
f 2639 2640 2638
f 2501 2500 2623
f 2623 2500 2641
f 2623 2641 2625
f 2625 2641 2642
f 2625 2642 2627
f 2627 2642 2643
f 2627 2643 2629
f 2629 2643 2630
f 2500 2499 2641
f 2641 2499 2644
f 2641 2644 2642
f 2642 2644 2645
f 2642 2645 2643
f 2643 2645 2632
f 2643 2632 2630
f 2499 2498 2644
f 2644 2498 2646
f 2644 2646 2645
f 2645 2646 2634
f 2645 2634 2632
f 2498 2497 2646
f 2646 2497 2636
f 2646 2636 2634
f 2497 2475 2636
f 1755 1759 2637
f 2637 1759 2647
f 2637 2647 2635
f 2635 2647 2648
f 2635 2648 2633
f 2633 2648 2649
f 2633 2649 2631
f 2631 2649 2650
f 2631 2650 1330
f 1330 2650 1333
f 1333 2650 2651
f 1333 2651 2652
f 2652 2651 2653
f 2652 2653 2654
f 2654 2653 2655
f 2654 2655 2656
f 2656 2655 1754
f 2656 1754 2657
f 2657 1754 2658
f 2657 2658 1728
f 1728 2658 1734
f 1734 2658 1754
f 1734 1754 1736
f 1759 1758 2647
f 2647 1758 2659
f 2647 2659 2648
f 2648 2659 2660
f 2648 2660 2649
f 2649 2660 2651
f 2649 2651 2650
f 1754 2655 1758
f 1758 2655 2661
f 1758 2661 2659
f 2659 2661 2660
f 2657 1728 2662
f 2662 1728 1334
f 2662 1334 2654
f 2654 1334 2652
f 1334 1333 2652
f 1329 1332 2628
f 2628 1332 2626
f 1331 2663 1332
f 1332 2663 2664
f 1332 2664 2626
f 2626 2664 2624
f 2663 1331 2617
f 2617 1331 1337
f 2617 1337 1338
f 2616 2638 2618
f 2618 2638 2640
f 2618 2640 2620
f 2663 2617 2619
f 2664 2663 2665
f 2665 2663 2619
f 2665 2619 2621
f 2622 2624 2665
f 2665 2624 2664
f 2622 2665 2621
f 2655 2653 2661
f 2661 2653 2660
f 2653 2651 2660
f 2654 2656 2662
f 2662 2656 2657
f 379 396 611
f 611 396 614
f 1 2666 2
f 2 2666 2667
f 2 2667 2668
f 2668 2667 2669
f 2668 2669 4
f 2666 2670 2667
f 2667 2670 2671
f 2667 2671 2672
f 2670 2673 2671
f 2672 2669 2667
f 4 2 2668
f 2674 2675 2676
f 2676 2675 2677
f 2676 2677 2666
f 2666 2677 2670
f 2670 2677 2673
f 2673 2677 2678
f 2678 2677 2679
f 2679 2677 2675
f 2666 1 2676
f 2680 2681 2682
f 2682 2681 340
f 2682 340 339
f 339 351 2682
f 2682 351 2683
f 2682 2683 2684
f 2684 2683 2685
f 2684 2685 2686
f 2686 2685 2687
f 2686 2687 2679
f 2679 2687 2678
f 2679 2675 2686
f 2686 2675 2688
f 2686 2688 2689
f 2675 2674 2688
f 2686 2689 2684
f 2684 2689 2680
f 2684 2680 2682
f 2678 2687 2690
f 2690 2687 2691
f 2691 2687 2685
f 2691 2685 2692
f 2692 2685 2693
f 2693 2685 2694
f 2694 2685 2683
f 2694 2683 2695
f 2695 2683 351
f 2695 351 2696
f 2696 351 429
f 2696 429 2697
f 2697 429 434
f 2697 434 2698
f 2698 434 417
f 2698 417 2699
f 2699 417 416
f 2699 416 2700
f 2700 416 394
f 429 351 428
f 428 351 350
f 428 350 408
f 408 350 349
f 408 349 407
f 407 349 406
f 406 349 373
f 373 349 348
f 373 348 374
f 374 348 333
f 2678 2701 2673
f 2673 2701 2702
f 2673 2702 2671
f 2671 2702 2672
f 2672 2702 2703
f 2672 2703 2669
f 2669 2703 2704
f 2669 2704 4
f 2701 2678 2705
f 2705 2678 2690
f 2705 2690 2706
f 2706 2690 2707
f 2706 2707 2708
f 2708 2707 2709
f 2708 2709 2710
f 2710 2709 2711
f 2710 2711 2712
f 2691 2713 2690
f 2690 2713 2707
f 2713 2709 2707
f 2710 2712 2714
f 2714 2712 2715
f 2714 2715 2716
f 2716 2715 2717
f 2716 2717 2718
f 2718 2717 2702
f 2718 2702 2701
f 2715 2719 2717
f 2717 2719 2703
f 2717 2703 2702
f 2719 2704 2703
f 2718 2701 2720
f 2720 2701 2705
f 2720 2705 2721
f 2721 2705 2706
f 2721 2706 2708
f 2714 2716 2720
f 2720 2716 2718
f 2714 2720 2721
f 2714 2721 2710
f 2710 2721 2708
f 2722 2723 2724
f 2724 2723 2725
f 2724 2725 2726
f 2722 2727 2723
f 2723 2727 2728
f 2723 2728 2725
f 2725 2728 2726
f 2700 2729 2730
f 2730 2729 2731
f 2730 2731 2732
f 2732 2731 2733
f 2732 2733 2734
f 2734 2733 2735
f 2734 2735 2736
f 2736 2735 2722
f 2736 2722 2724
f 2729 2737 2731
f 2731 2737 2738
f 2731 2738 2739
f 2737 2740 2738
f 2731 2739 2733
f 2733 2739 2741
f 2733 2741 2735
f 2735 2741 2727
f 2735 2727 2722
f 2741 2728 2727
f 2700 394 2729
f 2729 394 2742
f 2729 2742 2737
f 2737 2742 2740
f 2740 2742 2743
f 2740 2743 2744
f 2744 2743 394
f 2744 394 391
f 391 383 2744
f 2744 383 2740
f 383 382 2740
f 2742 394 2743
f 2738 2740 2745
f 2745 2740 382
f 2745 382 2746
f 2746 382 384
f 2746 384 607
f 607 384 386
f 607 386 609
f 609 386 2747
f 609 2747 611
f 611 2747 377
f 611 377 379
f 386 388 2747
f 2747 388 377
f 607 605 2746
f 2746 605 2748
f 2746 2748 2745
f 2745 2748 2749
f 2745 2749 2738
f 2738 2749 2739
f 2739 2749 2750
f 2739 2750 2751
f 2751 2750 2752
f 2751 2752 2726
f 2726 2728 2751
f 2751 2728 2741
f 2751 2741 2739
f 2726 2753 2724
f 2724 2753 2754
f 2724 2754 2755
f 2755 2754 2756
f 2726 2757 2753
f 2694 2758 2693
f 2693 2758 2759
f 2693 2759 2692
f 2692 2759 2691
f 2691 2759 2713
f 2713 2759 2760
f 2713 2760 2709
f 2709 2760 2761
f 2709 2761 2762
f 2762 2761 2763
f 2763 2761 2760
f 2763 2760 2758
f 2758 2760 2759
f 2762 2711 2709
f 2699 2700 2764
f 2764 2700 2730
f 2764 2730 2765
f 2765 2730 2732
f 2765 2732 2766
f 2766 2732 2734
f 2766 2734 2736
f 2724 2755 2736
f 2736 2755 2766
f 2766 2755 2767
f 2767 2755 2756
f 2767 2756 2768
f 2767 2768 2769
f 2769 2768 2770
f 2769 2770 2771
f 2771 2770 2698
f 2771 2698 2699
f 2771 2699 2764
f 2771 2764 2765
f 2767 2769 2766
f 2766 2769 2765
f 2769 2771 2765
f 2698 2770 2697
f 2697 2770 2772
f 2697 2772 2696
f 2696 2772 2773
f 2696 2773 2695
f 2695 2773 2774
f 2695 2774 2694
f 2694 2774 2758
f 2758 2774 2775
f 2758 2775 2763
f 2763 2775 2776
f 2763 2776 2777
f 2777 2776 2778
f 2778 2776 2779
f 2778 2779 2780
f 2780 2779 2781
f 2780 2781 2782
f 2782 2781 2773
f 2782 2773 2772
f 2772 2770 2782
f 2782 2770 2768
f 2782 2768 2780
f 2780 2768 2783
f 2780 2783 2778
f 2768 2756 2783
f 2777 2762 2763
f 2781 2779 2775
f 2775 2779 2776
f 2773 2781 2774
f 2774 2781 2775
f 2784 2762 2785
f 2785 2762 2777
f 2785 2777 2778
f 2785 2778 2786
f 2786 2778 2783
f 2786 2783 2756
f 2756 2754 2786
f 2786 2754 2787
f 2786 2787 2785
f 2785 2787 2788
f 2785 2788 2784
f 2784 2788 2789
f 2789 2788 2790
f 2789 2790 2791
f 2754 2753 2787
f 2787 2753 2792
f 2787 2792 2788
f 2788 2792 2790
f 2753 2757 2792
f 2762 2784 2711
f 2711 2784 2793
f 2793 2784 2789
f 2793 2789 2794
f 2794 2789 2795
f 2794 2795 2796
f 2789 2791 2795
f 2796 6 2794
f 4 2704 6
f 6 2704 2719
f 6 2719 2794
f 2794 2719 2715
f 2794 2715 2793
f 2793 2715 2712
f 2793 2712 2711
f 2681 2680 2797
f 2797 2680 2798
f 2798 2680 2689
f 2798 2689 2799
f 2799 2689 2688
f 2799 2688 2800
f 2800 2688 2674
f 2800 2674 2676
f 1 3 2676
f 2676 3 2800
f 3 5 2800
f 2800 5 2801
f 2800 2801 2802
f 2802 2801 2803
f 2802 2803 2804
f 2804 2803 2805
f 2805 2803 2806
f 2805 2806 2807
f 2807 2806 2808
f 2807 2808 2809
f 2809 2808 2810
f 2809 2810 2811
f 2811 2810 2812
f 2812 2810 2813
f 2812 2813 2814
f 2814 2813 2815
f 2814 2815 2816
f 2816 2815 2817
f 2817 2815 2818
f 2817 2818 2819
f 2819 2818 2820
f 2819 2820 2821
f 2821 2820 2822
f 2821 2822 2823
f 2823 2822 2824
f 2823 2824 2825
f 2825 2824 2826
f 2826 2824 2827
f 2826 2827 2828
f 2828 2827 2829
f 2828 2829 2830
f 2830 2829 2831
f 2830 2831 2832
f 2832 2831 2833
f 2832 2833 2834
f 2834 2833 2835
f 2834 2835 2836
f 2836 2835 2837
f 2836 2837 2838
f 2838 2837 2839
f 2838 2839 2840
f 2840 2839 2841
f 2840 2841 2842
f 2842 2841 2843
f 2842 2843 2844
f 2844 2843 2845
f 2845 2843 2846
f 2845 2846 2847
f 2847 2846 2848
f 2847 2848 2849
f 2849 2848 2850
f 2849 2850 2851
f 2851 2850 2852
f 2851 2852 2853
f 2853 2852 2854
f 2853 2854 2855
f 2855 2854 2856
f 2855 2856 18
f 18 2856 17
f 17 2856 2857
f 17 2857 2858
f 2858 2857 2859
f 2858 2859 2860
f 2860 2859 2861
f 2860 2861 2862
f 2862 2861 2863
f 2862 2863 2864
f 2864 2863 2865
f 2864 2865 2866
f 2866 2865 2867
f 2866 2867 2868
f 2868 2867 2831
f 2868 2831 2829
f 5 7 2801
f 2801 7 2869
f 2801 2869 2806
f 2806 2869 2870
f 2806 2870 2810
f 2810 2870 2813
f 7 8 2869
f 2869 8 2871
f 2869 2871 2870
f 2870 2871 2872
f 2870 2872 2813
f 2813 2872 2873
f 2813 2873 2815
f 2815 2873 2874
f 2815 2874 2820
f 2820 2874 2822
f 8 9 2871
f 2871 9 2875
f 2871 2875 2872
f 2872 2875 2876
f 2872 2876 2873
f 2873 2876 2877
f 2873 2877 2874
f 2874 2877 2878
f 2874 2878 2822
f 2822 2878 2879
f 2822 2879 2824
f 2824 2879 2868
f 2824 2868 2829
f 9 11 2875
f 2875 11 12
f 2875 12 2880
f 2880 12 13
f 2880 13 2881
f 2881 13 14
f 2881 14 2882
f 2882 14 15
f 2882 15 2883
f 2883 15 16
f 2883 16 2858
f 2858 16 17
f 18 19 2855
f 2855 19 2884
f 2855 2884 2853
f 2853 2884 2885
f 2853 2885 2851
f 2851 2885 2886
f 2851 2886 2849
f 2849 2886 2887
f 2849 2887 2847
f 2847 2887 2888
f 2847 2888 2845
f 2884 19 2889
f 2889 19 21
f 2889 21 2890
f 2890 21 22
f 2890 22 2891
f 2891 22 24
f 2891 24 2892
f 2891 2892 2893
f 2893 2892 2894
f 2893 2894 2895
f 2895 2894 2887
f 2895 2887 2886
f 2894 2888 2887
f 2844 2896 2842
f 2842 2896 2897
f 2842 2897 2840
f 2840 2897 2898
f 2840 2898 2838
f 2838 2898 2899
f 2838 2899 2836
f 2836 2899 2900
f 2836 2900 2834
f 2834 2900 2901
f 2834 2901 2902
f 2902 2901 2903
f 2903 2901 2900
f 2903 2900 2904
f 2904 2900 2905
f 2904 2905 2906
f 2906 2905 2907
f 2906 2907 2908
f 2908 2907 2909
f 2908 2909 2910
f 2910 2909 2896
f 2896 2909 2897
f 2910 2911 2908
f 2908 2911 2906
f 2912 2830 2902
f 2902 2830 2832
f 2902 2832 2834
f 2912 2828 2830
f 2825 2821 2823
f 2816 2812 2814
f 2804 2799 2802
f 2802 2799 2800
f 2806 2803 2801
f 2810 2808 2806
f 2875 2880 2876
f 2876 2880 2913
f 2876 2913 2877
f 2877 2913 2914
f 2877 2914 2878
f 2878 2914 2915
f 2878 2915 2879
f 2879 2915 2866
f 2879 2866 2868
f 2820 2818 2815
f 2880 2881 2913
f 2913 2881 2916
f 2913 2916 2914
f 2914 2916 2917
f 2914 2917 2915
f 2915 2917 2864
f 2915 2864 2866
f 2881 2882 2916
f 2916 2882 2918
f 2916 2918 2917
f 2917 2918 2862
f 2917 2862 2864
f 2882 2883 2918
f 2918 2883 2860
f 2918 2860 2862
f 2858 2860 2883
f 2829 2827 2824
f 2859 2857 2919
f 2919 2857 2856
f 2919 2856 2854
f 2861 2859 2920
f 2920 2859 2919
f 2920 2919 2921
f 2921 2919 2854
f 2921 2854 2852
f 2863 2861 2922
f 2922 2861 2920
f 2922 2920 2923
f 2923 2920 2921
f 2923 2921 2924
f 2924 2921 2852
f 2924 2852 2850
f 2865 2863 2925
f 2925 2863 2922
f 2925 2922 2926
f 2926 2922 2923
f 2926 2923 2927
f 2927 2923 2924
f 2927 2924 2928
f 2928 2924 2850
f 2928 2850 2848
f 2867 2865 2929
f 2929 2865 2925
f 2929 2925 2930
f 2930 2925 2926
f 2930 2926 2931
f 2931 2926 2927
f 2931 2927 2932
f 2932 2927 2928
f 2932 2928 2933
f 2933 2928 2848
f 2933 2848 2846
f 2831 2867 2833
f 2833 2867 2929
f 2833 2929 2835
f 2835 2929 2930
f 2835 2930 2837
f 2837 2930 2931
f 2837 2931 2839
f 2839 2931 2932
f 2839 2932 2841
f 2841 2932 2933
f 2841 2933 2843
f 2843 2933 2846
f 2905 2900 2899
f 2890 2934 2889
f 2889 2934 2885
f 2889 2885 2884
f 2895 2886 2934
f 2934 2886 2885
f 2891 2893 2890
f 2890 2893 2934
f 2893 2895 2934
f 2905 2899 2907
f 2907 2899 2898
f 2907 2898 2909
f 2909 2898 2897
f 2750 2935 2752
f 2752 2935 2936
f 2752 2936 2937
f 2935 2750 2938
f 2938 2750 2749
f 2938 2749 2939
f 2939 2749 2748
f 2939 2748 2940
f 2940 2941 2939
f 2939 2941 2942
f 2939 2942 2943
f 2943 2942 2944
f 2943 2944 2945
f 2945 2944 2946
f 2945 2946 2947
f 2947 2946 2948
f 2949 2950 2937
f 2937 2950 2951
f 2937 2951 2752
f 2950 2949 2952
f 2952 2949 2953
f 2952 2953 2954
f 2954 2955 2952
f 2950 2956 2951
f 2951 2956 2957
f 2957 2956 2958
f 2958 2956 298
f 2958 298 10
f 10 298 293
f 10 293 20
f 20 293 2959
f 20 2959 2960
f 2960 2959 2961
f 2961 2959 2962
f 2961 2962 2963
f 2963 2962 2964
f 2964 2962 2965
f 2964 2965 2966
f 2966 2965 2967
f 2967 2965 2968
f 2963 2969 2961
f 2961 2969 2970
f 2970 2969 2971
f 2971 2969 2972
f 2971 2972 2973
f 2973 2972 2974
f 2973 2974 2975
f 2975 2974 2976
f 2976 2974 2977
f 2977 2974 2978
f 2977 2978 2979
f 2979 2978 2980
f 2979 2980 2981
f 2974 2982 2978
f 2981 2983 2979
f 2979 2983 2984
f 2984 2983 2985
f 2984 2985 2986
f 2984 2986 2987
f 2987 2986 2988
f 2987 2988 2989
f 2989 2988 2990
f 2989 2990 2991
f 2991 2990 2992
f 2991 2992 2993
f 2993 2992 2994
f 2993 2994 2995
f 2995 2996 2993
f 2993 2996 2997
f 2997 2996 2998
f 2997 2998 2999
f 2999 3000 2997
f 2997 3000 3001
f 3001 3000 3002
f 3001 3002 3003
f 3003 3002 3004
f 3004 3002 3005
f 3005 3002 3006
f 3005 3006 3007
f 3007 3006 3008
f 3007 3008 3009
f 3009 3008 3010
f 3010 3008 3011
f 3010 3011 3012
f 3012 3011 3013
f 3012 3013 3014
f 3014 3013 3015
f 3014 3015 3016
f 3000 3017 3002
f 3016 3018 3014
f 3012 3019 3010
f 3010 3019 3020
f 3020 3019 3021
f 3021 3019 3022
f 3021 3022 3023
f 3023 3022 3024
f 3024 3022 3025
f 3025 3022 3026
f 3026 3022 3027
f 3028 3029 3030
f 3030 3029 3031
f 3030 3031 3032
f 3033 3034 3032
f 3032 3034 3030
f 3035 3036 3034
f 3034 3036 3037
f 3034 3037 3030
f 3030 3037 3028
f 3036 3035 3038
f 3038 3035 3039
f 3038 3039 3040
f 3040 3041 3038
f 3038 3041 3042
f 3038 3042 3036
f 3036 3042 3028
f 3036 3028 3037
f 3043 3033 3044
f 3044 3033 3032
f 3044 3032 3031
f 3029 3045 3031
f 3031 3045 3044
f 3044 3045 3046
f 3046 3045 3047
f 3046 3047 3048
f 3048 3047 3049
f 3048 3049 3050
f 3050 3049 3051
f 3050 3052 3048
f 3048 3052 3053
f 3048 3053 3043
f 3048 3043 3046
f 3046 3043 3044
f 3054 3055 3056
f 3056 3055 3057
f 3056 3057 3058
f 3058 3057 3059
f 3058 3059 3060
f 3055 3061 3057
f 3057 3061 3062
f 3057 3062 3059
f 3060 3063 3058
f 3058 3063 3064
f 3058 3064 3065
f 3065 3064 3066
f 3065 3066 3067
f 3067 3066 3050
f 3067 3050 3051
f 3063 3068 3064
f 3064 3068 3066
f 3053 3052 3068
f 3068 3052 3066
f 3052 3050 3066
f 3065 3069 3058
f 3058 3069 3056
f 3070 3071 3072
f 3072 3071 3073
f 3072 3073 3074
f 3074 3073 3075
f 3074 3075 3076
f 3076 3075 3077
f 3077 3075 3078
f 3078 3075 3079
f 3079 3075 3080
f 3080 3075 3081
f 3080 3081 3082
f 3071 3083 3073
f 3073 3083 3084
f 3073 3084 3085
f 3081 3075 3085
f 3085 3075 3073
f 3084 3083 3054
f 3054 3083 3086
f 3054 3086 3055
f 3055 3086 3061
f 3061 3086 3087
f 3061 3087 3070
f 3070 3087 3088
f 3070 3088 3071
f 3071 3088 3083
f 3083 3088 3087
f 3083 3087 3086
f 3070 3062 3061
f 3054 3056 3089
f 3089 3056 3090
f 3090 3056 3069
f 3090 3069 3091
f 3091 3069 3065
f 3091 3065 3092
f 3092 3065 3067
f 3092 3067 3093
f 3093 3067 3051
f 3093 3051 3094
f 3093 3094 3095
f 3095 3094 3096
f 3095 3096 3097
f 3097 3098 3095
f 3095 3098 3099
f 3095 3099 3100
f 3100 3099 3101
f 3100 3101 3102
f 3102 3101 3103
f 3102 3103 3104
f 3104 3103 3105
f 3104 3105 3090
f 3090 3105 3106
f 3106 3105 3107
f 3106 3107 3108
f 3108 3107 3109
f 3108 3109 3110
f 3110 3109 3111
f 3110 3111 3112
f 3112 3111 3113
f 3112 3113 3114
f 3114 3113 3115
f 3114 3115 3116
f 3116 3115 3117
f 3116 3117 3118
f 3118 3117 3119
f 3118 3119 3120
f 3120 3119 3121
f 3120 3121 3122
f 3122 3121 3123
f 3122 3123 3124
f 3099 3098 3125
f 3125 3098 3126
f 3125 3126 3127
f 3127 3126 3128
f 3127 3128 3129
f 3129 3128 3109
f 3129 3109 3107
f 3126 3130 3128
f 3128 3130 3111
f 3128 3111 3109
f 3130 3113 3111
f 3131 3132 3133
f 3133 3132 3134
f 3133 3134 3135
f 3135 3134 3136
f 3135 3136 3137
f 3137 3136 3120
f 3137 3120 3122
f 3106 3108 3131
f 3131 3108 3138
f 3131 3138 3139
f 3139 3138 3140
f 3139 3140 3141
f 3141 3140 3114
f 3141 3114 3116
f 3122 3124 3137
f 3137 3124 3135
f 3104 3090 3102
f 3102 3090 3091
f 3102 3091 3100
f 3100 3091 3093
f 3100 3093 3095
f 3132 3131 3139
f 3124 3133 3135
f 3091 3092 3093
f 3099 3125 3101
f 3101 3125 3127
f 3101 3127 3103
f 3103 3127 3129
f 3103 3129 3105
f 3105 3129 3107
f 3110 3112 3140
f 3140 3112 3114
f 3108 3110 3138
f 3138 3110 3140
f 3132 3139 3141
f 3141 3116 3142
f 3142 3116 3118
f 3142 3118 3136
f 3136 3118 3120
f 3134 3132 3142
f 3142 3132 3141
f 3134 3142 3136
f 3084 3054 3089
f 3028 3143 3029
f 3029 3143 3144
f 3029 3144 3045
f 3045 3144 3094
f 3045 3094 3047
f 3047 3094 3049
f 3049 3094 3051
f 3143 3028 3145
f 3145 3028 3042
f 3145 3042 3041
f 3041 3040 3145
f 3145 3146 3143
f 3143 3146 3147
f 3143 3147 3148
f 3148 3147 3097
f 3148 3097 3096
f 3148 3096 3144
f 3144 3096 3094
f 3143 3148 3144
f 3081 3085 3089
f 3089 3085 3084
f 926 925 3149
f 3149 925 991
f 3149 991 3150
f 3150 991 989
f 3150 989 987
f 3150 987 3151
f 3151 987 942
f 3151 942 943
f 3151 943 3152
f 3152 943 945
f 3152 945 3153
f 3153 945 985
f 3153 985 905
f 3153 905 3154
f 3154 905 826
f 3154 826 828
f 828 830 3154
f 3154 830 3155
f 3154 3155 3156
f 3156 3155 3157
f 3157 3155 3158
f 3158 3155 3159
f 3158 3159 3160
f 3160 3159 3161
f 3161 3159 3162
f 3161 3162 3163
f 3163 3162 3164
f 3164 3162 3165
f 3165 3162 3166
f 3166 3162 3167
f 3167 3162 3168
f 3167 3168 3169
f 3169 3168 3170
f 3169 3170 3025
f 3025 3170 3024
f 3024 3170 3171
f 3024 3171 3023
f 3023 3171 3172
f 3172 3171 3124
f 3124 3171 3173
f 3124 3173 3133
f 3133 3173 3174
f 3133 3174 3131
f 3131 3174 3106
f 3106 3174 3175
f 3106 3175 3176
f 3176 3175 3177
f 3176 3177 772
f 772 3177 785
f 785 3177 789
f 789 3177 3178
f 789 3178 795
f 795 3178 3179
f 795 3179 2532
f 2532 3179 686
f 2532 686 685
f 830 831 3155
f 3155 831 833
f 3155 833 3159
f 3159 833 835
f 3159 835 886
f 3159 886 3162
f 3162 886 892
f 3162 892 891
f 891 890 3162
f 3162 890 888
f 3162 888 887
f 1380 3180 887
f 887 3180 3168
f 887 3168 3162
f 1380 1379 3180
f 3180 1379 688
f 3180 688 687
f 3180 687 3181
f 3181 687 686
f 3181 686 3179
f 3176 772 3182
f 3182 772 770
f 3182 770 3176
f 3176 770 3183
f 3176 3183 3090
f 3090 3183 3089
f 3089 3183 3081
f 3081 3183 3184
f 3081 3184 3185
f 3185 3184 3186
f 3186 3184 3187
f 3187 3184 3188
f 3188 3184 3149
f 3188 3149 3189
f 3189 3149 3190
f 3190 3149 3150
f 3190 3150 3191
f 3191 3150 3192
f 3192 3150 3151
f 3192 3151 3193
f 3193 3151 3194
f 3194 3151 3152
f 3194 3152 3195
f 3195 3152 3153
f 3195 3153 3196
f 3196 3153 3197
f 3197 3153 3154
f 3197 3154 3198
f 3198 3154 3199
f 3199 3154 3156
f 770 771 3183
f 3183 771 761
f 3183 761 3184
f 3184 761 994
f 3184 994 993
f 993 992 3184
f 3184 992 926
f 3184 926 3149
f 3176 3090 3200
f 3200 3090 3106
f 3200 3106 3176
f 3025 3026 3169
f 3169 3026 3201
f 3169 3201 3202
f 3202 3167 3169
f 3168 3180 3203
f 3203 3180 3181
f 3203 3181 3204
f 3204 3181 3179
f 3204 3179 3205
f 3205 3179 3178
f 3205 3178 3175
f 3175 3178 3177
f 3171 3170 3203
f 3203 3170 3168
f 3171 3203 3204
f 3173 3171 3204
f 3173 3204 3205
f 3174 3173 3205
f 3174 3205 3175
f 3206 3207 3208
f 3208 3207 3209
f 3208 3209 3210
f 3210 3209 3211
f 3210 3211 3212
f 3212 3211 3213
f 3212 3213 3214
f 3214 3213 3215
f 3214 3215 3216
f 3216 3215 3217
f 3216 3217 3218
f 3218 3217 3219
f 3218 3219 3220
f 3220 3219 3221
f 3220 3221 3222
f 3222 3221 3223
f 3222 3223 3224
f 3224 3223 3225
f 3224 3225 3226
f 3226 3225 3227
f 3226 3227 3228
f 3228 3227 3229
f 3228 3229 3230
f 3230 3229 3161
f 3230 3161 3231
f 3231 3161 3232
f 3231 3232 3233
f 3233 3232 3167
f 3207 3234 3209
f 3209 3234 3235
f 3209 3235 3211
f 3211 3235 3236
f 3211 3236 3213
f 3213 3236 3237
f 3213 3237 3215
f 3215 3237 3238
f 3215 3238 3217
f 3217 3238 3239
f 3217 3239 3219
f 3219 3239 3221
f 3234 3240 3235
f 3235 3240 3241
f 3235 3241 3236
f 3236 3241 3242
f 3236 3242 3237
f 3237 3242 3243
f 3237 3243 3238
f 3238 3243 3244
f 3238 3244 3239
f 3239 3244 3245
f 3239 3245 3221
f 3221 3245 3223
f 3241 3240 3246
f 3246 3240 3247
f 3246 3247 3248
f 3248 3247 3249
f 3248 3249 3250
f 3250 3249 3251
f 3250 3251 3252
f 3252 3251 3253
f 3252 3253 3254
f 3254 3253 3255
f 3254 3255 3256
f 3256 3255 3257
f 3256 3257 3227
f 3227 3257 3229
f 3247 3258 3249
f 3249 3258 3199
f 3249 3199 3156
f 3258 3198 3199
f 3156 3157 3249
f 3249 3157 3251
f 3157 3158 3251
f 3251 3158 3253
f 3158 3160 3253
f 3253 3160 3255
f 3255 3160 3257
f 3257 3160 3161
f 3257 3161 3229
f 3161 3163 3232
f 3232 3163 3164
f 3232 3164 3165
f 3165 3166 3232
f 3232 3166 3167
f 3167 3259 3260
f 3260 3259 3218
f 3260 3218 3261
f 3261 3218 3220
f 3261 3220 3222
f 3233 3167 3262
f 3262 3167 3263
f 3263 3167 3264
f 3242 3241 3246
f 3246 3248 3265
f 3265 3248 3250
f 3265 3250 3266
f 3266 3250 3252
f 3266 3252 3267
f 3267 3252 3254
f 3267 3254 3268
f 3268 3254 3256
f 3268 3256 3225
f 3225 3256 3227
f 3243 3242 3265
f 3265 3242 3246
f 3243 3265 3266
f 3244 3243 3266
f 3244 3266 3267
f 3245 3244 3267
f 3245 3267 3268
f 3228 3230 3269
f 3269 3230 3231
f 3269 3231 3233
f 3226 3228 3270
f 3270 3228 3269
f 3270 3269 3262
f 3262 3269 3233
f 3224 3226 3271
f 3271 3226 3270
f 3271 3270 3263
f 3263 3270 3262
f 3222 3224 3272
f 3272 3224 3271
f 3272 3271 3264
f 3264 3271 3263
f 3268 3225 3223
f 3268 3223 3245
f 3272 3264 3260
f 3260 3264 3167
f 3260 3261 3272
f 3272 3261 3222
f 3206 3273 3274
f 3274 3273 3275
f 3274 3275 3276
f 3276 3275 3277
f 3276 3277 3278
f 3278 3277 3279
f 3278 3279 3280
f 3280 3279 3281
f 3280 3281 3282
f 3282 3281 3283
f 3282 3283 3247
f 3247 3283 3258
f 3258 3283 3284
f 3258 3284 3198
f 3198 3284 3197
f 3281 3284 3283
f 3282 3247 3280
f 3280 3247 3240
f 3280 3240 3278
f 3278 3240 3234
f 3278 3234 3276
f 3276 3234 3207
f 3276 3207 3274
f 3274 3207 3206
f 3285 3033 3286
f 3286 3033 3043
f 3286 3043 3287
f 3287 3043 3288
f 3287 3288 3289
f 3289 3288 3053
f 3289 3053 3290
f 3290 3053 3068
f 3290 3068 3063
f 3043 3053 3288
f 3290 3063 3291
f 3291 3063 3060
f 3291 3060 3292
f 3292 3060 3188
f 3292 3188 3189
f 3060 3059 3188
f 3188 3059 3187
f 3187 3059 3062
f 3187 3062 3186
f 3186 3062 3070
f 3186 3070 3185
f 3185 3070 3072
f 3185 3072 3074
f 3074 3076 3185
f 3185 3076 3077
f 3185 3077 3081
f 3081 3077 3078
f 3081 3078 3079
f 3079 3080 3081
f 3081 3080 3082
f 3190 3293 3189
f 3189 3293 3294
f 3189 3294 3292
f 3292 3294 3295
f 3292 3295 3291
f 3291 3295 3289
f 3291 3289 3290
f 3293 3190 3296
f 3296 3190 3191
f 3296 3191 3297
f 3297 3191 3192
f 3297 3192 3298
f 3298 3192 3193
f 3298 3193 3299
f 3299 3193 3194
f 3299 3194 3300
f 3300 3194 3301
f 3300 3301 3302
f 3302 3301 3303
f 3302 3303 3304
f 3304 3303 3305
f 3304 3305 3306
f 3306 3305 3307
f 3306 3307 3308
f 3308 3307 3309
f 3308 3309 3310
f 3310 3309 3273
f 3273 3309 3275
f 3275 3309 3311
f 3275 3311 3277
f 3277 3311 3279
f 3279 3311 3312
f 3279 3312 3281
f 3281 3312 3313
f 3281 3313 3314
f 3314 3313 3315
f 3314 3315 3196
f 3196 3315 3316
f 3196 3316 3317
f 3317 3316 3318
f 3317 3318 3303
f 3303 3318 3305
f 3194 3195 3301
f 3301 3195 3317
f 3301 3317 3303
f 3195 3196 3317
f 3196 3197 3314
f 3314 3197 3284
f 3314 3284 3281
f 3308 3310 3319
f 3319 3310 3320
f 3319 3320 3321
f 3321 3320 3322
f 3321 3322 3323
f 3323 3322 3324
f 3323 3324 3325
f 3325 3324 3326
f 3325 3326 3327
f 3327 3326 3328
f 3327 3328 3298
f 3298 3328 3297
f 3320 3329 3322
f 3322 3329 3330
f 3322 3330 3324
f 3324 3330 3331
f 3324 3331 3326
f 3326 3331 3332
f 3326 3332 3328
f 3328 3332 3333
f 3328 3333 3297
f 3297 3333 3296
f 3329 3334 3330
f 3330 3334 3335
f 3330 3335 3331
f 3331 3335 3336
f 3331 3336 3332
f 3332 3336 3337
f 3332 3337 3333
f 3333 3337 3338
f 3333 3338 3296
f 3296 3338 3293
f 3334 3339 3335
f 3335 3339 3340
f 3335 3340 3336
f 3336 3340 3341
f 3336 3341 3337
f 3337 3341 3342
f 3337 3342 3338
f 3338 3342 3343
f 3338 3343 3293
f 3293 3343 3294
f 3339 3344 3340
f 3340 3344 3345
f 3340 3345 3341
f 3341 3345 3346
f 3341 3346 3342
f 3342 3346 3347
f 3342 3347 3343
f 3343 3347 3295
f 3343 3295 3294
f 3344 3348 3345
f 3345 3348 3349
f 3345 3349 3346
f 3346 3349 3287
f 3346 3287 3347
f 3347 3287 3289
f 3347 3289 3295
f 3348 3285 3349
f 3349 3285 3286
f 3349 3286 3287
f 3298 3299 3327
f 3327 3299 3350
f 3327 3350 3325
f 3325 3350 3351
f 3325 3351 3323
f 3323 3351 3352
f 3323 3352 3321
f 3321 3352 3319
f 3300 3302 3350
f 3350 3302 3351
f 3352 3351 3304
f 3304 3351 3302
f 3299 3300 3350
f 3319 3352 3306
f 3306 3352 3304
f 3318 3316 3353
f 3353 3316 3315
f 3353 3315 3313
f 3305 3318 3354
f 3354 3318 3353
f 3354 3353 3312
f 3312 3353 3313
f 3305 3354 3307
f 3307 3354 3311
f 3307 3311 3309
f 3311 3354 3312
f 3319 3306 3308
f 3208 3355 3206
f 3206 3355 3356
f 3206 3356 3357
f 3357 3356 3358
f 3358 3356 3359
f 3359 3356 3360
f 3359 3360 3361
f 3361 3360 3362
f 3361 3362 3363
f 3363 3362 3214
f 3363 3214 3364
f 3364 3214 3216
f 3364 3216 3365
f 3365 3216 3218
f 3365 3218 3366
f 3366 3218 3259
f 3366 3259 3367
f 3367 3259 3368
f 3368 3259 3167
f 3208 3210 3355
f 3355 3210 3362
f 3355 3362 3360
f 3210 3212 3362
f 3362 3212 3214
f 3366 3367 3369
f 3369 3367 3370
f 3369 3370 3371
f 3371 3370 3372
f 3371 3372 3373
f 3373 3372 3374
f 3373 3374 3375
f 3359 3361 3375
f 3375 3361 3376
f 3375 3376 3373
f 3373 3376 3377
f 3373 3377 3371
f 3371 3377 3369
f 3377 3376 3363
f 3363 3376 3361
f 3360 3356 3355
f 3364 3365 3363
f 3363 3365 3377
f 3366 3369 3365
f 3365 3369 3377
f 3273 3206 3378
f 3378 3206 3379
f 3379 3206 3357
f 3379 3357 3380
f 3380 3357 3358
f 3040 3039 3381
f 3381 3039 3035
f 3381 3035 3034
f 3034 3033 3381
f 3381 3033 3285
f 3381 3285 3382
f 3382 3285 3348
f 3382 3348 3344
f 3382 3344 3383
f 3383 3344 3339
f 3383 3339 3334
f 3334 3329 3383
f 3383 3329 3384
f 3384 3329 3320
f 3384 3320 3310
f 3273 3378 3310
f 3310 3378 3384
f 3385 3386 3387
f 3387 3386 3388
f 3387 3388 3389
f 3389 3388 3390
f 3389 3390 3391
f 3391 3390 3392
f 3391 3392 3393
f 3393 3392 3394
f 3393 3394 3395
f 3395 3394 3396
f 3395 3396 3397
f 3397 3396 3398
f 3397 3398 3399
f 3399 3398 3400
f 3399 3400 3401
f 3401 3400 3402
f 3402 3400 3403
f 3403 3400 3404
f 3403 3404 3405
f 3405 3404 3406
f 3405 3406 3407
f 3407 3406 3408
f 3407 3408 3409
f 3409 3408 3410
f 3409 3410 3411
f 3411 3410 3412
f 3411 3412 3413
f 3413 3412 3392
f 3413 3392 3390
f 3411 3414 3409
f 3409 3414 3415
f 3409 3415 3407
f 3407 3415 3416
f 3407 3416 3405
f 3414 3417 3415
f 3415 3417 3416
f 3401 3418 3399
f 3399 3418 3419
f 3399 3419 3397
f 3397 3419 3420
f 3397 3420 3395
f 3395 3420 3421
f 3395 3421 3393
f 3393 3421 3422
f 3393 3422 3391
f 3391 3422 3389
f 3418 3423 3419
f 3419 3423 3424
f 3419 3424 3420
f 3420 3424 3425
f 3420 3425 3421
f 3421 3425 3426
f 3421 3426 3422
f 3422 3426 3427
f 3422 3427 3389
f 3389 3427 3387
f 3423 3428 3424
f 3424 3428 3429
f 3424 3429 3425
f 3425 3429 3430
f 3425 3430 3426
f 3426 3430 3431
f 3426 3431 3427
f 3427 3431 3432
f 3427 3432 3387
f 3387 3432 3385
f 3428 3433 3429
f 3429 3433 3434
f 3429 3434 3430
f 3430 3434 3435
f 3430 3435 3431
f 3431 3435 3436
f 3431 3436 3432
f 3432 3436 3385
f 3434 3433 3437
f 3437 3433 3438
f 3437 3438 3439
f 3439 3438 3440
f 3439 3440 3385
f 3439 3385 3441
f 3441 3385 3436
f 3437 3439 3441
f 3437 3441 3435
f 3435 3441 3436
f 3434 3437 3435
f 3392 3412 3394
f 3394 3412 3442
f 3394 3442 3396
f 3396 3442 3443
f 3396 3443 3398
f 3398 3443 3404
f 3398 3404 3400
f 3410 3408 3442
f 3442 3408 3443
f 3404 3443 3406
f 3406 3443 3408
f 3412 3410 3442
f 3444 3445 3446
f 3446 3445 3447
f 3446 3447 3448
f 3446 3448 3449
f 3449 3448 3450
f 3449 3450 3451
f 3449 3451 3452
f 3452 3451 3453
f 3452 3453 3454
f 3454 3453 3455
f 3456 3385 3457
f 3457 3385 3440
f 3457 3440 3438
f 3457 3438 3458
f 3458 3438 3433
f 3458 3433 3428
f 3423 3459 3428
f 3428 3459 3460
f 3428 3460 3458
f 3458 3460 3457
f 3423 3418 3459
f 3459 3418 3461
f 3459 3461 3460
f 3460 3461 3462
f 3460 3462 3463
f 3463 3462 3464
f 3463 3464 3465
f 3465 3464 3466
f 3465 3466 3449
f 3449 3466 3446
f 3446 3466 3467
f 3446 3467 3444
f 3418 3401 3461
f 3461 3401 3468
f 3461 3468 3462
f 3462 3468 3469
f 3462 3469 3464
f 3464 3469 3470
f 3464 3470 3466
f 3466 3470 3467
f 3401 3402 3468
f 3449 3452 3465
f 3465 3452 3471
f 3465 3471 3463
f 3463 3471 3457
f 3463 3457 3460
f 3454 3472 3452
f 3452 3472 3471
f 3472 3456 3471
f 3471 3456 3457
f 3473 3417 3474
f 3474 3417 3414
f 3474 3414 3411
f 3413 3475 3411
f 3411 3475 3476
f 3411 3476 3474
f 3475 3413 3477
f 3477 3413 3390
f 3477 3390 3478
f 3478 3390 3479
f 3479 3390 3388
f 3479 3388 3480
f 3480 3388 3386
f 3480 3386 3385
f 3450 3448 3481
f 3481 3448 3482
f 3482 3448 3447
f 3482 3447 3483
f 3483 3447 3445
f 3483 3445 3484
f 3455 3480 3454
f 3454 3480 3472
f 3472 3480 3456
f 3456 3480 3385
f 3480 3455 3485
f 3485 3455 3453
f 3485 3453 3451
f 3450 3481 3451
f 3451 3481 3485
f 2939 2943 3485
f 3485 2943 3479
f 3485 3479 3480
f 3477 3478 2943
f 2943 3478 3479
f 3486 3487 3488
f 3488 3487 3489
f 3488 3489 3490
f 3490 3489 3491
f 3490 3491 3492
f 3492 3491 3493
f 3492 3493 3494
f 3494 3493 3495
f 3494 3495 3496
f 3496 3495 3497
f 3496 3497 3498
f 3498 3497 3499
f 3498 3499 3500
f 3500 3499 3501
f 3500 3501 3502
f 3502 3501 3503
f 3503 3501 3504
f 3504 3501 3505
f 3504 3505 3506
f 3506 3505 3507
f 3506 3507 3508
f 3508 3507 3509
f 3508 3509 3510
f 3510 3509 3511
f 3510 3511 3512
f 3512 3511 3513
f 3512 3513 3514
f 3514 3513 3493
f 3514 3493 3491
f 3512 3515 3510
f 3510 3515 3516
f 3510 3516 3508
f 3508 3516 3517
f 3508 3517 3506
f 3515 3518 3516
f 3516 3518 3517
f 3502 3519 3500
f 3500 3519 3520
f 3500 3520 3498
f 3498 3520 3521
f 3498 3521 3496
f 3496 3521 3522
f 3496 3522 3494
f 3494 3522 3523
f 3494 3523 3492
f 3492 3523 3490
f 3519 3524 3520
f 3520 3524 3525
f 3520 3525 3521
f 3521 3525 3526
f 3521 3526 3522
f 3522 3526 3527
f 3522 3527 3523
f 3523 3527 3528
f 3523 3528 3490
f 3490 3528 3488
f 3524 3529 3525
f 3525 3529 3530
f 3525 3530 3526
f 3526 3530 3531
f 3526 3531 3527
f 3527 3531 3532
f 3527 3532 3528
f 3528 3532 3533
f 3528 3533 3488
f 3488 3533 3486
f 3529 3534 3530
f 3530 3534 3535
f 3530 3535 3531
f 3531 3535 3536
f 3531 3536 3532
f 3532 3536 3537
f 3532 3537 3533
f 3533 3537 3486
f 3534 3538 3535
f 3535 3538 3539
f 3535 3539 3536
f 3536 3539 3540
f 3536 3540 3537
f 3537 3540 3486
f 3539 3538 3541
f 3541 3538 3486
f 3541 3486 3540
f 3539 3541 3540
f 3493 3513 3495
f 3495 3513 3542
f 3495 3542 3497
f 3497 3542 3543
f 3497 3543 3499
f 3499 3543 3505
f 3499 3505 3501
f 3511 3509 3542
f 3542 3509 3543
f 3505 3543 3507
f 3507 3543 3509
f 3513 3511 3542
f 3544 3486 3545
f 3545 3486 3538
f 3545 3538 3546
f 3546 3538 3534
f 3546 3534 3547
f 3547 3534 3548
f 3547 3548 3549
f 3549 3548 3524
f 3549 3524 3519
f 3534 3529 3548
f 3548 3529 3524
f 3519 3502 3549
f 3549 3502 3550
f 3549 3550 3551
f 3551 3550 3552
f 3551 3552 3553
f 3553 3552 3554
f 3553 3554 3555
f 3555 3554 3556
f 3555 3556 3557
f 3557 3556 3558
f 3502 3503 3550
f 3557 3559 3555
f 3555 3559 3560
f 3555 3560 3553
f 3553 3560 3561
f 3553 3561 3551
f 3551 3561 3547
f 3551 3547 3549
f 3559 3562 3560
f 3560 3562 3563
f 3560 3563 3561
f 3561 3563 3545
f 3561 3545 3547
f 3547 3545 3546
f 3564 3565 3562
f 3562 3565 3563
f 3565 3544 3563
f 3563 3544 3545
f 3566 3567 3558
f 3558 3567 3557
f 3557 3567 3568
f 3557 3568 3559
f 3559 3568 3569
f 3559 3569 3562
f 3562 3569 3570
f 3562 3570 3564
f 3571 3518 3572
f 3572 3518 3515
f 3572 3515 3512
f 3514 3573 3512
f 3512 3573 3574
f 3512 3574 3572
f 3573 3514 3575
f 3575 3514 3491
f 3575 3491 3576
f 3576 3491 3577
f 3577 3491 3489
f 3577 3489 3578
f 3578 3489 3487
f 3578 3487 3486
f 3579 3558 3580
f 3580 3558 3556
f 3580 3556 3581
f 3581 3556 3554
f 3581 3554 3582
f 3582 3554 3552
f 3582 3552 3002
f 3002 3552 3006
f 3006 3552 3550
f 3006 3550 3008
f 3008 3550 3503
f 3008 3503 3011
f 3566 3558 3583
f 3583 3558 3579
f 3578 3570 3584
f 3584 3570 3569
f 3584 3569 3568
f 3584 3568 3583
f 3583 3568 3567
f 3583 3567 3566
f 3584 3017 3578
f 3578 3017 3577
f 3577 3017 3576
f 3576 3017 3575
f 3575 3017 3585
f 3585 3017 3586
f 3586 3017 3587
f 3587 3017 3588
f 3587 3588 3589
f 3589 3588 3590
f 3590 3588 3591
f 3591 3588 3592
f 3017 3000 3588
f 3570 3578 3564
f 3564 3578 3565
f 3565 3578 3544
f 3544 3578 3486
f 3593 3594 3595
f 3595 3594 3596
f 3595 3596 3597
f 3597 3596 3598
f 3597 3598 3599
f 3599 3598 3600
f 3599 3600 3601
f 3601 3600 3602
f 3601 3602 3603
f 3603 3602 3604
f 3603 3604 3605
f 3605 3604 3606
f 3605 3606 3607
f 3593 3608 3594
f 3594 3608 3609
f 3594 3609 3610
f 3610 3609 3611
f 3610 3611 3612
f 3612 3611 3613
f 3612 3613 3614
f 3614 3613 3615
f 3614 3615 3616
f 3616 3615 3617
f 3616 3617 3618
f 3618 3617 3619
f 3619 3617 3620
f 3619 3620 3621
f 3621 3620 3622
f 3621 3622 3623
f 3623 3622 3624
f 3623 3624 3625
f 3625 3624 3626
f 3625 3626 3627
f 3627 3626 3628
f 3627 3628 3629
f 3629 3628 3630
f 3629 3630 3631
f 3608 3632 3609
f 3609 3632 3628
f 3609 3628 3626
f 3632 3630 3628
f 3629 3631 3633
f 3633 3631 3634
f 3633 3634 3635
f 3633 3635 3636
f 3636 3635 3637
f 3636 3637 3638
f 3638 3637 3639
f 3638 3639 3625
f 3625 3639 3623
f 3637 3640 3639
f 3639 3640 3641
f 3639 3641 3623
f 3623 3641 3621
f 3640 3642 3641
f 3641 3642 3643
f 3641 3643 3621
f 3621 3643 3619
f 3618 3644 3616
f 3616 3644 3604
f 3616 3604 3602
f 3644 3606 3604
f 3607 3645 3605
f 3605 3645 3603
f 3603 3645 3601
f 3601 3645 3599
f 3599 3645 3597
f 3645 3595 3597
f 3598 3596 3610
f 3610 3596 3594
f 3600 3598 3612
f 3612 3598 3610
f 3602 3600 3614
f 3614 3600 3612
f 3614 3616 3602
f 3609 3626 3611
f 3611 3626 3624
f 3611 3624 3613
f 3613 3624 3622
f 3613 3622 3615
f 3615 3622 3620
f 3615 3620 3617
f 3638 3625 3627
f 3633 3636 3629
f 3629 3636 3627
f 3636 3638 3627
f 3645 3607 3646
f 3646 3607 3606
f 3646 3606 3647
f 3647 3606 3644
f 3647 3644 3648
f 3648 3644 3649
f 3649 3644 3618
f 3649 3618 3650
f 3650 3618 3619
f 3650 3619 3651
f 3651 3619 3643
f 3651 3643 3652
f 3652 3643 3653
f 3653 3643 3642
f 3634 3631 3654
f 3654 3631 3655
f 3654 3655 3656
f 3656 3655 3657
f 3656 3657 3658
f 3658 3657 3659
f 3658 3659 3660
f 3660 3659 3661
f 3660 3661 3662
f 3662 3661 3663
f 3663 3661 3664
f 3663 3664 3665
f 3665 3664 3666
f 3665 3666 3667
f 3667 3666 3668
f 3667 3668 3669
f 3631 3630 3655
f 3655 3630 3632
f 3655 3632 3670
f 3670 3632 3608
f 3670 3608 3593
f 3595 3671 3593
f 3593 3671 3672
f 3593 3672 3670
f 3670 3672 3657
f 3670 3657 3655
f 3671 3595 3673
f 3673 3595 3645
f 3673 3645 3674
f 3673 3674 3666
f 3666 3674 3668
f 3659 3657 3672
f 3672 3671 3675
f 3675 3671 3673
f 3675 3673 3664
f 3664 3673 3666
f 3661 3659 3675
f 3675 3659 3672
f 3661 3675 3664
f 3669 3676 3667
f 3667 3676 3677
f 3667 3677 3665
f 3665 3677 3678
f 3665 3678 3663
f 3663 3678 3679
f 3663 3679 3662
f 3662 3679 3680
f 2968 3642 3681
f 3681 3642 3640
f 3681 3640 3682
f 3682 3640 3637
f 3682 3637 3683
f 3683 3637 3635
f 3683 3635 3634
f 3634 2963 3683
f 3683 2963 2964
f 3683 2964 3682
f 3682 2964 2966
f 3682 2966 3681
f 3681 2966 2967
f 3681 2967 2968
f 3642 2968 3653
f 3653 2968 3684
f 3653 3684 3685
f 2965 3686 2968
f 2968 3686 3687
f 2968 3687 3688
f 3688 3684 2968
f 3685 3689 3653
f 3650 3690 3649
f 3649 3690 3691
f 3649 3691 3692
f 3692 3691 3693
f 3693 3691 3694
f 3693 3694 3695
f 3695 3694 3696
f 3696 3694 3689
f 3689 3694 3697
f 3689 3697 3652
f 3652 3697 3651
f 3651 3697 3690
f 3651 3690 3650
f 3652 3653 3689
f 3692 3698 3649
f 3694 3691 3690
f 3697 3694 3690
f 6 2796 10
f 10 2796 2795
f 10 2795 2958
f 2958 2795 3699
f 2958 3699 2957
f 2957 3699 3700
f 2957 3700 2951
f 2951 3700 2792
f 2951 2792 2757
f 2795 2791 3699
f 3699 2791 2790
f 3699 2790 3700
f 3700 2790 2792
f 3701 3702 3703
f 3703 3702 3704
f 3703 3704 3705
f 3705 3704 3706
f 3705 3706 3707
f 3707 3706 3708
f 3707 3708 3709
f 3709 3708 3710
f 3708 3702 3710
f 3710 3702 3711
f 3710 3711 3712
f 3708 3706 3702
f 3702 3706 3704
f 3713 3714 3702
f 3702 3714 3715
f 3702 3715 3716
f 3716 3717 3702
f 3702 3717 3718
f 3702 3718 3719
f 3719 3720 3702
f 3702 3720 3721
f 3702 3721 316
f 313 3711 316
f 316 3711 3702
f 3710 3712 3709
f 3709 3712 3722
f 3202 3201 3723
f 3723 3201 3724
f 3723 3724 3725
f 3725 3724 3726
f 3725 3726 3727
f 3727 3726 3728
f 3727 3728 3729
f 3729 3728 3730
f 3729 3730 3731
f 3731 3730 3732
f 3731 3732 3733
f 3733 3732 3734
f 3733 3734 3735
f 3735 3734 3736
f 3735 3736 3737
f 3737 3736 3738
f 3737 3738 3739
f 3201 3740 3724
f 3724 3740 3741
f 3724 3741 3742
f 3742 3741 3743
f 3742 3743 3744
f 3744 3743 3745
f 3742 3746 3724
f 3724 3746 3726
f 3746 3728 3726
f 3730 3747 3732
f 3732 3747 3748
f 3732 3748 3734
f 3734 3748 3749
f 3734 3749 3736
f 3736 3749 3738
f 3747 3750 3748
f 3748 3750 3751
f 3748 3751 3749
f 3749 3751 3752
f 3749 3752 3738
f 3753 3754 3750
f 3750 3754 3751
f 3754 3752 3751
f 3739 3755 3737
f 3737 3755 3756
f 3737 3756 3757
f 3757 3756 3758
f 3757 3758 3759
f 3759 3758 3760
f 3759 3760 3761
f 3761 3760 3723
f 3761 3723 3725
f 3733 3762 3763
f 3763 3762 3761
f 3763 3761 3725
f 3757 3759 3762
f 3762 3759 3761
f 3757 3762 3735
f 3735 3762 3733
f 3731 3733 3764
f 3764 3733 3763
f 3764 3763 3727
f 3727 3763 3725
f 3729 3731 3764
f 3729 3764 3727
f 3737 3757 3735
f 3754 3753 3765
f 3765 3753 3766
f 3765 3766 3767
f 3767 3766 3768
f 3767 3768 3769
f 3769 3768 3770
f 3769 3770 3771
f 3771 3770 3772
f 3771 3772 3773
f 3773 3772 3774
f 3773 3774 3775
f 3766 3776 3768
f 3775 3777 3773
f 3773 3777 3778
f 3773 3778 3779
f 3779 3778 3738
f 3779 3738 3780
f 3780 3738 3752
f 3780 3752 3781
f 3781 3752 3754
f 3781 3754 3765
f 3778 3739 3738
f 3771 3773 3779
f 3781 3765 3767
f 3771 3779 3780
f 3767 3769 3781
f 3781 3769 3780
f 3769 3771 3780
f 3782 3783 3784
f 3784 3783 3776
f 3776 3783 3768
f 3768 3783 3785
f 3768 3785 3786
f 3786 3785 3787
f 3786 3787 3788
f 3788 3787 3789
f 3788 3789 3790
f 3790 3789 3791
f 3790 3791 3792
f 3792 3791 3793
f 3792 3793 3794
f 3794 3793 3795
f 3794 3795 3796
f 3796 3795 3797
f 3796 3797 3798
f 3798 3797 3799
f 3799 3797 3800
f 3800 3797 3801
f 3800 3801 3802
f 3802 3801 3803
f 3802 3803 3804
f 3804 3803 3805
f 3804 3805 3806
f 3806 3805 3807
f 3806 3807 3808
f 3808 3807 3787
f 3808 3787 3785
f 3783 3809 3785
f 3785 3809 3808
f 3806 3810 3804
f 3804 3810 3811
f 3804 3811 3802
f 3794 3812 3792
f 3792 3812 3813
f 3792 3813 3790
f 3790 3813 3772
f 3790 3772 3814
f 3814 3772 3770
f 3814 3770 3788
f 3788 3770 3786
f 3812 3774 3813
f 3813 3774 3772
f 3770 3768 3786
f 3790 3814 3788
f 3789 3787 3807
f 3789 3807 3815
f 3815 3807 3805
f 3815 3805 3803
f 3795 3793 3791
f 3791 3789 3816
f 3816 3789 3815
f 3816 3815 3801
f 3801 3815 3803
f 3801 3797 3816
f 3816 3797 3795
f 3816 3795 3791
f 3817 3818 3819
f 3819 3818 3820
f 3819 3820 3798
f 3798 3799 3819
f 3819 3799 3800
f 3819 3800 3821
f 3821 3800 3802
f 3821 3802 3811
f 3810 3822 3811
f 3811 3822 3823
f 3811 3823 3821
f 3821 3823 3817
f 3821 3817 3819
f 3810 3824 3822
f 3822 3824 3825
f 3822 3825 3826
f 3826 3827 3822
f 3822 3827 3828
f 3822 3828 3829
f 3829 3828 3830
f 3829 3831 3822
f 3822 3831 3823
f 3831 3817 3823
f 3832 3833 3834
f 3834 3833 3835
f 3834 3835 3836
f 3836 3835 3837
f 3836 3837 3838
f 3838 3837 3839
f 3838 3839 3817
f 3817 3839 3840
f 3817 3840 3818
f 3835 3841 3837
f 3837 3841 3842
f 3837 3842 3839
f 3839 3842 3840
f 3841 3843 3842
f 3842 3843 3844
f 3842 3844 3845
f 3845 3840 3842
f 3817 3831 3838
f 3838 3831 3846
f 3838 3846 3836
f 3836 3846 3834
f 3831 3829 3846
f 3846 3829 3847
f 3846 3847 3834
f 3834 3847 3832
f 3830 3832 3829
f 3829 3832 3847
f 3719 3718 3848
f 3848 3718 3849
f 3848 3849 3850
f 3850 3849 3851
f 3850 3851 3852
f 3852 3851 3853
f 3852 3853 3854
f 3854 3853 3855
f 3854 3855 3856
f 3856 3855 3857
f 3856 3857 3858
f 3849 3718 3859
f 3859 3718 3717
f 3859 3717 3716
f 3859 3716 3860
f 3860 3716 3861
f 3860 3861 3855
f 3855 3861 3857
f 3856 3858 3862
f 3862 3858 3863
f 3862 3863 3864
f 3864 3863 3865
f 3864 3865 3866
f 3866 3865 3867
f 3866 3867 3868
f 3868 3867 3869
f 3868 3869 3870
f 3870 3869 3871
f 3870 3871 3872
f 3872 3871 3873
f 3873 3871 3874
f 3873 3874 3875
f 3875 3874 3876
f 3875 3876 3877
f 3877 3876 3878
f 3877 3878 3879
f 3879 3878 3880
f 3879 3880 3881
f 3881 3880 3882
f 3881 3882 3883
f 3883 3882 3884
f 3883 3884 3885
f 3885 3884 3886
f 3885 3886 3835
f 3835 3886 3841
f 3841 3886 3887
f 3841 3887 3843
f 3843 3887 3888
f 3888 3887 3889
f 3888 3889 3890
f 3890 3889 3891
f 3891 3889 3892
f 3891 3892 3893
f 3893 3892 3894
f 3894 3892 3895
f 3894 3895 3896
f 3896 3895 3897
f 3896 3897 3898
f 3898 3897 3899
f 3898 3899 3900
f 3900 3899 3901
f 3900 3901 3902
f 3902 3901 3867
f 3902 3867 3865
f 3833 3903 3835
f 3835 3903 3885
f 3903 3904 3885
f 3885 3904 3883
f 3904 3905 3883
f 3883 3905 3881
f 3905 3906 3881
f 3881 3906 3907
f 3881 3907 3879
f 3879 3907 3908
f 3879 3908 3877
f 3877 3908 3909
f 3877 3909 3875
f 3870 3872 3910
f 3910 3872 3911
f 3910 3911 3912
f 3912 3911 3913
f 3912 3913 3852
f 3852 3913 3850
f 3851 3849 3859
f 3855 3853 3860
f 3860 3853 3859
f 3853 3851 3859
f 3854 3856 3862
f 3852 3854 3914
f 3914 3854 3862
f 3914 3862 3915
f 3915 3862 3864
f 3915 3864 3866
f 3910 3912 3914
f 3914 3912 3852
f 3910 3914 3915
f 3866 3868 3915
f 3915 3868 3910
f 3910 3868 3870
f 3874 3871 3869
f 3869 3867 3916
f 3916 3867 3901
f 3916 3901 3899
f 3869 3916 3874
f 3874 3916 3917
f 3874 3917 3876
f 3876 3917 3878
f 3917 3916 3899
f 3899 3897 3917
f 3917 3897 3878
f 3878 3897 3880
f 3880 3897 3895
f 3880 3895 3882
f 3882 3895 3892
f 3882 3892 3884
f 3884 3892 3889
f 3884 3889 3886
f 3886 3889 3887
f 3918 3919 3747
f 3747 3919 3920
f 3747 3920 3921
f 3921 3920 3922
f 3921 3922 3923
f 3923 3922 3924
f 3923 3924 3925
f 3925 3924 3926
f 3925 3926 3927
f 3927 3926 3928
f 3928 3926 3929
f 3928 3929 3930
f 3918 3931 3919
f 3919 3931 3932
f 3919 3932 3933
f 3933 3932 3934
f 3933 3934 3935
f 3935 3934 3936
f 3935 3936 3937
f 3937 3936 3938
f 3937 3938 3939
f 3939 3938 3940
f 3939 3940 3941
f 3941 3940 3942
f 3942 3940 3943
f 3942 3943 3944
f 3944 3943 3945
f 3945 3943 3946
f 3945 3946 3947
f 3931 3948 3932
f 3932 3948 3934
f 3934 3948 3949
f 3949 3948 3950
f 3949 3950 3951
f 3949 3951 3952
f 3952 3951 3953
f 3952 3953 3954
f 3954 3953 3955
f 3954 3955 3940
f 3940 3955 3943
f 3953 3946 3955
f 3955 3946 3943
f 3941 3956 3939
f 3939 3956 3937
f 3937 3956 3957
f 3957 3956 3958
f 3957 3958 3959
f 3959 3958 3960
f 3959 3960 3961
f 3961 3960 3962
f 3961 3962 3920
f 3920 3962 3922
f 3958 3963 3960
f 3960 3963 3964
f 3960 3964 3962
f 3962 3964 3924
f 3962 3924 3922
f 3963 3965 3964
f 3964 3965 3966
f 3964 3966 3926
f 3926 3966 3967
f 3926 3967 3968
f 3968 3929 3926
f 3930 3585 3928
f 3928 3585 3969
f 3969 3585 3586
f 3969 3586 3970
f 3970 3586 3587
f 3970 3587 3971
f 3971 3587 3589
f 3971 3589 3590
f 3971 3590 3972
f 3972 3590 3591
f 3972 3591 3973
f 3973 3591 3974
f 3974 3591 3975
f 3975 3591 3976
f 3976 3591 3977
f 3977 3591 3978
f 3978 3591 3979
f 3979 3591 3980
f 3979 3980 3981
f 3979 3981 3982
f 3982 3981 3983
f 3982 3983 3984
f 3982 3984 3985
f 3985 3984 3986
f 3985 3986 3987
f 3987 3986 3988
f 3987 3988 3989
f 3989 3990 3987
f 3987 3990 3991
f 3925 3927 3992
f 3992 3927 3993
f 3992 3993 3994
f 3994 3993 3995
f 3994 3995 3996
f 3996 3997 3994
f 3994 3997 3998
f 3994 3998 3999
f 3999 3998 3753
f 3999 3753 3750
f 3999 3750 3921
f 3921 3750 3747
f 3961 3920 3919
f 3961 3919 3933
f 3999 3921 3923
f 3994 3999 3992
f 3992 3999 3923
f 3992 3923 3925
f 3936 3934 3949
f 3959 3961 3933
f 3959 3933 3935
f 3926 3924 3964
f 3954 3938 3952
f 3952 3938 3936
f 3952 3936 3949
f 3938 3954 3940
f 3959 3935 3957
f 3957 3935 3937
f 3753 3998 3766
f 3766 3998 3997
f 3766 3997 3996
f 3995 4000 3996
f 3996 4000 3766
f 4000 4001 3766
f 3766 4001 3782
f 3766 3782 3776
f 3776 3782 3784
f 3809 4002 3808
f 3808 4002 4003
f 3808 4003 4004
f 4004 4003 4005
f 4004 4005 4006
f 4002 3809 4007
f 4007 3809 3783
f 4007 3783 3782
f 3782 4001 4007
f 4007 4001 4000
f 4007 4000 4008
f 4008 4000 4009
f 4009 4000 3995
f 4007 4008 4010
f 4010 4008 4011
f 4010 4011 4005
f 4005 4011 4012
f 4004 4006 3806
f 3806 4006 3827
f 3806 3827 3810
f 3810 3827 3826
f 3810 3826 3825
f 3825 3824 3810
f 3806 3808 4004
f 4007 4010 4002
f 4002 4010 4003
f 4010 4005 4003
f 4013 3830 4014
f 4014 3830 3828
f 4014 3828 4015
f 4015 3828 3827
f 4015 3827 4016
f 4016 3827 4006
f 4016 4006 4017
f 4017 4006 4005
f 4017 4005 4018
f 4018 4005 4012
f 4018 4012 4019
f 4018 4019 4020
f 4020 4019 4021
f 4020 4021 4022
f 4022 4021 4023
f 4022 4023 4024
f 4024 4025 4022
f 4022 4025 4026
f 4022 4026 4027
f 4027 4026 4028
f 4027 4028 4016
f 4016 4028 4015
f 4026 4025 4029
f 4029 4025 4030
f 4029 4030 4031
f 4031 4030 4032
f 4031 4032 4033
f 4033 4034 4031
f 4031 4034 4013
f 4031 4013 4014
f 4029 4031 4014
f 4029 4014 4028
f 4028 4014 4015
f 4026 4029 4028
f 4016 4017 4027
f 4027 4017 4020
f 4027 4020 4022
f 4018 4020 4017
f 3747 3730 3918
f 3918 3730 3931
f 3931 3730 3728
f 3931 3728 3948
f 3948 3728 3950
f 3950 3728 3951
f 3951 3728 3746
f 3951 3746 3742
f 3951 3742 3026
f 3026 3742 3744
f 3026 3744 3745
f 3745 3743 3026
f 3026 3743 3741
f 3026 3741 3740
f 3740 3201 3026
f 3026 3027 3951
f 3167 3202 3368
f 3368 3202 3723
f 3368 3723 3760
f 3760 3758 3368
f 3368 3758 3756
f 3368 3756 3367
f 3367 3756 3755
f 3367 3755 3739
f 3739 3778 3367
f 3367 3778 3370
f 3370 3778 3777
f 3370 3777 3775
f 3775 3774 3370
f 3370 3774 3812
f 3370 3812 3794
f 3370 3794 3372
f 3372 3794 3796
f 3372 3796 3374
f 3374 3796 3798
f 3374 3798 4035
f 4035 3798 3820
f 4035 3820 3818
f 4035 3818 4036
f 4036 3818 3840
f 4036 3840 3845
f 4036 3845 4037
f 4037 3845 3844
f 4037 3844 3843
f 4037 3843 4038
f 4038 3843 3888
f 4038 3888 4039
f 4039 3888 3890
f 4039 3890 4040
f 4040 3890 3891
f 4040 3891 4041
f 4041 3891 3893
f 4041 3893 4042
f 4042 3893 3894
f 4042 3894 4043
f 4043 3894 3896
f 4043 3896 4044
f 4044 3896 4045
f 4045 3896 3898
f 4045 3898 4046
f 4046 3898 3900
f 4046 3900 4047
f 4047 3900 3902
f 4047 3902 4048
f 4048 3902 3865
f 4048 3865 4049
f 4049 3865 3863
f 4049 3863 4050
f 4050 3863 3858
f 4050 3858 4051
f 4051 3858 3857
f 4051 3857 4052
f 4052 3857 3861
f 4052 3861 4053
f 4053 3861 3713
f 4053 3713 4054
f 4054 3713 4055
f 4054 4055 4056
f 4056 4055 4057
f 4056 4057 1917
f 1917 4057 2140
f 1917 2140 1918
f 1918 2140 2043
f 1918 2043 1914
f 1914 2043 1377
f 1914 1377 1915
f 1915 1377 1506
f 1915 1506 1919
f 1919 1506 1567
f 1919 1567 1926
f 1926 1567 1565
f 1926 1565 1928
f 1928 1565 1563
f 1928 1563 1937
f 1937 1563 1559
f 1937 1559 1941
f 1941 1559 1556
f 1941 1556 1944
f 1944 1556 1525
f 1944 1525 1844
f 1844 1525 1526
f 1844 1526 1842
f 1842 1526 1528
f 1842 1528 1841
f 1841 1528 1839
f 1839 1528 1530
f 1839 1530 1837
f 1837 1530 1532
f 1837 1532 1836
f 1836 1532 1533
f 1836 1533 1945
f 1945 1533 1535
f 1945 1535 1951
f 1951 1535 1536
f 1951 1536 1952
f 1952 1536 1490
f 1952 1490 1958
f 1958 1490 1492
f 1958 1492 1494
f 3716 3715 3861
f 3861 3715 3714
f 3861 3714 3713
f 2140 4057 2141
f 2141 4057 4058
f 2141 4058 2047
f 2047 4058 4059
f 2047 4059 2048
f 2048 4059 4060
f 2048 4060 2049
f 1377 1376 1506
f 1506 1376 1375
f 1506 1375 1374
f 1958 1494 1960
f 1960 1494 1496
f 1960 1496 1478
f 1960 1478 2031
f 2031 1478 1476
f 2031 1476 1455
f 2031 1455 1020
f 1020 1455 1453
f 1020 1453 1021
f 1021 1453 1451
f 1021 1451 1461
f 1021 1461 1022
f 1022 1461 1432
f 1022 1432 1433
f 1433 1434 1022
f 1022 1434 1436
f 1022 1436 1413
f 1022 1413 1001
f 1001 1413 1411
f 1001 1411 1408
f 1001 1408 1000
f 1000 1408 1405
f 1000 1405 1406
f 1406 1388 1000
f 1000 1388 1380
f 1000 1380 887
f 3947 3946 3022
f 3022 3946 3027
f 3027 3946 3953
f 3027 3953 3951
f 4061 4062 4063
f 4063 4062 4064
f 4063 4064 2995
f 2995 4064 2996
f 2996 4064 4065
f 2996 4065 2998
f 2998 4065 4066
f 2998 4066 2999
f 2999 4066 3000
f 3000 4066 4067
f 3000 4067 3588
f 3588 4067 4068
f 4068 4067 4069
f 4068 4069 4070
f 4070 4069 4062
f 4070 4062 4061
f 4064 4062 4069
f 4066 4065 4067
f 4067 4065 4069
f 4065 4064 4069
f 4063 2995 3973
f 3973 2995 2994
f 3973 2994 4071
f 4071 2994 2992
f 4071 2992 4072
f 4072 2992 4073
f 4073 2992 2990
f 4073 2990 4074
f 4074 2990 2988
f 4074 2988 4075
f 4075 2988 2986
f 4075 2986 4076
f 4076 2986 2985
f 4076 2985 4077
f 3944 4078 3942
f 3942 4078 4079
f 3942 4079 3014
f 3014 4079 4080
f 3014 4080 3012
f 3012 4080 3019
f 3019 4080 4081
f 3019 4081 3022
f 3022 4081 4082
f 3022 4082 3945
f 3945 4082 4083
f 3945 4083 3944
f 3944 4083 4078
f 3945 3947 3022
f 4081 4080 4079
f 4083 4082 4078
f 4078 4082 4079
f 4082 4081 4079
f 4084 4085 4086
f 4086 4085 4087
f 4086 4087 4088
f 4088 4087 4089
f 4088 4089 4090
f 4090 4089 4091
f 4090 4091 4092
f 4092 4091 4093
f 4092 4093 4094
f 4094 4093 4077
f 4094 4077 4095
f 4095 4077 4096
f 4095 4096 4097
f 4097 4096 4098
f 4097 4098 4099
f 4099 4098 4100
f 4099 4100 4101
f 4101 4100 4102
f 4101 4102 2978
f 2978 4102 4103
f 2978 4103 4104
f 4104 4103 4105
f 4104 4105 4106
f 4106 4105 4107
f 4106 4107 4108
f 4108 4107 4109
f 4108 4109 4110
f 4110 4109 2985
f 4110 2985 4111
f 4111 2985 4112
f 4111 4112 4113
f 4113 4112 2983
f 4113 2983 2981
f 4093 4091 4084
f 4084 4091 4089
f 4084 4089 4085
f 4085 4089 4087
f 2985 4114 4077
f 4077 4114 4115
f 4077 4115 4116
f 4116 4115 4117
f 4116 4117 4098
f 4098 4117 4100
f 2985 2983 4112
f 4113 2981 4118
f 4118 2981 2980
f 4118 2980 4119
f 4119 2980 2978
f 4119 2978 4120
f 4120 2978 4104
f 4120 4104 4106
f 2978 4086 4101
f 4101 4086 4121
f 4101 4121 4099
f 4099 4121 4122
f 4099 4122 4097
f 4097 4122 4123
f 4097 4123 4095
f 4095 4123 4094
f 4086 4124 4125
f 4125 4124 4126
f 4125 4126 4122
f 4122 4126 4123
f 4122 4121 4125
f 4125 4121 4086
f 4098 4096 4116
f 4116 4096 4077
f 2985 4109 4114
f 4114 4109 4107
f 4114 4107 4127
f 4127 4107 4105
f 4127 4105 4128
f 4128 4105 4103
f 4128 4103 4102
f 4124 4086 4088
f 4094 4123 4092
f 4092 4123 4126
f 4092 4126 4090
f 4090 4126 4124
f 4090 4124 4088
f 4118 4119 4129
f 4129 4119 4120
f 4129 4120 4106
f 4113 4118 4130
f 4130 4118 4129
f 4130 4129 4108
f 4108 4129 4106
f 4114 4127 4115
f 4115 4127 4117
f 4127 4128 4117
f 4117 4128 4100
f 4128 4102 4100
f 4130 4108 4110
f 4113 4130 4111
f 4111 4130 4110
f 4131 4132 295
f 295 4132 4133
f 295 4133 293
f 293 4133 4134
f 293 4134 2959
f 2959 4134 2962
f 2962 4134 4135
f 2962 4135 2965
f 2965 4135 4136
f 2965 4136 3686
f 3686 4136 4137
f 3686 4137 4138
f 4138 4137 4132
f 4138 4132 4131
f 4135 4134 4133
f 4137 4136 4132
f 4132 4136 4133
f 4136 4135 4133
f 4139 4140 4141
f 4141 4140 4142
f 4141 4142 4143
f 4143 4142 4144
f 4143 4144 4145
f 4145 4144 298
f 4145 298 4146
f 4146 298 2956
f 4146 2956 4147
f 4147 2956 2950
f 4147 2950 2952
f 4140 4139 4148
f 4148 4139 4149
f 4148 4149 302
f 298 4144 302
f 302 4144 4150
f 302 4150 4148
f 4148 4150 4140
f 4141 4143 2952
f 2952 4143 4151
f 2952 4151 4147
f 4147 4151 4146
f 4144 4142 4150
f 4150 4142 4140
f 4146 4151 4145
f 4145 4151 4143
f 256 255 259
f 259 255 275
f 259 275 261
f 261 275 273
f 261 273 263
f 263 273 271
f 263 271 265
f 265 271 269
f 265 269 267
f 2937 3402 4152
f 4152 3402 3403
f 4152 3403 4153
f 4153 3403 3405
f 4153 3405 4154
f 4154 3405 3416
f 4154 3416 3417
f 3417 2955 4154
f 4154 2955 2954
f 4154 2954 4153
f 4153 2954 2953
f 4153 2953 4152
f 4152 2953 2949
f 4152 2949 2937
f 3417 3473 2955
f 2955 3473 2948
f 2955 2948 4155
f 4155 2948 3712
f 4155 3712 3711
f 2948 2946 3712
f 4141 2952 4155
f 4155 2952 2955
f 3676 3669 3646
f 3646 3669 3645
f 3645 3669 3668
f 3645 3668 3674
f 3011 3503 4156
f 4156 3503 3504
f 4156 3504 4157
f 4157 3504 3506
f 4157 3506 4158
f 4158 3506 3517
f 4158 3517 3518
f 3518 3018 4158
f 4158 3018 3016
f 4158 3016 4157
f 4157 3016 3015
f 4157 3015 4156
f 4156 3015 3013
f 4156 3013 3011
f 3518 3571 3018
f 3018 3571 3963
f 3018 3963 3958
f 3571 3965 3963
f 3958 3956 3018
f 3018 3956 3941
f 3018 3941 3942
f 3942 3014 3018
f 340 2681 1781
f 1781 2681 2797
f 1781 2797 4159
f 4159 2797 2798
f 4159 2798 4160
f 4160 2798 4161
f 4160 4161 4162
f 4162 4161 4163
f 4162 4163 4164
f 4164 4163 4165
f 4164 4165 4166
f 4166 4165 4167
f 4166 4167 4168
f 4168 4167 4169
f 4168 4169 4170
f 4170 4169 4171
f 4170 4171 4172
f 4172 4171 4173
f 4172 4173 4174
f 4174 4173 4175
f 4174 4175 4176
f 4176 4175 4177
f 4176 4177 4178
f 4178 4177 4179
f 4178 4179 4180
f 4180 4179 4181
f 4180 4181 4047
f 4047 4181 4046
f 4046 4181 4182
f 4046 4182 4045
f 4045 4182 4183
f 4045 4183 4044
f 4044 4183 4043
f 4043 4183 4184
f 4043 4184 4042
f 4042 4184 4185
f 4042 4185 4041
f 4041 4185 4186
f 4041 4186 4040
f 4040 4186 4187
f 4040 4187 4039
f 4039 4187 4038
f 4038 4187 4188
f 4038 4188 4189
f 4189 4188 4190
f 4189 4190 4191
f 4191 4190 4192
f 4191 4192 4193
f 4193 4192 4194
f 4193 4194 4195
f 4195 4194 4196
f 4195 4196 4197
f 4197 4196 4198
f 4197 4198 4199
f 4199 4198 4200
f 4199 4200 4201
f 4201 4200 4202
f 4201 4202 4203
f 4203 4202 4204
f 4203 4204 4205
f 4205 4204 4206
f 4205 4206 4207
f 4207 4206 2904
f 4207 2904 2906
f 2798 2799 4161
f 4161 2799 4208
f 4161 4208 4163
f 4163 4208 4209
f 4163 4209 4165
f 4165 4209 4210
f 4165 4210 4167
f 4167 4210 4211
f 4167 4211 4169
f 4169 4211 4212
f 4169 4212 4171
f 4171 4212 4213
f 4171 4213 4173
f 4173 4213 4214
f 4173 4214 4175
f 4175 4214 4215
f 4175 4215 4177
f 4177 4215 4216
f 4177 4216 4179
f 4179 4216 4217
f 4179 4217 4181
f 4181 4217 4182
f 2799 2804 4208
f 4208 2804 4209
f 4209 2804 4218
f 4218 2804 2805
f 4218 2805 4219
f 4219 2805 2807
f 4219 2807 4220
f 4220 2807 2809
f 4220 2809 4221
f 4221 2809 2811
f 4221 2811 4222
f 4222 2811 2812
f 4222 2812 4223
f 4223 2812 2816
f 4223 2816 2817
f 4223 2817 4224
f 4224 2817 2819
f 4224 2819 4225
f 4225 2819 2821
f 4225 2821 4226
f 4226 2821 2825
f 4226 2825 4227
f 4227 2825 2826
f 4227 2826 4228
f 4228 2826 2828
f 4228 2828 4229
f 4229 2828 2912
f 4229 2912 4230
f 4230 2912 2902
f 4230 2902 4231
f 4231 2902 2903
f 4231 2903 4206
f 4206 2903 2904
f 4207 2906 4232
f 4232 2906 2911
f 4232 2911 4233
f 4234 4235 4233
f 4233 4235 4236
f 4233 4236 4237
f 4237 4236 4203
f 4237 4203 4205
f 4036 4238 4234
f 4234 4238 4239
f 4234 4239 4240
f 4240 4239 4195
f 4240 4195 4197
f 4238 4036 4241
f 4241 4036 4037
f 4241 4037 4189
f 4189 4037 4038
f 4180 4047 4242
f 4242 4047 4048
f 4242 4048 4243
f 4243 4048 4244
f 4243 4244 4245
f 4245 4244 4246
f 4245 4246 4247
f 4247 4246 4248
f 4247 4248 4249
f 4249 4248 4250
f 4249 4250 4251
f 4251 4250 4252
f 4251 4252 4253
f 4253 4252 4254
f 4253 4254 4255
f 4255 4254 4256
f 4255 4256 4257
f 4257 4256 4258
f 4257 4258 4259
f 4259 4258 4260
f 4259 4260 4261
f 4261 4260 1857
f 4261 1857 1781
f 4048 4049 4244
f 4244 4049 4262
f 4244 4262 4246
f 4246 4262 4263
f 4246 4263 4248
f 4248 4263 4264
f 4248 4264 4250
f 4250 4264 4265
f 4250 4265 4252
f 4252 4265 4266
f 4252 4266 4254
f 4254 4266 4267
f 4254 4267 4256
f 4256 4267 4268
f 4256 4268 4258
f 4258 4268 4269
f 4258 4269 4260
f 4260 4269 1879
f 4260 1879 1857
f 4049 4050 4262
f 4262 4050 4270
f 4262 4270 4263
f 4263 4270 4271
f 4263 4271 4264
f 4264 4271 4272
f 4264 4272 4265
f 4265 4272 4273
f 4265 4273 4266
f 4266 4273 4274
f 4266 4274 4267
f 4267 4274 4275
f 4267 4275 4268
f 4268 4275 4276
f 4268 4276 4269
f 4269 4276 1879
f 4270 4050 4277
f 4277 4050 4051
f 4277 4051 4278
f 4278 4051 4052
f 4278 4052 4279
f 4279 4052 4053
f 4279 4053 4280
f 4280 4053 4281
f 4280 4281 4282
f 4282 4281 4283
f 4282 4283 4284
f 4284 4283 1916
f 4284 1916 1906
f 4053 4054 4281
f 4281 4054 4283
f 4054 4056 4283
f 4283 4056 1916
f 4056 1917 1916
f 4284 1906 4285
f 4285 1906 1904
f 4285 1904 4286
f 4286 1904 4287
f 4286 4287 4288
f 4288 4287 4275
f 4288 4275 4274
f 1904 1891 4287
f 4287 1891 4276
f 4287 4276 4275
f 1891 1879 4276
f 4261 1781 4159
f 4261 4159 4289
f 4289 4159 4160
f 4289 4160 4162
f 4285 4286 4290
f 4290 4286 4288
f 4290 4288 4291
f 4291 4288 4274
f 4291 4274 4273
f 4282 4284 4290
f 4290 4284 4285
f 4261 4289 4259
f 4259 4289 4292
f 4259 4292 4257
f 4257 4292 4293
f 4257 4293 4255
f 4255 4293 4294
f 4255 4294 4253
f 4253 4294 4295
f 4253 4295 4251
f 4251 4295 4296
f 4251 4296 4249
f 4249 4296 4297
f 4249 4297 4247
f 4247 4297 4298
f 4247 4298 4245
f 4245 4298 4299
f 4245 4299 4243
f 4243 4299 4242
f 4292 4289 4162
f 4282 4290 4300
f 4300 4290 4291
f 4300 4291 4301
f 4301 4291 4273
f 4301 4273 4272
f 4293 4292 4164
f 4164 4292 4162
f 4279 4280 4300
f 4300 4280 4282
f 4279 4300 4301
f 4294 4293 4166
f 4166 4293 4164
f 4279 4301 4302
f 4302 4301 4272
f 4302 4272 4271
f 4277 4278 4271
f 4271 4278 4302
f 4302 4278 4279
f 4295 4294 4168
f 4168 4294 4166
f 4210 4209 4218
f 4210 4218 4303
f 4303 4218 4219
f 4303 4219 4304
f 4304 4219 4220
f 4304 4220 4305
f 4305 4220 4221
f 4305 4221 4306
f 4306 4221 4222
f 4306 4222 4307
f 4307 4222 4223
f 4307 4223 4308
f 4308 4223 4224
f 4308 4224 4309
f 4309 4224 4225
f 4309 4225 4310
f 4310 4225 4226
f 4310 4226 4311
f 4311 4226 4227
f 4311 4227 4312
f 4312 4227 4228
f 4312 4228 4313
f 4313 4228 4229
f 4313 4229 4314
f 4314 4229 4230
f 4314 4230 4315
f 4315 4230 4231
f 4315 4231 4204
f 4204 4231 4206
f 4296 4295 4170
f 4170 4295 4168
f 4270 4277 4271
f 4210 4303 4211
f 4211 4303 4316
f 4211 4316 4212
f 4212 4316 4317
f 4212 4317 4213
f 4213 4317 4318
f 4213 4318 4214
f 4214 4318 4319
f 4214 4319 4215
f 4215 4319 4320
f 4215 4320 4216
f 4216 4320 4321
f 4216 4321 4217
f 4217 4321 4322
f 4217 4322 4182
f 4182 4322 4183
f 4316 4303 4304
f 4297 4296 4172
f 4172 4296 4170
f 4316 4304 4323
f 4323 4304 4305
f 4323 4305 4324
f 4324 4305 4306
f 4324 4306 4325
f 4325 4306 4307
f 4325 4307 4326
f 4326 4307 4308
f 4326 4308 4327
f 4327 4308 4309
f 4327 4309 4328
f 4328 4309 4310
f 4328 4310 4329
f 4329 4310 4311
f 4329 4311 4330
f 4330 4311 4312
f 4330 4312 4331
f 4331 4312 4313
f 4331 4313 4332
f 4332 4313 4314
f 4332 4314 4333
f 4333 4314 4315
f 4333 4315 4202
f 4202 4315 4204
f 4298 4297 4174
f 4174 4297 4172
f 4316 4323 4317
f 4317 4323 4334
f 4317 4334 4318
f 4318 4334 4335
f 4318 4335 4319
f 4319 4335 4336
f 4319 4336 4320
f 4320 4336 4337
f 4320 4337 4321
f 4321 4337 4338
f 4321 4338 4322
f 4322 4338 4339
f 4322 4339 4183
f 4183 4339 4184
f 4334 4323 4324
f 4299 4298 4176
f 4176 4298 4174
f 4334 4324 4340
f 4340 4324 4325
f 4340 4325 4341
f 4341 4325 4326
f 4341 4326 4342
f 4342 4326 4327
f 4342 4327 4343
f 4343 4327 4328
f 4343 4328 4344
f 4344 4328 4329
f 4344 4329 4345
f 4345 4329 4330
f 4345 4330 4346
f 4346 4330 4331
f 4346 4331 4347
f 4347 4331 4332
f 4347 4332 4348
f 4348 4332 4333
f 4348 4333 4200
f 4200 4333 4202
f 4242 4299 4178
f 4178 4299 4176
f 4334 4340 4335
f 4335 4340 4349
f 4335 4349 4336
f 4336 4349 4350
f 4336 4350 4337
f 4337 4350 4351
f 4337 4351 4338
f 4338 4351 4352
f 4338 4352 4339
f 4339 4352 4353
f 4339 4353 4184
f 4184 4353 4185
f 4349 4340 4341
f 4180 4242 4178
f 4349 4341 4354
f 4354 4341 4342
f 4354 4342 4355
f 4355 4342 4343
f 4355 4343 4356
f 4356 4343 4344
f 4356 4344 4357
f 4357 4344 4345
f 4357 4345 4358
f 4358 4345 4346
f 4358 4346 4359
f 4359 4346 4347
f 4359 4347 4360
f 4360 4347 4348
f 4360 4348 4198
f 4198 4348 4200
f 4349 4354 4350
f 4350 4354 4361
f 4350 4361 4351
f 4351 4361 4362
f 4351 4362 4352
f 4352 4362 4363
f 4352 4363 4353
f 4353 4363 4364
f 4353 4364 4185
f 4185 4364 4186
f 4361 4354 4355
f 4361 4355 4365
f 4365 4355 4356
f 4365 4356 4366
f 4366 4356 4357
f 4366 4357 4367
f 4367 4357 4358
f 4367 4358 4368
f 4368 4358 4359
f 4368 4359 4369
f 4369 4359 4360
f 4369 4360 4196
f 4196 4360 4198
f 4361 4365 4362
f 4362 4365 4370
f 4362 4370 4363
f 4363 4370 4371
f 4363 4371 4364
f 4364 4371 4372
f 4364 4372 4186
f 4186 4372 4187
f 4370 4365 4366
f 4370 4366 4373
f 4373 4366 4367
f 4373 4367 4374
f 4374 4367 4368
f 4374 4368 4375
f 4375 4368 4369
f 4375 4369 4194
f 4194 4369 4196
f 4370 4373 4371
f 4371 4373 4376
f 4371 4376 4372
f 4372 4376 4377
f 4372 4377 4187
f 4187 4377 4188
f 4376 4373 4374
f 4376 4374 4378
f 4378 4374 4375
f 4378 4375 4192
f 4192 4375 4194
f 4376 4378 4377
f 4377 4378 4190
f 4377 4190 4188
f 4190 4378 4192
f 4205 4207 4379
f 4379 4207 4232
f 4379 4232 4233
f 4203 4236 4201
f 4201 4236 4235
f 4201 4235 4199
f 4199 4235 4380
f 4199 4380 4197
f 4197 4380 4240
f 4195 4239 4193
f 4193 4239 4238
f 4193 4238 4191
f 4191 4238 4241
f 4191 4241 4189
f 4233 4237 4379
f 4379 4237 4205
f 4234 4240 4380
f 4380 4235 4234
f 4381 3358 4382
f 4382 3358 3359
f 4382 3359 4383
f 4383 3359 4384
f 4383 4384 4385
f 4385 4384 4386
f 4385 4386 4233
f 4233 4386 4234
f 4234 4386 4387
f 4234 4387 4388
f 4388 4387 4389
f 4388 4389 4035
f 4035 4389 3374
f 3374 4389 3375
f 3375 4389 4390
f 3375 4390 4384
f 4384 4390 4386
f 3359 3375 4384
f 4035 4036 4388
f 4388 4036 4234
f 4385 4233 4391
f 4391 4233 2911
f 4391 2911 4381
f 4391 4381 4382
f 4386 4390 4387
f 4387 4390 4389
f 4391 4382 4383
f 4391 4383 4385
f 4392 4393 2142
f 2142 4393 2139
f 3711 313 4155
f 4155 313 306
f 4149 4139 302
f 302 4139 4141
f 302 4141 306
f 306 4141 4155
f 3701 4055 3702
f 3702 4055 3713
f 4060 4059 4394
f 4394 4059 4395
f 4394 4395 4396
f 2049 4060 4396
f 4396 4060 4394
f 3909 4397 3875
f 3875 4397 4398
f 3875 4398 4399
f 4399 4398 4400
f 4399 4400 4401
f 4401 4400 4402
f 4401 4402 4403
f 4403 4402 4404
f 4403 4404 4405
f 4405 4404 312
f 4405 312 311
f 3909 3908 4397
f 4397 3908 4406
f 4397 4406 4407
f 4407 4406 4408
f 4407 4408 4409
f 4409 4408 4410
f 4409 4410 4411
f 4411 4410 4412
f 4411 4412 4413
f 4413 4412 4414
f 4413 4414 299
f 299 4414 300
f 300 4414 4415
f 300 4415 301
f 301 4415 4416
f 301 4416 294
f 294 4416 4417
f 4417 4416 4418
f 4417 4418 4419
f 4419 4418 4420
f 4419 4420 4421
f 4421 4420 4422
f 4421 4422 4423
f 4423 4422 4424
f 4423 4424 4425
f 4425 4424 4426
f 4425 4426 4427
f 4427 4426 4428
f 4427 4428 3905
f 3905 4428 3906
f 3906 4428 4429
f 3906 4429 4430
f 4430 4429 4431
f 4430 4431 4432
f 4432 4431 4433
f 4432 4433 4408
f 4408 4433 4410
f 4406 3908 4434
f 4434 3908 3907
f 4434 3907 4430
f 4430 3907 3906
f 3905 3904 4427
f 4427 3904 4435
f 4427 4435 4425
f 4425 4435 4436
f 4425 4436 4423
f 4423 4436 4437
f 4423 4437 4421
f 4421 4437 4438
f 4421 4438 4419
f 4435 3904 4439
f 4439 3904 3903
f 4439 3903 4440
f 4440 3903 3833
f 4440 3833 4441
f 4441 3833 4442
f 4441 4442 4443
f 4443 4442 4032
f 4441 4443 4444
f 4444 4443 4445
f 4444 4445 4446
f 4446 4445 4447
f 4446 4447 4437
f 4437 4447 4448
f 4437 4448 4438
f 299 317 4413
f 4413 317 4449
f 4413 4449 4411
f 4411 4449 4450
f 4411 4450 4409
f 4409 4450 4451
f 4409 4451 4407
f 4407 4451 4398
f 4407 4398 4397
f 317 303 4449
f 4449 303 4452
f 4449 4452 4450
f 4450 4452 4453
f 4450 4453 4451
f 4451 4453 4400
f 4451 4400 4398
f 303 304 4452
f 4452 304 4454
f 4452 4454 4453
f 4453 4454 4402
f 4453 4402 4400
f 304 305 4454
f 4454 305 4404
f 4454 4404 4402
f 305 312 4404
f 4405 311 4455
f 4455 311 310
f 4455 310 4456
f 4456 310 309
f 4456 309 4457
f 4457 309 308
f 4457 308 4458
f 4458 308 307
f 4458 307 4459
f 4459 307 315
f 4459 315 4460
f 4460 315 314
f 4460 314 3719
f 3719 314 3720
f 3720 314 3721
f 3721 314 316
f 3719 3848 4460
f 4460 3848 4459
f 3848 3850 4459
f 4459 3850 4458
f 3850 3913 4458
f 4458 3913 4461
f 4458 4461 4457
f 4457 4461 4462
f 4457 4462 4456
f 4456 4462 4463
f 4456 4463 4455
f 4455 4463 4464
f 4455 4464 4405
f 4405 4464 4403
f 3913 3911 4461
f 4461 3911 4462
f 4462 3911 4465
f 4465 3911 3872
f 4465 3872 4466
f 4466 3872 3873
f 4466 3873 4399
f 4399 3873 3875
f 4466 4399 4401
f 4401 4403 4467
f 4467 4403 4464
f 4467 4464 4465
f 4465 4464 4463
f 4465 4463 4462
f 4430 4432 4434
f 4434 4432 4406
f 4432 4408 4406
f 4428 4426 4429
f 4429 4426 4468
f 4429 4468 4431
f 4431 4468 4469
f 4431 4469 4433
f 4433 4469 4470
f 4433 4470 4410
f 4410 4470 4412
f 4426 4424 4468
f 4468 4424 4471
f 4468 4471 4469
f 4469 4471 4472
f 4469 4472 4470
f 4470 4472 4473
f 4470 4473 4412
f 4412 4473 4414
f 4435 4439 4474
f 4474 4439 4440
f 4474 4440 4444
f 4444 4440 4441
f 4424 4422 4471
f 4471 4422 4475
f 4471 4475 4472
f 4472 4475 4476
f 4472 4476 4473
f 4473 4476 4415
f 4473 4415 4414
f 4435 4474 4436
f 4436 4474 4446
f 4436 4446 4437
f 4446 4474 4444
f 4422 4420 4475
f 4475 4420 4418
f 4475 4418 4476
f 4476 4418 4416
f 4476 4416 4415
f 4465 4466 4467
f 4467 4466 4401
f 2142 2049 4392
f 4392 2049 4396
f 4392 4396 4395
f 2045 2044 2142
f 2142 2044 2049
f 3473 3474 2948
f 2948 3474 2947
f 2947 3474 3476
f 2947 3476 2945
f 2945 3476 3475
f 2945 3475 2943
f 2943 3475 3477
f 3572 4477 3571
f 3571 4477 4478
f 3571 4478 3966
f 3966 4478 3967
f 3967 4478 3968
f 3968 4478 4479
f 3968 4479 3929
f 3929 4479 3930
f 3930 4479 3585
f 3585 4479 4480
f 3585 4480 3573
f 3573 4480 3574
f 3574 4480 4477
f 3574 4477 3572
f 3573 3575 3585
f 3966 3965 3571
f 4479 4478 4477
f 4480 4479 4477
f 3680 3679 4481
f 4481 3679 3678
f 4481 3678 4482
f 4482 3678 3677
f 4482 3677 3676
f 3676 3646 4482
f 4482 3646 2982
f 2982 3646 3647
f 2982 3647 3648
f 3648 3649 2982
f 2982 3649 3698
f 2982 3698 4483
f 4483 4484 2982
f 2982 4484 4485
f 2982 4485 2978
f 2978 4485 4086
f 3703 3705 3701
f 3701 3705 3707
f 3701 3707 3709
f 3722 4393 3709
f 3709 4393 3701
f 4392 4395 4393
f 4393 4395 3701
f 4395 4059 3701
f 3701 4059 4058
f 3701 4058 4057
f 4057 4055 3701
f 4393 3722 2139
f 2139 3722 1378
f 3380 3358 4486
f 4486 3358 4381
f 4486 4381 4487
f 4487 4381 2911
f 4487 2911 4488
f 4488 2911 2910
f 4488 2910 4489
f 4489 2910 4490
f 4489 4490 4491
f 4491 4490 4492
f 4491 4492 4493
f 4493 4492 4494
f 4493 4494 4495
f 4495 4494 4496
f 4495 4496 4497
f 4497 4496 4498
f 4497 4498 4499
f 4499 4498 4500
f 4500 4498 4501
f 4500 4501 4502
f 4502 4501 4503
f 4502 4503 4504
f 4504 4503 4505
f 4505 4503 4506
f 4505 4506 4507
f 4507 4506 4508
f 4507 4508 4509
f 4509 4508 4510
f 4510 4508 4511
f 4510 4511 4512
f 4512 4511 4513
f 4512 4513 4514
f 4514 4513 4515
f 4514 4515 26
f 26 4515 4516
f 26 4516 4517
f 4517 4516 4518
f 4517 4518 4519
f 4519 4518 4520
f 4519 4520 4521
f 4521 4520 4522
f 4521 4522 4523
f 4523 4522 4524
f 4523 4524 4525
f 4525 4524 4526
f 4525 4526 4527
f 4527 4526 4494
f 4527 4494 4492
f 2910 2896 4490
f 4490 2896 4528
f 4490 4528 4492
f 4492 4528 4527
f 2896 2844 4528
f 4528 2844 4529
f 4528 4529 4527
f 4527 4529 4525
f 2844 2845 4529
f 4529 2845 4530
f 4529 4530 4525
f 4525 4530 4523
f 2845 2888 4530
f 4530 2888 4531
f 4530 4531 4523
f 4523 4531 4521
f 2888 2894 4531
f 4531 2894 4532
f 4531 4532 4521
f 4521 4532 4519
f 2894 2892 4532
f 4532 2892 4533
f 4532 4533 4519
f 4519 4533 4517
f 2892 24 4533
f 4533 24 25
f 4533 25 4517
f 4517 25 26
f 26 28 4514
f 4497 4499 4534
f 4534 4499 4535
f 4534 4535 4536
f 4536 4535 4537
f 4536 4537 4538
f 4538 4537 4539
f 4538 4539 4540
f 4540 4539 4541
f 4540 4541 4542
f 4542 4541 4486
f 4542 4486 4487
f 4535 3378 4537
f 4537 3378 3379
f 4537 3379 4539
f 4539 3379 3380
f 4539 3380 4541
f 4541 3380 4486
f 4488 4489 4543
f 4543 4489 4491
f 4543 4491 4544
f 4544 4491 4493
f 4544 4493 4545
f 4545 4493 4495
f 4545 4495 4534
f 4534 4495 4497
f 4487 4488 4542
f 4542 4488 4543
f 4542 4543 4540
f 4540 4543 4544
f 4540 4544 4538
f 4538 4544 4545
f 4538 4545 4536
f 4536 4545 4534
f 4518 4516 4546
f 4546 4516 4515
f 4546 4515 4511
f 4511 4515 4513
f 4520 4518 4547
f 4547 4518 4546
f 4547 4546 4508
f 4508 4546 4511
f 4522 4520 4548
f 4548 4520 4547
f 4548 4547 4506
f 4506 4547 4508
f 4524 4522 4549
f 4549 4522 4548
f 4549 4548 4503
f 4503 4548 4506
f 4526 4524 4550
f 4550 4524 4549
f 4550 4549 4501
f 4501 4549 4503
f 4494 4526 4496
f 4496 4526 4550
f 4496 4550 4498
f 4498 4550 4501
f 3124 3123 4551
f 4551 3123 3121
f 4551 3121 4552
f 4552 3121 3119
f 4552 3119 4553
f 4553 3119 3117
f 4553 3117 4554
f 4554 3117 3115
f 4554 3115 4555
f 4555 3115 4556
f 4555 4556 4557
f 4557 4556 4558
f 4557 4558 4559
f 4559 4558 4560
f 4559 4560 4561
f 4561 4560 4562
f 4561 4562 4563
f 4563 4562 4564
f 4563 4564 4565
f 4565 4564 4566
f 4565 4566 4567
f 4567 4566 4568
f 4567 4568 4569
f 4569 4568 4570
f 4569 4570 4571
f 4571 4570 4572
f 4571 4572 4573
f 4573 4572 4574
f 4573 4574 4575
f 4575 4574 4576
f 4575 4576 4577
f 4577 4576 4578
f 4577 4578 4579
f 4579 4578 4580
f 4579 4580 4581
f 4581 4580 4582
f 4581 4582 4583
f 4583 4582 4584
f 4583 4584 4585
f 4585 4584 4586
f 4585 4586 4587
f 4587 4586 4588
f 4587 4588 4589
f 4589 4588 4590
f 4589 4590 4591
f 4591 4590 4592
f 4591 4592 4593
f 4593 4592 4594
f 4593 4594 4595
f 4595 4594 29
f 4595 29 27
f 3115 3113 4556
f 4556 3113 4558
f 3113 3130 4558
f 4558 3130 4560
f 3130 3126 4560
f 4560 3126 4562
f 4562 3126 4596
f 4596 3126 3098
f 4596 3098 4562
f 4562 3098 4597
f 4562 4597 4564
f 4564 4597 4598
f 4564 4598 4566
f 4566 4598 4599
f 4566 4599 4568
f 4568 4599 4600
f 4568 4600 4570
f 4570 4600 4601
f 4570 4601 4572
f 4572 4601 4602
f 4572 4602 4574
f 4574 4602 4603
f 4574 4603 4576
f 4576 4603 4604
f 4576 4604 4578
f 4578 4604 4605
f 4578 4605 4580
f 4580 4605 4606
f 4580 4606 4582
f 4582 4606 4607
f 4582 4607 4584
f 4584 4607 4608
f 4584 4608 4586
f 4586 4608 4609
f 4586 4609 4588
f 4588 4609 4610
f 4588 4610 4590
f 4590 4610 4611
f 4590 4611 4592
f 4592 4611 4612
f 4592 4612 4594
f 4594 4612 29
f 3098 3097 4597
f 4597 3097 4598
f 3097 3147 4598
f 4598 3147 4599
f 4599 3147 4613
f 4613 3147 3146
f 4613 3146 3145
f 4613 3145 4614
f 4614 3145 3040
f 4614 3040 4615
f 4615 3040 4616
f 4615 4616 4601
f 4601 4616 4602
f 4616 3040 4617
f 4617 3040 3381
f 4617 3381 4618
f 4618 3381 4619
f 4618 4619 4620
f 4620 4619 4621
f 4620 4621 4622
f 4622 4621 4623
f 4622 4623 4624
f 4624 4623 4625
f 4624 4625 4626
f 4626 4625 4627
f 4626 4627 4628
f 4628 4627 4629
f 4628 4629 4630
f 4630 4629 4502
f 4630 4502 4504
f 3381 3382 4619
f 4619 3382 4631
f 4619 4631 4621
f 4621 4631 4632
f 4621 4632 4623
f 4623 4632 4633
f 4623 4633 4625
f 4625 4633 4634
f 4625 4634 4627
f 4627 4634 4635
f 4627 4635 4629
f 4629 4635 4500
f 4629 4500 4502
f 4631 3382 4636
f 4636 3382 3383
f 4636 3383 4637
f 4637 3383 3384
f 4637 3384 4638
f 4638 3384 4639
f 4638 4639 4640
f 4640 4639 4535
f 4640 4535 4641
f 4641 4535 4499
f 4641 4499 4642
f 4642 4499 4500
f 4642 4500 4635
f 3384 3378 4639
f 4639 3378 4535
f 4504 4505 4630
f 4630 4505 4643
f 4630 4643 4644
f 4644 4643 4645
f 4644 4645 4646
f 4646 4645 4647
f 4646 4647 4648
f 4648 4647 4649
f 4648 4649 4650
f 4650 4649 4651
f 4650 4651 4652
f 4652 4651 4653
f 4652 4653 4654
f 4654 4653 4655
f 4654 4655 4656
f 4656 4655 4657
f 4656 4657 4658
f 4658 4657 4659
f 4658 4659 4608
f 4608 4659 4609
f 4505 4507 4643
f 4643 4507 4660
f 4643 4660 4645
f 4645 4660 4661
f 4645 4661 4647
f 4647 4661 4662
f 4647 4662 4649
f 4649 4662 4663
f 4649 4663 4651
f 4651 4663 4664
f 4651 4664 4653
f 4653 4664 4665
f 4653 4665 4655
f 4655 4665 4666
f 4655 4666 4657
f 4657 4666 4667
f 4657 4667 4659
f 4659 4667 4668
f 4659 4668 4609
f 4609 4668 4610
f 4507 4509 4660
f 4660 4509 4510
f 4660 4510 4669
f 4669 4510 4512
f 4669 4512 4670
f 4670 4512 4514
f 4670 4514 28
f 28 32 4670
f 4670 32 4671
f 4670 4671 4672
f 4672 4671 4673
f 4672 4673 4662
f 4662 4673 4663
f 31 4674 32
f 32 4674 4675
f 32 4675 4671
f 4671 4675 4673
f 30 4676 31
f 31 4676 4677
f 31 4677 4678
f 4678 4677 4679
f 4678 4679 4680
f 4680 4679 4665
f 4680 4665 4664
f 29 4681 30
f 30 4681 4682
f 30 4682 4676
f 4676 4682 4683
f 4676 4683 4684
f 4684 4683 4667
f 4684 4667 4666
f 23 4685 27
f 27 4685 4686
f 27 4686 4687
f 4687 4686 4688
f 4687 4688 4689
f 4689 4688 4690
f 4689 4690 4691
f 4691 4690 4692
f 4691 4692 4693
f 4693 4692 4694
f 4693 4694 4695
f 4695 4694 4696
f 4695 4696 4697
f 4697 4696 4698
f 4697 4698 4699
f 4699 4698 4700
f 4699 4700 4701
f 4701 4700 4702
f 4701 4702 4703
f 4703 4702 4704
f 4703 4704 4705
f 4705 4704 4706
f 4705 4706 4707
f 4707 4706 4708
f 4707 4708 4709
f 4709 4708 4710
f 4709 4710 4711
f 4711 4710 4712
f 4711 4712 4713
f 4713 4712 4714
f 4713 4714 4715
f 4715 4714 4716
f 4715 4716 4717
f 4717 4716 4718
f 4717 4718 4719
f 4719 4718 4720
f 4719 4720 4721
f 4721 4720 4722
f 4721 4722 4723
f 4723 4722 4724
f 4723 4724 4725
f 4725 4724 4726
f 4725 4726 4727
f 4727 4726 4728
f 4727 4728 4729
f 4729 4728 4730
f 4729 4730 4731
f 4731 4730 4732
f 4731 4732 4551
f 4686 4685 4733
f 4733 4685 4734
f 4733 4734 4735
f 4735 4734 4736
f 4735 4736 4737
f 4737 4736 4738
f 4737 4738 4739
f 4737 4739 4740
f 4740 4739 4741
f 4740 4741 4742
f 4742 4741 4743
f 4742 4743 4744
f 4742 4744 4745
f 4745 4744 4746
f 4745 4746 4747
f 4747 4746 4748
f 4747 4748 4698
f 4698 4748 4700
f 4746 4749 4748
f 4748 4749 4750
f 4748 4750 4700
f 4700 4750 4702
f 4749 4751 4750
f 4750 4751 4752
f 4750 4752 4702
f 4702 4752 4704
f 4752 4751 4753
f 4753 4751 4754
f 4753 4754 4755
f 4755 4754 4756
f 4755 4756 4708
f 4708 4756 4710
f 4754 4757 4756
f 4756 4757 4758
f 4756 4758 4710
f 4710 4758 4712
f 4757 4759 4758
f 4758 4759 4760
f 4758 4760 4712
f 4712 4760 4714
f 4760 4759 4761
f 4761 4759 4762
f 4761 4762 4763
f 4763 4762 4764
f 4763 4764 4765
f 4765 4764 4766
f 4765 4766 4767
f 4767 4766 4768
f 4767 4768 4769
f 4769 4768 4770
f 4769 4770 4771
f 4769 4771 4772
f 4772 4771 4773
f 4772 4773 4774
f 4774 4773 4775
f 4774 4775 4776
f 4776 4775 4777
f 4776 4777 4778
f 4778 4732 4776
f 4776 4732 4730
f 4776 4730 4728
f 27 4687 4595
f 4595 4687 4689
f 4595 4689 4593
f 4593 4689 4691
f 4593 4691 4591
f 4591 4691 4693
f 4591 4693 4589
f 4589 4693 4695
f 4589 4695 4587
f 4587 4695 4697
f 4587 4697 4585
f 4585 4697 4699
f 4585 4699 4583
f 4583 4699 4701
f 4583 4701 4581
f 4581 4701 4703
f 4581 4703 4579
f 4579 4703 4705
f 4579 4705 4577
f 4577 4705 4707
f 4577 4707 4575
f 4575 4707 4709
f 4575 4709 4573
f 4573 4709 4711
f 4573 4711 4571
f 4571 4711 4713
f 4571 4713 4569
f 4569 4713 4715
f 4569 4715 4567
f 4567 4715 4717
f 4567 4717 4565
f 4565 4717 4719
f 4565 4719 4563
f 4563 4719 4721
f 4563 4721 4561
f 4561 4721 4723
f 4561 4723 4559
f 4559 4723 4725
f 4559 4725 4557
f 4557 4725 4727
f 4557 4727 4555
f 4555 4727 4729
f 4555 4729 4779
f 4779 4729 4731
f 4779 4731 4780
f 4780 4731 4551
f 4780 4551 4552
f 29 4612 4681
f 4681 4612 4611
f 4681 4611 4781
f 4781 4611 4610
f 4781 4610 4668
f 31 4678 4674
f 4674 4678 4680
f 4674 4680 4782
f 4782 4680 4664
f 4782 4664 4663
f 4780 4552 4553
f 4555 4779 4554
f 4554 4779 4553
f 4779 4780 4553
f 4615 4601 4600
f 4613 4614 4599
f 4599 4614 4600
f 4614 4615 4600
f 4603 4602 4783
f 4783 4602 4616
f 4783 4616 4784
f 4784 4616 4617
f 4784 4617 4785
f 4785 4617 4618
f 4785 4618 4620
f 4604 4603 4786
f 4786 4603 4783
f 4786 4783 4787
f 4787 4783 4784
f 4787 4784 4788
f 4788 4784 4785
f 4788 4785 4789
f 4789 4785 4620
f 4789 4620 4622
f 4605 4604 4790
f 4790 4604 4786
f 4790 4786 4791
f 4791 4786 4787
f 4791 4787 4792
f 4792 4787 4788
f 4792 4788 4793
f 4793 4788 4789
f 4793 4789 4794
f 4794 4789 4622
f 4794 4622 4624
f 4606 4605 4795
f 4795 4605 4790
f 4795 4790 4796
f 4796 4790 4791
f 4796 4791 4797
f 4797 4791 4792
f 4797 4792 4798
f 4798 4792 4793
f 4798 4793 4799
f 4799 4793 4794
f 4799 4794 4800
f 4800 4794 4624
f 4800 4624 4626
f 4658 4608 4607
f 4607 4606 4801
f 4801 4606 4795
f 4801 4795 4802
f 4802 4795 4796
f 4802 4796 4803
f 4803 4796 4797
f 4803 4797 4804
f 4804 4797 4798
f 4804 4798 4805
f 4805 4798 4799
f 4805 4799 4806
f 4806 4799 4800
f 4806 4800 4807
f 4807 4800 4626
f 4807 4626 4628
f 4656 4658 4801
f 4801 4658 4607
f 4656 4801 4802
f 4682 4681 4781
f 4667 4683 4668
f 4668 4683 4781
f 4683 4682 4781
f 4654 4656 4802
f 4654 4802 4803
f 4654 4803 4652
f 4652 4803 4804
f 4652 4804 4650
f 4650 4804 4805
f 4650 4805 4648
f 4648 4805 4806
f 4648 4806 4646
f 4646 4806 4807
f 4646 4807 4644
f 4644 4807 4628
f 4644 4628 4630
f 4684 4666 4679
f 4679 4666 4665
f 4676 4684 4677
f 4677 4684 4679
f 4637 4808 4636
f 4636 4808 4632
f 4636 4632 4631
f 4632 4808 4633
f 4633 4808 4809
f 4633 4809 4634
f 4634 4809 4642
f 4634 4642 4635
f 4808 4637 4810
f 4810 4637 4638
f 4810 4638 4640
f 4782 4663 4673
f 4672 4662 4661
f 4674 4782 4675
f 4675 4782 4673
f 4640 4641 4810
f 4810 4641 4809
f 4810 4809 4808
f 4641 4642 4809
f 4672 4661 4669
f 4669 4661 4660
f 4669 4670 4672
f 4733 4735 4686
f 4686 4735 4688
f 4735 4737 4688
f 4688 4737 4690
f 4737 4740 4690
f 4690 4740 4692
f 4740 4742 4692
f 4692 4742 4694
f 4747 4698 4696
f 4742 4745 4694
f 4694 4745 4696
f 4745 4747 4696
f 4755 4708 4706
f 4752 4753 4704
f 4704 4753 4706
f 4753 4755 4706
f 4760 4761 4714
f 4714 4761 4716
f 4761 4763 4716
f 4716 4763 4718
f 4763 4765 4718
f 4718 4765 4720
f 4765 4767 4720
f 4720 4767 4722
f 4767 4769 4722
f 4722 4769 4724
f 4769 4772 4724
f 4724 4772 4726
f 4772 4774 4726
f 4726 4774 4728
f 4774 4776 4728
f 3830 4811 3832
f 3832 4811 4812
f 3832 4812 4442
f 4442 4812 4034
f 4442 4034 4033
f 3830 4013 4811
f 4811 4013 4034
f 4811 4034 4812
f 4033 4032 4442
f 4442 3833 3832
f 4076 4813 4075
f 4075 4813 4814
f 4075 4814 4815
f 4815 4816 4075
f 4075 4816 4074
f 3973 3974 4063
f 4063 3974 3975
f 4063 3975 4061
f 4061 3975 3976
f 4061 3976 4070
f 4070 3976 3592
f 4070 3592 4068
f 4068 3592 3588
f 3976 3977 3592
f 3592 3977 3978
f 3592 3978 3979
f 3592 3979 4817
f 4817 3979 3982
f 4817 3982 3985
f 3985 3987 4817
f 4025 4024 4818
f 4818 4024 4819
f 4818 4819 4820
f 4820 4819 4821
f 4820 4821 4822
f 4822 4821 4823
f 4822 4823 4824
f 4824 4823 4825
f 4824 4825 4826
f 4826 4825 4827
f 4826 4827 4828
f 4828 4827 4829
f 4828 4829 4830
f 4830 4829 4831
f 4830 4831 318
f 318 297 4830
f 4830 297 4832
f 4830 4832 4833
f 4833 4832 4834
f 4833 4834 4835
f 4835 4834 4836
f 4835 4836 4837
f 4837 4836 4838
f 4837 4838 4839
f 4839 4838 4840
f 4839 4840 4841
f 4841 4840 4445
f 4841 4445 4443
f 296 4842 297
f 297 4842 4843
f 297 4843 4832
f 4832 4843 4834
f 294 4417 296
f 296 4417 4844
f 296 4844 4842
f 4842 4844 4845
f 4842 4845 4846
f 4846 4845 4847
f 4846 4847 4836
f 4836 4847 4838
f 4844 4417 4848
f 4848 4417 4419
f 4848 4419 4849
f 4849 4419 4438
f 4849 4438 4850
f 4850 4438 4448
f 4850 4448 4851
f 4851 4448 4447
f 4851 4447 4840
f 4840 4447 4445
f 4841 4443 4852
f 4852 4443 4032
f 4852 4032 4030
f 4025 4853 4030
f 4030 4853 4854
f 4030 4854 4852
f 4852 4854 4855
f 4852 4855 4841
f 4841 4855 4839
f 4856 4025 4857
f 4857 4025 4818
f 4857 4818 4820
f 4830 4833 4828
f 4828 4833 4858
f 4828 4858 4826
f 4826 4858 4859
f 4826 4859 4824
f 4824 4859 4860
f 4824 4860 4822
f 4822 4860 4861
f 4822 4861 4820
f 4820 4861 4857
f 4833 4835 4858
f 4858 4835 4862
f 4858 4862 4859
f 4859 4862 4863
f 4859 4863 4860
f 4860 4863 4864
f 4860 4864 4861
f 4861 4864 4856
f 4861 4856 4857
f 4025 4856 4853
f 4853 4856 4864
f 4853 4864 4865
f 4865 4864 4863
f 4865 4863 4866
f 4866 4863 4862
f 4866 4862 4837
f 4837 4862 4835
f 4848 4849 4844
f 4844 4849 4845
f 4849 4850 4845
f 4845 4850 4847
f 4866 4837 4839
f 4850 4851 4847
f 4847 4851 4838
f 4865 4866 4855
f 4855 4866 4839
f 4851 4840 4838
f 4853 4865 4854
f 4854 4865 4855
f 4843 4842 4846
f 4843 4846 4834
f 4834 4846 4836
f 20 2960 23
f 23 2960 4685
f 4685 2960 2961
f 4685 2961 4734
f 4734 2961 2970
f 4734 2970 4736
f 4736 2970 2971
f 4736 2971 4738
f 4738 2971 2973
f 4738 2973 4739
f 4739 2973 2975
f 4739 2975 4741
f 4741 2975 2976
f 4741 2976 4743
f 4743 2976 2977
f 4743 2977 4744
f 4744 2977 2979
f 4744 2979 4746
f 4746 2979 2984
f 4746 2984 4749
f 4749 2984 2987
f 4749 2987 4751
f 4751 2987 2989
f 4751 2989 4754
f 4754 2989 2991
f 4754 2991 4757
f 4757 2991 2993
f 4757 2993 4759
f 4759 2993 2997
f 4759 2997 4762
f 4762 2997 3001
f 4762 3001 4764
f 4764 3001 3003
f 4764 3003 4766
f 4766 3003 3004
f 4766 3004 4768
f 4768 3004 3005
f 4768 3005 4770
f 4770 3005 3007
f 4770 3007 4771
f 4771 3007 3009
f 4771 3009 4773
f 4773 3009 3010
f 4773 3010 4775
f 4775 3010 3020
f 4775 3020 4777
f 4777 3020 3021
f 4777 3021 4778
f 3445 3444 3484
f 3484 3444 4867
f 4867 3444 4868
f 4868 3444 3467
f 4868 3467 4869
f 4869 3467 3470
f 4869 3470 4870
f 4870 3470 3469
f 4870 3469 2938
f 2938 3469 2935
f 2935 3469 3468
f 2935 3468 2936
f 2936 3468 3402
f 2936 3402 2937
f 3662 3680 4871
f 4871 3680 4481
f 2963 3634 2969
f 2969 3634 3654
f 2969 3654 2972
f 2972 3654 3656
f 2972 3656 2974
f 2974 3656 4872
f 4872 3656 3658
f 4872 3658 4873
f 4873 3658 3660
f 4873 3660 4874
f 4874 3660 3662
f 4874 3662 4871
f 3582 3584 3581
f 3581 3584 3580
f 3580 3584 3579
f 3579 3584 3583
f 3002 3017 3582
f 3582 3017 3584
f 3482 3484 3481
f 3481 3484 4867
f 3481 4867 3485
f 3485 4867 4868
f 3485 4868 4869
f 3482 3483 3484
f 4869 4870 3485
f 2938 2939 4870
f 4870 2939 3485
f 4872 4873 4482
f 4482 4873 4874
f 4482 4874 4871
f 4871 4481 4482
f 2982 2974 4482
f 4482 2974 4872
f 3991 3990 3987
f 3987 3990 3989
f 3987 3989 3988
f 3988 3986 3987
f 3987 3986 3984
f 3987 3984 4817
f 4817 3984 3983
f 4817 3983 3981
f 3981 3980 4817
f 4817 3980 3592
f 3592 3980 3591
f 4077 4093 4076
f 3124 4551 3172
f 3172 4551 3023
f 3023 4551 3021
f 3021 4551 4732
f 3021 4732 4778
f 3972 3973 4875
f 4875 3973 4071
f 4875 4071 4072
f 4875 4072 4876
f 4876 4072 4073
f 4876 4073 4074
f 4074 4877 4876
f 4876 4877 4878
f 4876 4878 4879
f 4879 4878 4880
f 4879 4880 3972
f 3972 4880 3971
f 3971 4880 4881
f 3971 4881 4882
f 4882 4881 4883
f 4882 4883 4884
f 4884 4883 4885
f 4884 4885 4886
f 4878 4877 4887
f 4887 4877 4885
f 4887 4885 4883
f 4888 4889 4886
f 4886 4889 4890
f 4886 4890 4884
f 4884 4890 4891
f 4884 4891 4882
f 4882 4891 3970
f 4882 3970 3971
f 4892 4893 4888
f 4888 4893 4894
f 4888 4894 4889
f 4889 4894 4895
f 4889 4895 4896
f 4896 4895 3969
f 4896 3969 3970
f 4897 4898 4892
f 4892 4898 4899
f 4892 4899 4893
f 4893 4899 4900
f 4893 4900 4901
f 4901 4900 3928
f 4901 3928 3969
f 4898 4897 4902
f 4902 4897 4903
f 4902 4903 4904
f 4904 4903 4011
f 4904 4011 4008
f 4903 4012 4011
f 4904 4008 4905
f 4905 4008 4009
f 4905 4009 3995
f 3995 3993 4905
f 4905 3993 4906
f 4905 4906 4902
f 4902 4906 4898
f 3993 3927 4906
f 4906 3927 4907
f 4906 4907 4898
f 4898 4907 4899
f 3927 3928 4907
f 4907 3928 4900
f 4907 4900 4899
f 4879 3972 4875
f 3969 4895 4901
f 4901 4895 4894
f 4901 4894 4893
f 4879 4875 4876
f 4881 4880 4887
f 4887 4880 4878
f 4883 4881 4887
f 4896 3970 4891
f 4891 4890 4896
f 4896 4890 4889
f 4904 4905 4902
f 4877 4074 4908
f 4908 4074 4816
f 4908 4816 4909
f 4909 4816 4815
f 4909 4815 4814
f 4909 4814 4910
f 4910 4814 4813
f 4910 4813 4076
f 4076 4911 4910
f 4910 4911 4912
f 4910 4912 4913
f 4913 4912 4914
f 4913 4914 4915
f 4915 4914 4916
f 4915 4916 4877
f 4877 4916 4885
f 4885 4916 4917
f 4885 4917 4918
f 4918 4917 4919
f 4918 4919 4920
f 4920 4919 4921
f 4920 4921 4922
f 4922 4921 4923
f 4922 4923 4924
f 4923 4925 4911
f 4911 4925 4926
f 4911 4926 4912
f 4912 4926 4914
f 4927 4928 4924
f 4924 4928 4929
f 4924 4929 4922
f 4922 4929 4930
f 4922 4930 4920
f 4920 4930 4931
f 4920 4931 4918
f 4918 4931 4886
f 4918 4886 4885
f 4932 4933 4927
f 4927 4933 4934
f 4927 4934 4928
f 4928 4934 4935
f 4928 4935 4936
f 4936 4935 4937
f 4936 4937 4938
f 4938 4937 4888
f 4938 4888 4886
f 4939 4940 4932
f 4932 4940 4941
f 4932 4941 4933
f 4933 4941 4942
f 4933 4942 4943
f 4943 4942 4944
f 4943 4944 4945
f 4945 4944 4892
f 4945 4892 4888
f 4940 4939 4946
f 4946 4939 4947
f 4946 4947 4948
f 4948 4947 4023
f 4948 4023 4021
f 4947 4024 4023
f 4948 4021 4949
f 4949 4021 4019
f 4949 4019 4950
f 4950 4019 4012
f 4950 4012 4903
f 4950 4903 4951
f 4951 4903 4897
f 4951 4897 4952
f 4952 4897 4892
f 4952 4892 4944
f 4923 4921 4925
f 4925 4921 4919
f 4925 4919 4953
f 4953 4919 4917
f 4953 4917 4916
f 4888 4937 4945
f 4945 4937 4935
f 4945 4935 4943
f 4943 4935 4934
f 4943 4934 4933
f 4910 4913 4909
f 4909 4913 4954
f 4909 4954 4908
f 4908 4954 4877
f 4915 4877 4954
f 4914 4926 4953
f 4953 4926 4925
f 4953 4916 4914
f 4954 4913 4915
f 4938 4886 4931
f 4930 4929 4936
f 4936 4929 4928
f 4931 4930 4938
f 4938 4930 4936
f 4952 4944 4942
f 4942 4941 4955
f 4955 4941 4940
f 4955 4940 4956
f 4956 4940 4946
f 4956 4946 4949
f 4949 4946 4948
f 4956 4951 4955
f 4955 4951 4952
f 4955 4952 4942
f 4949 4950 4956
f 4956 4950 4951
f 4093 4084 4076
f 4076 4084 4911
f 4911 4084 4086
f 4911 4086 4923
f 4923 4086 4485
f 4923 4485 4924
f 4924 4485 4484
f 4924 4484 4483
f 4924 4483 4927
f 4927 4483 3698
f 4927 3698 4932
f 4932 3698 3692
f 4932 3692 4957
f 4957 3692 3693
f 4957 3693 3695
f 4957 3695 4958
f 4958 3695 3696
f 4958 3696 4959
f 4959 3696 3689
f 4959 3689 4960
f 4960 3689 3685
f 4960 3685 4961
f 4961 3685 4962
f 4961 4962 4963
f 4963 4962 4964
f 4963 4964 4965
f 4965 4964 4966
f 4965 4966 4821
f 4821 4966 4967
f 4821 4967 4823
f 4823 4967 4968
f 4823 4968 4825
f 4825 4968 4969
f 4825 4969 4827
f 4827 4969 4970
f 4827 4970 4829
f 4829 4970 4971
f 4829 4971 4831
f 4831 4971 4972
f 4831 4972 318
f 318 4972 321
f 321 4972 4973
f 321 4973 320
f 320 4973 4974
f 320 4974 4975
f 4975 4974 4976
f 4975 4976 4977
f 4977 4976 4978
f 4977 4978 4979
f 4979 4978 4980
f 4979 4980 4981
f 4981 4980 4982
f 4981 4982 4983
f 4983 4982 4984
f 4983 4984 4985
f 4985 4984 4962
f 4985 4962 4986
f 4986 4962 3685
f 4986 3685 3684
f 4986 3684 4985
f 4985 3684 3688
f 4985 3688 4983
f 4983 3688 4981
f 4981 3688 4987
f 4987 3688 3687
f 4987 3687 4988
f 4988 3687 4989
f 4988 4989 4990
f 4990 4989 3686
f 4990 3686 4991
f 4991 3686 4138
f 4991 4138 4992
f 4992 4138 4993
f 4992 4993 319
f 319 4993 4131
f 319 4131 295
f 3687 3686 4989
f 4138 4131 4993
f 320 4994 319
f 319 4994 4995
f 319 4995 4992
f 4992 4995 4990
f 4992 4990 4991
f 4965 4821 4996
f 4996 4821 4819
f 4996 4819 4997
f 4997 4819 4998
f 4997 4998 4999
f 4999 4998 5000
f 4999 5000 4959
f 4959 5000 4958
f 4819 4024 4998
f 4998 4024 4947
f 4998 4947 5000
f 5000 4947 4939
f 5000 4939 4958
f 4958 4939 4932
f 4958 4932 4957
f 320 4975 4994
f 4994 4975 4977
f 4994 4977 5001
f 5001 4977 4979
f 5001 4979 4988
f 4988 4979 4981
f 4988 4981 4987
f 4976 4974 5002
f 5002 4974 4973
f 5002 4973 4971
f 4971 4973 4972
f 4978 4976 5003
f 5003 4976 5002
f 5003 5002 4970
f 4970 5002 4971
f 4980 4978 5004
f 5004 4978 5003
f 5004 5003 4969
f 4969 5003 4970
f 4982 4980 5005
f 5005 4980 5004
f 5005 5004 4968
f 4968 5004 4969
f 4964 4962 4984
f 4984 4982 5006
f 5006 4982 5005
f 5006 5005 4967
f 4967 5005 4968
f 4999 4959 4960
f 4960 4961 5007
f 5007 4961 4963
f 5007 4963 4996
f 4996 4963 4965
f 4995 4994 5001
f 4995 5001 4990
f 4990 5001 4988
f 4967 4966 5006
f 5006 4966 4964
f 5006 4964 4984
f 4996 4997 5007
f 5007 4997 4999
f 5007 4999 4960
f 2946 5008 3712
f 3712 5008 5009
f 3712 5009 3722
f 3722 5009 1378
f 1378 5009 1365
f 1365 5009 5010
f 1365 5010 702
f 702 5010 700
f 700 5010 698
f 698 5010 5011
f 698 5011 699
f 699 5011 5012
f 699 5012 604
f 604 5012 5013
f 604 5013 605
f 605 5013 5014
f 605 5014 2748
f 2748 5014 5015
f 2748 5015 2940
f 2940 5015 2941
f 2941 5015 5016
f 2941 5016 2942
f 2942 5016 5017
f 2942 5017 2944
f 2944 5017 5008
f 2944 5008 2946
f 5011 5010 5009
f 5009 5008 5018
f 5018 5008 5017
f 5018 5017 5019
f 5019 5017 5016
f 5019 5016 5014
f 5014 5016 5015
f 5012 5011 5018
f 5018 5011 5009
f 5012 5018 5019
f 5013 5012 5019
f 5013 5019 5014
f 2757 2726 2951
f 2951 2726 2752
f 5020 5021 5022
f 5022 5021 5023
f 5020 5024 5021
f 5025 5023 5024
f 5024 5023 5021
f 5024 5020 5025
f 5025 5020 5022
f 5025 5022 5023
f 5026 5027 5028
f 5028 5027 5029
f 5028 5029 5030
f 5030 5031 5028
f 5028 5031 5032
f 5032 5033 5028
f 5028 5033 5034
f 5028 5034 5035
f 5035 5036 5028
f 5028 5036 5037
f 5028 5037 5038
f 5038 5039 5028
f 5028 5039 5026
f 5026 5039 5027
f 5027 5039 5029
f 5029 5039 5038
f 5029 5038 5030
f 5030 5038 5037
f 5030 5037 5031
f 5031 5037 5036
f 5031 5036 5035
f 5034 5033 5035
f 5035 5033 5032
f 5035 5032 5031
f 5040 5041 5042
f 5042 5041 5043
f 5042 5043 5044
f 5044 5043 5045
f 5044 5045 5046
f 5046 5045 5026
f 5026 5047 5046
f 5046 5047 5044
f 5044 5047 5042
f 5042 5047 5048
f 5042 5048 5049
f 5049 5050 5042
f 5042 5050 5040
f 5040 5050 5051
f 5040 5051 5052
f 5052 5053 5040
f 5053 5052 5040
f 5040 5052 5051
f 5040 5051 5050
f 5050 5049 5040
f 5040 5049 5041
f 5041 5049 5048
f 5041 5048 5043
f 5043 5048 5047
f 5043 5047 5045
f 5045 5047 5026
f 5054 5055 5056
f 5056 5055 5057
f 5056 5057 5058
f 5058 5059 5056
f 5056 5059 5060
f 5060 5061 5056
f 5056 5061 5062
f 5056 5062 5063
f 5063 5064 5056
f 5056 5064 5065
f 5056 5065 5066
f 5066 5065 5067
f 5066 5054 5056
f 5066 5067 5054
f 5054 5067 5065
f 5054 5065 5064
f 5054 5064 5055
f 5055 5064 5063
f 5055 5063 5057
f 5057 5063 5062
f 5057 5062 5058
f 5058 5062 5061
f 5058 5061 5059
f 5059 5061 5060
f 5060 5068 5069
f 5069 5068 5070
f 5070 5068 5071
f 5070 5071 5072
f 5072 5071 5073
f 5072 5073 5074
f 5075 5076 5074
f 5074 5076 5077
f 5074 5077 5078
f 5074 5078 5072
f 5072 5078 5079
f 5072 5079 5080
f 5072 5080 5070
f 5070 5080 5081
f 5070 5081 5069
f 5069 5081 5060
f 5060 5081 5068
f 5068 5081 5071
f 5071 5081 5080
f 5071 5080 5073
f 5073 5080 5079
f 5073 5079 5078
f 5078 5077 5073
f 5073 5077 5074
f 5074 5077 5076
f 5074 5076 5075

