# https://github.com/mikedh/trimesh

o shank_lr_1.stl
v -59.98819733 35.07996750 8.56307411
v -59.74707031 35.07996750 8.60202122
v -59.98819733 35.22996902 8.56307411
v -59.74707031 35.22996902 8.60202122
v -59.76005173 35.07996750 8.09646797
v -59.84421158 35.07996750 8.19955444
v -59.76005173 35.22996902 8.09646797
v -59.84421158 35.22996902 8.19955444
v -59.91296387 35.07996750 8.31034660
v -59.91296387 35.22996902 8.31034660
v -59.95750046 35.07996750 8.43324852
v -59.95750046 35.22996902 8.43324852
v -59.30218124 35.07996750 7.90262604
v -59.42825699 35.07996750 7.92411232
v -59.30218124 35.22996902 7.90262604
v -59.42825699 35.22996902 7.92411232
v -59.54814911 35.07996750 7.95996428
v -59.54814911 35.22996902 7.95996428
v -59.65740585 35.07996750 8.02053070
v -59.65740585 35.22996902 8.02053070
v -58.82312393 35.07996750 7.97896194
v -58.93871307 35.07996750 7.93544197
v -58.82312393 35.22996902 7.97896194
v -58.93871307 35.22996902 7.93544197
v -59.05671692 35.07996750 7.90605688
v -59.05671692 35.22996902 7.90605688
v -59.17841339 35.07996750 7.89827681
v -59.17841339 35.22996902 7.89827681
v -58.51855850 35.07996750 8.29480553
v -58.57834625 35.07996750 8.19992638
v -58.51855850 35.22996902 8.29480553
v -58.57834625 35.22996902 8.19992638
v -58.64686203 35.07996750 8.11354256
v -58.64686203 35.22996902 8.11354256
v -58.73035431 35.07996750 8.04173565
v -58.73035431 35.22996902 8.04173565
v -58.38250351 35.07996750 8.76447105
v -58.40020752 35.07996750 8.64230442
v -58.38250351 35.22996902 8.76447105
v -58.40020752 35.22996902 8.64230442
v -58.42671967 35.07996750 8.52270317
v -58.42671967 35.22996902 8.52270317
v -58.46810913 35.07996750 8.40743542
v -58.46810913 35.22996902 8.40743542
v -58.44640350 35.07996750 9.25959587
v -58.40975571 35.07996750 9.13859940
v -58.44640350 35.22996902 9.25959587
v -58.40975571 35.22996902 9.13859940
v -58.38478470 35.07996750 9.01603031
v -58.38478470 35.22996902 9.01603031
v -58.37831879 35.07996750 8.89096737
v -58.37831879 35.22996902 8.89096737
v -58.72164917 35.07996750 9.60104561
v -58.63481140 35.07996750 9.53026390
v -58.72164917 35.22996902 9.60104561
v -58.63481140 35.22996902 9.53026390
v -58.55788040 35.07996750 9.45146561
v -58.55788040 35.22996902 9.45146561
v -58.49729156 35.07996750 9.35945415
v -58.49729156 35.22996902 9.35945415
v -59.14453888 35.07996750 9.74648952
v -59.03241348 35.07996750 9.72864723
v -59.14453888 35.22996902 9.74648952
v -59.03241348 35.22996902 9.72864723
v -58.92374420 35.07996750 9.70080280
v -58.92374420 35.22996902 9.70080280
v -58.82091904 35.07996750 9.65606403
v -58.82091904 35.22996902 9.65606403
v -59.60639954 35.07996750 9.64965534
v -59.49668503 35.07996750 9.70035648
v -59.60639954 35.22996902 9.64965534
v -59.49668503 35.22996902 9.70035648
v -59.38373184 35.07996750 9.73612785
v -59.38373184 35.22996902 9.73612785
v -59.26562500 35.07996750 9.74815273
v -59.26562500 35.22996902 9.74815273
v -59.89406586 35.07996750 9.28883266
v -59.84258652 35.07996750 9.39551735
v -59.89406586 35.22996902 9.28883266
v -59.84258652 35.22996902 9.39551735
v -59.78021622 35.07996750 9.49341965
v -59.78021622 35.22996902 9.49341965
v -59.69912338 35.07996750 9.57622623
v -59.69912338 35.22996902 9.57622623
v -59.66658783 35.07996750 9.21378994
v -59.66658783 35.22996902 9.21378994
v -59.46182251 35.07996750 9.48138523
v -59.52753830 35.07996750 9.42591381
v -59.46182251 35.22996902 9.48138523
v -59.52753830 35.22996902 9.42591381
v -59.58478928 35.07996750 9.36378384
v -59.58478928 35.22996902 9.36378384
v -59.62925339 35.07996750 9.29159164
v -59.62925339 35.22996902 9.29159164
v -59.15733719 35.07996750 9.54419804
v -59.23713684 35.07996750 9.54557800
v -59.15733719 35.22996902 9.54419804
v -59.23713684 35.22996902 9.54557800
v -59.31499863 35.07996750 9.53796864
v -59.31499863 35.22996902 9.53796864
v -59.38948059 35.07996750 9.51465893
v -59.38948059 35.22996902 9.51465893
v -58.82241821 35.07996750 9.41564178
v -58.89887619 35.07996750 9.46627045
v -58.82241821 35.22996902 9.41564178
v -58.89887619 35.22996902 9.46627045
v -58.97945786 35.07996750 9.50641537
v -58.97945786 35.22996902 9.50641537
v -59.06653595 35.07996750 9.53003693
v -59.06653595 35.22996902 9.53003693
v -58.65159607 35.07996750 9.13418007
v -58.67870331 35.07996750 9.21404362
v -58.65159607 35.22996902 9.13418007
v -58.67870331 35.22996902 9.21404362
v -58.71426392 35.07996750 9.28875828
v -58.71426392 35.22996902 9.28875828
v -58.76403809 35.07996750 9.35481930
v -58.76403809 35.22996902 9.35481930
v -58.62560654 35.07996750 8.78696537
v -58.62232590 35.07996750 8.87450218
v -58.62560654 35.22996902 8.78696537
v -58.62232590 35.22996902 8.87450218
v -58.62437057 35.07996750 8.96163940
v -58.62437057 35.22996902 8.96163940
v -58.63531113 35.07996750 9.04811001
v -58.63531113 35.22996902 9.04811001
v -58.72661972 35.07996750 8.39572048
v -58.68864441 35.07996750 8.49017525
v -58.72661972 35.22996902 8.39572048
v -58.68864441 35.22996902 8.49017525
v -58.65791321 35.07996750 8.58654118
v -58.65791321 35.22996902 8.58654118
v -58.63852692 35.07996750 8.68589973
v -58.63852692 35.22996902 8.68589973
v -58.95492554 35.07996750 8.16020584
v -58.88402176 35.07996750 8.20554447
v -58.95492554 35.22996902 8.16020584
v -58.88402176 35.22996902 8.20554447
v -58.82083130 35.07996750 8.25843430
v -58.82083130 35.22996902 8.25843430
v -58.77009201 35.07996750 8.32352066
v -58.77009201 35.22996902 8.32352066
v -59.26506424 35.07996750 8.10278893
v -59.18479538 35.07996750 8.10237789
v -59.26506424 35.22996902 8.10278893
v -59.18479538 35.22996902 8.10237789
v -59.10601807 35.07996750 8.11002159
v -59.10601807 35.22996902 8.11002159
v -59.02972794 35.07996750 8.13108826
v -59.02972794 35.22996902 8.13108826
v -59.59069443 35.07996750 8.24646282
v -59.51836777 35.07996750 8.19024563
v -59.59069443 35.22996902 8.24646282
v -59.51836777 35.22996902 8.19024563
v -59.44098282 35.07996750 8.14533520
v -59.44098282 35.22996902 8.14533520
v -59.35541153 35.07996750 8.11871910
v -59.35541153 35.22996902 8.11871910
v -59.72826767 35.07996750 8.50392342
v -59.72826767 35.22996902 8.50392342
v -59.69890594 35.07996750 8.41061878
v -59.69890594 35.22996902 8.41061878
v -59.65085220 35.07996750 8.32579517
v -59.65085220 35.22996902 8.32579517
v -61.38992691 35.07996750 8.11591434
v -61.37152100 35.07996750 8.32629204
v -61.38992691 35.22996902 8.11591434
v -61.37152100 35.22996902 8.32629204
v -60.21156693 35.07996750 8.01282120
v -60.21156693 35.22996902 8.01282120
v -60.22380447 35.07996750 8.16706276
v -60.21540833 35.07996750 8.12892723
v -60.22380447 35.22996902 8.16706276
v -60.21540833 35.22996902 8.12892723
v -60.20993042 35.07996750 8.09055901
v -60.20993042 35.22996902 8.09055901
v -60.20930099 35.07996750 8.05180550
v -60.20930099 35.22996902 8.05180550
v -60.34716034 35.07996750 8.41680145
v -60.30893707 35.07996750 8.35797787
v -60.34716034 35.22996902 8.41680145
v -60.30893707 35.22996902 8.35797787
v -60.27461624 35.07996750 8.29724503
v -60.27461624 35.22996902 8.29724503
v -60.24707794 35.07996750 8.23319721
v -60.24707794 35.22996902 8.23319721
v -60.60992432 35.07996750 8.71182156
v -60.53992462 35.07996750 8.64186287
v -60.60992432 35.22996902 8.71182156
v -60.53992462 35.22996902 8.64186287
v -60.47211075 35.07996750 8.56998348
v -60.47211075 35.22996902 8.56998348
v -60.40827179 35.07996750 8.49459362
v -60.40827179 35.22996902 8.49459362
v -60.96967316 35.07996750 9.12377167
v -60.88815689 35.07996750 9.01358414
v -60.96967316 35.22996902 9.12377167
v -60.88815689 35.22996902 9.01358414
v -60.80132675 35.07996750 8.90794277
v -60.80132675 35.22996902 8.90794277
v -60.70746994 35.07996750 8.80830288
v -60.70746994 35.22996902 8.80830288
v -61.04878998 35.07996750 9.39598465
v -61.04440689 35.07996750 9.32369232
v -61.04878998 35.22996902 9.39598465
v -61.04440689 35.22996902 9.32369232
v -61.03103638 35.07996750 9.25387383
v -61.03103638 35.22996902 9.25387383
v -61.00412750 35.07996750 9.18778419
v -61.00412750 35.22996902 9.18778419
v -60.93655777 35.07996750 9.60734463
v -60.98009491 35.07996750 9.56273460
v -60.93655777 35.22996902 9.60734463
v -60.98009491 35.22996902 9.56273460
v -61.01517487 35.07996750 9.51362801
v -61.01517487 35.22996902 9.51362801
v -61.03619385 35.07996750 9.45704460
v -61.03619385 35.22996902 9.45704460
v -60.68613434 35.07996750 9.67549992
v -60.75352097 35.07996750 9.67547226
v -60.68613434 35.22996902 9.67549992
v -60.75352097 35.22996902 9.67547226
v -60.81837463 35.07996750 9.66643047
v -60.81837463 35.22996902 9.66643047
v -60.87884140 35.07996750 9.64178085
v -60.87884140 35.22996902 9.64178085
v -60.44149399 35.07996750 9.55851746
v -60.49410629 35.07996750 9.60521412
v -60.44149399 35.22996902 9.55851746
v -60.49410629 35.22996902 9.60521412
v -60.55154419 35.07996750 9.64205647
v -60.55154419 35.22996902 9.64205647
v -60.61663818 35.07996750 9.66327286
v -60.61663818 35.22996902 9.66327286
v -60.36840439 35.07996750 9.28744411
v -60.36817169 35.07996750 9.36045456
v -60.36840439 35.22996902 9.28744411
v -60.36817169 35.22996902 9.36045456
v -60.37760544 35.07996750 9.43072605
v -60.37760544 35.22996902 9.43072605
v -60.40407562 35.07996750 9.49617290
v -60.40407562 35.22996902 9.49617290
v -60.14141464 35.07996750 9.29086685
v -60.14141464 35.22996902 9.29086685
v -60.28174210 35.07996750 9.68974686
v -60.21923065 35.07996750 9.60007191
v -60.28174210 35.22996902 9.68974686
v -60.21923065 35.22996902 9.60007191
v -60.17242813 35.07996750 9.50464249
v -60.17242813 35.22996902 9.50464249
v -60.15001297 35.07996750 9.40028477
v -60.15001297 35.22996902 9.40028477
v -60.67514801 35.07996750 9.85711765
v -60.56600952 35.07996750 9.83979988
v -60.67514801 35.22996902 9.85711765
v -60.56600952 35.22996902 9.83979988
v -60.46249771 35.07996750 9.80969143
v -60.46249771 35.22996902 9.80969143
v -60.36891937 35.07996750 9.75700092
v -60.36891937 35.22996902 9.75700092
v -61.09375763 35.07996750 9.75037384
v -60.99682617 35.07996750 9.80589771
v -61.09375763 35.22996902 9.75037384
v -60.99682617 35.22996902 9.80589771
v -60.89548492 35.07996750 9.84495544
v -60.89548492 35.22996902 9.84495544
v -60.78726959 35.07996750 9.85833645
v -60.78726959 35.22996902 9.85833645
v -61.27418518 35.07996750 9.41080284
v -61.25405884 35.07996750 9.50900555
v -61.27418518 35.22996902 9.41080284
v -61.25405884 35.22996902 9.50900555
v -61.22035980 35.07996750 9.59997654
v -61.22035980 35.22996902 9.59997654
v -61.16391754 35.07996750 9.67883015
v -61.16391754 35.22996902 9.67883015
v -61.24881363 35.07996750 9.19659519
v -61.26260376 35.07996750 9.24927425
v -61.24881363 35.22996902 9.19659519
v -61.26260376 35.22996902 9.24927425
v -61.27236938 35.07996750 9.30242538
v -61.27236938 35.22996902 9.30242538
v -61.27534103 35.07996750 9.35637283
v -61.27534103 35.22996902 9.35637283
v -61.12253952 35.07996750 8.96620655
v -61.16037750 35.07996750 9.02041817
v -61.12253952 35.22996902 8.96620655
v -61.16037750 35.22996902 9.02041817
v -61.19497299 35.07996750 9.07638073
v -61.19497299 35.22996902 9.07638073
v -61.22378922 35.07996750 9.13546562
v -61.22378922 35.22996902 9.13546562
v -60.81253052 35.07996750 8.62294006
v -60.89371109 35.07996750 8.70547390
v -60.81253052 35.22996902 8.62294006
v -60.89371109 35.22996902 8.70547390
v -60.97308350 35.07996750 8.78961754
v -60.97308350 35.22996902 8.78961754
v -61.04906464 35.07996750 8.87679195
v -61.04906464 35.22996902 8.87679195
v -60.57921982 35.07996750 8.37644863
v -60.63553619 35.07996750 8.43995285
v -60.57921982 35.22996902 8.37644863
v -60.63553619 35.22996902 8.43995285
v -60.69319916 35.07996750 8.50220108
v -60.69319916 35.22996902 8.50220108
v -60.75245667 35.07996750 8.56295395
v -60.75245667 35.22996902 8.56295395
v -60.49717331 35.07996750 8.24979687
v -60.51538086 35.07996750 8.28294659
v -60.49717331 35.22996902 8.24979687
v -60.51538086 35.22996902 8.28294659
v -60.53488159 35.07996750 8.31526279
v -60.53488159 35.22996902 8.31526279
v -60.55644989 35.07996750 8.34624195
v -60.55644989 35.22996902 8.34624195
v -51.86524200 34.07996750 1.14770854
v -51.82390976 33.21435165 1.15884471
v -51.36524200 34.07996750 2.01373386
v -51.78248978 32.34874344 1.17012823
v -51.56765747 30.79870033 1.43397033
v -51.68666458 31.11134720 1.24968374
v -51.74098587 31.48314095 1.18155921
v -51.40432358 30.50095940 1.69608045
v -51.17958069 30.20985985 2.06501365
v -51.47599792 30.20985985 2.23950291
v -51.58803177 34.07996750 2.15115309
v -51.75775146 30.20985985 2.43679047
v -51.80245590 34.07996750 2.30129385
v -52.00778580 34.07996750 2.46364832
v -52.02309799 30.20985985 2.65565109
v -52.66126251 31.48314095 1.82594371
v -52.65781021 32.34874344 1.78303349
v -52.61582565 31.11134720 1.90029109
v -52.48335648 30.79870033 2.07514858
v -52.29291534 30.50095940 2.31828046
v -52.65424728 33.21435165 1.74025357
v -52.65057373 34.07996750 1.69760382
v -53.07058334 34.07996750 2.08916378
v -53.35272598 31.48314095 2.54863954
v -53.44747925 34.07996750 2.52238035
v -53.75001907 32.94212723 3.02409339
v -53.77715683 34.07996750 2.99253154
v -53.89931107 31.48314095 3.38628769
v -53.75113678 32.93951035 3.02606249
v -53.75225449 32.93688965 3.02803302
v -54.04824829 32.17637634 3.63119173
v -54.28232956 31.48314095 4.31024933
v -51.29368210 34.07996750 0.86065966
v -51.22997284 31.48314095 0.93203098
v -50.69266129 34.07996750 0.64190596
v -50.69558716 31.48314095 0.73753029
v -50.14373398 31.48314095 0.60020685
v -50.11928940 32.34874344 0.56477225
v -50.09481430 33.21435165 0.52950519
v -50.07030869 34.07996750 0.49440563
v -52.67896271 30.07996941 7.09173679
v -53.25126648 30.18919373 7.14486408
v -52.85523224 30.07996941 6.23805523
v -53.41500473 30.18919373 6.28702879
v -53.40271378 30.18919373 5.41379261
v -53.91105270 30.50095940 5.84483337
v -53.79383087 30.50095940 4.85492325
v -52.91819382 30.18919373 7.95217896
v -52.31056976 30.07996941 7.88175631
v -52.42943192 30.18919373 8.67592144
v -51.76991653 30.07996941 8.56552315
v -51.80498505 30.18919373 9.28646183
v -51.08615112 30.07996941 9.10617638
v -51.07041931 30.18919373 9.75880337
v -50.29613113 30.07996941 9.47456837
v -50.25580978 30.18919373 10.07360935
v -49.44244766 30.07996941 9.65083981
v -49.39450455 30.18919373 10.21799183
v -48.57112885 30.07996941 9.62548637
v -48.52176666 30.18919373 10.18603897
v -47.67332458 30.18919373 9.97906017
v -47.74682999 30.50095940 10.50776100
v -46.82616043 30.50095940 10.12561607
v -47.05090332 30.20985985 9.75668335
v -46.88391495 30.18919373 9.60552692
v -46.75448608 30.20985985 9.58219337
v -46.47273254 30.20985985 9.38490582
v -46.18585587 30.18919373 9.08073425
v -46.20738602 30.20985985 9.16604519
v -45.59810638 30.50095940 9.17181492
v -45.93756866 30.50095940 9.50341606
v -47.72914124 30.07996941 9.39987659
v -46.96187592 30.07996941 8.98617268
v -46.31070328 30.07996941 8.40667629
v -45.60772705 30.18919373 8.42616558
v -45.29307175 30.50095940 8.80829144
v -45.40455627 30.20985985 8.20926952
v -45.02545547 30.50095940 8.41640377
v -45.81072235 30.07996941 7.69262981
v -45.17319870 30.18919373 7.66861963
v -45.23509598 30.20985985 7.90994930
v -45.08973312 30.20985985 7.59821558
v -44.96936417 30.20985985 7.27600336
v -44.90005493 30.18919373 6.83911037
v -44.43882751 30.50095940 6.97635984
v -44.35642624 30.50095940 6.50902271
v -44.75248337 30.20985985 6.04599524
v -44.32060623 30.50095940 6.03583002
v -45.48888779 30.07996941 6.88252687
v -45.36255264 30.07996941 6.02004051
v -44.79948425 30.18919373 5.97159767
v -44.75538635 30.20985985 5.70204735
v -44.87559891 30.18919373 5.10159779
v -44.78536606 30.20985985 5.35939598
v -44.84223175 30.20985985 5.02016878
v -45.12528610 30.18919373 4.26472902
v -44.53259277 30.50095940 4.49540138
v -44.69489670 30.50095940 4.04947376
v -45.26940918 30.20985985 3.84650922
v -44.90047455 30.50095940 3.62176752
v -45.43852615 30.07996941 5.15166759
v -45.71271133 30.07996941 4.32422209
v -45.53831863 30.18919373 3.49525261
v -46.17033005 30.07996941 3.58231211
v -46.09779739 30.18919373 2.82467079
v -46.78670502 30.07996941 2.96593404
v -46.78080750 30.18919373 2.28043771
v -47.52861786 30.07996941 2.50831723
v -47.55938721 30.18919373 1.88483381
v -48.35606003 30.07996941 2.23413181
v -48.40166855 30.18919373 1.65405548
v -49.22443390 30.07996941 2.15815902
v -49.27315903 30.18919373 1.59755063
v -50.13818741 30.18919373 1.71763289
v -49.66669464 30.20985985 1.58097064
v -50.00592041 30.20985985 1.63783634
v -50.53068924 30.50095940 1.32819951
v -50.07090378 30.50095940 1.21075594
v -50.08692169 30.07996941 2.28449464
v -50.96133804 30.18919373 2.00938582
v -50.97661591 30.50095940 1.49050391
v -50.89702225 30.07996941 2.60632801
v -51.70890427 30.18919373 2.46086502
v -52.35028839 30.18919373 3.05358696
v -52.96690369 30.50095940 3.05272388
v -52.85923004 30.18919373 3.76328540
v -53.47451401 30.50095940 3.91062379
v -53.21489334 30.18919373 4.56090546
v -51.61107254 30.07996941 3.10630870
v -52.19056702 30.07996941 3.75748301
v -52.60427094 30.07996941 4.52474594
v -52.82987976 30.07996941 5.36673403
v -48.72660446 30.50095940 10.69134235
v -49.72316742 30.50095940 10.66843033
v -50.69347382 30.50095940 10.44001484
v -51.59560394 30.50095940 10.01596260
v -52.39059830 30.50095940 9.41458988
v -53.04411316 30.50095940 8.66187286
v -53.52791977 30.50095940 7.79032612
v -53.82112122 30.50095940 6.83759499
v -49.32404327 30.20985985 1.55099249
v -48.98009491 30.20985985 1.54808819
v -48.51706696 30.50095940 1.15203047
v -48.04973221 30.50095940 1.23443460
v -48.99026108 30.50095940 1.11621177
v -47.59282303 30.50095940 1.36261749
v -47.75008774 30.20985985 1.76497173
v -47.42787552 30.20985985 1.88533807
v -47.11614227 30.20985985 2.03070188
v -46.81682205 30.20985985 2.20016074
v -46.21780014 30.50095940 2.08867836
v -46.60968781 30.50095940 1.82106221
v -45.85427475 30.50095940 2.39371085
v -45.86004639 30.20985985 3.00299144
v -45.52267456 30.50095940 2.73317385
v -45.64118576 30.20985985 3.26833773
v -45.44389725 30.20985985 3.55009341
v -44.41514969 30.50095940 4.95518541
v -44.56701279 30.50095940 7.43326616
v -53.31966400 31.11130333 2.64554667
v -53.87404251 31.11130333 3.52481341
v -54.24699402 31.11130333 4.49504852
v -54.36164856 31.34468651 4.65544271
v -54.41001511 31.23040199 5.02938271
v -54.43593597 31.15534592 5.43470907
v -54.42429352 31.11130333 5.51926184
v -54.44552994 31.12755966 5.85931158
v -54.20697784 30.79870033 5.54886770
v -54.18073654 30.79870033 6.54137707
v -53.16216278 30.79870033 2.79970574
v -53.68787003 30.79870033 3.64196181
v -54.04058838 30.79870033 4.57005262
v -53.96286011 30.79870033 7.51003265
v -54.35228729 31.12770271 6.89005613
v -54.39913177 31.11130333 6.55883074
v -53.56159210 30.79870033 8.41818905
v -53.75314713 31.11130333 8.52412033
v -54.17251205 31.11130333 7.57319164
v -54.06605530 31.13773155 7.88459444
v -53.60085678 31.15715027 8.80775070
v -53.15724564 31.11130333 9.37517452
v -52.97069931 31.18546486 9.62434864
v -52.40828705 31.11130333 10.09357452
v -52.51079559 31.26015854 10.07884979
v -52.04774857 31.42671967 10.45205116
v -51.53545380 31.11130333 10.65235996
v -51.92343903 31.48314095 10.53413105
v -51.07334518 31.48314095 10.95332241
v -50.56307220 31.11130333 11.03365326
v -50.16313171 31.48314095 11.21769619
v -49.53998947 31.11130333 11.21734810
v -49.22074890 31.48314095 11.31913567
v -48.50070953 31.11130333 11.19873047
v -48.27512360 31.48314095 11.25452709
v -47.48485947 31.11130333 10.97850990
v -47.35529327 31.48314095 11.02585411
v -46.54382324 31.11134720 10.57201290
v -46.48949814 31.48314095 10.64013767
v -52.99211121 30.79870033 9.23148918
v -52.27596664 30.79870033 9.91916466
v -51.44024658 30.79870033 10.45520020
v -50.51656723 30.79870033 10.81931782
v -49.53987503 30.79870033 10.99773979
v -48.54711914 30.79870033 10.98371887
v -47.57585526 30.79870033 10.77778435
v -46.66282654 30.79870033 10.38772583
v -51.10193634 30.79870033 1.20873868
v -50.93597794 31.11130333 0.90842152
v -50.61580658 30.79870033 1.03180218
v -50.14155960 31.11134720 0.68731171
v -50.11426544 30.79870033 0.90497816
v -49.11524200 34.07996750 0.41084826
v -49.08501434 33.21435165 0.44115928
v -49.11524200 34.07996750 1.41084826
v -49.05478668 32.34874344 0.47164044
v -49.00065994 30.79870033 0.80755019
v -49.01157761 31.11134720 0.58845103
v -49.02455902 31.48314095 0.50229174
v -49.37689590 34.07996750 1.41846156
v -49.63766098 34.07996750 1.44127572
v -49.89665985 34.07996750 1.47921336
v -48.47673035 34.07996750 0.44803730
v -48.45724487 31.48314095 0.54170066
v -47.84685516 34.07996750 0.55910146
v -47.89720154 31.48314095 0.64045125
v -47.35062027 31.48314095 0.79745209
v -47.31173325 32.34874344 0.77898771
v -47.27290344 33.21435165 0.76068330
v -47.23413086 34.07996750 0.74253887
v -48.48471451 30.79870033 0.84535581
v -48.19083023 31.11130333 0.66825241
v -47.97524643 30.79870033 0.93518883
v -47.39229202 31.11134720 0.87397480
v -47.47748566 30.79870033 1.07612658
v -46.36524200 34.07996750 1.14770854
v -46.35422134 33.21435165 1.18907261
v -46.86524200 34.07996750 2.01373386
v -46.34328079 32.34874344 1.23058403
v -46.46435928 30.79870033 1.54855478
v -46.36426544 31.11134720 1.35335040
v -46.33243179 31.48314095 1.27224255
v -47.09564590 34.07996750 1.88950133
v -47.33288193 34.07996750 1.77887583
v -47.57615280 34.07996750 1.68223143
v -46.03644180 30.79870033 1.83926749
v -45.64014816 30.79870033 2.17179942
v -45.27954102 30.79870033 2.54273462
v -44.35210419 34.07996750 3.16084838
v -44.36323929 33.21435165 3.20218205
v -45.21812820 34.07996750 3.66084838
v -44.37452316 32.34874344 3.24360061
v -44.63836288 30.79870033 3.45843220
v -44.45407867 31.11134720 3.33942747
v -44.38595200 31.48314095 3.28510404
v -45.35554886 34.07996750 3.43805790
v -45.50568771 34.07996750 3.22363472
v -45.66804123 34.07996750 3.01830411
v -45.03033829 31.48314095 2.36482763
v -44.98742676 32.34874344 2.36828113
v -45.10468674 31.11134720 2.41026402
v -44.94464874 33.21435165 2.37184405
v -44.90199661 34.07996750 2.37551641
v -44.41313171 30.79870033 3.92415595
v -44.23619461 30.79870033 4.41028500
v -44.10937119 30.79870033 4.91182613
v -45.83087158 34.07996750 1.49917066
v -45.86082458 31.48314095 1.59002912
v -45.34091187 34.07996750 1.91029322
v -45.42518997 31.48314095 1.95557094
v -45.69338226 31.11130333 1.83283257
v -44.35210419 34.07996750 8.66084862
v -44.39346695 33.21435165 8.67187119
v -45.21812820 34.07996750 8.16084862
v -44.43497849 32.34874344 8.68280792
v -44.75294876 30.79870033 8.56173038
v -44.55774307 31.11134720 8.66182518
v -44.47663498 31.48314095 8.69366074
v -45.09389496 34.07996750 7.93044472
v -44.98326874 34.07996750 7.69320726
v -44.88662720 34.07996750 7.44993877
v -44.00184631 31.48314095 7.67546940
v -43.98338318 32.34874344 7.71435690
v -44.07836914 31.11134720 7.63380051
v -44.28052139 30.79870033 7.54860497
v -43.96507645 33.21435165 7.75318718
v -43.94693375 34.07996750 7.79195929
v -43.76349640 34.07996750 7.17923546
v -43.84484482 31.48314095 7.12888908
v -43.74609375 31.48314095 6.56884623
v -43.65243149 34.07996750 6.54935932
v -43.70668411 31.48314095 6.00153160
v -43.61524200 34.07996750 5.91084814
v -43.64555359 33.21435165 5.94107628
v -43.67603302 32.34874344 5.97130394
v -44.70356369 34.07996750 9.19522095
v -44.79442215 31.48314095 9.16526508
v -45.11468887 34.07996750 9.68517685
v -45.15996552 31.48314095 9.60090065
v -45.56922150 31.48314095 9.99575329
v -45.57267380 32.34874344 10.03866291
v -45.57623672 33.21435165 10.08144283
v -45.57991028 34.07996750 10.12409306
v -43.87264633 31.11130333 6.83525944
v -43.79284668 31.11134720 6.01451492
v -44.13958359 30.79870033 7.05084562
v -44.04975128 30.79870033 6.54137707
v -44.01194382 30.79870033 6.02543259
v -45.04366302 30.79870033 8.98964882
v -45.03722763 31.11130333 9.33270931
v -45.37619400 30.79870033 9.38594437
v -45.61465836 31.11134720 9.92140579
v -45.74712753 30.79870033 9.74654770
v -46.36524200 34.07996750 10.67398834
v -46.40657806 33.21435165 10.66285229
v -46.86524200 34.07996750 9.80796242
v -46.44799423 32.34874344 10.65156841
v -46.64245224 34.07996750 9.67054367
v -46.42802811 34.07996750 9.52040291
v -46.22269821 34.07996750 9.35804844
v -47.34439850 34.07996750 11.11797047
v -48.39122391 34.07996750 11.36298466
v -49.46570969 34.07996750 11.39967060
v -50.52680588 34.07996750 11.22662544
v -50.52209091 33.12104416 11.19322968
v -50.52685165 33.11499786 11.19173908
v -50.53682327 33.10233688 11.18858624
v -50.87875748 32.66717911 11.06883812
v -51.22107315 32.24276352 10.92352390
v -51.56792068 31.84333420 10.74712753
v -44.11281586 31.11130333 4.09011364
v -43.89170456 31.11134720 4.88453197
v -44.13642502 31.48314095 3.79611754
v -43.94192505 31.48314095 4.33050394
v -43.80459976 31.48314095 4.88235664
v -44.61524200 34.07996750 5.91084814
v -44.62285614 34.07996750 5.64919662
v -44.64566803 34.07996750 5.38843012
v -44.68360901 34.07996750 5.12943125
v -43.76916504 32.34874344 4.90680265
v -43.73389816 33.21435165 4.93127823
v -43.69879913 34.07996750 4.95578337
v -44.06505203 34.07996750 3.73240948
v -43.84630203 34.07996750 4.33343029
v -52.70628738 30.07996941 6.22502422
v -52.67712402 30.07996941 5.35650110
v -52.44095993 30.07996941 4.52019501
v -52.01151657 30.07996941 3.76470876
v -51.41374969 30.07996941 3.13394833
v -50.68240356 30.07996941 2.66457105
v -49.85998154 30.07996941 2.38385558
v -48.99427414 30.07996941 2.30811620
v -48.13560104 30.07996941 2.44175458
v -47.33385849 30.07996941 2.77700400
v -46.63564301 30.07996941 3.29438090
v -46.08153534 30.07996941 3.96381760
v -45.70373535 30.07996941 4.74640846
v -45.52419662 30.07996941 5.59667253
v -45.55335999 30.07996941 6.46519518
v -45.78952408 30.07996941 7.30150127
v -46.21897125 30.07996941 8.05698776
v -46.81673431 30.07996941 8.68774796
v -47.54808044 30.07996941 9.15712547
v -48.37050629 30.07996941 9.43784046
v -49.23620987 30.07996941 9.51358032
v -50.09488678 30.07996941 9.37994194
v -50.89662552 30.07996941 9.04469299
v -51.59484100 30.07996941 8.52731514
v -52.14894867 30.07996941 7.85787916
v -52.52675247 30.07996941 7.07528782
v -54.39327621 31.73864174 4.46603489
v -54.32387543 31.80044556 4.29564095
v -54.29948807 31.85389900 4.22279787
v -54.27429581 31.90875244 4.15046310
v -54.42416763 32.02236557 4.31998587
v -54.39077759 32.06763458 4.24504900
v -54.29948807 32.52434921 3.86118770
v -54.30715561 32.18217850 4.06435776
v -54.21960449 32.30312347 3.88423681
v -54.14163589 32.19059372 3.80817389
v -53.99173355 32.49316406 3.47742677
v -53.88878250 32.69041824 3.27442408
v -53.75262070 32.93756104 3.02857780
v -54.45679855 31.97849083 4.39496851
v -54.59016418 31.96456528 4.57582998
v -54.85310364 32.13758850 4.62818050
v -53.75299072 32.93822861 3.02912235
v -53.91104507 32.72731400 3.30313396
v -54.03416824 32.55931091 3.52656531
v -54.21020508 32.04646301 3.97785926
v -55.06373215 31.98377037 4.94982290
v -54.98920441 31.87955284 5.07559252
v -54.66941452 31.69540787 5.00527287
v -54.56204605 31.59027481 4.95899200
v -54.60577011 31.54311943 5.15155458
v -54.68385315 31.48165321 5.66209507
v -54.68393326 31.46820450 5.86061430
v -54.82364655 31.58988953 5.67494154
v -55.04026413 31.68245697 5.86015272
v -55.21994781 31.73728752 5.69160175
v -55.45290375 31.73327827 5.85794306
v -55.34968567 31.77037048 5.55995464
v -55.06552887 31.82231140 5.24926805
v -55.22446823 31.85639572 5.25701952
v -54.72275925 31.64902306 5.19089508
v -53.39049911 31.33691597 9.25415802
v -53.15047836 31.55011368 9.76437283
v -53.65161133 31.66180611 9.43288708
v -53.42260742 31.78584862 9.99947166
v -53.78586960 31.74686623 9.52958679
v -53.96305847 31.80753708 9.66022301
v -54.12114334 31.72298241 9.04013824
v -54.30899429 31.78167534 9.15236187
v -54.40647507 31.70340538 8.51914501
v -54.60327530 31.76049042 8.61225128
v -54.63969803 31.68826866 7.97217512
v -54.84373856 31.74412346 8.04558086
v -54.92251587 31.67260170 6.93315029
v -55.13530731 31.72720146 6.96978760
v -55.42723465 31.73088455 6.46517467
v -53.73676682 31.84908295 10.28617859
v -54.12707520 31.81860924 9.82149506
v -54.47088242 31.79245758 9.32137489
v -54.76633072 31.77075195 8.79084492
v -55.01155472 31.75362015 8.23493195
v -55.20468903 31.74118042 7.65866470
v -55.34386826 31.73356056 7.06706953
v -54.76134491 31.59385490 6.90568256
v -54.44651794 31.28739357 6.85319853
v -54.18363190 31.29784966 7.81462097
v -53.96687698 31.30794525 8.32048512
v -53.70180511 31.32099724 8.80206490
v -53.97883987 31.63997078 8.95689774
v -54.25740814 31.62206268 8.44994736
v -54.48515701 31.60820770 7.91750145
v -52.12487411 32.39721680 10.83762074
v -52.61236954 32.19287872 10.74287033
v -52.07658386 32.24750519 10.73671913
v -52.36308670 32.01630020 10.56912899
v -51.93391037 32.11872482 10.68745327
v -52.12358475 31.76956177 10.49656200
v -51.77605820 31.95038605 10.67385292
v -51.41682053 32.26192093 10.85434246
v -51.23562241 32.42951965 10.93503094
v -51.05346680 32.60283661 11.00964355
v -51.12345886 32.67265320 11.00269508
v -50.94326019 32.80561829 11.06309128
v -50.98622513 32.84686661 11.06090832
v -50.75768661 32.98144531 11.12584877
v -51.08124924 32.86408997 11.04993248
v -50.54595184 33.11005783 11.18645668
v -50.52893448 33.11703873 11.19121265
v -50.53772354 33.11384583 11.18879223
v -50.52949142 33.11763000 11.19113445
v -50.52579117 33.11933899 11.19218445
v -50.89429474 32.75696945 11.06977177
v -50.73607635 32.96039963 11.12891197
v -50.71132660 32.93581772 11.13334751
v -50.52758789 33.11571884 11.19153023
v -51.18513489 32.73116684 11.00421906
v -51.61103058 32.62371445 10.93681431
v -51.41228485 32.60152435 10.93875122
v -51.63707352 32.47679520 10.87260342
v -51.53328705 32.38081360 10.85305405
v -50.52832794 33.11643600 11.19134045
v -51.32929993 32.52381134 10.92979622
v -52.76918793 32.12902451 10.70782375
v -52.58175659 32.09585953 10.63368607
v -52.50711823 31.96704102 10.51757622
v -52.31169891 31.87541771 10.48909473
v -52.25564575 31.72224045 10.42842293
v -52.20550537 31.76058197 10.46406937
v -52.61078262 31.40807724 10.06969929
v -52.86029816 31.71772003 10.18014622
v -52.98119354 31.81227303 10.25955296
v -53.26274490 31.94233513 10.52119827
v -52.74851990 32.33883667 10.91341877
v -52.16083145 32.49712753 10.90302372
v -51.59457779 32.77321625 10.98817253
v -51.09268188 33.06175613 11.07457542
v -50.54686737 33.11847305 11.18660641
v -51.64961243 33.00375366 11.02376175
v -52.17312622 32.71473312 10.99502468
v -52.74536133 32.59927368 11.05082130
v -52.20845795 32.94543457 11.03500366
v -52.75998306 32.88775253 11.10811615
v -59.24522400 31.43033600 11.71664715
v -65.69019318 30.85923576 12.94735050
v -72.19850922 30.21315384 13.81154919
v -72.13516998 30.28813553 14.17805290
v -72.09344482 30.49573326 14.49288845
v -65.64847565 31.06683350 13.26218605
v -72.07934570 30.80606270 14.71073246
v -65.63437653 31.37716293 13.48003006
v -72.09490204 31.17444992 14.80022430
v -59.18939972 31.94826508 12.24932766
v -59.20349884 31.63793373 12.03148365
v -75.02024078 31.04506874 15.36345291
v -75.03659821 30.67323303 15.27917957
v -74.04411316 31.05945396 15.17449093
v -73.55400848 30.85184669 15.04433537
v -73.06872559 31.10259247 14.98669529
v -73.18571472 30.87032509 14.97354794
v -72.81763458 30.89287186 14.90294456
v -73.19322205 30.60909081 14.85932255
v -72.82228851 30.63196754 14.78833008
v -73.21564484 30.38945389 14.67940521
v -72.84226990 30.41254997 14.60817814
v -73.24071503 30.26724243 14.51377678
v -72.86592865 30.29040146 14.44248390
v -73.28061676 30.16748428 14.27738380
v -72.90462494 30.19058609 14.20612144
v -73.20123291 30.13918304 14.00054836
v -73.56436157 30.59031296 14.93050098
v -75.07830811 30.36063004 15.06430340
v -73.58924103 30.37048149 14.75081825
v -73.61571503 30.24822617 14.58525562
v -75.13928986 30.15278435 14.75011635
v -73.65682983 30.14853668 14.34883308
v -75.21067047 30.07996941 14.38237286
v -74.20557404 30.09477615 14.19087696
v -93.34407806 30.67323303 18.83280182
v -87.24158478 30.67323303 17.64826012
v -93.32772064 31.04506874 18.91707420
v -81.13909149 30.67323303 16.46372032
v -81.18080139 30.36063004 16.24884415
v -81.24178314 30.15278435 15.93465614
v -87.34427643 30.15278435 17.11919594
v -93.51815033 30.07996941 17.93599510
v -93.44676971 30.15278435 18.30373764
v -93.38578796 30.36063004 18.61792564
v -87.28329468 30.36063004 17.43338394
v -95.73315430 31.04502678 19.29762459
v -96.94435120 31.04506874 19.42487335
v -96.03952026 30.78796959 19.29018974
v -96.95182800 30.67323303 19.33935547
v -96.05170441 30.55057907 19.18325424
v -96.97090912 30.36063004 19.12130165
v -96.06619263 30.38660812 19.05602646
v -96.09183502 30.21232796 18.83088112
v -95.61592865 30.38660431 19.00175285
v -95.64450836 30.21232605 18.77696228
v -95.16641235 30.38660240 18.94160461
v -95.19792938 30.21232605 18.71720695
v -95.23497009 30.10722160 18.45349312
v -94.68328857 30.07996941 18.14117622
v -95.85486603 30.07996941 18.30567360
v -95.67810059 30.10722160 18.51278687
v -96.12197113 30.10722160 18.56628609
v -96.99880219 30.15278435 18.80246735
v -97.03145599 30.07996941 18.42928505
v -95.14859772 30.55057144 19.06841087
v -95.13362885 30.78796005 19.17499352
v -94.52712250 31.04502678 19.12828827
v -95.58619690 30.78796196 19.23554993
v -95.59977722 30.55057335 19.12878036
v -102.19934845 31.04506874 19.88462639
v -102.20683289 30.67323303 19.79910851
v -102.22590637 30.36063004 19.58105278
v -102.25379944 30.15278435 19.26222038
v -102.28645325 30.07996941 18.88903809
v -104.09015656 31.04506874 3.23194814
v -103.66252136 31.04506874 3.16047192
v -104.21596527 30.78837395 3.31082416
v -103.65503693 30.67323303 3.24599075
v -104.18551636 30.55125999 3.41364717
v -103.63596344 30.36063004 3.46404481
v -104.14907837 30.38660049 3.53675008
v -104.08496857 30.21253586 3.75353789
v -104.61915588 30.38660049 3.72383118
v -104.51725769 30.21253586 3.92572284
v -105.03350067 30.38660049 3.97545457
v -104.90263367 30.21253586 4.15976906
v -105.39525604 30.38660049 4.26872206
v -105.24258423 30.21253586 4.43546772
v -105.98619080 30.38660049 4.93113184
v -105.80496979 30.21253586 5.06635857
v -106.44553375 30.38660049 5.65147591
v -106.24726105 30.21253586 5.75997734
v -106.80601501 30.38660049 6.40160227
v -106.59655762 30.21253586 6.48758125
v -107.08222198 30.38660049 7.17269468
v -106.86579895 30.21253586 7.23939371
v -107.28820801 30.38660049 7.95652390
v -107.06748962 30.21253586 8.00621414
v -107.43560791 30.38660049 8.74645233
v -107.21205139 30.21253586 8.78060436
v -107.57482910 30.38660049 10.33544540
v -107.34873199 30.21253586 10.34156799
v -107.53050232 30.38660049 11.92445374
v -107.30496216 30.21253586 11.90475082
v -107.30353546 30.38660049 13.49726391
v -107.08179474 30.21253586 13.45196438
v -107.11842346 30.38660049 14.27232742
v -106.90003967 30.21253586 14.21373081
v -106.88388062 30.38660049 15.03701973
v -106.66993713 30.21253586 14.96448231
v -106.43653870 30.38660049 16.15993690
v -106.23152161 30.21253586 16.06476593
v -105.85678864 30.38660049 17.23826408
v -105.66551971 30.21253586 17.11719131
v -105.50302124 30.38660049 17.74988937
v -105.32223511 30.21253586 17.61393738
v -105.09840393 30.38660049 18.23694611
v -104.93154144 30.21253586 18.08442497
v -104.63532257 30.38660049 18.69217491
v -104.48704529 30.21253586 18.52122498
v -104.09857178 30.38660049 19.09445381
v -103.97709656 30.21253586 18.90373802
v -103.69111633 30.38660049 19.32031059
v -103.59420776 30.21253586 19.11607742
v -103.23951721 30.38660049 19.49608612
v -103.17418671 30.21253586 19.27957153
v -102.74401093 30.38660049 19.59860992
v -102.71850586 30.21253586 19.37398338
v -102.68849182 30.10742569 19.11001587
v -102.84869385 30.07996941 18.85324860
v -103.09735870 30.10742569 19.02513504
v -103.38217926 30.07996941 18.66998291
v -103.48024750 30.10742569 18.87607956
v -103.83425140 30.10742569 18.67963219
v -103.60807037 30.15278435 3.78287864
v -104.00959778 30.10742569 4.00829077
v -104.39745331 30.10742569 4.16296387
v -104.74877930 30.10742569 4.37634373
v -105.06307983 30.10742569 4.63138819
v -105.59192657 30.10742569 5.22523546
v -106.01418304 30.10742569 5.88745165
v -106.35036469 30.10742569 6.58859301
v -106.61143494 30.10742569 7.31775284
v -106.80809021 30.10742569 8.06458950
v -106.94931030 30.10742569 8.82071972
v -107.08302307 30.10742569 10.34874630
v -107.03990173 30.10742569 11.88158798
v -106.82119751 30.10742569 13.39873505
v -106.64337158 30.10742569 14.14488220
v -106.41848755 30.10742569 14.87925816
v -105.99054718 30.10742569 15.95294952
v -105.44069672 30.10742569 16.97493935
v -105.10971069 30.10742569 17.45419693
v -104.73537445 30.10742569 17.90521240
v -104.31270599 30.10742569 18.32035637
v -103.57541656 30.07996941 4.15605974
v -104.12274170 30.07996941 4.28902292
v -104.61644745 30.07996941 4.56228828
v -105.04377747 30.07996941 4.93042183
v -105.40876007 30.07996941 5.36159754
v -105.98575592 30.07996941 6.33144712
v -106.39288330 30.07996941 7.38499451
v -106.66086578 30.07996941 8.48383522
v -106.81224060 30.07996941 9.60275269
v -106.85987091 30.07996941 10.73176956
v -106.81220245 30.07996941 11.86167336
v -106.66761780 30.07996941 12.98288918
v -106.42286682 30.07996941 14.08578396
v -106.07469940 30.07996941 15.16072369
v -105.61904907 30.07996941 16.19697571
v -105.03807068 30.07996941 17.16538048
v -104.69145966 30.07996941 17.61027336
v -104.30249023 30.07996941 18.02092552
v -103.86734009 30.07996941 18.38190079
v -102.75852966 30.55125999 19.72616768
v -102.77066803 30.78837395 19.83271599
v -102.63301086 31.04506874 19.88852692
v -103.05393982 31.04506874 19.83082390
v -103.30771637 30.78837395 19.72173691
v -103.27665710 30.55125999 19.61903763
v -103.74620819 30.55125999 19.43628311
v -103.81067657 31.04506874 19.57218742
v -103.79226685 30.78837395 19.53314781
v -104.16762543 30.55125999 19.20274353
v -104.22534180 30.78837395 19.29319000
v -104.44909668 31.04506874 19.19477844
v -104.79002380 30.78837395 18.87029648
v -104.98841095 31.04506874 18.74806023
v -105.27246857 30.78837395 18.39585876
v -105.45140076 31.04506874 18.25863838
v -105.69158173 30.78837395 17.89152908
v -105.85401917 31.04506874 17.74317551
v -106.05625153 30.78837395 17.36439133
v -106.50828552 31.04506874 16.65335846
v -106.65030670 30.78837395 16.25907516
v -107.00827789 31.04506874 15.51325321
v -107.10692596 30.78837395 15.11258221
v -107.38777161 31.04506874 14.34458828
v -107.34608459 30.78837395 14.33337307
v -107.53468323 30.78837395 13.54446602
v -107.42947388 30.55125999 13.52298450
v -107.65859985 30.55125999 11.93564987
v -107.65303040 31.04506874 13.15437794
v -107.76560974 30.78837395 11.94500542
v -107.70323944 30.55125999 10.33198166
v -107.80867767 31.04506874 11.94875813
v -107.85934448 31.04506874 10.73386765
v -107.81050873 30.78837395 10.32909679
v -107.80757141 31.04506874 9.51570415
v -107.66864777 30.78837395 8.71089554
v -107.64299774 31.04506874 8.29942322
v -107.51830292 30.78837395 7.90477371
v -107.34915924 31.04506874 7.09044647
v -107.30785370 30.78837395 7.10322380
v -107.02440643 30.78837395 6.31204605
v -106.92499542 30.55125999 6.35279846
v -106.55818176 30.55125999 5.58988571
v -106.88941193 31.04506874 5.90406752
v -106.65230560 30.78837395 5.53845549
v -106.08916473 30.55125999 4.85436773
v -106.58068848 31.04506874 5.32667732
v -106.17522430 30.78837395 4.79026556
v -105.48202515 30.55125999 4.17405653
v -106.20973206 31.04506874 4.76437473
v -105.75741577 31.04506874 4.23078680
v -105.55454254 30.78837395 4.09499931
v -105.19493103 31.04506874 3.74815130
v -105.17002869 30.78837395 3.78340530
v -104.72547150 30.78837395 3.51344204
v -104.67707062 30.55125999 3.60919237
v -104.49449921 31.04506874 3.36190391
v -105.10787201 30.55125999 3.87080574
v -107.20515442 30.55125999 7.13483572
v -107.41357422 30.55125999 7.92832136
v -107.56257629 30.55125999 8.72707367
v -107.24246216 30.55125999 14.30559254
v -107.00540161 30.55125999 15.07819653
v -106.55300140 30.55125999 16.21396255
v -105.96545410 30.55125999 17.30699539
v -105.60574341 30.55125999 17.82707214
v -105.19322968 30.55125999 18.32353973
v -104.71958923 30.55125999 18.78923416
v -79.51097107 30.67323303 1.13365841
v -87.55899811 30.67323303 1.83776915
v -79.51845551 31.04506874 1.04813969
v -95.60701752 30.67323303 2.54187989
v -95.58794403 30.36063004 2.75993419
v -95.56004333 30.15278435 3.07876801
v -87.51202393 30.15278435 2.37465715
v -79.43135071 30.07996941 2.04372764
v -79.46399689 30.15278435 1.67054641
v -79.49189758 30.36063004 1.35171258
v -87.53991699 30.36063004 2.05582333
v -76.67950439 31.04292297 1.64516973
v -75.87096405 31.04506874 2.19818997
v -76.30763245 30.78698349 1.92448294
v -75.92613983 30.67323303 2.26395130
v -76.36800385 30.54990387 2.01371336
v -76.06684113 30.36063004 2.43162847
v -76.44027710 30.38521004 2.12052512
v -76.56752777 30.21128464 2.30855274
v -76.85789490 30.38487053 1.87078905
v -76.96501923 30.21113396 2.07079434
v -77.75855255 30.38463402 1.50456715
v -77.82228851 30.21102905 1.72217488
v -78.18452454 30.38471985 1.40023470
v -78.22774506 30.21106720 1.62287986
v -78.40058899 30.38480759 1.36270726
v -78.43341064 30.21110535 1.58717263
v -78.61811829 30.38492584 1.33512449
v -78.64047241 30.21115875 1.56093574
v -78.65323639 30.14960098 1.68990135
v -78.66673279 30.10666847 1.82608604
v -78.47196960 30.10665703 1.85072827
v -78.64771271 30.07996941 2.05226898
v -78.27851105 30.10664940 1.88428831
v -77.88084412 30.07996941 2.21351933
v -77.89712524 30.10664177 1.97766221
v -77.09078217 30.10666275 2.30564833
v -77.85868835 30.14953232 1.84644115
v -77.02619171 30.14958763 2.18502164
v -76.27256775 30.15278435 2.67680240
v -76.64021301 30.14966774 2.41595531
v -76.71695709 30.10669136 2.52937913
v -76.51335907 30.07996941 2.96376777
v -77.16017151 30.07996941 2.52128959
v -78.60540009 30.54948044 1.20681632
v -78.59477234 30.78638458 1.09956527
v -78.53893280 31.04292297 1.05889380
v -77.58035278 31.04219818 1.26048291
v -78.13938904 30.78594780 1.16787708
v -78.36631012 30.78613472 1.12849367
v -78.38191986 30.54930496 1.23514676
v -76.74616241 30.78626633 1.66210854
v -77.69201660 30.78576660 1.27742207
v -77.72232056 30.54904556 1.38087785
v -78.15994263 30.54917336 1.27369595
v -76.79703522 30.54939842 1.75712979
v -78.25243378 30.14955139 1.75002646
v -78.45215607 30.14957237 1.71536326
v -75.54321289 31.04506874 2.47320032
v -74.38768005 31.06180763 3.44204807
v -74.98455048 30.82433319 2.98717785
v -74.43512726 30.69513130 3.51136732
v -75.05480194 30.56355858 3.07548523
v -74.56676483 30.38528252 3.67921185
v -75.16839600 30.34401321 3.21477199
v -75.27432251 30.22146034 3.34323096
v -75.31537628 30.34117889 3.09293795
v -75.42189789 30.21867561 3.22154927
v -75.46236420 30.33887863 2.97106981
v -75.56948090 30.21642685 3.09983444
v -75.73909760 30.36063004 2.70663905
v -75.94481659 30.15278435 2.95181298
v -75.72306824 30.11657524 3.28380537
v -76.18561554 30.07996941 3.23877811
v -75.57483673 30.11851120 3.40522432
v -75.42662048 30.12098503 3.52661085
v -74.76396179 30.17610550 3.92183065
v -74.99881744 30.09719849 4.20489120
v -75.34706879 30.55880356 2.83170390
v -75.59839630 30.67323303 2.53896165
v -75.27519226 30.82037735 2.74375176
v -75.12986755 30.82209206 2.86548185
v -75.20092773 30.56091690 2.95361209
v -74.52801514 30.11379051 4.55131531
v -74.61199188 30.14431953 4.18399763
v -74.47232819 30.24624062 3.99495482
v -74.37606049 30.36894226 3.86220288
v -74.27418518 30.58731842 3.71760821
v -74.16085815 30.37900734 4.01443720
v -74.06762695 30.59704971 3.86472750
v -73.70861053 30.40474701 4.28665924
v -73.63353729 30.62221909 4.12785053
v -73.24645996 30.43754959 4.50726128
v -73.18997192 30.65461731 4.34112597
v -72.75892639 30.50349998 4.65777397
v -72.71798706 30.81036568 4.44999743
v -73.16155243 30.91109848 4.23375654
v -72.72036743 31.17269707 4.36210585
v -73.59781647 31.09984970 3.98288202
v -73.59150696 30.87928963 4.02534056
v -74.01251984 30.85502625 3.76843309
v -74.21295166 30.84584427 3.62483382
v -73.30345917 30.31510735 4.65938091
v -72.83748627 30.29475784 4.95655155
v -73.38949585 30.21257019 4.87576389
v -72.94275665 30.21315384 5.30479574
v -73.49497223 30.17071915 5.10384226
v -73.88939667 30.17974472 4.63906002
v -74.02506256 30.13794708 4.85182381
v -74.37890625 30.15421295 4.34719610
v -74.24958801 30.25635147 4.15174961
v -73.78160095 30.28218842 4.43212461
v -71.90482330 31.25715828 4.55057335
v -71.48786163 31.30120087 4.59297752
v -71.78681946 31.01510239 4.60902452
v -71.46120453 30.93370438 4.67931938
v -71.77990723 30.78126907 4.71584892
v -71.44739532 30.62383842 4.89614248
v -71.78155518 30.61856461 4.84223175
v -71.79410553 30.44490433 5.06417561
v -71.94745636 30.60316467 4.82004166
v -71.96701813 30.42951012 5.04078817
v -72.11257172 30.58789444 4.79260302
v -72.13910675 30.41423607 5.01193666
v -72.17842865 30.30663872 5.26896429
v -72.45837402 30.25435066 5.43868685
v -71.96434784 30.29669952 5.53156471
v -71.99825287 30.32221794 5.29963732
v -71.81718445 30.33791924 5.32459879
v -71.44841766 30.41598320 5.21239376
v -71.46412659 30.33990669 5.58277893
v -72.10283661 30.75023460 4.66739798
v -72.10272217 30.98329353 4.56104183
v -72.31661987 31.21422386 4.47343588
v -71.94515228 30.99912262 4.58753395
v -71.94174957 30.76568222 4.69418335
v -58.29769897 32.44474411 5.38726187
v -64.86611938 31.50547600 5.07646179
v -58.27103424 32.07724762 5.47360373
v -64.85231018 31.19561005 5.29328489
v -58.25722885 31.76737976 5.69042683
v -64.85333252 30.98775291 5.60953569
v -58.25825119 31.55952454 6.00667810
v -58.27396011 31.48344803 6.37706327
v -54.14276505 32.89356232 3.57061052
v -54.31288528 32.60275650 3.83515644
v -54.60496902 32.83893585 4.05938101
v -54.67428589 32.56219482 4.18510962
v -55.06818771 32.51900482 4.49798393
v -54.58608246 32.32028961 4.26038837
v -54.98754501 32.27826691 4.58033466
v -54.89925766 32.11309814 4.68326902
v -55.63883972 32.04012299 5.12911940
v -55.52398682 31.86845779 5.33300352
v -56.53092194 31.95425034 5.47300005
v -56.45503616 31.78207970 5.69052982
v -56.76281357 31.93225288 5.53304482
v -56.69698715 31.75991440 5.75285816
v -56.99726105 31.91013718 5.58253193
v -56.94157410 31.73761559 5.80417490
v -57.47181702 31.86573601 5.64946985
v -57.43657303 31.69280624 5.87340307
v -57.40376663 31.58847809 6.13715506
v -57.55110168 31.54645348 6.37644672
v -56.83055496 31.60992622 6.28826284
v -56.88474274 31.63450241 6.06565237
v -56.62821579 31.65739250 6.01239586
v -55.39720917 31.76870346 5.57481670
v -56.37440872 31.68013954 5.94759274
v -56.12654495 31.67261124 6.11425161
v -57.49750900 32.02902603 5.52285337
v -57.03453445 32.07362366 5.45758247
v -56.80580139 32.09585953 5.40931797
v -56.57955933 32.11798859 5.35075235
v -55.70918274 32.20452118 5.01530313
v -57.52767181 32.26467514 5.41733885
v -57.62625122 32.51255417 5.38167238
v -56.96146393 32.58116913 5.28606987
v -57.07434845 32.30998611 5.35409832
v -56.85033798 32.33260345 5.30717802
v -56.31555557 32.64931870 5.10243893
v -56.62873077 32.35513687 5.25016928
v -55.77583313 32.44345474 4.92297220
v -55.70065689 32.71575165 4.83294249
v -55.12735748 32.77931213 4.48271990
v -72.69882202 30.17507172 13.51011467
v -72.28707123 30.20775414 13.51505756
v -72.26654816 30.20954132 13.51101112
v -73.47551727 30.13059235 12.62429619
v -73.35292053 30.13540649 13.02333927
v -73.07997894 30.15005684 13.33522606
v -73.97724152 30.13059235 6.88955069
v -73.69537354 30.15114975 6.10437679
v -73.92183685 30.13568306 6.46412563
v -73.33322906 30.17759705 5.86947536
v -72.91545868 30.21170044 5.80808496
v -72.90984344 30.21218491 5.80845642
v -72.90423584 30.21266937 5.80882835
v -72.89862823 30.21315384 5.80920029
v -72.24603271 30.21134186 13.50696373
v -72.22550964 30.21315384 13.50291729
v -52.19050217 33.03574753 11.03683090
v -52.19081879 33.18030548 11.04201794
v -52.19113922 33.32486343 11.04720497
v -51.61625671 33.18139267 11.03129959
v -51.61671448 33.32595062 11.03646469
v -51.06475830 33.18022156 11.08293915
v -51.06534576 33.32477951 11.08805275
v -51.06593704 33.46933746 11.09316730
v -51.06656265 33.62282944 11.09859753
v -51.61766052 33.62400055 11.04711437
v -51.61814880 33.77749252 11.05259895
v -52.19212723 33.77640533 11.06340694
v -51.63984680 34.07994843 11.06266117
v -52.20432663 34.07995605 11.07519341
v -51.61579895 33.03683853 11.02613449
v -51.06718826 33.77632523 11.10402775
v -51.07751465 34.07995605 11.11342335
v -52.76144028 34.07996750 11.15080929
v -52.19145584 33.46941757 11.05239201
v -52.19179153 33.62291336 11.05789948
v -51.61717606 33.47050858 11.04162979
v -93.31296539 34.07996750 19.02216911
v -56.22819138 31.65765381 6.91417360
v -55.91637802 31.68427658 6.98678493
v -55.66341400 31.70517921 7.13668013
v -55.43471146 31.72308540 7.40260649
v -55.33062744 31.73030663 7.64535666
v -55.20815659 31.73799515 8.03672981
v -55.06114960 31.74788857 8.41956234
v -54.89019012 31.75994682 8.79231548
v -54.79448700 31.76584816 9.11228657
v -54.81328583 31.76145744 9.47321129
v -54.90870667 31.75125122 9.72094822
v -55.08389282 31.73421288 9.95303822
v -55.31772995 31.71252632 10.12445068
v -55.59028625 31.68803215 10.22142792
v -96.92959595 34.07996750 19.52996826
v -95.71839905 34.07996750 19.40271950
v -94.51236725 34.07996750 19.23338509
v -102.19010925 34.07996750 19.99020386
v -104.15499878 31.42450905 3.23443389
v -104.15839386 31.80403328 3.22163987
v -104.16175842 32.18355942 3.20885825
v -104.63925171 31.80403328 3.39582109
v -104.64465332 32.18355942 3.38380241
v -105.10325623 31.80403328 3.65452862
v -105.11047363 32.18355942 3.64351153
v -105.54626465 31.80403328 3.99567842
v -105.55501556 32.18355942 3.98579836
v -105.96406555 31.80403328 4.41702652
v -105.97405243 32.18355942 4.40831995
v -106.35195923 31.80403328 4.91424990
v -106.36287689 32.18355942 4.90670347
v -106.70484924 31.80403328 5.48157120
v -106.71645355 32.18355942 5.47515726
v -107.01764679 31.80403328 6.11318302
v -107.02976227 32.18355942 6.10786057
v -107.28527069 31.80403328 6.80326796
v -107.29777527 32.18355942 6.79898167
v -107.50419617 31.80403328 7.54495621
v -107.51699829 32.18355942 7.54164410
v -107.67369080 31.80403328 8.32945633
v -107.68671417 32.18355942 8.32706547
v -107.79331207 31.80403328 9.14777279
v -107.80649567 32.18355942 9.14625931
v -107.88126373 31.80403328 10.84987640
v -107.89453888 32.18355942 10.85002041
v -107.76461029 31.80403328 12.57930470
v -107.77774811 32.18355942 12.58104038
v -107.58226776 31.80403328 13.66117954
v -107.59521484 32.18355942 13.66392708
v -107.31577301 31.80403328 14.70654678
v -107.32845306 32.18355942 14.71032810
v -106.97130585 31.80403328 15.69769096
v -106.98361206 32.18355942 15.70254517
v -106.55735016 31.80403328 16.61717033
v -106.56916046 32.18355942 16.62314987
v -106.08239746 31.80403328 17.44762993
v -106.09355164 32.18355942 17.45480537
v -105.55529022 31.80403328 18.17467880
v -105.56556702 32.18355942 18.18310356
v -104.98523712 31.80403328 18.78748703
v -104.99430847 32.18355942 18.79717445
v -104.38147736 31.80403328 19.27544022
v -104.38891602 32.18355942 19.28635216
v -103.84441376 31.80403328 19.58712006
v -103.85007477 32.18355942 19.59900093
v -103.29654694 31.80403328 19.79788208
v -103.30012512 32.18355942 19.81054878
v -102.74503326 31.80403328 19.90632057
v -102.74630737 32.18355942 19.91946793
v -104.63381958 31.42450905 3.40785432
v -105.09602356 31.42450905 3.66555643
v -105.53749084 31.42450905 4.00556326
v -105.95407867 31.42450905 4.42573404
v -106.34104156 31.42450905 4.92179537
v -106.69323730 31.42450905 5.48798418
v -107.00552368 31.42450905 6.11850595
v -107.27276611 31.42450905 6.80755615
v -107.49138641 31.42450905 7.54827023
v -107.66065979 31.42450905 8.33184910
v -107.78013611 31.42450905 9.14928913
v -107.86798096 31.42450905 10.84973431
v -107.75146484 31.42450905 12.57756901
v -107.56932068 31.42450905 13.65843105
v -107.30309296 31.42450905 14.70276356
v -106.95899200 31.42450905 15.69283581
v -106.54553223 31.42450905 16.61118889
v -106.07124329 31.42450905 17.44045639
v -105.54502869 31.42450905 18.16625595
v -104.97618103 31.42450905 18.77780151
v -104.37403107 31.42450905 19.26452446
v -103.83872986 31.42450905 19.57522583
v -103.29293060 31.42450905 19.78519440
v -102.74371338 31.42450905 19.89315414
v -102.74757385 32.56308365 19.93260956
v -102.68190002 34.07996750 19.99214363
v -103.17608643 34.07996750 19.91251755
v -103.30368805 32.56308365 19.82320595
v -103.66791534 34.07996750 19.75209045
v -103.85572815 32.56308365 19.61087418
v -104.15264130 34.07996750 19.51240730
v -104.39635468 32.56308365 19.29726028
v -104.62560272 34.07996750 19.19577789
v -105.00337982 32.56308365 18.80685997
v -105.08224487 34.07996750 18.80525208
v -105.51816559 34.07996750 18.34458923
v -105.57583618 32.56308365 18.19153023
v -105.92917633 34.07996750 17.81822777
v -106.10470581 32.56308365 17.46197891
v -106.31130981 34.07996750 17.23123360
v -106.58097076 32.56308365 16.62912941
v -106.66088104 34.07996750 16.58926392
v -106.97454071 34.07996750 15.89849663
v -106.99592590 32.56308365 15.70739841
v -107.24925232 34.07996750 15.16558743
v -107.34113312 32.56308365 14.71410942
v -107.67167664 34.07996750 13.60191250
v -107.60816956 32.56308365 13.66667461
v -107.79089355 32.56308365 12.58277607
v -107.91191101 34.07996750 11.95832825
v -107.90782166 32.56308365 10.85016537
v -107.96073151 34.07996750 10.29799747
v -107.81967163 32.56308365 9.14474678
v -107.81625366 34.07996750 8.68472481
v -107.69973755 32.56308365 8.32467651
v -107.67298126 34.07996750 7.91524696
v -107.52980804 32.56308365 7.53833389
v -107.48404694 34.07996750 7.18050909
v -107.31027985 32.56308365 6.79469585
v -107.25125122 34.07996750 6.48758745
v -107.04188538 32.56308365 6.10253811
v -106.97686005 34.07996750 5.84315491
v -106.72807312 32.56308365 5.46874285
v -106.66349792 34.07996750 5.25341845
v -106.37379456 32.56308365 4.89915609
v -106.31418610 34.07996750 4.72405720
v -105.98403931 32.56308365 4.39961338
v -105.93229675 34.07996750 4.26016903
v -105.56376648 32.56308365 3.97592068
v -105.52150726 34.07996750 3.86622143
v -105.11767578 32.56308365 3.63249969
v -105.08576202 34.07996750 3.54600859
v -104.65003204 32.56308365 3.37179112
v -104.62926483 34.07996750 3.30261397
v -104.16510773 32.56308365 3.19608307
v -104.15641022 34.07996750 3.13838220
v -103.67176056 34.07996750 3.05489421
v -79.48395538 34.07996750 0.93873590
v -75.83646393 34.07996750 2.08878613
v -76.64498901 34.07996750 1.53568852
v -77.54582977 34.07996750 1.15097558
v -78.50441742 34.07996750 0.94941270
v -74.34645844 34.07996750 3.33904791
v -52.60691071 32.11486816 5.36742926
v -52.52208710 32.48670578 5.38063049
v -52.63549805 32.11486816 6.21883059
v -52.54998016 32.48670578 6.21134901
v -52.45949936 32.11486816 7.05233335
v -52.37825775 32.48670578 7.02460289
v -52.08914566 32.11486816 7.81949759
v -52.01690292 32.48670578 7.77312994
v -51.54595947 32.11486816 8.47573757
v -51.48691177 32.48670578 8.41342735
v -50.86151123 32.11486816 8.98291588
v -50.81908798 32.48670578 8.90828514
v -50.07557297 32.11486816 9.31155586
v -50.05224228 32.48670578 9.22894192
v -49.23382568 32.11486816 9.44256020
v -49.23094559 32.48670578 9.35676289
v -48.38518524 32.11486816 9.36831379
v -48.40291977 32.48670578 9.28432083
v -47.57897568 32.11486816 9.09313202
v -47.61629486 32.48670578 9.01582336
v -46.86204529 32.11486816 8.63300800
v -46.91678238 32.48670578 8.56687737
v -46.27606201 32.11486816 8.01468086
v -46.34503555 32.48670578 7.96357203
v -45.85508347 32.11486816 7.27408743
v -45.93428421 32.48670578 7.24097013
v -45.62357330 32.11486816 6.45426750
v -45.70839691 32.48670578 6.44106579
v -45.59498596 32.11486816 5.60286570
v -45.68050766 32.48670578 5.61034775
v -45.77098465 32.11486816 4.76936293
v -45.85222626 32.48670578 4.79709339
v -46.14133835 32.11486816 4.00219917
v -46.21358490 32.48670578 4.04856682
v -46.68452454 32.11486816 3.34595919
v -46.74357224 32.48670578 3.40826869
v -47.36897278 32.11486816 2.83878112
v -47.41139603 32.48670578 2.91341186
v -48.15491104 32.11486816 2.51014042
v -48.17824173 32.48670578 2.59275484
v -48.99665833 32.11486816 2.37913656
v -48.99953842 32.48670578 2.46493340
v -49.84529877 32.11486816 2.45338273
v -49.82756424 32.48670578 2.53737617
v -50.65151215 32.11486816 2.72856450
v -50.61418915 32.48670578 2.80587268
v -51.36843872 32.11486816 3.18868899
v -51.31370163 32.48670578 3.25481915
v -51.95442200 32.11486816 3.80701542
v -51.88544846 32.48670578 3.85812449
v -52.37540054 32.11486816 4.54760885
v -52.29619980 32.48670578 4.58072662
v -51.47541428 33.07996750 6.83406210
v -51.86820984 33.00715256 6.85051060
v -51.63991165 33.07996750 6.13172817
v -52.01309204 33.00715256 6.16437721
v -51.98955917 33.00715256 5.46350956
v -52.33192444 32.79930878 6.19227171
v -52.30580139 32.79930878 5.41429138
v -51.56333923 33.00715256 7.48203421
v -51.11971283 33.07996750 7.46160221
v -51.11619186 33.00715256 8.02224636
v -50.60161972 33.07996750 7.96351004
v -50.55275726 33.00715256 8.43975163
v -49.96310806 33.07996750 8.29912376
v -49.90578079 33.00715256 8.71028614
v -49.25590897 33.07996750 8.44125271
v -49.21286011 33.00715256 8.81812763
v -48.53731155 33.07996750 8.37838364
v -48.51426697 33.00715256 8.75700855
v -47.85059738 33.00715256 8.53048134
v -47.71145630 32.79930878 8.81870461
v -47.05635071 32.79930878 8.39825916
v -47.86553955 33.07996750 8.11561012
v -47.26042557 33.00715256 8.15170956
v -46.52090454 32.79930878 7.83325481
v -47.29500580 33.07996750 7.67421913
v -46.77804947 33.00715256 7.64270830
v -46.13622665 32.79930878 7.15652704
v -46.87194061 33.07996750 7.08997059
v -46.43150330 33.00715256 7.03305674
v -45.92468262 32.79930878 6.40740538
v -46.63061142 33.07996750 6.41019678
v -46.24092865 33.00715256 6.35818720
v -45.89855957 32.79930878 5.62942505
v -46.59057617 33.07996750 5.68996859
v -46.21739578 33.00715256 5.65731955
v -46.05937958 32.79930878 4.86780024
v -46.36227417 33.00715256 4.97118616
v -46.75506973 33.07996750 4.98763466
v -46.66714478 33.00715256 4.33966208
v -47.11077499 33.07996750 4.36009407
v -47.11429214 33.00715256 3.79945016
v -47.62886810 33.07996750 3.85818648
v -47.67772675 33.00715256 3.38194489
v -48.26737595 33.07996750 3.52257323
v -48.32470322 33.00715256 3.11141038
v -48.97457504 33.07996750 3.38044381
v -49.01762772 33.00715256 3.00356889
v -49.69317245 33.07996750 3.44331288
v -49.71622086 33.00715256 3.06468797
v -50.37988663 33.00715256 3.29121542
v -50.51902771 32.79930878 3.00299215
v -51.17413330 32.79930878 3.42343712
v -50.36494827 33.07996750 3.70608687
v -50.97005844 33.00715256 3.66998649
v -51.70958328 32.79930878 3.98844171
v -50.93547821 33.07996750 4.14747763
v -51.45243454 33.00715256 4.17898846
v -52.09425735 32.79930878 4.66516924
v -51.35854340 33.07996750 4.73172569
v -51.79898071 33.00715256 4.78863955
v -51.59987259 33.07996750 5.41149998
v -52.17110443 32.79930878 6.95389652
v -51.83269119 32.79930878 7.65490294
v -51.33634567 32.79930878 8.25455189
v -50.71091843 32.79930878 8.71799278
v -49.99275970 32.79930878 9.01829243
v -49.22359848 32.79930878 9.13799953
v -48.44814301 32.79930878 9.07015514
v -49.78234100 32.79930878 2.75154090
v -49.00688553 32.79930878 2.68369722
v -48.23772812 32.79930878 2.80340385
v -47.51956558 32.79930878 3.10370398
v -46.89413834 32.79930878 3.56714487
v -46.39779663 32.79930878 4.16679335
v -50.11143875 33.07996750 5.99800396
v -50.05059814 33.07996750 5.55714035
v -49.80450058 33.07996750 5.18633270
v -49.42188644 33.07996750 4.95902443
v -48.97853851 33.07996750 4.92023611
v -48.56226730 33.07996750 5.07765102
v -48.25551605 33.07996750 5.40009117
v -48.11904907 33.07996750 5.82369232
v -48.17988586 33.07996750 6.26455641
v -48.42598343 33.07996750 6.63536406
v -48.80859756 33.07996750 6.86267233
v -49.25194550 33.07996750 6.90146017
v -49.66822052 33.07996750 6.74404526
v -49.97496796 33.07996750 6.42160559
v -72.17953491 34.07996750 8.64444637
v -72.21786499 33.07996750 8.60703182
v -72.12516022 34.07996750 8.22105312
v -72.16348267 33.07996750 8.18363857
v -71.89920807 34.07996750 7.85911274
v -71.93753815 33.07996750 7.82169819
v -71.58114624 33.07996750 7.58709383
v -71.54281616 34.07996750 7.62450886
v -71.15918732 33.07996750 7.52253151
v -71.12085724 34.07996750 7.55994606
v -72.03374481 33.07996750 10.71152306
v -72.00233459 34.07996750 10.66985416
v -70.81631470 34.07996750 11.56383038
v -70.84771729 33.07996750 11.60550022
v -71.23187256 34.07996750 11.55653954
v -71.26328278 33.07996750 11.59820843
v -71.60839081 34.07996750 11.38094044
v -71.63980103 33.07996750 11.42260933
v -71.91229248 33.07996750 11.10900688
v -71.88088989 34.07996750 11.06733799
v -62.72037888 33.07996750 10.02792168
v -62.72703552 34.07996750 9.99364090
v -55.52972412 32.12184906 7.29483843
v -55.34133530 32.11486816 7.65692711
v -55.55861664 32.32623291 7.30682611
v -55.42399216 32.48670578 7.68010759
v -55.54707336 32.51529694 7.43877459
v -55.53016663 32.64113998 7.63202095
v -55.91514206 32.72450638 7.26825333
v -55.88998795 32.91139603 7.55577183
v -56.25975037 32.79930878 7.23351717
v -56.27995300 33.00715256 7.55293083
v -55.94290924 33.00715256 7.82563591
v -56.30360031 33.07996750 7.92679024
v -55.63474655 32.79930878 7.73921347
v -56.24593353 32.48670578 7.01506662
v -55.93223190 32.44458389 7.07289219
v -55.84708023 32.12184906 7.03806353
v -56.24051285 32.11486816 6.92939234
v -55.81789398 31.88314819 7.04254246
v -55.66846085 31.88385010 7.14244032
v -55.39889908 31.87982178 7.48174572
v -73.26394653 32.12858582 5.94436741
v -72.84251404 32.11486816 5.87929153
v -73.24918365 32.47209930 6.02335310
v -72.84793091 32.48670578 5.96496582
v -72.86174774 32.79930878 6.18341637
v -73.23080444 32.77314758 6.23345709
v -72.88195038 33.00715256 6.50282955
v -73.20369720 32.97436905 6.54324675
v -72.90560150 33.07996750 6.87668896
v -73.27877808 33.00715256 6.90933847
v -73.56684113 32.79399109 6.64662123
v -73.59761810 32.79930878 6.93723249
v -73.81415558 32.48880005 6.79080439
v -73.81566620 32.48670578 6.95630980
v -73.90118408 32.11486816 6.96379185
v -73.82648468 32.39709854 6.64996004
v -73.84628296 32.12858582 6.54091215
v -73.83489227 32.25936890 6.55383730
v -73.62014771 32.13345337 6.17915392
v -73.60310364 32.39315414 6.23216915
v -73.58842468 32.63359070 6.39997339
v -55.19731140 32.13153458 10.02363396
v -55.61236191 32.11486816 10.21052933
v -55.37212753 32.49864578 10.02897072
v -55.62871933 32.48670578 10.12625694
v -55.67042923 32.79930878 9.91137981
v -55.39396286 32.80829239 9.77935696
v -55.73141479 33.00715256 9.59719276
v -55.42506790 32.98524857 9.42384911
v -55.80279922 33.07996750 9.22945023
v -55.46723557 33.00715256 9.06293201
v -55.18054199 32.79930878 8.92066479
v -55.14654160 32.80906296 9.03514767
v -55.11896133 32.79951096 9.35040188
v -54.92098999 32.52345657 9.06903648
v -54.98447037 32.48670578 8.82336617
v -54.93644714 32.44846725 8.89233112
v -54.94777298 32.30633926 8.76287556
v -54.90756989 32.11486816 8.78520679
v -54.80412674 32.13153458 9.22848606
v -54.90788269 32.13750458 9.67196560
v -54.87861633 32.28238678 9.55335617
v -54.88917542 32.43209457 9.43267536
v -54.90421295 32.51764679 9.26079750
v -55.09423828 32.65886307 9.63297081
v -55.07688141 32.41274261 9.83136940
v -54.81339645 31.89310074 9.03354263
v -54.79493332 31.90061569 9.29053402
v -54.82132339 31.90388298 9.47195721
v -55.00239944 31.90409851 9.84727478
v -55.32061005 31.89451027 10.11634350
v -55.32671356 32.01063156 10.11343288
v -55.00857544 32.02021027 9.84453011
v -54.82743073 32.01999664 9.46942043
v -54.80096436 32.01673126 9.28808022
v -54.81927490 32.00922394 9.03117657
v -55.07555008 32.11486816 8.41838646
v -55.23100281 32.48670578 8.26202965
v -55.22032547 32.11486816 8.04180431
v -55.43531036 32.79930878 8.34057522
v -55.73404694 33.00715256 8.45542336
v -56.16388702 33.07996750 8.37115192
v -55.99673843 33.07996750 8.80593586
v -73.29134369 32.12758255 12.93856716
v -73.41319275 32.11486816 12.54161263
v -73.29074097 32.38974380 12.83089924
v -73.32767487 32.48670578 12.53413105
v -73.30274963 32.47913361 12.69363689
v -73.10961914 32.79930878 12.51505375
v -73.04670715 32.77989197 12.79264259
v -72.79078674 33.00715256 12.48715973
v -72.68637848 32.96469498 12.83533192
v -72.41760254 33.07996750 12.45451069
v -72.34622192 33.00715256 12.82225323
v -72.65978241 32.76729965 13.13929176
v -72.28523254 32.79930878 13.13644028
v -72.64151764 32.46912384 13.34805393
v -72.24353027 32.48670578 13.35131741
v -72.22716522 32.11486816 13.43558979
v -72.64232635 32.12758255 13.42776871
v -73.01123047 32.38749695 13.19817257
v -73.02566528 32.62343979 13.03321934
v -73.01870728 32.13208008 13.25198174
v -73.28252411 32.25515747 12.92485523
v -63.93612289 32.48670578 11.73878670
v -63.97783279 32.79930878 11.52391052
v -64.03881836 33.00715256 11.20972252
v -64.54692841 32.48670578 6.49001598
v -64.56075287 32.79930878 6.70846653
v -64.58095551 33.00715256 7.02788019
v -61.94728470 33.07996750 8.77905846
v -62.13515854 33.07996750 8.41523170
v -62.45310211 33.07996750 8.15720463
v -61.92098618 33.07996750 9.18768311
v -62.06066132 33.07996750 9.57259274
v -62.34290314 33.07996750 9.86925220
v -62.84780502 33.07996750 8.04823875
v -78.34039307 30.07996941 14.80142498
v -77.67034912 30.07996941 14.64461327
v -77.06848907 30.07996941 14.31096554
v -94.69248199 30.07996941 17.95391083
v -93.49399567 30.07996941 17.74285507
v -95.89759827 30.07996941 18.12311554
v -102.01399231 30.07996941 18.67949867
v -97.10786438 30.07996941 18.25026703
v -102.26863098 30.07996941 18.63467026
v -102.46656036 30.07996941 18.46858788
v -102.55492401 30.07996941 18.22560120
v -102.63217926 30.07996941 17.34257126
v -102.66318512 30.07996941 17.20848846
v -102.76535034 30.07996941 17.04447937
v -103.05425262 30.07996941 16.89249229
v -102.90489197 30.07996941 16.94046402
v -103.72566986 30.07996941 16.69048691
v -104.31452942 30.07996941 16.30988503
v -104.77445221 30.07996941 15.78065968
v -105.06922913 30.07996941 15.14448452
v -105.17563629 30.07996941 14.45145798
v -105.08530426 30.07996941 13.75615120
v -104.80535126 30.07996941 13.11331940
v -104.35780334 30.07996941 12.57358265
v -105.18038177 30.07996941 11.68268871
v -103.91790771 30.07996941 12.02923298
v -104.77304077 30.07996941 11.59667778
v -103.66293335 30.07996941 11.37745476
v -104.45233154 30.07996941 11.33121681
v -104.29171753 30.07996941 10.94712162
v -105.58103943 30.07996941 11.56954765
v -105.88321686 30.07996941 11.28317261
v -106.01770782 30.07996941 10.88916874
v -105.95368195 30.07996941 10.47779751
v -105.70581818 30.07996941 10.14330006
v -105.33089447 30.07996941 9.96230412
v -104.67552185 30.07996941 8.94210625
v -104.14777374 30.07996941 9.40179825
v -105.20207214 30.07996941 8.49715137
v -105.58699799 30.07996941 7.92524147
v -105.80097961 30.07996941 7.26991177
v -105.82773590 30.07996941 6.58104992
v -105.66522980 30.07996941 5.91109610
v -105.32582855 30.07996941 5.31105089
v -104.83537292 30.07996941 4.82659340
v -104.23120117 30.07996941 4.49460316
v -103.55929565 30.07996941 4.34035301
v -79.45138550 30.07996941 2.23118401
v -78.76290131 30.07996941 2.26641607
v -78.11026001 30.07996941 2.48844862
v -77.54312897 30.07996941 2.88037944
v -77.10468292 30.07996941 3.41237211
v -76.82830811 30.07996941 4.04392862
v -76.73504639 30.07996941 4.72697163
v -76.16132355 30.07996941 7.69807291
v -76.83197784 30.07996941 5.40950346
v -77.11174011 30.07996941 6.03956604
v -76.52326202 30.07996941 7.49233627
v -77.55303192 30.07996941 6.56919622
v -76.93934631 30.07996941 7.47836542
v -77.99293518 30.07996941 7.11354542
v -77.31427002 30.07996941 7.65936089
v -78.24790955 30.07996941 7.76532412
v -77.56213379 30.07996941 7.99385881
v -78.29415131 30.07996941 8.46367168
v -77.62615204 30.07996941 8.40522957
v -77.49166870 30.07996941 8.79923344
v -75.90016937 30.07996941 8.46318245
v -75.93645477 30.07996941 8.04844379
v -103.61668396 30.07996941 10.67910671
v -104.32800293 30.07996941 10.53238201
v -103.78349304 30.07996941 9.99939823
v -104.55287170 30.07996941 10.18201160
v -104.91481018 30.07996941 9.97627544
v -76.58048248 30.07996941 13.82579231
v -76.24333191 30.07996941 13.22589397
v -76.08261108 30.07996941 12.55677605
v -76.11051941 30.07996941 11.86919403
v -76.06078339 30.07996941 8.84727859
v -76.32493591 30.07996941 11.21530151
v -76.70959473 30.07996941 10.64470100
v -76.38149261 30.07996941 9.11273861
v -77.23532104 30.07996941 10.20067310
v -76.78883362 30.07996941 9.19875050
v -77.76306152 30.07996941 9.74098110
v -77.18949127 30.07996941 9.08560944
v -78.12734222 30.07996941 9.14338017
v -71.44991302 34.07996750 4.49814701
v -72.23428345 34.07996750 4.38558531
v -72.99097443 34.07996750 4.15045643
v -73.70097351 34.07996750 3.79866576
v -96.13864136 34.07996750 17.94057655
v -95.64063263 34.07996750 17.87892914
v -95.57773590 33.07996750 17.92356491
v -94.88825989 33.07996750 17.82506180
v -94.20088196 33.07996750 17.71284103
v -93.51588440 33.07996750 17.58694649
v -96.63748169 34.07996750 17.99506569
v -97.13705444 34.07996750 18.04238892
v -101.82343292 34.07996750 18.45239449
v -95.48175049 34.07996750 17.75792122
v -95.42199707 33.07996750 17.80212593
v -95.38308716 34.07996750 17.58428764
v -95.32560730 33.07996750 17.62976646
v -95.36037445 34.07996750 17.38572693
v -95.30359650 33.07996750 17.43336868
v -54.16831207 34.07997513 3.53290057
v -54.31099701 33.66930008 3.72047019
v -54.62776566 34.07999039 4.01660347
v -54.97394180 33.67896271 4.32820082
v -55.14737320 34.08000183 4.43508434
v -55.60892487 33.68206024 4.74011374
v -55.72128677 34.08000183 4.78123093
v -56.33972931 34.07999802 5.04781199
v -56.51959229 33.67904282 5.12450361
v -56.98816681 34.07998276 5.22985029
v -57.48785400 33.66829681 5.32485580
v -57.65486526 34.07997513 5.32430935
v -57.47927475 33.24186325 5.34020424
v -56.51029587 33.25262833 5.13948917
v -55.59904861 33.25565338 4.75446939
v -54.96377563 33.25254822 4.34191370
v -54.30069733 33.24287033 3.73328352
v -58.32810974 34.07996750 5.32812071
v -102.72280121 34.07993317 16.74739456
v -102.74353790 32.17802429 16.87873459
v -102.88928986 34.07996750 16.70162582
v -102.58148956 34.07989502 16.84662819
v -102.66861725 32.17736053 16.94214249
v -102.54850006 32.18122101 17.14884186
v -102.43813324 34.07996750 17.15527534
v -102.48300171 34.07993317 16.98849869
v -102.36436462 34.07996750 17.99849701
v -95.37344360 33.07996750 16.63504791
v -95.43021393 34.07996750 16.58740616
v -95.32861328 33.07996750 16.38040733
v -95.38539124 34.07996750 16.33276749
v -95.16252899 33.07996750 16.18247986
v -95.21930695 34.07996750 16.13483810
v -94.97631836 34.07996750 16.04647446
v -94.91954803 33.07996750 16.09411430
v -78.36524963 33.07996750 14.64580059
v -78.36250305 33.07996750 14.64556026
v -102.07807159 34.07996750 18.40756607
v -102.27600098 34.07996750 18.24148369
v -62.85000992 34.07996750 8.08308983
v -62.46908951 34.07996750 8.18825054
v -62.16225052 34.07996750 8.43726730
v -61.98093796 34.07996750 8.78838921
v -61.95555496 34.07996750 9.18274403
v -62.09035492 34.07996750 9.55421257
v -62.36273956 34.07996750 9.84051228
v -105.88926697 34.07996750 10.50473309
v -105.94815063 34.07996750 10.88308334
v -105.82446289 34.07996750 11.24546051
v -105.54653168 34.07996750 11.50884819
v -105.17803955 34.07996750 11.61290836
v -104.80339813 34.07996750 11.53380108
v -104.50843048 34.07996750 11.28964901
v -104.36071014 34.07996750 10.93638420
v -104.39408112 34.07996750 10.55493641
v -104.60089874 34.07996750 10.23268986
v -104.93378448 34.07996750 10.04346752
v -105.31647491 34.07996750 10.03061771
v -105.66130066 34.07996750 10.19708538
v -50.01793671 34.07996750 5.56949186
v -50.07664871 34.07996750 5.99496031
v -49.94494629 34.07996750 6.40376949
v -49.64890671 34.07996750 6.71494961
v -49.24717331 34.07996750 6.86686754
v -48.81930542 34.07996750 6.82943392
v -48.45005417 34.07996750 6.61006308
v -48.21255112 34.07996750 6.25220442
v -48.15383530 34.07996750 5.82673597
v -48.28554153 34.07996750 5.41792679
v -48.58157730 34.07996750 5.10674715
v -48.98331451 34.07996750 4.95482922
v -49.41117859 34.07996750 4.99226284
v -49.78042984 34.07996750 5.21163321
v -78.36981201 34.07996750 14.59359264
v -103.52977753 34.07996750 16.54677010
v -104.09961700 34.07996750 16.21586609
v -104.55156708 34.07996750 15.73633862
v -104.84818268 34.07996750 15.14792633
v -104.96488190 34.07996750 14.49939632
v -104.89199066 34.07996750 13.84449482
v -104.63554382 34.07996750 13.23749733
v -104.21680450 34.07996750 12.72870827
v -103.79373932 34.07996750 12.22803688
v -103.51535034 34.07996750 11.63460541
v -103.40077972 34.07996750 10.98921108
v -103.45790863 34.07996750 10.33622169
v -103.68280792 34.07996750 9.72052670
v -104.06001282 34.07996750 9.18445301
v -104.56359863 34.07996750 8.76485252
v -105.04597473 34.07996750 8.35723019
v -105.39860535 34.07996750 7.83330297
v -105.59463501 34.07996750 7.23295498
v -105.61914825 34.07996750 6.60188866
v -105.47027588 34.07996750 5.98814440
v -105.15934753 34.07996750 5.43844318
v -104.71004486 34.07996750 4.99463129
v -104.15655518 34.07996750 4.69049501
v -103.54102325 34.07996750 4.54918623
v -79.43311310 34.07996750 2.44001722
v -78.80239868 34.07996750 2.47229362
v -78.20450592 34.07996750 2.67569757
v -77.68495941 34.07996750 3.03474522
v -77.28330231 34.07996750 3.52210379
v -77.03011322 34.07996750 4.10067272
v -76.94467163 34.07996750 4.72640848
v -77.03347778 34.07996750 5.35167599
v -77.28976440 34.07996750 5.92887640
v -77.69403839 34.07996750 6.41407061
v -78.11710358 34.07996750 6.91474247
v -78.39549255 34.07996750 7.50817299
v -78.51005554 34.07996750 8.15356731
v -78.45292664 34.07996750 8.80655670
v -78.22802734 34.07996750 9.42225170
v -77.85082245 34.07996750 9.95832634
v -77.34724426 34.07996750 10.37792683
v -77.75428009 34.07996750 14.45228386
v -77.20079803 34.07996750 14.14814758
v -76.75148773 34.07996750 13.70433617
v -76.44056702 34.07996750 13.15463448
v -76.29169464 34.07996750 12.54088974
v -76.31620789 34.07996750 11.90982342
v -76.51223755 34.07996750 11.30947590
v -76.86486053 34.07996750 10.78554916
v -77.49771881 34.07996750 8.02079391
v -77.55660248 34.07996750 8.39914513
v -77.43291473 34.07996750 8.76152229
v -77.15498352 34.07996750 9.02490997
v -76.78649139 34.07996750 9.12896919
v -76.41184998 34.07996750 9.04986191
v -76.11688232 34.07996750 8.80570984
v -75.96916199 34.07996750 8.45244598
v -76.00253296 34.07996750 8.07099724
v -76.20935059 34.07996750 7.74875116
v -76.54223633 34.07996750 7.55952883
v -76.92492676 34.07996750 7.54667950
v -77.26975250 34.07996750 7.71314669
v -51.74098587 36.67679977 1.18155921
v -51.78248978 35.81119537 1.17012823
v -51.68666458 37.04859161 1.24968374
v -51.56765747 37.36123657 1.43397033
v -51.40432358 37.65897751 1.69608045
v -51.17958069 37.95007706 2.06501365
v -51.82390976 34.94558334 1.15884471
v -52.02309799 37.95007706 2.65565109
v -51.75775146 37.95007706 2.43679047
v -51.47599792 37.95007706 2.23950291
v -52.65424728 34.94558334 1.74025357
v -52.65781021 35.81119537 1.78303349
v -52.48335648 37.36123657 2.07514858
v -52.61582565 37.04859161 1.90029109
v -52.66126251 36.67679977 1.82594371
v -52.29291534 37.65897751 2.31828046
v -53.35272598 36.67679977 2.54863954
v -53.75001907 35.21781158 3.02409339
v -53.75113678 35.22042847 3.02606249
v -53.75225449 35.22304916 3.02803302
v -53.89931107 36.67679977 3.38628769
v -54.04824829 35.98356247 3.63119149
v -54.28232956 36.67679977 4.31024933
v -51.22997284 36.67679977 0.93203098
v -50.69558716 36.67679977 0.73753029
v -50.14373398 36.67679977 0.60020685
v -50.09481430 34.94558334 0.52950519
v -50.11928940 35.81119537 0.56477225
v -52.82987976 38.07996750 5.36673403
v -53.40271378 37.97074509 5.41379261
v -52.85523224 38.07996750 6.23805523
v -53.41500473 37.97074509 6.28702879
v -53.25126648 37.97074509 7.14486408
v -53.82112122 37.65897751 6.83759499
v -53.52791977 37.65897751 7.79032612
v -53.21489334 37.97074509 4.56090546
v -52.60427094 38.07996750 4.52474594
v -52.85923004 37.97074509 3.76328540
v -52.19056702 38.07996750 3.75748301
v -52.35028839 37.97074509 3.05358696
v -51.61107254 38.07996750 3.10630870
v -51.70890427 37.97074509 2.46086502
v -50.89702225 38.07996750 2.60632801
v -50.96133804 37.97074509 2.00938582
v -50.08692169 38.07996750 2.28449464
v -50.13818741 37.97074509 1.71763289
v -49.22443390 38.07996750 2.15815902
v -49.27315903 37.97074509 1.59755063
v -48.40166855 37.97074509 1.65405548
v -48.98009491 37.95007706 1.54808819
v -48.51706696 37.65897751 1.15203047
v -48.99026108 37.65897751 1.11621177
v -48.35606003 38.07996750 2.23413181
v -47.55938721 37.97074509 1.88483381
v -47.75008774 37.95007706 1.76497173
v -47.42787552 37.95007706 1.88533807
v -47.11614227 37.95007706 2.03070188
v -46.78080750 37.97074509 2.28043771
v -46.81682205 37.95007706 2.20016074
v -46.21780014 37.65897751 2.08867836
v -46.60968781 37.65897751 1.82106221
v -47.52861786 38.07996750 2.50831723
v -46.78670502 38.07996750 2.96593404
v -46.09779739 37.97074509 2.82467079
v -45.85427475 37.65897751 2.39371085
v -45.86004639 37.95007706 3.00299144
v -45.52267456 37.65897751 2.73317385
v -46.17033005 38.07996750 3.58231211
v -45.53831863 37.97074509 3.49525261
v -45.64118576 37.95007706 3.26833773
v -45.44389725 37.95007706 3.55009341
v -45.26940918 37.95007706 3.84650922
v -45.12528610 37.97074509 4.26472902
v -44.69489670 37.65897751 4.04947376
v -44.53259277 37.65897751 4.49540138
v -44.84223175 37.95007706 5.02016878
v -44.41514969 37.65897751 4.95518541
v -45.71271133 38.07996750 4.32422209
v -45.43852615 38.07996750 5.15166759
v -44.87559891 37.97074509 5.10159779
v -44.78536606 37.95007706 5.35939598
v -44.79948425 37.97074509 5.97159767
v -44.75538635 37.95007706 5.70204735
v -44.75248337 37.95007706 6.04599524
v -44.90005493 37.97074509 6.83911037
v -44.35642624 37.65897751 6.50902271
v -44.43882751 37.65897751 6.97635984
v -44.96936417 37.95007706 7.27600336
v -44.56701279 37.65897751 7.43326616
v -45.36255264 38.07996750 6.02004051
v -45.48888779 38.07996750 6.88252687
v -45.17319870 37.97074509 7.66861963
v -45.81072235 38.07996750 7.69262981
v -45.60772705 37.97074509 8.42616558
v -46.31070328 38.07996750 8.40667629
v -46.18585587 37.97074509 9.08073425
v -46.96187592 38.07996750 8.98617268
v -46.88391495 37.97074509 9.60552692
v -47.72914124 38.07996750 9.39987659
v -47.67332458 37.97074509 9.97906017
v -48.57112885 38.07996750 9.62548637
v -48.52176666 37.97074509 10.18603897
v -49.39450455 37.97074509 10.21799183
v -48.72660446 37.65897751 10.69134235
v -49.72316742 37.65897751 10.66843033
v -50.25580978 37.97074509 10.07360935
v -50.69347382 37.65897751 10.44001484
v -51.07041931 37.97074509 9.75880337
v -51.59560394 37.65897751 10.01596260
v -51.80498505 37.97074509 9.28646183
v -52.39059830 37.65897751 9.41458988
v -52.42943192 37.97074509 8.67592144
v -53.04411316 37.65897751 8.66187286
v -52.91819382 37.97074509 7.95217896
v -49.44244766 38.07996750 9.65083981
v -50.29613113 38.07996750 9.47456837
v -51.08615112 38.07996750 9.10617638
v -51.76991653 38.07996750 8.56552315
v -52.31056976 38.07996750 7.88175631
v -52.67896271 38.07996750 7.09173679
v -52.96690369 37.65897751 3.05272388
v -53.47451401 37.65897751 3.91062379
v -53.79383087 37.65897751 4.85492325
v -53.91105270 37.65897751 5.84483337
v -47.74682999 37.65897751 10.50776100
v -46.82616043 37.65897751 10.12561607
v -47.05090332 37.95007706 9.75668335
v -46.75448608 37.95007706 9.58219337
v -46.47273254 37.95007706 9.38490582
v -46.20738602 37.95007706 9.16604519
v -45.59810638 37.65897751 9.17181492
v -45.93756866 37.65897751 9.50341606
v -45.29307175 37.65897751 8.80829144
v -45.40455627 37.95007706 8.20926952
v -45.02545547 37.65897751 8.41640377
v -45.23509598 37.95007706 7.90994930
v -45.08973312 37.95007706 7.59821558
v -44.32060623 37.65897751 6.03583002
v -44.90047455 37.65897751 3.62176752
v -47.59282303 37.65897751 1.36261749
v -48.04973221 37.65897751 1.23443460
v -49.32404327 37.95007706 1.55099249
v -49.66669464 37.95007706 1.58097064
v -50.00592041 37.95007706 1.63783634
v -50.53068924 37.65897751 1.32819951
v -50.07090378 37.65897751 1.21075594
v -50.97661591 37.65897751 1.49050391
v -53.16216278 37.36123657 2.79970574
v -53.31966400 37.04863358 2.64554667
v -53.87404251 37.04863358 3.52481341
v -53.68787003 37.36123657 3.64196181
v -54.24699402 37.04863358 4.49504852
v -54.04058838 37.36123657 4.57005262
v -54.42429352 37.04863358 5.51926184
v -54.20697784 37.36123657 5.54886770
v -54.44552994 37.03237915 5.85931158
v -54.18073654 37.36123657 6.54137707
v -54.39913177 37.04863358 6.55883074
v -54.35228729 37.03223419 6.89005613
v -54.36164856 36.81525040 4.65544319
v -54.41001511 36.92953491 5.02938366
v -54.43593597 37.00459290 5.43470955
v -54.06605530 37.02220535 7.88459444
v -54.17251205 37.04863358 7.57319164
v -53.96286011 37.36123657 7.51003265
v -53.75314713 37.04863358 8.52412033
v -53.60085678 37.00278854 8.80775070
v -53.15724564 37.04863358 9.37517452
v -52.97069931 36.97447586 9.62434864
v -52.40828705 37.04863358 10.09357452
v -52.51079559 36.89978027 10.07884979
v -52.04774857 36.73321915 10.45205116
v -51.53545380 37.04863358 10.65235996
v -51.92343903 36.67679977 10.53413105
v -51.07334518 36.67679977 10.95332241
v -50.56307220 37.04863358 11.03365326
v -50.16313171 36.67679977 11.21769619
v -49.53998947 37.04863358 11.21734810
v -49.22074890 36.67679977 11.31913567
v -48.50070953 37.04863358 11.19873047
v -48.27512360 36.67679977 11.25452709
v -47.48485947 37.04863358 10.97850990
v -47.35529327 36.67679977 11.02585411
v -46.54382324 37.04859161 10.57201290
v -46.48949814 36.67679977 10.64013767
v -46.66282654 37.36123657 10.38772583
v -47.57585526 37.36123657 10.77778435
v -48.54711914 37.36123657 10.98371887
v -49.53987503 37.36123657 10.99773979
v -50.51656723 37.36123657 10.81931782
v -51.44024658 37.36123657 10.45520020
v -52.27596664 37.36123657 9.91916466
v -52.99211121 37.36123657 9.23148918
v -53.56159210 37.36123657 8.41818905
v -50.93597794 37.04863358 0.90842152
v -50.14155960 37.04859161 0.68731171
v -51.10193634 37.36123657 1.20873868
v -50.61580658 37.36123657 1.03180218
v -50.11426544 37.36123657 0.90497816
v -49.02455902 36.67679977 0.50229174
v -49.05478668 35.81119537 0.47164044
v -49.01157761 37.04859161 0.58845103
v -49.00065994 37.36123657 0.80755019
v -49.08501434 34.94558334 0.44115928
v -48.45724487 36.67679977 0.54170066
v -47.89720154 36.67679977 0.64045125
v -47.35062027 36.67679977 0.79745209
v -47.27290344 34.94558334 0.76068330
v -47.31173325 35.81119537 0.77898771
v -48.19083023 37.04863358 0.66825241
v -47.39229202 37.04859161 0.87397480
v -48.48471451 37.36123657 0.84535581
v -47.97524643 37.36123657 0.93518883
v -47.47748566 37.36123657 1.07612658
v -46.33243179 36.67679977 1.27224255
v -46.34328079 35.81119537 1.23058403
v -46.36426544 37.04859161 1.35335040
v -46.46435928 37.36123657 1.54855478
v -46.35422134 34.94558334 1.18907261
v -46.03644180 37.36123657 1.83926749
v -45.64014816 37.36123657 2.17179942
v -45.27954102 37.36123657 2.54273462
v -44.38595200 36.67679977 3.28510404
v -44.37452316 35.81119537 3.24360061
v -44.45407867 37.04859161 3.33942747
v -44.63836288 37.36123657 3.45843220
v -44.36323929 34.94558334 3.20218205
v -44.94464874 34.94558334 2.37184405
v -44.98742676 35.81119537 2.36828113
v -45.10468674 37.04859161 2.41026402
v -45.03033829 36.67679977 2.36482763
v -44.41313171 37.36123657 3.92415595
v -44.23619461 37.36123657 4.41028500
v -44.10937119 37.36123657 4.91182613
v -45.86082458 36.67679977 1.59002912
v -45.42518997 36.67679977 1.95557094
v -45.69338226 37.04863358 1.83283257
v -44.47663498 36.67679977 8.69366074
v -44.43497849 35.81119537 8.68280792
v -44.55774307 37.04859161 8.66182518
v -44.75294876 37.36123657 8.56173038
v -44.39346695 34.94558334 8.67187119
v -43.96507645 34.94558334 7.75318718
v -43.98338318 35.81119537 7.71435690
v -44.28052139 37.36123657 7.54860497
v -44.07836914 37.04859161 7.63380051
v -44.00184631 36.67679977 7.67546940
v -43.84484482 36.67679977 7.12888908
v -43.74609375 36.67679977 6.56884623
v -43.70668411 36.67679977 6.00153160
v -43.67603302 35.81119537 5.97130394
v -43.64555359 34.94558334 5.94107628
v -44.79442215 36.67679977 9.16526508
v -45.15996552 36.67679977 9.60090065
v -45.56922150 36.67679977 9.99575329
v -45.57623672 34.94558334 10.08144283
v -45.57267380 35.81119537 10.03866291
v -44.13958359 37.36123657 7.05084562
v -43.87264633 37.04863358 6.83525944
v -44.04975128 37.36123657 6.54137707
v -43.79284668 37.04859161 6.01451492
v -44.01194382 37.36123657 6.02543259
v -45.03722763 37.04863358 9.33270931
v -45.61465836 37.04859161 9.92140579
v -45.04366302 37.36123657 8.98964882
v -45.37619400 37.36123657 9.38594437
v -45.74712753 37.36123657 9.74654770
v -46.44799423 35.81119537 10.65156841
v -46.40657806 34.94558334 10.66285229
v -50.52209091 35.03889465 11.19322968
v -50.52685165 35.04494095 11.19173908
v -50.53682327 35.05760193 11.18858624
v -50.87875748 35.49275970 11.06883812
v -51.22107315 35.91717529 10.92352486
v -51.56792068 36.31660461 10.74712753
v -44.13642502 36.67679977 3.79611754
v -44.11281586 37.04863358 4.09011364
v -43.94192505 36.67679977 4.33050394
v -43.89170456 37.04859161 4.88453197
v -43.80459976 36.67679977 4.88235664
v -43.73389816 34.94558334 4.93127823
v -43.76916504 35.81119537 4.90680265
v -52.70628738 38.07996750 6.22502422
v -52.52675247 38.07996750 7.07528782
v -52.14894867 38.07996750 7.85787916
v -51.59484100 38.07996750 8.52731514
v -50.89662552 38.07996750 9.04469299
v -50.09488678 38.07996750 9.37994194
v -49.23620987 38.07996750 9.51358032
v -48.37050629 38.07996750 9.43784046
v -47.54808044 38.07996750 9.15712547
v -46.81673431 38.07996750 8.68774796
v -46.21897125 38.07996750 8.05698776
v -45.78952408 38.07996750 7.30150127
v -45.55335999 38.07996750 6.46519518
v -45.52419662 38.07996750 5.59667253
v -45.70373535 38.07996750 4.74640846
v -46.08153534 38.07996750 3.96381760
v -46.63564301 38.07996750 3.29438090
v -47.33385849 38.07996750 2.77700400
v -48.13560104 38.07996750 2.44175458
v -48.99427414 38.07996750 2.30811620
v -49.85998154 38.07996750 2.38385558
v -50.68240356 38.07996750 2.66457105
v -51.41374969 38.07996750 3.13394833
v -52.01151657 38.07996750 3.76470876
v -52.44095993 38.07996750 4.52019501
v -52.67712402 38.07996750 5.35650110
v -54.59016418 36.19537354 4.57582998
v -54.59191513 36.05680084 4.45133209
v -54.85310364 36.02235031 4.62818193
v -54.55002213 36.01815796 4.37651682
v -54.50748444 35.97835922 4.30136108
v -54.42414856 36.13758850 4.31997204
v -54.39075851 36.09231567 4.24503374
v -54.29948044 36.30604553 4.22278738
v -54.27428818 36.25119019 4.15045214
v -54.21019745 36.11347961 3.97784972
v -54.14163208 35.96934891 3.80816603
v -54.21959305 35.85682678 3.88422513
v -54.03416443 35.60063171 3.52655840
v -54.07252121 35.54936600 3.56166935
v -53.93016434 35.40367508 3.32469916
v -54.29948807 35.63558960 3.86118746
v -53.75328064 35.22117996 3.02955246
v -54.45677948 36.18146515 4.39495611
v -54.39327621 36.42129517 4.46603489
v -54.32386780 36.35950089 4.29563141
v -53.88878632 35.46953201 3.27443099
v -53.99172974 35.66677475 3.47742248
v -53.75262070 35.22237778 3.02857757
v -54.40238190 35.87795258 4.11857700
v -54.29442978 35.77229691 3.93418789
v -54.30714035 35.97777176 4.06434441
v -53.75299072 35.22170639 3.02912211
v -53.91104889 35.43263626 3.30314016
v -54.56204987 36.56966400 4.95899391
v -54.60577393 36.61681747 5.15155458
v -54.68386078 36.67828369 5.66209650
v -54.68393326 36.69173431 5.86061430
v -54.82365036 36.57005310 5.67494249
v -55.04026413 36.47748184 5.86015272
v -55.21995163 36.42264938 5.69160318
v -55.45290375 36.42665863 5.85794067
v -55.34968567 36.38956833 5.55995321
v -55.06553268 36.33762741 5.24926805
v -55.22446823 36.30353928 5.25701857
v -54.98920822 36.28038406 5.07559395
v -55.06373215 36.17616653 4.94982243
v -54.66941452 36.46453094 5.00527382
v -54.72276306 36.51091766 5.19089460
v -54.12707520 36.34132767 9.82149506
v -53.73676682 36.31085587 10.28617859
v -53.96305847 36.35240173 9.66022301
v -53.42260742 36.37408829 9.99947166
v -53.78586960 36.41307449 9.52958679
v -53.65161133 36.49813461 9.43288898
v -54.12114334 36.43695831 9.04013824
v -53.97884369 36.51996994 8.95689869
v -54.40647125 36.45653915 8.51914501
v -54.25741196 36.53787994 8.44994831
v -54.63969803 36.47167206 7.97217464
v -54.48515701 36.55173492 7.91750193
v -54.92251587 36.48733902 6.93314981
v -54.76134491 36.56608582 6.90568256
v -54.44651794 36.87254715 6.85319805
v -54.18363190 36.86209106 7.81462049
v -53.96687698 36.85199738 8.32048416
v -53.70180511 36.83894348 8.80206394
v -53.39049911 36.82302475 9.25415707
v -53.15047836 36.60982513 9.76437283
v -55.13530731 36.43273926 6.96978712
v -55.42723465 36.42905426 6.46517467
v -55.34386826 36.42637634 7.06706953
v -55.20468903 36.41875839 7.65866470
v -54.84373856 36.41581726 8.04557991
v -55.01155472 36.40631866 8.23493195
v -54.60327530 36.39944839 8.61225033
v -54.76633072 36.38918686 8.79084492
v -54.30899429 36.37826538 9.15236187
v -54.47088242 36.36748123 9.32137489
v -51.77596283 36.20947266 10.67390442
v -52.12358475 36.39037704 10.49656200
v -51.93380356 36.04114914 10.68749905
v -52.36308670 36.14363861 10.56912899
v -52.07646561 35.91237640 10.73675537
v -52.61236954 35.96706009 10.74287033
v -52.12487411 35.76271820 10.83762074
v -51.63701248 35.68310928 10.87262154
v -51.61103058 35.53622055 10.93681431
v -51.41225433 35.55839539 10.93876076
v -51.08124924 35.29584885 11.04993248
v -51.18513107 35.42877197 11.00421906
v -50.98616028 35.31303787 11.06092644
v -50.94320297 35.35427856 11.06310940
v -50.73604965 35.19951630 11.12892056
v -50.71130371 35.22409439 11.13335609
v -50.52758789 35.04421616 11.19153023
v -50.54595184 35.04988098 11.18645668
v -50.75765610 35.17847443 11.12585831
v -50.52832794 35.04350281 11.19134045
v -50.52893448 35.04290009 11.19121265
v -50.53772354 35.04609299 11.18879223
v -50.52949142 35.04230881 11.19113445
v -50.52579117 35.04059982 11.19218445
v -50.89424515 35.40291977 11.06978989
v -51.12345886 35.48728561 11.00269604
v -51.05346680 35.55710220 11.00964355
v -51.23559952 35.73039627 10.93504143
v -51.41677094 35.89797211 10.85436535
v -51.53322983 35.77909088 10.85307503
v -51.32926941 35.63610840 10.92980671
v -52.20551300 36.39935684 10.46406937
v -52.25564575 36.43769836 10.42842293
v -52.31170273 36.28452301 10.48909473
v -52.50711823 36.19289780 10.51757622
v -52.58176422 36.06407928 10.63368702
v -52.76918793 36.03091431 10.70782375
v -53.26274490 36.21760178 10.52119827
v -52.98119736 36.34766769 10.25955105
v -52.86030197 36.44221878 10.18014622
v -52.61078644 36.75186539 10.06969738
v -52.74851990 35.82110214 10.91341877
v -52.16083145 35.66281128 10.90302372
v -52.17312622 35.44520569 10.99502468
v -51.59457779 35.38672256 10.98817253
v -51.64961243 35.15618134 11.02376175
v -51.09268188 35.09818268 11.07457542
v -52.74536133 35.56066513 11.05082130
v -52.75998306 35.27218628 11.10811615
v -52.20845795 35.21450424 11.03500366
v -50.54686737 35.04146576 11.18660641
v -59.24522400 36.72960281 11.71664715
v -59.20349884 36.52200317 12.03148365
v -59.18939972 36.21167374 12.24932766
v -65.63437653 36.78277588 13.48003006
v -72.09490204 36.98548889 14.80022430
v -72.07934570 37.35387421 14.71073246
v -72.09344482 37.66420364 14.49288845
v -65.64847565 37.09310532 13.26218605
v -72.13516998 37.87180328 14.17805290
v -65.69019318 37.30070114 12.94735050
v -72.19850922 37.94678497 13.81154919
v -75.21067047 38.07996750 14.38237286
v -75.13928986 38.00715256 14.75011635
v -74.20557404 38.06516266 14.19087696
v -73.65682220 38.01139832 14.34883213
v -73.20123291 38.02075577 14.00054836
v -73.28061676 37.99245071 14.27738380
v -72.90462494 37.96934891 14.20612049
v -73.24071503 37.89268494 14.51377392
v -72.86592865 37.86952972 14.44248199
v -73.21564484 37.77047729 14.67939854
v -72.84226990 37.74737930 14.60817146
v -73.19322205 37.55083847 14.85931873
v -72.82228851 37.52796173 14.78832626
v -73.18571472 37.28960800 14.97354794
v -72.81763458 37.26705933 14.90294456
v -73.06872559 37.05734634 14.98669529
v -73.61571503 37.91170502 14.58525276
v -75.07830811 37.79930878 15.06430340
v -73.58924103 37.78944778 14.75081158
v -73.56436157 37.56961823 14.93049717
v -75.03659821 37.48670578 15.27917957
v -73.55400848 37.30808640 15.04433537
v -75.02024078 37.11486816 15.36345291
v -74.04411316 37.10048676 15.17449093
v -93.44676971 38.00715256 18.30373764
v -87.34427643 38.00715256 17.11919594
v -93.51815033 38.07996750 17.93599510
v -81.24178314 38.00715256 15.93465614
v -81.18080139 37.79930878 16.24884415
v -81.13909149 37.48670578 16.46372032
v -87.24158478 37.48670578 17.64826012
v -93.32772064 37.11486816 18.91707420
v -93.34407806 37.48670578 18.83280182
v -93.38578796 37.79930878 18.61792564
v -87.28329468 37.79930878 17.43338394
v -95.85486603 38.07996750 18.30567360
v -97.03145599 38.07996750 18.42928505
v -96.12197113 38.05271530 18.56627655
v -96.99880219 38.00715256 18.80246735
v -96.09183502 37.94760132 18.83086586
v -96.97090912 37.79930878 19.12130165
v -96.06620026 37.77331543 19.05600929
v -96.05170441 37.60935211 19.18323708
v -95.61592865 37.77331924 19.00173569
v -95.59977722 37.60935974 19.12876320
v -95.16641235 37.77331924 18.94158745
v -95.14860535 37.60935974 19.06839180
v -95.13362885 37.37197876 19.17498589
v -94.52712250 37.11491013 19.12828827
v -95.73315430 37.11491013 19.29762459
v -95.58619690 37.37197495 19.23554420
v -96.03952789 37.37196732 19.29018402
v -96.95182800 37.48670578 19.33935547
v -96.94435120 37.11486816 19.42487335
v -95.19792938 37.94760513 18.71719170
v -95.23497009 38.05271530 18.45348167
v -94.68328857 38.07996750 18.14117622
v -95.67810059 38.05271530 18.51277542
v -95.64451599 37.94760513 18.77694702
v -102.28645325 38.07996750 18.88903809
v -102.25379944 38.00715256 19.26222038
v -102.22590637 37.79930878 19.58105278
v -102.20683289 37.48670578 19.79910851
v -102.19934845 37.11486816 19.88462639
v -104.12273407 38.07996750 4.28902626
v -103.57541656 38.07996750 4.15605974
v -104.00959015 38.05250931 4.00829792
v -103.60807037 38.00715256 3.78287864
v -104.08496094 37.94738770 3.75355744
v -103.63596344 37.79930878 3.46404481
v -104.14907074 37.77331543 3.53677726
v -104.18550873 37.60866165 3.41367030
v -104.61913300 37.77331543 3.72386241
v -104.67704773 37.60866165 3.60922003
v -105.03346252 37.77331543 3.97548652
v -105.10783386 37.60866165 3.87083435
v -105.39521790 37.77331543 4.26874924
v -105.48198700 37.60866165 4.17408037
v -105.98617554 37.77331543 4.93113470
v -106.08914948 37.60866165 4.85436821
v -106.44554138 37.77331543 5.65144920
v -106.55819702 37.60866165 5.58985758
v -106.80603790 37.77331543 6.40154982
v -106.92503357 37.60866165 6.35274553
v -107.08226776 37.77331543 7.17262220
v -107.20520782 37.60866165 7.13476467
v -107.28826141 37.77331543 7.95644093
v -107.41364288 37.60866165 7.92824078
v -107.43567657 37.77331543 8.74637032
v -107.56266022 37.60866165 8.72699356
v -107.57491302 37.77331543 10.33537388
v -107.70333099 37.60866165 10.33191204
v -107.53057861 37.77331543 11.92438221
v -107.65868378 37.60866165 11.93558025
v -107.30357361 37.77331543 13.49718094
v -107.42951965 37.60866165 13.52290535
v -107.11843872 37.77331543 14.27224159
v -107.24248505 37.60866165 14.30551147
v -106.88388062 37.77331543 15.03693771
v -107.00540161 37.60866165 15.07811832
v -106.43651581 37.77331543 16.15987396
v -106.55297852 37.60866165 16.21390152
v -105.85675049 37.77331543 17.23823166
v -105.96542358 37.60866165 17.30696678
v -105.50299072 37.77331543 17.74987030
v -105.60571289 37.60866165 17.82705688
v -105.09837341 37.77331543 18.23693085
v -105.19319916 37.60866165 18.32352829
v -104.63529205 37.77331543 18.69215202
v -104.71956635 37.60866165 18.78921700
v -104.09855652 37.77331543 19.09442329
v -104.16761017 37.60866165 19.20271683
v -103.69110870 37.77331543 19.32027817
v -103.74620056 37.60866165 19.43625259
v -103.23950195 37.77331543 19.49605370
v -103.27664948 37.60866165 19.61900902
v -102.74401093 37.77331543 19.59858322
v -102.75852203 37.60866165 19.72614479
v -102.77066803 37.37155533 19.83270454
v -102.63301086 37.11486816 19.88852310
v -103.05393219 37.11486816 19.83081627
v -103.30770874 37.37155533 19.72171974
v -103.81066132 37.11486816 19.57217598
v -103.79225922 37.37155533 19.53312874
v -104.22533417 37.37155533 19.29317284
v -103.65503693 37.48670578 3.24599075
v -104.21595764 37.37155533 3.31083536
v -104.72544861 37.37155533 3.51345897
v -105.16999817 37.37155533 3.78342342
v -105.55451202 37.37155533 4.09501314
v -106.17521667 37.37155533 4.79025745
v -106.65233612 37.37155533 5.53842163
v -107.02445984 37.37155533 6.31199026
v -107.30792999 37.37155533 7.10315180
v -107.51838684 37.37155533 7.90469408
v -107.66874695 37.37155533 8.71081638
v -107.81062317 37.37155533 10.32903004
v -107.76570129 37.37155533 11.94493866
v -107.53473663 37.37155533 13.54439068
v -107.34611511 37.37155533 14.33329678
v -107.10694122 37.37155533 15.11250973
v -106.65029907 37.37155533 16.25902367
v -106.05622864 37.37155533 17.36437035
v -105.69155884 37.37155533 17.89152145
v -105.27244568 37.37155533 18.39585304
v -104.79000854 37.37155533 18.87028694
v -103.66252136 37.11486816 3.16047192
v -104.09014893 37.11486816 3.23195052
v -104.49448395 37.11486816 3.36191058
v -105.19489288 37.11486816 3.74816084
v -105.75738525 37.11486816 4.23078680
v -106.20971680 37.11486816 4.76435709
v -106.58070374 37.11486816 5.32663965
v -106.88945007 37.11486816 5.90401220
v -107.34922028 37.11486816 7.09036541
v -107.64309692 37.11486816 8.29933548
v -107.80768585 37.11486816 9.51562500
v -107.85945892 37.11486816 10.73379803
v -107.80876923 37.11486816 11.94869041
v -107.65309143 37.11486816 13.15430641
v -107.38779449 37.11486816 14.34451675
v -107.00827026 37.11486816 15.51319313
v -106.50825500 37.11486816 16.65332603
v -105.85398865 37.11486816 17.74317169
v -105.45136261 37.11486816 18.25864410
v -104.98838043 37.11486816 18.74806404
v -104.44907379 37.11486816 19.19477272
v -102.71850586 37.94738770 19.37396431
v -102.68849182 38.05250931 19.11000824
v -102.84869385 38.07996750 18.85324478
v -103.09735870 38.05250931 19.02512360
v -103.38217163 38.07996750 18.66997719
v -103.48024750 38.05250931 18.87606621
v -103.83425140 38.05250931 18.67962074
v -103.97708893 37.94738770 18.90371323
v -104.48703003 37.94738770 18.52120781
v -103.86733246 38.07996750 18.38189697
v -104.31270599 38.05250931 18.32034874
v -104.93152618 37.94738770 18.08441162
v -104.30246735 38.07996750 18.02092743
v -104.73535919 38.05250931 17.90520859
v -105.32221985 37.94738770 17.61391830
v -104.69142914 38.07996750 17.61027718
v -105.10970306 38.05250931 17.45418549
v -105.66550446 37.94738770 17.11715889
v -105.03804016 38.07996750 17.16537285
v -105.44068909 38.05250931 16.97491264
v -106.23152161 37.94738770 16.06469917
v -105.61904144 38.07996750 16.19692993
v -105.99057007 38.05250931 15.95288467
v -106.66996765 37.94738770 14.96439552
v -106.07472229 38.07996750 15.16064453
v -106.41853333 38.05250931 14.87917137
v -106.90007782 37.94738770 14.21364212
v -106.42291260 38.07996750 14.08569431
v -106.64343262 38.05250931 14.14479256
v -107.08185577 37.94738770 13.45187855
v -106.82126617 38.05250931 13.39864731
v -106.66767883 38.07996750 12.98280239
v -107.03998566 38.05250931 11.88151169
v -106.81226349 38.07996750 11.86159134
v -106.85993195 38.07996750 10.73168659
v -107.08309937 38.05250931 10.34867001
v -106.81228638 38.07996750 9.60265541
v -106.94937134 38.05250931 8.82062721
v -106.66088867 38.07996750 8.48372555
v -106.80813599 38.05250931 8.06449509
v -106.39289093 38.07996750 7.38489723
v -106.61148071 38.05250931 7.31766987
v -106.35039520 38.05250931 6.58853102
v -106.59658813 37.94738770 6.48752689
v -106.24727631 37.94738770 5.75994921
v -105.98575592 38.07996750 6.33138609
v -106.01420593 38.05250931 5.88741636
v -105.80496216 37.94738770 5.06635904
v -105.40874481 38.07996750 5.36158133
v -105.59192657 38.05250931 5.22522831
v -105.24255371 37.94738770 4.43549061
v -105.04375458 38.07996750 4.93042374
v -105.06306458 38.05250931 4.63140059
v -104.90261078 37.94738770 4.15979528
v -104.61643219 38.07996750 4.56229591
v -104.74876404 38.05250931 4.37635851
v -104.51724243 37.94738770 3.92574716
v -104.39744568 38.05250931 4.16297626
v -106.86584473 37.94738770 7.23931885
v -107.06755066 37.94738770 8.00612926
v -107.21212006 37.94738770 8.78051949
v -107.34881592 37.94738770 10.34149647
v -107.30504608 37.94738770 11.90467739
v -103.59420013 37.94738770 19.11605072
v -103.17417908 37.94738770 19.27954674
v -79.46399689 38.00715256 1.67054641
v -87.51202393 38.00715256 2.37465715
v -79.43135071 38.07996750 2.04372764
v -95.56004333 38.00715256 3.07876801
v -95.58794403 37.79930878 2.75993419
v -95.60701752 37.48670578 2.54187989
v -87.55899811 37.48670578 1.83776915
v -79.51845551 37.11486816 1.04813969
v -79.51097107 37.48670578 1.13365841
v -79.49189758 37.79930878 1.35171258
v -87.53991699 37.79930878 2.05582333
v -77.16017151 38.07996750 2.52128959
v -76.51335907 38.07996750 2.96376777
v -76.71696472 38.05324554 2.52938795
v -76.27256775 38.00715256 2.67680240
v -76.64022064 38.01026535 2.41596532
v -76.56753540 37.94864655 2.30856466
v -77.02619934 38.01034546 2.18503261
v -76.96502686 37.94879532 2.07080698
v -77.85868835 38.01040268 1.84645331
v -77.82228851 37.94890213 1.72218895
v -78.25243378 38.01038361 1.75003850
v -78.22774506 37.94886398 1.62289381
v -78.45215607 38.01036072 1.71537519
v -78.43341064 37.94882584 1.58718657
v -78.65323639 38.01033401 1.68991327
v -78.64046478 37.94877243 1.56094968
v -78.61811829 37.77499771 1.33513999
v -78.60540009 37.61045074 1.20683277
v -78.38191986 37.61062622 1.23516321
v -78.36631012 37.37380219 1.12849963
v -78.13938904 37.37398911 1.16788316
v -78.53893280 37.11701584 1.05889380
v -77.58035278 37.11774063 1.26048291
v -77.69201660 37.37417221 1.27742863
v -76.74616241 37.37367249 1.66211438
v -77.72232056 37.61088562 1.38089418
v -76.79704285 37.61053467 1.75714457
v -77.75855255 37.77529144 1.50458252
v -76.85790253 37.77505493 1.87080288
v -76.06684113 37.79930878 2.43162847
v -76.44028473 37.77471542 2.12053800
v -76.36801147 37.61003113 2.01372695
v -75.92613983 37.48670578 2.26395130
v -76.30764008 37.37295151 1.92448819
v -75.87096405 37.11486816 2.19818997
v -76.67950439 37.11701584 1.64516973
v -78.59476471 37.37355423 1.09957123
v -78.66673279 38.05326843 1.82609630
v -78.64771271 38.07996750 2.05226898
v -77.88084412 38.07996750 2.21351933
v -78.27851105 38.05328751 1.88429868
v -78.47196960 38.05327988 1.85073853
v -77.09078979 38.05327606 2.30565810
v -77.89712524 38.05329514 1.97767282
v -78.15994263 37.61075974 1.27371228
v -78.18451691 37.77520370 1.40025020
v -78.40058899 37.77511597 1.36272275
v -74.76396179 37.98383331 3.92183065
v -75.42659760 38.03894806 3.52662706
v -74.99881744 38.06274033 4.20489120
v -75.57482147 38.04141998 3.40523648
v -76.18561554 38.07996750 3.23877811
v -75.72305298 38.04335785 3.28381371
v -75.94481659 38.00715256 2.95181298
v -75.56947327 37.94349670 3.09984565
v -75.73909760 37.79930878 2.70663905
v -75.46236420 37.82104492 2.97108650
v -75.34706116 37.60112000 2.83171654
v -75.20092010 37.59900665 2.95362854
v -75.12985229 37.33783722 2.86549401
v -74.98452759 37.33559418 2.98719382
v -75.54321289 37.11486816 2.47320032
v -74.38768005 37.09813309 3.44204807
v -74.43512726 37.46480560 3.51136732
v -75.05478668 37.59636688 3.07550550
v -74.56676483 37.77465439 3.67921185
v -75.16838837 37.81591034 3.21479654
v -75.27430725 37.93846130 3.34324980
v -75.42188263 37.94124603 3.22156429
v -75.27518463 37.33955002 2.74375987
v -75.59839630 37.48670578 2.53896165
v -75.31536865 37.81874466 3.09295845
v -74.21295166 37.31408691 3.62483406
v -74.01251984 37.30490494 3.76843357
v -73.59781647 37.06008911 3.98288202
v -73.59150696 37.28063965 4.02534151
v -73.16155243 37.24882889 4.23375702
v -73.63353729 37.53770828 4.12785578
v -73.18997192 37.50531006 4.34113121
v -73.70861053 37.75518036 4.28666878
v -73.24645996 37.72237778 4.50727081
v -73.78160095 37.87773514 4.43212843
v -73.30345917 37.84481812 4.65938425
v -73.88939667 37.98019028 4.63906145
v -73.38949585 37.94736099 4.87576485
v -73.49497223 37.98921967 5.10384226
v -72.94275665 37.94678497 5.30479574
v -74.27418518 37.57260895 3.71761274
v -74.37606049 37.79098129 3.86221123
v -74.47232819 37.91368484 3.99495792
v -74.16086578 37.78091812 4.01444626
v -74.24958801 37.90357208 4.15175295
v -74.61199188 38.01561356 4.18399858
v -74.37890625 38.00572205 4.34719706
v -74.52801514 38.04614639 4.55131531
v -74.02506256 38.02199173 4.85182381
v -72.83748627 37.86518097 4.95655155
v -72.75892639 37.65643692 4.65777397
v -72.71798706 37.34957123 4.44999743
v -72.72036743 36.98723984 4.36210585
v -74.06762695 37.56287766 3.86473227
v -71.96434784 37.86323929 5.53156471
v -71.46412659 37.82003403 5.58277893
v -71.81718445 37.82201767 5.32460690
v -71.44841766 37.74395370 5.21239376
v -71.79411316 37.71502686 5.06418657
v -71.44739532 37.53609848 4.89614248
v -71.78156281 37.54136276 4.84224415
v -71.77991486 37.37866592 4.71586180
v -71.94745636 37.55676270 4.82005358
v -71.94175720 37.39425278 4.69419622
v -72.11257172 37.57203293 4.79261494
v -72.10283661 37.40969849 4.66741085
v -72.10272217 37.17664337 4.56104660
v -72.31661987 36.94571686 4.47343588
v -71.94515228 37.16081619 4.58753824
v -71.90482330 36.90277863 4.55057335
v -71.78681946 37.14483643 4.60902882
v -71.48786163 36.85873795 4.59297752
v -71.46120453 37.22623444 4.67931938
v -72.13911438 37.74569702 5.01194715
v -72.17843628 37.85329819 5.26897240
v -72.45837402 37.90558624 5.43868685
v -71.99825287 37.83771896 5.29964542
v -71.96702576 37.73042297 5.04079914
v -58.27396011 36.67649078 6.37706327
v -64.85333252 37.17218399 5.60953569
v -58.25825119 36.60041428 6.00667810
v -64.85231018 36.96432877 5.29328489
v -58.25722885 36.39255905 5.69042683
v -64.86611938 36.65446091 5.07646179
v -58.27103424 36.08269119 5.47360373
v -58.29769897 35.71519470 5.38726187
v -54.58608246 35.83964539 4.26039171
v -54.98754883 35.88166809 4.58033800
v -54.89926147 36.04683685 4.68327188
v -55.63883972 36.11981201 5.12911797
v -55.52399063 36.29147720 5.33300161
v -55.39720917 36.39123535 5.57481337
v -56.37441254 36.47979736 5.94759178
v -56.12654877 36.48732758 6.11424828
v -56.62821960 36.50254440 6.01239586
v -56.83055878 36.55001068 6.28826094
v -56.88474655 36.52543640 6.06565285
v -57.40377426 36.57146072 6.13715696
v -56.94157791 36.42232132 5.80417633
v -57.43658066 36.46713257 5.87340593
v -56.99726486 36.24979782 5.58253431
v -57.47182083 36.29420090 5.64947319
v -57.03453827 36.08631516 5.45758486
v -57.49751663 36.13090897 5.52285671
v -57.07435226 35.84995270 5.35409784
v -57.52767944 35.89525986 5.41733980
v -57.62625122 35.64738464 5.38167143
v -54.14276505 35.26637650 3.57060981
v -54.31288528 35.55718231 3.83515811
v -54.67428970 35.59774399 4.18511057
v -54.60496902 35.32100296 4.05937910
v -55.12735748 35.38062668 4.48271608
v -55.06819153 35.64093399 4.49798441
v -55.70066071 35.44418716 4.83293819
v -55.77583313 35.71648407 4.92296839
v -56.31555939 35.51061630 5.10243511
v -56.62873840 35.80480194 5.25016785
v -56.96146774 35.57876968 5.28606749
v -56.85034180 35.82733536 5.30717707
v -57.55110550 36.61348343 6.37644625
v -55.70918274 35.95541382 5.01530170
v -56.57956314 36.04195023 5.35075378
v -56.80580521 36.06407928 5.40931988
v -56.53092575 36.20568466 5.47300100
v -56.45504379 36.37785721 5.69052982
v -56.69699097 36.40002060 5.75285912
v -56.76281738 36.22768021 5.53304672
v -73.47551727 38.02934647 12.62429619
v -73.97724152 38.02934647 6.88955069
v -73.35292053 38.02453232 13.02333927
v -73.07997894 38.00988007 13.33522606
v -72.69882202 37.98486710 13.51011467
v -72.28707123 37.95218658 13.51505756
v -72.26654816 37.95039749 13.51101112
v -72.24603271 37.94859695 13.50696373
v -72.22550964 37.94678497 13.50291729
v -73.92184448 38.02425385 6.46415138
v -73.69538879 38.00878906 6.10438919
v -73.33324432 37.98234177 5.86948013
v -72.91545868 37.94823837 5.80808496
v -72.90984344 37.94775391 5.80845642
v -72.90423584 37.94726944 5.80882835
v -72.89862823 37.94678497 5.80920029
v -51.06534576 34.83515930 11.08805275
v -51.06593704 34.69060135 11.09316730
v -51.06656265 34.53710938 11.09859753
v -51.61717606 34.68943024 11.04162979
v -51.61766052 34.53593826 11.04711437
v -52.19145584 34.69051743 11.05239201
v -52.19179153 34.53702545 11.05789948
v -52.19212723 34.38352966 11.06340694
v -51.61814880 34.38244247 11.05259895
v -51.06718826 34.38361359 11.10402775
v -51.06475830 34.97971725 11.08293915
v -51.61625671 34.97854233 11.03129959
v -51.61579895 35.12310028 11.02613449
v -52.19050217 35.12419128 11.03683090
v -52.19081879 34.97963333 11.04201794
v -52.19113922 34.83507538 11.04720497
v -51.61671448 34.83398819 11.03646469
v -55.08390045 36.42572403 9.95304203
v -55.31773376 36.44741058 10.12445164
v -55.59028625 36.47190475 10.22142792
v -54.81329346 36.39848328 9.47322083
v -54.90871811 36.40868759 9.72095585
v -54.79448700 36.39408875 9.11229038
v -54.89019012 36.39999008 8.79231548
v -55.06114960 36.41204834 8.41956234
v -55.20815659 36.42194366 8.03672981
v -55.33062744 36.42963409 7.64535666
v -55.43471146 36.43685150 7.40260887
v -55.66341782 36.45475769 7.13668251
v -55.91638184 36.47566223 6.98678637
v -56.22819138 36.50228500 6.91417360
v -102.74371338 36.73542786 19.89315605
v -102.74502563 36.35590363 19.90632057
v -102.74630737 35.97637939 19.91946983
v -103.29653931 36.35590363 19.79788399
v -103.30011749 35.97637939 19.81055069
v -103.84441376 36.35590363 19.58712387
v -103.85007477 35.97637939 19.59900475
v -104.38147736 36.35590363 19.27544403
v -104.38891602 35.97637939 19.28635406
v -104.98524475 36.35590363 18.78748703
v -104.99431610 35.97637939 18.79717255
v -105.55531311 36.35590363 18.17467308
v -105.56558228 35.97637939 18.18309593
v -106.08242798 36.35590363 17.44761848
v -106.09358215 35.97637939 17.45479202
v -106.55737305 36.35590363 16.61715698
v -106.56918335 35.97637939 16.62313652
v -106.97132111 36.35590363 15.69768143
v -106.98363495 35.97637939 15.70253468
v -107.31578064 36.35590363 14.70654106
v -107.32846069 35.97637939 14.71032333
v -107.58226013 36.35590363 13.66117954
v -107.59520721 35.97637939 13.66392708
v -107.76458740 36.35590363 12.57930851
v -107.77772522 35.97637939 12.58104420
v -107.88122559 36.35590363 10.84988403
v -107.89450073 35.97637939 10.85002899
v -107.79327393 36.35590363 9.14778233
v -107.80644989 35.97637939 9.14626884
v -107.67364502 36.35590363 8.32946491
v -107.68667603 35.97637939 8.32707405
v -107.50415802 36.35590363 7.54496336
v -107.51696777 35.97637939 7.54165220
v -107.28524780 36.35590363 6.80327368
v -107.29775238 35.97637939 6.79898787
v -107.01762390 36.35590363 6.11318636
v -107.02974701 35.97637939 6.10786438
v -106.70484161 36.35590363 5.48157215
v -106.71645355 35.97637939 5.47515869
v -106.35195923 36.35590363 4.91424847
v -106.36288452 35.97637939 4.90670252
v -105.96408081 36.35590363 4.41702366
v -105.97406769 35.97637939 4.40831757
v -105.54627991 36.35590363 3.99567509
v -105.55503845 35.97637939 3.98579550
v -105.10327148 36.35590363 3.65452576
v -105.11048889 35.97637939 3.64350891
v -104.63925934 36.35590363 3.39581943
v -104.64466095 35.97637939 3.38380098
v -104.15839386 36.35590363 3.22163939
v -104.16175842 35.97637939 3.20885777
v -103.29292297 36.73542786 19.78519821
v -103.83872986 36.73542786 19.57522964
v -104.37403107 36.73542786 19.26452827
v -104.97618866 36.73542786 18.77780151
v -105.54504395 36.73542786 18.16624832
v -106.07127380 36.73542786 17.44044495
v -106.54555511 36.73542786 16.61117554
v -106.95900726 36.73542786 15.69282532
v -107.30310059 36.73542786 14.70275879
v -107.56931305 36.73542786 13.65843105
v -107.75144196 36.73542786 12.57757282
v -107.86795044 36.73542786 10.84974194
v -107.78009033 36.73542786 9.14929771
v -107.66061401 36.73542786 8.33185768
v -107.49135590 36.73542786 7.54827738
v -107.27273560 36.73542786 6.80756187
v -107.00550842 36.73542786 6.11850929
v -106.69322968 36.73542786 5.48798466
v -106.34104919 36.73542786 4.92179346
v -105.95409393 36.73542786 4.42573071
v -105.53751373 36.73542786 4.00555992
v -105.09603882 36.73542786 3.66555357
v -104.63382721 36.73542786 3.40785265
v -104.15500641 36.73542786 3.23443341
v -104.16510773 35.59685516 3.19608259
v -104.65003967 35.59685516 3.37178993
v -105.11768341 35.59685516 3.63249755
v -105.56378174 35.59685516 3.97591805
v -105.98405457 35.59685516 4.39961147
v -106.37380219 35.59685516 4.89915609
v -106.72806549 35.59685516 5.46874523
v -107.04186249 35.59685516 6.10254288
v -107.31024933 35.59685516 6.79470253
v -107.52976990 35.59685516 7.53834248
v -107.69969940 35.59685516 8.32468605
v -107.81962585 35.59685516 9.14475727
v -107.90778351 35.59685516 10.85017395
v -107.79087067 35.59685516 12.58277988
v -107.60815430 35.59685516 13.66667461
v -107.34113312 35.59685516 14.71410465
v -106.99594116 35.59685516 15.70738792
v -106.58099365 35.59685516 16.62911606
v -106.10472870 35.59685516 17.46196747
v -105.57585144 35.59685516 18.19152260
v -105.00337982 35.59685516 18.80685806
v -104.39635468 35.59685516 19.29726219
v -103.85572052 35.59685516 19.61087799
v -103.30368042 35.59685516 19.82320786
v -102.74757385 35.59685516 19.93260956
v -52.45949936 36.04507065 7.05233335
v -52.37825775 35.67323303 7.02460289
v -52.63549805 36.04507065 6.21883059
v -52.54998016 35.67323303 6.21134901
v -52.60691071 36.04507065 5.36742926
v -52.52208710 35.67323303 5.38063049
v -52.37540054 36.04507065 4.54760885
v -52.29619980 35.67323303 4.58072662
v -51.95442200 36.04507065 3.80701542
v -51.88544846 35.67323303 3.85812449
v -51.36843872 36.04507065 3.18868899
v -51.31370163 35.67323303 3.25481915
v -50.65151215 36.04507065 2.72856450
v -50.61418915 35.67323303 2.80587268
v -49.84529877 36.04507065 2.45338273
v -49.82756424 35.67323303 2.53737617
v -48.99665833 36.04507065 2.37913656
v -48.99953842 35.67323303 2.46493340
v -48.15491104 36.04507065 2.51014042
v -48.17824173 35.67323303 2.59275484
v -47.36897278 36.04507065 2.83878112
v -47.41139603 35.67323303 2.91341186
v -46.68452454 36.04507065 3.34595919
v -46.74357224 35.67323303 3.40826869
v -46.14133835 36.04507065 4.00219917
v -46.21358490 35.67323303 4.04856682
v -45.77098465 36.04507065 4.76936293
v -45.85222626 35.67323303 4.79709339
v -45.59498596 36.04507065 5.60286570
v -45.68050766 35.67323303 5.61034775
v -45.62357330 36.04507065 6.45426750
v -45.70839691 35.67323303 6.44106579
v -45.85508347 36.04507065 7.27408743
v -45.93428421 35.67323303 7.24097013
v -46.27606201 36.04507065 8.01468086
v -46.34503555 35.67323303 7.96357203
v -46.86204529 36.04507065 8.63300800
v -46.91678238 35.67323303 8.56687737
v -47.57897568 36.04507065 9.09313202
v -47.61629486 35.67323303 9.01582336
v -48.38518524 36.04507065 9.36831379
v -48.40291977 35.67323303 9.28432083
v -49.23382568 36.04507065 9.44256020
v -49.23094559 35.67323303 9.35676289
v -50.07557297 36.04507065 9.31155586
v -50.05224228 35.67323303 9.22894192
v -50.86151123 36.04507065 8.98291588
v -50.81908798 35.67323303 8.90828514
v -51.54595947 36.04507065 8.47573757
v -51.48691177 35.67323303 8.41342735
v -52.08914566 36.04507065 7.81949759
v -52.01690292 35.67323303 7.77312994
v -51.59987259 35.07996750 5.41149998
v -51.98955917 35.15278625 5.46350956
v -51.63991165 35.07996750 6.13172817
v -52.01309204 35.15278625 6.16437721
v -51.86820984 35.15278625 6.85051060
v -52.33192444 35.36063004 6.19227171
v -52.17110443 35.36063004 6.95389652
v -51.79898071 35.15278625 4.78863955
v -51.35854340 35.07996750 4.73172569
v -51.45243454 35.15278625 4.17898846
v -50.93547821 35.07996750 4.14747763
v -50.97005844 35.15278625 3.66998649
v -50.36494827 35.07996750 3.70608687
v -50.37988663 35.15278625 3.29121542
v -49.69317245 35.07996750 3.44331288
v -49.71622086 35.15278625 3.06468797
v -48.97457504 35.07996750 3.38044381
v -49.01762772 35.15278625 3.00356889
v -48.32470322 35.15278625 3.11141038
v -48.23772812 35.36063004 2.80340385
v -47.51956558 35.36063004 3.10370398
v -48.26737595 35.07996750 3.52257323
v -47.67772675 35.15278625 3.38194489
v -46.89413834 35.36063004 3.56714487
v -47.62886810 35.07996750 3.85818648
v -47.11429214 35.15278625 3.79945016
v -46.39779663 35.36063004 4.16679335
v -47.11077499 35.07996750 4.36009407
v -46.66714478 35.15278625 4.33966208
v -46.05937958 35.36063004 4.86780024
v -46.75506973 35.07996750 4.98763466
v -46.36227417 35.15278625 4.97118616
v -45.89855957 35.36063004 5.62942505
v -46.59057617 35.07996750 5.68996859
v -46.21739578 35.15278625 5.65731955
v -45.92468262 35.36063004 6.40740538
v -46.24092865 35.15278625 6.35818720
v -46.63061142 35.07996750 6.41019678
v -46.43150330 35.15278625 7.03305674
v -46.87194061 35.07996750 7.08997059
v -46.77804947 35.15278625 7.64270830
v -47.29500580 35.07996750 7.67421913
v -47.26042557 35.15278625 8.15170956
v -47.86553955 35.07996750 8.11561012
v -47.85059738 35.15278625 8.53048134
v -48.53731155 35.07996750 8.37838364
v -48.51426697 35.15278625 8.75700855
v -49.25590897 35.07996750 8.44125271
v -49.21286011 35.15278625 8.81812763
v -49.90578079 35.15278625 8.71028614
v -49.99275970 35.36063004 9.01829243
v -50.71091843 35.36063004 8.71799278
v -49.96310806 35.07996750 8.29912376
v -50.55275726 35.15278625 8.43975163
v -51.33634567 35.36063004 8.25455189
v -50.60161972 35.07996750 7.96351004
v -51.11619186 35.15278625 8.02224636
v -51.83269119 35.36063004 7.65490294
v -51.11971283 35.07996750 7.46160221
v -51.56333923 35.15278625 7.48203421
v -51.47541428 35.07996750 6.83406210
v -52.30580139 35.36063004 5.41429138
v -52.09425735 35.36063004 4.66516924
v -51.70958328 35.36063004 3.98844171
v -51.17413330 35.36063004 3.42343712
v -50.51902771 35.36063004 3.00299215
v -49.78234100 35.36063004 2.75154090
v -49.00688553 35.36063004 2.68369722
v -49.22359848 35.36063004 9.13799953
v -48.44814301 35.36063004 9.07015514
v -47.71145630 35.36063004 8.81870461
v -47.05635071 35.36063004 8.39825916
v -46.52090454 35.36063004 7.83325481
v -46.13622665 35.36063004 7.15652704
v -50.11143875 35.07996750 5.99800396
v -49.97496796 35.07996750 6.42160559
v -49.66822052 35.07996750 6.74404526
v -49.25194550 35.07996750 6.90146017
v -48.80859756 35.07996750 6.86267233
v -48.42598343 35.07996750 6.63536406
v -48.17988586 35.07996750 6.26455641
v -48.11904907 35.07996750 5.82369232
v -48.25551605 35.07996750 5.40009117
v -48.56226730 35.07996750 5.07765102
v -48.97853851 35.07996750 4.92023611
v -49.42188644 35.07996750 4.95902443
v -49.80450058 35.07996750 5.18633270
v -50.05059814 35.07996750 5.55714035
v -71.15918732 35.07996750 7.52253151
v -71.58114624 35.07996750 7.58709383
v -71.93753815 35.07996750 7.82169819
v -72.16348267 35.07996750 8.18363857
v -72.21786499 35.07996750 8.60703182
v -72.03374481 35.07996750 10.71152306
v -71.91229248 35.07996750 11.10900688
v -71.63980103 35.07996750 11.42260933
v -71.26328278 35.07996750 11.59820843
v -70.84771729 35.07996750 11.60550022
v -62.72037888 35.07996750 10.02792168
v -56.30360031 35.07996750 7.92679024
v -55.94290924 35.15278625 7.82563591
v -56.27995300 35.15278625 7.55293083
v -55.88998795 35.24854279 7.55577183
v -56.25975037 35.36063004 7.23351717
v -55.91514206 35.43543243 7.26825333
v -56.24593353 35.67323303 7.01506662
v -55.93223190 35.71535492 7.07289219
v -56.24051285 36.04507065 6.92939234
v -55.84708023 36.03808975 7.03806353
v -55.55861664 35.83370590 7.30682611
v -55.52972412 36.03808975 7.29483843
v -55.34133530 36.04507065 7.65692711
v -55.54707336 35.64464188 7.43877459
v -55.42399216 35.67323303 7.68010759
v -55.53016663 35.51879883 7.63202095
v -55.63474655 35.36063004 7.73921347
v -55.39889526 36.28019333 7.48174620
v -55.66846085 36.27616501 7.14244032
v -55.81789017 36.27686691 7.04254293
v -73.27877808 35.15278625 6.90933847
v -72.90560150 35.07996750 6.87668896
v -73.20369720 35.18556976 6.54324675
v -72.88195038 35.15278625 6.50282955
v -73.23080444 35.38679123 6.23345709
v -72.86174774 35.36063004 6.18341637
v -73.24918365 35.68783569 6.02335310
v -72.84793091 35.67323303 5.96496582
v -72.84251404 36.04507065 5.87929153
v -73.26394653 36.03135300 5.94436741
v -73.60310364 35.76678467 6.23216915
v -73.58842468 35.52634811 6.39997339
v -73.56684113 35.36594772 6.64662123
v -73.81415558 35.67113495 6.79080439
v -73.59761810 35.36063004 6.93723249
v -73.81566620 35.67323303 6.95630980
v -73.82648468 35.76284027 6.64996004
v -73.90118408 36.04507065 6.96379185
v -73.84628296 36.03135300 6.54091215
v -73.83489227 35.90056992 6.55383730
v -73.62014771 36.02648544 6.17915392
v -55.46723557 35.15278625 9.06293201
v -55.80279922 35.07996750 9.22945023
v -55.42506790 35.17469025 9.42384911
v -55.73141479 35.15278625 9.59719276
v -55.39396286 35.35164261 9.77935696
v -55.67042923 35.36063004 9.91137981
v -55.37212753 35.66129303 10.02897072
v -55.62871933 35.67323303 10.12625694
v -55.61236191 36.04507065 10.21052933
v -55.19731140 36.02840042 10.02363396
v -55.07688141 35.74719238 9.83136940
v -55.09423828 35.50107574 9.63297081
v -55.11896133 35.36042786 9.35040188
v -55.14654160 35.35087585 9.03514767
v -55.18054199 35.36063004 8.92066479
v -54.92098999 35.63648224 9.06903648
v -54.93644714 35.71147156 8.89233112
v -54.80412674 36.02840042 9.22848606
v -54.90756989 36.04507065 8.78520679
v -54.90788269 36.02243423 9.67196560
v -54.87861633 35.87755203 9.55335617
v -54.88917542 35.72784424 9.43267536
v -54.90421295 35.64229202 9.26079750
v -54.94777298 35.85359955 8.76287556
v -54.98447037 35.67323303 8.82336617
v -55.32060623 36.26553345 10.11634636
v -55.32671738 36.14935684 10.11343479
v -55.00857925 36.13977814 9.84453106
v -54.82743454 36.13999557 9.46942139
v -54.80096436 36.14325714 9.28808212
v -54.81927490 36.15076447 9.03117847
v -54.81339264 36.26694107 9.03354549
v -54.79492950 36.25942612 9.29053688
v -54.82132339 36.25616074 9.47195911
v -55.00239944 36.25594330 9.84727669
v -55.99673843 35.07996750 8.80593586
v -55.73404694 35.15278625 8.45542336
v -56.16388702 35.07996750 8.37115192
v -55.43531036 35.36063004 8.34057522
v -55.23100281 35.67323303 8.26202965
v -55.22032547 36.04507065 8.04180431
v -55.07555008 36.04507065 8.41838646
v -72.34622192 35.15278625 12.82225323
v -72.41760254 35.07996750 12.45451069
v -72.68637848 35.19524384 12.83533192
v -72.79078674 35.15278625 12.48715973
v -73.04670715 35.38004684 12.79264259
v -73.10961914 35.36063004 12.51505375
v -73.30274963 35.68080521 12.69363689
v -73.32767487 35.67323303 12.53413105
v -73.41319275 36.04507065 12.54161263
v -73.29074097 35.77019501 12.83089924
v -73.29134369 36.03235626 12.93856716
v -73.28252411 35.90478134 12.92485523
v -73.01870728 36.02785873 13.25198174
v -73.01123047 35.77244186 13.19817257
v -72.64232635 36.03235626 13.42776871
v -72.64151764 35.69081497 13.34805393
v -72.22716522 36.04507065 13.43558979
v -72.24353027 35.67323303 13.35131741
v -72.28523254 35.36063004 13.13644028
v -72.65978241 35.39263916 13.13929176
v -73.02566528 35.53649902 13.03321934
v -64.03881836 35.15278625 11.20972252
v -63.97783279 35.36063004 11.52391052
v -63.93612289 35.67323303 11.73878670
v -64.58095551 35.15278625 7.02788019
v -64.56075287 35.36063004 6.70846653
v -64.54692841 35.67323303 6.49001598
v -62.84780502 35.07996750 8.04823875
v -62.45310211 35.07996750 8.15720463
v -62.13515854 35.07996750 8.41523170
v -61.94728470 35.07996750 8.77905846
v -61.92098618 35.07996750 9.18768311
v -62.06066132 35.07996750 9.57259274
v -62.34290314 35.07996750 9.86925220
v -78.34039307 38.07996750 14.80142498
v -93.49399567 38.07996750 17.74285507
v -94.69248199 38.07996750 17.95391083
v -75.90016937 38.07996750 8.46318245
v -76.11051941 38.07996750 11.86919403
v -76.08261108 38.07996750 12.55677605
v -77.10468292 38.07996750 3.41237211
v -76.82830811 38.07996750 4.04392862
v -76.73504639 38.07996750 4.72697163
v -77.54312897 38.07996750 2.88037944
v -78.11026001 38.07996750 2.48844862
v -78.76290131 38.07996750 2.26641607
v -79.45138550 38.07996750 2.23118401
v -103.55929565 38.07996750 4.34035301
v -104.23120117 38.07996750 4.49460316
v -104.83537292 38.07996750 4.82659340
v -105.32582855 38.07996750 5.31105089
v -105.66522980 38.07996750 5.91109610
v -105.82773590 38.07996750 6.58104992
v -105.80097961 38.07996750 7.26991177
v -105.58699799 38.07996750 7.92524147
v -105.20207214 38.07996750 8.49715137
v -104.67552185 38.07996750 8.94210625
v -105.33089447 38.07996750 9.96230412
v -104.14777374 38.07996750 9.40179825
v -104.91481018 38.07996750 9.97627544
v -103.78349304 38.07996750 9.99939823
v -104.55287170 38.07996750 10.18201160
v -104.32800293 38.07996750 10.53238201
v -105.95368195 38.07996750 10.47779751
v -105.70581818 38.07996750 10.14330006
v -105.88321686 38.07996750 11.28317261
v -106.01770782 38.07996750 10.88916874
v -105.18038177 38.07996750 11.68268871
v -105.58103943 38.07996750 11.56954765
v -105.08530426 38.07996750 13.75615120
v -104.80535126 38.07996750 13.11331940
v -104.35780334 38.07996750 12.57358265
v -105.17563629 38.07996750 14.45145798
v -105.06922913 38.07996750 15.14448452
v -104.77445221 38.07996750 15.78065968
v -104.31452942 38.07996750 16.30988503
v -103.72566986 38.07996750 16.69048691
v -103.05425262 38.07996750 16.89249229
v -102.76535797 38.07996750 17.04448509
v -102.90489960 38.07996750 16.94046593
v -102.63217926 38.07996750 17.34257126
v -102.66318512 38.07996750 17.20849037
v -102.55492401 38.07996750 18.22560120
v -102.46656036 38.07996750 18.46858788
v -102.26863098 38.07996750 18.63467026
v -102.01399231 38.07996750 18.67949867
v -97.10786438 38.07996750 18.25026703
v -95.89759827 38.07996750 18.12311554
v -103.61668396 38.07996750 10.67910671
v -104.29171753 38.07996750 10.94712162
v -103.66293335 38.07996750 11.37745476
v -104.45233154 38.07996750 11.33121681
v -104.77304077 38.07996750 11.59667778
v -103.91790771 38.07996750 12.02923298
v -76.16132355 38.07996750 7.69807291
v -76.83197784 38.07996750 5.40950346
v -77.11174011 38.07996750 6.03956604
v -76.52326202 38.07996750 7.49233627
v -77.55303192 38.07996750 6.56919622
v -76.93934631 38.07996750 7.47836542
v -77.99293518 38.07996750 7.11354542
v -77.31427002 38.07996750 7.65936089
v -78.24790955 38.07996750 7.76532412
v -77.56213379 38.07996750 7.99385881
v -78.29415131 38.07996750 8.46367168
v -77.62615204 38.07996750 8.40522957
v -77.49166870 38.07996750 8.79923344
v -78.12734222 38.07996750 9.14338017
v -77.18949127 38.07996750 9.08560944
v -77.76306152 38.07996750 9.74098110
v -76.78883362 38.07996750 9.19875050
v -77.23532104 38.07996750 10.20067310
v -76.38149261 38.07996750 9.11273861
v -76.70959473 38.07996750 10.64470100
v -76.06078339 38.07996750 8.84727859
v -76.32493591 38.07996750 11.21530151
v -76.24333191 38.07996750 13.22589397
v -76.58048248 38.07996750 13.82579231
v -77.06848907 38.07996750 14.31096554
v -77.67034912 38.07996750 14.64461327
v -75.93645477 38.07996750 8.04844379
v -95.57773590 35.07996750 17.92356491
v -94.88825989 35.07996750 17.82506180
v -94.20088196 35.07996750 17.71284103
v -93.51588440 35.07996750 17.58694649
v -95.42199707 35.07996750 17.80212593
v -95.32560730 35.07996750 17.62976646
v -95.30359650 35.07996750 17.43336868
v -57.47927856 34.91814041 5.34020662
v -57.48785782 34.49167252 5.32485676
v -56.51959229 34.48093033 5.12450361
v -55.60892487 34.47791290 4.74011278
v -54.97394180 34.48101044 4.32820129
v -54.31100082 34.49067307 3.72047138
v -54.30069733 34.91713715 3.73328567
v -54.96377945 34.90745926 4.34191513
v -55.59904861 34.90435410 4.75446892
v -56.51029587 34.90737915 5.13949013
v -102.54848480 35.97845459 17.14883614
v -102.66861725 35.98231888 16.94213486
v -102.74353027 35.98165512 16.87872887
v -94.91954803 35.07996750 16.09411430
v -95.16252899 35.07996750 16.18247986
v -95.32861328 35.07996750 16.38040733
v -95.37344360 35.07996750 16.63504791
v -78.36524963 35.07996750 14.64580059
v -78.36250305 35.07996750 14.64556026
f 1 2 3
f 3 2 4
f 5 6 7
f 7 6 8
f 8 6 9
f 8 9 10
f 10 9 11
f 10 11 12
f 12 11 1
f 12 1 3
f 13 14 15
f 15 14 16
f 16 14 17
f 16 17 18
f 18 17 19
f 18 19 20
f 20 19 5
f 20 5 7
f 21 22 23
f 23 22 24
f 24 22 25
f 24 25 26
f 26 25 27
f 26 27 28
f 28 27 13
f 28 13 15
f 29 30 31
f 31 30 32
f 32 30 33
f 32 33 34
f 34 33 35
f 34 35 36
f 36 35 21
f 36 21 23
f 37 38 39
f 39 38 40
f 40 38 41
f 40 41 42
f 42 41 43
f 42 43 44
f 44 43 29
f 44 29 31
f 45 46 47
f 47 46 48
f 48 46 49
f 48 49 50
f 50 49 51
f 50 51 52
f 52 51 37
f 52 37 39
f 53 54 55
f 55 54 56
f 56 54 57
f 56 57 58
f 58 57 59
f 58 59 60
f 60 59 45
f 60 45 47
f 61 62 63
f 63 62 64
f 64 62 65
f 64 65 66
f 66 65 67
f 66 67 68
f 68 67 53
f 68 53 55
f 69 70 71
f 71 70 72
f 72 70 73
f 72 73 74
f 74 73 75
f 74 75 76
f 76 75 61
f 76 61 63
f 77 78 79
f 79 78 80
f 80 78 81
f 80 81 82
f 82 81 83
f 82 83 84
f 84 83 69
f 84 69 71
f 85 77 86
f 86 77 79
f 87 88 89
f 89 88 90
f 90 88 91
f 90 91 92
f 92 91 93
f 92 93 94
f 94 93 85
f 94 85 86
f 95 96 97
f 97 96 98
f 98 96 99
f 98 99 100
f 100 99 101
f 100 101 102
f 102 101 87
f 102 87 89
f 103 104 105
f 105 104 106
f 106 104 107
f 106 107 108
f 108 107 109
f 108 109 110
f 110 109 95
f 110 95 97
f 111 112 113
f 113 112 114
f 114 112 115
f 114 115 116
f 116 115 117
f 116 117 118
f 118 117 103
f 118 103 105
f 119 120 121
f 121 120 122
f 122 120 123
f 122 123 124
f 124 123 125
f 124 125 126
f 126 125 111
f 126 111 113
f 127 128 129
f 129 128 130
f 130 128 131
f 130 131 132
f 132 131 133
f 132 133 134
f 134 133 119
f 134 119 121
f 135 136 137
f 137 136 138
f 138 136 139
f 138 139 140
f 140 139 141
f 140 141 142
f 142 141 127
f 142 127 129
f 143 144 145
f 145 144 146
f 146 144 147
f 146 147 148
f 148 147 149
f 148 149 150
f 150 149 135
f 150 135 137
f 151 152 153
f 153 152 154
f 154 152 155
f 154 155 156
f 156 155 157
f 156 157 158
f 158 157 143
f 158 143 145
f 2 159 4
f 4 159 160
f 160 159 161
f 160 161 162
f 162 161 163
f 162 163 164
f 164 163 151
f 164 151 153
f 3 4 12
f 12 4 160
f 12 160 10
f 10 160 162
f 10 162 8
f 8 162 164
f 8 164 7
f 7 164 153
f 7 153 20
f 20 153 154
f 20 154 18
f 18 154 156
f 18 156 16
f 16 156 158
f 16 158 15
f 15 158 145
f 15 145 28
f 28 145 146
f 28 146 148
f 28 148 26
f 26 148 150
f 26 150 24
f 24 150 137
f 24 137 23
f 23 137 138
f 23 138 36
f 36 138 140
f 36 140 34
f 34 140 142
f 34 142 32
f 32 142 129
f 32 129 31
f 31 129 130
f 31 130 44
f 44 130 132
f 44 132 42
f 42 132 134
f 42 134 40
f 40 134 121
f 40 121 39
f 39 121 122
f 39 122 52
f 52 122 124
f 52 124 50
f 50 124 126
f 50 126 48
f 48 126 113
f 48 113 47
f 47 113 114
f 47 114 60
f 60 114 116
f 60 116 58
f 58 116 118
f 58 118 56
f 56 118 105
f 56 105 55
f 55 105 68
f 68 105 106
f 68 106 108
f 110 64 108
f 108 64 66
f 108 66 68
f 110 97 64
f 64 97 63
f 63 97 98
f 63 98 76
f 76 98 100
f 76 100 74
f 74 100 102
f 74 102 72
f 72 102 89
f 72 89 71
f 71 89 90
f 71 90 84
f 84 90 92
f 84 92 82
f 82 92 94
f 82 94 80
f 80 94 86
f 80 86 79
f 165 166 167
f 167 166 168
f 169 165 170
f 170 165 167
f 171 172 173
f 173 172 174
f 174 172 175
f 174 175 176
f 176 175 177
f 176 177 178
f 178 177 169
f 178 169 170
f 179 180 181
f 181 180 182
f 182 180 183
f 182 183 184
f 184 183 185
f 184 185 186
f 186 185 171
f 186 171 173
f 187 188 189
f 189 188 190
f 190 188 191
f 190 191 192
f 192 191 193
f 192 193 194
f 194 193 179
f 194 179 181
f 195 196 197
f 197 196 198
f 198 196 199
f 198 199 200
f 200 199 201
f 200 201 202
f 202 201 187
f 202 187 189
f 203 204 205
f 205 204 206
f 206 204 207
f 206 207 208
f 208 207 209
f 208 209 210
f 210 209 195
f 210 195 197
f 211 212 213
f 213 212 214
f 214 212 215
f 214 215 216
f 216 215 217
f 216 217 218
f 218 217 203
f 218 203 205
f 219 220 221
f 221 220 222
f 222 220 223
f 222 223 224
f 224 223 225
f 224 225 226
f 226 225 211
f 226 211 213
f 227 228 229
f 229 228 230
f 230 228 231
f 230 231 232
f 232 231 233
f 232 233 234
f 234 233 219
f 234 219 221
f 235 236 237
f 237 236 238
f 238 236 239
f 238 239 240
f 240 239 241
f 240 241 242
f 242 241 227
f 242 227 229
f 243 235 244
f 244 235 237
f 245 246 247
f 247 246 248
f 248 246 249
f 248 249 250
f 250 249 251
f 250 251 252
f 252 251 243
f 252 243 244
f 253 254 255
f 255 254 256
f 256 254 257
f 256 257 258
f 258 257 259
f 258 259 260
f 260 259 245
f 260 245 247
f 261 262 263
f 263 262 264
f 264 262 265
f 264 265 266
f 266 265 267
f 266 267 268
f 268 267 253
f 268 253 255
f 269 270 271
f 271 270 272
f 272 270 273
f 272 273 274
f 274 273 275
f 274 275 276
f 276 275 261
f 276 261 263
f 277 278 279
f 279 278 280
f 280 278 281
f 280 281 282
f 282 281 283
f 282 283 284
f 284 283 269
f 284 269 271
f 285 286 287
f 287 286 288
f 288 286 289
f 288 289 290
f 290 289 291
f 290 291 292
f 292 291 277
f 292 277 279
f 293 294 295
f 295 294 296
f 296 294 297
f 296 297 298
f 298 297 299
f 298 299 300
f 300 299 285
f 300 285 287
f 301 302 303
f 303 302 304
f 304 302 305
f 304 305 306
f 306 305 307
f 306 307 308
f 308 307 293
f 308 293 295
f 309 310 311
f 311 310 312
f 312 310 313
f 312 313 314
f 314 313 315
f 314 315 316
f 316 315 301
f 316 301 303
f 166 309 168
f 168 309 311
f 168 311 167
f 167 311 170
f 170 311 178
f 178 311 176
f 176 311 174
f 174 311 173
f 173 311 186
f 186 311 184
f 184 311 182
f 182 311 181
f 181 311 194
f 194 311 312
f 194 312 314
f 314 316 194
f 194 316 192
f 192 316 303
f 192 303 190
f 190 303 304
f 190 304 306
f 190 306 189
f 189 306 308
f 189 308 202
f 202 308 295
f 202 295 200
f 200 295 296
f 200 296 298
f 200 298 198
f 198 298 300
f 198 300 197
f 197 300 287
f 197 287 210
f 210 287 288
f 210 288 208
f 208 288 290
f 208 290 292
f 208 292 206
f 206 292 279
f 206 279 280
f 206 280 205
f 205 280 282
f 205 282 284
f 284 271 205
f 205 271 272
f 205 272 218
f 218 272 274
f 218 274 276
f 218 276 216
f 216 276 263
f 216 263 214
f 214 263 264
f 214 264 213
f 213 264 266
f 213 266 226
f 226 266 224
f 224 266 268
f 224 268 222
f 222 268 255
f 222 255 221
f 221 255 234
f 234 255 256
f 234 256 232
f 232 256 258
f 232 258 230
f 230 258 260
f 230 260 229
f 229 260 247
f 229 247 242
f 242 247 248
f 242 248 240
f 240 248 250
f 240 250 238
f 238 250 252
f 238 252 237
f 237 252 244
f 317 318 319
f 319 318 320
f 319 320 321
f 321 320 322
f 322 320 323
f 321 324 319
f 319 324 325
f 325 326 319
f 319 326 327
f 327 326 328
f 327 328 329
f 329 328 330
f 330 328 331
f 332 333 334
f 334 333 335
f 335 333 330
f 335 330 336
f 336 330 331
f 333 337 330
f 330 337 338
f 338 337 339
f 339 337 333
f 339 333 332
f 332 340 339
f 339 340 341
f 341 340 342
f 341 342 343
f 340 344 342
f 342 344 345
f 345 344 346
f 346 344 347
f 347 344 348
f 320 318 323
f 323 318 317
f 323 317 349
f 323 349 350
f 350 349 351
f 350 351 352
f 352 351 353
f 353 351 354
f 354 351 355
f 355 351 356
f 357 358 359
f 359 358 360
f 359 360 361
f 361 360 362
f 361 362 363
f 358 357 364
f 364 357 365
f 364 365 366
f 366 365 367
f 366 367 368
f 368 367 369
f 368 369 370
f 370 369 371
f 370 371 372
f 372 371 373
f 372 373 374
f 374 373 375
f 374 375 376
f 376 375 377
f 376 377 378
f 378 377 379
f 379 377 380
f 380 377 381
f 380 381 382
f 382 381 383
f 383 381 384
f 383 384 385
f 385 384 386
f 385 386 387
f 375 388 377
f 377 388 381
f 388 389 381
f 381 389 384
f 389 390 384
f 384 390 391
f 384 391 386
f 386 391 392
f 392 391 393
f 392 393 394
f 390 395 391
f 391 395 396
f 391 396 393
f 393 396 397
f 397 396 398
f 398 396 399
f 399 396 400
f 399 400 401
f 401 400 402
f 402 400 403
f 402 403 404
f 395 405 396
f 396 405 400
f 405 406 400
f 400 406 407
f 400 407 403
f 403 407 408
f 408 407 409
f 408 409 410
f 410 409 411
f 411 409 412
f 411 412 413
f 413 412 414
f 414 412 415
f 414 415 416
f 406 417 407
f 407 417 409
f 409 417 412
f 412 417 418
f 412 418 419
f 419 418 420
f 419 420 421
f 421 420 422
f 421 422 423
f 423 422 424
f 423 424 425
f 425 424 426
f 425 426 427
f 427 426 428
f 427 428 429
f 429 428 430
f 429 430 431
f 431 430 432
f 432 430 433
f 432 433 434
f 428 435 430
f 430 435 436
f 430 436 433
f 433 436 437
f 437 436 325
f 437 325 324
f 435 438 436
f 436 438 439
f 436 439 326
f 326 439 328
f 328 439 331
f 331 439 440
f 331 440 336
f 336 440 441
f 441 440 442
f 441 442 443
f 443 442 444
f 443 444 363
f 363 444 361
f 438 445 439
f 439 445 440
f 445 446 440
f 440 446 442
f 446 447 442
f 442 447 444
f 447 448 444
f 444 448 361
f 448 359 361
f 378 449 376
f 376 449 374
f 449 450 374
f 374 450 372
f 450 451 372
f 372 451 370
f 451 452 370
f 370 452 368
f 452 453 368
f 368 453 366
f 453 454 366
f 366 454 364
f 454 455 364
f 364 455 358
f 455 456 358
f 358 456 360
f 456 362 360
f 326 325 436
f 431 457 429
f 429 457 458
f 429 458 427
f 427 458 459
f 427 459 460
f 458 461 459
f 462 463 460
f 460 463 427
f 427 463 425
f 425 463 464
f 425 464 465
f 425 465 423
f 423 465 466
f 423 466 467
f 467 466 468
f 423 467 421
f 421 467 469
f 421 469 470
f 470 469 471
f 421 470 419
f 419 470 472
f 419 472 473
f 473 415 419
f 419 415 412
f 413 474 411
f 401 475 399
f 332 334 340
f 340 334 476
f 340 476 344
f 344 476 477
f 344 477 348
f 348 477 478
f 348 478 479
f 479 478 480
f 480 478 481
f 481 478 482
f 481 482 483
f 483 482 484
f 483 484 485
f 334 335 476
f 476 335 486
f 476 486 477
f 477 486 487
f 477 487 478
f 478 487 488
f 478 488 482
f 482 488 484
f 489 490 485
f 485 490 491
f 485 491 483
f 483 491 490
f 492 493 489
f 489 493 494
f 489 494 490
f 490 494 495
f 495 494 493
f 495 493 496
f 496 493 497
f 496 497 498
f 498 497 499
f 498 499 500
f 500 499 501
f 501 499 502
f 501 502 503
f 503 502 504
f 504 502 505
f 504 505 506
f 506 505 507
f 506 507 508
f 508 507 509
f 508 509 510
f 510 509 511
f 510 511 512
f 512 511 513
f 512 513 514
f 493 492 497
f 497 492 515
f 497 515 516
f 497 516 499
f 499 516 517
f 499 517 502
f 502 517 518
f 502 518 505
f 505 518 519
f 505 519 507
f 507 519 520
f 507 520 509
f 509 520 521
f 509 521 511
f 511 521 522
f 511 522 513
f 321 322 523
f 523 322 524
f 523 524 525
f 525 524 526
f 525 526 527
f 323 350 322
f 322 350 524
f 350 352 524
f 524 352 526
f 352 353 526
f 335 336 486
f 486 336 441
f 486 441 487
f 487 441 443
f 487 443 488
f 488 443 363
f 488 363 484
f 484 363 362
f 484 362 485
f 485 362 456
f 485 456 489
f 489 456 455
f 489 455 492
f 492 455 454
f 492 454 515
f 515 454 453
f 515 453 516
f 516 453 452
f 516 452 517
f 517 452 451
f 517 451 518
f 518 451 450
f 518 450 519
f 519 450 449
f 519 449 520
f 520 449 378
f 520 378 521
f 521 378 379
f 521 379 522
f 321 523 324
f 324 523 437
f 437 523 525
f 437 525 433
f 433 525 434
f 434 525 527
f 528 529 530
f 530 529 531
f 530 531 532
f 532 531 533
f 533 531 534
f 532 461 530
f 530 461 458
f 458 457 530
f 530 457 535
f 535 457 431
f 535 431 536
f 536 431 537
f 537 431 432
f 353 354 526
f 526 354 527
f 527 354 537
f 527 537 434
f 434 537 432
f 354 355 537
f 537 355 356
f 531 529 534
f 534 529 528
f 534 528 538
f 534 538 539
f 539 538 540
f 539 540 541
f 541 540 542
f 542 540 543
f 543 540 544
f 544 540 545
f 532 533 546
f 546 533 547
f 546 547 548
f 548 547 549
f 548 549 550
f 534 539 533
f 533 539 547
f 539 541 547
f 547 541 549
f 541 542 549
f 532 546 461
f 461 546 459
f 459 546 548
f 459 548 460
f 460 548 462
f 462 548 550
f 551 552 553
f 553 552 554
f 553 554 555
f 555 554 556
f 556 554 557
f 555 468 553
f 553 468 466
f 466 465 553
f 553 465 558
f 558 465 464
f 558 464 559
f 559 464 560
f 560 464 463
f 542 543 549
f 549 543 550
f 550 543 560
f 550 560 462
f 462 560 463
f 543 544 560
f 560 544 545
f 555 561 468
f 468 561 467
f 467 561 562
f 467 562 469
f 469 562 471
f 471 562 563
f 564 565 566
f 566 565 567
f 566 567 568
f 568 567 569
f 569 567 570
f 568 416 566
f 566 416 415
f 415 473 566
f 566 473 571
f 571 473 472
f 571 472 572
f 572 472 573
f 573 472 470
f 574 575 576
f 576 575 563
f 563 575 573
f 563 573 471
f 471 573 470
f 575 577 573
f 573 577 578
f 568 579 416
f 416 579 414
f 414 579 580
f 414 580 413
f 413 580 474
f 474 580 581
f 554 552 557
f 557 552 551
f 557 551 582
f 557 582 583
f 583 582 584
f 583 584 585
f 585 584 574
f 574 584 575
f 575 584 577
f 577 584 578
f 555 556 561
f 561 556 586
f 561 586 562
f 562 586 576
f 562 576 563
f 557 583 556
f 556 583 586
f 583 585 586
f 586 585 576
f 585 574 576
f 587 588 589
f 589 588 590
f 589 590 591
f 591 590 592
f 592 590 593
f 591 394 589
f 589 394 393
f 393 397 589
f 589 397 594
f 594 397 398
f 594 398 595
f 595 398 596
f 596 398 399
f 597 598 599
f 599 598 600
f 600 598 596
f 600 596 475
f 475 596 399
f 598 601 596
f 596 601 602
f 602 601 603
f 603 601 598
f 603 598 597
f 597 604 603
f 603 604 605
f 603 605 606
f 606 605 607
f 606 607 608
f 608 607 609
f 609 607 610
f 590 588 593
f 593 588 587
f 593 587 611
f 593 611 612
f 612 611 613
f 612 613 614
f 614 613 615
f 615 613 616
f 616 613 617
f 617 613 618
f 597 599 604
f 604 599 619
f 604 619 605
f 605 619 620
f 605 620 607
f 600 621 599
f 599 621 619
f 621 622 619
f 619 622 620
f 622 623 620
f 591 592 624
f 624 592 625
f 624 625 626
f 626 625 627
f 626 627 628
f 593 612 592
f 592 612 625
f 612 614 625
f 625 614 627
f 614 615 627
f 600 475 621
f 621 475 401
f 621 401 402
f 621 402 622
f 622 402 404
f 622 404 623
f 591 624 394
f 394 624 392
f 392 624 626
f 392 626 386
f 386 626 387
f 387 626 628
f 629 630 631
f 631 630 632
f 631 632 522
f 522 632 513
f 513 632 514
f 522 379 631
f 631 379 380
f 380 382 631
f 631 382 633
f 633 382 383
f 633 383 634
f 634 383 635
f 635 383 385
f 615 616 627
f 627 616 628
f 628 616 635
f 628 635 387
f 387 635 385
f 616 617 635
f 635 617 618
f 632 630 514
f 514 630 629
f 514 629 636
f 637 510 636
f 636 510 512
f 636 512 514
f 510 637 508
f 508 637 638
f 508 638 506
f 506 638 639
f 506 639 640
f 640 641 506
f 506 641 642
f 506 642 643
f 506 643 504
f 504 643 644
f 504 644 645
f 645 503 504
f 568 569 579
f 579 569 646
f 579 646 580
f 580 646 647
f 580 647 581
f 570 648 569
f 569 648 646
f 648 649 646
f 646 649 647
f 649 650 647
f 608 609 651
f 651 609 610
f 651 610 623
f 623 610 620
f 620 610 607
f 623 404 651
f 651 404 403
f 403 408 651
f 651 408 652
f 652 408 410
f 652 410 653
f 653 410 654
f 654 410 411
f 650 655 647
f 647 655 581
f 581 655 654
f 581 654 474
f 474 654 411
f 655 656 654
f 654 656 657
f 567 565 570
f 570 565 564
f 570 564 658
f 570 658 648
f 648 658 659
f 648 659 649
f 649 659 650
f 650 659 655
f 655 659 656
f 656 659 657
f 357 359 660
f 660 359 448
f 660 448 661
f 661 448 447
f 661 447 662
f 662 447 446
f 662 446 663
f 663 446 445
f 663 445 664
f 664 445 438
f 664 438 665
f 665 438 435
f 665 435 666
f 666 435 428
f 666 428 667
f 667 428 426
f 667 426 668
f 668 426 424
f 668 424 669
f 669 424 422
f 669 422 670
f 670 422 420
f 670 420 671
f 671 420 418
f 671 418 672
f 672 418 417
f 672 417 673
f 673 417 406
f 673 406 674
f 674 406 405
f 674 405 675
f 675 405 395
f 675 395 676
f 676 395 390
f 676 390 677
f 677 390 389
f 677 389 678
f 678 389 388
f 678 388 679
f 679 388 375
f 679 375 680
f 680 375 373
f 680 373 681
f 681 373 371
f 681 371 682
f 682 371 369
f 682 369 683
f 683 369 367
f 683 367 684
f 684 367 365
f 684 365 685
f 685 365 357
f 685 357 660
f 686 687 348
f 348 687 688
f 348 688 689
f 689 688 690
f 689 690 691
f 691 690 692
f 691 692 693
f 693 692 694
f 693 694 695
f 695 694 696
f 695 696 347
f 347 696 697
f 347 697 346
f 346 697 698
f 346 698 345
f 345 698 342
f 687 686 699
f 699 686 700
f 699 700 701
f 701 692 699
f 699 692 690
f 699 690 688
f 342 702 692
f 692 702 703
f 692 703 704
f 704 703 697
f 704 697 696
f 348 689 347
f 347 689 705
f 347 705 695
f 695 705 693
f 702 342 698
f 699 688 687
f 692 704 694
f 694 704 696
f 703 702 698
f 703 698 697
f 705 689 691
f 693 705 691
f 706 701 707
f 707 701 700
f 707 700 708
f 708 700 686
f 708 686 709
f 709 686 479
f 709 479 480
f 686 348 479
f 709 480 710
f 710 480 481
f 710 481 711
f 711 481 712
f 711 712 713
f 713 712 714
f 713 714 715
f 715 714 716
f 715 716 717
f 481 483 712
f 715 717 718
f 718 717 719
f 718 719 707
f 707 719 706
f 718 707 708
f 708 709 720
f 720 709 710
f 720 710 713
f 713 710 711
f 713 715 720
f 720 715 718
f 720 718 708
f 496 498 721
f 721 498 722
f 721 722 723
f 723 722 724
f 723 724 725
f 725 724 726
f 725 726 727
f 727 726 728
f 727 728 729
f 729 728 730
f 729 730 731
f 731 730 732
f 731 732 733
f 733 732 734
f 733 734 714
f 714 734 735
f 714 735 716
f 724 736 726
f 726 736 737
f 726 737 738
f 726 738 728
f 728 738 739
f 728 739 730
f 730 739 740
f 730 740 732
f 732 740 741
f 732 741 734
f 734 741 742
f 734 742 735
f 733 714 743
f 743 714 712
f 743 712 744
f 744 712 483
f 744 483 490
f 744 490 745
f 745 490 495
f 745 495 746
f 746 495 496
f 746 496 747
f 747 496 721
f 747 721 723
f 723 725 748
f 748 725 727
f 748 727 749
f 749 727 729
f 749 729 750
f 750 729 731
f 750 731 743
f 743 731 733
f 746 747 748
f 748 747 723
f 746 748 749
f 745 746 749
f 745 749 750
f 744 745 750
f 744 750 743
f 751 752 753
f 753 752 754
f 753 754 755
f 755 754 756
f 755 756 757
f 757 756 503
f 757 503 645
f 757 645 758
f 758 645 644
f 758 644 759
f 759 644 760
f 759 760 761
f 761 760 762
f 761 762 763
f 763 762 764
f 763 764 765
f 765 764 766
f 766 764 767
f 766 767 768
f 768 767 769
f 769 767 770
f 770 767 640
f 644 643 760
f 760 643 771
f 760 771 762
f 762 771 772
f 762 772 764
f 764 772 767
f 771 643 773
f 773 643 642
f 773 642 774
f 774 642 641
f 774 641 640
f 763 765 775
f 775 765 776
f 775 776 777
f 777 776 778
f 777 778 779
f 779 778 755
f 779 755 757
f 776 751 778
f 778 751 753
f 778 753 755
f 774 640 780
f 757 758 779
f 779 758 781
f 779 781 777
f 777 781 775
f 758 759 781
f 781 759 761
f 781 761 775
f 775 761 763
f 774 780 773
f 773 780 772
f 773 772 771
f 640 767 780
f 780 767 772
f 752 782 783
f 783 782 784
f 783 784 785
f 785 784 786
f 785 786 787
f 787 786 501
f 787 501 503
f 503 756 787
f 787 756 785
f 756 754 785
f 785 754 783
f 754 752 783
f 500 501 788
f 788 501 786
f 788 786 789
f 789 786 784
f 789 784 790
f 790 784 791
f 790 791 724
f 724 791 736
f 784 782 791
f 790 724 789
f 789 724 722
f 789 722 788
f 788 722 498
f 788 498 500
f 782 752 792
f 792 752 751
f 792 751 793
f 793 751 776
f 793 776 794
f 794 776 765
f 794 765 795
f 795 765 766
f 795 766 796
f 796 766 768
f 796 768 769
f 769 770 796
f 796 770 640
f 795 797 794
f 794 797 798
f 794 798 793
f 793 798 799
f 793 799 792
f 797 800 798
f 798 800 801
f 798 801 799
f 791 802 736
f 736 802 803
f 736 803 804
f 804 803 805
f 805 803 806
f 806 803 807
f 806 807 808
f 808 807 809
f 808 809 810
f 810 809 811
f 810 811 799
f 799 811 792
f 792 811 812
f 792 812 782
f 782 812 802
f 782 802 791
f 799 801 810
f 807 803 802
f 809 807 812
f 812 807 802
f 811 809 812
f 813 814 815
f 815 814 816
f 815 816 817
f 817 816 818
f 817 818 819
f 819 818 820
f 819 820 821
f 821 820 822
f 821 822 823
f 823 822 824
f 823 824 825
f 825 824 826
f 825 826 827
f 827 826 828
f 827 828 804
f 816 814 829
f 829 814 830
f 829 830 831
f 831 830 832
f 831 832 822
f 822 832 824
f 830 833 832
f 832 833 834
f 832 834 824
f 824 834 826
f 833 835 834
f 834 835 836
f 834 836 828
f 804 805 827
f 827 805 825
f 805 806 825
f 825 806 823
f 823 806 821
f 821 806 808
f 821 808 819
f 819 808 810
f 819 810 817
f 834 828 826
f 818 816 829
f 822 820 831
f 831 820 829
f 820 818 829
f 837 838 839
f 839 838 840
f 839 840 813
f 813 840 814
f 814 840 830
f 830 840 841
f 830 841 833
f 833 841 842
f 833 842 835
f 835 842 843
f 835 843 844
f 844 843 845
f 845 843 846
f 846 843 847
f 846 847 837
f 837 847 838
f 841 840 838
f 841 838 847
f 842 841 847
f 842 847 843
f 848 849 850
f 850 849 851
f 850 851 852
f 852 851 853
f 852 853 854
f 854 853 855
f 854 855 856
f 856 855 857
f 856 857 858
f 858 857 859
f 858 859 846
f 846 859 845
f 845 859 860
f 845 860 861
f 861 860 862
f 862 860 863
f 862 863 864
f 864 863 857
f 864 857 855
f 853 865 855
f 855 865 864
f 865 866 864
f 864 866 862
f 861 844 845
f 858 846 867
f 867 846 837
f 867 837 868
f 868 837 839
f 868 839 869
f 869 848 868
f 868 848 870
f 868 870 871
f 871 870 852
f 871 852 854
f 870 848 850
f 871 854 856
f 870 850 852
f 859 857 863
f 860 859 863
f 858 867 856
f 856 867 871
f 867 868 871
f 849 872 851
f 851 872 873
f 851 873 853
f 853 873 874
f 853 874 865
f 865 874 875
f 865 875 866
f 866 875 876
f 877 878 879
f 879 878 880
f 879 880 881
f 881 880 882
f 881 882 883
f 883 882 884
f 883 884 885
f 885 884 886
f 885 886 887
f 887 886 888
f 887 888 889
f 889 888 890
f 889 890 891
f 891 890 892
f 891 892 893
f 893 892 894
f 893 894 895
f 895 894 896
f 895 896 897
f 897 896 898
f 897 898 899
f 899 898 900
f 899 900 901
f 901 900 902
f 901 902 903
f 903 902 904
f 903 904 905
f 905 904 906
f 905 906 907
f 907 906 908
f 907 908 909
f 909 908 910
f 909 910 911
f 911 910 912
f 911 912 913
f 913 912 914
f 913 914 915
f 915 914 916
f 915 916 917
f 917 916 918
f 917 918 919
f 919 918 920
f 919 920 921
f 921 920 922
f 921 922 923
f 923 922 924
f 923 924 925
f 925 924 926
f 925 926 927
f 927 926 928
f 927 928 929
f 929 928 930
f 929 930 874
f 874 930 875
f 875 930 931
f 875 931 876
f 876 931 932
f 932 931 933
f 932 933 934
f 934 933 935
f 934 935 936
f 936 935 926
f 936 926 924
f 882 937 884
f 884 937 938
f 884 938 886
f 886 938 939
f 886 939 888
f 888 939 940
f 888 940 890
f 890 940 941
f 890 941 892
f 892 941 942
f 892 942 894
f 894 942 943
f 894 943 896
f 896 943 944
f 896 944 898
f 898 944 945
f 898 945 900
f 900 945 946
f 900 946 902
f 902 946 947
f 902 947 904
f 904 947 948
f 904 948 906
f 906 948 949
f 906 949 908
f 908 949 950
f 908 950 910
f 910 950 951
f 910 951 912
f 912 951 952
f 912 952 914
f 914 952 953
f 914 953 916
f 916 953 954
f 916 954 918
f 918 954 955
f 918 955 920
f 920 955 956
f 920 956 922
f 922 956 957
f 922 957 924
f 924 957 936
f 937 958 938
f 938 958 959
f 938 959 939
f 939 959 960
f 939 960 940
f 940 960 941
f 960 961 941
f 941 961 942
f 961 962 942
f 942 962 943
f 962 963 943
f 943 963 944
f 963 964 944
f 944 964 945
f 945 964 946
f 946 964 965
f 946 965 947
f 947 965 966
f 947 966 948
f 948 966 967
f 948 967 949
f 949 967 968
f 949 968 969
f 949 969 950
f 950 969 970
f 950 970 951
f 951 970 952
f 970 971 952
f 952 971 953
f 971 972 953
f 953 972 954
f 972 973 954
f 954 973 955
f 973 974 955
f 955 974 956
f 974 975 956
f 956 975 957
f 975 976 957
f 957 976 936
f 976 934 936
f 929 874 977
f 977 874 873
f 977 873 978
f 978 873 872
f 978 872 979
f 979 980 978
f 978 980 981
f 978 981 982
f 982 981 983
f 982 983 925
f 925 983 923
f 980 984 981
f 981 984 985
f 981 985 983
f 983 985 986
f 983 986 923
f 923 986 921
f 985 984 987
f 987 984 988
f 987 988 989
f 989 988 990
f 989 990 991
f 991 990 992
f 991 992 993
f 993 992 994
f 993 994 995
f 995 994 996
f 995 996 997
f 997 996 998
f 997 998 999
f 999 998 1000
f 999 1000 1001
f 1001 1000 1002
f 1001 1002 1003
f 1003 1002 1004
f 1003 1004 905
f 905 1004 903
f 1000 1005 1002
f 1002 1005 1006
f 1002 1006 1004
f 1004 1006 1007
f 1004 1007 903
f 903 1007 901
f 1005 1008 1006
f 1006 1008 1009
f 1006 1009 1010
f 1010 1009 1011
f 1010 1011 1012
f 1012 1011 1013
f 1012 1013 1014
f 1014 1013 1015
f 1014 1015 1016
f 1016 1015 1017
f 1016 1017 1018
f 1018 1017 1019
f 1018 1019 893
f 893 1019 891
f 1015 1020 1017
f 1017 1020 1021
f 1017 1021 1019
f 1019 1021 1022
f 1019 1022 891
f 891 1022 889
f 1020 1023 1021
f 1021 1023 1024
f 1021 1024 1022
f 1022 1024 1025
f 1022 1025 889
f 889 1025 887
f 1023 1026 1024
f 1024 1026 1027
f 1024 1027 1028
f 1028 1027 1029
f 1028 1029 1030
f 1030 1029 1031
f 1030 1031 1032
f 1032 1031 881
f 1032 881 883
f 1029 1033 1031
f 1031 1033 879
f 1031 879 881
f 1033 877 879
f 1032 883 885
f 1032 885 1034
f 1034 885 887
f 1034 887 1025
f 1025 1028 1034
f 1034 1028 1030
f 1034 1030 1032
f 1028 1025 1024
f 1018 893 895
f 1018 895 1035
f 1035 895 897
f 1035 897 1036
f 1036 897 899
f 1036 899 1037
f 1037 899 901
f 1037 901 1007
f 1036 1014 1035
f 1035 1014 1016
f 1035 1016 1018
f 1014 1036 1012
f 1012 1036 1037
f 1012 1037 1010
f 1010 1037 1007
f 1010 1007 1006
f 1003 905 907
f 1003 907 1038
f 1038 907 909
f 1038 909 1039
f 1039 909 911
f 1039 911 1040
f 1040 911 913
f 1040 913 1041
f 1041 913 915
f 1041 915 1042
f 1042 915 917
f 1042 917 1043
f 1043 917 919
f 1043 919 1044
f 1044 919 921
f 1044 921 986
f 1039 999 1038
f 1038 999 1001
f 1038 1001 1003
f 999 1039 997
f 997 1039 1040
f 997 1040 995
f 995 1040 1041
f 995 1041 993
f 993 1041 1042
f 993 1042 991
f 991 1042 1043
f 991 1043 989
f 989 1043 1044
f 989 1044 987
f 987 1044 986
f 987 986 985
f 926 935 928
f 928 935 933
f 928 933 930
f 930 933 931
f 925 927 982
f 982 927 977
f 982 977 978
f 977 927 929
f 1045 1046 1047
f 1047 1046 1048
f 1047 1048 878
f 878 1048 880
f 880 1048 882
f 882 1048 1049
f 882 1049 937
f 937 1049 1050
f 937 1050 958
f 958 1050 1051
f 958 1051 1052
f 1052 1051 1053
f 1053 1051 1054
f 1054 1051 1055
f 1054 1055 1045
f 1045 1055 1046
f 1049 1048 1046
f 1049 1046 1055
f 1050 1049 1055
f 1050 1055 1051
f 1056 1057 1058
f 1058 1057 1059
f 1058 1059 1060
f 1060 1059 1061
f 1060 1061 1062
f 1062 1061 1063
f 1062 1063 1064
f 1064 1063 1065
f 1064 1065 1066
f 1066 1065 1067
f 1066 1067 1068
f 1068 1067 1069
f 1068 1069 1070
f 1070 1069 1071
f 1070 1071 1072
f 1072 1071 1073
f 1072 1073 1054
f 1054 1073 1053
f 1053 1073 1074
f 1053 1074 1075
f 1075 1074 1076
f 1075 1076 1077
f 1077 1076 1078
f 1077 1078 1079
f 1079 1078 1080
f 1079 1080 1081
f 1081 1080 1082
f 1081 1082 1083
f 1083 1082 1067
f 1083 1067 1065
f 1061 1084 1063
f 1063 1084 1085
f 1063 1085 1065
f 1065 1085 1083
f 1085 1084 1086
f 1086 1084 1087
f 1086 1087 1088
f 1086 1088 1081
f 1081 1088 1079
f 1077 1052 1075
f 1075 1052 1053
f 1072 1054 1089
f 1089 1054 1045
f 1089 1045 1090
f 1090 1045 1047
f 1090 1047 1091
f 1092 1093 1091
f 1091 1093 1094
f 1091 1094 1090
f 1090 1094 1095
f 1090 1095 1089
f 1089 1095 1070
f 1089 1070 1072
f 1056 1096 1092
f 1092 1096 1097
f 1092 1097 1093
f 1093 1097 1098
f 1093 1098 1099
f 1099 1098 1066
f 1099 1066 1068
f 1096 1056 1058
f 1083 1085 1086
f 1081 1083 1086
f 1096 1058 1060
f 1060 1062 1100
f 1100 1062 1064
f 1100 1064 1098
f 1098 1064 1066
f 1097 1096 1100
f 1100 1096 1060
f 1097 1100 1098
f 1069 1067 1082
f 1082 1080 1101
f 1101 1080 1078
f 1101 1078 1102
f 1102 1078 1076
f 1102 1076 1074
f 1074 1073 1102
f 1102 1073 1071
f 1102 1071 1101
f 1101 1071 1069
f 1101 1069 1082
f 1068 1070 1095
f 1093 1099 1094
f 1094 1099 1095
f 1099 1068 1095
f 1103 1104 1105
f 1105 1104 1106
f 1105 1106 1107
f 1107 1106 1108
f 1107 1108 1109
f 1109 1108 1110
f 1109 1110 1111
f 1111 1110 1112
f 1111 1112 1113
f 1113 1112 1114
f 1113 1114 1115
f 1115 1114 1116
f 1116 1114 1117
f 1116 1117 1118
f 1118 1117 1119
f 1118 1119 1120
f 1120 1119 1112
f 1120 1112 1110
f 1108 1121 1110
f 1110 1121 1120
f 1121 1122 1120
f 1120 1122 1118
f 1113 1115 1123
f 1123 1115 1124
f 1123 1124 1125
f 1125 1124 1103
f 1125 1103 1126
f 1126 1103 1105
f 1126 1105 1107
f 1107 1109 1127
f 1127 1109 1111
f 1127 1111 1123
f 1123 1111 1113
f 1127 1123 1125
f 1119 1117 1114
f 1119 1114 1112
f 1125 1126 1127
f 1127 1126 1107
f 1128 1122 1129
f 1129 1122 1121
f 1129 1121 1130
f 1130 1121 1108
f 1130 1108 1131
f 1131 1108 1132
f 1131 1132 1133
f 1133 1132 1134
f 1133 1134 1135
f 1135 1134 1136
f 1135 1136 1137
f 1137 1136 1138
f 1137 1138 1139
f 1139 1138 1140
f 1140 1138 1141
f 1140 1141 1142
f 1142 1141 1143
f 1143 1141 1144
f 1143 1144 1145
f 1145 1144 1136
f 1145 1136 1134
f 1108 1106 1132
f 1132 1106 1146
f 1132 1146 1134
f 1134 1146 1145
f 1106 1104 1146
f 1146 1104 1145
f 1104 1143 1145
f 1137 1139 1147
f 1147 1139 1148
f 1147 1148 1149
f 1149 1148 1150
f 1149 1150 1151
f 1149 1151 1152
f 1152 1151 1153
f 1152 1153 1154
f 1154 1153 1128
f 1154 1128 1129
f 1154 1129 1130
f 1130 1131 1155
f 1155 1131 1133
f 1155 1133 1156
f 1156 1133 1135
f 1156 1135 1147
f 1147 1135 1137
f 1138 1136 1144
f 1141 1138 1144
f 1156 1152 1155
f 1155 1152 1154
f 1155 1154 1130
f 1147 1149 1156
f 1156 1149 1152
f 1157 1158 1159
f 1159 1158 1160
f 1159 1160 1161
f 1161 1160 1162
f 1161 1162 1163
f 1163 1162 1164
f 1163 1164 1165
f 1165 1164 1166
f 1165 1166 1167
f 1167 1166 1168
f 1167 1168 1139
f 1139 1168 1148
f 1148 1168 1169
f 1148 1169 1170
f 1170 1169 1171
f 1171 1169 1172
f 1171 1172 1173
f 1173 1172 1166
f 1173 1166 1164
f 1162 1174 1164
f 1164 1174 1173
f 1174 1175 1173
f 1173 1175 1171
f 1170 1150 1148
f 1167 1139 1176
f 1176 1139 1140
f 1176 1140 1177
f 1177 1140 1142
f 1177 1142 1178
f 1178 1157 1177
f 1177 1157 1179
f 1177 1179 1180
f 1180 1179 1161
f 1180 1161 1163
f 1179 1157 1159
f 1180 1163 1165
f 1179 1159 1161
f 1168 1166 1172
f 1169 1168 1172
f 1167 1176 1165
f 1165 1176 1180
f 1176 1177 1180
f 1158 1181 1182
f 1182 1181 1183
f 1182 1183 1184
f 1184 1183 1185
f 1184 1185 1186
f 1186 1185 1187
f 1186 1187 1188
f 1188 1175 1186
f 1186 1175 1174
f 1186 1174 1184
f 1184 1174 1162
f 1184 1162 1182
f 1182 1162 1160
f 1182 1160 1158
f 342 692 1189
f 1189 692 1190
f 1189 1190 1191
f 1191 1190 1192
f 1191 1192 1193
f 1193 1192 1194
f 1193 1194 1195
f 1195 1194 701
f 1195 701 1196
f 1196 701 706
f 1196 706 1197
f 1197 706 1198
f 1197 1198 1199
f 1199 1198 1200
f 1199 1200 1201
f 1201 1200 1202
f 1201 1202 1203
f 1203 1202 1204
f 1203 1204 1205
f 1205 1204 1206
f 1205 1206 1185
f 1185 1206 1187
f 1187 1206 1207
f 1187 1207 1208
f 1208 1207 1209
f 1209 1207 1210
f 1209 1210 1211
f 1211 1210 1204
f 1211 1204 1202
f 701 1194 692
f 692 1194 1192
f 692 1192 1190
f 706 719 1198
f 1198 719 1212
f 1198 1212 1200
f 1200 1212 1213
f 1200 1213 1202
f 1202 1213 1211
f 719 717 1212
f 1212 717 716
f 1212 716 1213
f 1213 716 1214
f 1213 1214 1211
f 1211 1214 1209
f 1208 1188 1187
f 1185 1183 1205
f 1205 1183 1215
f 1205 1215 1203
f 1203 1215 1216
f 1203 1216 1201
f 1201 1216 1217
f 1201 1217 1199
f 1199 1217 1218
f 1199 1218 1197
f 1197 1218 1219
f 1197 1219 1196
f 1196 1219 1195
f 1215 1183 1220
f 1220 1183 1181
f 1220 1181 1221
f 1221 1222 1220
f 1220 1222 1223
f 1220 1223 1216
f 1216 1223 1217
f 1223 1222 1224
f 1224 1222 1225
f 1224 1225 1226
f 1226 1225 1227
f 1226 1227 1219
f 1219 1227 1195
f 1225 1228 1227
f 1227 1228 1193
f 1227 1193 1195
f 1228 1229 1193
f 1193 1229 1191
f 1226 1219 1218
f 1224 1226 1218
f 1224 1218 1217
f 1206 1204 1210
f 1207 1206 1210
f 1224 1217 1223
f 1220 1216 1215
f 1057 1103 1059
f 1059 1103 1124
f 1059 1124 1061
f 1061 1124 1115
f 1061 1115 1084
f 1084 1115 1116
f 1084 1116 1087
f 1087 1116 1118
f 828 1230 804
f 804 1230 1231
f 804 1231 1232
f 836 1233 828
f 828 1233 1234
f 828 1234 1235
f 835 1118 836
f 836 1118 1122
f 836 1122 1128
f 1153 1236 1128
f 1128 1236 1233
f 1128 1233 836
f 1151 1237 1153
f 1153 1237 1238
f 1153 1238 1236
f 1237 1151 1239
f 1239 1151 1150
f 1239 1150 1240
f 1240 1150 1241
f 1241 1150 1242
f 1242 1150 1243
f 1235 1230 828
f 1232 1244 804
f 804 1244 1245
f 800 1246 801
f 801 1246 1247
f 801 1247 1248
f 1248 1247 1249
f 1248 1249 1250
f 1250 1249 1251
f 1250 1251 1252
f 1252 1251 639
f 1252 639 1253
f 1253 639 1254
f 1253 1254 1255
f 1255 1254 1256
f 1255 1256 1257
f 1257 1256 1258
f 1257 1258 1259
f 800 797 1246
f 1246 797 1260
f 1246 1260 1247
f 1247 1260 1249
f 797 795 1260
f 1260 795 1249
f 1249 795 1251
f 1251 795 796
f 1251 796 640
f 640 639 1251
f 1254 639 1261
f 1261 639 1262
f 1261 1262 1256
f 1256 1262 1258
f 1263 801 1259
f 1259 801 1257
f 801 1264 1265
f 1265 1264 1266
f 1265 1266 1255
f 1255 1266 1253
f 1255 1257 1265
f 1265 1257 801
f 1256 1254 1261
f 1264 801 1248
f 1252 1253 1266
f 1248 1250 1264
f 1264 1250 1266
f 1250 1252 1266
f 801 1267 810
f 810 1267 839
f 810 839 813
f 801 1263 1267
f 815 817 813
f 813 817 810
f 716 735 1214
f 1214 735 1268
f 1214 1268 1209
f 1209 1268 1208
f 1208 1268 1188
f 1188 1268 1243
f 1188 1243 1175
f 1175 1243 1171
f 1171 1243 1170
f 1170 1243 1150
f 1268 735 1269
f 1269 735 742
f 1269 742 1270
f 1270 742 1271
f 1271 742 741
f 1271 741 1272
f 1272 741 1273
f 1273 741 740
f 1273 740 1274
f 1274 740 739
f 1274 739 1275
f 1275 739 1276
f 1276 739 738
f 1276 738 1277
f 1277 738 737
f 1277 737 1278
f 1278 737 1279
f 1279 737 736
f 1279 736 1280
f 1280 736 1281
f 1281 736 804
f 1281 804 1245
f 849 848 1282
f 1282 848 1283
f 1283 848 869
f 1283 869 1284
f 1284 869 1267
f 1267 869 839
f 872 849 1285
f 1285 849 1282
f 877 1286 878
f 878 1286 1287
f 878 1287 1288
f 1288 1287 1289
f 1288 1289 1290
f 1290 1289 1291
f 1290 1291 1292
f 1292 1291 1293
f 1292 1293 1294
f 1294 1293 1295
f 1294 1295 1296
f 1296 1295 1297
f 1296 1297 1298
f 1298 1297 1299
f 1298 1299 1300
f 1300 1299 1301
f 1300 1301 1302
f 1302 1301 1303
f 1302 1303 1304
f 1304 1303 1305
f 1304 1305 1306
f 1306 1305 1307
f 1306 1307 1308
f 1308 1307 1309
f 1308 1309 1310
f 1310 1309 1311
f 1310 1311 1312
f 1312 1311 1313
f 1312 1313 1314
f 1314 1313 1315
f 1314 1315 1316
f 1316 1315 1317
f 1316 1317 1318
f 1318 1317 1319
f 1318 1319 1320
f 1320 1319 1321
f 1320 1321 1322
f 1322 1321 1323
f 1322 1323 1324
f 1324 1323 1325
f 1324 1325 1326
f 1326 1325 1327
f 1326 1327 1328
f 1328 1327 1329
f 1328 1329 1330
f 1330 1329 1331
f 1330 1331 1332
f 1332 1331 1333
f 1332 1333 1334
f 1334 1333 1335
f 1334 1335 1336
f 1336 1335 872
f 1336 872 1285
f 877 1033 1286
f 1286 1033 1337
f 1286 1337 1287
f 1287 1337 1289
f 1033 1029 1337
f 1337 1029 1338
f 1337 1338 1289
f 1289 1338 1291
f 1338 1029 1339
f 1339 1029 1027
f 1339 1027 1340
f 1340 1027 1026
f 1340 1026 1341
f 1341 1026 1023
f 1341 1023 1342
f 1342 1023 1020
f 1342 1020 1343
f 1343 1020 1344
f 1343 1344 1301
f 1301 1344 1303
f 1020 1015 1344
f 1344 1015 1345
f 1344 1345 1303
f 1303 1345 1305
f 1015 1013 1345
f 1345 1013 1346
f 1345 1346 1305
f 1305 1346 1307
f 1346 1013 1347
f 1347 1013 1011
f 1347 1011 1348
f 1348 1011 1009
f 1348 1009 1008
f 1348 1008 1349
f 1349 1008 1005
f 1349 1005 1350
f 1350 1005 1000
f 1350 1000 1351
f 1351 1000 998
f 1351 998 1352
f 1352 998 996
f 1352 996 1353
f 1353 996 1354
f 1353 1354 1321
f 1321 1354 1323
f 996 994 1354
f 1354 994 1355
f 1354 1355 1323
f 1323 1355 1325
f 994 992 1355
f 1355 992 1356
f 1355 1356 1325
f 1325 1356 1327
f 992 990 1356
f 1356 990 988
f 1356 988 1357
f 1357 988 984
f 1357 984 1358
f 1358 984 1359
f 1358 1359 1331
f 1331 1359 1333
f 984 980 1359
f 1359 980 1360
f 1359 1360 1333
f 1333 1360 1335
f 980 979 1360
f 1360 979 872
f 1360 872 1335
f 1336 1285 1361
f 1361 1285 1362
f 1361 1362 1363
f 1361 1363 1364
f 1364 1363 1365
f 1364 1365 1366
f 1366 1365 1367
f 1366 1367 1368
f 1368 1367 1369
f 1368 1369 1370
f 1370 1369 1371
f 1370 1371 1372
f 1370 1372 1373
f 1373 1372 1374
f 1373 1374 1375
f 1375 1374 1376
f 1375 1376 1377
f 1377 1376 1378
f 1377 1378 1379
f 1377 1379 1380
f 1380 1379 1381
f 1380 1381 1382
f 1382 1381 1383
f 1382 1383 1384
f 1384 1383 1385
f 1384 1385 1316
f 1316 1385 1314
f 1383 1386 1385
f 1385 1386 1387
f 1385 1387 1314
f 1314 1387 1312
f 1386 1388 1387
f 1387 1388 1389
f 1387 1389 1312
f 1312 1389 1310
f 1388 1390 1389
f 1389 1390 1391
f 1389 1391 1310
f 1310 1391 1308
f 1390 1392 1391
f 1391 1392 1393
f 1391 1393 1308
f 1308 1393 1306
f 1392 1394 1393
f 1393 1394 1395
f 1393 1395 1306
f 1306 1395 1304
f 1394 1396 1395
f 1395 1396 1397
f 1395 1397 1304
f 1304 1397 1302
f 1396 1398 1397
f 1397 1398 1399
f 1397 1399 1302
f 1302 1399 1300
f 1398 1400 1399
f 1399 1400 1401
f 1399 1401 1300
f 1300 1401 1298
f 1400 1402 1401
f 1401 1402 1403
f 1401 1403 1298
f 1298 1403 1296
f 1402 1404 1403
f 1403 1404 1405
f 1403 1405 1296
f 1296 1405 1294
f 1404 1406 1405
f 1405 1406 1407
f 1405 1407 1294
f 1294 1407 1292
f 1406 1408 1407
f 1407 1408 1409
f 1407 1409 1292
f 1292 1409 1290
f 1408 1410 1409
f 1409 1410 1411
f 1409 1411 1290
f 1290 1411 1288
f 1410 1412 1411
f 1411 1412 1413
f 1411 1413 878
f 1327 1356 1357
f 1331 1329 1358
f 1358 1329 1357
f 1329 1327 1357
f 1321 1319 1353
f 1353 1319 1352
f 1319 1317 1352
f 1352 1317 1351
f 1317 1315 1351
f 1351 1315 1350
f 1315 1313 1350
f 1350 1313 1349
f 1313 1311 1349
f 1349 1311 1348
f 1307 1346 1347
f 1311 1309 1348
f 1348 1309 1347
f 1309 1307 1347
f 1301 1299 1343
f 1343 1299 1342
f 1299 1297 1342
f 1342 1297 1341
f 1297 1295 1341
f 1341 1295 1340
f 1291 1338 1339
f 1295 1293 1340
f 1340 1293 1339
f 1293 1291 1339
f 1411 878 1288
f 1316 1318 1384
f 1384 1318 1382
f 1318 1320 1382
f 1382 1320 1380
f 1320 1322 1380
f 1380 1322 1377
f 1322 1324 1377
f 1377 1324 1375
f 1324 1326 1375
f 1375 1326 1373
f 1326 1328 1373
f 1373 1328 1370
f 1328 1330 1370
f 1370 1330 1368
f 1330 1332 1368
f 1368 1332 1366
f 1336 1361 1364
f 1332 1334 1366
f 1366 1334 1364
f 1334 1336 1364
f 878 1413 1047
f 1047 1413 1414
f 1057 1056 1415
f 1415 1056 1416
f 1416 1056 1092
f 1416 1092 1417
f 1417 1092 1418
f 1418 1092 1091
f 1418 1091 1414
f 1414 1091 1047
f 1057 1415 1103
f 1103 1415 1419
f 1103 1419 1104
f 1420 1421 1422
f 1422 1421 1423
f 1422 1423 1424
f 1424 1423 1425
f 1424 1425 1426
f 1426 1425 1427
f 1426 1427 1428
f 1428 1427 1429
f 1428 1429 1430
f 1430 1429 1431
f 1430 1431 1432
f 1432 1431 1433
f 1432 1433 1434
f 1434 1433 1435
f 1434 1435 1436
f 1436 1435 1437
f 1436 1437 1438
f 1438 1437 1439
f 1438 1439 1440
f 1440 1439 1441
f 1440 1441 1442
f 1442 1441 1443
f 1442 1443 1444
f 1444 1443 1445
f 1444 1445 1446
f 1446 1445 1447
f 1446 1447 1448
f 1448 1447 1449
f 1448 1449 1450
f 1450 1449 1451
f 1450 1451 1452
f 1452 1451 1453
f 1452 1453 1454
f 1454 1453 1455
f 1454 1455 1456
f 1456 1455 1457
f 1456 1457 1458
f 1458 1457 1459
f 1458 1459 1460
f 1460 1459 1461
f 1460 1461 1462
f 1462 1461 1463
f 1462 1463 1464
f 1464 1463 1465
f 1464 1465 1466
f 1466 1465 1467
f 1466 1467 1468
f 1468 1467 1469
f 1468 1469 1470
f 1470 1469 1471
f 1470 1471 1420
f 1420 1471 1421
f 1472 1473 1474
f 1474 1473 1475
f 1474 1475 1476
f 1476 1475 1477
f 1476 1477 1478
f 1478 1477 1423
f 1478 1423 1421
f 1473 1472 1479
f 1479 1472 1480
f 1479 1480 1481
f 1481 1480 1482
f 1481 1482 1483
f 1483 1482 1484
f 1483 1484 1485
f 1485 1484 1486
f 1485 1486 1487
f 1487 1486 1488
f 1487 1488 1489
f 1489 1488 1490
f 1489 1490 1491
f 1491 1490 1492
f 1491 1492 1441
f 1441 1492 1443
f 1488 1493 1490
f 1490 1493 1494
f 1490 1494 1492
f 1492 1494 1495
f 1492 1495 1443
f 1443 1495 1445
f 1493 1496 1494
f 1494 1496 1497
f 1494 1497 1495
f 1495 1497 1498
f 1495 1498 1445
f 1445 1498 1447
f 1496 1499 1497
f 1497 1499 1500
f 1497 1500 1498
f 1498 1500 1501
f 1498 1501 1447
f 1447 1501 1449
f 1499 1502 1500
f 1500 1502 1503
f 1500 1503 1501
f 1501 1503 1504
f 1501 1504 1449
f 1449 1504 1451
f 1502 1505 1503
f 1503 1505 1506
f 1503 1506 1504
f 1504 1506 1507
f 1504 1507 1451
f 1451 1507 1453
f 1506 1505 1508
f 1508 1505 1509
f 1508 1509 1510
f 1510 1509 1511
f 1510 1511 1512
f 1512 1511 1513
f 1512 1513 1514
f 1514 1513 1515
f 1514 1515 1516
f 1516 1515 1517
f 1516 1517 1518
f 1518 1517 1519
f 1518 1519 1520
f 1520 1519 1521
f 1520 1521 1522
f 1522 1521 1523
f 1522 1523 1467
f 1467 1523 1469
f 1519 1524 1521
f 1521 1524 1525
f 1521 1525 1523
f 1523 1525 1526
f 1523 1526 1469
f 1469 1526 1471
f 1524 1527 1525
f 1525 1527 1528
f 1525 1528 1526
f 1526 1528 1529
f 1526 1529 1471
f 1471 1529 1421
f 1527 1530 1528
f 1528 1530 1531
f 1528 1531 1529
f 1529 1531 1478
f 1529 1478 1421
f 1530 1532 1531
f 1531 1532 1476
f 1531 1476 1478
f 1532 1474 1476
f 1423 1477 1425
f 1425 1477 1533
f 1425 1533 1427
f 1427 1533 1534
f 1427 1534 1429
f 1429 1534 1535
f 1429 1535 1431
f 1431 1535 1536
f 1431 1536 1433
f 1433 1536 1537
f 1433 1537 1435
f 1435 1537 1538
f 1435 1538 1437
f 1437 1538 1539
f 1437 1539 1439
f 1439 1539 1491
f 1439 1491 1441
f 1477 1475 1533
f 1533 1475 1473
f 1533 1473 1534
f 1534 1473 1479
f 1534 1479 1535
f 1535 1479 1481
f 1535 1481 1536
f 1536 1481 1483
f 1536 1483 1537
f 1537 1483 1485
f 1537 1485 1538
f 1538 1485 1487
f 1538 1487 1539
f 1539 1487 1489
f 1539 1489 1491
f 1522 1467 1465
f 1522 1465 1540
f 1540 1465 1463
f 1540 1463 1541
f 1541 1463 1461
f 1541 1461 1542
f 1542 1461 1459
f 1542 1459 1543
f 1543 1459 1457
f 1543 1457 1544
f 1544 1457 1455
f 1544 1455 1545
f 1545 1455 1453
f 1545 1453 1507
f 1518 1520 1540
f 1540 1520 1522
f 1518 1540 1541
f 1516 1518 1541
f 1516 1541 1542
f 1514 1516 1542
f 1514 1542 1543
f 1512 1514 1543
f 1512 1543 1544
f 1510 1512 1544
f 1510 1544 1545
f 1508 1510 1545
f 1508 1545 1507
f 1506 1508 1507
f 1424 685 1422
f 1422 685 660
f 1422 660 1420
f 1420 660 661
f 1420 661 1470
f 1470 661 662
f 1470 662 1468
f 1468 662 663
f 1468 663 1466
f 1466 663 664
f 1466 664 1464
f 1464 664 665
f 1464 665 1462
f 1462 665 666
f 1462 666 1460
f 1460 666 667
f 1460 667 1458
f 1458 667 668
f 1458 668 1456
f 1456 668 669
f 1456 669 1454
f 1454 669 670
f 1454 670 1452
f 1452 670 671
f 1452 671 1450
f 1450 671 672
f 1450 672 1448
f 1448 672 673
f 1448 673 1446
f 1446 673 674
f 1446 674 1444
f 1444 674 675
f 1444 675 1442
f 1442 675 676
f 1442 676 1440
f 1440 676 677
f 1440 677 1438
f 1438 677 678
f 1438 678 1436
f 1436 678 679
f 1436 679 1434
f 1434 679 680
f 1434 680 1432
f 1432 680 681
f 1432 681 1430
f 1430 681 682
f 1430 682 1428
f 1428 682 683
f 1428 683 1426
f 1426 683 684
f 1426 684 1424
f 1424 684 685
f 1472 1474 1546
f 1546 1474 1532
f 1546 1532 1547
f 1547 1532 1530
f 1547 1530 1548
f 1548 1530 1527
f 1548 1527 1524
f 1548 1524 1549
f 1549 1524 1519
f 1549 1519 1517
f 1549 1517 1550
f 1550 1517 1515
f 1550 1515 1551
f 1551 1515 1513
f 1551 1513 1511
f 1551 1511 1552
f 1552 1511 1509
f 1552 1509 1553
f 1553 1509 1505
f 1553 1505 1502
f 1553 1502 1554
f 1554 1502 1499
f 1554 1499 1555
f 1555 1499 1496
f 1555 1496 1493
f 1555 1493 1556
f 1556 1493 1488
f 1556 1488 1486
f 1556 1486 1557
f 1557 1486 1484
f 1557 1484 1558
f 1558 1484 1482
f 1558 1482 1480
f 1558 1480 1559
f 1559 1480 1472
f 1559 1472 1546
f 1560 1561 1562
f 1562 1561 1563
f 1562 1563 1564
f 1564 1563 1565
f 1564 1565 1566
f 1564 1566 1567
f 1567 1566 1568
f 1567 1568 1569
f 1561 1560 1570
f 1570 1560 1571
f 1572 1573 1574
f 1574 1573 1575
f 1574 1575 1576
f 1576 1575 1577
f 1576 1577 1578
f 1576 1578 1579
f 1579 1578 1570
f 1579 1570 1571
f 1573 1572 1580
f 1580 1572 1581
f 1582 1583 1584
f 1584 1583 1585
f 1584 1585 1586
f 1586 1585 1587
f 1586 1587 1588
f 1588 1587 1589
f 1588 1589 1590
f 1590 1589 1591
f 1591 1589 1592
f 1591 1592 1593
f 1585 1594 1587
f 1587 1594 1589
f 1594 1592 1589
f 1590 1595 1588
f 1588 1595 1596
f 1588 1596 1584
f 1584 1596 1597
f 1584 1597 1582
f 1595 1598 1596
f 1596 1598 1597
f 1588 1584 1586
f 1268 1269 1598
f 1598 1269 1599
f 1598 1599 1597
f 1597 1599 1600
f 1597 1600 1582
f 1582 1600 1601
f 1582 1601 1583
f 1583 1601 1272
f 1272 1601 1271
f 1271 1601 1600
f 1271 1600 1270
f 1270 1600 1599
f 1270 1599 1269
f 1602 1603 1604
f 1604 1603 1605
f 1604 1605 1606
f 1604 1606 1607
f 1607 1606 1608
f 1607 1608 1609
f 1609 1608 1610
f 1609 1610 1611
f 1609 1611 1612
f 1612 1611 1613
f 1612 1613 1614
f 1614 1613 1615
f 1614 1615 1616
f 1614 1616 1617
f 1617 1616 1618
f 1617 1618 1619
f 1619 1618 1620
f 1619 1620 1621
f 1621 1620 1602
f 1621 1602 1604
f 1617 1619 1621
f 1621 1604 1622
f 1622 1604 1607
f 1622 1607 1612
f 1612 1607 1609
f 1614 1617 1622
f 1622 1617 1621
f 1614 1622 1612
f 1616 1236 1618
f 1618 1236 1238
f 1618 1238 1620
f 1620 1238 1237
f 1620 1237 1602
f 1602 1237 1239
f 1602 1239 1603
f 1603 1239 1240
f 1623 1624 1625
f 1625 1624 1626
f 1625 1626 1627
f 1625 1627 1628
f 1628 1627 1629
f 1628 1629 1630
f 1630 1629 1631
f 1630 1631 1632
f 1633 1634 1632
f 1632 1634 1635
f 1632 1635 1630
f 1630 1635 1628
f 1634 1633 1636
f 1636 1633 1637
f 1636 1637 1638
f 1638 1637 1639
f 1638 1639 1640
f 1640 1639 1637
f 1640 1641 1638
f 1638 1641 1636
f 1642 1643 1641
f 1641 1643 1644
f 1641 1644 1645
f 1645 1644 1646
f 1645 1646 1635
f 1635 1646 1628
f 1643 1642 1647
f 1647 1642 1623
f 1647 1623 1625
f 1636 1641 1645
f 1644 1643 1647
f 1628 1646 1625
f 1625 1646 1647
f 1646 1644 1647
f 1636 1645 1635
f 1634 1636 1635
f 1640 1275 1648
f 1648 1275 1276
f 1648 1276 1649
f 1649 1276 1277
f 1649 1277 1650
f 1650 1277 1278
f 1650 1278 1651
f 1651 1278 1279
f 1651 1279 1652
f 1652 1279 1280
f 1652 1280 1281
f 1281 1624 1652
f 1652 1624 1653
f 1652 1653 1654
f 1654 1653 1623
f 1654 1623 1642
f 1624 1623 1653
f 1654 1642 1655
f 1655 1642 1641
f 1655 1641 1656
f 1656 1641 1657
f 1656 1657 1649
f 1649 1657 1648
f 1641 1640 1657
f 1657 1640 1648
f 1652 1654 1651
f 1651 1654 1655
f 1651 1655 1650
f 1650 1655 1656
f 1650 1656 1649
f 1640 1637 1658
f 1658 1637 1659
f 1658 1659 1660
f 1660 1659 1585
f 1660 1585 1583
f 1637 1633 1659
f 1659 1633 1661
f 1659 1661 1585
f 1585 1661 1594
f 1594 1661 1662
f 1594 1662 1592
f 1592 1662 1663
f 1592 1663 1593
f 1633 1632 1661
f 1661 1632 1662
f 1631 1664 1632
f 1632 1664 1662
f 1664 1663 1662
f 1665 1666 1667
f 1667 1666 1668
f 1667 1668 1669
f 1669 1668 1670
f 1669 1670 1671
f 1671 1670 1672
f 1671 1672 1673
f 1673 1672 1674
f 1673 1674 1675
f 1673 1675 1676
f 1676 1675 1677
f 1676 1677 1678
f 1678 1677 1679
f 1678 1679 1680
f 1680 1681 1678
f 1678 1681 1682
f 1678 1682 1683
f 1683 1682 1667
f 1683 1667 1669
f 1681 1684 1682
f 1682 1684 1685
f 1682 1685 1667
f 1667 1685 1665
f 1684 1665 1685
f 1671 1673 1676
f 1683 1669 1671
f 1683 1671 1676
f 1678 1683 1676
f 1231 1230 1680
f 1680 1230 1681
f 1681 1230 1235
f 1681 1235 1684
f 1684 1235 1234
f 1684 1234 1665
f 1665 1234 1233
f 1665 1233 1666
f 1624 1680 1686
f 1686 1680 1679
f 1686 1679 1687
f 1687 1679 1677
f 1687 1677 1688
f 1688 1677 1675
f 1688 1675 1674
f 1674 1631 1688
f 1688 1631 1629
f 1688 1629 1687
f 1687 1629 1627
f 1687 1627 1686
f 1686 1627 1626
f 1686 1626 1624
f 1666 1616 1668
f 1668 1616 1615
f 1668 1615 1670
f 1670 1615 1613
f 1670 1613 1672
f 1672 1613 1611
f 1672 1611 1674
f 1674 1611 1610
f 1603 1598 1689
f 1689 1598 1595
f 1689 1595 1690
f 1690 1595 1590
f 1690 1590 1691
f 1691 1590 1591
f 1691 1591 1593
f 1593 1610 1691
f 1691 1610 1608
f 1691 1608 1690
f 1690 1608 1606
f 1690 1606 1689
f 1689 1606 1605
f 1689 1605 1603
f 1272 1273 1583
f 1583 1273 1660
f 1660 1273 1274
f 1660 1274 1658
f 1658 1274 1640
f 1640 1274 1275
f 1624 1281 1680
f 1680 1281 1245
f 1680 1245 1231
f 1231 1245 1244
f 1231 1244 1232
f 1663 1692 1593
f 1593 1692 1693
f 1593 1693 1694
f 1692 1663 1695
f 1695 1663 1664
f 1695 1664 1696
f 1696 1664 1631
f 1696 1631 1697
f 1697 1631 1580
f 1580 1631 1674
f 1580 1674 1573
f 1573 1674 1575
f 1575 1674 1577
f 1577 1674 1578
f 1578 1674 1570
f 1570 1674 1561
f 1561 1674 1610
f 1561 1610 1563
f 1563 1610 1565
f 1565 1610 1566
f 1566 1610 1568
f 1568 1610 1698
f 1698 1610 1593
f 1698 1593 1694
f 844 1699 835
f 835 1699 1700
f 835 1700 1701
f 861 1702 844
f 844 1702 1703
f 844 1703 1699
f 1702 861 1704
f 1704 861 862
f 1704 862 866
f 876 1705 866
f 866 1705 1706
f 866 1706 1704
f 1705 876 1707
f 1707 876 932
f 1707 932 1708
f 1708 932 934
f 1708 934 1709
f 1709 934 976
f 1709 976 975
f 1709 975 1710
f 1710 975 974
f 1710 974 1711
f 1711 974 1712
f 1712 974 1713
f 1712 1713 1714
f 1713 974 1715
f 1715 974 973
f 1715 973 1716
f 1716 973 972
f 1716 972 1717
f 1717 972 971
f 1717 971 1718
f 1718 971 1719
f 1719 971 970
f 1719 970 1720
f 1720 970 969
f 1720 969 1721
f 1721 969 1722
f 1722 969 1723
f 1722 1723 1724
f 1724 1723 1725
f 1724 1725 1726
f 1726 1725 1727
f 1726 1727 1728
f 969 968 1723
f 1723 968 1729
f 1729 968 1730
f 1730 968 967
f 1730 967 1731
f 1731 967 1732
f 1732 967 966
f 1732 966 1733
f 1733 966 1734
f 1734 966 1735
f 1734 1735 1736
f 1735 966 1737
f 1737 966 965
f 1737 965 1738
f 1738 965 964
f 1738 964 1739
f 1739 964 1740
f 1740 964 963
f 1740 963 1741
f 1741 963 962
f 1741 962 1742
f 1742 962 961
f 1742 961 1743
f 1743 961 960
f 1743 960 1744
f 1744 960 959
f 1744 959 1745
f 1745 959 958
f 1745 958 1746
f 1746 958 1052
f 1746 1052 1077
f 1746 1077 1747
f 1747 1077 1079
f 1747 1079 1748
f 1748 1079 1088
f 1748 1088 1749
f 1749 1088 1087
f 1749 1087 1750
f 1750 1087 1118
f 1750 1118 1751
f 1751 1118 1752
f 1752 1118 1753
f 1752 1753 1754
f 1754 1753 1755
f 1755 1753 1756
f 1755 1756 1757
f 1757 1756 1758
f 1757 1758 1759
f 1759 1758 1760
f 1759 1760 1761
f 1761 1760 1762
f 1761 1762 1763
f 1763 1762 1764
f 1763 1764 1765
f 835 1766 1118
f 1118 1766 1767
f 1118 1767 1753
f 1726 1728 1768
f 1768 1728 1769
f 1768 1769 1770
f 1770 1769 1771
f 1770 1771 1772
f 1770 1772 1736
f 1736 1772 1734
f 1701 1773 835
f 835 1773 1774
f 835 1774 1775
f 1775 1776 835
f 835 1776 1766
f 1766 1776 1777
f 1777 1776 1778
f 1777 1778 1779
f 1777 1779 1780
f 1780 1779 1781
f 1780 1781 1782
f 1782 1781 1783
f 1782 1783 1784
f 1784 1783 1785
f 1784 1785 1765
f 1765 1785 1763
f 1158 1157 1786
f 1786 1157 1787
f 1787 1157 1178
f 1787 1178 1142
f 1787 1142 1788
f 1788 1142 1143
f 1788 1143 1789
f 1789 1143 1104
f 1789 1104 1419
f 1598 1603 1268
f 1268 1603 1243
f 1243 1603 1240
f 1243 1240 1242
f 1242 1240 1241
f 1236 1616 1233
f 1233 1616 1666
f 1790 1791 1704
f 1704 1791 1792
f 1704 1792 1702
f 1702 1792 1793
f 1702 1793 1794
f 1795 1703 1794
f 1794 1703 1702
f 1790 1704 1796
f 1796 1704 1706
f 1796 1706 1797
f 1797 1706 1798
f 1798 1706 1705
f 1791 1799 1792
f 1792 1799 1800
f 1800 1799 1801
f 1800 1801 1802
f 1802 1801 1803
f 1802 1803 1804
f 342 1189 343
f 343 1189 1805
f 1805 1189 1806
f 1805 1806 1807
f 1807 1806 1808
f 1807 1808 1809
f 1809 1808 1810
f 1809 1810 1811
f 1811 1810 1812
f 1812 1810 1813
f 1812 1813 1814
f 1814 1813 1815
f 1814 1815 1816
f 1816 1815 1817
f 1816 1817 1181
f 1181 1817 1221
f 1221 1817 1222
f 1222 1817 1818
f 1222 1818 1225
f 1225 1818 1819
f 1225 1819 1228
f 1228 1819 1229
f 1229 1819 1820
f 1229 1820 1191
f 1191 1820 1821
f 1191 1821 1189
f 1189 1821 1806
f 1181 1822 1816
f 1815 1813 1817
f 1817 1813 1818
f 1813 1810 1818
f 1818 1810 1819
f 1806 1821 1820
f 1810 1808 1819
f 1819 1808 1820
f 1808 1806 1820
f 1158 1786 1181
f 1181 1786 1822
f 1823 1824 1825
f 1825 1824 1714
f 1825 1714 1713
f 1823 1826 1824
f 1824 1826 1827
f 1824 1827 1712
f 1712 1827 1711
f 1711 1827 1828
f 1711 1828 1710
f 1710 1828 1829
f 1829 1828 1830
f 1830 1828 1827
f 1830 1827 1826
f 1712 1714 1824
f 1829 1831 1710
f 1710 1831 1709
f 1832 1833 1834
f 1834 1833 1835
f 1834 1835 1836
f 1836 1835 1837
f 1836 1837 1838
f 1838 1839 1836
f 1794 1802 1795
f 1795 1802 1804
f 1795 1804 1840
f 1840 1804 1832
f 1840 1832 1834
f 1802 1794 1800
f 1800 1794 1793
f 1800 1793 1792
f 1836 1839 1834
f 1834 1839 1840
f 1840 1841 1795
f 1833 1832 1803
f 1803 1832 1804
f 1798 1705 1842
f 1842 1705 1707
f 1842 1707 1843
f 1843 1707 1708
f 1843 1708 1709
f 1709 1831 1843
f 1703 1795 1699
f 1699 1795 1841
f 1844 1698 1845
f 1845 1698 1694
f 1845 1694 1846
f 1846 1694 1693
f 1846 1693 1847
f 1847 1693 1692
f 1847 1692 1848
f 1848 1692 1695
f 1848 1695 1849
f 1849 1695 1696
f 1849 1696 1850
f 1850 1696 1697
f 1850 1697 1581
f 1581 1697 1580
f 1568 1698 1569
f 1569 1698 1844
f 1732 1851 1731
f 1731 1851 1852
f 1731 1852 1730
f 1730 1852 1853
f 1730 1853 1729
f 1729 1853 1854
f 1729 1854 1723
f 1723 1854 1855
f 1723 1855 1725
f 1725 1855 1856
f 1725 1856 1727
f 1727 1856 1857
f 1727 1857 1728
f 1728 1857 1858
f 1728 1858 1769
f 1769 1858 1859
f 1769 1859 1771
f 1771 1859 1860
f 1771 1860 1772
f 1772 1860 1861
f 1772 1861 1734
f 1734 1861 1862
f 1734 1862 1733
f 1733 1862 1863
f 1733 1863 1732
f 1732 1863 1851
f 1547 1864 1546
f 1546 1864 1865
f 1546 1865 1559
f 1559 1865 1866
f 1559 1866 1558
f 1558 1866 1867
f 1558 1867 1557
f 1557 1867 1868
f 1557 1868 1556
f 1556 1868 1869
f 1556 1869 1555
f 1555 1869 1870
f 1555 1870 1554
f 1554 1870 1871
f 1554 1871 1553
f 1553 1871 1872
f 1553 1872 1552
f 1552 1872 1873
f 1552 1873 1551
f 1551 1873 1874
f 1551 1874 1550
f 1550 1874 1875
f 1550 1875 1549
f 1549 1875 1876
f 1549 1876 1548
f 1548 1876 1877
f 1548 1877 1547
f 1547 1877 1864
f 1838 1878 1839
f 1839 1878 1840
f 1825 1713 1879
f 1879 1713 1715
f 1879 1715 1880
f 1880 1715 1716
f 1880 1716 1881
f 1881 1716 1717
f 1881 1717 1882
f 1882 1717 1718
f 1882 1718 1883
f 1883 1718 1719
f 1883 1719 1884
f 1884 1719 1720
f 1884 1720 1885
f 1885 1720 1721
f 1885 1721 1886
f 1886 1721 1722
f 1886 1722 1887
f 1887 1722 1724
f 1887 1724 1888
f 1888 1724 1726
f 1888 1726 1889
f 1889 1726 1768
f 1889 1768 1890
f 1890 1768 1770
f 1890 1770 1891
f 1891 1770 1736
f 1891 1736 1892
f 1892 1736 1735
f 1892 1735 1893
f 1893 1735 1894
f 1894 1735 1737
f 1894 1737 1895
f 1895 1737 1738
f 1895 1738 1896
f 1896 1738 1739
f 1896 1739 1897
f 1897 1739 1740
f 1897 1740 1898
f 1898 1740 1741
f 1898 1741 1899
f 1899 1741 1742
f 1899 1742 1900
f 1900 1742 1743
f 1900 1743 1901
f 1901 1743 1744
f 1901 1744 1902
f 1902 1744 1745
f 1745 1746 1902
f 1902 1746 1903
f 1903 1746 1904
f 1904 1746 1747
f 1904 1747 1905
f 1905 1747 1748
f 1905 1748 1906
f 1906 1748 1749
f 1906 1749 1907
f 1907 1749 1750
f 1907 1750 1908
f 1908 1750 1751
f 1908 1751 1909
f 1909 1751 1752
f 1909 1752 1910
f 1910 1752 1754
f 1910 1754 1911
f 1911 1754 1755
f 1911 1755 1912
f 1912 1755 1757
f 1912 1757 1913
f 1913 1757 1759
f 1913 1759 1914
f 1914 1759 1761
f 1914 1761 1915
f 1915 1761 1763
f 1915 1763 1916
f 1916 1763 1785
f 1916 1785 1917
f 1917 1785 1783
f 1917 1783 1918
f 1918 1783 1781
f 1918 1781 1919
f 1699 1841 1700
f 1700 1841 1920
f 1700 1920 1921
f 1840 1878 1841
f 1841 1878 1920
f 1700 1921 1701
f 1701 1921 1922
f 1701 1922 1773
f 1773 1922 1923
f 1773 1923 1774
f 1774 1923 1924
f 1774 1924 1775
f 1775 1924 1925
f 1775 1925 1776
f 1776 1925 1926
f 1776 1926 1778
f 1778 1926 1927
f 1778 1927 1779
f 1779 1927 1919
f 1779 1919 1781
f 1762 1928 1764
f 1764 1928 1929
f 1764 1929 1765
f 1765 1929 1930
f 1765 1930 1784
f 1784 1930 1931
f 1784 1931 1782
f 1782 1931 1932
f 1782 1932 1780
f 1780 1932 1933
f 1780 1933 1777
f 1777 1933 1934
f 1777 1934 1766
f 1766 1934 1935
f 1766 1935 1767
f 1767 1935 1936
f 1767 1936 1753
f 1753 1936 1937
f 1753 1937 1756
f 1756 1937 1938
f 1756 1938 1758
f 1758 1938 1939
f 1758 1939 1760
f 1760 1939 1940
f 1760 1940 1762
f 1762 1940 1928
f 1941 1942 1943
f 1943 1942 1944
f 1944 1942 319
f 1944 319 1945
f 1945 319 1946
f 1942 1947 319
f 319 1947 317
f 1948 1949 330
f 330 1949 329
f 329 1949 1950
f 329 1950 327
f 327 1950 319
f 319 1950 1946
f 338 1951 330
f 330 1951 1952
f 330 1952 1953
f 1953 1952 1954
f 1954 1952 1955
f 1953 1956 330
f 330 1956 1948
f 1952 1951 1955
f 1955 1951 338
f 1955 338 339
f 1955 339 1957
f 1957 339 341
f 1957 341 1958
f 1958 341 343
f 1958 1959 1957
f 1957 1959 1960
f 1957 1960 1961
f 1961 1960 1962
f 1961 1962 1963
f 317 1947 349
f 349 1947 1942
f 349 1942 1941
f 1941 1964 349
f 349 1964 1965
f 349 1965 351
f 351 1965 1966
f 351 1966 356
f 356 1966 1967
f 1967 1966 1968
f 1969 1970 1971
f 1971 1970 1972
f 1971 1972 1973
f 1973 1972 1974
f 1973 1974 1975
f 1970 1969 1976
f 1976 1969 1977
f 1976 1977 1978
f 1978 1977 1979
f 1978 1979 1980
f 1980 1979 1981
f 1980 1981 1982
f 1982 1981 1983
f 1982 1983 1984
f 1984 1983 1985
f 1984 1985 1986
f 1986 1985 1987
f 1986 1987 1988
f 1988 1987 1989
f 1988 1989 1990
f 1990 1989 1991
f 1990 1991 1992
f 1987 1993 1989
f 1989 1993 1994
f 1989 1994 1995
f 1995 1994 1996
f 1996 1994 1997
f 1997 1994 1998
f 1997 1998 1999
f 1999 1998 2000
f 1999 2000 2001
f 1993 2002 1994
f 1994 2002 1998
f 2002 2003 1998
f 1998 2003 2004
f 1998 2004 2000
f 2000 2004 2005
f 2005 2004 2006
f 2005 2006 2007
f 2003 2008 2004
f 2004 2008 2009
f 2004 2009 2006
f 2006 2009 2010
f 2010 2009 2011
f 2011 2009 2012
f 2012 2009 2013
f 2012 2013 2014
f 2014 2013 2015
f 2015 2013 2016
f 2015 2016 2017
f 2008 2018 2009
f 2009 2018 2013
f 2018 2019 2013
f 2013 2019 2020
f 2013 2020 2016
f 2016 2020 2021
f 2021 2020 2022
f 2021 2022 2023
f 2023 2022 2024
f 2024 2022 2025
f 2024 2025 2026
f 2026 2025 2027
f 2027 2025 2028
f 2027 2028 2029
f 2019 2030 2020
f 2020 2030 2022
f 2022 2030 2025
f 2025 2030 2031
f 2025 2031 2032
f 2032 2031 2033
f 2032 2033 2034
f 2034 2033 2035
f 2034 2035 2036
f 2036 2035 2037
f 2036 2037 2038
f 2038 2037 2039
f 2038 2039 2040
f 2040 2039 2041
f 2040 2041 2042
f 2042 2041 2043
f 2042 2043 2044
f 2044 2043 2045
f 2045 2043 2046
f 2045 2046 2047
f 2047 2046 2048
f 2047 2048 2049
f 2049 2048 2050
f 2049 2050 2051
f 2051 2050 2052
f 2051 2052 2053
f 2053 2052 2054
f 2053 2054 1975
f 1975 2054 1973
f 2041 2055 2043
f 2043 2055 2046
f 2055 2056 2046
f 2046 2056 2048
f 2056 2057 2048
f 2048 2057 2050
f 2057 2058 2050
f 2050 2058 2052
f 2058 2059 2052
f 2052 2059 2054
f 2059 2060 2054
f 2054 2060 1973
f 2060 1971 1973
f 1948 1956 1980
f 1980 1956 2061
f 1980 2061 1978
f 1978 2061 2062
f 1978 2062 1976
f 1976 2062 2063
f 1976 2063 1970
f 1970 2063 2064
f 1970 2064 1972
f 1972 2064 1974
f 2044 2065 2042
f 2042 2065 2040
f 2065 2066 2040
f 2040 2066 2067
f 2040 2067 2038
f 2038 2067 2068
f 2038 2068 2069
f 2038 2069 2036
f 2036 2069 2070
f 2036 2070 2071
f 2071 2070 2072
f 2036 2071 2034
f 2034 2071 2073
f 2034 2073 2074
f 2074 2073 2075
f 2034 2074 2032
f 2032 2074 2076
f 2032 2076 2077
f 2077 2028 2032
f 2032 2028 2025
f 2026 2078 2024
f 2014 2079 2012
f 2080 2081 1995
f 1995 2081 1989
f 2081 1991 1989
f 1990 2082 1988
f 1988 2082 2083
f 1988 2083 1986
f 1986 2083 2084
f 1986 2084 2085
f 2085 2084 2086
f 1986 2085 1984
f 1984 2085 2087
f 1984 2087 1946
f 1946 2087 1945
f 1946 1950 1984
f 1984 1950 1982
f 1950 1949 1982
f 1982 1949 1948
f 1982 1948 1980
f 2088 1953 2089
f 2089 1953 1954
f 2089 1954 1957
f 1957 1954 1955
f 1957 1961 2089
f 2089 1961 2090
f 2089 2090 2088
f 2088 2090 2091
f 2091 2090 2092
f 2091 2092 2093
f 2093 2092 2094
f 2093 2094 2095
f 2095 2094 2096
f 2095 2096 2097
f 2097 2096 2098
f 2097 2098 2099
f 2099 2098 2096
f 1961 1963 2090
f 2090 1963 2092
f 1963 2100 2092
f 2092 2100 2101
f 2092 2101 2094
f 2094 2101 2102
f 2094 2102 2096
f 2103 2104 2099
f 2099 2104 2105
f 2099 2105 2097
f 2104 2103 2106
f 2106 2103 2107
f 2106 2107 2108
f 2108 2107 2109
f 2108 2109 2110
f 2110 2109 2111
f 2110 2111 2112
f 2110 2112 2113
f 2113 2112 2114
f 2113 2114 2115
f 2113 2115 2116
f 2116 2115 2117
f 2116 2117 2118
f 2118 2117 2119
f 2118 2119 2120
f 2120 2119 2121
f 2120 2121 2122
f 2122 2121 2123
f 2122 2123 2124
f 2124 2123 2125
f 2124 2126 2122
f 2122 2126 2127
f 2122 2127 2120
f 2120 2127 2128
f 2120 2128 2118
f 2118 2128 2129
f 2118 2129 2116
f 2116 2129 2130
f 2116 2130 2113
f 2113 2130 2131
f 2113 2131 2110
f 2110 2131 2132
f 2110 2132 2108
f 2108 2132 2133
f 2108 2133 2134
f 2108 2134 2106
f 2106 2134 2105
f 2106 2105 2104
f 1941 1943 1964
f 1964 1943 2135
f 1964 2135 1965
f 1965 2135 2136
f 1965 2136 1966
f 1944 2137 1943
f 1943 2137 2135
f 2137 2138 2135
f 2135 2138 2136
f 2138 2139 2136
f 1953 2088 1956
f 1956 2088 2061
f 2061 2088 2091
f 2061 2091 2062
f 2062 2091 2093
f 2062 2093 2063
f 2063 2093 2095
f 2063 2095 2064
f 2064 2095 2097
f 2064 2097 1974
f 1974 2097 2105
f 1974 2105 1975
f 1975 2105 2134
f 1975 2134 2053
f 2053 2134 2133
f 2053 2133 2051
f 2051 2133 2132
f 2051 2132 2049
f 2049 2132 2131
f 2049 2131 2047
f 2047 2131 2130
f 2047 2130 2045
f 2045 2130 2129
f 2045 2129 2044
f 2044 2129 2128
f 2044 2128 2065
f 2065 2128 2127
f 2065 2127 2066
f 2066 2127 2126
f 1944 1945 2137
f 2137 1945 2087
f 2137 2087 2085
f 2137 2085 2138
f 2138 2085 2086
f 2138 2086 2139
f 2140 2141 2142
f 2142 2141 2143
f 2143 2141 530
f 2143 530 1992
f 1992 530 1990
f 2141 2144 530
f 530 2144 528
f 2084 2083 537
f 537 2083 536
f 536 2083 2082
f 536 2082 535
f 535 2082 530
f 530 2082 1990
f 356 1967 537
f 537 1967 1968
f 537 1968 2139
f 2139 1968 2136
f 2136 1968 1966
f 2139 2086 537
f 537 2086 2084
f 528 2144 538
f 538 2144 2141
f 538 2141 2140
f 2140 2145 538
f 538 2145 2146
f 538 2146 540
f 540 2146 2147
f 540 2147 545
f 545 2147 2148
f 2148 2147 2149
f 2140 2142 2145
f 2145 2142 2150
f 2145 2150 2146
f 2146 2150 2151
f 2146 2151 2147
f 2143 2152 2142
f 2142 2152 2150
f 2152 2153 2150
f 2150 2153 2151
f 2153 2154 2151
f 2143 1992 2152
f 2152 1992 1991
f 2152 1991 2081
f 2152 2081 2153
f 2153 2081 2080
f 2153 2080 2154
f 2155 2156 2157
f 2157 2156 2158
f 2158 2156 553
f 2158 553 2001
f 2001 553 1999
f 2156 2159 553
f 553 2159 551
f 1995 1996 560
f 560 1996 559
f 559 1996 1997
f 559 1997 558
f 558 1997 553
f 553 1997 1999
f 545 2148 560
f 560 2148 2149
f 560 2149 2154
f 2154 2149 2151
f 2151 2149 2147
f 2154 2080 560
f 560 2080 1995
f 2158 2001 2160
f 2160 2001 2000
f 2160 2000 2005
f 2160 2005 2161
f 2161 2005 2007
f 2161 2007 2162
f 2163 2164 2165
f 2165 2164 2166
f 2166 2164 566
f 2166 566 2079
f 2079 566 2012
f 2164 2167 566
f 566 2167 564
f 2006 2010 573
f 573 2010 572
f 572 2010 2011
f 572 2011 571
f 571 2011 566
f 566 2011 2012
f 578 2168 573
f 573 2168 2169
f 573 2169 2162
f 2162 2169 2170
f 2170 2169 2171
f 2162 2007 573
f 573 2007 2006
f 2166 2079 2172
f 2172 2079 2014
f 2172 2014 2015
f 2172 2015 2173
f 2173 2015 2017
f 2173 2017 2174
f 551 2159 582
f 582 2159 2156
f 582 2156 2155
f 2155 2175 582
f 582 2175 2176
f 582 2176 584
f 584 2176 2171
f 584 2171 578
f 578 2171 2168
f 2168 2171 2169
f 2155 2157 2175
f 2175 2157 2177
f 2175 2177 2176
f 2176 2177 2170
f 2176 2170 2171
f 2158 2160 2157
f 2157 2160 2177
f 2160 2161 2177
f 2177 2161 2170
f 2161 2162 2170
f 2178 2179 2180
f 2180 2179 2181
f 2181 2179 589
f 2181 589 2075
f 2075 589 2074
f 2179 2182 589
f 589 2182 587
f 2028 2077 596
f 596 2077 595
f 595 2077 2076
f 595 2076 594
f 594 2076 589
f 589 2076 2074
f 602 2183 596
f 596 2183 2184
f 596 2184 2185
f 2185 2184 2186
f 2186 2184 2187
f 2185 2029 596
f 596 2029 2028
f 2184 2183 2187
f 2187 2183 602
f 2187 602 603
f 2187 603 2188
f 2188 603 606
f 2188 606 2189
f 2189 606 2190
f 2190 606 2191
f 2191 606 2192
f 2192 606 608
f 587 2182 611
f 611 2182 2179
f 611 2179 2178
f 2178 2193 611
f 611 2193 2194
f 611 2194 613
f 613 2194 2195
f 613 2195 618
f 618 2195 2196
f 2196 2195 2197
f 2185 2186 2198
f 2198 2186 2199
f 2198 2199 2200
f 2200 2199 2201
f 2200 2201 2202
f 2187 2188 2186
f 2186 2188 2199
f 2188 2189 2199
f 2199 2189 2201
f 2189 2190 2201
f 2178 2180 2193
f 2193 2180 2203
f 2193 2203 2194
f 2194 2203 2204
f 2194 2204 2195
f 2181 2205 2180
f 2180 2205 2203
f 2205 2206 2203
f 2203 2206 2204
f 2206 2207 2204
f 2185 2198 2029
f 2029 2198 2027
f 2027 2198 2200
f 2027 2200 2026
f 2026 2200 2078
f 2078 2200 2202
f 2181 2075 2205
f 2205 2075 2073
f 2205 2073 2071
f 2205 2071 2206
f 2206 2071 2072
f 2206 2072 2207
f 2125 2208 2124
f 2124 2208 2126
f 2126 2208 631
f 2126 631 2066
f 2066 631 2067
f 2208 2209 631
f 631 2209 629
f 2070 2069 635
f 635 2069 634
f 634 2069 2068
f 634 2068 633
f 633 2068 631
f 631 2068 2067
f 618 2196 635
f 635 2196 2197
f 635 2197 2207
f 2207 2197 2204
f 2204 2197 2195
f 2207 2072 635
f 635 2072 2070
f 636 629 2125
f 2125 629 2209
f 2125 2209 2208
f 2125 2123 636
f 636 2123 2121
f 636 2121 637
f 637 2121 2119
f 637 2119 638
f 638 2119 2117
f 638 2117 639
f 639 2117 2210
f 2210 2117 2211
f 2211 2117 2212
f 2212 2117 2115
f 2212 2115 2213
f 2213 2115 2214
f 2214 2115 2215
f 2215 2115 2114
f 2163 2165 2216
f 2216 2165 2217
f 2216 2217 2218
f 2218 2217 2219
f 2218 2219 2220
f 2166 2172 2165
f 2165 2172 2217
f 2172 2173 2217
f 2217 2173 2219
f 2173 2174 2219
f 2190 2191 2201
f 2201 2191 2202
f 2202 2191 651
f 2202 651 2078
f 2078 651 2024
f 2191 2192 651
f 651 2192 608
f 2016 2021 654
f 654 2021 653
f 653 2021 2023
f 653 2023 652
f 652 2023 651
f 651 2023 2024
f 657 2221 654
f 654 2221 2222
f 654 2222 2174
f 2174 2222 2219
f 2219 2222 2220
f 2174 2017 654
f 654 2017 2016
f 564 2167 658
f 658 2167 2164
f 658 2164 2163
f 2163 2216 658
f 658 2216 2218
f 658 2218 659
f 659 2218 2220
f 659 2220 657
f 657 2220 2221
f 2221 2220 2222
f 1969 1971 2223
f 2223 1971 2060
f 2223 2060 2224
f 2224 2060 2059
f 2224 2059 2225
f 2225 2059 2058
f 2225 2058 2226
f 2226 2058 2057
f 2226 2057 2227
f 2227 2057 2056
f 2227 2056 2228
f 2228 2056 2055
f 2228 2055 2229
f 2229 2055 2041
f 2229 2041 2230
f 2230 2041 2039
f 2230 2039 2231
f 2231 2039 2037
f 2231 2037 2232
f 2232 2037 2035
f 2232 2035 2233
f 2233 2035 2033
f 2233 2033 2234
f 2234 2033 2031
f 2234 2031 2235
f 2235 2031 2030
f 2235 2030 2236
f 2236 2030 2019
f 2236 2019 2237
f 2237 2019 2018
f 2237 2018 2238
f 2238 2018 2008
f 2238 2008 2239
f 2239 2008 2003
f 2239 2003 2240
f 2240 2003 2002
f 2240 2002 2241
f 2241 2002 1993
f 2241 1993 2242
f 2242 1993 1987
f 2242 1987 2243
f 2243 1987 1985
f 2243 1985 2244
f 2244 1985 1983
f 2244 1983 2245
f 2245 1983 1981
f 2245 1981 2246
f 2246 1981 1979
f 2246 1979 2247
f 2247 1979 1977
f 2247 1977 2248
f 2248 1977 1969
f 2248 1969 2223
f 2249 2250 2251
f 2251 2250 2252
f 2251 2252 2253
f 2253 2252 2254
f 2253 2254 2255
f 2255 2254 2256
f 2255 2256 2257
f 2257 2256 1962
f 2257 1962 2258
f 2258 1962 2259
f 2258 2259 2260
f 2260 2259 2261
f 2260 2261 2262
f 2262 2261 2263
f 2262 2263 2264
f 2264 2263 2265
f 2264 2265 1958
f 2250 2249 2266
f 2266 2249 2267
f 2266 2267 2268
f 2268 2267 1963
f 2268 1963 1962
f 1960 2269 1962
f 1962 2269 2270
f 1962 2270 2259
f 2259 2270 2261
f 2269 1960 2271
f 2271 1960 1959
f 2271 1959 1958
f 2251 2253 2264
f 2264 2253 2272
f 2264 2272 2273
f 2273 2272 2274
f 2273 2274 2260
f 2260 2274 2258
f 2271 1958 2275
f 2275 1958 2265
f 1962 2256 2268
f 2268 2256 2254
f 2268 2254 2266
f 2266 2254 2252
f 2266 2252 2250
f 2273 2260 2262
f 2261 2270 2276
f 2276 2270 2269
f 2276 2269 2275
f 2275 2269 2271
f 2264 2273 2262
f 2276 2275 2265
f 2272 2253 2255
f 2258 2274 2257
f 2257 2274 2255
f 2274 2272 2255
f 2265 2263 2276
f 2276 2263 2261
f 1963 2267 2100
f 2100 2267 2277
f 2100 2277 2101
f 2101 2277 2278
f 2101 2278 2102
f 2102 2278 2279
f 2102 2279 2096
f 2096 2279 2280
f 2280 2279 2281
f 2280 2281 2282
f 2282 2281 2283
f 2282 2283 2284
f 2284 2283 2285
f 2285 2283 2286
f 2285 2286 2287
f 2287 2286 2288
f 2287 2288 2289
f 2289 2288 2251
f 2251 2288 2290
f 2251 2290 2249
f 2249 2290 2267
f 2267 2290 2277
f 2278 2277 2290
f 2290 2288 2291
f 2291 2288 2286
f 2291 2286 2283
f 2283 2281 2291
f 2291 2281 2278
f 2291 2278 2290
f 2281 2279 2278
f 2292 2293 2294
f 2294 2293 2295
f 2294 2295 2296
f 2296 2295 2297
f 2296 2297 2298
f 2298 2297 2299
f 2298 2299 2300
f 2300 2299 2301
f 2300 2301 2302
f 2302 2301 2303
f 2302 2303 2304
f 2304 2303 2305
f 2304 2305 2282
f 2282 2305 2280
f 2280 2305 2306
f 2280 2306 2096
f 2096 2306 2099
f 2099 2306 2307
f 2099 2307 2103
f 2103 2307 2308
f 2103 2308 2107
f 2107 2308 2309
f 2107 2309 2310
f 2310 2309 2299
f 2310 2299 2297
f 2295 2311 2297
f 2297 2311 2310
f 2311 2109 2310
f 2310 2109 2107
f 2304 2282 2312
f 2312 2282 2284
f 2312 2284 2313
f 2313 2314 2312
f 2312 2314 2315
f 2312 2315 2316
f 2316 2315 2317
f 2316 2317 2318
f 2318 2317 2319
f 2318 2319 2320
f 2320 2319 2321
f 2320 2321 2294
f 2294 2321 2292
f 2320 2294 2296
f 2320 2296 2298
f 2301 2299 2309
f 2318 2320 2298
f 2318 2298 2300
f 2307 2303 2308
f 2308 2303 2301
f 2308 2301 2309
f 2306 2305 2307
f 2307 2305 2303
f 2318 2300 2316
f 2316 2300 2302
f 2316 2302 2312
f 2312 2302 2304
f 2215 2114 2322
f 2322 2114 2323
f 2322 2323 2324
f 2324 2323 2325
f 2324 2325 2326
f 2326 2325 2327
f 2326 2327 2328
f 2326 2328 2329
f 2329 2328 2330
f 2329 2330 2331
f 2331 2330 2332
f 2331 2332 2333
f 2333 2332 2334
f 2333 2334 2335
f 2335 2334 2336
f 2335 2336 2337
f 2337 2336 2338
f 2337 2338 2212
f 2212 2338 2211
f 2211 2338 2210
f 2332 2339 2334
f 2334 2339 2340
f 2334 2340 2336
f 2336 2340 2341
f 2336 2341 2338
f 2338 2341 2210
f 2340 2339 2342
f 2342 2339 2343
f 2342 2343 2344
f 2344 2345 2342
f 2342 2345 2210
f 2212 2213 2337
f 2337 2213 2346
f 2337 2346 2335
f 2335 2346 2347
f 2335 2347 2333
f 2333 2347 2331
f 2346 2213 2348
f 2348 2213 2214
f 2348 2214 2349
f 2349 2214 2350
f 2349 2350 2351
f 2351 2350 2324
f 2351 2324 2326
f 2214 2215 2350
f 2350 2215 2322
f 2350 2322 2324
f 2342 2210 2341
f 2326 2329 2351
f 2351 2329 2352
f 2351 2352 2349
f 2349 2352 2348
f 2329 2331 2352
f 2352 2331 2347
f 2352 2347 2348
f 2348 2347 2346
f 2342 2341 2340
f 2114 2112 2353
f 2353 2112 2354
f 2353 2354 2355
f 2355 2354 2356
f 2355 2356 2357
f 2357 2356 2358
f 2357 2358 2327
f 2327 2325 2357
f 2357 2325 2355
f 2325 2323 2355
f 2355 2323 2353
f 2323 2114 2353
f 2358 2356 2359
f 2359 2356 2360
f 2359 2360 2295
f 2295 2360 2361
f 2295 2361 2311
f 2311 2361 2362
f 2311 2362 2109
f 2109 2362 2111
f 2111 2362 2112
f 2112 2362 2354
f 2354 2362 2361
f 2354 2361 2360
f 2356 2354 2360
f 2295 2293 2359
f 2358 2363 2327
f 2327 2363 2328
f 2328 2363 2364
f 2328 2364 2330
f 2330 2364 2365
f 2330 2365 2366
f 2366 2365 2367
f 2366 2367 2368
f 2363 2369 2364
f 2364 2369 2365
f 2369 2370 2365
f 2365 2370 2371
f 2365 2371 2367
f 2366 2368 2332
f 2332 2368 2372
f 2332 2372 2339
f 2339 2372 2343
f 2343 2372 2344
f 2344 2372 2345
f 2345 2372 2210
f 2332 2330 2366
f 2359 2373 2358
f 2358 2373 2374
f 2358 2374 2363
f 2363 2374 2375
f 2363 2375 2369
f 2369 2375 2370
f 2370 2375 2376
f 2370 2376 2377
f 2377 2376 2378
f 2378 2376 2379
f 2379 2376 2380
f 2379 2380 2381
f 2381 2380 2382
f 2381 2382 2383
f 2383 2382 2373
f 2383 2373 2359
f 2359 2293 2383
f 2373 2382 2374
f 2374 2382 2380
f 2374 2380 2375
f 2375 2380 2376
f 2384 2385 2386
f 2386 2385 2387
f 2386 2387 2388
f 2388 2387 2389
f 2388 2389 2390
f 2390 2389 2391
f 2390 2391 2392
f 2392 2391 2393
f 2392 2393 2394
f 2394 2393 2395
f 2394 2395 2396
f 2396 2395 2397
f 2396 2397 2398
f 2398 2397 2399
f 2398 2399 2377
f 2387 2385 2400
f 2400 2385 2401
f 2400 2401 2402
f 2402 2401 2403
f 2402 2403 2393
f 2393 2403 2395
f 2401 2404 2403
f 2403 2404 2405
f 2403 2405 2395
f 2395 2405 2397
f 2404 2406 2405
f 2405 2406 2407
f 2405 2407 2399
f 2377 2378 2398
f 2398 2378 2396
f 2378 2379 2396
f 2396 2379 2394
f 2394 2379 2392
f 2392 2379 2381
f 2392 2381 2390
f 2390 2381 2383
f 2390 2383 2388
f 2405 2399 2397
f 2389 2387 2400
f 2393 2391 2402
f 2402 2391 2400
f 2391 2389 2400
f 2408 2409 2410
f 2410 2409 2411
f 2410 2411 2384
f 2384 2411 2385
f 2385 2411 2401
f 2401 2411 2412
f 2401 2412 2404
f 2404 2412 2413
f 2404 2413 2406
f 2406 2413 2414
f 2406 2414 2415
f 2415 2414 2416
f 2416 2414 2417
f 2417 2414 2418
f 2417 2418 2408
f 2408 2418 2409
f 2412 2411 2409
f 2412 2409 2418
f 2413 2412 2418
f 2413 2418 2414
f 2419 2420 2421
f 2421 2420 2422
f 2421 2422 2423
f 2423 2422 2424
f 2423 2424 2425
f 2425 2424 2426
f 2425 2426 2427
f 2427 2426 2428
f 2427 2428 2429
f 2429 2428 2430
f 2429 2430 2417
f 2417 2430 2416
f 2416 2430 2431
f 2416 2431 2432
f 2432 2431 2433
f 2433 2431 2434
f 2433 2434 2435
f 2435 2434 2428
f 2435 2428 2426
f 2424 2436 2426
f 2426 2436 2435
f 2436 2437 2435
f 2435 2437 2433
f 2432 2415 2416
f 2429 2417 2438
f 2438 2417 2408
f 2438 2408 2439
f 2439 2408 2410
f 2439 2410 2440
f 2440 2419 2439
f 2439 2419 2441
f 2439 2441 2442
f 2442 2441 2423
f 2442 2423 2425
f 2441 2419 2421
f 2442 2425 2427
f 2441 2421 2423
f 2430 2428 2434
f 2431 2430 2434
f 2429 2438 2427
f 2427 2438 2442
f 2438 2439 2442
f 2420 2443 2422
f 2422 2443 2444
f 2422 2444 2424
f 2424 2444 2445
f 2424 2445 2436
f 2436 2445 2446
f 2436 2446 2437
f 2437 2446 2447
f 2448 2449 2450
f 2450 2449 2451
f 2450 2451 2452
f 2452 2451 2453
f 2452 2453 2454
f 2454 2453 2455
f 2454 2455 2456
f 2456 2455 2457
f 2456 2457 2458
f 2458 2457 2459
f 2458 2459 2460
f 2460 2459 2461
f 2460 2461 2462
f 2462 2461 2463
f 2462 2463 2464
f 2464 2463 2465
f 2464 2465 2466
f 2466 2465 2467
f 2466 2467 2468
f 2468 2467 2469
f 2468 2469 2470
f 2470 2469 2471
f 2470 2471 2472
f 2472 2471 2473
f 2472 2473 2474
f 2474 2473 2475
f 2474 2475 2476
f 2476 2475 2477
f 2476 2477 2478
f 2478 2477 2479
f 2478 2479 2480
f 2480 2479 2481
f 2480 2481 2482
f 2482 2481 2483
f 2482 2483 2484
f 2484 2483 2485
f 2484 2485 2486
f 2486 2485 2487
f 2486 2487 2488
f 2488 2487 2489
f 2488 2489 2490
f 2490 2489 2491
f 2490 2491 2492
f 2492 2491 2493
f 2492 2493 2494
f 2494 2493 2495
f 2494 2495 2496
f 2496 2495 2497
f 2496 2497 2498
f 2498 2497 2499
f 2498 2499 2500
f 2500 2499 2501
f 2500 2501 2445
f 2445 2501 2446
f 2446 2501 2502
f 2446 2502 2447
f 2447 2502 2503
f 2503 2502 2504
f 2504 2502 2505
f 2504 2505 2506
f 2506 2505 2507
f 2506 2507 2508
f 2508 2507 2497
f 2508 2497 2495
f 2453 2509 2455
f 2455 2509 2510
f 2455 2510 2457
f 2457 2510 2511
f 2457 2511 2459
f 2459 2511 2512
f 2459 2512 2461
f 2461 2512 2513
f 2461 2513 2463
f 2463 2513 2514
f 2463 2514 2465
f 2465 2514 2515
f 2465 2515 2467
f 2467 2515 2516
f 2467 2516 2469
f 2469 2516 2517
f 2469 2517 2471
f 2471 2517 2518
f 2471 2518 2473
f 2473 2518 2519
f 2473 2519 2475
f 2475 2519 2520
f 2475 2520 2477
f 2477 2520 2521
f 2477 2521 2479
f 2479 2521 2522
f 2479 2522 2481
f 2481 2522 2523
f 2481 2523 2483
f 2483 2523 2524
f 2483 2524 2485
f 2485 2524 2525
f 2485 2525 2487
f 2487 2525 2526
f 2487 2526 2489
f 2489 2526 2527
f 2489 2527 2491
f 2491 2527 2528
f 2491 2528 2493
f 2493 2528 2529
f 2493 2529 2495
f 2495 2529 2508
f 2509 2530 2510
f 2510 2530 2531
f 2510 2531 2532
f 2510 2532 2511
f 2511 2532 2533
f 2511 2533 2512
f 2512 2533 2513
f 2533 2534 2513
f 2513 2534 2514
f 2534 2535 2514
f 2514 2535 2536
f 2514 2536 2515
f 2515 2536 2537
f 2515 2537 2516
f 2516 2537 2538
f 2516 2538 2517
f 2517 2538 2518
f 2538 2539 2518
f 2518 2539 2519
f 2539 2540 2519
f 2519 2540 2520
f 2540 2541 2520
f 2520 2541 2521
f 2541 2542 2521
f 2521 2542 2543
f 2521 2543 2522
f 2522 2543 2544
f 2522 2544 2523
f 2523 2544 2524
f 2544 2545 2524
f 2524 2545 2525
f 2545 2546 2525
f 2525 2546 2526
f 2546 2547 2526
f 2526 2547 2527
f 2547 2548 2527
f 2527 2548 2528
f 2548 2549 2528
f 2528 2549 2529
f 2549 2550 2529
f 2529 2550 2508
f 2550 2506 2508
f 2500 2445 2551
f 2551 2445 2444
f 2551 2444 2552
f 2552 2444 2443
f 2552 2443 2553
f 2552 2553 2554
f 2554 2553 2555
f 2554 2555 2556
f 2556 2555 2557
f 2556 2557 2558
f 2558 2557 2559
f 2558 2559 2492
f 2492 2559 2490
f 2555 2560 2557
f 2557 2560 2561
f 2557 2561 2559
f 2559 2561 2562
f 2559 2562 2490
f 2490 2562 2488
f 2560 2563 2561
f 2561 2563 2564
f 2561 2564 2562
f 2562 2564 2565
f 2562 2565 2488
f 2488 2565 2486
f 2563 2566 2564
f 2564 2566 2567
f 2564 2567 2565
f 2565 2567 2568
f 2565 2568 2486
f 2486 2568 2484
f 2566 2569 2567
f 2567 2569 2570
f 2567 2570 2568
f 2568 2570 2571
f 2568 2571 2484
f 2484 2571 2482
f 2569 2572 2570
f 2570 2572 2573
f 2570 2573 2571
f 2571 2573 2574
f 2571 2574 2482
f 2482 2574 2480
f 2572 2575 2573
f 2573 2575 2576
f 2573 2576 2574
f 2574 2576 2577
f 2574 2577 2480
f 2480 2577 2478
f 2575 2578 2576
f 2576 2578 2579
f 2576 2579 2577
f 2577 2579 2580
f 2577 2580 2478
f 2478 2580 2476
f 2579 2578 2581
f 2581 2578 2582
f 2581 2582 2583
f 2583 2582 2584
f 2583 2584 2585
f 2583 2585 2586
f 2586 2585 2587
f 2586 2587 2588
f 2588 2587 2589
f 2588 2589 2590
f 2590 2589 2591
f 2590 2591 2592
f 2592 2591 2593
f 2592 2593 2594
f 2594 2593 2595
f 2594 2595 2464
f 2464 2595 2462
f 2591 2596 2593
f 2593 2596 2597
f 2593 2597 2595
f 2595 2597 2598
f 2595 2598 2462
f 2462 2598 2460
f 2596 2599 2597
f 2597 2599 2600
f 2597 2600 2598
f 2598 2600 2601
f 2598 2601 2460
f 2460 2601 2458
f 2599 2602 2600
f 2600 2602 2603
f 2600 2603 2601
f 2601 2603 2604
f 2601 2604 2458
f 2458 2604 2456
f 2602 2605 2603
f 2603 2605 2606
f 2603 2606 2604
f 2604 2606 2607
f 2604 2607 2456
f 2456 2607 2454
f 2606 2605 2608
f 2608 2605 2448
f 2608 2448 2450
f 2608 2450 2452
f 2608 2452 2607
f 2607 2452 2454
f 2606 2608 2607
f 2594 2464 2466
f 2594 2466 2609
f 2609 2466 2468
f 2609 2468 2610
f 2610 2468 2470
f 2610 2470 2611
f 2611 2470 2472
f 2611 2472 2612
f 2612 2472 2474
f 2612 2474 2613
f 2613 2474 2476
f 2613 2476 2580
f 2610 2590 2609
f 2609 2590 2592
f 2609 2592 2594
f 2590 2610 2588
f 2588 2610 2611
f 2588 2611 2586
f 2586 2611 2612
f 2586 2612 2583
f 2583 2612 2613
f 2583 2613 2581
f 2581 2613 2580
f 2581 2580 2579
f 2558 2492 2494
f 2558 2494 2614
f 2614 2494 2496
f 2614 2496 2615
f 2615 2496 2498
f 2615 2498 2551
f 2551 2498 2500
f 2497 2507 2499
f 2499 2507 2505
f 2499 2505 2501
f 2501 2505 2502
f 2615 2554 2614
f 2614 2554 2556
f 2614 2556 2558
f 2551 2552 2615
f 2615 2552 2554
f 2616 2617 2618
f 2618 2617 2619
f 2618 2619 2449
f 2449 2619 2451
f 2451 2619 2453
f 2453 2619 2620
f 2453 2620 2509
f 2509 2620 2621
f 2509 2621 2530
f 2530 2621 2622
f 2530 2622 2623
f 2623 2622 2624
f 2624 2622 2625
f 2625 2622 2626
f 2625 2626 2616
f 2616 2626 2617
f 2620 2619 2617
f 2620 2617 2626
f 2621 2620 2626
f 2621 2626 2622
f 2627 2628 2629
f 2629 2628 2630
f 2629 2630 2631
f 2631 2630 2632
f 2631 2632 2633
f 2633 2632 2634
f 2633 2634 2635
f 2635 2634 2636
f 2635 2636 2637
f 2637 2636 2638
f 2637 2638 2639
f 2639 2638 2640
f 2639 2640 2641
f 2641 2640 2642
f 2641 2642 2616
f 2616 2642 2625
f 2625 2642 2643
f 2625 2643 2644
f 2644 2643 2645
f 2644 2645 2646
f 2646 2645 2647
f 2646 2647 2648
f 2648 2647 2649
f 2649 2647 2650
f 2649 2650 2651
f 2651 2650 2652
f 2651 2652 2653
f 2653 2652 2654
f 2653 2654 2655
f 2655 2654 2636
f 2655 2636 2634
f 2630 2656 2632
f 2632 2656 2657
f 2632 2657 2634
f 2634 2657 2655
f 2657 2656 2658
f 2658 2656 2659
f 2658 2659 2660
f 2660 2659 2661
f 2660 2661 2662
f 2660 2662 2651
f 2651 2662 2649
f 2646 2648 2663
f 2663 2648 2623
f 2663 2623 2624
f 2663 2624 2644
f 2644 2624 2625
f 2641 2616 2664
f 2664 2616 2618
f 2664 2618 2665
f 2666 2667 2665
f 2665 2667 2668
f 2665 2668 2664
f 2664 2668 2639
f 2664 2639 2641
f 2627 2669 2666
f 2666 2669 2670
f 2666 2670 2667
f 2667 2670 2635
f 2667 2635 2637
f 2669 2627 2629
f 2655 2657 2658
f 2651 2653 2660
f 2660 2653 2658
f 2653 2655 2658
f 2669 2629 2631
f 2669 2631 2633
f 2670 2669 2633
f 2670 2633 2635
f 2652 2650 2671
f 2671 2650 2647
f 2671 2647 2645
f 2638 2636 2654
f 2654 2652 2672
f 2672 2652 2671
f 2672 2671 2673
f 2673 2671 2645
f 2673 2645 2643
f 2663 2644 2646
f 2643 2642 2673
f 2673 2642 2640
f 2673 2640 2672
f 2672 2640 2638
f 2672 2638 2654
f 2637 2639 2668
f 2667 2637 2668
f 2674 2675 2676
f 2676 2675 2677
f 2676 2677 2678
f 2678 2677 2679
f 2678 2679 2680
f 2680 2679 2681
f 2680 2681 2682
f 2682 2681 2683
f 2682 2683 2684
f 2684 2683 2685
f 2684 2685 2686
f 2686 2685 2687
f 2686 2687 2688
f 2688 2687 2689
f 2689 2687 2690
f 2690 2687 2691
f 2690 2691 2692
f 2692 2691 2693
f 2692 2693 2694
f 2694 2693 2695
f 2694 2695 2677
f 2677 2695 2679
f 2675 2674 2694
f 2694 2674 2692
f 2686 2688 2696
f 2696 2688 2697
f 2696 2697 2684
f 2684 2697 2682
f 2694 2677 2675
f 2684 2686 2696
f 2687 2685 2691
f 2691 2685 2698
f 2691 2698 2693
f 2693 2698 2695
f 2679 2695 2681
f 2681 2695 2698
f 2681 2698 2683
f 2683 2698 2685
f 2690 2699 2689
f 2689 2699 2700
f 2689 2700 2701
f 2701 2700 2702
f 2701 2702 2703
f 2703 2702 2704
f 2703 2704 2705
f 2705 2704 2706
f 2705 2706 2707
f 2707 2706 2708
f 2707 2708 2709
f 2709 2708 2710
f 2709 2710 2711
f 2711 2710 2712
f 2711 2712 2713
f 2699 2690 2714
f 2714 2690 2692
f 2714 2692 2715
f 2715 2692 2716
f 2715 2716 2717
f 2717 2716 2718
f 2717 2718 2706
f 2706 2718 2708
f 2692 2674 2716
f 2716 2674 2719
f 2716 2719 2718
f 2718 2719 2720
f 2718 2720 2708
f 2708 2720 2710
f 2674 2676 2719
f 2719 2676 2721
f 2719 2721 2720
f 2720 2721 2722
f 2720 2722 2710
f 2710 2722 2712
f 2713 2723 2711
f 2711 2723 2709
f 2723 2724 2709
f 2709 2724 2707
f 2707 2724 2705
f 2705 2724 2725
f 2705 2725 2703
f 2703 2725 2726
f 2703 2726 2701
f 2700 2699 2714
f 2714 2715 2727
f 2727 2715 2717
f 2727 2717 2704
f 2704 2717 2706
f 2702 2700 2727
f 2727 2700 2714
f 2702 2727 2704
f 2728 2729 2730
f 2730 2729 2731
f 2730 2731 2732
f 2732 2731 2733
f 2732 2733 2734
f 2734 2733 2735
f 2734 2735 2736
f 2736 2735 2737
f 2736 2737 2738
f 2738 2737 2739
f 2738 2739 2724
f 2724 2739 2725
f 2725 2739 2740
f 2725 2740 2741
f 2741 2740 2742
f 2741 2742 2743
f 2743 2742 2744
f 2743 2744 2745
f 2745 2744 2746
f 2746 2744 2735
f 2746 2735 2733
f 2741 2726 2725
f 2738 2724 2747
f 2747 2724 2723
f 2747 2723 2748
f 2748 2723 2713
f 2748 2713 2749
f 2749 2728 2748
f 2748 2728 2750
f 2748 2750 2751
f 2751 2750 2732
f 2751 2732 2734
f 2750 2728 2730
f 2737 2735 2744
f 2751 2734 2736
f 2750 2730 2732
f 2739 2737 2742
f 2742 2737 2744
f 2740 2739 2742
f 2738 2747 2736
f 2736 2747 2751
f 2747 2748 2751
f 2729 2752 2753
f 2753 2752 2754
f 2753 2754 2755
f 2755 2754 2756
f 2755 2756 2757
f 2757 2756 2758
f 2757 2758 2759
f 2759 2745 2757
f 2757 2745 2746
f 2757 2746 2755
f 2755 2746 2733
f 2755 2733 2753
f 2753 2733 2731
f 2753 2731 2729
f 2264 2760 2251
f 2251 2760 2761
f 2251 2761 2762
f 2762 2761 2763
f 2762 2763 2289
f 2289 2763 2764
f 2289 2764 2287
f 2287 2764 2765
f 2287 2765 2285
f 2285 2765 2284
f 2284 2765 2766
f 2284 2766 2767
f 2767 2766 2768
f 2767 2768 2769
f 2769 2768 2770
f 2769 2770 2771
f 2771 2770 2772
f 2771 2772 2773
f 2773 2772 2774
f 2773 2774 2775
f 2775 2774 2776
f 2775 2776 2777
f 2777 2776 2778
f 2777 2778 2779
f 2779 2778 2780
f 2779 2780 2759
f 1958 2781 2264
f 2264 2781 2782
f 2264 2782 2783
f 2783 2782 2784
f 2783 2784 2785
f 2781 2784 2782
f 2783 2785 2786
f 2786 2785 2787
f 2786 2787 2788
f 2788 2787 2789
f 2788 2789 2790
f 2790 2789 2791
f 2790 2791 2792
f 2792 2791 2778
f 2792 2778 2776
f 2791 2780 2778
f 2759 2758 2779
f 2779 2758 2777
f 2758 2756 2777
f 2777 2756 2775
f 2775 2756 2773
f 2773 2756 2754
f 2773 2754 2771
f 2771 2754 2752
f 2771 2752 2793
f 2793 2769 2771
f 2289 2251 2762
f 2786 2761 2783
f 2783 2761 2760
f 2783 2760 2264
f 2761 2786 2794
f 2794 2786 2788
f 2794 2788 2795
f 2795 2788 2790
f 2795 2790 2796
f 2796 2790 2792
f 2796 2792 2776
f 2761 2794 2763
f 2763 2794 2797
f 2763 2797 2798
f 2798 2797 2799
f 2798 2799 2768
f 2768 2799 2770
f 2797 2794 2795
f 2766 2765 2764
f 2766 2764 2798
f 2798 2764 2763
f 2797 2795 2800
f 2800 2795 2796
f 2800 2796 2774
f 2774 2796 2776
f 2768 2766 2798
f 2774 2772 2800
f 2800 2772 2799
f 2800 2799 2797
f 2772 2770 2799
f 2628 2678 2630
f 2630 2678 2680
f 2630 2680 2656
f 2656 2680 2682
f 2656 2682 2659
f 2659 2682 2697
f 2659 2697 2661
f 2661 2697 2688
f 2384 2386 2678
f 2678 2386 2676
f 2676 2386 2721
f 2721 2386 2801
f 2721 2801 2802
f 2386 2388 2801
f 2801 2388 2803
f 2803 2388 2804
f 2804 2388 2805
f 2805 2388 2383
f 2805 2383 2806
f 2806 2383 2807
f 2807 2383 2808
f 2808 2383 2809
f 2721 2802 2722
f 2722 2802 2810
f 2722 2810 2811
f 2722 2811 2712
f 2712 2811 2812
f 2712 2812 2713
f 2713 2812 2813
f 2713 2813 2814
f 2814 2815 2713
f 2713 2815 2816
f 2372 2817 2210
f 2210 2817 2818
f 2210 2818 2819
f 2819 2818 2820
f 2819 2820 2821
f 2821 2820 2822
f 2821 2822 2823
f 2823 2822 1259
f 2823 1259 2824
f 2824 1259 1258
f 2824 1258 2825
f 2825 1258 1262
f 2825 1262 2826
f 2826 1262 639
f 2826 639 2819
f 2819 639 2210
f 2817 2372 2827
f 2827 2372 2368
f 2827 2368 2828
f 2828 2368 2829
f 2828 2829 2830
f 2830 2829 2367
f 2830 2367 2371
f 2368 2367 2829
f 2371 2370 2830
f 2830 2370 1259
f 2830 1259 2831
f 2831 1259 2832
f 2831 2832 2833
f 2833 2832 2820
f 2833 2820 2818
f 2370 1263 1259
f 2828 2830 2831
f 2817 2827 2828
f 2817 2828 2833
f 2833 2828 2831
f 2833 2818 2817
f 2823 2824 2825
f 2819 2821 2826
f 2826 2821 2825
f 2832 1259 2822
f 2821 2823 2825
f 2822 2820 2832
f 1263 2370 1267
f 1267 2370 2377
f 1267 2377 2415
f 2415 2377 2406
f 2406 2377 2399
f 2406 2399 2407
f 2292 2834 2293
f 2293 2834 2835
f 2293 2835 2836
f 2321 2837 2292
f 2292 2837 2838
f 2292 2838 2834
f 2837 2321 2839
f 2839 2321 2319
f 2839 2319 2840
f 2840 2319 2841
f 2841 2319 2317
f 2841 2317 2842
f 2842 2317 2315
f 2842 2315 2843
f 2843 2315 2844
f 2844 2315 2314
f 2844 2314 2845
f 2845 2314 2846
f 2846 2314 2313
f 2846 2313 2847
f 2847 2313 2767
f 2847 2767 2769
f 2313 2284 2767
f 2769 2793 2847
f 2847 2793 2752
f 2847 2752 2816
f 2816 2752 2729
f 2816 2729 2728
f 2728 2749 2816
f 2816 2749 2713
f 2809 2383 2836
f 2836 2383 2293
f 2415 2432 1267
f 1267 2432 1284
f 1284 2432 2433
f 1284 2433 1283
f 1283 2433 1282
f 1282 2433 2437
f 2447 1285 2437
f 2437 1285 1282
f 2503 2848 2447
f 2447 2848 2849
f 2447 2849 2850
f 2850 2849 2851
f 2850 2851 2852
f 2852 2851 2853
f 2852 2853 2854
f 2854 2853 2855
f 2854 2855 2856
f 2856 2855 2857
f 2856 2857 2858
f 2858 2857 2859
f 2858 2859 2860
f 2860 2859 2861
f 2860 2861 2862
f 2862 2861 2863
f 2862 2863 2864
f 2864 2863 2865
f 2864 2865 2866
f 2866 2865 2867
f 2866 2867 2868
f 2868 2867 2869
f 2868 2869 2870
f 2870 2869 2871
f 2870 2871 2872
f 2872 2871 2873
f 2872 2873 2874
f 2874 2873 2875
f 2874 2875 2876
f 2876 2875 2877
f 2876 2877 2878
f 2878 2877 2879
f 2878 2879 2880
f 2880 2879 2881
f 2880 2881 2882
f 2882 2881 2883
f 2882 2883 2884
f 2884 2883 2885
f 2884 2885 2886
f 2886 2885 2887
f 2886 2887 2888
f 2888 2887 2889
f 2888 2889 2890
f 2890 2889 2891
f 2890 2891 2892
f 2892 2891 2893
f 2892 2893 2894
f 2894 2893 2895
f 2894 2895 2896
f 2896 2895 2897
f 2896 2897 2898
f 2898 2897 2530
f 2898 2530 1413
f 2503 2504 2848
f 2848 2504 2899
f 2848 2899 2849
f 2849 2899 2851
f 2504 2506 2899
f 2899 2506 2900
f 2899 2900 2851
f 2851 2900 2853
f 2900 2506 2901
f 2901 2506 2550
f 2901 2550 2902
f 2902 2550 2549
f 2902 2549 2548
f 2902 2548 2903
f 2903 2548 2547
f 2903 2547 2904
f 2904 2547 2546
f 2904 2546 2905
f 2905 2546 2906
f 2905 2906 2863
f 2863 2906 2865
f 2546 2545 2906
f 2906 2545 2907
f 2906 2907 2865
f 2865 2907 2867
f 2545 2544 2907
f 2907 2544 2908
f 2907 2908 2867
f 2867 2908 2869
f 2544 2543 2908
f 2908 2543 2909
f 2908 2909 2869
f 2869 2909 2871
f 2543 2542 2909
f 2909 2542 2910
f 2909 2910 2871
f 2871 2910 2873
f 2542 2541 2910
f 2910 2541 2540
f 2910 2540 2911
f 2911 2540 2539
f 2911 2539 2912
f 2912 2539 2913
f 2912 2913 2877
f 2877 2913 2879
f 2539 2538 2913
f 2913 2538 2914
f 2913 2914 2879
f 2879 2914 2881
f 2538 2537 2914
f 2914 2537 2915
f 2914 2915 2881
f 2881 2915 2883
f 2915 2537 2916
f 2916 2537 2536
f 2916 2536 2917
f 2917 2536 2535
f 2917 2535 2918
f 2918 2535 2534
f 2918 2534 2919
f 2919 2534 2533
f 2919 2533 2920
f 2920 2533 2921
f 2920 2921 2893
f 2893 2921 2895
f 2533 2532 2921
f 2921 2532 2922
f 2921 2922 2895
f 2895 2922 2897
f 2532 2531 2922
f 2922 2531 2530
f 2922 2530 2897
f 2898 1413 2923
f 2923 1413 1412
f 2923 1412 1410
f 2923 1410 2924
f 2924 1410 1408
f 2924 1408 2925
f 2925 1408 1406
f 2925 1406 2926
f 2926 1406 1404
f 2926 1404 2927
f 2927 1404 1402
f 2927 1402 2928
f 2928 1402 1400
f 2928 1400 2929
f 2929 1400 1398
f 2929 1398 2930
f 2930 1398 1396
f 2930 1396 2931
f 2931 1396 1394
f 2931 1394 2932
f 2932 1394 1392
f 2932 1392 2933
f 2933 1392 1390
f 2933 1390 2934
f 2934 1390 1388
f 2934 1388 2935
f 2935 1388 1386
f 2935 1386 2936
f 2936 1386 1383
f 2936 1383 2937
f 2937 1383 2938
f 2937 2938 2870
f 2870 2938 2868
f 1383 1381 2938
f 2938 1381 2939
f 2938 2939 2868
f 2868 2939 2866
f 1381 1379 2939
f 2939 1379 2940
f 2939 2940 2866
f 2866 2940 2864
f 1379 1378 2940
f 2940 1378 1376
f 2940 1376 2941
f 2941 1376 1374
f 2941 1374 2942
f 2942 1374 1372
f 2942 1372 2943
f 2943 1372 1371
f 2943 1371 1369
f 2943 1369 2944
f 2944 1369 1367
f 2944 1367 2945
f 2945 1367 1365
f 2945 1365 2946
f 2946 1365 1363
f 2946 1363 2947
f 2947 1363 1362
f 2947 1362 1285
f 1285 2447 2947
f 2947 2447 2850
f 2947 2850 2852
f 2893 2891 2920
f 2920 2891 2919
f 2891 2889 2919
f 2919 2889 2918
f 2889 2887 2918
f 2918 2887 2917
f 2883 2915 2916
f 2887 2885 2917
f 2917 2885 2916
f 2885 2883 2916
f 2873 2910 2911
f 2877 2875 2912
f 2912 2875 2911
f 2875 2873 2911
f 2863 2861 2905
f 2905 2861 2904
f 2861 2859 2904
f 2904 2859 2903
f 2859 2857 2903
f 2903 2857 2902
f 2853 2900 2901
f 2857 2855 2902
f 2902 2855 2901
f 2855 2853 2901
f 2947 2852 2946
f 2946 2852 2854
f 2946 2854 2945
f 2945 2854 2856
f 2945 2856 2944
f 2944 2856 2858
f 2944 2858 2943
f 2943 2858 2860
f 2943 2860 2942
f 2942 2860 2862
f 2942 2862 2941
f 2941 2862 2864
f 2941 2864 2940
f 2870 2872 2937
f 2937 2872 2936
f 2872 2874 2936
f 2936 2874 2935
f 2874 2876 2935
f 2935 2876 2934
f 2876 2878 2934
f 2934 2878 2933
f 2878 2880 2933
f 2933 2880 2932
f 2880 2882 2932
f 2932 2882 2931
f 2882 2884 2931
f 2931 2884 2930
f 2884 2886 2930
f 2930 2886 2929
f 2886 2888 2929
f 2929 2888 2928
f 2888 2890 2928
f 2928 2890 2927
f 2890 2892 2927
f 2927 2892 2926
f 2892 2894 2926
f 2926 2894 2925
f 2898 2923 2924
f 2894 2896 2925
f 2925 2896 2924
f 2896 2898 2924
f 2530 2623 1413
f 1413 2623 1414
f 2623 2648 1414
f 1414 2648 1418
f 1418 2648 2649
f 1418 2649 1417
f 1417 2649 1416
f 1416 2649 2662
f 1416 2662 1415
f 1415 2662 2661
f 2661 2688 1415
f 1415 2688 1419
f 1419 2688 2689
f 2948 2949 2950
f 2950 2949 2951
f 2950 2951 2952
f 2952 2951 2953
f 2952 2953 2954
f 2954 2953 2955
f 2954 2955 2956
f 2956 2955 2957
f 2956 2957 2958
f 2958 2957 2959
f 2958 2959 2960
f 2960 2959 2961
f 2960 2961 2962
f 2962 2961 2963
f 2962 2963 2964
f 2964 2963 2965
f 2964 2965 2966
f 2966 2965 2967
f 2966 2967 2968
f 2968 2967 2969
f 2968 2969 2970
f 2970 2969 2971
f 2970 2971 2972
f 2972 2971 2973
f 2972 2973 2974
f 2974 2973 2975
f 2974 2975 2976
f 2976 2975 2977
f 2976 2977 2978
f 2978 2977 2979
f 2978 2979 2980
f 2980 2979 2981
f 2980 2981 2982
f 2982 2981 2983
f 2982 2983 2984
f 2984 2983 2985
f 2984 2985 2986
f 2986 2985 2987
f 2986 2987 2988
f 2988 2987 2989
f 2988 2989 2990
f 2990 2989 2991
f 2990 2991 2992
f 2992 2991 2993
f 2992 2993 2994
f 2994 2993 2995
f 2994 2995 2996
f 2996 2995 2997
f 2996 2997 2998
f 2998 2997 2999
f 2998 2999 2948
f 2948 2999 2949
f 3000 3001 3002
f 3002 3001 3003
f 3002 3003 3004
f 3004 3003 3005
f 3004 3005 3006
f 3006 3005 2951
f 3006 2951 2949
f 3001 3000 3007
f 3007 3000 3008
f 3007 3008 3009
f 3009 3008 3010
f 3009 3010 3011
f 3011 3010 3012
f 3011 3012 3013
f 3013 3012 3014
f 3013 3014 3015
f 3015 3014 3016
f 3015 3016 3017
f 3017 3016 3018
f 3017 3018 3019
f 3019 3018 3020
f 3019 3020 2969
f 2969 3020 2971
f 3016 3021 3018
f 3018 3021 3022
f 3018 3022 3020
f 3020 3022 3023
f 3020 3023 2971
f 2971 3023 2973
f 3021 3024 3022
f 3022 3024 3025
f 3022 3025 3023
f 3023 3025 3026
f 3023 3026 2973
f 2973 3026 2975
f 3024 3027 3025
f 3025 3027 3028
f 3025 3028 3026
f 3026 3028 3029
f 3026 3029 2975
f 2975 3029 2977
f 3027 3030 3028
f 3028 3030 3031
f 3028 3031 3029
f 3029 3031 3032
f 3029 3032 2977
f 2977 3032 2979
f 3030 3033 3031
f 3031 3033 3034
f 3031 3034 3032
f 3032 3034 3035
f 3032 3035 2979
f 2979 3035 2981
f 3034 3033 3036
f 3036 3033 3037
f 3036 3037 3038
f 3038 3037 3039
f 3038 3039 3040
f 3040 3039 3041
f 3040 3041 3042
f 3042 3041 3043
f 3042 3043 3044
f 3044 3043 3045
f 3044 3045 3046
f 3046 3045 3047
f 3046 3047 3048
f 3048 3047 3049
f 3048 3049 3050
f 3050 3049 3051
f 3050 3051 2995
f 2995 3051 2997
f 3047 3052 3049
f 3049 3052 3053
f 3049 3053 3051
f 3051 3053 3054
f 3051 3054 2997
f 2997 3054 2999
f 3052 3055 3053
f 3053 3055 3056
f 3053 3056 3054
f 3054 3056 3057
f 3054 3057 2999
f 2999 3057 2949
f 3055 3058 3056
f 3056 3058 3059
f 3056 3059 3057
f 3057 3059 3006
f 3057 3006 2949
f 3058 3060 3059
f 3059 3060 3004
f 3059 3004 3006
f 3060 3002 3004
f 2951 3005 2953
f 2953 3005 3061
f 2953 3061 2955
f 2955 3061 3062
f 2955 3062 2957
f 2957 3062 3063
f 2957 3063 2959
f 2959 3063 3064
f 2959 3064 2961
f 2961 3064 3065
f 2961 3065 2963
f 2963 3065 3066
f 2963 3066 2965
f 2965 3066 3067
f 2965 3067 2967
f 2967 3067 3019
f 2967 3019 2969
f 3005 3003 3061
f 3061 3003 3001
f 3061 3001 3062
f 3062 3001 3007
f 3062 3007 3063
f 3063 3007 3009
f 3063 3009 3064
f 3064 3009 3011
f 3064 3011 3065
f 3065 3011 3013
f 3065 3013 3066
f 3066 3013 3015
f 3066 3015 3067
f 3067 3015 3017
f 3067 3017 3019
f 3050 2995 2993
f 3050 2993 3068
f 3068 2993 2991
f 3068 2991 3069
f 3069 2991 2989
f 3069 2989 3070
f 3070 2989 2987
f 3070 2987 3071
f 3071 2987 2985
f 3071 2985 3072
f 3072 2985 2983
f 3072 2983 3073
f 3073 2983 2981
f 3073 2981 3035
f 3046 3048 3068
f 3068 3048 3050
f 3046 3068 3069
f 3044 3046 3069
f 3044 3069 3070
f 3042 3044 3070
f 3042 3070 3071
f 3040 3042 3071
f 3040 3071 3072
f 3038 3040 3072
f 3038 3072 3073
f 3036 3038 3073
f 3036 3073 3035
f 3034 3036 3035
f 2952 2248 2950
f 2950 2248 2223
f 2950 2223 2948
f 2948 2223 2224
f 2948 2224 2998
f 2998 2224 2225
f 2998 2225 2996
f 2996 2225 2226
f 2996 2226 2994
f 2994 2226 2227
f 2994 2227 2992
f 2992 2227 2228
f 2992 2228 2990
f 2990 2228 2229
f 2990 2229 2988
f 2988 2229 2230
f 2988 2230 2986
f 2986 2230 2231
f 2986 2231 2984
f 2984 2231 2232
f 2984 2232 2982
f 2982 2232 2233
f 2982 2233 2980
f 2980 2233 2234
f 2980 2234 2978
f 2978 2234 2235
f 2978 2235 2976
f 2976 2235 2236
f 2976 2236 2974
f 2974 2236 2237
f 2974 2237 2972
f 2972 2237 2238
f 2972 2238 2970
f 2970 2238 2239
f 2970 2239 2968
f 2968 2239 2240
f 2968 2240 2966
f 2966 2240 2241
f 2966 2241 2964
f 2964 2241 2242
f 2964 2242 2962
f 2962 2242 2243
f 2962 2243 2960
f 2960 2243 2244
f 2960 2244 2958
f 2958 2244 2245
f 2958 2245 2956
f 2956 2245 2246
f 2956 2246 2954
f 2954 2246 2247
f 2954 2247 2952
f 2952 2247 2248
f 3000 3002 3074
f 3074 3002 3060
f 3074 3060 3075
f 3075 3060 3058
f 3075 3058 3076
f 3076 3058 3055
f 3076 3055 3052
f 3076 3052 3077
f 3077 3052 3047
f 3077 3047 3045
f 3077 3045 3078
f 3078 3045 3043
f 3078 3043 3079
f 3079 3043 3041
f 3079 3041 3039
f 3079 3039 3080
f 3080 3039 3037
f 3080 3037 3081
f 3081 3037 3033
f 3081 3033 3030
f 3081 3030 3082
f 3082 3030 3027
f 3082 3027 3083
f 3083 3027 3024
f 3083 3024 3021
f 3083 3021 3084
f 3084 3021 3016
f 3084 3016 3014
f 3084 3014 3085
f 3085 3014 3012
f 3085 3012 3086
f 3086 3012 3010
f 3086 3010 3008
f 3086 3008 3087
f 3087 3008 3000
f 3087 3000 3074
f 1569 3088 1567
f 1567 3088 3089
f 1567 3089 1564
f 1564 3089 3090
f 1564 3090 3091
f 1564 3091 1562
f 1562 3091 3092
f 1562 3092 1560
f 3092 3093 1560
f 1560 3093 1571
f 1571 3093 1579
f 1579 3093 3094
f 1579 3094 1576
f 1576 3094 3095
f 1576 3095 3096
f 1576 3096 1574
f 1574 3096 3097
f 1574 3097 1572
f 3097 3098 1572
f 1572 3098 1581
f 3099 3100 3101
f 3101 3100 3102
f 3101 3102 3103
f 3103 3102 3104
f 3103 3104 3105
f 3105 3104 3106
f 3105 3106 3107
f 3107 3106 3108
f 3108 3106 3109
f 3108 3109 3110
f 3110 3109 3111
f 3111 3109 3112
f 3111 3112 3113
f 3113 3112 3114
f 3113 3114 3115
f 3115 3114 3102
f 3115 3102 3100
f 3104 3102 3114
f 3106 3104 3112
f 3112 3104 3114
f 3109 3106 3112
f 3111 2843 3116
f 3116 2843 2844
f 3116 2844 3117
f 3117 2844 2845
f 3117 2845 3118
f 3118 2845 2846
f 3118 2846 2847
f 3107 3108 2847
f 2847 3108 3118
f 3118 3108 3117
f 3117 3108 3110
f 3117 3110 3116
f 3116 3110 3111
f 3119 3120 3121
f 3121 3120 3122
f 3121 3122 3123
f 3123 3122 3124
f 3123 3124 3125
f 3125 3124 3126
f 3125 3126 3127
f 3127 3128 3125
f 3125 3128 3129
f 3125 3129 3123
f 3123 3129 3130
f 3123 3130 3131
f 3131 3130 3132
f 3131 3132 3133
f 3133 3132 3134
f 3134 3132 3135
f 3134 3135 3136
f 3136 3135 3137
f 3137 3135 3138
f 3137 3138 3139
f 3139 3138 3129
f 3139 3129 3128
f 3133 3119 3131
f 3131 3119 3121
f 3131 3121 3123
f 3135 3132 3130
f 3138 3135 3130
f 3138 3130 3129
f 3127 2813 3128
f 3128 2813 2812
f 3128 2812 2811
f 3128 2811 3139
f 3139 2811 2810
f 3139 2810 3137
f 3137 2810 2802
f 3137 2802 3136
f 3140 3141 3142
f 3142 3141 3143
f 3142 3143 3144
f 3144 3143 3145
f 3144 3145 3146
f 3146 3145 3147
f 3146 3147 3148
f 3148 3149 3146
f 3146 3149 3150
f 3146 3150 3144
f 3144 3150 3151
f 3144 3151 3142
f 3142 3151 3152
f 3142 3152 3140
f 3140 3152 3153
f 3140 3153 3154
f 3154 3153 3155
f 3154 3155 3156
f 3156 3155 3157
f 3156 3157 3158
f 3149 3159 3150
f 3150 3159 3160
f 3150 3160 3151
f 3151 3160 3161
f 3151 3161 3152
f 3152 3161 3162
f 3152 3162 3153
f 3153 3162 3155
f 3159 3157 3160
f 3160 3157 3161
f 3156 3158 3163
f 3163 3158 3164
f 3163 3164 3156
f 3156 3164 3154
f 3161 3157 3162
f 3162 3157 3155
f 2835 3165 2836
f 2836 3165 3166
f 2836 3166 3148
f 3148 3166 3149
f 3149 3166 3167
f 3149 3167 3159
f 3159 3167 3168
f 3159 3168 3157
f 3157 3168 3169
f 3157 3169 3170
f 3170 3169 3171
f 3170 3171 3158
f 3158 3171 2840
f 2840 3171 2839
f 2839 3171 3172
f 2839 3172 2837
f 2837 3172 3173
f 2837 3173 2838
f 2838 3173 3174
f 2838 3174 2834
f 2834 3174 3165
f 2834 3165 2835
f 3158 3157 3170
f 3171 3169 3172
f 3172 3169 3168
f 3172 3168 3173
f 3173 3168 3167
f 3173 3167 3174
f 3174 3167 3166
f 3174 3166 3165
f 3141 3140 3175
f 3175 3140 3176
f 3175 3176 3177
f 3177 3176 3100
f 3177 3100 3099
f 3140 3154 3176
f 3176 3154 3178
f 3176 3178 3100
f 3100 3178 3115
f 3115 3178 3179
f 3115 3179 3113
f 3113 3179 3180
f 3113 3180 3111
f 3154 3164 3178
f 3178 3164 3179
f 3158 3181 3164
f 3164 3181 3179
f 3181 3180 3179
f 3182 3183 3184
f 3184 3183 3185
f 3184 3185 3186
f 3186 3185 3187
f 3186 3187 3188
f 3188 3187 3189
f 3188 3189 3190
f 3188 3190 3191
f 3191 3190 3192
f 3191 3192 3193
f 3193 3192 3194
f 3193 3194 3195
f 3195 3194 3196
f 3195 3196 3197
f 3197 3196 3198
f 3197 3198 3199
f 3199 3200 3197
f 3197 3200 3201
f 3197 3201 3202
f 3202 3201 3186
f 3202 3186 3188
f 3200 3182 3201
f 3201 3182 3184
f 3201 3184 3186
f 3191 3193 3195
f 3191 3195 3202
f 3202 3195 3197
f 3188 3191 3202
f 3190 2801 3192
f 3192 2801 2803
f 3192 2803 3194
f 3194 2803 2804
f 3194 2804 3196
f 3196 2804 2805
f 3196 2805 3198
f 3198 2805 2806
f 3141 3183 3203
f 3203 3183 3182
f 3203 3182 3204
f 3204 3182 3200
f 3204 3200 3205
f 3205 3200 3199
f 3205 3199 3198
f 3198 3148 3205
f 3205 3148 3147
f 3205 3147 3204
f 3204 3147 3145
f 3204 3145 3203
f 3203 3145 3143
f 3203 3143 3141
f 3183 3120 3185
f 3185 3120 3119
f 3185 3119 3187
f 3187 3119 3133
f 3187 3133 3189
f 3189 3133 3134
f 3189 3134 3190
f 3190 3134 3136
f 3120 3099 3206
f 3206 3099 3101
f 3206 3101 3207
f 3207 3101 3103
f 3207 3103 3208
f 3208 3103 3105
f 3208 3105 3107
f 3107 3127 3208
f 3208 3127 3126
f 3208 3126 3207
f 3207 3126 3124
f 3207 3124 3206
f 3206 3124 3122
f 3206 3122 3120
f 2843 3111 2842
f 2842 3111 3180
f 2842 3180 3181
f 2842 3181 2841
f 2841 3181 3158
f 2841 3158 2840
f 3148 3198 2836
f 2836 3198 2809
f 2809 3198 2806
f 2809 2806 2808
f 2808 2806 2807
f 3175 45 3141
f 3141 45 59
f 3141 59 57
f 3177 37 3175
f 3175 37 51
f 3175 51 49
f 3099 43 3177
f 3177 43 41
f 3177 41 38
f 3120 27 3099
f 3099 27 25
f 3099 25 22
f 3183 3092 3120
f 3120 3092 3091
f 3120 3091 3090
f 3141 62 3183
f 3183 62 61
f 3183 61 253
f 253 61 75
f 253 75 254
f 254 75 73
f 254 73 257
f 257 73 70
f 257 70 259
f 259 70 69
f 259 69 245
f 245 69 83
f 245 83 246
f 246 83 81
f 246 81 249
f 249 81 78
f 249 78 251
f 251 78 77
f 251 77 243
f 243 77 85
f 243 85 235
f 235 85 196
f 235 196 195
f 1 187 2
f 2 187 201
f 2 201 199
f 11 193 1
f 1 193 191
f 1 191 188
f 9 180 11
f 11 180 179
f 11 179 193
f 6 185 9
f 9 185 183
f 9 183 180
f 185 6 171
f 171 6 5
f 171 5 172
f 172 5 175
f 175 5 177
f 177 5 19
f 177 19 169
f 169 19 17
f 169 17 14
f 14 13 169
f 169 13 3209
f 169 3209 165
f 165 3209 3210
f 165 3210 3211
f 3209 13 3120
f 3120 13 27
f 22 21 3099
f 3099 21 35
f 3099 35 33
f 33 30 3099
f 3099 30 29
f 3099 29 43
f 38 37 3177
f 49 46 3175
f 3175 46 45
f 57 54 3141
f 3141 54 53
f 3141 53 67
f 67 65 3141
f 3141 65 62
f 93 111 85
f 85 111 125
f 85 125 123
f 91 115 93
f 93 115 112
f 93 112 111
f 115 91 117
f 117 91 88
f 117 88 103
f 103 88 87
f 103 87 104
f 104 87 101
f 104 101 107
f 107 101 109
f 109 101 99
f 109 99 96
f 96 95 109
f 123 120 85
f 85 120 119
f 85 119 2
f 2 119 133
f 2 133 131
f 131 128 2
f 2 128 159
f 159 128 127
f 159 127 161
f 161 127 141
f 161 141 139
f 161 139 163
f 163 139 136
f 163 136 151
f 151 136 135
f 151 135 152
f 152 135 149
f 152 149 147
f 152 147 155
f 155 147 144
f 155 144 157
f 157 144 143
f 165 3211 166
f 166 3211 3212
f 166 3212 293
f 293 3212 294
f 294 3212 297
f 297 3212 299
f 299 3212 285
f 285 3212 3213
f 285 3213 286
f 286 3213 289
f 289 3213 291
f 291 3213 277
f 277 3213 278
f 278 3213 281
f 281 3213 283
f 283 3213 3214
f 283 3214 269
f 269 3214 270
f 270 3214 273
f 273 3214 275
f 275 3214 3215
f 275 3215 261
f 261 3215 262
f 262 3215 265
f 265 3215 3098
f 265 3098 267
f 267 3098 253
f 253 3098 3183
f 188 187 1
f 2 199 85
f 85 199 196
f 195 209 235
f 235 209 207
f 235 207 204
f 204 203 235
f 235 203 236
f 236 203 217
f 236 217 239
f 239 217 215
f 239 215 241
f 241 215 212
f 241 212 227
f 227 212 211
f 227 211 225
f 227 225 228
f 228 225 223
f 228 223 231
f 231 223 220
f 231 220 233
f 233 220 219
f 293 307 166
f 166 307 305
f 166 305 302
f 302 301 166
f 166 301 315
f 166 315 313
f 313 310 166
f 166 310 309
f 3098 3097 3183
f 3183 3097 3096
f 3183 3096 3095
f 3095 3094 3183
f 3183 3094 3093
f 3183 3093 3092
f 3090 3089 3120
f 3120 3089 3088
f 3120 3088 3209
f 2384 3216 2410
f 2410 3216 3217
f 2410 3217 3218
f 2678 3219 2384
f 2384 3219 3220
f 2384 3220 3221
f 2628 3222 2678
f 2678 3222 3223
f 2678 3223 3224
f 3222 2628 3225
f 3225 2628 2627
f 3225 2627 3226
f 3226 2627 2666
f 3226 2666 3227
f 3227 2666 2665
f 3227 2665 3228
f 3228 2665 2618
f 3228 2618 2449
f 3228 2449 3229
f 3229 2449 2448
f 3229 2448 3230
f 3230 2448 2605
f 3230 2605 3231
f 3231 2605 2602
f 3231 2602 3232
f 3232 2602 2599
f 3232 2599 3233
f 3233 2599 2596
f 3233 2596 3234
f 3234 2596 2591
f 3234 2591 3235
f 3235 2591 3236
f 3236 2591 2589
f 3236 2589 3237
f 3237 2589 2587
f 3237 2587 3238
f 3238 2587 3239
f 3238 3239 3240
f 3240 3239 3241
f 3240 3241 3242
f 3242 3241 3243
f 3242 3243 3244
f 2585 3245 2587
f 2587 3245 3246
f 2587 3246 3239
f 2584 3247 2585
f 2585 3247 3248
f 2585 3248 3245
f 2582 3249 2584
f 2584 3249 3250
f 2584 3250 3247
f 2578 3251 2582
f 2582 3251 3252
f 2582 3252 3253
f 3251 2578 3254
f 3254 2578 2575
f 3254 2575 3255
f 3255 2575 3256
f 3256 2575 2572
f 3256 2572 3257
f 3257 2572 2569
f 3257 2569 3258
f 3258 2569 2566
f 3258 2566 3259
f 3259 2566 3260
f 3259 3260 3261
f 2563 3262 2566
f 2566 3262 3263
f 2566 3263 3260
f 3262 2563 3264
f 3264 2563 2560
f 3264 2560 2555
f 3264 2555 3265
f 3265 2555 2553
f 3265 2553 3266
f 3266 2553 2443
f 3266 2443 3267
f 3267 2443 2420
f 3267 2420 3268
f 3268 2420 3269
f 3269 2420 2419
f 3269 2419 2440
f 3269 2440 3218
f 3218 2440 2410
f 3242 3244 3270
f 3270 3244 3271
f 3270 3271 3272
f 3272 3271 3273
f 3272 3273 3274
f 3272 3274 3275
f 3275 3274 3249
f 3275 3249 3253
f 3253 3249 2582
f 2678 3224 3276
f 3276 3224 3277
f 3276 3277 3278
f 3276 3278 3279
f 3279 3278 3280
f 3279 3280 3281
f 3281 3280 3282
f 3281 3282 3283
f 3283 3282 3284
f 3283 3284 3285
f 3285 3284 3286
f 3285 3286 3287
f 3287 3286 3288
f 3288 3286 3289
f 3288 3289 3290
f 3290 3289 3291
f 3290 3291 3292
f 3292 3291 3293
f 3292 3293 3294
f 3294 3293 3295
f 3294 3295 3296
f 3296 3295 3297
f 3296 3297 3220
f 3221 3298 2384
f 2384 3298 3299
f 2384 3299 3300
f 3300 3301 2384
f 2384 3301 3216
f 3276 3302 2678
f 2678 3302 3219
f 3219 3296 3220
f 2741 1787 2726
f 2726 1787 1788
f 2726 1788 2701
f 2701 1788 1789
f 2701 1789 2689
f 2689 1789 1419
f 2741 2743 1787
f 1787 2743 1786
f 1786 2743 2745
f 3107 2847 3127
f 3127 2847 2816
f 3127 2816 2813
f 2813 2816 2815
f 2813 2815 2814
f 2802 2801 3136
f 3136 2801 3190
f 1791 3269 3303
f 3303 3269 3218
f 3303 3218 3304
f 3304 3218 3305
f 3305 3218 3217
f 3305 3217 3306
f 1791 1790 3269
f 3269 1790 1796
f 3269 1796 3268
f 3268 1796 1797
f 1797 1798 3268
f 3268 1798 3267
f 1791 3303 1799
f 1799 3303 3307
f 1799 3307 1801
f 1801 3307 3308
f 1801 3308 1803
f 1803 3308 3309
f 2780 3310 2759
f 2759 3310 3311
f 2759 3311 1816
f 1816 3311 1814
f 1814 3311 3312
f 1814 3312 1812
f 1812 3312 3313
f 1812 3313 1811
f 1811 3313 1809
f 1809 3313 3314
f 1809 3314 1807
f 1807 3314 3315
f 1807 3315 1805
f 1805 3315 3316
f 1805 3316 1958
f 1958 3316 2781
f 2781 3316 2784
f 2784 3316 3317
f 2784 3317 2785
f 2785 3317 3318
f 2785 3318 2787
f 2787 3318 3319
f 2787 3319 2789
f 2789 3319 2791
f 2791 3319 3310
f 2791 3310 2780
f 1958 343 1805
f 1816 1822 2759
f 3315 3314 3316
f 3316 3314 3317
f 3314 3313 3317
f 3317 3313 3318
f 3311 3310 3319
f 3313 3312 3318
f 3318 3312 3319
f 3312 3311 3319
f 2745 2759 1786
f 1786 2759 1822
f 3262 1829 3320
f 3320 1829 1830
f 3320 1830 3321
f 3321 1830 1826
f 3321 1826 3322
f 3322 1826 1823
f 3322 1823 1825
f 3259 3261 1825
f 1825 3261 3322
f 3261 3260 3322
f 3322 3260 3321
f 3260 3263 3321
f 3321 3263 3320
f 3263 3262 3320
f 1829 3262 1831
f 1831 3262 3264
f 3323 1838 3324
f 3324 1838 1837
f 3324 1837 3325
f 3325 1837 1835
f 3325 1835 1833
f 1833 3326 3325
f 3303 3304 3307
f 3307 3304 3305
f 3307 3305 3308
f 3308 3305 3306
f 3308 3306 3309
f 3309 3306 3327
f 3309 3327 3326
f 3326 3327 3325
f 3325 3327 3323
f 3325 3323 3324
f 3306 3328 3327
f 1833 1803 3326
f 3326 1803 3309
f 1831 3264 1843
f 1843 3264 3265
f 1843 3265 1842
f 1842 3265 3266
f 1842 3266 3267
f 3267 1798 1842
f 3217 3216 3306
f 3306 3216 3328
f 1581 3098 1850
f 1850 3098 3215
f 1850 3215 1849
f 1849 3215 3214
f 1849 3214 1848
f 1848 3214 3213
f 1848 3213 1847
f 1847 3213 3212
f 1847 3212 1846
f 1846 3212 3211
f 1846 3211 1845
f 1845 3211 3210
f 1845 3210 1844
f 1844 3210 3209
f 3088 1569 3209
f 3209 1569 1844
f 3247 1853 3248
f 3248 1853 1852
f 3248 1852 3245
f 3245 1852 1851
f 3245 1851 3246
f 3246 1851 1863
f 3246 1863 3239
f 3239 1863 1862
f 3239 1862 3241
f 3241 1862 1861
f 3241 1861 3243
f 3243 1861 1860
f 3243 1860 3244
f 3244 1860 1859
f 3244 1859 3271
f 3271 1859 1858
f 3271 1858 3273
f 3273 1858 1857
f 3273 1857 3274
f 3274 1857 1856
f 3274 1856 3249
f 3249 1856 1855
f 3249 1855 3250
f 3250 1855 1854
f 3250 1854 3247
f 3247 1854 1853
f 3075 1866 3074
f 3074 1866 1865
f 3074 1865 3087
f 3087 1865 1864
f 3087 1864 3086
f 3086 1864 1877
f 3086 1877 3085
f 3085 1877 1876
f 3085 1876 3084
f 3084 1876 1875
f 3084 1875 3083
f 3083 1875 1874
f 3083 1874 3082
f 3082 1874 1873
f 3082 1873 3081
f 3081 1873 1872
f 3081 1872 3080
f 3080 1872 1871
f 3080 1871 3079
f 3079 1871 1870
f 3079 1870 3078
f 3078 1870 1869
f 3078 1869 3077
f 3077 1869 1868
f 3077 1868 3076
f 3076 1868 1867
f 3076 1867 3075
f 3075 1867 1866
f 1838 3323 1878
f 1878 3323 3327
f 1825 1879 3259
f 3259 1879 3258
f 3258 1879 1880
f 3258 1880 3257
f 3257 1880 1881
f 3257 1881 3256
f 3256 1881 1882
f 3256 1882 3255
f 3255 1882 1883
f 3255 1883 3254
f 3254 1883 1884
f 3254 1884 3251
f 3251 1884 1885
f 3251 1885 3252
f 3252 1885 1886
f 3252 1886 3253
f 1893 3238 1892
f 1892 3238 3240
f 1892 3240 1891
f 1891 3240 3242
f 1891 3242 1890
f 1890 3242 3270
f 1890 3270 1889
f 1889 3270 3272
f 1889 3272 1888
f 1888 3272 3275
f 1888 3275 1887
f 1887 3275 3253
f 1887 3253 1886
f 1902 3229 1901
f 1901 3229 3230
f 1901 3230 1900
f 1900 3230 3231
f 1900 3231 1899
f 1899 3231 3232
f 1899 3232 1898
f 1898 3232 3233
f 1898 3233 1897
f 1897 3233 3234
f 1897 3234 1896
f 1896 3234 3235
f 1896 3235 1895
f 1895 3235 3236
f 1895 3236 1894
f 1894 3236 3237
f 1894 3237 1893
f 1893 3237 3238
f 3228 3229 1903
f 1903 3229 1902
f 1912 3280 1911
f 1911 3280 3278
f 1911 3278 1910
f 1910 3278 3277
f 1910 3277 1909
f 1909 3277 3224
f 1909 3224 1908
f 1908 3224 3223
f 1908 3223 1907
f 1907 3223 3222
f 1907 3222 1906
f 1906 3222 3225
f 1906 3225 1905
f 1905 3225 3226
f 1905 3226 1904
f 1904 3226 3227
f 1904 3227 1903
f 1903 3227 3228
f 1919 3293 1918
f 1918 3293 3291
f 1918 3291 1917
f 1917 3291 3289
f 1917 3289 1916
f 1916 3289 3286
f 1916 3286 1915
f 1915 3286 3284
f 1915 3284 1914
f 1914 3284 3282
f 1914 3282 1913
f 1913 3282 3280
f 1913 3280 1912
f 3216 1920 3328
f 3328 1920 1878
f 3328 1878 3327
f 3216 3301 1920
f 1920 3301 1921
f 1921 3301 3300
f 1921 3300 1922
f 1922 3300 3299
f 1922 3299 1923
f 1923 3299 3298
f 1923 3298 1924
f 1924 3298 3221
f 1924 3221 1925
f 1925 3221 3220
f 1925 3220 1926
f 1926 3220 3297
f 1926 3297 1927
f 1927 3297 3295
f 1927 3295 1919
f 1919 3295 3293
f 3288 1930 3287
f 3287 1930 1929
f 3287 1929 3285
f 3285 1929 1928
f 3285 1928 3283
f 3283 1928 1940
f 3283 1940 3281
f 3281 1940 1939
f 3281 1939 3279
f 3279 1939 1938
f 3279 1938 3276
f 3276 1938 1937
f 3276 1937 3302
f 3302 1937 1936
f 3302 1936 3219
f 3219 1936 1935
f 3219 1935 3296
f 3296 1935 1934
f 3296 1934 3294
f 3294 1934 1933
f 3294 1933 3292
f 3292 1933 1932
f 3292 1932 3290
f 3290 1932 1931
f 3290 1931 3288
f 3288 1931 1930

