# https://github.com/mikedh/trimesh

o shank_lf_1.stl
v 2.80065155 37.11486816 19.88462639
v 2.80988836 34.07996750 19.99020386
v 8.05564976 37.11486816 19.42487335
v 8.07040596 34.07996750 19.52996826
v 45.01180267 35.07996750 8.56307411
v 45.25292969 35.07996750 8.60202122
v 45.01180267 35.22996902 8.56307411
v 45.25292969 35.22996902 8.60202122
v 45.23994827 35.07996750 8.09646797
v 45.15578842 35.07996750 8.19955444
v 45.23994827 35.22996902 8.09646797
v 45.15578842 35.22996902 8.19955444
v 45.08703613 35.07996750 8.31034660
v 45.08703613 35.22996902 8.31034660
v 45.04249954 35.07996750 8.43324852
v 45.04249954 35.22996902 8.43324852
v 45.69781876 35.07996750 7.90262604
v 45.57174301 35.07996750 7.92411232
v 45.69781876 35.22996902 7.90262604
v 45.57174301 35.22996902 7.92411232
v 45.45185089 35.07996750 7.95996428
v 45.45185089 35.22996902 7.95996428
v 45.34259415 35.07996750 8.02053070
v 45.34259415 35.22996902 8.02053070
v 46.17687607 35.07996750 7.97896194
v 46.06128693 35.07996750 7.93544197
v 46.17687607 35.22996902 7.97896194
v 46.06128693 35.22996902 7.93544197
v 45.94328308 35.07996750 7.90605688
v 45.94328308 35.22996902 7.90605688
v 45.82158661 35.07996750 7.89827681
v 45.82158661 35.22996902 7.89827681
v 46.48144150 35.07996750 8.29480553
v 46.42165375 35.07996750 8.19992638
v 46.48144150 35.22996902 8.29480553
v 46.42165375 35.22996902 8.19992638
v 46.35313797 35.07996750 8.11354256
v 46.35313797 35.22996902 8.11354256
v 46.26964569 35.07996750 8.04173565
v 46.26964569 35.22996902 8.04173565
v 46.61749649 35.07996750 8.76447105
v 46.59979248 35.07996750 8.64230442
v 46.61749649 35.22996902 8.76447105
v 46.59979248 35.22996902 8.64230442
v 46.57328033 35.07996750 8.52270317
v 46.57328033 35.22996902 8.52270317
v 46.53189087 35.07996750 8.40743542
v 46.53189087 35.22996902 8.40743542
v 46.55359650 35.07996750 9.25959587
v 46.59024429 35.07996750 9.13859940
v 46.55359650 35.22996902 9.25959587
v 46.59024429 35.22996902 9.13859940
v 46.61521530 35.07996750 9.01603031
v 46.61521530 35.22996902 9.01603031
v 46.62168121 35.07996750 8.89096737
v 46.62168121 35.22996902 8.89096737
v 46.27835083 35.07996750 9.60104561
v 46.36518860 35.07996750 9.53026390
v 46.27835083 35.22996902 9.60104561
v 46.36518860 35.22996902 9.53026390
v 46.44211960 35.07996750 9.45146561
v 46.44211960 35.22996902 9.45146561
v 46.50270844 35.07996750 9.35945415
v 46.50270844 35.22996902 9.35945415
v 45.85546112 35.07996750 9.74648952
v 45.96758652 35.07996750 9.72864723
v 45.85546112 35.22996902 9.74648952
v 45.96758652 35.22996902 9.72864723
v 46.07625580 35.07996750 9.70080280
v 46.07625580 35.22996902 9.70080280
v 46.17908096 35.07996750 9.65606403
v 46.17908096 35.22996902 9.65606403
v 45.39360046 35.07996750 9.64965534
v 45.50331497 35.07996750 9.70035648
v 45.39360046 35.22996902 9.64965534
v 45.50331497 35.22996902 9.70035648
v 45.61626816 35.07996750 9.73612785
v 45.61626816 35.22996902 9.73612785
v 45.73437500 35.07996750 9.74815273
v 45.73437500 35.22996902 9.74815273
v 45.10593414 35.07996750 9.28883266
v 45.15741348 35.07996750 9.39551735
v 45.10593414 35.22996902 9.28883266
v 45.15741348 35.22996902 9.39551735
v 45.21978378 35.07996750 9.49341965
v 45.21978378 35.22996902 9.49341965
v 45.30087662 35.07996750 9.57622623
v 45.30087662 35.22996902 9.57622623
v 45.33341217 35.07996750 9.21378994
v 45.33341217 35.22996902 9.21378994
v 45.53817749 35.07996750 9.48138523
v 45.47246170 35.07996750 9.42591381
v 45.53817749 35.22996902 9.48138523
v 45.47246170 35.22996902 9.42591381
v 45.41521072 35.07996750 9.36378384
v 45.41521072 35.22996902 9.36378384
v 45.37074661 35.07996750 9.29159164
v 45.37074661 35.22996902 9.29159164
v 45.84266281 35.07996750 9.54419804
v 45.76286316 35.07996750 9.54557800
v 45.84266281 35.22996902 9.54419804
v 45.76286316 35.22996902 9.54557800
v 45.68500137 35.07996750 9.53796864
v 45.68500137 35.22996902 9.53796864
v 45.61051941 35.07996750 9.51465893
v 45.61051941 35.22996902 9.51465893
v 46.17758179 35.07996750 9.41564178
v 46.10112381 35.07996750 9.46627045
v 46.17758179 35.22996902 9.41564178
v 46.10112381 35.22996902 9.46627045
v 46.02054214 35.07996750 9.50641537
v 46.02054214 35.22996902 9.50641537
v 45.93346405 35.07996750 9.53003693
v 45.93346405 35.22996902 9.53003693
v 46.34840393 35.07996750 9.13418007
v 46.32129669 35.07996750 9.21404362
v 46.34840393 35.22996902 9.13418007
v 46.32129669 35.22996902 9.21404362
v 46.28573608 35.07996750 9.28875828
v 46.28573608 35.22996902 9.28875828
v 46.23596191 35.07996750 9.35481930
v 46.23596191 35.22996902 9.35481930
v 46.37439346 35.07996750 8.78696537
v 46.37767410 35.07996750 8.87450218
v 46.37439346 35.22996902 8.78696537
v 46.37767410 35.22996902 8.87450218
v 46.37562943 35.07996750 8.96163940
v 46.37562943 35.22996902 8.96163940
v 46.36468887 35.07996750 9.04811001
v 46.36468887 35.22996902 9.04811001
v 46.27338028 35.07996750 8.39572048
v 46.31135559 35.07996750 8.49017525
v 46.27338028 35.22996902 8.39572048
v 46.31135559 35.22996902 8.49017525
v 46.34208679 35.07996750 8.58654118
v 46.34208679 35.22996902 8.58654118
v 46.36147308 35.07996750 8.68589973
v 46.36147308 35.22996902 8.68589973
v 46.04507446 35.07996750 8.16020584
v 46.11597824 35.07996750 8.20554447
v 46.04507446 35.22996902 8.16020584
v 46.11597824 35.22996902 8.20554447
v 46.17916870 35.07996750 8.25843430
v 46.17916870 35.22996902 8.25843430
v 46.22990799 35.07996750 8.32352066
v 46.22990799 35.22996902 8.32352066
v 45.73493576 35.07996750 8.10278893
v 45.81520462 35.07996750 8.10237789
v 45.73493576 35.22996902 8.10278893
v 45.81520462 35.22996902 8.10237789
v 45.89398193 35.07996750 8.11002159
v 45.89398193 35.22996902 8.11002159
v 45.97027206 35.07996750 8.13108826
v 45.97027206 35.22996902 8.13108826
v 45.40930557 35.07996750 8.24646282
v 45.48163223 35.07996750 8.19024563
v 45.40930557 35.22996902 8.24646282
v 45.48163223 35.22996902 8.19024563
v 45.55901718 35.07996750 8.14533520
v 45.55901718 35.22996902 8.14533520
v 45.64458847 35.07996750 8.11871910
v 45.64458847 35.22996902 8.11871910
v 45.27173233 35.07996750 8.50392342
v 45.27173233 35.22996902 8.50392342
v 45.30109406 35.07996750 8.41061878
v 45.30109406 35.22996902 8.41061878
v 45.34914780 35.07996750 8.32579517
v 45.34914780 35.22996902 8.32579517
v 43.61007309 35.07996750 8.11591434
v 43.62847900 35.07996750 8.32629204
v 43.61007309 35.22996902 8.11591434
v 43.62847900 35.22996902 8.32629204
v 44.78843307 35.07996750 8.01282120
v 44.78843307 35.22996902 8.01282120
v 44.77619553 35.07996750 8.16706276
v 44.78459167 35.07996750 8.12892723
v 44.77619553 35.22996902 8.16706276
v 44.78459167 35.22996902 8.12892723
v 44.79006958 35.07996750 8.09055901
v 44.79006958 35.22996902 8.09055901
v 44.79069901 35.07996750 8.05180550
v 44.79069901 35.22996902 8.05180550
v 44.65283966 35.07996750 8.41680145
v 44.69106293 35.07996750 8.35797787
v 44.65283966 35.22996902 8.41680145
v 44.69106293 35.22996902 8.35797787
v 44.72538376 35.07996750 8.29724503
v 44.72538376 35.22996902 8.29724503
v 44.75292206 35.07996750 8.23319721
v 44.75292206 35.22996902 8.23319721
v 44.39007568 35.07996750 8.71182156
v 44.46007538 35.07996750 8.64186287
v 44.39007568 35.22996902 8.71182156
v 44.46007538 35.22996902 8.64186287
v 44.52788925 35.07996750 8.56998348
v 44.52788925 35.22996902 8.56998348
v 44.59172821 35.07996750 8.49459362
v 44.59172821 35.22996902 8.49459362
v 44.03032684 35.07996750 9.12377167
v 44.11184311 35.07996750 9.01358414
v 44.03032684 35.22996902 9.12377167
v 44.11184311 35.22996902 9.01358414
v 44.19867325 35.07996750 8.90794277
v 44.19867325 35.22996902 8.90794277
v 44.29253006 35.07996750 8.80830288
v 44.29253006 35.22996902 8.80830288
v 43.95121002 35.07996750 9.39598465
v 43.95559311 35.07996750 9.32369232
v 43.95121002 35.22996902 9.39598465
v 43.95559311 35.22996902 9.32369232
v 43.96896362 35.07996750 9.25387383
v 43.96896362 35.22996902 9.25387383
v 43.99587250 35.07996750 9.18778419
v 43.99587250 35.22996902 9.18778419
v 44.06344223 35.07996750 9.60734463
v 44.01990509 35.07996750 9.56273460
v 44.06344223 35.22996902 9.60734463
v 44.01990509 35.22996902 9.56273460
v 43.98482513 35.07996750 9.51362801
v 43.98482513 35.22996902 9.51362801
v 43.96380615 35.07996750 9.45704460
v 43.96380615 35.22996902 9.45704460
v 44.31386566 35.07996750 9.67549992
v 44.24647903 35.07996750 9.67547226
v 44.31386566 35.22996902 9.67549992
v 44.24647903 35.22996902 9.67547226
v 44.18162537 35.07996750 9.66643047
v 44.18162537 35.22996902 9.66643047
v 44.12115860 35.07996750 9.64178085
v 44.12115860 35.22996902 9.64178085
v 44.55850601 35.07996750 9.55851746
v 44.50589371 35.07996750 9.60521412
v 44.55850601 35.22996902 9.55851746
v 44.50589371 35.22996902 9.60521412
v 44.44845581 35.07996750 9.64205647
v 44.44845581 35.22996902 9.64205647
v 44.38336182 35.07996750 9.66327286
v 44.38336182 35.22996902 9.66327286
v 44.63159561 35.07996750 9.28744411
v 44.63182831 35.07996750 9.36045456
v 44.63159561 35.22996902 9.28744411
v 44.63182831 35.22996902 9.36045456
v 44.62239456 35.07996750 9.43072605
v 44.62239456 35.22996902 9.43072605
v 44.59592438 35.07996750 9.49617290
v 44.59592438 35.22996902 9.49617290
v 44.85858536 35.07996750 9.29086685
v 44.85858536 35.22996902 9.29086685
v 44.71825790 35.07996750 9.68974686
v 44.78076935 35.07996750 9.60007191
v 44.71825790 35.22996902 9.68974686
v 44.78076935 35.22996902 9.60007191
v 44.82757187 35.07996750 9.50464249
v 44.82757187 35.22996902 9.50464249
v 44.84998703 35.07996750 9.40028477
v 44.84998703 35.22996902 9.40028477
v 44.32485199 35.07996750 9.85711765
v 44.43399048 35.07996750 9.83979988
v 44.32485199 35.22996902 9.85711765
v 44.43399048 35.22996902 9.83979988
v 44.53750229 35.07996750 9.80969143
v 44.53750229 35.22996902 9.80969143
v 44.63108063 35.07996750 9.75700092
v 44.63108063 35.22996902 9.75700092
v 43.90624237 35.07996750 9.75037384
v 44.00317383 35.07996750 9.80589771
v 43.90624237 35.22996902 9.75037384
v 44.00317383 35.22996902 9.80589771
v 44.10451508 35.07996750 9.84495544
v 44.10451508 35.22996902 9.84495544
v 44.21273041 35.07996750 9.85833645
v 44.21273041 35.22996902 9.85833645
v 43.72581482 35.07996750 9.41080284
v 43.74594116 35.07996750 9.50900555
v 43.72581482 35.22996902 9.41080284
v 43.74594116 35.22996902 9.50900555
v 43.77964020 35.07996750 9.59997654
v 43.77964020 35.22996902 9.59997654
v 43.83608246 35.07996750 9.67883015
v 43.83608246 35.22996902 9.67883015
v 43.75118637 35.07996750 9.19659519
v 43.73739624 35.07996750 9.24927425
v 43.75118637 35.22996902 9.19659519
v 43.73739624 35.22996902 9.24927425
v 43.72763062 35.07996750 9.30242538
v 43.72763062 35.22996902 9.30242538
v 43.72465897 35.07996750 9.35637283
v 43.72465897 35.22996902 9.35637283
v 43.87746048 35.07996750 8.96620655
v 43.83962250 35.07996750 9.02041817
v 43.87746048 35.22996902 8.96620655
v 43.83962250 35.22996902 9.02041817
v 43.80502701 35.07996750 9.07638073
v 43.80502701 35.22996902 9.07638073
v 43.77621078 35.07996750 9.13546562
v 43.77621078 35.22996902 9.13546562
v 44.18746948 35.07996750 8.62294006
v 44.10628891 35.07996750 8.70547390
v 44.18746948 35.22996902 8.62294006
v 44.10628891 35.22996902 8.70547390
v 44.02691650 35.07996750 8.78961754
v 44.02691650 35.22996902 8.78961754
v 43.95093536 35.07996750 8.87679195
v 43.95093536 35.22996902 8.87679195
v 44.42078018 35.07996750 8.37644863
v 44.36446381 35.07996750 8.43995285
v 44.42078018 35.22996902 8.37644863
v 44.36446381 35.22996902 8.43995285
v 44.30680084 35.07996750 8.50220108
v 44.30680084 35.22996902 8.50220108
v 44.24754333 35.07996750 8.56295395
v 44.24754333 35.22996902 8.56295395
v 44.50282669 35.07996750 8.24979687
v 44.48461914 35.07996750 8.28294659
v 44.50282669 35.22996902 8.24979687
v 44.48461914 35.22996902 8.28294659
v 44.46511841 35.07996750 8.31526279
v 44.46511841 35.22996902 8.31526279
v 44.44355011 35.07996750 8.34624195
v 44.44355011 35.22996902 8.34624195
v 53.13475800 34.07996750 1.14770854
v 53.17609024 33.21435165 1.15884471
v 53.63475800 34.07996750 2.01373386
v 53.21751022 32.34874344 1.17012823
v 53.43234253 30.79870033 1.43397033
v 53.31333542 31.11134720 1.24968374
v 53.25901413 31.48314095 1.18155921
v 53.59567642 30.50095940 1.69608045
v 53.82041931 30.20985985 2.06501365
v 53.52400208 30.20985985 2.23950291
v 53.41196823 34.07996750 2.15115309
v 53.24224854 30.20985985 2.43679047
v 53.19754410 34.07996750 2.30129385
v 52.99221420 34.07996750 2.46364832
v 52.97690201 30.20985985 2.65565109
v 52.33873749 31.48314095 1.82594371
v 52.34218979 32.34874344 1.78303349
v 52.38417435 31.11134720 1.90029109
v 52.51664352 30.79870033 2.07514858
v 52.70708466 30.50095940 2.31828046
v 52.34575272 33.21435165 1.74025357
v 52.34942627 34.07996750 1.69760382
v 51.92941666 34.07996750 2.08916378
v 51.64727402 31.48314095 2.54863954
v 51.55252075 34.07996750 2.52238035
v 51.24998093 32.94212723 3.02409339
v 51.22284317 34.07996750 2.99253154
v 51.10068893 31.48314095 3.38628769
v 51.24886322 32.93951035 3.02606249
v 51.24774551 32.93688965 3.02803302
v 50.95175171 32.17637634 3.63119173
v 50.71767044 31.48314095 4.31024933
v 53.70631790 34.07996750 0.86065966
v 53.77002716 31.48314095 0.93203098
v 54.30733871 34.07996750 0.64190596
v 54.30441284 31.48314095 0.73753029
v 54.85626602 31.48314095 0.60020685
v 54.88071060 32.34874344 0.56477225
v 54.90518570 33.21435165 0.52950519
v 54.92969131 34.07996750 0.49440563
v 52.32103729 30.07996941 7.09173679
v 51.74873352 30.18919373 7.14486408
v 52.14476776 30.07996941 6.23805523
v 51.58499527 30.18919373 6.28702879
v 51.59728622 30.18919373 5.41379261
v 51.08894730 30.50095940 5.84483337
v 51.20616913 30.50095940 4.85492325
v 52.08180618 30.18919373 7.95217896
v 52.68943024 30.07996941 7.88175631
v 52.57056808 30.18919373 8.67592144
v 53.23008347 30.07996941 8.56552315
v 53.19501495 30.18919373 9.28646183
v 53.91384888 30.07996941 9.10617638
v 53.92958069 30.18919373 9.75880337
v 54.70386887 30.07996941 9.47456837
v 54.74419022 30.18919373 10.07360935
v 55.55755234 30.07996941 9.65083981
v 55.60549545 30.18919373 10.21799183
v 56.42887115 30.07996941 9.62548637
v 56.47823334 30.18919373 10.18603897
v 57.32667542 30.18919373 9.97906017
v 57.25317001 30.50095940 10.50776100
v 58.17383957 30.50095940 10.12561607
v 57.94909668 30.20985985 9.75668335
v 58.11608505 30.18919373 9.60552692
v 58.24551392 30.20985985 9.58219337
v 58.52726746 30.20985985 9.38490582
v 58.81414413 30.18919373 9.08073425
v 58.79261398 30.20985985 9.16604519
v 59.40189362 30.50095940 9.17181492
v 59.06243134 30.50095940 9.50341606
v 57.27085876 30.07996941 9.39987659
v 58.03812408 30.07996941 8.98617268
v 58.68929672 30.07996941 8.40667629
v 59.39227295 30.18919373 8.42616558
v 59.70692825 30.50095940 8.80829144
v 59.59544373 30.20985985 8.20926952
v 59.97454453 30.50095940 8.41640377
v 59.18927765 30.07996941 7.69262981
v 59.82680130 30.18919373 7.66861963
v 59.76490402 30.20985985 7.90994930
v 59.91026688 30.20985985 7.59821558
v 60.03063583 30.20985985 7.27600336
v 60.09994507 30.18919373 6.83911037
v 60.56117249 30.50095940 6.97635984
v 60.64357376 30.50095940 6.50902271
v 60.24751663 30.20985985 6.04599524
v 60.67939377 30.50095940 6.03583002
v 59.51111221 30.07996941 6.88252687
v 59.63744736 30.07996941 6.02004051
v 60.20051575 30.18919373 5.97159767
v 60.24461365 30.20985985 5.70204735
v 60.12440109 30.18919373 5.10159779
v 60.21463394 30.20985985 5.35939598
v 60.15776825 30.20985985 5.02016878
v 59.87471390 30.18919373 4.26472902
v 60.46740723 30.50095940 4.49540138
v 60.30510330 30.50095940 4.04947376
v 59.73059082 30.20985985 3.84650922
v 60.09952545 30.50095940 3.62176752
v 59.56147385 30.07996941 5.15166759
v 59.28728867 30.07996941 4.32422209
v 59.46168137 30.18919373 3.49525261
v 58.82966995 30.07996941 3.58231211
v 58.90220261 30.18919373 2.82467079
v 58.21329498 30.07996941 2.96593404
v 58.21919250 30.18919373 2.28043771
v 57.47138214 30.07996941 2.50831723
v 57.44061279 30.18919373 1.88483381
v 56.64393997 30.07996941 2.23413181
v 56.59833145 30.18919373 1.65405548
v 55.77556610 30.07996941 2.15815902
v 55.72684097 30.18919373 1.59755063
v 54.86181259 30.18919373 1.71763289
v 55.33330536 30.20985985 1.58097064
v 54.99407959 30.20985985 1.63783634
v 54.46931076 30.50095940 1.32819951
v 54.92909622 30.50095940 1.21075594
v 54.91307831 30.07996941 2.28449464
v 54.03866196 30.18919373 2.00938582
v 54.02338409 30.50095940 1.49050391
v 54.10297775 30.07996941 2.60632801
v 53.29109573 30.18919373 2.46086502
v 52.64971161 30.18919373 3.05358696
v 52.03309631 30.50095940 3.05272388
v 52.14076996 30.18919373 3.76328540
v 51.52548599 30.50095940 3.91062379
v 51.78510666 30.18919373 4.56090546
v 53.38892746 30.07996941 3.10630870
v 52.80943298 30.07996941 3.75748301
v 52.39572906 30.07996941 4.52474594
v 52.17012024 30.07996941 5.36673403
v 56.27339554 30.50095940 10.69134235
v 55.27683258 30.50095940 10.66843033
v 54.30652618 30.50095940 10.44001484
v 53.40439606 30.50095940 10.01596260
v 52.60940170 30.50095940 9.41458988
v 51.95588684 30.50095940 8.66187286
v 51.47208023 30.50095940 7.79032612
v 51.17887878 30.50095940 6.83759499
v 55.67595673 30.20985985 1.55099249
v 56.01990509 30.20985985 1.54808819
v 56.48293304 30.50095940 1.15203047
v 56.95026779 30.50095940 1.23443460
v 56.00973892 30.50095940 1.11621177
v 57.40717697 30.50095940 1.36261749
v 57.24991226 30.20985985 1.76497173
v 57.57212448 30.20985985 1.88533807
v 57.88385773 30.20985985 2.03070188
v 58.18317795 30.20985985 2.20016074
v 58.78219986 30.50095940 2.08867836
v 58.39031219 30.50095940 1.82106221
v 59.14572525 30.50095940 2.39371085
v 59.13995361 30.20985985 3.00299144
v 59.47732544 30.50095940 2.73317385
v 59.35881424 30.20985985 3.26833773
v 59.55610275 30.20985985 3.55009341
v 60.58485031 30.50095940 4.95518541
v 60.43298721 30.50095940 7.43326616
v 51.68033600 31.11130333 2.64554667
v 51.12595749 31.11130333 3.52481341
v 50.75300598 31.11130333 4.49504852
v 50.63835144 31.34468651 4.65544271
v 50.58998489 31.23040199 5.02938271
v 50.56406403 31.15534592 5.43470907
v 50.57570648 31.11130333 5.51926184
v 50.55447006 31.12755966 5.85931158
v 50.79302216 30.79870033 5.54886770
v 50.81926346 30.79870033 6.54137707
v 51.83783722 30.79870033 2.79970574
v 51.31212997 30.79870033 3.64196181
v 50.95941162 30.79870033 4.57005262
v 51.03713989 30.79870033 7.51003265
v 50.64771271 31.12770271 6.89005613
v 50.60086823 31.11130333 6.55883074
v 51.43840790 30.79870033 8.41818905
v 51.24685287 31.11130333 8.52412033
v 50.82748795 31.11130333 7.57319164
v 50.93394470 31.13773155 7.88459444
v 51.39914322 31.15715027 8.80775070
v 51.84275436 31.11130333 9.37517452
v 52.02930069 31.18546486 9.62434864
v 52.59171295 31.11130333 10.09357452
v 52.48920441 31.26015854 10.07884979
v 52.95225143 31.42671967 10.45205116
v 53.46454620 31.11130333 10.65235996
v 53.07656097 31.48314095 10.53413105
v 53.92665482 31.48314095 10.95332241
v 54.43692780 31.11130333 11.03365326
v 54.83686829 31.48314095 11.21769619
v 55.46001053 31.11130333 11.21734810
v 55.77925110 31.48314095 11.31913567
v 56.49929047 31.11130333 11.19873047
v 56.72487640 31.48314095 11.25452709
v 57.51514053 31.11130333 10.97850990
v 57.64470673 31.48314095 11.02585411
v 58.45617676 31.11134720 10.57201290
v 58.51050186 31.48314095 10.64013767
v 52.00788879 30.79870033 9.23148918
v 52.72403336 30.79870033 9.91916466
v 53.55975342 30.79870033 10.45520020
v 54.48343277 30.79870033 10.81931782
v 55.46012497 30.79870033 10.99773979
v 56.45288086 30.79870033 10.98371887
v 57.42414474 30.79870033 10.77778435
v 58.33717346 30.79870033 10.38772583
v 53.89806366 30.79870033 1.20873868
v 54.06402206 31.11130333 0.90842152
v 54.38419342 30.79870033 1.03180218
v 54.85844040 31.11134720 0.68731171
v 54.88573456 30.79870033 0.90497816
v 55.88475800 34.07996750 0.41084826
v 55.91498566 33.21435165 0.44115928
v 55.88475800 34.07996750 1.41084826
v 55.94521332 32.34874344 0.47164044
v 55.99934006 30.79870033 0.80755019
v 55.98842239 31.11134720 0.58845103
v 55.97544098 31.48314095 0.50229174
v 55.62310410 34.07996750 1.41846156
v 55.36233902 34.07996750 1.44127572
v 55.10334015 34.07996750 1.47921336
v 56.52326965 34.07996750 0.44803730
v 56.54275513 31.48314095 0.54170066
v 57.15314484 34.07996750 0.55910146
v 57.10279846 31.48314095 0.64045125
v 57.64937973 31.48314095 0.79745209
v 57.68826675 32.34874344 0.77898771
v 57.72709656 33.21435165 0.76068330
v 57.76586914 34.07996750 0.74253887
v 56.51528549 30.79870033 0.84535581
v 56.80916977 31.11130333 0.66825241
v 57.02475357 30.79870033 0.93518883
v 57.60770798 31.11134720 0.87397480
v 57.52251434 30.79870033 1.07612658
v 58.63475800 34.07996750 1.14770854
v 58.64577866 33.21435165 1.18907261
v 58.13475800 34.07996750 2.01373386
v 58.65671921 32.34874344 1.23058403
v 58.53564072 30.79870033 1.54855478
v 58.63573456 31.11134720 1.35335040
v 58.66756821 31.48314095 1.27224255
v 57.90435410 34.07996750 1.88950133
v 57.66711807 34.07996750 1.77887583
v 57.42384720 34.07996750 1.68223143
v 58.96355820 30.79870033 1.83926749
v 59.35985184 30.79870033 2.17179942
v 59.72045898 30.79870033 2.54273462
v 60.64789581 34.07996750 3.16084838
v 60.63676071 33.21435165 3.20218205
v 59.78187180 34.07996750 3.66084838
v 60.62547684 32.34874344 3.24360061
v 60.36163712 30.79870033 3.45843220
v 60.54592133 31.11134720 3.33942747
v 60.61404800 31.48314095 3.28510404
v 59.64445114 34.07996750 3.43805790
v 59.49431229 34.07996750 3.22363472
v 59.33195877 34.07996750 3.01830411
v 59.96966171 31.48314095 2.36482763
v 60.01257324 32.34874344 2.36828113
v 59.89531326 31.11134720 2.41026402
v 60.05535126 33.21435165 2.37184405
v 60.09800339 34.07996750 2.37551641
v 60.58686829 30.79870033 3.92415595
v 60.76380539 30.79870033 4.41028500
v 60.89062881 30.79870033 4.91182613
v 59.16912842 34.07996750 1.49917066
v 59.13917542 31.48314095 1.59002912
v 59.65908813 34.07996750 1.91029322
v 59.57481003 31.48314095 1.95557094
v 59.30661774 31.11130333 1.83283257
v 60.64789581 34.07996750 8.66084862
v 60.60653305 33.21435165 8.67187119
v 59.78187180 34.07996750 8.16084862
v 60.56502151 32.34874344 8.68280792
v 60.24705124 30.79870033 8.56173038
v 60.44225693 31.11134720 8.66182518
v 60.52336502 31.48314095 8.69366074
v 59.90610504 34.07996750 7.93044472
v 60.01673126 34.07996750 7.69320726
v 60.11337280 34.07996750 7.44993877
v 60.99815369 31.48314095 7.67546940
v 61.01661682 32.34874344 7.71435690
v 60.92163086 31.11134720 7.63380051
v 60.71947861 30.79870033 7.54860497
v 61.03492355 33.21435165 7.75318718
v 61.05306625 34.07996750 7.79195929
v 61.23650360 34.07996750 7.17923546
v 61.15515518 31.48314095 7.12888908
v 61.25390625 31.48314095 6.56884623
v 61.34756851 34.07996750 6.54935932
v 61.29331589 31.48314095 6.00153160
v 61.38475800 34.07996750 5.91084814
v 61.35444641 33.21435165 5.94107628
v 61.32396698 32.34874344 5.97130394
v 60.29643631 34.07996750 9.19522095
v 60.20557785 31.48314095 9.16526508
v 59.88531113 34.07996750 9.68517685
v 59.84003448 31.48314095 9.60090065
v 59.43077850 31.48314095 9.99575329
v 59.42732620 32.34874344 10.03866291
v 59.42376328 33.21435165 10.08144283
v 59.42008972 34.07996750 10.12409306
v 61.12735367 31.11130333 6.83525944
v 61.20715332 31.11134720 6.01451492
v 60.86041641 30.79870033 7.05084562
v 60.95024872 30.79870033 6.54137707
v 60.98805618 30.79870033 6.02543259
v 59.95633698 30.79870033 8.98964882
v 59.96277237 31.11130333 9.33270931
v 59.62380600 30.79870033 9.38594437
v 59.38534164 31.11134720 9.92140579
v 59.25287247 30.79870033 9.74654770
v 58.63475800 34.07996750 10.67398834
v 58.59342194 33.21435165 10.66285229
v 58.13475800 34.07996750 9.80796242
v 58.55200577 32.34874344 10.65156841
v 58.35754776 34.07996750 9.67054367
v 58.57197189 34.07996750 9.52040291
v 58.77730179 34.07996750 9.35804844
v 57.65560150 34.07996750 11.11797047
v 56.60877609 34.07996750 11.36298466
v 55.53429031 34.07996750 11.39967060
v 54.47319412 34.07996750 11.22662544
v 54.47790909 33.12104416 11.19322968
v 54.47314835 33.11499786 11.19173908
v 54.46317673 33.10233688 11.18858624
v 54.12124252 32.66717911 11.06883812
v 53.77892685 32.24276352 10.92352390
v 53.43207932 31.84333420 10.74712753
v 60.88718414 31.11130333 4.09011364
v 61.10829544 31.11134720 4.88453197
v 60.86357498 31.48314095 3.79611754
v 61.05807495 31.48314095 4.33050394
v 61.19540024 31.48314095 4.88235664
v 60.38475800 34.07996750 5.91084814
v 60.37714386 34.07996750 5.64919662
v 60.35433197 34.07996750 5.38843012
v 60.31639099 34.07996750 5.12943125
v 61.23083496 32.34874344 4.90680265
v 61.26610184 33.21435165 4.93127823
v 61.30120087 34.07996750 4.95578337
v 60.93494797 34.07996750 3.73240948
v 61.15369797 34.07996750 4.33343029
v 52.29371262 30.07996941 6.22502422
v 52.32287598 30.07996941 5.35650110
v 52.55904007 30.07996941 4.52019501
v 52.98848343 30.07996941 3.76470876
v 53.58625031 30.07996941 3.13394833
v 54.31759644 30.07996941 2.66457105
v 55.14001846 30.07996941 2.38385558
v 56.00572586 30.07996941 2.30811620
v 56.86439896 30.07996941 2.44175458
v 57.66614151 30.07996941 2.77700400
v 58.36435699 30.07996941 3.29438090
v 58.91846466 30.07996941 3.96381760
v 59.29626465 30.07996941 4.74640846
v 59.47580338 30.07996941 5.59667253
v 59.44664001 30.07996941 6.46519518
v 59.21047592 30.07996941 7.30150127
v 58.78102875 30.07996941 8.05698776
v 58.18326569 30.07996941 8.68774796
v 57.45191956 30.07996941 9.15712547
v 56.62949371 30.07996941 9.43784046
v 55.76379013 30.07996941 9.51358032
v 54.90511322 30.07996941 9.37994194
v 54.10337448 30.07996941 9.04469299
v 53.40515900 30.07996941 8.52731514
v 52.85105133 30.07996941 7.85787916
v 52.47324753 30.07996941 7.07528782
v 50.60672379 31.73864174 4.46603489
v 50.67612457 31.80044556 4.29564095
v 50.70051193 31.85389900 4.22279787
v 50.72570419 31.90875244 4.15046310
v 50.57583237 32.02236557 4.31998587
v 50.60922241 32.06763458 4.24504900
v 50.70051193 32.52434921 3.86118770
v 50.69284439 32.18217850 4.06435776
v 50.78039551 32.30312347 3.88423681
v 50.85836411 32.19059372 3.80817389
v 51.00826645 32.49316406 3.47742677
v 51.11121750 32.69041824 3.27442408
v 51.24737930 32.93756104 3.02857780
v 50.54320145 31.97849083 4.39496851
v 50.40983582 31.96456528 4.57582998
v 50.14689636 32.13758850 4.62818050
v 51.24700928 32.93822861 3.02912235
v 51.08895493 32.72731400 3.30313396
v 50.96583176 32.55931091 3.52656531
v 50.78979492 32.04646301 3.97785926
v 49.93626785 31.98377037 4.94982290
v 50.01079559 31.87955284 5.07559252
v 50.33058548 31.69540787 5.00527287
v 50.43795395 31.59027481 4.95899200
v 50.39422989 31.54311943 5.15155458
v 50.31614685 31.48165321 5.66209507
v 50.31606674 31.46820450 5.86061430
v 50.17635345 31.58988953 5.67494154
v 49.95973587 31.68245697 5.86015272
v 49.78005219 31.73728752 5.69160175
v 49.54709625 31.73327827 5.85794306
v 49.65031433 31.77037048 5.55995464
v 49.93447113 31.82231140 5.24926805
v 49.77553177 31.85639572 5.25701952
v 50.27724075 31.64902306 5.19089508
v 51.60950089 31.33691597 9.25415802
v 51.84952164 31.55011368 9.76437283
v 51.34838867 31.66180611 9.43288708
v 51.57739258 31.78584862 9.99947166
v 51.21413040 31.74686623 9.52958679
v 51.03694153 31.80753708 9.66022301
v 50.87885666 31.72298241 9.04013824
v 50.69100571 31.78167534 9.15236187
v 50.59352493 31.70340538 8.51914501
v 50.39672470 31.76049042 8.61225128
v 50.36030197 31.68826866 7.97217512
v 50.15626144 31.74412346 8.04558086
v 50.07748413 31.67260170 6.93315029
v 49.86469269 31.72720146 6.96978760
v 49.57276535 31.73088455 6.46517467
v 51.26323318 31.84908295 10.28617859
v 50.87292480 31.81860924 9.82149506
v 50.52911758 31.79245758 9.32137489
v 50.23366928 31.77075195 8.79084492
v 49.98844528 31.75362015 8.23493195
v 49.79531097 31.74118042 7.65866470
v 49.65613174 31.73356056 7.06706953
v 50.23865509 31.59385490 6.90568256
v 50.55348206 31.28739357 6.85319853
v 50.81636810 31.29784966 7.81462097
v 51.03312302 31.30794525 8.32048512
v 51.29819489 31.32099724 8.80206490
v 51.02116013 31.63997078 8.95689774
v 50.74259186 31.62206268 8.44994736
v 50.51484299 31.60820770 7.91750145
v 52.87512589 32.39721680 10.83762074
v 52.38763046 32.19287872 10.74287033
v 52.92341614 32.24750519 10.73671913
v 52.63691330 32.01630020 10.56912899
v 53.06608963 32.11872482 10.68745327
v 52.87641525 31.76956177 10.49656200
v 53.22394180 31.95038605 10.67385292
v 53.58317947 32.26192093 10.85434246
v 53.76437759 32.42951965 10.93503094
v 53.94653320 32.60283661 11.00964355
v 53.87654114 32.67265320 11.00269508
v 54.05673981 32.80561829 11.06309128
v 54.01377487 32.84686661 11.06090832
v 54.24231339 32.98144531 11.12584877
v 53.91875076 32.86408997 11.04993248
v 54.45404816 33.11005783 11.18645668
v 54.47106552 33.11703873 11.19121265
v 54.46227646 33.11384583 11.18879223
v 54.47050858 33.11763000 11.19113445
v 54.47420883 33.11933899 11.19218445
v 54.10570526 32.75696945 11.06977177
v 54.26392365 32.96039963 11.12891197
v 54.28867340 32.93581772 11.13334751
v 54.47241211 33.11571884 11.19153023
v 53.81486511 32.73116684 11.00421906
v 53.38896942 32.62371445 10.93681431
v 53.58771515 32.60152435 10.93875122
v 53.36292648 32.47679520 10.87260342
v 53.46671295 32.38081360 10.85305405
v 54.47167206 33.11643600 11.19134045
v 53.67070007 32.52381134 10.92979622
v 52.23081207 32.12902451 10.70782375
v 52.41824341 32.09585953 10.63368607
v 52.49288177 31.96704102 10.51757622
v 52.68830109 31.87541771 10.48909473
v 52.74435425 31.72224045 10.42842293
v 52.79449463 31.76058197 10.46406937
v 52.38921738 31.40807724 10.06969929
v 52.13970184 31.71772003 10.18014622
v 52.01880646 31.81227303 10.25955296
v 51.73725510 31.94233513 10.52119827
v 52.25148010 32.33883667 10.91341877
v 52.83916855 32.49712753 10.90302372
v 53.40542221 32.77321625 10.98817253
v 53.90731812 33.06175613 11.07457542
v 54.45313263 33.11847305 11.18660641
v 53.35038757 33.00375366 11.02376175
v 52.82687378 32.71473312 10.99502468
v 52.25463867 32.59927368 11.05082130
v 52.79154205 32.94543457 11.03500366
v 52.24001694 32.88775253 11.10811615
v 45.75477600 31.43033600 11.71664715
v 39.30980301 30.85923576 12.94735050
v 32.80149078 30.21315384 13.81154919
v 32.86483002 30.28813553 14.17805290
v 32.90655518 30.49573326 14.49288845
v 39.35152817 31.06683350 13.26218605
v 32.92065430 30.80606270 14.71073246
v 39.36562729 31.37716293 13.48003006
v 32.90510178 31.17444992 14.80022430
v 45.81060028 31.94826508 12.24932766
v 45.79650116 31.63793373 12.03148365
v 29.97976112 31.04506874 15.36345291
v 29.96340370 30.67323303 15.27917957
v 30.95588684 31.05945396 15.17449093
v 31.44599152 30.85184669 15.04433537
v 31.93127441 31.10259247 14.98669529
v 31.81428528 30.87032509 14.97354794
v 32.18236923 30.89287186 14.90294456
v 31.80677986 30.60909081 14.85932255
v 32.17771149 30.63196754 14.78833008
v 31.78435326 30.38945389 14.67940521
v 32.15773392 30.41254997 14.60817814
v 31.75928688 30.26724243 14.51377678
v 32.13406754 30.29040146 14.44248390
v 31.71938133 30.16748428 14.27738380
v 32.09537125 30.19058609 14.20612144
v 31.79876328 30.13918304 14.00054836
v 31.43563652 30.59031296 14.93050098
v 29.92169380 30.36063004 15.06430340
v 31.41075897 30.37048149 14.75081825
v 31.38428688 30.24822617 14.58525562
v 29.86070824 30.15278435 14.75011635
v 31.34317398 30.14853668 14.34883308
v 29.78932571 30.07996941 14.38237286
v 30.79442596 30.09477615 14.19087696
v 11.65592289 30.67323303 18.83280182
v 17.75841713 30.67323303 17.64826012
v 11.67228127 31.04506874 18.91707420
v 23.86091042 30.67323303 16.46372032
v 23.81920052 30.36063004 16.24884415
v 23.75821495 30.15278435 15.93465614
v 17.65572166 30.15278435 17.11919594
v 11.48184586 30.07996941 17.93599510
v 11.55322742 30.15278435 18.30373764
v 11.61421394 30.36063004 18.61792564
v 17.71670723 30.36063004 17.43338394
v 9.26684475 31.04502678 19.29762459
v 8.05564976 31.04506874 19.42487335
v 8.96047592 30.78796959 19.29018974
v 8.04816818 30.67323303 19.33935547
v 8.94829559 30.55057907 19.18325424
v 8.02909088 30.36063004 19.12130165
v 8.93380451 30.38660812 19.05602646
v 8.90816402 30.21232796 18.83088112
v 9.38407135 30.38660431 19.00175285
v 9.35548973 30.21232605 18.77696228
v 9.83359051 30.38660240 18.94160461
v 9.80207157 30.21232605 18.71720695
v 9.76502991 30.10722160 18.45349312
v 10.31670952 30.07996941 18.14117622
v 9.14513683 30.07996941 18.30567360
v 9.32189846 30.10722160 18.51278687
v 8.87802792 30.10722160 18.56628609
v 8.00119686 30.15278435 18.80246735
v 7.96854734 30.07996941 18.42928505
v 9.85140133 30.55057144 19.06841087
v 9.86637211 30.78796005 19.17499352
v 10.47287560 31.04502678 19.12828827
v 9.41380119 30.78796196 19.23554993
v 9.40022373 30.55057335 19.12878036
v 2.80065155 31.04506874 19.88462639
v 2.79316950 30.67323303 19.79910851
v 2.77409220 30.36063004 19.58105278
v 2.74619794 30.15278435 19.26222038
v 2.71354890 30.07996941 18.88903809
v 0.90984362 31.04506874 3.23194814
v 1.33747756 31.04506874 3.16047192
v 0.78403372 30.78837395 3.31082416
v 1.34495950 30.67323303 3.24599075
v 0.81448472 30.55125999 3.41364717
v 1.36403668 30.36063004 3.46404481
v 0.85091966 30.38660049 3.53675008
v 0.91503024 30.21253586 3.75353789
v 0.38084316 30.38660049 3.72383118
v 0.48274076 30.21253586 3.92572284
v -0.03349817 30.38660049 3.97545457
v 0.09736252 30.21253586 4.15976906
v -0.39525896 30.38660049 4.26872206
v -0.24258395 30.21253586 4.43546772
v -0.98619246 30.38660049 4.93113184
v -0.80497205 30.21253586 5.06635857
v -1.44553423 30.38660049 5.65147591
v -1.24725783 30.21253586 5.75997734
v -1.80601180 30.38660049 6.40160227
v -1.59655654 30.21253586 6.48758125
v -2.08222270 30.38660049 7.17269468
v -1.86580157 30.21253586 7.23939371
v -2.28821087 30.38660049 7.95652390
v -2.06749296 30.21253586 8.00621414
v -2.43560886 30.38660049 8.74645233
v -2.21205115 30.21253586 8.78060436
v -2.57483101 30.38660049 10.33544540
v -2.34873533 30.21253586 10.34156799
v -2.53050590 30.38660049 11.92445374
v -2.30496478 30.21253586 11.90475082
v -2.30353379 30.38660049 13.49726391
v -2.08179832 30.21253586 13.45196438
v -2.11842036 30.38660049 14.27232742
v -1.90003765 30.21253586 14.21373081
v -1.88387966 30.38660049 15.03701973
v -1.66993964 30.21253586 14.96448231
v -1.43654013 30.38660049 16.15993690
v -1.23152375 30.21253586 16.06476593
v -0.85678804 30.38660049 17.23826408
v -0.66552299 30.21253586 17.11719131
v -0.50302285 30.38660049 17.74988937
v -0.32223609 30.21253586 17.61393738
v -0.09840518 30.38660049 18.23694611
v 0.06845805 30.21253586 18.08442497
v 0.36468124 30.38660049 18.69217491
v 0.51295650 30.21253586 18.52122498
v 0.90143031 30.38660049 19.09445381
v 1.02290630 30.21253586 18.90373802
v 1.30888295 30.38660049 19.32031059
v 1.40579331 30.21253586 19.11607742
v 1.76048601 30.38660049 19.49608612
v 1.82581389 30.21253586 19.27957153
v 2.25598764 30.38660049 19.59860992
v 2.28149629 30.21253586 19.37398338
v 2.31150889 30.10742569 19.11001587
v 2.15130329 30.07996941 18.85324860
v 1.90264297 30.10742569 19.02513504
v 1.61782181 30.07996941 18.66998291
v 1.51975501 30.10742569 18.87607956
v 1.16574705 30.10742569 18.67963219
v 1.39193106 30.15278435 3.78287864
v 0.99040556 30.10742569 4.00829077
v 0.60254455 30.10742569 4.16296387
v 0.25122049 30.10742569 4.37634373
v -0.06308114 30.10742569 4.63138819
v -0.59192872 30.10742569 5.22523546
v -1.01418686 30.10742569 5.88745165
v -1.35036349 30.10742569 6.58859301
v -1.61143529 30.10742569 7.31775284
v -1.80808711 30.10742569 8.06458950
v -1.94931400 30.10742569 8.82071972
v -2.08301973 30.10742569 10.34874630
v -2.03989935 30.10742569 11.88158798
v -1.82119870 30.10742569 13.39873505
v -1.64337325 30.10742569 14.14488220
v -1.41848993 30.10742569 14.87925816
v -0.99054891 30.10742569 15.95294952
v -0.44069362 30.10742569 16.97493935
v -0.10971205 30.10742569 17.45419693
v 0.26462862 30.10742569 17.90521240
v 0.68729126 30.10742569 18.32035637
v 1.42458022 30.07996941 4.15605974
v 0.87726051 30.07996941 4.28902292
v 0.38355002 30.07996941 4.56228828
v -0.04377555 30.07996941 4.93042183
v -0.40875632 30.07996941 5.36159754
v -0.98575348 30.07996941 6.33144712
v -1.39288116 30.07996941 7.38499451
v -1.66086519 30.07996941 8.48383522
v -1.81224179 30.07996941 9.60275269
v -1.85987115 30.07996941 10.73176956
v -1.81220150 30.07996941 11.86167336
v -1.66761518 30.07996941 12.98288918
v -1.42286313 30.07996941 14.08578396
v -1.07469654 30.07996941 15.16072369
v -0.61904639 30.07996941 16.19697571
v -0.03806976 30.07996941 17.16538048
v 0.30854192 30.07996941 17.61027336
v 0.69751203 30.07996941 18.02092552
v 1.13265753 30.07996941 18.38190079
v 2.24147344 30.55125999 19.72616768
v 2.22933221 30.78837395 19.83271599
v 2.36698675 31.04506874 19.88852692
v 1.94605672 31.04506874 19.83082390
v 1.69228613 30.78837395 19.72173691
v 1.72334135 30.55125999 19.61903763
v 1.25378883 30.55125999 19.43628311
v 1.18932259 31.04506874 19.57218742
v 1.20773172 30.78837395 19.53314781
v 0.83237767 30.55125999 19.20274353
v 0.77465594 30.78837395 19.29319000
v 0.55090111 31.04506874 19.19477844
v 0.20997471 30.78837395 18.87029648
v 0.01159106 31.04506874 18.74806023
v -0.27246875 30.78837395 18.39585876
v -0.45139977 31.04506874 18.25863838
v -0.69158047 30.78837395 17.89152908
v -0.85402203 31.04506874 17.74317551
v -1.05625021 30.78837395 17.36439133
v -1.50828314 31.04506874 16.65335846
v -1.65030563 30.78837395 16.25907516
v -2.00827599 31.04506874 15.51325321
v -2.10692263 30.78837395 15.11258221
v -2.38776875 31.04506874 14.34458828
v -2.34608173 30.78837395 14.33337307
v -2.53467989 30.78837395 13.54446602
v -2.42947221 30.55125999 13.52298450
v -2.65860057 30.55125999 11.93564987
v -2.65302658 31.04506874 13.15437794
v -2.76560640 30.78837395 11.94500542
v -2.70323920 30.55125999 10.33198166
v -2.80867696 31.04506874 11.94875813
v -2.85934687 31.04506874 10.73386765
v -2.81050611 30.78837395 10.32909679
v -2.80757451 31.04506874 9.51570415
v -2.66864705 30.78837395 8.71089554
v -2.64300156 31.04506874 8.29942322
v -2.51830101 30.78837395 7.90477371
v -2.34915543 31.04506874 7.09044647
v -2.30785346 30.78837395 7.10322380
v -2.02440715 30.78837395 6.31204605
v -1.92499626 30.55125999 6.35279846
v -1.55818224 30.55125999 5.58988571
v -1.88941169 31.04506874 5.90406752
v -1.65230775 30.78837395 5.53845549
v -1.08916748 30.55125999 4.85436773
v -1.58069146 31.04506874 5.32667732
v -1.17522097 30.78837395 4.79026556
v -0.48202747 30.55125999 4.17405653
v -1.20973492 31.04506874 4.76437473
v -0.75741893 31.04506874 4.23078680
v -0.55454630 30.78837395 4.09499931
v -0.19492929 31.04506874 3.74815130
v -0.17003158 30.78837395 3.78340530
v 0.27453071 30.78837395 3.51344204
v 0.32293183 30.55125999 3.60919237
v 0.50550008 31.04506874 3.36190391
v -0.10787126 30.55125999 3.87080574
v -2.20515275 30.55125999 7.13483572
v -2.41357327 30.55125999 7.92832136
v -2.56257915 30.55125999 8.72707367
v -2.24245882 30.55125999 14.30559254
v -2.00539994 30.55125999 15.07819653
v -1.55300236 30.55125999 16.21396255
v -0.96545279 30.55125999 17.30699539
v -0.60574383 30.55125999 17.82707214
v -0.19322638 30.55125999 18.32353973
v 0.28040931 30.55125999 18.78923416
v 25.48902893 30.67323303 1.13365841
v 17.44100571 30.67323303 1.83776915
v 25.48154640 31.04506874 1.04813969
v 9.39298248 30.67323303 2.54187989
v 9.41205978 30.36063004 2.75993419
v 9.43995380 30.15278435 3.07876801
v 17.48797607 30.15278435 2.37465715
v 25.56864929 30.07996941 2.04372764
v 25.53599930 30.15278435 1.67054641
v 25.50810623 30.36063004 1.35171258
v 17.46008301 30.36063004 2.05582333
v 28.32049561 31.04292297 1.64516973
v 29.12903976 31.04506874 2.19818997
v 28.69236565 30.78698349 1.92448294
v 29.07386017 30.67323303 2.26395130
v 28.63199615 30.54990387 2.01371336
v 28.93316078 30.36063004 2.43162847
v 28.55972290 30.38521004 2.12052512
v 28.43247032 30.21128464 2.30855274
v 28.14210510 30.38487053 1.87078905
v 28.03498268 30.21113396 2.07079434
v 27.24144745 30.38463402 1.50456715
v 27.17771149 30.21102905 1.72217488
v 26.81547928 30.38471985 1.40023470
v 26.77225304 30.21106720 1.62287986
v 26.59941292 30.38480759 1.36270726
v 26.56658936 30.21110535 1.58717263
v 26.38188362 30.38492584 1.33512449
v 26.35953140 30.21115875 1.56093574
v 26.34675980 30.14960098 1.68990135
v 26.33326340 30.10666847 1.82608604
v 26.52803040 30.10665703 1.85072827
v 26.35228348 30.07996941 2.05226898
v 26.72148705 30.10664940 1.88428831
v 27.11915398 30.07996941 2.21351933
v 27.10287666 30.10664177 1.97766221
v 27.90921593 30.10666275 2.30564833
v 27.14131355 30.14953232 1.84644115
v 27.97380638 30.14958763 2.18502164
v 28.72743607 30.15278435 2.67680240
v 28.35978889 30.14966774 2.41595531
v 28.28304291 30.10669136 2.52937913
v 28.48664284 30.07996941 2.96376777
v 27.83982849 30.07996941 2.52128959
v 26.39459610 30.54948044 1.20681632
v 26.40523148 30.78638458 1.09956527
v 26.46106529 31.04292297 1.05889380
v 27.41964531 31.04219818 1.26048291
v 26.86061096 30.78594780 1.16787708
v 26.63368988 30.78613472 1.12849367
v 26.61807823 30.54930496 1.23514676
v 28.25383949 30.78626633 1.66210854
v 27.30797958 30.78576660 1.27742207
v 27.27767563 30.54904556 1.38087785
v 26.84005356 30.54917336 1.27369595
v 28.20296669 30.54939842 1.75712979
v 26.74756432 30.14955139 1.75002646
v 26.54784012 30.14957237 1.71536326
v 29.45678520 31.04506874 2.47320032
v 30.61232185 31.06180763 3.44204807
v 30.01545143 30.82433319 2.98717785
v 30.56487274 30.69513130 3.51136732
v 29.94519806 30.56355858 3.07548523
v 30.43323517 30.38528252 3.67921185
v 29.83160019 30.34401321 3.21477199
v 29.72567368 30.22146034 3.34323096
v 29.68462372 30.34117889 3.09293795
v 29.57810402 30.21867561 3.22154927
v 29.53763390 30.33887863 2.97106981
v 29.43051910 30.21642685 3.09983444
v 29.26090622 30.36063004 2.70663905
v 29.05518150 30.15278435 2.95181298
v 29.27693558 30.11657524 3.28380537
v 28.81438828 30.07996941 3.23877811
v 29.42516327 30.11851120 3.40522432
v 29.57337952 30.12098503 3.52661085
v 30.23603439 30.17610550 3.92183065
v 30.00117874 30.09719849 4.20489120
v 29.65293503 30.55880356 2.83170390
v 29.40160370 30.67323303 2.53896165
v 29.72480774 30.82037735 2.74375176
v 29.87013435 30.82209206 2.86548185
v 29.79907227 30.56091690 2.95361209
v 30.47198296 30.11379051 4.55131531
v 30.38801003 30.14431953 4.18399763
v 30.52767372 30.24624062 3.99495482
v 30.62394333 30.36894226 3.86220288
v 30.72581673 30.58731842 3.71760821
v 30.83914185 30.37900734 4.01443720
v 30.93237305 30.59704971 3.86472750
v 31.29139137 30.40474701 4.28665924
v 31.36646652 30.62221909 4.12785053
v 31.75354385 30.43754959 4.50726128
v 31.81002617 30.65461731 4.34112597
v 32.24107361 30.50349998 4.65777397
v 32.28200912 30.81036568 4.44999743
v 31.83844757 30.91109848 4.23375654
v 32.27963257 31.17269707 4.36210585
v 31.40218163 31.09984970 3.98288202
v 31.40849304 30.87928963 4.02534056
v 30.98748207 30.85502625 3.76843309
v 30.78705025 30.84584427 3.62483382
v 31.69653893 30.31510735 4.65938091
v 32.16250992 30.29475784 4.95655155
v 31.61050415 30.21257019 4.87576389
v 32.05724335 30.21315384 5.30479574
v 31.50502586 30.17071915 5.10384226
v 31.11059952 30.17974472 4.63906002
v 30.97493553 30.13794708 4.85182381
v 30.62109375 30.15421295 4.34719610
v 30.75041389 30.25635147 4.15174961
v 31.21839905 30.28218842 4.43212461
v 33.09517670 31.25715828 4.55057335
v 33.51213455 31.30120087 4.59297752
v 33.21318436 31.01510239 4.60902452
v 33.53879929 30.93370438 4.67931938
v 33.22008896 30.78126907 4.71584892
v 33.55260468 30.62383842 4.89614248
v 33.21844101 30.61856461 4.84223175
v 33.20589066 30.44490433 5.06417561
v 33.05254745 30.60316467 4.82004166
v 33.03297806 30.42951012 5.04078817
v 32.88743210 30.58789444 4.79260302
v 32.86088943 30.41423607 5.01193666
v 32.82156754 30.30663872 5.26896429
v 32.54162216 30.25435066 5.43868685
v 33.03565598 30.29669952 5.53156471
v 33.00174713 30.32221794 5.29963732
v 33.18281555 30.33791924 5.32459879
v 33.55158234 30.41598320 5.21239376
v 33.53587341 30.33990669 5.58277893
v 32.89716339 30.75023460 4.66739798
v 32.89727783 30.98329353 4.56104183
v 32.68338013 31.21422386 4.47343588
v 33.05485153 30.99912262 4.58753395
v 33.05824661 30.76568222 4.69418335
v 46.70230103 32.44474411 5.38726187
v 40.13388062 31.50547600 5.07646179
v 46.72896576 32.07724762 5.47360373
v 40.14768982 31.19561005 5.29328489
v 46.74277115 31.76737976 5.69042683
v 40.14666367 30.98775291 5.60953569
v 46.74174881 31.55952454 6.00667810
v 46.72603989 31.48344803 6.37706327
v 50.85723495 32.89356232 3.57061052
v 50.68711472 32.60275650 3.83515644
v 50.39503098 32.83893585 4.05938101
v 50.32571411 32.56219482 4.18510962
v 49.93181229 32.51900482 4.49798393
v 50.41391754 32.32028961 4.26038837
v 50.01245499 32.27826691 4.58033466
v 50.10074234 32.11309814 4.68326902
v 49.36116028 32.04012299 5.12911940
v 49.47601318 31.86845779 5.33300352
v 48.46907806 31.95425034 5.47300005
v 48.54496384 31.78207970 5.69052982
v 48.23718643 31.93225288 5.53304482
v 48.30301285 31.75991440 5.75285816
v 48.00273895 31.91013718 5.58253193
v 48.05842590 31.73761559 5.80417490
v 47.52818298 31.86573601 5.64946985
v 47.56342697 31.69280624 5.87340307
v 47.59623337 31.58847809 6.13715506
v 47.44889832 31.54645348 6.37644672
v 48.16944504 31.60992622 6.28826284
v 48.11525726 31.63450241 6.06565237
v 48.37178421 31.65739250 6.01239586
v 49.60279083 31.76870346 5.57481670
v 48.62559128 31.68013954 5.94759274
v 48.87345505 31.67261124 6.11425161
v 47.50249100 32.02902603 5.52285337
v 47.96546555 32.07362366 5.45758247
v 48.19419861 32.09585953 5.40931797
v 48.42044067 32.11798859 5.35075235
v 49.29081726 32.20452118 5.01530313
v 47.47232819 32.26467514 5.41733885
v 47.37374878 32.51255417 5.38167238
v 48.03853607 32.58116913 5.28606987
v 47.92565155 32.30998611 5.35409832
v 48.14966202 32.33260345 5.30717802
v 48.68444443 32.64931870 5.10243893
v 48.37126923 32.35513687 5.25016928
v 49.22416687 32.44345474 4.92297220
v 49.29934311 32.71575165 4.83294249
v 49.87264252 32.77931213 4.48271990
v 32.30117798 30.17507172 13.51011467
v 32.71293259 30.20775414 13.51505756
v 32.73345184 30.20954132 13.51101112
v 31.52448463 30.13059235 12.62429619
v 31.64708328 30.13540649 13.02333927
v 31.92001724 30.15005684 13.33522606
v 31.02276039 30.13059235 6.88955069
v 31.30462265 30.15114975 6.10437679
v 31.07816315 30.13568306 6.46412563
v 31.66677094 30.17759705 5.86947536
v 32.08454514 30.21170044 5.80808496
v 32.09015274 30.21218491 5.80845642
v 32.09576416 30.21266937 5.80882835
v 32.10137558 30.21315384 5.80920029
v 32.75397110 30.21134186 13.50696373
v 32.77448654 30.21315384 13.50291729
v 52.80949783 33.03574753 11.03683090
v 52.80918121 33.18030548 11.04201794
v 52.80886078 33.32486343 11.04720497
v 53.38374329 33.18139267 11.03129959
v 53.38328552 33.32595062 11.03646469
v 53.93524170 33.18022156 11.08293915
v 53.93465424 33.32477951 11.08805275
v 53.93406296 33.46933746 11.09316730
v 53.93343735 33.62282944 11.09859753
v 53.38233948 33.62400055 11.04711437
v 53.38185120 33.77749252 11.05259895
v 52.80787277 33.77640533 11.06340694
v 53.36015320 34.07994843 11.06266117
v 52.79567337 34.07995605 11.07519341
v 53.38420105 33.03683853 11.02613449
v 53.93281174 33.77632523 11.10402775
v 53.92248535 34.07995605 11.11342335
v 52.23855972 34.07996750 11.15080929
v 52.80854416 33.46941757 11.05239201
v 52.80820847 33.62291336 11.05789948
v 53.38282394 33.47050858 11.04162979
v 11.68703651 34.07996750 19.02216911
v 48.77180862 31.65765381 6.91417360
v 49.08362198 31.68427658 6.98678493
v 49.33658600 31.70517921 7.13668013
v 49.56528854 31.72308540 7.40260649
v 49.66937256 31.73030663 7.64535666
v 49.79184341 31.73799515 8.03672981
v 49.93885040 31.74788857 8.41956234
v 50.10980988 31.75994682 8.79231548
v 50.20551300 31.76584816 9.11228657
v 50.18671417 31.76145744 9.47321129
v 50.09129333 31.75125122 9.72094822
v 49.91610718 31.73421288 9.95303822
v 49.68227005 31.71252632 10.12445068
v 49.40971375 31.68803215 10.22142792
v 9.28160095 34.07996750 19.40271950
v 10.48763180 34.07996750 19.23338509
v 0.84499794 31.42450905 3.23443389
v 0.84160858 31.80403328 3.22163987
v 0.83824444 32.18355942 3.20885825
v 0.36074913 31.80403328 3.39582109
v 0.35534960 32.18355942 3.38380241
v -0.10325826 31.80403328 3.65452862
v -0.11047129 32.18355942 3.64351153
v -0.54626095 31.80403328 3.99567842
v -0.55501765 32.18355942 3.98579836
v -0.96406603 31.80403328 4.41702652
v -0.97405297 32.18355942 4.40831995
v -1.35195589 31.80403328 4.91424990
v -1.36287534 32.18355942 4.90670347
v -1.70484579 31.80403328 5.48157120
v -1.71645725 32.18355942 5.47515726
v -2.01764369 31.80403328 6.11318302
v -2.02976441 32.18355942 6.10786057
v -2.28527331 31.80403328 6.80326796
v -2.29777837 32.18355942 6.79898167
v -2.50419712 31.80403328 7.54495621
v -2.51700187 32.18355942 7.54164410
v -2.67368698 31.80403328 8.32945633
v -2.68671465 32.18355942 8.32706547
v -2.79331398 31.80403328 9.14777279
v -2.80649209 32.18355942 9.14625931
v -2.88126206 31.80403328 10.84987640
v -2.89454079 32.18355942 10.85002041
v -2.76460743 31.80403328 12.57930470
v -2.77775025 32.18355942 12.58104038
v -2.58226681 31.80403328 13.66117954
v -2.59521580 32.18355942 13.66392708
v -2.31577492 31.80403328 14.70654678
v -2.32845354 32.18355942 14.71032810
v -1.97130549 31.80403328 15.69769096
v -1.98361564 32.18355942 15.70254517
v -1.55734658 31.80403328 16.61717033
v -1.56915891 32.18355942 16.62314987
v -1.08240080 31.80403328 17.44762993
v -1.09355402 32.18355942 17.45480537
v -0.55529374 31.80403328 18.17467880
v -0.56556445 32.18355942 18.18310356
v 0.01475983 31.80403328 18.78748703
v 0.00569317 32.18355942 18.79717445
v 0.61852211 31.80403328 19.27544022
v 0.61108112 32.18355942 19.28635216
v 1.15558469 31.80403328 19.58712006
v 1.14992404 32.18355942 19.59900093
v 1.70345604 31.80403328 19.79788208
v 1.69987655 32.18355942 19.81054878
v 2.25497031 31.80403328 19.90632057
v 2.25369024 32.18355942 19.91946793
v 0.36617857 31.42450905 3.40785432
v -0.09602287 31.42450905 3.66555643
v -0.53749388 31.42450905 4.00556326
v -0.95407742 31.42450905 4.42573404
v -1.34103799 31.42450905 4.92179537
v -1.69323575 31.42450905 5.48798418
v -2.00552249 31.42450905 6.11850595
v -2.27276564 31.42450905 6.80755615
v -2.49138904 31.42450905 7.54827023
v -2.66065669 31.42450905 8.33184910
v -2.78013444 31.42450905 9.14928913
v -2.86798453 31.42450905 10.84973431
v -2.75146747 31.42450905 12.57756901
v -2.56931973 31.42450905 13.65843105
v -2.30309558 31.42450905 14.70276356
v -1.95899129 31.42450905 15.69283581
v -1.54552889 31.42450905 16.61118889
v -1.07124555 31.42450905 17.44045639
v -0.54502696 31.42450905 18.16625595
v 0.02382064 31.42450905 18.77780151
v 0.62596619 31.42450905 19.26452446
v 1.16126645 31.42450905 19.57522583
v 1.70707250 31.42450905 19.78519440
v 2.25628543 31.42450905 19.89315414
v 2.25242782 32.56308365 19.93260956
v 2.31810021 34.07996750 19.99214363
v 1.82391381 34.07996750 19.91251755
v 1.69631565 32.56308365 19.82320595
v 1.33208835 34.07996750 19.75209045
v 1.14427400 32.56308365 19.61087418
v 0.84736043 34.07996750 19.51240730
v 0.60364157 32.56308365 19.29726028
v 0.37439811 34.07996750 19.19577789
v -0.00337642 32.56308365 18.80685997
v -0.08224361 34.07996750 18.80525208
v -0.51816708 34.07996750 18.34458923
v -0.57583714 32.56308365 18.19153023
v -0.92917407 34.07996750 17.81822777
v -1.10470641 32.56308365 17.46197891
v -1.31130648 34.07996750 17.23123360
v -1.58096874 32.56308365 16.62912941
v -1.66088390 34.07996750 16.58926392
v -1.97454000 34.07996750 15.89849663
v -1.99592364 32.56308365 15.70739841
v -2.24925399 34.07996750 15.16558743
v -2.34113169 32.56308365 14.71410942
v -2.67167354 34.07996750 13.60191250
v -2.60816574 32.56308365 13.66667461
v -2.79089427 32.56308365 12.58277607
v -2.91190910 34.07996750 11.95832825
v -2.90782022 32.56308365 10.85016537
v -2.96072865 34.07996750 10.29799747
v -2.81966925 32.56308365 9.14474678
v -2.81625605 34.07996750 8.68472481
v -2.69974113 32.56308365 8.32467651
v -2.67298388 34.07996750 7.91524696
v -2.52980542 32.56308365 7.53833389
v -2.48404336 34.07996750 7.18050909
v -2.31028247 32.56308365 6.79469585
v -2.25125384 34.07996750 6.48758745
v -2.04188514 32.56308365 6.10253811
v -1.97685719 34.07996750 5.84315491
v -1.72806942 32.56308365 5.46874285
v -1.66349614 34.07996750 5.25341845
v -1.37379575 32.56308365 4.89915609
v -1.31418860 34.07996750 4.72405720
v -0.98403907 32.56308365 4.39961338
v -0.93229842 34.07996750 4.26016903
v -0.56376910 32.56308365 3.97592068
v -0.52150351 34.07996750 3.86622143
v -0.11767316 32.56308365 3.63249969
v -0.08575997 34.07996750 3.54600859
v 0.34996507 32.56308365 3.37179112
v 0.37073568 34.07996750 3.30261397
v 0.83489281 32.56308365 3.19608307
v 0.84358716 34.07996750 3.13838220
v 1.32824063 34.07996750 3.05489421
v 25.51604080 34.07996750 0.93873590
v 29.16353416 34.07996750 2.08878613
v 28.35501480 34.07996750 1.53568852
v 27.45417404 34.07996750 1.15097558
v 26.49558449 34.07996750 0.94941270
v 30.65353775 34.07996750 3.33904791
v 52.39308929 32.11486816 5.36742926
v 52.47791290 32.48670578 5.38063049
v 52.36450195 32.11486816 6.21883059
v 52.45001984 32.48670578 6.21134901
v 52.54050064 32.11486816 7.05233335
v 52.62174225 32.48670578 7.02460289
v 52.91085434 32.11486816 7.81949759
v 52.98309708 32.48670578 7.77312994
v 53.45404053 32.11486816 8.47573757
v 53.51308823 32.48670578 8.41342735
v 54.13848877 32.11486816 8.98291588
v 54.18091202 32.48670578 8.90828514
v 54.92442703 32.11486816 9.31155586
v 54.94775772 32.48670578 9.22894192
v 55.76617432 32.11486816 9.44256020
v 55.76905441 32.48670578 9.35676289
v 56.61481476 32.11486816 9.36831379
v 56.59708023 32.48670578 9.28432083
v 57.42102432 32.11486816 9.09313202
v 57.38370514 32.48670578 9.01582336
v 58.13795471 32.11486816 8.63300800
v 58.08321762 32.48670578 8.56687737
v 58.72393799 32.11486816 8.01468086
v 58.65496445 32.48670578 7.96357203
v 59.14491653 32.11486816 7.27408743
v 59.06571579 32.48670578 7.24097013
v 59.37642670 32.11486816 6.45426750
v 59.29160309 32.48670578 6.44106579
v 59.40501404 32.11486816 5.60286570
v 59.31949234 32.48670578 5.61034775
v 59.22901535 32.11486816 4.76936293
v 59.14777374 32.48670578 4.79709339
v 58.85866165 32.11486816 4.00219917
v 58.78641510 32.48670578 4.04856682
v 58.31547546 32.11486816 3.34595919
v 58.25642776 32.48670578 3.40826869
v 57.63102722 32.11486816 2.83878112
v 57.58860397 32.48670578 2.91341186
v 56.84508896 32.11486816 2.51014042
v 56.82175827 32.48670578 2.59275484
v 56.00334167 32.11486816 2.37913656
v 56.00046158 32.48670578 2.46493340
v 55.15470123 32.11486816 2.45338273
v 55.17243576 32.48670578 2.53737617
v 54.34848785 32.11486816 2.72856450
v 54.38581085 32.48670578 2.80587268
v 53.63156128 32.11486816 3.18868899
v 53.68629837 32.48670578 3.25481915
v 53.04557800 32.11486816 3.80701542
v 53.11455154 32.48670578 3.85812449
v 52.62459946 32.11486816 4.54760885
v 52.70380020 32.48670578 4.58072662
v 53.52458572 33.07996750 6.83406210
v 53.13179016 33.00715256 6.85051060
v 53.36008835 33.07996750 6.13172817
v 52.98690796 33.00715256 6.16437721
v 53.01044083 33.00715256 5.46350956
v 52.66807556 32.79930878 6.19227171
v 52.69419861 32.79930878 5.41429138
v 53.43666077 33.00715256 7.48203421
v 53.88028717 33.07996750 7.46160221
v 53.88380814 33.00715256 8.02224636
v 54.39838028 33.07996750 7.96351004
v 54.44724274 33.00715256 8.43975163
v 55.03689194 33.07996750 8.29912376
v 55.09421921 33.00715256 8.71028614
v 55.74409103 33.07996750 8.44125271
v 55.78713989 33.00715256 8.81812763
v 56.46268845 33.07996750 8.37838364
v 56.48573303 33.00715256 8.75700855
v 57.14940262 33.00715256 8.53048134
v 57.28854370 32.79930878 8.81870461
v 57.94364929 32.79930878 8.39825916
v 57.13446045 33.07996750 8.11561012
v 57.73957443 33.00715256 8.15170956
v 58.47909546 32.79930878 7.83325481
v 57.70499420 33.07996750 7.67421913
v 58.22195053 33.00715256 7.64270830
v 58.86377335 32.79930878 7.15652704
v 58.12805939 33.07996750 7.08997059
v 58.56849670 33.00715256 7.03305674
v 59.07531738 32.79930878 6.40740538
v 58.36938858 33.07996750 6.41019678
v 58.75907135 33.00715256 6.35818720
v 59.10144043 32.79930878 5.62942505
v 58.40942383 33.07996750 5.68996859
v 58.78260422 33.00715256 5.65731955
v 58.94062042 32.79930878 4.86780024
v 58.63772583 33.00715256 4.97118616
v 58.24493027 33.07996750 4.98763466
v 58.33285522 33.00715256 4.33966208
v 57.88922501 33.07996750 4.36009407
v 57.88570786 33.00715256 3.79945016
v 57.37113190 33.07996750 3.85818648
v 57.32227325 33.00715256 3.38194489
v 56.73262405 33.07996750 3.52257323
v 56.67529678 33.00715256 3.11141038
v 56.02542496 33.07996750 3.38044381
v 55.98237228 33.00715256 3.00356889
v 55.30682755 33.07996750 3.44331288
v 55.28377914 33.00715256 3.06468797
v 54.62011337 33.00715256 3.29121542
v 54.48097229 32.79930878 3.00299215
v 53.82586670 32.79930878 3.42343712
v 54.63505173 33.07996750 3.70608687
v 54.02994156 33.00715256 3.66998649
v 53.29041672 32.79930878 3.98844171
v 54.06452179 33.07996750 4.14747763
v 53.54756546 33.00715256 4.17898846
v 52.90574265 32.79930878 4.66516924
v 53.64145660 33.07996750 4.73172569
v 53.20101929 33.00715256 4.78863955
v 53.40012741 33.07996750 5.41149998
v 52.82889557 32.79930878 6.95389652
v 53.16730881 32.79930878 7.65490294
v 53.66365433 32.79930878 8.25455189
v 54.28908157 32.79930878 8.71799278
v 55.00724030 32.79930878 9.01829243
v 55.77640152 32.79930878 9.13799953
v 56.55185699 32.79930878 9.07015514
v 55.21765900 32.79930878 2.75154090
v 55.99311447 32.79930878 2.68369722
v 56.76227188 32.79930878 2.80340385
v 57.48043442 32.79930878 3.10370398
v 58.10586166 32.79930878 3.56714487
v 58.60220337 32.79930878 4.16679335
v 54.88856125 33.07996750 5.99800396
v 54.94940186 33.07996750 5.55714035
v 55.19549942 33.07996750 5.18633270
v 55.57811356 33.07996750 4.95902443
v 56.02146149 33.07996750 4.92023611
v 56.43773270 33.07996750 5.07765102
v 56.74448395 33.07996750 5.40009117
v 56.88095093 33.07996750 5.82369232
v 56.82011414 33.07996750 6.26455641
v 56.57401657 33.07996750 6.63536406
v 56.19140244 33.07996750 6.86267233
v 55.74805450 33.07996750 6.90146017
v 55.33177948 33.07996750 6.74404526
v 55.02503204 33.07996750 6.42160559
v 32.82046509 34.07996750 8.64444637
v 32.78213882 33.07996750 8.60703182
v 32.87483978 34.07996750 8.22105312
v 32.83651352 33.07996750 8.18363857
v 33.10078812 34.07996750 7.85911274
v 33.06246185 33.07996750 7.82169819
v 33.41885376 33.07996750 7.58709383
v 33.45718002 34.07996750 7.62450886
v 33.84081268 33.07996750 7.52253151
v 33.87913895 34.07996750 7.55994606
v 32.96625519 33.07996750 10.71152306
v 32.99766541 34.07996750 10.66985416
v 34.18368912 34.07996750 11.56383038
v 34.15227890 33.07996750 11.60550022
v 33.76812744 34.07996750 11.55653954
v 33.73672104 33.07996750 11.59820843
v 33.39160919 34.07996750 11.38094044
v 33.36020279 33.07996750 11.42260933
v 33.08770370 33.07996750 11.10900688
v 33.11911392 34.07996750 11.06733799
v 42.27962112 33.07996750 10.02792168
v 42.27296448 34.07996750 9.99364090
v 49.47027588 32.12184906 7.29483843
v 49.65866470 32.11486816 7.65692711
v 49.44138336 32.32623291 7.30682611
v 49.57600784 32.48670578 7.68010759
v 49.45292664 32.51529694 7.43877459
v 49.46983337 32.64113998 7.63202095
v 49.08485794 32.72450638 7.26825333
v 49.11001205 32.91139603 7.55577183
v 48.74024963 32.79930878 7.23351717
v 48.72004700 33.00715256 7.55293083
v 49.05709076 33.00715256 7.82563591
v 48.69639969 33.07996750 7.92679024
v 49.36525345 32.79930878 7.73921347
v 48.75406647 32.48670578 7.01506662
v 49.06776810 32.44458389 7.07289219
v 49.15291977 32.12184906 7.03806353
v 48.75948715 32.11486816 6.92939234
v 49.18210602 31.88314819 7.04254246
v 49.33153915 31.88385010 7.14244032
v 49.60110092 31.87982178 7.48174572
v 31.73605347 32.12858582 5.94436741
v 32.15748596 32.11486816 5.87929153
v 31.75081635 32.47209930 6.02335310
v 32.15206909 32.48670578 5.96496582
v 32.13825226 32.79930878 6.18341637
v 31.76919746 32.77314758 6.23345709
v 32.11804581 33.00715256 6.50282955
v 31.79630089 32.97436905 6.54324675
v 32.09439850 33.07996750 6.87668896
v 31.72121811 33.00715256 6.90933847
v 31.43315697 32.79399109 6.64662123
v 31.40238571 32.79930878 6.93723249
v 31.18584061 32.48880005 6.79080439
v 31.18433189 32.48670578 6.95630980
v 31.09881210 32.11486816 6.96379185
v 31.17351913 32.39709854 6.64996004
v 31.15371323 32.12858582 6.54091215
v 31.16510963 32.25936890 6.55383730
v 31.37984848 32.13345337 6.17915392
v 31.39689827 32.39315414 6.23216915
v 31.41157913 32.63359070 6.39997339
v 49.80268860 32.13153458 10.02363396
v 49.38763809 32.11486816 10.21052933
v 49.62787247 32.49864578 10.02897072
v 49.37128067 32.48670578 10.12625694
v 49.32957077 32.79930878 9.91137981
v 49.60603714 32.80829239 9.77935696
v 49.26858521 33.00715256 9.59719276
v 49.57493210 32.98524857 9.42384911
v 49.19720078 33.07996750 9.22945023
v 49.53276443 33.00715256 9.06293201
v 49.81945801 32.79930878 8.92066479
v 49.85345840 32.80906296 9.03514767
v 49.88103867 32.79951096 9.35040188
v 50.07901001 32.52345657 9.06903648
v 50.01552963 32.48670578 8.82336617
v 50.06355286 32.44846725 8.89233112
v 50.05222702 32.30633926 8.76287556
v 50.09243011 32.11486816 8.78520679
v 50.19587326 32.13153458 9.22848606
v 50.09211731 32.13750458 9.67196560
v 50.12138367 32.28238678 9.55335617
v 50.11082458 32.43209457 9.43267536
v 50.09578705 32.51764679 9.26079750
v 49.90576172 32.65886307 9.63297081
v 49.92311859 32.41274261 9.83136940
v 50.18660355 31.89310074 9.03354263
v 50.20506668 31.90061569 9.29053402
v 50.17867661 31.90388298 9.47195721
v 49.99760056 31.90409851 9.84727478
v 49.67938995 31.89451027 10.11634350
v 49.67328644 32.01063156 10.11343288
v 49.99142456 32.02021027 9.84453011
v 50.17256927 32.01999664 9.46942043
v 50.19903564 32.01673126 9.28808022
v 50.18072510 32.00922394 9.03117657
v 49.92444992 32.11486816 8.41838646
v 49.76899719 32.48670578 8.26202965
v 49.77967453 32.11486816 8.04180431
v 49.56468964 32.79930878 8.34057522
v 49.26595306 33.00715256 8.45542336
v 48.83611298 33.07996750 8.37115192
v 49.00326157 33.07996750 8.80593586
v 31.70865631 32.12758255 12.93856716
v 31.58680916 32.11486816 12.54161263
v 31.70925713 32.38974380 12.83089924
v 31.67232704 32.48670578 12.53413105
v 31.69724846 32.47913361 12.69363689
v 31.89038086 32.79930878 12.51505375
v 31.95329094 32.77989197 12.79264259
v 32.20921326 33.00715256 12.48715973
v 32.31362534 32.96469498 12.83533192
v 32.58239746 33.07996750 12.45451069
v 32.65377808 33.00715256 12.82225323
v 32.34021759 32.76729965 13.13929176
v 32.71476364 32.79930878 13.13644028
v 32.35848236 32.46912384 13.34805393
v 32.75647354 32.48670578 13.35131741
v 32.77283096 32.11486816 13.43558979
v 32.35766983 32.12758255 13.42776871
v 31.98876953 32.38749695 13.19817257
v 31.97433853 32.62343979 13.03321934
v 31.98129463 32.13208008 13.25198174
v 31.71747780 32.25515747 12.92485523
v 41.06387711 32.48670578 11.73878670
v 41.02216721 32.79930878 11.52391052
v 40.96118164 33.00715256 11.20972252
v 40.45306778 32.48670578 6.49001598
v 40.43925095 32.79930878 6.70846653
v 40.41904831 33.00715256 7.02788019
v 43.05271530 33.07996750 8.77905846
v 42.86484146 33.07996750 8.41523170
v 42.54689789 33.07996750 8.15720463
v 43.07901382 33.07996750 9.18768311
v 42.93933868 33.07996750 9.57259274
v 42.65709686 33.07996750 9.86925220
v 42.15219498 33.07996750 8.04823875
v 26.65961075 30.07996941 14.80142498
v 27.32965469 30.07996941 14.64461327
v 27.93150711 30.07996941 14.31096554
v 10.30751610 30.07996941 17.95391083
v 11.50600815 30.07996941 17.74285507
v 9.10240459 30.07996941 18.12311554
v 2.98600650 30.07996941 18.67949867
v 7.89213181 30.07996941 18.25026703
v 2.73136759 30.07996941 18.63467026
v 2.53343844 30.07996941 18.46858788
v 2.44507360 30.07996941 18.22560120
v 2.36781859 30.07996941 17.34257126
v 2.33681512 30.07996941 17.20848846
v 2.23464942 30.07996941 17.04447937
v 1.94574916 30.07996941 16.89249229
v 2.09510446 30.07996941 16.94046402
v 1.27433002 30.07996941 16.69048691
v 0.68547273 30.07996941 16.30988503
v 0.22554810 30.07996941 15.78065968
v -0.06922635 30.07996941 15.14448452
v -0.17563808 30.07996941 14.45145798
v -0.08530752 30.07996941 13.75615120
v 0.19465210 30.07996941 13.11331940
v 0.64219487 30.07996941 12.57358265
v -0.18038346 30.07996941 11.68268871
v 1.08209443 30.07996941 12.02923298
v 0.22695795 30.07996941 11.59667778
v 1.33706999 30.07996941 11.37745476
v 0.54766923 30.07996941 11.33121681
v 0.70827931 30.07996941 10.94712162
v -0.58103800 30.07996941 11.56954765
v -0.88322049 30.07996941 11.28317261
v -1.01770461 30.07996941 10.88916874
v -0.95368165 30.07996941 10.47779751
v -0.70581853 30.07996941 10.14330006
v -0.33089763 30.07996941 9.96230412
v 0.32448182 30.07996941 8.94210625
v 0.85222358 30.07996941 9.40179825
v -0.20207524 30.07996941 8.49715137
v -0.58699715 30.07996941 7.92524147
v -0.80098158 30.07996941 7.26991177
v -0.82773870 30.07996941 6.58104992
v -0.66523170 30.07996941 5.91109610
v -0.32583153 30.07996941 5.31105089
v 0.16462478 30.07996941 4.82659340
v 0.76880097 30.07996941 4.49460316
v 1.44070375 30.07996941 4.34035301
v 25.54861450 30.07996941 2.23118401
v 26.23709488 30.07996941 2.26641607
v 26.88974190 30.07996941 2.48844862
v 27.45687294 30.07996941 2.88037944
v 27.89531326 30.07996941 3.41237211
v 28.17168808 30.07996941 4.04392862
v 28.26495743 30.07996941 4.72697163
v 28.83867645 30.07996941 7.69807291
v 28.16802025 30.07996941 5.40950346
v 27.88825798 30.07996941 6.03956604
v 28.47673988 30.07996941 7.49233627
v 27.44696617 30.07996941 6.56919622
v 28.06065178 30.07996941 7.47836542
v 27.00706673 30.07996941 7.11354542
v 27.68572998 30.07996941 7.65936089
v 26.75209045 30.07996941 7.76532412
v 27.43786812 30.07996941 7.99385881
v 26.70584679 30.07996941 8.46367168
v 27.37384415 30.07996941 8.40522957
v 27.50832748 30.07996941 8.79923344
v 29.09982872 30.07996941 8.46318245
v 29.06354332 30.07996941 8.04844379
v 1.38331306 30.07996941 10.67910671
v 0.67199439 30.07996941 10.53238201
v 1.21650565 30.07996941 9.99939823
v 0.44712681 30.07996941 10.18201160
v 0.08519111 30.07996941 9.97627544
v 28.41951942 30.07996941 13.82579231
v 28.75667191 30.07996941 13.22589397
v 28.91738892 30.07996941 12.55677605
v 28.88948059 30.07996941 11.86919403
v 28.93921852 30.07996941 8.84727859
v 28.67506599 30.07996941 11.21530151
v 28.29040527 30.07996941 10.64470100
v 28.61850739 30.07996941 9.11273861
v 27.76467896 30.07996941 10.20067310
v 28.21116638 30.07996941 9.19875050
v 27.23693657 30.07996941 9.74098110
v 27.81051064 30.07996941 9.08560944
v 26.87265396 30.07996941 9.14338017
v 33.55008316 34.07996750 4.49814701
v 32.76571655 34.07996750 4.38558531
v 32.00902939 34.07996750 4.15045643
v 31.29902649 34.07996750 3.79866576
v 8.86136055 34.07996750 17.94057655
v 9.35936928 34.07996750 17.87892914
v 9.42226791 33.07996750 17.92356491
v 10.11174107 33.07996750 17.82506180
v 10.79911423 33.07996750 17.71284103
v 11.48411751 33.07996750 17.58694649
v 8.36251831 34.07996750 17.99506569
v 7.86294460 34.07996750 18.04238892
v 3.17656946 34.07996750 18.45239449
v 9.51825047 34.07996750 17.75792122
v 9.57800198 33.07996750 17.80212593
v 9.61691570 34.07996750 17.58428764
v 9.67439175 33.07996750 17.62976646
v 9.63962746 34.07996750 17.38572693
v 9.69640255 33.07996750 17.43336868
v 50.83168793 34.07997513 3.53290057
v 50.68900299 33.66930008 3.72047019
v 50.37223434 34.07999039 4.01660347
v 50.02605820 33.67896271 4.32820082
v 49.85262680 34.08000183 4.43508434
v 49.39107513 33.68206024 4.74011374
v 49.27871323 34.08000183 4.78123093
v 48.66027069 34.07999802 5.04781199
v 48.48040771 33.67904282 5.12450361
v 48.01183319 34.07998276 5.22985029
v 47.51214600 33.66829681 5.32485580
v 47.34513474 34.07997513 5.32430935
v 47.52072525 33.24186325 5.34020424
v 48.48970413 33.25262833 5.13948917
v 49.40095139 33.25565338 4.75446939
v 50.03622437 33.25254822 4.34191370
v 50.69930267 33.24287033 3.73328352
v 46.67189026 34.07996750 5.32812071
v 2.27719665 34.07993317 16.74739456
v 2.25645924 32.17802429 16.87873459
v 2.11071038 34.07996750 16.70162582
v 2.41851282 34.07989502 16.84662819
v 2.33137941 32.17736053 16.94214249
v 2.45150089 32.18122101 17.14884186
v 2.56186414 34.07996750 17.15527534
v 2.51699638 34.07993317 16.98849869
v 2.63563657 34.07996750 17.99849701
v 9.62655926 33.07996750 16.63504791
v 9.56978321 34.07996750 16.58740616
v 9.67138672 33.07996750 16.38040733
v 9.61461067 34.07996750 16.33276749
v 9.83746910 33.07996750 16.18247986
v 9.78069305 34.07996750 16.13483810
v 10.02367973 34.07996750 16.04647446
v 10.08045578 33.07996750 16.09411430
v 26.63475418 33.07996750 14.64580059
v 26.63749886 33.07996750 14.64556026
v 2.92193031 34.07996750 18.40756607
v 2.72400117 34.07996750 18.24148369
v 42.14999008 34.07996750 8.08308983
v 42.53091049 34.07996750 8.18825054
v 42.83774948 34.07996750 8.43726730
v 43.01906204 34.07996750 8.78838921
v 43.04444504 34.07996750 9.18274403
v 42.90964508 34.07996750 9.55421257
v 42.63726044 34.07996750 9.84051228
v -0.88926619 34.07996750 10.50473309
v -0.94815004 34.07996750 10.88308334
v -0.82446092 34.07996750 11.24546051
v -0.54653454 34.07996750 11.50884819
v -0.17804044 34.07996750 11.61290836
v 0.19660376 34.07996750 11.53380108
v 0.49157164 34.07996750 11.28964901
v 0.63928962 34.07996750 10.93638420
v 0.60591722 34.07996750 10.55493641
v 0.39909974 34.07996750 10.23268986
v 0.06621651 34.07996750 10.04346752
v -0.31647289 34.07996750 10.03061771
v -0.66129893 34.07996750 10.19708538
v 54.98206329 34.07996750 5.56949186
v 54.92335129 34.07996750 5.99496031
v 55.05505371 34.07996750 6.40376949
v 55.35109329 34.07996750 6.71494961
v 55.75282669 34.07996750 6.86686754
v 56.18069458 34.07996750 6.82943392
v 56.54994583 34.07996750 6.61006308
v 56.78744888 34.07996750 6.25220442
v 56.84616470 34.07996750 5.82673597
v 56.71445847 34.07996750 5.41792679
v 56.41842270 34.07996750 5.10674715
v 56.01668549 34.07996750 4.95482922
v 55.58882141 34.07996750 4.99226284
v 55.21957016 34.07996750 5.21163321
v 26.63018608 34.07996750 14.59359264
v 1.47021878 34.07996750 16.54677010
v 0.90038353 34.07996750 16.21586609
v 0.44842982 34.07996750 15.73633862
v 0.15181352 34.07996750 15.14792633
v 0.03511683 34.07996750 14.49939632
v 0.10801102 34.07996750 13.84449482
v 0.36445498 34.07996750 13.23749733
v 0.78319579 34.07996750 12.72870827
v 1.20626414 34.07996750 12.22803688
v 1.48465049 34.07996750 11.63460541
v 1.59921706 34.07996750 10.98921108
v 1.54208791 34.07996750 10.33622169
v 1.31719029 34.07996750 9.72052670
v 0.93998510 34.07996750 9.18445301
v 0.43640333 34.07996750 8.76485252
v -0.04597562 34.07996750 8.35723019
v -0.39860260 34.07996750 7.83330297
v -0.59463370 34.07996750 7.23295498
v -0.61914593 34.07996750 6.60188866
v -0.47027329 34.07996750 5.98814440
v -0.15934877 34.07996750 5.43844318
v 0.28995830 34.07996750 4.99463129
v 0.84344417 34.07996750 4.69049501
v 1.45897424 34.07996750 4.54918623
v 25.56688690 34.07996750 2.44001722
v 26.19760323 34.07996750 2.47229362
v 26.79549217 34.07996750 2.67569757
v 27.31504059 34.07996750 3.03474522
v 27.71669579 34.07996750 3.52210379
v 27.96988297 34.07996750 4.10067272
v 28.05532646 34.07996750 4.72640848
v 27.96652222 34.07996750 5.35167599
v 27.71023178 34.07996750 5.92887640
v 27.30596542 34.07996750 6.41407061
v 26.88289642 34.07996750 6.91474247
v 26.60450935 34.07996750 7.50817299
v 26.48994255 34.07996750 8.15356731
v 26.54707336 34.07996750 8.80655670
v 26.77197075 34.07996750 9.42225170
v 27.14917564 34.07996750 9.95832634
v 27.65275764 34.07996750 10.37792683
v 27.24571609 34.07996750 14.45228386
v 27.79920197 34.07996750 14.14814758
v 28.24850845 34.07996750 13.70433617
v 28.55943298 34.07996750 13.15463448
v 28.70830536 34.07996750 12.54088974
v 28.68379402 34.07996750 11.90982342
v 28.48776245 34.07996750 11.30947590
v 28.13513565 34.07996750 10.78554916
v 27.50228310 34.07996750 8.02079391
v 27.44339943 34.07996750 8.39914513
v 27.56708717 34.07996750 8.76152229
v 27.84501457 34.07996750 9.02490997
v 28.21350861 34.07996750 9.12896919
v 28.58815193 34.07996750 9.04986191
v 28.88311958 34.07996750 8.80570984
v 29.03083801 34.07996750 8.45244598
v 28.99746704 34.07996750 8.07099724
v 28.79064941 34.07996750 7.74875116
v 28.45776558 34.07996750 7.55952883
v 28.07507515 34.07996750 7.54667950
v 27.73024940 34.07996750 7.71314669
v 53.25901413 36.67679977 1.18155921
v 53.21751022 35.81119537 1.17012823
v 53.31333542 37.04859161 1.24968374
v 53.43234253 37.36123657 1.43397033
v 53.59567642 37.65897751 1.69608045
v 53.82041931 37.95007706 2.06501365
v 53.17609024 34.94558334 1.15884471
v 52.97690201 37.95007706 2.65565109
v 53.24224854 37.95007706 2.43679047
v 53.52400208 37.95007706 2.23950291
v 52.34575272 34.94558334 1.74025357
v 52.34218979 35.81119537 1.78303349
v 52.51664352 37.36123657 2.07514858
v 52.38417435 37.04859161 1.90029109
v 52.33873749 36.67679977 1.82594371
v 52.70708466 37.65897751 2.31828046
v 51.64727402 36.67679977 2.54863954
v 51.24998093 35.21781158 3.02409339
v 51.24886322 35.22042847 3.02606249
v 51.24774551 35.22304916 3.02803302
v 51.10068893 36.67679977 3.38628769
v 50.95175171 35.98356247 3.63119149
v 50.71767044 36.67679977 4.31024933
v 53.77002716 36.67679977 0.93203098
v 54.30441284 36.67679977 0.73753029
v 54.85626602 36.67679977 0.60020685
v 54.90518570 34.94558334 0.52950519
v 54.88071060 35.81119537 0.56477225
v 52.17012024 38.07996750 5.36673403
v 51.59728622 37.97074509 5.41379261
v 52.14476776 38.07996750 6.23805523
v 51.58499527 37.97074509 6.28702879
v 51.74873352 37.97074509 7.14486408
v 51.17887878 37.65897751 6.83759499
v 51.47208023 37.65897751 7.79032612
v 51.78510666 37.97074509 4.56090546
v 52.39572906 38.07996750 4.52474594
v 52.14076996 37.97074509 3.76328540
v 52.80943298 38.07996750 3.75748301
v 52.64971161 37.97074509 3.05358696
v 53.38892746 38.07996750 3.10630870
v 53.29109573 37.97074509 2.46086502
v 54.10297775 38.07996750 2.60632801
v 54.03866196 37.97074509 2.00938582
v 54.91307831 38.07996750 2.28449464
v 54.86181259 37.97074509 1.71763289
v 55.77556610 38.07996750 2.15815902
v 55.72684097 37.97074509 1.59755063
v 56.59833145 37.97074509 1.65405548
v 56.01990509 37.95007706 1.54808819
v 56.48293304 37.65897751 1.15203047
v 56.00973892 37.65897751 1.11621177
v 56.64393997 38.07996750 2.23413181
v 57.44061279 37.97074509 1.88483381
v 57.24991226 37.95007706 1.76497173
v 57.57212448 37.95007706 1.88533807
v 57.88385773 37.95007706 2.03070188
v 58.21919250 37.97074509 2.28043771
v 58.18317795 37.95007706 2.20016074
v 58.78219986 37.65897751 2.08867836
v 58.39031219 37.65897751 1.82106221
v 57.47138214 38.07996750 2.50831723
v 58.21329498 38.07996750 2.96593404
v 58.90220261 37.97074509 2.82467079
v 59.14572525 37.65897751 2.39371085
v 59.13995361 37.95007706 3.00299144
v 59.47732544 37.65897751 2.73317385
v 58.82966995 38.07996750 3.58231211
v 59.46168137 37.97074509 3.49525261
v 59.35881424 37.95007706 3.26833773
v 59.55610275 37.95007706 3.55009341
v 59.73059082 37.95007706 3.84650922
v 59.87471390 37.97074509 4.26472902
v 60.30510330 37.65897751 4.04947376
v 60.46740723 37.65897751 4.49540138
v 60.15776825 37.95007706 5.02016878
v 60.58485031 37.65897751 4.95518541
v 59.28728867 38.07996750 4.32422209
v 59.56147385 38.07996750 5.15166759
v 60.12440109 37.97074509 5.10159779
v 60.21463394 37.95007706 5.35939598
v 60.20051575 37.97074509 5.97159767
v 60.24461365 37.95007706 5.70204735
v 60.24751663 37.95007706 6.04599524
v 60.09994507 37.97074509 6.83911037
v 60.64357376 37.65897751 6.50902271
v 60.56117249 37.65897751 6.97635984
v 60.03063583 37.95007706 7.27600336
v 60.43298721 37.65897751 7.43326616
v 59.63744736 38.07996750 6.02004051
v 59.51111221 38.07996750 6.88252687
v 59.82680130 37.97074509 7.66861963
v 59.18927765 38.07996750 7.69262981
v 59.39227295 37.97074509 8.42616558
v 58.68929672 38.07996750 8.40667629
v 58.81414413 37.97074509 9.08073425
v 58.03812408 38.07996750 8.98617268
v 58.11608505 37.97074509 9.60552692
v 57.27085876 38.07996750 9.39987659
v 57.32667542 37.97074509 9.97906017
v 56.42887115 38.07996750 9.62548637
v 56.47823334 37.97074509 10.18603897
v 55.60549545 37.97074509 10.21799183
v 56.27339554 37.65897751 10.69134235
v 55.27683258 37.65897751 10.66843033
v 54.74419022 37.97074509 10.07360935
v 54.30652618 37.65897751 10.44001484
v 53.92958069 37.97074509 9.75880337
v 53.40439606 37.65897751 10.01596260
v 53.19501495 37.97074509 9.28646183
v 52.60940170 37.65897751 9.41458988
v 52.57056808 37.97074509 8.67592144
v 51.95588684 37.65897751 8.66187286
v 52.08180618 37.97074509 7.95217896
v 55.55755234 38.07996750 9.65083981
v 54.70386887 38.07996750 9.47456837
v 53.91384888 38.07996750 9.10617638
v 53.23008347 38.07996750 8.56552315
v 52.68943024 38.07996750 7.88175631
v 52.32103729 38.07996750 7.09173679
v 52.03309631 37.65897751 3.05272388
v 51.52548599 37.65897751 3.91062379
v 51.20616913 37.65897751 4.85492325
v 51.08894730 37.65897751 5.84483337
v 57.25317001 37.65897751 10.50776100
v 58.17383957 37.65897751 10.12561607
v 57.94909668 37.95007706 9.75668335
v 58.24551392 37.95007706 9.58219337
v 58.52726746 37.95007706 9.38490582
v 58.79261398 37.95007706 9.16604519
v 59.40189362 37.65897751 9.17181492
v 59.06243134 37.65897751 9.50341606
v 59.70692825 37.65897751 8.80829144
v 59.59544373 37.95007706 8.20926952
v 59.97454453 37.65897751 8.41640377
v 59.76490402 37.95007706 7.90994930
v 59.91026688 37.95007706 7.59821558
v 60.67939377 37.65897751 6.03583002
v 60.09952545 37.65897751 3.62176752
v 57.40717697 37.65897751 1.36261749
v 56.95026779 37.65897751 1.23443460
v 55.67595673 37.95007706 1.55099249
v 55.33330536 37.95007706 1.58097064
v 54.99407959 37.95007706 1.63783634
v 54.46931076 37.65897751 1.32819951
v 54.92909622 37.65897751 1.21075594
v 54.02338409 37.65897751 1.49050391
v 51.83783722 37.36123657 2.79970574
v 51.68033600 37.04863358 2.64554667
v 51.12595749 37.04863358 3.52481341
v 51.31212997 37.36123657 3.64196181
v 50.75300598 37.04863358 4.49504852
v 50.95941162 37.36123657 4.57005262
v 50.57570648 37.04863358 5.51926184
v 50.79302216 37.36123657 5.54886770
v 50.55447006 37.03237915 5.85931158
v 50.81926346 37.36123657 6.54137707
v 50.60086823 37.04863358 6.55883074
v 50.64771271 37.03223419 6.89005613
v 50.63835144 36.81525040 4.65544319
v 50.58998489 36.92953491 5.02938366
v 50.56406403 37.00459290 5.43470955
v 50.93394470 37.02220535 7.88459444
v 50.82748795 37.04863358 7.57319164
v 51.03713989 37.36123657 7.51003265
v 51.24685287 37.04863358 8.52412033
v 51.39914322 37.00278854 8.80775070
v 51.84275436 37.04863358 9.37517452
v 52.02930069 36.97447586 9.62434864
v 52.59171295 37.04863358 10.09357452
v 52.48920441 36.89978027 10.07884979
v 52.95225143 36.73321915 10.45205116
v 53.46454620 37.04863358 10.65235996
v 53.07656097 36.67679977 10.53413105
v 53.92665482 36.67679977 10.95332241
v 54.43692780 37.04863358 11.03365326
v 54.83686829 36.67679977 11.21769619
v 55.46001053 37.04863358 11.21734810
v 55.77925110 36.67679977 11.31913567
v 56.49929047 37.04863358 11.19873047
v 56.72487640 36.67679977 11.25452709
v 57.51514053 37.04863358 10.97850990
v 57.64470673 36.67679977 11.02585411
v 58.45617676 37.04859161 10.57201290
v 58.51050186 36.67679977 10.64013767
v 58.33717346 37.36123657 10.38772583
v 57.42414474 37.36123657 10.77778435
v 56.45288086 37.36123657 10.98371887
v 55.46012497 37.36123657 10.99773979
v 54.48343277 37.36123657 10.81931782
v 53.55975342 37.36123657 10.45520020
v 52.72403336 37.36123657 9.91916466
v 52.00788879 37.36123657 9.23148918
v 51.43840790 37.36123657 8.41818905
v 54.06402206 37.04863358 0.90842152
v 54.85844040 37.04859161 0.68731171
v 53.89806366 37.36123657 1.20873868
v 54.38419342 37.36123657 1.03180218
v 54.88573456 37.36123657 0.90497816
v 55.97544098 36.67679977 0.50229174
v 55.94521332 35.81119537 0.47164044
v 55.98842239 37.04859161 0.58845103
v 55.99934006 37.36123657 0.80755019
v 55.91498566 34.94558334 0.44115928
v 56.54275513 36.67679977 0.54170066
v 57.10279846 36.67679977 0.64045125
v 57.64937973 36.67679977 0.79745209
v 57.72709656 34.94558334 0.76068330
v 57.68826675 35.81119537 0.77898771
v 56.80916977 37.04863358 0.66825241
v 57.60770798 37.04859161 0.87397480
v 56.51528549 37.36123657 0.84535581
v 57.02475357 37.36123657 0.93518883
v 57.52251434 37.36123657 1.07612658
v 58.66756821 36.67679977 1.27224255
v 58.65671921 35.81119537 1.23058403
v 58.63573456 37.04859161 1.35335040
v 58.53564072 37.36123657 1.54855478
v 58.64577866 34.94558334 1.18907261
v 58.96355820 37.36123657 1.83926749
v 59.35985184 37.36123657 2.17179942
v 59.72045898 37.36123657 2.54273462
v 60.61404800 36.67679977 3.28510404
v 60.62547684 35.81119537 3.24360061
v 60.54592133 37.04859161 3.33942747
v 60.36163712 37.36123657 3.45843220
v 60.63676071 34.94558334 3.20218205
v 60.05535126 34.94558334 2.37184405
v 60.01257324 35.81119537 2.36828113
v 59.89531326 37.04859161 2.41026402
v 59.96966171 36.67679977 2.36482763
v 60.58686829 37.36123657 3.92415595
v 60.76380539 37.36123657 4.41028500
v 60.89062881 37.36123657 4.91182613
v 59.13917542 36.67679977 1.59002912
v 59.57481003 36.67679977 1.95557094
v 59.30661774 37.04863358 1.83283257
v 60.52336502 36.67679977 8.69366074
v 60.56502151 35.81119537 8.68280792
v 60.44225693 37.04859161 8.66182518
v 60.24705124 37.36123657 8.56173038
v 60.60653305 34.94558334 8.67187119
v 61.03492355 34.94558334 7.75318718
v 61.01661682 35.81119537 7.71435690
v 60.71947861 37.36123657 7.54860497
v 60.92163086 37.04859161 7.63380051
v 60.99815369 36.67679977 7.67546940
v 61.15515518 36.67679977 7.12888908
v 61.25390625 36.67679977 6.56884623
v 61.29331589 36.67679977 6.00153160
v 61.32396698 35.81119537 5.97130394
v 61.35444641 34.94558334 5.94107628
v 60.20557785 36.67679977 9.16526508
v 59.84003448 36.67679977 9.60090065
v 59.43077850 36.67679977 9.99575329
v 59.42376328 34.94558334 10.08144283
v 59.42732620 35.81119537 10.03866291
v 60.86041641 37.36123657 7.05084562
v 61.12735367 37.04863358 6.83525944
v 60.95024872 37.36123657 6.54137707
v 61.20715332 37.04859161 6.01451492
v 60.98805618 37.36123657 6.02543259
v 59.96277237 37.04863358 9.33270931
v 59.38534164 37.04859161 9.92140579
v 59.95633698 37.36123657 8.98964882
v 59.62380600 37.36123657 9.38594437
v 59.25287247 37.36123657 9.74654770
v 58.55200577 35.81119537 10.65156841
v 58.59342194 34.94558334 10.66285229
v 54.47790909 35.03889465 11.19322968
v 54.47314835 35.04494095 11.19173908
v 54.46317673 35.05760193 11.18858624
v 54.12124252 35.49275970 11.06883812
v 53.77892685 35.91717529 10.92352486
v 53.43207932 36.31660461 10.74712753
v 60.86357498 36.67679977 3.79611754
v 60.88718414 37.04863358 4.09011364
v 61.05807495 36.67679977 4.33050394
v 61.10829544 37.04859161 4.88453197
v 61.19540024 36.67679977 4.88235664
v 61.26610184 34.94558334 4.93127823
v 61.23083496 35.81119537 4.90680265
v 52.29371262 38.07996750 6.22502422
v 52.47324753 38.07996750 7.07528782
v 52.85105133 38.07996750 7.85787916
v 53.40515900 38.07996750 8.52731514
v 54.10337448 38.07996750 9.04469299
v 54.90511322 38.07996750 9.37994194
v 55.76379013 38.07996750 9.51358032
v 56.62949371 38.07996750 9.43784046
v 57.45191956 38.07996750 9.15712547
v 58.18326569 38.07996750 8.68774796
v 58.78102875 38.07996750 8.05698776
v 59.21047592 38.07996750 7.30150127
v 59.44664001 38.07996750 6.46519518
v 59.47580338 38.07996750 5.59667253
v 59.29626465 38.07996750 4.74640846
v 58.91846466 38.07996750 3.96381760
v 58.36435699 38.07996750 3.29438090
v 57.66614151 38.07996750 2.77700400
v 56.86439896 38.07996750 2.44175458
v 56.00572586 38.07996750 2.30811620
v 55.14001846 38.07996750 2.38385558
v 54.31759644 38.07996750 2.66457105
v 53.58625031 38.07996750 3.13394833
v 52.98848343 38.07996750 3.76470876
v 52.55904007 38.07996750 4.52019501
v 52.32287598 38.07996750 5.35650110
v 50.40983582 36.19537354 4.57582998
v 50.40808487 36.05680084 4.45133209
v 50.14689636 36.02235031 4.62818193
v 50.44997787 36.01815796 4.37651682
v 50.49251556 35.97835922 4.30136108
v 50.57585144 36.13758850 4.31997204
v 50.60924149 36.09231567 4.24503374
v 50.70051956 36.30604553 4.22278738
v 50.72571182 36.25119019 4.15045214
v 50.78980255 36.11347961 3.97784972
v 50.85836792 35.96934891 3.80816603
v 50.78040695 35.85682678 3.88422513
v 50.96583557 35.60063171 3.52655840
v 50.92747879 35.54936600 3.56166935
v 51.06983566 35.40367508 3.32469916
v 50.70051193 35.63558960 3.86118746
v 51.24671936 35.22117996 3.02955246
v 50.54322052 36.18146515 4.39495611
v 50.60672379 36.42129517 4.46603489
v 50.67613220 36.35950089 4.29563141
v 51.11121368 35.46953201 3.27443099
v 51.00827026 35.66677475 3.47742248
v 51.24737930 35.22237778 3.02857757
v 50.59761810 35.87795258 4.11857700
v 50.70557022 35.77229691 3.93418789
v 50.69285965 35.97777176 4.06434441
v 51.24700928 35.22170639 3.02912211
v 51.08895111 35.43263626 3.30314016
v 50.43795013 36.56966400 4.95899391
v 50.39422607 36.61681747 5.15155458
v 50.31613922 36.67828369 5.66209650
v 50.31606674 36.69173431 5.86061430
v 50.17634964 36.57005310 5.67494249
v 49.95973587 36.47748184 5.86015272
v 49.78004837 36.42264938 5.69160318
v 49.54709625 36.42665863 5.85794067
v 49.65031433 36.38956833 5.55995321
v 49.93446732 36.33762741 5.24926805
v 49.77553177 36.30353928 5.25701857
v 50.01079178 36.28038406 5.07559395
v 49.93626785 36.17616653 4.94982243
v 50.33058548 36.46453094 5.00527382
v 50.27723694 36.51091766 5.19089460
v 50.87292480 36.34132767 9.82149506
v 51.26323318 36.31085587 10.28617859
v 51.03694153 36.35240173 9.66022301
v 51.57739258 36.37408829 9.99947166
v 51.21413040 36.41307449 9.52958679
v 51.34838867 36.49813461 9.43288898
v 50.87885666 36.43695831 9.04013824
v 51.02115631 36.51996994 8.95689869
v 50.59352875 36.45653915 8.51914501
v 50.74258804 36.53787994 8.44994831
v 50.36030197 36.47167206 7.97217464
v 50.51484299 36.55173492 7.91750193
v 50.07748413 36.48733902 6.93314981
v 50.23865509 36.56608582 6.90568256
v 50.55348206 36.87254715 6.85319805
v 50.81636810 36.86209106 7.81462049
v 51.03312302 36.85199738 8.32048416
v 51.29819489 36.83894348 8.80206394
v 51.60950089 36.82302475 9.25415707
v 51.84952164 36.60982513 9.76437283
v 49.86469269 36.43273926 6.96978712
v 49.57276535 36.42905426 6.46517467
v 49.65613174 36.42637634 7.06706953
v 49.79531097 36.41875839 7.65866470
v 50.15626144 36.41581726 8.04557991
v 49.98844528 36.40631866 8.23493195
v 50.39672470 36.39944839 8.61225033
v 50.23366928 36.38918686 8.79084492
v 50.69100571 36.37826538 9.15236187
v 50.52911758 36.36748123 9.32137489
v 53.22403717 36.20947266 10.67390442
v 52.87641525 36.39037704 10.49656200
v 53.06619644 36.04114914 10.68749905
v 52.63691330 36.14363861 10.56912899
v 52.92353439 35.91237640 10.73675537
v 52.38763046 35.96706009 10.74287033
v 52.87512589 35.76271820 10.83762074
v 53.36298752 35.68310928 10.87262154
v 53.38896942 35.53622055 10.93681431
v 53.58774567 35.55839539 10.93876076
v 53.91875076 35.29584885 11.04993248
v 53.81486893 35.42877197 11.00421906
v 54.01383972 35.31303787 11.06092644
v 54.05679703 35.35427856 11.06310940
v 54.26395035 35.19951630 11.12892056
v 54.28869629 35.22409439 11.13335609
v 54.47241211 35.04421616 11.19153023
v 54.45404816 35.04988098 11.18645668
v 54.24234390 35.17847443 11.12585831
v 54.47167206 35.04350281 11.19134045
v 54.47106552 35.04290009 11.19121265
v 54.46227646 35.04609299 11.18879223
v 54.47050858 35.04230881 11.19113445
v 54.47420883 35.04059982 11.19218445
v 54.10575485 35.40291977 11.06978989
v 53.87654114 35.48728561 11.00269604
v 53.94653320 35.55710220 11.00964355
v 53.76440048 35.73039627 10.93504143
v 53.58322906 35.89797211 10.85436535
v 53.46677017 35.77909088 10.85307503
v 53.67073059 35.63610840 10.92980671
v 52.79448700 36.39935684 10.46406937
v 52.74435425 36.43769836 10.42842293
v 52.68829727 36.28452301 10.48909473
v 52.49288177 36.19289780 10.51757622
v 52.41823578 36.06407928 10.63368702
v 52.23081207 36.03091431 10.70782375
v 51.73725510 36.21760178 10.52119827
v 52.01880264 36.34766769 10.25955105
v 52.13969803 36.44221878 10.18014622
v 52.38921356 36.75186539 10.06969738
v 52.25148010 35.82110214 10.91341877
v 52.83916855 35.66281128 10.90302372
v 52.82687378 35.44520569 10.99502468
v 53.40542221 35.38672256 10.98817253
v 53.35038757 35.15618134 11.02376175
v 53.90731812 35.09818268 11.07457542
v 52.25463867 35.56066513 11.05082130
v 52.24001694 35.27218628 11.10811615
v 52.79154205 35.21450424 11.03500366
v 54.45313263 35.04146576 11.18660641
v 45.75477600 36.72960281 11.71664715
v 45.79650116 36.52200317 12.03148365
v 45.81060028 36.21167374 12.24932766
v 39.36562729 36.78277588 13.48003006
v 32.90510178 36.98548889 14.80022430
v 32.92065430 37.35387421 14.71073246
v 32.90655518 37.66420364 14.49288845
v 39.35152817 37.09310532 13.26218605
v 32.86483002 37.87180328 14.17805290
v 39.30980301 37.30070114 12.94735050
v 32.80149078 37.94678497 13.81154919
v 29.78932571 38.07996750 14.38237286
v 29.86070824 38.00715256 14.75011635
v 30.79442596 38.06516266 14.19087696
v 31.34317398 38.01139832 14.34883213
v 31.79876328 38.02075577 14.00054836
v 31.71938133 37.99245071 14.27738380
v 32.09537125 37.96934891 14.20612049
v 31.75928688 37.89268494 14.51377392
v 32.13406754 37.86952972 14.44248199
v 31.78435326 37.77047729 14.67939854
v 32.15773010 37.74737930 14.60817146
v 31.80677986 37.55083847 14.85931873
v 32.17770767 37.52796173 14.78832626
v 31.81428528 37.28960800 14.97354794
v 32.18236923 37.26705933 14.90294456
v 31.93127441 37.05734634 14.98669529
v 31.38428688 37.91170502 14.58525276
v 29.92169380 37.79930878 15.06430340
v 31.41075897 37.78944778 14.75081158
v 31.43563652 37.56961823 14.93049717
v 29.96340370 37.48670578 15.27917957
v 31.44599342 37.30808640 15.04433537
v 29.97976112 37.11486816 15.36345291
v 30.95588684 37.10048676 15.17449093
v 11.55322742 38.00715256 18.30373764
v 17.65572166 38.00715256 17.11919594
v 11.48184586 38.07996750 17.93599510
v 23.75821495 38.00715256 15.93465614
v 23.81920052 37.79930878 16.24884415
v 23.86091042 37.48670578 16.46372032
v 17.75841713 37.48670578 17.64826012
v 11.67228127 37.11486816 18.91707420
v 11.65592289 37.48670578 18.83280182
v 11.61421394 37.79930878 18.61792564
v 17.71670723 37.79930878 17.43338394
v 9.14513683 38.07996750 18.30567360
v 7.96854734 38.07996750 18.42928505
v 8.87802696 38.05271530 18.56627655
v 8.00119686 38.00715256 18.80246735
v 8.90816212 37.94760132 18.83086586
v 8.02909088 37.79930878 19.12130165
v 8.93380165 37.77331543 19.05600929
v 8.94829273 37.60935211 19.18323708
v 9.38406849 37.77331924 19.00173569
v 9.40022087 37.60935974 19.12876320
v 9.83358765 37.77331924 18.94158745
v 9.85139847 37.60935974 19.06839180
v 9.86637020 37.37197876 19.17498589
v 10.47287560 37.11491013 19.12828827
v 9.26684475 37.11491013 19.29762459
v 9.41379929 37.37197495 19.23554420
v 8.96047497 37.37196732 19.29018402
v 8.04816818 37.48670578 19.33935547
v 9.80206871 37.94760513 18.71719170
v 9.76502800 38.05271530 18.45348167
v 10.31670952 38.07996750 18.14117622
v 9.32189655 38.05271530 18.51277542
v 9.35548687 37.94760513 18.77694702
v 2.71354890 38.07996750 18.88903809
v 2.74619794 38.00715256 19.26222038
v 2.77409220 37.79930878 19.58105278
v 2.79316950 37.48670578 19.79910851
v 0.87726724 38.07996750 4.28902626
v 1.42458022 38.07996750 4.15605974
v 0.99040800 38.05250931 4.00829792
v 1.39193106 38.00715256 3.78287864
v 0.91503584 37.94738770 3.75355744
v 1.36403668 37.79930878 3.46404481
v 0.85092849 37.77331543 3.53677726
v 0.81449342 37.60866165 3.41367030
v 0.38086593 37.77331543 3.72386241
v 0.32295501 37.60866165 3.60922003
v -0.03346303 37.77331543 3.97548652
v -0.10783538 37.60866165 3.87083435
v -0.39522064 37.77331543 4.26874924
v -0.48198885 37.60866165 4.17408037
v -0.98617411 37.77331543 4.93113470
v -1.08915174 37.60866165 4.85436821
v -1.44554257 37.77331543 5.65144920
v -1.55819690 37.60866165 5.58985758
v -1.80603933 37.77331543 6.40154982
v -1.92503321 37.60866165 6.35274553
v -2.08226442 37.77331543 7.17262220
v -2.20520639 37.60866165 7.13476467
v -2.28826499 37.77331543 7.95644093
v -2.41364074 37.60866165 7.92824078
v -2.43567538 37.77331543 8.74637032
v -2.56265950 37.60866165 8.72699356
v -2.57491255 37.77331543 10.33537388
v -2.70333338 37.60866165 10.33191204
v -2.53057671 37.77331543 11.92438221
v -2.65868020 37.60866165 11.93558025
v -2.30357313 37.77331543 13.49718094
v -2.42951608 37.60866165 13.52290535
v -2.11844110 37.77331543 14.27224159
v -2.24248195 37.60866165 14.30551147
v -1.88388157 37.77331543 15.03693771
v -2.00540328 37.60866165 15.07811832
v -1.43651855 37.77331543 16.15987396
v -1.55298173 37.60866165 16.21390152
v -0.85675341 37.77331543 17.23823166
v -0.96542042 37.60866165 17.30696678
v -0.50298727 37.77331543 17.74987030
v -0.60571098 37.60866165 17.82705688
v -0.09837326 37.77331543 18.23693085
v -0.19319694 37.60866165 18.32352829
v 0.36470503 37.77331543 18.69215202
v 0.28043166 37.60866165 18.78921700
v 0.90144563 37.77331543 19.09442329
v 0.83239275 37.60866165 19.20271683
v 1.30889499 37.77331543 19.32027817
v 1.25380111 37.60866165 19.43625259
v 1.76049531 37.77331543 19.49605370
v 1.72335100 37.60866165 19.61900902
v 2.25599027 37.77331543 19.59858322
v 2.24147654 37.60866165 19.72614479
v 2.22933531 37.37155533 19.83270454
v 2.36699033 37.11486816 19.88852310
v 1.94606674 37.11486816 19.83081627
v 1.69229448 37.37155533 19.72171974
v 1.18933940 37.11486816 19.57217598
v 1.20774150 37.37155533 19.53312874
v 0.77466702 37.37155533 19.29317284
v 1.34495950 37.48670578 3.24599075
v 0.78404075 37.37155533 3.31083536
v 0.27455133 37.37155533 3.51345897
v -0.16999891 37.37155533 3.78342342
v -0.55451208 37.37155533 4.09501314
v -1.17521429 37.37155533 4.79025745
v -1.65233636 37.37155533 5.53842163
v -2.02446198 37.37155533 6.31199026
v -2.30792737 37.37155533 7.10315180
v -2.51839042 37.37155533 7.90469408
v -2.66875005 37.37155533 8.71081638
v -2.81062198 37.37155533 10.32903004
v -2.76570463 37.37155533 11.94493866
v -2.53473854 37.37155533 13.54439068
v -2.34611821 37.37155533 14.33329678
v -2.10693789 37.37155533 15.11250973
v -1.65029657 37.37155533 16.25902367
v -1.05622947 37.37155533 17.36437035
v -0.69155872 37.37155533 17.89152145
v -0.27244890 37.37155533 18.39585304
v 0.20999014 37.37155533 18.87028694
v 1.33747756 37.11486816 3.16047192
v 0.90984839 37.11486816 3.23195052
v 0.50551599 37.11486816 3.36191058
v -0.19489111 37.11486816 3.74816084
v -0.75738156 37.11486816 4.23078680
v -1.20972013 37.11486816 4.76435709
v -1.58070385 37.11486816 5.32663965
v -1.88944662 37.11486816 5.90401220
v -2.34922361 37.11486816 7.09036541
v -2.64309406 37.11486816 8.29933548
v -2.80768371 37.11486816 9.51562500
v -2.85945773 37.11486816 10.73379803
v -2.80876994 37.11486816 11.94869041
v -2.65308905 37.11486816 13.15430641
v -2.38779545 37.11486816 14.34451675
v -2.00826979 37.11486816 15.51319313
v -1.50825477 37.11486816 16.65332603
v -0.85398597 37.11486816 17.74317169
v -0.45136547 37.11486816 18.25864410
v 0.01161989 37.11486816 18.74806404
v 0.55092287 37.11486816 19.19477272
v 2.28149724 37.94738770 19.37396431
v 2.31150913 38.05250931 19.11000824
v 2.15130758 38.07996750 18.85324478
v 1.90264344 38.05250931 19.02512360
v 1.61782801 38.07996750 18.66997719
v 1.51975393 38.05250931 18.87606621
v 1.16574633 38.05250931 18.67962074
v 1.02291191 37.94738770 18.90371323
v 0.51296830 37.94738770 18.52120781
v 1.13266945 38.07996750 18.38189697
v 0.68729579 38.05250931 18.32034874
v 0.06847569 37.94738770 18.08441162
v 0.69753450 38.07996750 18.02092743
v 0.26463771 38.05250931 17.90520859
v -0.32221729 37.94738770 17.61391830
v 0.30857044 38.07996750 17.61027718
v -0.10970405 38.05250931 17.45418549
v -0.66550761 37.94738770 17.11715889
v -0.03804386 38.07996750 17.16537285
v -0.44069180 38.05250931 16.97491264
v -1.23152483 37.94738770 16.06469917
v -0.61904258 38.07996750 16.19692993
v -0.99056864 38.05250931 15.95288467
v -1.66996396 37.94738770 14.96439552
v -1.07472050 38.07996750 15.16064453
v -1.41853368 38.05250931 14.87917137
v -1.90007842 37.94738770 14.21364212
v -1.42290902 38.07996750 14.08569431
v -1.64343143 38.05250931 14.14479256
v -2.08185458 37.94738770 13.45187855
v -1.82126904 38.05250931 13.39864731
v -1.66767514 38.07996750 12.98280239
v -2.03998446 38.05250931 11.88151169
v -1.81226647 38.07996750 11.86159134
v -1.85993087 38.07996750 10.73168659
v -2.08310151 38.05250931 10.34867001
v -1.81228590 38.07996750 9.60265541
v -1.94937503 38.05250931 8.82062721
v -1.66089070 38.07996750 8.48372555
v -1.80813706 38.05250931 8.06449509
v -1.39289463 38.07996750 7.38489723
v -1.61147690 38.05250931 7.31766987
v -1.35039699 38.05250931 6.58853102
v -1.59658968 37.94738770 6.48752689
v -1.24727488 37.94738770 5.75994921
v -0.98575872 38.07996750 6.33138609
v -1.01420808 38.05250931 5.88741636
v -0.80496508 37.94738770 5.06635904
v -0.40874454 38.07996750 5.36158133
v -0.59192973 38.05250931 5.22522831
v -0.24255748 37.94738770 4.43549061
v -0.04375471 38.07996750 4.93042374
v -0.06306470 38.05250931 4.63140059
v 0.09738721 37.94738770 4.15979528
v 0.38356903 38.07996750 4.56229591
v 0.25123602 38.05250931 4.37635851
v 0.48275602 37.94738770 3.92574716
v 0.60255307 38.05250931 4.16297626
v -1.86584604 37.94738770 7.23931885
v -2.06754780 37.94738770 8.00612926
v -2.21211743 37.94738770 8.78051949
v -2.34881902 37.94738770 10.34149647
v -2.30504441 37.94738770 11.90467739
v 1.40579736 37.94738770 19.11605072
v 1.82581770 37.94738770 19.27954674
v 25.53599930 38.00715256 1.67054641
v 17.48797607 38.00715256 2.37465715
v 25.56864929 38.07996750 2.04372764
v 9.43995380 38.00715256 3.07876801
v 9.41205978 37.79930878 2.75993419
v 9.39298248 37.48670578 2.54187989
v 17.44100571 37.48670578 1.83776915
v 25.48154640 37.11486816 1.04813969
v 25.48902893 37.48670578 1.13365841
v 25.50810623 37.79930878 1.35171258
v 17.46008301 37.79930878 2.05582333
v 27.83982849 38.07996750 2.52128959
v 28.48664284 38.07996750 2.96376777
v 28.28303719 38.05324554 2.52938795
v 28.72743607 38.00715256 2.67680240
v 28.35978317 38.01026535 2.41596532
v 28.43246269 37.94864655 2.30856466
v 27.97380257 38.01034546 2.18503261
v 28.03497696 37.94879532 2.07080698
v 27.14131355 38.01040268 1.84645331
v 27.17771149 37.94890213 1.72218895
v 26.74756622 38.01038361 1.75003850
v 26.77225494 37.94886398 1.62289381
v 26.54784203 38.01036072 1.71537519
v 26.56659126 37.94882584 1.58718657
v 26.34676170 38.01033401 1.68991327
v 26.35953140 37.94877243 1.56094968
v 26.38188553 37.77499771 1.33513999
v 26.39459801 37.61045074 1.20683277
v 26.61808014 37.61062622 1.23516321
v 26.63369179 37.37380219 1.12849963
v 26.86061287 37.37398911 1.16788316
v 26.46106529 37.11701584 1.05889380
v 27.41964531 37.11774063 1.26048291
v 27.30798340 37.37417221 1.27742863
v 28.25383949 37.37367249 1.66211438
v 27.27767563 37.61088562 1.38089418
v 28.20295906 37.61053467 1.75714457
v 27.24144745 37.77529144 1.50458252
v 28.14209747 37.77505493 1.87080288
v 28.93316078 37.79930878 2.43162847
v 28.55971336 37.77471542 2.12053800
v 28.63198662 37.61003113 2.01372695
v 29.07386017 37.48670578 2.26395130
v 28.69236374 37.37295151 1.92448819
v 29.12903976 37.11486816 2.19818997
v 28.32049561 37.11701584 1.64516973
v 26.40523338 37.37355423 1.09957123
v 26.33326530 38.05326843 1.82609630
v 26.35228348 38.07996750 2.05226898
v 27.11915398 38.07996750 2.21351933
v 26.72148895 38.05328751 1.88429868
v 26.52803230 38.05327988 1.85073853
v 27.90921402 38.05327606 2.30565810
v 27.10287857 38.05329514 1.97767282
v 26.84005547 37.61075974 1.27371228
v 26.81547928 37.77520370 1.40025020
v 26.59941483 37.77511597 1.36272275
v 30.23603439 37.98383331 3.92183065
v 29.57339859 38.03894806 3.52662706
v 30.00117874 38.06274033 4.20489120
v 29.42517853 38.04141998 3.40523648
v 28.81438828 38.07996750 3.23877811
v 29.27694321 38.04335785 3.28381371
v 29.05518150 38.00715256 2.95181298
v 29.43052483 37.94349670 3.09984565
v 29.26090622 37.79930878 2.70663905
v 29.53763580 37.82104492 2.97108650
v 29.65293884 37.60112000 2.83171654
v 29.79908180 37.59900665 2.95362854
v 29.87014771 37.33783722 2.86549401
v 30.01547050 37.33559418 2.98719382
v 29.45678520 37.11486816 2.47320032
v 30.61232185 37.09813309 3.44204807
v 30.56487274 37.46480560 3.51136732
v 29.94521141 37.59636688 3.07550550
v 30.43323517 37.77465439 3.67921185
v 29.83161163 37.81591034 3.21479654
v 29.72569084 37.93846130 3.34324980
v 29.57811546 37.94124603 3.22156429
v 29.72481728 37.33955002 2.74375987
v 29.40160370 37.48670578 2.53896165
v 29.68463135 37.81874466 3.09295845
v 30.78705025 37.31408691 3.62483406
v 30.98748207 37.30490494 3.76843357
v 31.40218163 37.06008911 3.98288202
v 31.40849495 37.28063965 4.02534151
v 31.83844757 37.24882889 4.23375702
v 31.36646461 37.53770828 4.12785578
v 31.81002426 37.50531006 4.34113121
v 31.29138756 37.75518036 4.28666878
v 31.75354004 37.72237778 4.50727081
v 31.21839905 37.87773514 4.43212843
v 31.69653893 37.84481812 4.65938425
v 31.11060143 37.98019028 4.63906145
v 31.61050415 37.94736099 4.87576485
v 31.50502586 37.98921967 5.10384226
v 32.05724335 37.94678497 5.30479574
v 30.72581291 37.57260895 3.71761274
v 30.62393570 37.79098129 3.86221123
v 30.52766991 37.91368484 3.99495792
v 30.83913612 37.78091812 4.01444626
v 30.75041199 37.90357208 4.15175295
v 30.38801003 38.01561356 4.18399858
v 30.62109375 38.00572205 4.34719706
v 30.47198296 38.04614639 4.55131531
v 30.97493553 38.02199173 4.85182381
v 32.16250992 37.86518097 4.95655155
v 32.24107361 37.65643692 4.65777397
v 32.28200912 37.34957123 4.44999743
v 32.27963257 36.98723984 4.36210585
v 30.93236923 37.56287766 3.86473227
v 33.03565598 37.86323929 5.53156471
v 33.53587341 37.82003403 5.58277893
v 33.18281555 37.82201767 5.32460690
v 33.55158234 37.74395370 5.21239376
v 33.20589066 37.71502686 5.06418657
v 33.55260468 37.53609848 4.89614248
v 33.21844101 37.54136276 4.84224415
v 33.22008896 37.37866592 4.71586180
v 33.05254364 37.55676270 4.82005358
v 33.05824661 37.39425278 4.69419622
v 32.88742828 37.57203293 4.79261494
v 32.89716339 37.40969849 4.66741085
v 32.89727783 37.17664337 4.56104660
v 32.68338013 36.94571686 4.47343588
v 33.05485153 37.16081619 4.58753824
v 33.09517670 36.90277863 4.55057335
v 33.21318436 37.14483643 4.60902882
v 33.51213455 36.85873795 4.59297752
v 33.53879929 37.22623444 4.67931938
v 32.86088943 37.74569702 5.01194715
v 32.82156754 37.85329819 5.26897240
v 32.54162216 37.90558624 5.43868685
v 33.00174713 37.83771896 5.29964542
v 33.03297806 37.73042297 5.04079914
v 46.72603989 36.67649078 6.37706327
v 40.14666367 37.17218399 5.60953569
v 46.74174881 36.60041428 6.00667810
v 40.14768982 36.96432877 5.29328489
v 46.74277115 36.39255905 5.69042683
v 40.13388062 36.65446091 5.07646179
v 46.72896576 36.08269119 5.47360373
v 46.70230103 35.71519470 5.38726187
v 50.41391754 35.83964539 4.26039171
v 50.01245117 35.88166809 4.58033800
v 50.10073853 36.04683685 4.68327188
v 49.36116028 36.11981201 5.12911797
v 49.47600937 36.29147720 5.33300161
v 49.60279083 36.39123535 5.57481337
v 48.62558746 36.47979736 5.94759178
v 48.87345123 36.48732758 6.11424828
v 48.37178040 36.50254440 6.01239586
v 48.16944122 36.55001068 6.28826094
v 48.11525345 36.52543640 6.06565285
v 47.59622574 36.57146072 6.13715696
v 48.05842209 36.42232132 5.80417633
v 47.56341934 36.46713257 5.87340593
v 48.00273514 36.24979782 5.58253431
v 47.52817917 36.29420090 5.64947319
v 47.96546173 36.08631516 5.45758486
v 47.50248337 36.13090897 5.52285671
v 47.92564774 35.84995270 5.35409784
v 47.47232056 35.89525986 5.41733980
v 47.37374878 35.64738464 5.38167143
v 50.85723495 35.26637650 3.57060981
v 50.68711472 35.55718231 3.83515811
v 50.32571030 35.59774399 4.18511057
v 50.39503098 35.32100296 4.05937910
v 49.87264252 35.38062668 4.48271608
v 49.93180847 35.64093399 4.49798441
v 49.29933929 35.44418716 4.83293819
v 49.22416687 35.71648407 4.92296839
v 48.68444061 35.51061630 5.10243511
v 48.37126160 35.80480194 5.25016785
v 48.03853226 35.57876968 5.28606749
v 48.14965820 35.82733536 5.30717707
v 47.44889450 36.61348343 6.37644625
v 49.29081726 35.95541382 5.01530170
v 48.42043686 36.04195023 5.35075378
v 48.19419479 36.06407928 5.40931988
v 48.46907425 36.20568466 5.47300100
v 48.54495621 36.37785721 5.69052982
v 48.30300903 36.40002060 5.75285912
v 48.23718262 36.22768021 5.53304672
v 31.52448463 38.02934647 12.62429619
v 31.02276039 38.02934647 6.88955069
v 31.64708328 38.02453232 13.02333927
v 31.92001724 38.00988007 13.33522606
v 32.30117798 37.98486710 13.51011467
v 32.71293259 37.95218658 13.51505756
v 32.73345184 37.95039749 13.51101112
v 32.75397110 37.94859695 13.50696373
v 32.77448654 37.94678497 13.50291729
v 31.07815361 38.02425385 6.46415138
v 31.30460930 38.00878906 6.10438919
v 31.66675568 37.98234177 5.86948013
v 32.08454514 37.94823837 5.80808496
v 32.09015274 37.94775391 5.80845642
v 32.09576416 37.94726944 5.80882835
v 32.10137558 37.94678497 5.80920029
v 53.93465424 34.83515930 11.08805275
v 53.93406296 34.69060135 11.09316730
v 53.93343735 34.53710938 11.09859753
v 53.38282394 34.68943024 11.04162979
v 53.38233948 34.53593826 11.04711437
v 52.80854416 34.69051743 11.05239201
v 52.80820847 34.53702545 11.05789948
v 52.80787277 34.38352966 11.06340694
v 53.38185120 34.38244247 11.05259895
v 53.93281174 34.38361359 11.10402775
v 53.93524170 34.97971725 11.08293915
v 53.38374329 34.97854233 11.03129959
v 53.38420105 35.12310028 11.02613449
v 52.80949783 35.12419128 11.03683090
v 52.80918121 34.97963333 11.04201794
v 52.80886078 34.83507538 11.04720497
v 53.38328552 34.83398819 11.03646469
v 49.91609955 36.42572403 9.95304203
v 49.68226624 36.44741058 10.12445164
v 49.40971375 36.47190475 10.22142792
v 50.18670654 36.39848328 9.47322083
v 50.09128189 36.40868759 9.72095585
v 50.20551300 36.39408875 9.11229038
v 50.10980988 36.39999008 8.79231548
v 49.93885040 36.41204834 8.41956234
v 49.79184341 36.42194366 8.03672981
v 49.66937256 36.42963409 7.64535666
v 49.56528854 36.43685150 7.40260887
v 49.33658218 36.45475769 7.13668251
v 49.08361816 36.47566223 6.98678637
v 48.77180862 36.50228500 6.91417360
v 2.25628638 36.73542786 19.89315605
v 2.25497150 36.35590363 19.90632057
v 2.25369143 35.97637939 19.91946983
v 1.70345902 36.35590363 19.79788399
v 1.69988012 35.97637939 19.81055069
v 1.15558827 36.35590363 19.58712387
v 1.14992857 35.97637939 19.59900475
v 0.61852318 36.35590363 19.27544403
v 0.61108327 35.97637939 19.28635406
v 0.01475227 36.35590363 18.78748703
v 0.00568674 35.97637939 18.79717255
v -0.55531204 36.35590363 18.17467308
v -0.56558180 35.97637939 18.18309593
v -1.08242667 36.35590363 17.44761848
v -1.09357941 35.97637939 17.45479202
v -1.55737221 36.35590363 16.61715698
v -1.56918418 35.97637939 16.62313652
v -1.97132254 36.35590363 15.69768143
v -1.98363233 35.97637939 15.70253468
v -2.31577873 36.35590363 14.70654106
v -2.32845712 35.97637939 14.71032333
v -2.58225632 36.35590363 13.66117954
v -2.59520507 35.97637939 13.66392708
v -2.76458430 36.35590363 12.57930851
v -2.77772689 35.97637939 12.58104420
v -2.88122487 36.35590363 10.84988403
v -2.89450359 35.97637939 10.85002899
v -2.79327154 36.35590363 9.14778233
v -2.80644941 35.97637939 9.14626884
v -2.67364573 36.35590363 8.32946491
v -2.68667340 35.97637939 8.32707405
v -2.50416017 36.35590363 7.54496336
v -2.51696491 35.97637939 7.54165220
v -2.28524399 36.35590363 6.80327368
v -2.29774880 35.97637939 6.79898787
v -2.01762557 36.35590363 6.11318636
v -2.02974582 35.97637939 6.10786438
v -1.70484054 36.35590363 5.48157215
v -1.71645117 35.97637939 5.47515869
v -1.35196269 36.35590363 4.91424847
v -1.36288118 35.97637939 4.90670252
v -0.96408159 36.35590363 4.41702366
v -0.97406751 35.97637939 4.40831757
v -0.54627937 36.35590363 3.99567509
v -0.55503517 35.97637939 3.98579550
v -0.10327350 36.35590363 3.65452576
v -0.11048585 35.97637939 3.64350891
v 0.36074018 36.35590363 3.39581943
v 0.35534105 35.97637939 3.38380098
v 0.84160584 36.35590363 3.22163939
v 0.83824176 35.97637939 3.20885777
v 1.70707524 36.73542786 19.78519821
v 1.16126955 36.73542786 19.57522964
v 0.62596643 36.73542786 19.26452827
v 0.02381227 36.73542786 18.77780151
v -0.54504591 36.73542786 18.16624832
v -1.07127190 36.73542786 17.44044495
v -1.54555488 36.73542786 16.61117554
v -1.95900857 36.73542786 15.69282532
v -2.30309963 36.73542786 14.70275879
v -2.56930947 36.73542786 13.65843105
v -2.75144458 36.73542786 12.57757282
v -2.86794734 36.73542786 10.84974194
v -2.78009200 36.73542786 9.14929771
v -2.66061568 36.73542786 8.33185768
v -2.49135256 36.73542786 7.54827738
v -2.27273679 36.73542786 6.80756187
v -2.00550485 36.73542786 6.11850929
v -1.69323111 36.73542786 5.48798466
v -1.34104550 36.73542786 4.92179346
v -0.95409369 36.73542786 4.42573071
v -0.53751296 36.73542786 4.00555992
v -0.09603859 36.73542786 3.66555357
v 0.36616936 36.73542786 3.40785265
v 0.84499508 36.73542786 3.23443341
v 0.83489025 35.59685516 3.19608259
v 0.34995690 35.59685516 3.37178993
v -0.11768694 35.59685516 3.63249755
v -0.56378555 35.59685516 3.97591805
v -0.98405236 35.59685516 4.39961147
v -1.37380040 35.59685516 4.89915609
v -1.72806239 35.59685516 5.46874523
v -2.04186559 35.59685516 6.10254288
v -2.31025243 35.59685516 6.79470253
v -2.52976799 35.59685516 7.53834248
v -2.69969964 35.59685516 8.32468605
v -2.81962633 35.59685516 9.14475727
v -2.90778279 35.59685516 10.85017395
v -2.79087090 35.59685516 12.58277988
v -2.60815477 35.59685516 13.66667461
v -2.34113503 35.59685516 14.71410465
v -1.99594009 35.59685516 15.70738792
v -1.58099353 35.59685516 16.62911606
v -1.10473096 35.59685516 17.46196747
v -0.57585341 35.59685516 18.19152260
v -0.00338155 35.59685516 18.80685806
v 0.60364503 35.59685516 19.29726219
v 1.14427960 35.59685516 19.61087799
v 1.69631970 35.59685516 19.82320786
v 2.25242925 35.59685516 19.93260956
v 52.54050064 36.04507065 7.05233335
v 52.62174225 35.67323303 7.02460289
v 52.36450195 36.04507065 6.21883059
v 52.45001984 35.67323303 6.21134901
v 52.39308929 36.04507065 5.36742926
v 52.47791290 35.67323303 5.38063049
v 52.62459946 36.04507065 4.54760885
v 52.70380020 35.67323303 4.58072662
v 53.04557800 36.04507065 3.80701542
v 53.11455154 35.67323303 3.85812449
v 53.63156128 36.04507065 3.18868899
v 53.68629837 35.67323303 3.25481915
v 54.34848785 36.04507065 2.72856450
v 54.38581085 35.67323303 2.80587268
v 55.15470123 36.04507065 2.45338273
v 55.17243576 35.67323303 2.53737617
v 56.00334167 36.04507065 2.37913656
v 56.00046158 35.67323303 2.46493340
v 56.84508896 36.04507065 2.51014042
v 56.82175827 35.67323303 2.59275484
v 57.63102722 36.04507065 2.83878112
v 57.58860397 35.67323303 2.91341186
v 58.31547546 36.04507065 3.34595919
v 58.25642776 35.67323303 3.40826869
v 58.85866165 36.04507065 4.00219917
v 58.78641510 35.67323303 4.04856682
v 59.22901535 36.04507065 4.76936293
v 59.14777374 35.67323303 4.79709339
v 59.40501404 36.04507065 5.60286570
v 59.31949234 35.67323303 5.61034775
v 59.37642670 36.04507065 6.45426750
v 59.29160309 35.67323303 6.44106579
v 59.14491653 36.04507065 7.27408743
v 59.06571579 35.67323303 7.24097013
v 58.72393799 36.04507065 8.01468086
v 58.65496445 35.67323303 7.96357203
v 58.13795471 36.04507065 8.63300800
v 58.08321762 35.67323303 8.56687737
v 57.42102432 36.04507065 9.09313202
v 57.38370514 35.67323303 9.01582336
v 56.61481476 36.04507065 9.36831379
v 56.59708023 35.67323303 9.28432083
v 55.76617432 36.04507065 9.44256020
v 55.76905441 35.67323303 9.35676289
v 54.92442703 36.04507065 9.31155586
v 54.94775772 35.67323303 9.22894192
v 54.13848877 36.04507065 8.98291588
v 54.18091202 35.67323303 8.90828514
v 53.45404053 36.04507065 8.47573757
v 53.51308823 35.67323303 8.41342735
v 52.91085434 36.04507065 7.81949759
v 52.98309708 35.67323303 7.77312994
v 53.40012741 35.07996750 5.41149998
v 53.01044083 35.15278625 5.46350956
v 53.36008835 35.07996750 6.13172817
v 52.98690796 35.15278625 6.16437721
v 53.13179016 35.15278625 6.85051060
v 52.66807556 35.36063004 6.19227171
v 52.82889557 35.36063004 6.95389652
v 53.20101929 35.15278625 4.78863955
v 53.64145660 35.07996750 4.73172569
v 53.54756546 35.15278625 4.17898846
v 54.06452179 35.07996750 4.14747763
v 54.02994156 35.15278625 3.66998649
v 54.63505173 35.07996750 3.70608687
v 54.62011337 35.15278625 3.29121542
v 55.30682755 35.07996750 3.44331288
v 55.28377914 35.15278625 3.06468797
v 56.02542496 35.07996750 3.38044381
v 55.98237228 35.15278625 3.00356889
v 56.67529678 35.15278625 3.11141038
v 56.76227188 35.36063004 2.80340385
v 57.48043442 35.36063004 3.10370398
v 56.73262405 35.07996750 3.52257323
v 57.32227325 35.15278625 3.38194489
v 58.10586166 35.36063004 3.56714487
v 57.37113190 35.07996750 3.85818648
v 57.88570786 35.15278625 3.79945016
v 58.60220337 35.36063004 4.16679335
v 57.88922501 35.07996750 4.36009407
v 58.33285522 35.15278625 4.33966208
v 58.94062042 35.36063004 4.86780024
v 58.24493027 35.07996750 4.98763466
v 58.63772583 35.15278625 4.97118616
v 59.10144043 35.36063004 5.62942505
v 58.40942383 35.07996750 5.68996859
v 58.78260422 35.15278625 5.65731955
v 59.07531738 35.36063004 6.40740538
v 58.75907135 35.15278625 6.35818720
v 58.36938858 35.07996750 6.41019678
v 58.56849670 35.15278625 7.03305674
v 58.12805939 35.07996750 7.08997059
v 58.22195053 35.15278625 7.64270830
v 57.70499420 35.07996750 7.67421913
v 57.73957443 35.15278625 8.15170956
v 57.13446045 35.07996750 8.11561012
v 57.14940262 35.15278625 8.53048134
v 56.46268845 35.07996750 8.37838364
v 56.48573303 35.15278625 8.75700855
v 55.74409103 35.07996750 8.44125271
v 55.78713989 35.15278625 8.81812763
v 55.09421921 35.15278625 8.71028614
v 55.00724030 35.36063004 9.01829243
v 54.28908157 35.36063004 8.71799278
v 55.03689194 35.07996750 8.29912376
v 54.44724274 35.15278625 8.43975163
v 53.66365433 35.36063004 8.25455189
v 54.39838028 35.07996750 7.96351004
v 53.88380814 35.15278625 8.02224636
v 53.16730881 35.36063004 7.65490294
v 53.88028717 35.07996750 7.46160221
v 53.43666077 35.15278625 7.48203421
v 53.52458572 35.07996750 6.83406210
v 52.69419861 35.36063004 5.41429138
v 52.90574265 35.36063004 4.66516924
v 53.29041672 35.36063004 3.98844171
v 53.82586670 35.36063004 3.42343712
v 54.48097229 35.36063004 3.00299215
v 55.21765900 35.36063004 2.75154090
v 55.99311447 35.36063004 2.68369722
v 55.77640152 35.36063004 9.13799953
v 56.55185699 35.36063004 9.07015514
v 57.28854370 35.36063004 8.81870461
v 57.94364929 35.36063004 8.39825916
v 58.47909546 35.36063004 7.83325481
v 58.86377335 35.36063004 7.15652704
v 54.88856125 35.07996750 5.99800396
v 55.02503204 35.07996750 6.42160559
v 55.33177948 35.07996750 6.74404526
v 55.74805450 35.07996750 6.90146017
v 56.19140244 35.07996750 6.86267233
v 56.57401657 35.07996750 6.63536406
v 56.82011414 35.07996750 6.26455641
v 56.88095093 35.07996750 5.82369232
v 56.74448395 35.07996750 5.40009117
v 56.43773270 35.07996750 5.07765102
v 56.02146149 35.07996750 4.92023611
v 55.57811356 35.07996750 4.95902443
v 55.19549942 35.07996750 5.18633270
v 54.94940186 35.07996750 5.55714035
v 33.84081268 35.07996750 7.52253151
v 33.41885376 35.07996750 7.58709383
v 33.06246185 35.07996750 7.82169819
v 32.83651352 35.07996750 8.18363857
v 32.78213882 35.07996750 8.60703182
v 32.96625519 35.07996750 10.71152306
v 33.08770370 35.07996750 11.10900688
v 33.36020279 35.07996750 11.42260933
v 33.73672104 35.07996750 11.59820843
v 34.15227890 35.07996750 11.60550022
v 42.27962112 35.07996750 10.02792168
v 48.69639969 35.07996750 7.92679024
v 49.05709076 35.15278625 7.82563591
v 48.72004700 35.15278625 7.55293083
v 49.11001205 35.24854279 7.55577183
v 48.74024963 35.36063004 7.23351717
v 49.08485794 35.43543243 7.26825333
v 48.75406647 35.67323303 7.01506662
v 49.06776810 35.71535492 7.07289219
v 48.75948715 36.04507065 6.92939234
v 49.15291977 36.03808975 7.03806353
v 49.44138336 35.83370590 7.30682611
v 49.47027588 36.03808975 7.29483843
v 49.65866470 36.04507065 7.65692711
v 49.45292664 35.64464188 7.43877459
v 49.57600784 35.67323303 7.68010759
v 49.46983337 35.51879883 7.63202095
v 49.36525345 35.36063004 7.73921347
v 49.60110474 36.28019333 7.48174620
v 49.33153915 36.27616501 7.14244032
v 49.18210983 36.27686691 7.04254293
v 31.72121811 35.15278625 6.90933847
v 32.09439850 35.07996750 6.87668896
v 31.79630089 35.18556976 6.54324675
v 32.11804581 35.15278625 6.50282955
v 31.76919746 35.38679123 6.23345709
v 32.13825226 35.36063004 6.18341637
v 31.75081635 35.68783569 6.02335310
v 32.15206909 35.67323303 5.96496582
v 32.15748596 36.04507065 5.87929153
v 31.73605347 36.03135300 5.94436741
v 31.39689827 35.76678467 6.23216915
v 31.41157913 35.52634811 6.39997339
v 31.43315697 35.36594772 6.64662123
v 31.18584061 35.67113495 6.79080439
v 31.40238571 35.36063004 6.93723249
v 31.18433189 35.67323303 6.95630980
v 31.17351913 35.76284027 6.64996004
v 31.09881210 36.04507065 6.96379185
v 31.15371323 36.03135300 6.54091215
v 31.16510963 35.90056992 6.55383730
v 31.37984848 36.02648544 6.17915392
v 49.53276443 35.15278625 9.06293201
v 49.19720078 35.07996750 9.22945023
v 49.57493210 35.17469025 9.42384911
v 49.26858521 35.15278625 9.59719276
v 49.60603714 35.35164261 9.77935696
v 49.32957077 35.36063004 9.91137981
v 49.62787247 35.66129303 10.02897072
v 49.37128067 35.67323303 10.12625694
v 49.38763809 36.04507065 10.21052933
v 49.80268860 36.02840042 10.02363396
v 49.92311859 35.74719238 9.83136940
v 49.90576172 35.50107574 9.63297081
v 49.88103867 35.36042786 9.35040188
v 49.85345840 35.35087585 9.03514767
v 49.81945801 35.36063004 8.92066479
v 50.07901001 35.63648224 9.06903648
v 50.06355286 35.71147156 8.89233112
v 50.19587326 36.02840042 9.22848606
v 50.09243011 36.04507065 8.78520679
v 50.09211731 36.02243423 9.67196560
v 50.12138367 35.87755203 9.55335617
v 50.11082458 35.72784424 9.43267536
v 50.09578705 35.64229202 9.26079750
v 50.05222702 35.85359955 8.76287556
v 50.01552963 35.67323303 8.82336617
v 49.67939377 36.26553345 10.11634636
v 49.67328262 36.14935684 10.11343479
v 49.99142075 36.13977814 9.84453106
v 50.17256546 36.13999557 9.46942139
v 50.19903564 36.14325714 9.28808212
v 50.18072510 36.15076447 9.03117847
v 50.18660736 36.26694107 9.03354549
v 50.20507050 36.25942612 9.29053688
v 50.17867661 36.25616074 9.47195911
v 49.99760056 36.25594330 9.84727669
v 49.00326157 35.07996750 8.80593586
v 49.26595306 35.15278625 8.45542336
v 48.83611298 35.07996750 8.37115192
v 49.56468964 35.36063004 8.34057522
v 49.76899719 35.67323303 8.26202965
v 49.77967453 36.04507065 8.04180431
v 49.92444992 36.04507065 8.41838646
v 32.65377808 35.15278625 12.82225323
v 32.58239746 35.07996750 12.45451069
v 32.31362534 35.19524384 12.83533192
v 32.20921326 35.15278625 12.48715973
v 31.95329094 35.38004684 12.79264259
v 31.89038086 35.36063004 12.51505375
v 31.69724846 35.68080521 12.69363689
v 31.67232704 35.67323303 12.53413105
v 31.58680916 36.04507065 12.54161263
v 31.70925713 35.77019501 12.83089924
v 31.70865631 36.03235626 12.93856716
v 31.71747780 35.90478134 12.92485523
v 31.98129463 36.02785873 13.25198174
v 31.98876953 35.77244186 13.19817257
v 32.35766983 36.03235626 13.42776871
v 32.35848236 35.69081497 13.34805393
v 32.77283096 36.04507065 13.43558979
v 32.75647354 35.67323303 13.35131741
v 32.71476364 35.36063004 13.13644028
v 32.34021759 35.39263916 13.13929176
v 31.97433853 35.53649902 13.03321934
v 40.96118164 35.15278625 11.20972252
v 41.02216721 35.36063004 11.52391052
v 41.06387711 35.67323303 11.73878670
v 40.41904831 35.15278625 7.02788019
v 40.43925095 35.36063004 6.70846653
v 40.45306778 35.67323303 6.49001598
v 42.15219498 35.07996750 8.04823875
v 42.54689789 35.07996750 8.15720463
v 42.86484146 35.07996750 8.41523170
v 43.05271530 35.07996750 8.77905846
v 43.07901382 35.07996750 9.18768311
v 42.93933868 35.07996750 9.57259274
v 42.65709686 35.07996750 9.86925220
v 26.65961075 38.07996750 14.80142498
v 11.50600815 38.07996750 17.74285507
v 10.30751610 38.07996750 17.95391083
v 29.09982872 38.07996750 8.46318245
v 28.88948059 38.07996750 11.86919403
v 28.91738892 38.07996750 12.55677605
v 27.89531326 38.07996750 3.41237211
v 28.17168808 38.07996750 4.04392862
v 28.26495743 38.07996750 4.72697163
v 27.45687294 38.07996750 2.88037944
v 26.88974190 38.07996750 2.48844862
v 26.23709488 38.07996750 2.26641607
v 25.54861450 38.07996750 2.23118401
v 1.44070375 38.07996750 4.34035301
v 0.76880097 38.07996750 4.49460316
v 0.16462478 38.07996750 4.82659340
v -0.32583153 38.07996750 5.31105089
v -0.66523170 38.07996750 5.91109610
v -0.82773870 38.07996750 6.58104992
v -0.80098158 38.07996750 7.26991177
v -0.58699715 38.07996750 7.92524147
v -0.20207524 38.07996750 8.49715137
v 0.32448182 38.07996750 8.94210625
v -0.33089763 38.07996750 9.96230412
v 0.85222358 38.07996750 9.40179825
v 0.08519111 38.07996750 9.97627544
v 1.21650565 38.07996750 9.99939823
v 0.44712681 38.07996750 10.18201160
v 0.67199439 38.07996750 10.53238201
v -0.95368165 38.07996750 10.47779751
v -0.70581853 38.07996750 10.14330006
v -0.88322049 38.07996750 11.28317261
v -1.01770461 38.07996750 10.88916874
v -0.18038346 38.07996750 11.68268871
v -0.58103800 38.07996750 11.56954765
v -0.08530752 38.07996750 13.75615120
v 0.19465210 38.07996750 13.11331940
v 0.64219487 38.07996750 12.57358265
v -0.17563808 38.07996750 14.45145798
v -0.06922635 38.07996750 15.14448452
v 0.22554810 38.07996750 15.78065968
v 0.68547273 38.07996750 16.30988503
v 1.27433002 38.07996750 16.69048691
v 1.94574916 38.07996750 16.89249229
v 2.23464322 38.07996750 17.04448509
v 2.09509921 38.07996750 16.94046593
v 2.36781859 38.07996750 17.34257126
v 2.33681273 38.07996750 17.20849037
v 2.44507360 38.07996750 18.22560120
v 2.53343844 38.07996750 18.46858788
v 2.73136759 38.07996750 18.63467026
v 2.98600650 38.07996750 18.67949867
v 7.89213181 38.07996750 18.25026703
v 9.10240459 38.07996750 18.12311554
v 1.38331306 38.07996750 10.67910671
v 0.70827931 38.07996750 10.94712162
v 1.33706999 38.07996750 11.37745476
v 0.54766923 38.07996750 11.33121681
v 0.22695795 38.07996750 11.59667778
v 1.08209443 38.07996750 12.02923298
v 28.83867645 38.07996750 7.69807291
v 28.16802025 38.07996750 5.40950346
v 27.88825798 38.07996750 6.03956604
v 28.47673988 38.07996750 7.49233627
v 27.44696617 38.07996750 6.56919622
v 28.06065178 38.07996750 7.47836542
v 27.00706673 38.07996750 7.11354542
v 27.68572998 38.07996750 7.65936089
v 26.75209045 38.07996750 7.76532412
v 27.43786812 38.07996750 7.99385881
v 26.70584679 38.07996750 8.46367168
v 27.37384415 38.07996750 8.40522957
v 27.50832748 38.07996750 8.79923344
v 26.87265396 38.07996750 9.14338017
v 27.81051064 38.07996750 9.08560944
v 27.23693657 38.07996750 9.74098110
v 28.21116638 38.07996750 9.19875050
v 27.76467896 38.07996750 10.20067310
v 28.61850739 38.07996750 9.11273861
v 28.29040527 38.07996750 10.64470100
v 28.93921852 38.07996750 8.84727859
v 28.67506599 38.07996750 11.21530151
v 28.75667191 38.07996750 13.22589397
v 28.41951942 38.07996750 13.82579231
v 27.93150711 38.07996750 14.31096554
v 27.32965469 38.07996750 14.64461327
v 29.06354332 38.07996750 8.04844379
v 9.42226791 35.07996750 17.92356491
v 10.11174107 35.07996750 17.82506180
v 10.79911423 35.07996750 17.71284103
v 11.48411751 35.07996750 17.58694649
v 9.57800198 35.07996750 17.80212593
v 9.67439175 35.07996750 17.62976646
v 9.69640255 35.07996750 17.43336868
v 47.52072144 34.91814041 5.34020662
v 47.51214218 34.49167252 5.32485676
v 48.48040771 34.48093033 5.12450361
v 49.39107513 34.47791290 4.74011278
v 50.02605820 34.48101044 4.32820129
v 50.68899918 34.49067307 3.72047138
v 50.69930267 34.91713715 3.73328567
v 50.03622055 34.90745926 4.34191513
v 49.40095139 34.90435410 4.75446892
v 48.48970413 34.90737915 5.13949013
v 2.45151353 35.97845459 17.14883614
v 2.33138466 35.98231888 16.94213486
v 2.25646996 35.98165512 16.87872887
v 10.08045578 35.07996750 16.09411430
v 9.83746910 35.07996750 16.18247986
v 9.67138672 35.07996750 16.38040733
v 9.62655926 35.07996750 16.63504791
v 26.63475418 35.07996750 14.64580059
v 26.63749886 35.07996750 14.64556026
f 1 2 3
f 3 2 4
f 5 6 7
f 7 6 8
f 9 10 11
f 11 10 12
f 12 10 13
f 12 13 14
f 14 13 15
f 14 15 16
f 16 15 5
f 16 5 7
f 17 18 19
f 19 18 20
f 20 18 21
f 20 21 22
f 22 21 23
f 22 23 24
f 24 23 9
f 24 9 11
f 25 26 27
f 27 26 28
f 28 26 29
f 28 29 30
f 30 29 31
f 30 31 32
f 32 31 17
f 32 17 19
f 33 34 35
f 35 34 36
f 36 34 37
f 36 37 38
f 38 37 39
f 38 39 40
f 40 39 25
f 40 25 27
f 41 42 43
f 43 42 44
f 44 42 45
f 44 45 46
f 46 45 47
f 46 47 48
f 48 47 33
f 48 33 35
f 49 50 51
f 51 50 52
f 52 50 53
f 52 53 54
f 54 53 55
f 54 55 56
f 56 55 41
f 56 41 43
f 57 58 59
f 59 58 60
f 60 58 61
f 60 61 62
f 62 61 63
f 62 63 64
f 64 63 49
f 64 49 51
f 65 66 67
f 67 66 68
f 68 66 69
f 68 69 70
f 70 69 71
f 70 71 72
f 72 71 57
f 72 57 59
f 73 74 75
f 75 74 76
f 76 74 77
f 76 77 78
f 78 77 79
f 78 79 80
f 80 79 65
f 80 65 67
f 81 82 83
f 83 82 84
f 84 82 85
f 84 85 86
f 86 85 87
f 86 87 88
f 88 87 73
f 88 73 75
f 89 81 90
f 90 81 83
f 91 92 93
f 93 92 94
f 94 92 95
f 94 95 96
f 96 95 97
f 96 97 98
f 98 97 89
f 98 89 90
f 99 100 101
f 101 100 102
f 102 100 103
f 102 103 104
f 104 103 105
f 104 105 106
f 106 105 91
f 106 91 93
f 107 108 109
f 109 108 110
f 110 108 111
f 110 111 112
f 112 111 113
f 112 113 114
f 114 113 99
f 114 99 101
f 115 116 117
f 117 116 118
f 118 116 119
f 118 119 120
f 120 119 121
f 120 121 122
f 122 121 107
f 122 107 109
f 123 124 125
f 125 124 126
f 126 124 127
f 126 127 128
f 128 127 129
f 128 129 130
f 130 129 115
f 130 115 117
f 131 132 133
f 133 132 134
f 134 132 135
f 134 135 136
f 136 135 137
f 136 137 138
f 138 137 123
f 138 123 125
f 139 140 141
f 141 140 142
f 142 140 143
f 142 143 144
f 144 143 145
f 144 145 146
f 146 145 131
f 146 131 133
f 147 148 149
f 149 148 150
f 150 148 151
f 150 151 152
f 152 151 153
f 152 153 154
f 154 153 139
f 154 139 141
f 155 156 157
f 157 156 158
f 158 156 159
f 158 159 160
f 160 159 161
f 160 161 162
f 162 161 147
f 162 147 149
f 6 163 8
f 8 163 164
f 164 163 165
f 164 165 166
f 166 165 167
f 166 167 168
f 168 167 155
f 168 155 157
f 7 8 16
f 16 8 164
f 16 164 14
f 14 164 166
f 14 166 12
f 12 166 168
f 12 168 11
f 11 168 157
f 11 157 24
f 24 157 158
f 24 158 22
f 22 158 160
f 22 160 20
f 20 160 162
f 20 162 19
f 19 162 149
f 19 149 32
f 32 149 150
f 32 150 152
f 32 152 30
f 30 152 154
f 30 154 28
f 28 154 141
f 28 141 27
f 27 141 142
f 27 142 40
f 40 142 144
f 40 144 38
f 38 144 146
f 38 146 36
f 36 146 133
f 36 133 35
f 35 133 134
f 35 134 48
f 48 134 136
f 48 136 46
f 46 136 138
f 46 138 44
f 44 138 125
f 44 125 43
f 43 125 126
f 43 126 56
f 56 126 128
f 56 128 54
f 54 128 130
f 54 130 52
f 52 130 117
f 52 117 51
f 51 117 118
f 51 118 64
f 64 118 120
f 64 120 62
f 62 120 122
f 62 122 60
f 60 122 109
f 60 109 59
f 59 109 72
f 72 109 110
f 72 110 112
f 114 68 112
f 112 68 70
f 112 70 72
f 114 101 68
f 68 101 67
f 67 101 102
f 67 102 80
f 80 102 104
f 80 104 78
f 78 104 106
f 78 106 76
f 76 106 93
f 76 93 75
f 75 93 94
f 75 94 88
f 88 94 96
f 88 96 86
f 86 96 98
f 86 98 84
f 84 98 90
f 84 90 83
f 169 170 171
f 171 170 172
f 173 169 174
f 174 169 171
f 175 176 177
f 177 176 178
f 178 176 179
f 178 179 180
f 180 179 181
f 180 181 182
f 182 181 173
f 182 173 174
f 183 184 185
f 185 184 186
f 186 184 187
f 186 187 188
f 188 187 189
f 188 189 190
f 190 189 175
f 190 175 177
f 191 192 193
f 193 192 194
f 194 192 195
f 194 195 196
f 196 195 197
f 196 197 198
f 198 197 183
f 198 183 185
f 199 200 201
f 201 200 202
f 202 200 203
f 202 203 204
f 204 203 205
f 204 205 206
f 206 205 191
f 206 191 193
f 207 208 209
f 209 208 210
f 210 208 211
f 210 211 212
f 212 211 213
f 212 213 214
f 214 213 199
f 214 199 201
f 215 216 217
f 217 216 218
f 218 216 219
f 218 219 220
f 220 219 221
f 220 221 222
f 222 221 207
f 222 207 209
f 223 224 225
f 225 224 226
f 226 224 227
f 226 227 228
f 228 227 229
f 228 229 230
f 230 229 215
f 230 215 217
f 231 232 233
f 233 232 234
f 234 232 235
f 234 235 236
f 236 235 237
f 236 237 238
f 238 237 223
f 238 223 225
f 239 240 241
f 241 240 242
f 242 240 243
f 242 243 244
f 244 243 245
f 244 245 246
f 246 245 231
f 246 231 233
f 247 239 248
f 248 239 241
f 249 250 251
f 251 250 252
f 252 250 253
f 252 253 254
f 254 253 255
f 254 255 256
f 256 255 247
f 256 247 248
f 257 258 259
f 259 258 260
f 260 258 261
f 260 261 262
f 262 261 263
f 262 263 264
f 264 263 249
f 264 249 251
f 265 266 267
f 267 266 268
f 268 266 269
f 268 269 270
f 270 269 271
f 270 271 272
f 272 271 257
f 272 257 259
f 273 274 275
f 275 274 276
f 276 274 277
f 276 277 278
f 278 277 279
f 278 279 280
f 280 279 265
f 280 265 267
f 281 282 283
f 283 282 284
f 284 282 285
f 284 285 286
f 286 285 287
f 286 287 288
f 288 287 273
f 288 273 275
f 289 290 291
f 291 290 292
f 292 290 293
f 292 293 294
f 294 293 295
f 294 295 296
f 296 295 281
f 296 281 283
f 297 298 299
f 299 298 300
f 300 298 301
f 300 301 302
f 302 301 303
f 302 303 304
f 304 303 289
f 304 289 291
f 305 306 307
f 307 306 308
f 308 306 309
f 308 309 310
f 310 309 311
f 310 311 312
f 312 311 297
f 312 297 299
f 313 314 315
f 315 314 316
f 316 314 317
f 316 317 318
f 318 317 319
f 318 319 320
f 320 319 305
f 320 305 307
f 170 313 172
f 172 313 315
f 172 315 171
f 171 315 174
f 174 315 182
f 182 315 180
f 180 315 178
f 178 315 177
f 177 315 190
f 190 315 188
f 188 315 186
f 186 315 185
f 185 315 198
f 198 315 316
f 198 316 318
f 318 320 198
f 198 320 196
f 196 320 307
f 196 307 194
f 194 307 308
f 194 308 310
f 194 310 193
f 193 310 312
f 193 312 206
f 206 312 299
f 206 299 204
f 204 299 300
f 204 300 302
f 204 302 202
f 202 302 304
f 202 304 201
f 201 304 291
f 201 291 214
f 214 291 292
f 214 292 212
f 212 292 294
f 212 294 296
f 212 296 210
f 210 296 283
f 210 283 284
f 210 284 209
f 209 284 286
f 209 286 288
f 288 275 209
f 209 275 276
f 209 276 222
f 222 276 278
f 222 278 280
f 222 280 220
f 220 280 267
f 220 267 218
f 218 267 268
f 218 268 217
f 217 268 270
f 217 270 230
f 230 270 228
f 228 270 272
f 228 272 226
f 226 272 259
f 226 259 225
f 225 259 238
f 238 259 260
f 238 260 236
f 236 260 262
f 236 262 234
f 234 262 264
f 234 264 233
f 233 264 251
f 233 251 246
f 246 251 252
f 246 252 244
f 244 252 254
f 244 254 242
f 242 254 256
f 242 256 241
f 241 256 248
f 321 322 323
f 323 322 324
f 323 324 325
f 325 324 326
f 326 324 327
f 325 328 323
f 323 328 329
f 329 330 323
f 323 330 331
f 331 330 332
f 331 332 333
f 333 332 334
f 334 332 335
f 336 337 338
f 338 337 339
f 339 337 334
f 339 334 340
f 340 334 335
f 337 341 334
f 334 341 342
f 342 341 343
f 343 341 337
f 343 337 336
f 336 344 343
f 343 344 345
f 345 344 346
f 345 346 347
f 344 348 346
f 346 348 349
f 349 348 350
f 350 348 351
f 351 348 352
f 324 322 327
f 327 322 321
f 327 321 353
f 327 353 354
f 354 353 355
f 354 355 356
f 356 355 357
f 357 355 358
f 358 355 359
f 359 355 360
f 361 362 363
f 363 362 364
f 363 364 365
f 365 364 366
f 365 366 367
f 362 361 368
f 368 361 369
f 368 369 370
f 370 369 371
f 370 371 372
f 372 371 373
f 372 373 374
f 374 373 375
f 374 375 376
f 376 375 377
f 376 377 378
f 378 377 379
f 378 379 380
f 380 379 381
f 380 381 382
f 382 381 383
f 383 381 384
f 384 381 385
f 384 385 386
f 386 385 387
f 387 385 388
f 387 388 389
f 389 388 390
f 389 390 391
f 379 392 381
f 381 392 385
f 392 393 385
f 385 393 388
f 393 394 388
f 388 394 395
f 388 395 390
f 390 395 396
f 396 395 397
f 396 397 398
f 394 399 395
f 395 399 400
f 395 400 397
f 397 400 401
f 401 400 402
f 402 400 403
f 403 400 404
f 403 404 405
f 405 404 406
f 406 404 407
f 406 407 408
f 399 409 400
f 400 409 404
f 409 410 404
f 404 410 411
f 404 411 407
f 407 411 412
f 412 411 413
f 412 413 414
f 414 413 415
f 415 413 416
f 415 416 417
f 417 416 418
f 418 416 419
f 418 419 420
f 410 421 411
f 411 421 413
f 413 421 416
f 416 421 422
f 416 422 423
f 423 422 424
f 423 424 425
f 425 424 426
f 425 426 427
f 427 426 428
f 427 428 429
f 429 428 430
f 429 430 431
f 431 430 432
f 431 432 433
f 433 432 434
f 433 434 435
f 435 434 436
f 436 434 437
f 436 437 438
f 432 439 434
f 434 439 440
f 434 440 437
f 437 440 441
f 441 440 329
f 441 329 328
f 439 442 440
f 440 442 443
f 440 443 330
f 330 443 332
f 332 443 335
f 335 443 444
f 335 444 340
f 340 444 445
f 445 444 446
f 445 446 447
f 447 446 448
f 447 448 367
f 367 448 365
f 442 449 443
f 443 449 444
f 449 450 444
f 444 450 446
f 450 451 446
f 446 451 448
f 451 452 448
f 448 452 365
f 452 363 365
f 382 453 380
f 380 453 378
f 453 454 378
f 378 454 376
f 454 455 376
f 376 455 374
f 455 456 374
f 374 456 372
f 456 457 372
f 372 457 370
f 457 458 370
f 370 458 368
f 458 459 368
f 368 459 362
f 459 460 362
f 362 460 364
f 460 366 364
f 330 329 440
f 435 461 433
f 433 461 462
f 433 462 431
f 431 462 463
f 431 463 464
f 462 465 463
f 466 467 464
f 464 467 431
f 431 467 429
f 429 467 468
f 429 468 469
f 429 469 427
f 427 469 470
f 427 470 471
f 471 470 472
f 427 471 425
f 425 471 473
f 425 473 474
f 474 473 475
f 425 474 423
f 423 474 476
f 423 476 477
f 477 419 423
f 423 419 416
f 417 478 415
f 405 479 403
f 336 338 344
f 344 338 480
f 344 480 348
f 348 480 481
f 348 481 352
f 352 481 482
f 352 482 483
f 483 482 484
f 484 482 485
f 485 482 486
f 485 486 487
f 487 486 488
f 487 488 489
f 338 339 480
f 480 339 490
f 480 490 481
f 481 490 491
f 481 491 482
f 482 491 492
f 482 492 486
f 486 492 488
f 493 494 489
f 489 494 495
f 489 495 487
f 487 495 494
f 496 497 493
f 493 497 498
f 493 498 494
f 494 498 499
f 499 498 497
f 499 497 500
f 500 497 501
f 500 501 502
f 502 501 503
f 502 503 504
f 504 503 505
f 505 503 506
f 505 506 507
f 507 506 508
f 508 506 509
f 508 509 510
f 510 509 511
f 510 511 512
f 512 511 513
f 512 513 514
f 514 513 515
f 514 515 516
f 516 515 517
f 516 517 518
f 497 496 501
f 501 496 519
f 501 519 520
f 501 520 503
f 503 520 521
f 503 521 506
f 506 521 522
f 506 522 509
f 509 522 523
f 509 523 511
f 511 523 524
f 511 524 513
f 513 524 525
f 513 525 515
f 515 525 526
f 515 526 517
f 325 326 527
f 527 326 528
f 527 528 529
f 529 528 530
f 529 530 531
f 327 354 326
f 326 354 528
f 354 356 528
f 528 356 530
f 356 357 530
f 339 340 490
f 490 340 445
f 490 445 491
f 491 445 447
f 491 447 492
f 492 447 367
f 492 367 488
f 488 367 366
f 488 366 489
f 489 366 460
f 489 460 493
f 493 460 459
f 493 459 496
f 496 459 458
f 496 458 519
f 519 458 457
f 519 457 520
f 520 457 456
f 520 456 521
f 521 456 455
f 521 455 522
f 522 455 454
f 522 454 523
f 523 454 453
f 523 453 524
f 524 453 382
f 524 382 525
f 525 382 383
f 525 383 526
f 325 527 328
f 328 527 441
f 441 527 529
f 441 529 437
f 437 529 438
f 438 529 531
f 532 533 534
f 534 533 535
f 534 535 536
f 536 535 537
f 537 535 538
f 536 465 534
f 534 465 462
f 462 461 534
f 534 461 539
f 539 461 435
f 539 435 540
f 540 435 541
f 541 435 436
f 357 358 530
f 530 358 531
f 531 358 541
f 531 541 438
f 438 541 436
f 358 359 541
f 541 359 360
f 535 533 538
f 538 533 532
f 538 532 542
f 538 542 543
f 543 542 544
f 543 544 545
f 545 544 546
f 546 544 547
f 547 544 548
f 548 544 549
f 536 537 550
f 550 537 551
f 550 551 552
f 552 551 553
f 552 553 554
f 538 543 537
f 537 543 551
f 543 545 551
f 551 545 553
f 545 546 553
f 536 550 465
f 465 550 463
f 463 550 552
f 463 552 464
f 464 552 466
f 466 552 554
f 555 556 557
f 557 556 558
f 557 558 559
f 559 558 560
f 560 558 561
f 559 472 557
f 557 472 470
f 470 469 557
f 557 469 562
f 562 469 468
f 562 468 563
f 563 468 564
f 564 468 467
f 546 547 553
f 553 547 554
f 554 547 564
f 554 564 466
f 466 564 467
f 547 548 564
f 564 548 549
f 559 565 472
f 472 565 471
f 471 565 566
f 471 566 473
f 473 566 475
f 475 566 567
f 568 569 570
f 570 569 571
f 570 571 572
f 572 571 573
f 573 571 574
f 572 420 570
f 570 420 419
f 419 477 570
f 570 477 575
f 575 477 476
f 575 476 576
f 576 476 577
f 577 476 474
f 578 579 580
f 580 579 567
f 567 579 577
f 567 577 475
f 475 577 474
f 579 581 577
f 577 581 582
f 572 583 420
f 420 583 418
f 418 583 584
f 418 584 417
f 417 584 478
f 478 584 585
f 558 556 561
f 561 556 555
f 561 555 586
f 561 586 587
f 587 586 588
f 587 588 589
f 589 588 578
f 578 588 579
f 579 588 581
f 581 588 582
f 559 560 565
f 565 560 590
f 565 590 566
f 566 590 580
f 566 580 567
f 561 587 560
f 560 587 590
f 587 589 590
f 590 589 580
f 589 578 580
f 591 592 593
f 593 592 594
f 593 594 595
f 595 594 596
f 596 594 597
f 595 398 593
f 593 398 397
f 397 401 593
f 593 401 598
f 598 401 402
f 598 402 599
f 599 402 600
f 600 402 403
f 601 602 603
f 603 602 604
f 604 602 600
f 604 600 479
f 479 600 403
f 602 605 600
f 600 605 606
f 606 605 607
f 607 605 602
f 607 602 601
f 601 608 607
f 607 608 609
f 607 609 610
f 610 609 611
f 610 611 612
f 612 611 613
f 613 611 614
f 594 592 597
f 597 592 591
f 597 591 615
f 597 615 616
f 616 615 617
f 616 617 618
f 618 617 619
f 619 617 620
f 620 617 621
f 621 617 622
f 601 603 608
f 608 603 623
f 608 623 609
f 609 623 624
f 609 624 611
f 604 625 603
f 603 625 623
f 625 626 623
f 623 626 624
f 626 627 624
f 595 596 628
f 628 596 629
f 628 629 630
f 630 629 631
f 630 631 632
f 597 616 596
f 596 616 629
f 616 618 629
f 629 618 631
f 618 619 631
f 604 479 625
f 625 479 405
f 625 405 406
f 625 406 626
f 626 406 408
f 626 408 627
f 595 628 398
f 398 628 396
f 396 628 630
f 396 630 390
f 390 630 391
f 391 630 632
f 633 634 635
f 635 634 636
f 635 636 526
f 526 636 517
f 517 636 518
f 526 383 635
f 635 383 384
f 384 386 635
f 635 386 637
f 637 386 387
f 637 387 638
f 638 387 639
f 639 387 389
f 619 620 631
f 631 620 632
f 632 620 639
f 632 639 391
f 391 639 389
f 620 621 639
f 639 621 622
f 636 634 518
f 518 634 633
f 518 633 640
f 641 514 640
f 640 514 516
f 640 516 518
f 514 641 512
f 512 641 642
f 512 642 510
f 510 642 643
f 510 643 644
f 644 645 510
f 510 645 646
f 510 646 647
f 510 647 508
f 508 647 648
f 508 648 649
f 649 507 508
f 572 573 583
f 583 573 650
f 583 650 584
f 584 650 651
f 584 651 585
f 574 652 573
f 573 652 650
f 652 653 650
f 650 653 651
f 653 654 651
f 612 613 655
f 655 613 614
f 655 614 627
f 627 614 624
f 624 614 611
f 627 408 655
f 655 408 407
f 407 412 655
f 655 412 656
f 656 412 414
f 656 414 657
f 657 414 658
f 658 414 415
f 654 659 651
f 651 659 585
f 585 659 658
f 585 658 478
f 478 658 415
f 659 660 658
f 658 660 661
f 571 569 574
f 574 569 568
f 574 568 662
f 574 662 652
f 652 662 663
f 652 663 653
f 653 663 654
f 654 663 659
f 659 663 660
f 660 663 661
f 361 363 664
f 664 363 452
f 664 452 665
f 665 452 451
f 665 451 666
f 666 451 450
f 666 450 667
f 667 450 449
f 667 449 668
f 668 449 442
f 668 442 669
f 669 442 439
f 669 439 670
f 670 439 432
f 670 432 671
f 671 432 430
f 671 430 672
f 672 430 428
f 672 428 673
f 673 428 426
f 673 426 674
f 674 426 424
f 674 424 675
f 675 424 422
f 675 422 676
f 676 422 421
f 676 421 677
f 677 421 410
f 677 410 678
f 678 410 409
f 678 409 679
f 679 409 399
f 679 399 680
f 680 399 394
f 680 394 681
f 681 394 393
f 681 393 682
f 682 393 392
f 682 392 683
f 683 392 379
f 683 379 684
f 684 379 377
f 684 377 685
f 685 377 375
f 685 375 686
f 686 375 373
f 686 373 687
f 687 373 371
f 687 371 688
f 688 371 369
f 688 369 689
f 689 369 361
f 689 361 664
f 690 691 352
f 352 691 692
f 352 692 693
f 693 692 694
f 693 694 695
f 695 694 696
f 695 696 697
f 697 696 698
f 697 698 699
f 699 698 700
f 699 700 351
f 351 700 701
f 351 701 350
f 350 701 702
f 350 702 349
f 349 702 346
f 691 690 703
f 703 690 704
f 703 704 705
f 705 696 703
f 703 696 694
f 703 694 692
f 346 706 696
f 696 706 707
f 696 707 708
f 708 707 701
f 708 701 700
f 352 693 351
f 351 693 709
f 351 709 699
f 699 709 697
f 706 346 702
f 703 692 691
f 696 708 698
f 698 708 700
f 707 706 702
f 707 702 701
f 709 693 695
f 697 709 695
f 710 705 711
f 711 705 704
f 711 704 712
f 712 704 690
f 712 690 713
f 713 690 483
f 713 483 484
f 690 352 483
f 713 484 714
f 714 484 485
f 714 485 715
f 715 485 716
f 715 716 717
f 717 716 718
f 717 718 719
f 719 718 720
f 719 720 721
f 485 487 716
f 719 721 722
f 722 721 723
f 722 723 711
f 711 723 710
f 722 711 712
f 712 713 724
f 724 713 714
f 724 714 717
f 717 714 715
f 717 719 724
f 724 719 722
f 724 722 712
f 500 502 725
f 725 502 726
f 725 726 727
f 727 726 728
f 727 728 729
f 729 728 730
f 729 730 731
f 731 730 732
f 731 732 733
f 733 732 734
f 733 734 735
f 735 734 736
f 735 736 737
f 737 736 738
f 737 738 718
f 718 738 739
f 718 739 720
f 728 740 730
f 730 740 741
f 730 741 742
f 730 742 732
f 732 742 743
f 732 743 734
f 734 743 744
f 734 744 736
f 736 744 745
f 736 745 738
f 738 745 746
f 738 746 739
f 737 718 747
f 747 718 716
f 747 716 748
f 748 716 487
f 748 487 494
f 748 494 749
f 749 494 499
f 749 499 750
f 750 499 500
f 750 500 751
f 751 500 725
f 751 725 727
f 727 729 752
f 752 729 731
f 752 731 753
f 753 731 733
f 753 733 754
f 754 733 735
f 754 735 747
f 747 735 737
f 750 751 752
f 752 751 727
f 750 752 753
f 749 750 753
f 749 753 754
f 748 749 754
f 748 754 747
f 755 756 757
f 757 756 758
f 757 758 759
f 759 758 760
f 759 760 761
f 761 760 507
f 761 507 649
f 761 649 762
f 762 649 648
f 762 648 763
f 763 648 764
f 763 764 765
f 765 764 766
f 765 766 767
f 767 766 768
f 767 768 769
f 769 768 770
f 770 768 771
f 770 771 772
f 772 771 773
f 773 771 774
f 774 771 644
f 648 647 764
f 764 647 775
f 764 775 766
f 766 775 776
f 766 776 768
f 768 776 771
f 775 647 777
f 777 647 646
f 777 646 778
f 778 646 645
f 778 645 644
f 767 769 779
f 779 769 780
f 779 780 781
f 781 780 782
f 781 782 783
f 783 782 759
f 783 759 761
f 780 755 782
f 782 755 757
f 782 757 759
f 778 644 784
f 761 762 783
f 783 762 785
f 783 785 781
f 781 785 779
f 762 763 785
f 785 763 765
f 785 765 779
f 779 765 767
f 778 784 777
f 777 784 776
f 777 776 775
f 644 771 784
f 784 771 776
f 756 786 787
f 787 786 788
f 787 788 789
f 789 788 790
f 789 790 791
f 791 790 505
f 791 505 507
f 507 760 791
f 791 760 789
f 760 758 789
f 789 758 787
f 758 756 787
f 504 505 792
f 792 505 790
f 792 790 793
f 793 790 788
f 793 788 794
f 794 788 795
f 794 795 728
f 728 795 740
f 788 786 795
f 794 728 793
f 793 728 726
f 793 726 792
f 792 726 502
f 792 502 504
f 786 756 796
f 796 756 755
f 796 755 797
f 797 755 780
f 797 780 798
f 798 780 769
f 798 769 799
f 799 769 770
f 799 770 800
f 800 770 772
f 800 772 773
f 773 774 800
f 800 774 644
f 799 801 798
f 798 801 802
f 798 802 797
f 797 802 803
f 797 803 796
f 801 804 802
f 802 804 805
f 802 805 803
f 795 806 740
f 740 806 807
f 740 807 808
f 808 807 809
f 809 807 810
f 810 807 811
f 810 811 812
f 812 811 813
f 812 813 814
f 814 813 815
f 814 815 803
f 803 815 796
f 796 815 816
f 796 816 786
f 786 816 806
f 786 806 795
f 803 805 814
f 811 807 806
f 813 811 816
f 816 811 806
f 815 813 816
f 817 818 819
f 819 818 820
f 819 820 821
f 821 820 822
f 821 822 823
f 823 822 824
f 823 824 825
f 825 824 826
f 825 826 827
f 827 826 828
f 827 828 829
f 829 828 830
f 829 830 831
f 831 830 832
f 831 832 808
f 820 818 833
f 833 818 834
f 833 834 835
f 835 834 836
f 835 836 826
f 826 836 828
f 834 837 836
f 836 837 838
f 836 838 828
f 828 838 830
f 837 839 838
f 838 839 840
f 838 840 832
f 808 809 831
f 831 809 829
f 809 810 829
f 829 810 827
f 827 810 825
f 825 810 812
f 825 812 823
f 823 812 814
f 823 814 821
f 838 832 830
f 822 820 833
f 826 824 835
f 835 824 833
f 824 822 833
f 841 842 843
f 843 842 844
f 843 844 817
f 817 844 818
f 818 844 834
f 834 844 845
f 834 845 837
f 837 845 846
f 837 846 839
f 839 846 847
f 839 847 848
f 848 847 849
f 849 847 850
f 850 847 851
f 850 851 841
f 841 851 842
f 845 844 842
f 845 842 851
f 846 845 851
f 846 851 847
f 852 853 854
f 854 853 855
f 854 855 856
f 856 855 857
f 856 857 858
f 858 857 859
f 858 859 860
f 860 859 861
f 860 861 862
f 862 861 863
f 862 863 850
f 850 863 849
f 849 863 864
f 849 864 865
f 865 864 866
f 866 864 867
f 866 867 868
f 868 867 861
f 868 861 859
f 857 869 859
f 859 869 868
f 869 870 868
f 868 870 866
f 865 848 849
f 862 850 871
f 871 850 841
f 871 841 872
f 872 841 843
f 872 843 873
f 873 852 872
f 872 852 874
f 872 874 875
f 875 874 856
f 875 856 858
f 874 852 854
f 875 858 860
f 874 854 856
f 863 861 867
f 864 863 867
f 862 871 860
f 860 871 875
f 871 872 875
f 853 876 855
f 855 876 877
f 855 877 857
f 857 877 878
f 857 878 869
f 869 878 879
f 869 879 870
f 870 879 880
f 881 882 883
f 883 882 884
f 883 884 885
f 885 884 886
f 885 886 887
f 887 886 888
f 887 888 889
f 889 888 890
f 889 890 891
f 891 890 892
f 891 892 893
f 893 892 894
f 893 894 895
f 895 894 896
f 895 896 897
f 897 896 898
f 897 898 899
f 899 898 900
f 899 900 901
f 901 900 902
f 901 902 903
f 903 902 904
f 903 904 905
f 905 904 906
f 905 906 907
f 907 906 908
f 907 908 909
f 909 908 910
f 909 910 911
f 911 910 912
f 911 912 913
f 913 912 914
f 913 914 915
f 915 914 916
f 915 916 917
f 917 916 918
f 917 918 919
f 919 918 920
f 919 920 921
f 921 920 922
f 921 922 923
f 923 922 924
f 923 924 925
f 925 924 926
f 925 926 927
f 927 926 928
f 927 928 929
f 929 928 930
f 929 930 931
f 931 930 932
f 931 932 933
f 933 932 934
f 933 934 878
f 878 934 879
f 879 934 935
f 879 935 880
f 880 935 936
f 936 935 937
f 936 937 938
f 938 937 939
f 938 939 940
f 940 939 930
f 940 930 928
f 886 941 888
f 888 941 942
f 888 942 890
f 890 942 943
f 890 943 892
f 892 943 944
f 892 944 894
f 894 944 945
f 894 945 896
f 896 945 946
f 896 946 898
f 898 946 947
f 898 947 900
f 900 947 948
f 900 948 902
f 902 948 949
f 902 949 904
f 904 949 950
f 904 950 906
f 906 950 951
f 906 951 908
f 908 951 952
f 908 952 910
f 910 952 953
f 910 953 912
f 912 953 954
f 912 954 914
f 914 954 955
f 914 955 916
f 916 955 956
f 916 956 918
f 918 956 957
f 918 957 920
f 920 957 958
f 920 958 922
f 922 958 959
f 922 959 924
f 924 959 960
f 924 960 926
f 926 960 961
f 926 961 928
f 928 961 940
f 941 962 942
f 942 962 963
f 942 963 943
f 943 963 964
f 943 964 944
f 944 964 945
f 964 965 945
f 945 965 946
f 965 966 946
f 946 966 947
f 966 967 947
f 947 967 948
f 967 968 948
f 948 968 949
f 949 968 950
f 950 968 969
f 950 969 951
f 951 969 970
f 951 970 952
f 952 970 971
f 952 971 953
f 953 971 972
f 953 972 973
f 953 973 954
f 954 973 974
f 954 974 955
f 955 974 956
f 974 975 956
f 956 975 957
f 975 976 957
f 957 976 958
f 976 977 958
f 958 977 959
f 977 978 959
f 959 978 960
f 978 979 960
f 960 979 961
f 979 980 961
f 961 980 940
f 980 938 940
f 933 878 981
f 981 878 877
f 981 877 982
f 982 877 876
f 982 876 983
f 983 984 982
f 982 984 985
f 982 985 986
f 986 985 987
f 986 987 929
f 929 987 927
f 984 988 985
f 985 988 989
f 985 989 987
f 987 989 990
f 987 990 927
f 927 990 925
f 989 988 991
f 991 988 992
f 991 992 993
f 993 992 994
f 993 994 995
f 995 994 996
f 995 996 997
f 997 996 998
f 997 998 999
f 999 998 1000
f 999 1000 1001
f 1001 1000 1002
f 1001 1002 1003
f 1003 1002 1004
f 1003 1004 1005
f 1005 1004 1006
f 1005 1006 1007
f 1007 1006 1008
f 1007 1008 909
f 909 1008 907
f 1004 1009 1006
f 1006 1009 1010
f 1006 1010 1008
f 1008 1010 1011
f 1008 1011 907
f 907 1011 905
f 1009 1012 1010
f 1010 1012 1013
f 1010 1013 1014
f 1014 1013 1015
f 1014 1015 1016
f 1016 1015 1017
f 1016 1017 1018
f 1018 1017 1019
f 1018 1019 1020
f 1020 1019 1021
f 1020 1021 1022
f 1022 1021 1023
f 1022 1023 897
f 897 1023 895
f 1019 1024 1021
f 1021 1024 1025
f 1021 1025 1023
f 1023 1025 1026
f 1023 1026 895
f 895 1026 893
f 1024 1027 1025
f 1025 1027 1028
f 1025 1028 1026
f 1026 1028 1029
f 1026 1029 893
f 893 1029 891
f 1027 1030 1028
f 1028 1030 1031
f 1028 1031 1032
f 1032 1031 1033
f 1032 1033 1034
f 1034 1033 1035
f 1034 1035 1036
f 1036 1035 885
f 1036 885 887
f 1033 1037 1035
f 1035 1037 883
f 1035 883 885
f 1037 881 883
f 1036 887 889
f 1036 889 1038
f 1038 889 891
f 1038 891 1029
f 1029 1032 1038
f 1038 1032 1034
f 1038 1034 1036
f 1032 1029 1028
f 1022 897 899
f 1022 899 1039
f 1039 899 901
f 1039 901 1040
f 1040 901 903
f 1040 903 1041
f 1041 903 905
f 1041 905 1011
f 1040 1018 1039
f 1039 1018 1020
f 1039 1020 1022
f 1018 1040 1016
f 1016 1040 1041
f 1016 1041 1014
f 1014 1041 1011
f 1014 1011 1010
f 1007 909 911
f 1007 911 1042
f 1042 911 913
f 1042 913 1043
f 1043 913 915
f 1043 915 1044
f 1044 915 917
f 1044 917 1045
f 1045 917 919
f 1045 919 1046
f 1046 919 921
f 1046 921 1047
f 1047 921 923
f 1047 923 1048
f 1048 923 925
f 1048 925 990
f 1043 1003 1042
f 1042 1003 1005
f 1042 1005 1007
f 1003 1043 1001
f 1001 1043 1044
f 1001 1044 999
f 999 1044 1045
f 999 1045 997
f 997 1045 1046
f 997 1046 995
f 995 1046 1047
f 995 1047 993
f 993 1047 1048
f 993 1048 991
f 991 1048 990
f 991 990 989
f 930 939 932
f 932 939 937
f 932 937 934
f 934 937 935
f 929 931 986
f 986 931 981
f 986 981 982
f 981 931 933
f 1049 1050 1051
f 1051 1050 1052
f 1051 1052 882
f 882 1052 884
f 884 1052 886
f 886 1052 1053
f 886 1053 941
f 941 1053 1054
f 941 1054 962
f 962 1054 1055
f 962 1055 1056
f 1056 1055 1057
f 1057 1055 1058
f 1058 1055 1059
f 1058 1059 1049
f 1049 1059 1050
f 1053 1052 1050
f 1053 1050 1059
f 1054 1053 1059
f 1054 1059 1055
f 1060 1061 1062
f 1062 1061 1063
f 1062 1063 1064
f 1064 1063 1065
f 1064 1065 1066
f 1066 1065 1067
f 1066 1067 1068
f 1068 1067 1069
f 1068 1069 1070
f 1070 1069 1071
f 1070 1071 1072
f 1072 1071 1073
f 1072 1073 1074
f 1074 1073 1075
f 1074 1075 1076
f 1076 1075 1077
f 1076 1077 1058
f 1058 1077 1057
f 1057 1077 1078
f 1057 1078 1079
f 1079 1078 1080
f 1079 1080 1081
f 1081 1080 1082
f 1081 1082 1083
f 1083 1082 1084
f 1083 1084 1085
f 1085 1084 1086
f 1085 1086 1087
f 1087 1086 1071
f 1087 1071 1069
f 1065 1088 1067
f 1067 1088 1089
f 1067 1089 1069
f 1069 1089 1087
f 1089 1088 1090
f 1090 1088 1091
f 1090 1091 1092
f 1090 1092 1085
f 1085 1092 1083
f 1081 1056 1079
f 1079 1056 1057
f 1076 1058 1093
f 1093 1058 1049
f 1093 1049 1094
f 1094 1049 1051
f 1094 1051 1095
f 1096 1097 1095
f 1095 1097 1098
f 1095 1098 1094
f 1094 1098 1099
f 1094 1099 1093
f 1093 1099 1074
f 1093 1074 1076
f 1060 1100 1096
f 1096 1100 1101
f 1096 1101 1097
f 1097 1101 1102
f 1097 1102 1103
f 1103 1102 1070
f 1103 1070 1072
f 1100 1060 1062
f 1087 1089 1090
f 1085 1087 1090
f 1100 1062 1064
f 1064 1066 1104
f 1104 1066 1068
f 1104 1068 1102
f 1102 1068 1070
f 1101 1100 1104
f 1104 1100 1064
f 1101 1104 1102
f 1073 1071 1086
f 1086 1084 1105
f 1105 1084 1082
f 1105 1082 1106
f 1106 1082 1080
f 1106 1080 1078
f 1078 1077 1106
f 1106 1077 1075
f 1106 1075 1105
f 1105 1075 1073
f 1105 1073 1086
f 1072 1074 1099
f 1097 1103 1098
f 1098 1103 1099
f 1103 1072 1099
f 1107 1108 1109
f 1109 1108 1110
f 1109 1110 1111
f 1111 1110 1112
f 1111 1112 1113
f 1113 1112 1114
f 1113 1114 1115
f 1115 1114 1116
f 1115 1116 1117
f 1117 1116 1118
f 1117 1118 1119
f 1119 1118 1120
f 1120 1118 1121
f 1120 1121 1122
f 1122 1121 1123
f 1122 1123 1124
f 1124 1123 1116
f 1124 1116 1114
f 1112 1125 1114
f 1114 1125 1124
f 1125 1126 1124
f 1124 1126 1122
f 1117 1119 1127
f 1127 1119 1128
f 1127 1128 1129
f 1129 1128 1107
f 1129 1107 1130
f 1130 1107 1109
f 1130 1109 1111
f 1111 1113 1131
f 1131 1113 1115
f 1131 1115 1127
f 1127 1115 1117
f 1131 1127 1129
f 1123 1121 1118
f 1123 1118 1116
f 1129 1130 1131
f 1131 1130 1111
f 1132 1126 1133
f 1133 1126 1125
f 1133 1125 1134
f 1134 1125 1112
f 1134 1112 1135
f 1135 1112 1136
f 1135 1136 1137
f 1137 1136 1138
f 1137 1138 1139
f 1139 1138 1140
f 1139 1140 1141
f 1141 1140 1142
f 1141 1142 1143
f 1143 1142 1144
f 1144 1142 1145
f 1144 1145 1146
f 1146 1145 1147
f 1147 1145 1148
f 1147 1148 1149
f 1149 1148 1140
f 1149 1140 1138
f 1112 1110 1136
f 1136 1110 1150
f 1136 1150 1138
f 1138 1150 1149
f 1110 1108 1150
f 1150 1108 1149
f 1108 1147 1149
f 1141 1143 1151
f 1151 1143 1152
f 1151 1152 1153
f 1153 1152 1154
f 1153 1154 1155
f 1153 1155 1156
f 1156 1155 1157
f 1156 1157 1158
f 1158 1157 1132
f 1158 1132 1133
f 1158 1133 1134
f 1134 1135 1159
f 1159 1135 1137
f 1159 1137 1160
f 1160 1137 1139
f 1160 1139 1151
f 1151 1139 1141
f 1142 1140 1148
f 1145 1142 1148
f 1160 1156 1159
f 1159 1156 1158
f 1159 1158 1134
f 1151 1153 1160
f 1160 1153 1156
f 1161 1162 1163
f 1163 1162 1164
f 1163 1164 1165
f 1165 1164 1166
f 1165 1166 1167
f 1167 1166 1168
f 1167 1168 1169
f 1169 1168 1170
f 1169 1170 1171
f 1171 1170 1172
f 1171 1172 1143
f 1143 1172 1152
f 1152 1172 1173
f 1152 1173 1174
f 1174 1173 1175
f 1175 1173 1176
f 1175 1176 1177
f 1177 1176 1170
f 1177 1170 1168
f 1166 1178 1168
f 1168 1178 1177
f 1178 1179 1177
f 1177 1179 1175
f 1174 1154 1152
f 1171 1143 1180
f 1180 1143 1144
f 1180 1144 1181
f 1181 1144 1146
f 1181 1146 1182
f 1182 1161 1181
f 1181 1161 1183
f 1181 1183 1184
f 1184 1183 1165
f 1184 1165 1167
f 1183 1161 1163
f 1184 1167 1169
f 1183 1163 1165
f 1172 1170 1176
f 1173 1172 1176
f 1171 1180 1169
f 1169 1180 1184
f 1180 1181 1184
f 1162 1185 1186
f 1186 1185 1187
f 1186 1187 1188
f 1188 1187 1189
f 1188 1189 1190
f 1190 1189 1191
f 1190 1191 1192
f 1192 1179 1190
f 1190 1179 1178
f 1190 1178 1188
f 1188 1178 1166
f 1188 1166 1186
f 1186 1166 1164
f 1186 1164 1162
f 346 696 1193
f 1193 696 1194
f 1193 1194 1195
f 1195 1194 1196
f 1195 1196 1197
f 1197 1196 1198
f 1197 1198 1199
f 1199 1198 705
f 1199 705 1200
f 1200 705 710
f 1200 710 1201
f 1201 710 1202
f 1201 1202 1203
f 1203 1202 1204
f 1203 1204 1205
f 1205 1204 1206
f 1205 1206 1207
f 1207 1206 1208
f 1207 1208 1209
f 1209 1208 1210
f 1209 1210 1189
f 1189 1210 1191
f 1191 1210 1211
f 1191 1211 1212
f 1212 1211 1213
f 1213 1211 1214
f 1213 1214 1215
f 1215 1214 1208
f 1215 1208 1206
f 705 1198 696
f 696 1198 1196
f 696 1196 1194
f 710 723 1202
f 1202 723 1216
f 1202 1216 1204
f 1204 1216 1217
f 1204 1217 1206
f 1206 1217 1215
f 723 721 1216
f 1216 721 720
f 1216 720 1217
f 1217 720 1218
f 1217 1218 1215
f 1215 1218 1213
f 1212 1192 1191
f 1189 1187 1209
f 1209 1187 1219
f 1209 1219 1207
f 1207 1219 1220
f 1207 1220 1205
f 1205 1220 1221
f 1205 1221 1203
f 1203 1221 1222
f 1203 1222 1201
f 1201 1222 1223
f 1201 1223 1200
f 1200 1223 1199
f 1219 1187 1224
f 1224 1187 1185
f 1224 1185 1225
f 1225 1226 1224
f 1224 1226 1227
f 1224 1227 1220
f 1220 1227 1221
f 1227 1226 1228
f 1228 1226 1229
f 1228 1229 1230
f 1230 1229 1231
f 1230 1231 1223
f 1223 1231 1199
f 1229 1232 1231
f 1231 1232 1197
f 1231 1197 1199
f 1232 1233 1197
f 1197 1233 1195
f 1230 1223 1222
f 1228 1230 1222
f 1228 1222 1221
f 1210 1208 1214
f 1211 1210 1214
f 1228 1221 1227
f 1224 1220 1219
f 1061 1107 1063
f 1063 1107 1128
f 1063 1128 1065
f 1065 1128 1119
f 1065 1119 1088
f 1088 1119 1120
f 1088 1120 1091
f 1091 1120 1122
f 832 1234 808
f 808 1234 1235
f 808 1235 1236
f 840 1237 832
f 832 1237 1238
f 832 1238 1239
f 839 1122 840
f 840 1122 1126
f 840 1126 1132
f 1157 1240 1132
f 1132 1240 1237
f 1132 1237 840
f 1155 1241 1157
f 1157 1241 1242
f 1157 1242 1240
f 1241 1155 1243
f 1243 1155 1154
f 1243 1154 1244
f 1244 1154 1245
f 1245 1154 1246
f 1246 1154 1247
f 1239 1234 832
f 1236 1248 808
f 808 1248 1249
f 804 1250 805
f 805 1250 1251
f 805 1251 1252
f 1252 1251 1253
f 1252 1253 1254
f 1254 1253 1255
f 1254 1255 1256
f 1256 1255 643
f 1256 643 1257
f 1257 643 1258
f 1257 1258 1259
f 1259 1258 1260
f 1259 1260 1261
f 1261 1260 1262
f 1261 1262 1263
f 804 801 1250
f 1250 801 1264
f 1250 1264 1251
f 1251 1264 1253
f 801 799 1264
f 1264 799 1253
f 1253 799 1255
f 1255 799 800
f 1255 800 644
f 644 643 1255
f 1258 643 1265
f 1265 643 1266
f 1265 1266 1260
f 1260 1266 1262
f 1267 805 1263
f 1263 805 1261
f 805 1268 1269
f 1269 1268 1270
f 1269 1270 1259
f 1259 1270 1257
f 1259 1261 1269
f 1269 1261 805
f 1260 1258 1265
f 1268 805 1252
f 1256 1257 1270
f 1252 1254 1268
f 1268 1254 1270
f 1254 1256 1270
f 805 1271 814
f 814 1271 843
f 814 843 817
f 805 1267 1271
f 819 821 817
f 817 821 814
f 720 739 1218
f 1218 739 1272
f 1218 1272 1213
f 1213 1272 1212
f 1212 1272 1192
f 1192 1272 1247
f 1192 1247 1179
f 1179 1247 1175
f 1175 1247 1174
f 1174 1247 1154
f 1272 739 1273
f 1273 739 746
f 1273 746 1274
f 1274 746 1275
f 1275 746 745
f 1275 745 1276
f 1276 745 1277
f 1277 745 744
f 1277 744 1278
f 1278 744 743
f 1278 743 1279
f 1279 743 1280
f 1280 743 742
f 1280 742 1281
f 1281 742 741
f 1281 741 1282
f 1282 741 1283
f 1283 741 740
f 1283 740 1284
f 1284 740 1285
f 1285 740 808
f 1285 808 1249
f 853 852 4
f 4 852 1286
f 1286 852 873
f 1286 873 1287
f 1287 873 1271
f 1271 873 843
f 876 853 2
f 2 853 4
f 881 1288 882
f 882 1288 1289
f 882 1289 1290
f 1290 1289 1291
f 1290 1291 1292
f 1292 1291 1293
f 1292 1293 1294
f 1294 1293 1295
f 1294 1295 1296
f 1296 1295 1297
f 1296 1297 1298
f 1298 1297 1299
f 1298 1299 1300
f 1300 1299 1301
f 1300 1301 1302
f 1302 1301 1303
f 1302 1303 1304
f 1304 1303 1305
f 1304 1305 1306
f 1306 1305 1307
f 1306 1307 1308
f 1308 1307 1309
f 1308 1309 1310
f 1310 1309 1311
f 1310 1311 1312
f 1312 1311 1313
f 1312 1313 1314
f 1314 1313 1315
f 1314 1315 1316
f 1316 1315 1317
f 1316 1317 1318
f 1318 1317 1319
f 1318 1319 1320
f 1320 1319 1321
f 1320 1321 1322
f 1322 1321 1323
f 1322 1323 1324
f 1324 1323 1325
f 1324 1325 1326
f 1326 1325 1327
f 1326 1327 1328
f 1328 1327 1329
f 1328 1329 1330
f 1330 1329 1331
f 1330 1331 1332
f 1332 1331 1333
f 1332 1333 1334
f 1334 1333 1335
f 1334 1335 1336
f 1336 1335 1337
f 1336 1337 1338
f 1338 1337 876
f 1338 876 2
f 881 1037 1288
f 1288 1037 1339
f 1288 1339 1289
f 1289 1339 1291
f 1037 1033 1339
f 1339 1033 1340
f 1339 1340 1291
f 1291 1340 1293
f 1340 1033 1341
f 1341 1033 1031
f 1341 1031 1342
f 1342 1031 1030
f 1342 1030 1343
f 1343 1030 1027
f 1343 1027 1344
f 1344 1027 1024
f 1344 1024 1345
f 1345 1024 1346
f 1345 1346 1303
f 1303 1346 1305
f 1024 1019 1346
f 1346 1019 1347
f 1346 1347 1305
f 1305 1347 1307
f 1019 1017 1347
f 1347 1017 1348
f 1347 1348 1307
f 1307 1348 1309
f 1348 1017 1349
f 1349 1017 1015
f 1349 1015 1350
f 1350 1015 1013
f 1350 1013 1012
f 1350 1012 1351
f 1351 1012 1009
f 1351 1009 1352
f 1352 1009 1004
f 1352 1004 1353
f 1353 1004 1002
f 1353 1002 1354
f 1354 1002 1000
f 1354 1000 1355
f 1355 1000 1356
f 1355 1356 1323
f 1323 1356 1325
f 1000 998 1356
f 1356 998 1357
f 1356 1357 1325
f 1325 1357 1327
f 998 996 1357
f 1357 996 1358
f 1357 1358 1327
f 1327 1358 1329
f 996 994 1358
f 1358 994 992
f 1358 992 1359
f 1359 992 988
f 1359 988 1360
f 1360 988 1361
f 1360 1361 1333
f 1333 1361 1335
f 988 984 1361
f 1361 984 1362
f 1361 1362 1335
f 1335 1362 1337
f 984 983 1362
f 1362 983 876
f 1362 876 1337
f 1338 2 1363
f 1363 2 1364
f 1363 1364 1365
f 1363 1365 1366
f 1366 1365 1367
f 1366 1367 1368
f 1368 1367 1369
f 1368 1369 1370
f 1370 1369 1371
f 1370 1371 1372
f 1372 1371 1373
f 1372 1373 1374
f 1372 1374 1375
f 1375 1374 1376
f 1375 1376 1377
f 1377 1376 1378
f 1377 1378 1379
f 1379 1378 1380
f 1379 1380 1381
f 1379 1381 1382
f 1382 1381 1383
f 1382 1383 1384
f 1384 1383 1385
f 1384 1385 1386
f 1386 1385 1387
f 1386 1387 1318
f 1318 1387 1316
f 1385 1388 1387
f 1387 1388 1389
f 1387 1389 1316
f 1316 1389 1314
f 1388 1390 1389
f 1389 1390 1391
f 1389 1391 1314
f 1314 1391 1312
f 1390 1392 1391
f 1391 1392 1393
f 1391 1393 1312
f 1312 1393 1310
f 1392 1394 1393
f 1393 1394 1395
f 1393 1395 1310
f 1310 1395 1308
f 1394 1396 1395
f 1395 1396 1397
f 1395 1397 1308
f 1308 1397 1306
f 1396 1398 1397
f 1397 1398 1399
f 1397 1399 1306
f 1306 1399 1304
f 1398 1400 1399
f 1399 1400 1401
f 1399 1401 1304
f 1304 1401 1302
f 1400 1402 1401
f 1401 1402 1403
f 1401 1403 1302
f 1302 1403 1300
f 1402 1404 1403
f 1403 1404 1405
f 1403 1405 1300
f 1300 1405 1298
f 1404 1406 1405
f 1405 1406 1407
f 1405 1407 1298
f 1298 1407 1296
f 1406 1408 1407
f 1407 1408 1409
f 1407 1409 1296
f 1296 1409 1294
f 1408 1410 1409
f 1409 1410 1411
f 1409 1411 1294
f 1294 1411 1292
f 1410 1412 1411
f 1411 1412 1413
f 1411 1413 1292
f 1292 1413 1290
f 1412 1414 1413
f 1413 1414 1415
f 1413 1415 882
f 1329 1358 1359
f 1333 1331 1360
f 1360 1331 1359
f 1331 1329 1359
f 1323 1321 1355
f 1355 1321 1354
f 1321 1319 1354
f 1354 1319 1353
f 1319 1317 1353
f 1353 1317 1352
f 1317 1315 1352
f 1352 1315 1351
f 1315 1313 1351
f 1351 1313 1350
f 1309 1348 1349
f 1313 1311 1350
f 1350 1311 1349
f 1311 1309 1349
f 1303 1301 1345
f 1345 1301 1344
f 1301 1299 1344
f 1344 1299 1343
f 1299 1297 1343
f 1343 1297 1342
f 1293 1340 1341
f 1297 1295 1342
f 1342 1295 1341
f 1295 1293 1341
f 1413 882 1290
f 1318 1320 1386
f 1386 1320 1384
f 1320 1322 1384
f 1384 1322 1382
f 1322 1324 1382
f 1382 1324 1379
f 1324 1326 1379
f 1379 1326 1377
f 1326 1328 1377
f 1377 1328 1375
f 1328 1330 1375
f 1375 1330 1372
f 1330 1332 1372
f 1372 1332 1370
f 1332 1334 1370
f 1370 1334 1368
f 1338 1363 1366
f 1334 1336 1368
f 1368 1336 1366
f 1336 1338 1366
f 882 1415 1051
f 1051 1415 1416
f 1061 1060 1417
f 1417 1060 1418
f 1418 1060 1096
f 1418 1096 1419
f 1419 1096 1420
f 1420 1096 1095
f 1420 1095 1416
f 1416 1095 1051
f 1061 1417 1107
f 1107 1417 1421
f 1107 1421 1108
f 1422 1423 1424
f 1424 1423 1425
f 1424 1425 1426
f 1426 1425 1427
f 1426 1427 1428
f 1428 1427 1429
f 1428 1429 1430
f 1430 1429 1431
f 1430 1431 1432
f 1432 1431 1433
f 1432 1433 1434
f 1434 1433 1435
f 1434 1435 1436
f 1436 1435 1437
f 1436 1437 1438
f 1438 1437 1439
f 1438 1439 1440
f 1440 1439 1441
f 1440 1441 1442
f 1442 1441 1443
f 1442 1443 1444
f 1444 1443 1445
f 1444 1445 1446
f 1446 1445 1447
f 1446 1447 1448
f 1448 1447 1449
f 1448 1449 1450
f 1450 1449 1451
f 1450 1451 1452
f 1452 1451 1453
f 1452 1453 1454
f 1454 1453 1455
f 1454 1455 1456
f 1456 1455 1457
f 1456 1457 1458
f 1458 1457 1459
f 1458 1459 1460
f 1460 1459 1461
f 1460 1461 1462
f 1462 1461 1463
f 1462 1463 1464
f 1464 1463 1465
f 1464 1465 1466
f 1466 1465 1467
f 1466 1467 1468
f 1468 1467 1469
f 1468 1469 1470
f 1470 1469 1471
f 1470 1471 1472
f 1472 1471 1473
f 1472 1473 1422
f 1422 1473 1423
f 1474 1475 1476
f 1476 1475 1477
f 1476 1477 1478
f 1478 1477 1479
f 1478 1479 1480
f 1480 1479 1425
f 1480 1425 1423
f 1475 1474 1481
f 1481 1474 1482
f 1481 1482 1483
f 1483 1482 1484
f 1483 1484 1485
f 1485 1484 1486
f 1485 1486 1487
f 1487 1486 1488
f 1487 1488 1489
f 1489 1488 1490
f 1489 1490 1491
f 1491 1490 1492
f 1491 1492 1493
f 1493 1492 1494
f 1493 1494 1443
f 1443 1494 1445
f 1490 1495 1492
f 1492 1495 1496
f 1492 1496 1494
f 1494 1496 1497
f 1494 1497 1445
f 1445 1497 1447
f 1495 1498 1496
f 1496 1498 1499
f 1496 1499 1497
f 1497 1499 1500
f 1497 1500 1447
f 1447 1500 1449
f 1498 1501 1499
f 1499 1501 1502
f 1499 1502 1500
f 1500 1502 1503
f 1500 1503 1449
f 1449 1503 1451
f 1501 1504 1502
f 1502 1504 1505
f 1502 1505 1503
f 1503 1505 1506
f 1503 1506 1451
f 1451 1506 1453
f 1504 1507 1505
f 1505 1507 1508
f 1505 1508 1506
f 1506 1508 1509
f 1506 1509 1453
f 1453 1509 1455
f 1508 1507 1510
f 1510 1507 1511
f 1510 1511 1512
f 1512 1511 1513
f 1512 1513 1514
f 1514 1513 1515
f 1514 1515 1516
f 1516 1515 1517
f 1516 1517 1518
f 1518 1517 1519
f 1518 1519 1520
f 1520 1519 1521
f 1520 1521 1522
f 1522 1521 1523
f 1522 1523 1524
f 1524 1523 1525
f 1524 1525 1469
f 1469 1525 1471
f 1521 1526 1523
f 1523 1526 1527
f 1523 1527 1525
f 1525 1527 1528
f 1525 1528 1471
f 1471 1528 1473
f 1526 1529 1527
f 1527 1529 1530
f 1527 1530 1528
f 1528 1530 1531
f 1528 1531 1473
f 1473 1531 1423
f 1529 1532 1530
f 1530 1532 1533
f 1530 1533 1531
f 1531 1533 1480
f 1531 1480 1423
f 1532 1534 1533
f 1533 1534 1478
f 1533 1478 1480
f 1534 1476 1478
f 1425 1479 1427
f 1427 1479 1535
f 1427 1535 1429
f 1429 1535 1536
f 1429 1536 1431
f 1431 1536 1537
f 1431 1537 1433
f 1433 1537 1538
f 1433 1538 1435
f 1435 1538 1539
f 1435 1539 1437
f 1437 1539 1540
f 1437 1540 1439
f 1439 1540 1541
f 1439 1541 1441
f 1441 1541 1493
f 1441 1493 1443
f 1479 1477 1535
f 1535 1477 1475
f 1535 1475 1536
f 1536 1475 1481
f 1536 1481 1537
f 1537 1481 1483
f 1537 1483 1538
f 1538 1483 1485
f 1538 1485 1539
f 1539 1485 1487
f 1539 1487 1540
f 1540 1487 1489
f 1540 1489 1541
f 1541 1489 1491
f 1541 1491 1493
f 1524 1469 1467
f 1524 1467 1542
f 1542 1467 1465
f 1542 1465 1543
f 1543 1465 1463
f 1543 1463 1544
f 1544 1463 1461
f 1544 1461 1545
f 1545 1461 1459
f 1545 1459 1546
f 1546 1459 1457
f 1546 1457 1547
f 1547 1457 1455
f 1547 1455 1509
f 1520 1522 1542
f 1542 1522 1524
f 1520 1542 1543
f 1518 1520 1543
f 1518 1543 1544
f 1516 1518 1544
f 1516 1544 1545
f 1514 1516 1545
f 1514 1545 1546
f 1512 1514 1546
f 1512 1546 1547
f 1510 1512 1547
f 1510 1547 1509
f 1508 1510 1509
f 1426 689 1424
f 1424 689 664
f 1424 664 1422
f 1422 664 665
f 1422 665 1472
f 1472 665 666
f 1472 666 1470
f 1470 666 667
f 1470 667 1468
f 1468 667 668
f 1468 668 1466
f 1466 668 669
f 1466 669 1464
f 1464 669 670
f 1464 670 1462
f 1462 670 671
f 1462 671 1460
f 1460 671 672
f 1460 672 1458
f 1458 672 673
f 1458 673 1456
f 1456 673 674
f 1456 674 1454
f 1454 674 675
f 1454 675 1452
f 1452 675 676
f 1452 676 1450
f 1450 676 677
f 1450 677 1448
f 1448 677 678
f 1448 678 1446
f 1446 678 679
f 1446 679 1444
f 1444 679 680
f 1444 680 1442
f 1442 680 681
f 1442 681 1440
f 1440 681 682
f 1440 682 1438
f 1438 682 683
f 1438 683 1436
f 1436 683 684
f 1436 684 1434
f 1434 684 685
f 1434 685 1432
f 1432 685 686
f 1432 686 1430
f 1430 686 687
f 1430 687 1428
f 1428 687 688
f 1428 688 1426
f 1426 688 689
f 1474 1476 1548
f 1548 1476 1534
f 1548 1534 1549
f 1549 1534 1532
f 1549 1532 1550
f 1550 1532 1529
f 1550 1529 1526
f 1550 1526 1551
f 1551 1526 1521
f 1551 1521 1519
f 1551 1519 1552
f 1552 1519 1517
f 1552 1517 1553
f 1553 1517 1515
f 1553 1515 1513
f 1553 1513 1554
f 1554 1513 1511
f 1554 1511 1555
f 1555 1511 1507
f 1555 1507 1504
f 1555 1504 1556
f 1556 1504 1501
f 1556 1501 1557
f 1557 1501 1498
f 1557 1498 1495
f 1557 1495 1558
f 1558 1495 1490
f 1558 1490 1488
f 1558 1488 1559
f 1559 1488 1486
f 1559 1486 1560
f 1560 1486 1484
f 1560 1484 1482
f 1560 1482 1561
f 1561 1482 1474
f 1561 1474 1548
f 1562 1563 1564
f 1564 1563 1565
f 1564 1565 1566
f 1566 1565 1567
f 1566 1567 1568
f 1566 1568 1569
f 1569 1568 1570
f 1569 1570 1571
f 1563 1562 1572
f 1572 1562 1573
f 1574 1575 1576
f 1576 1575 1577
f 1576 1577 1578
f 1578 1577 1579
f 1578 1579 1580
f 1578 1580 1581
f 1581 1580 1572
f 1581 1572 1573
f 1575 1574 1582
f 1582 1574 1583
f 1584 1585 1586
f 1586 1585 1587
f 1586 1587 1588
f 1588 1587 1589
f 1588 1589 1590
f 1590 1589 1591
f 1590 1591 1592
f 1592 1591 1593
f 1593 1591 1594
f 1593 1594 1595
f 1587 1596 1589
f 1589 1596 1591
f 1596 1594 1591
f 1592 1597 1590
f 1590 1597 1598
f 1590 1598 1586
f 1586 1598 1599
f 1586 1599 1584
f 1597 1600 1598
f 1598 1600 1599
f 1590 1586 1588
f 1272 1273 1600
f 1600 1273 1601
f 1600 1601 1599
f 1599 1601 1602
f 1599 1602 1584
f 1584 1602 1603
f 1584 1603 1585
f 1585 1603 1276
f 1276 1603 1275
f 1275 1603 1602
f 1275 1602 1274
f 1274 1602 1601
f 1274 1601 1273
f 1604 1605 1606
f 1606 1605 1607
f 1606 1607 1608
f 1606 1608 1609
f 1609 1608 1610
f 1609 1610 1611
f 1611 1610 1612
f 1611 1612 1613
f 1611 1613 1614
f 1614 1613 1615
f 1614 1615 1616
f 1616 1615 1617
f 1616 1617 1618
f 1616 1618 1619
f 1619 1618 1620
f 1619 1620 1621
f 1621 1620 1622
f 1621 1622 1623
f 1623 1622 1604
f 1623 1604 1606
f 1619 1621 1623
f 1623 1606 1624
f 1624 1606 1609
f 1624 1609 1614
f 1614 1609 1611
f 1616 1619 1624
f 1624 1619 1623
f 1616 1624 1614
f 1618 1240 1620
f 1620 1240 1242
f 1620 1242 1622
f 1622 1242 1241
f 1622 1241 1604
f 1604 1241 1243
f 1604 1243 1605
f 1605 1243 1244
f 1625 1626 1627
f 1627 1626 1628
f 1627 1628 1629
f 1627 1629 1630
f 1630 1629 1631
f 1630 1631 1632
f 1632 1631 1633
f 1632 1633 1634
f 1635 1636 1634
f 1634 1636 1637
f 1634 1637 1632
f 1632 1637 1630
f 1636 1635 1638
f 1638 1635 1639
f 1638 1639 1640
f 1640 1639 1641
f 1640 1641 1642
f 1642 1641 1639
f 1642 1643 1640
f 1640 1643 1638
f 1644 1645 1643
f 1643 1645 1646
f 1643 1646 1647
f 1647 1646 1648
f 1647 1648 1637
f 1637 1648 1630
f 1645 1644 1649
f 1649 1644 1625
f 1649 1625 1627
f 1638 1643 1647
f 1646 1645 1649
f 1630 1648 1627
f 1627 1648 1649
f 1648 1646 1649
f 1638 1647 1637
f 1636 1638 1637
f 1642 1279 1650
f 1650 1279 1280
f 1650 1280 1651
f 1651 1280 1281
f 1651 1281 1652
f 1652 1281 1282
f 1652 1282 1653
f 1653 1282 1283
f 1653 1283 1654
f 1654 1283 1284
f 1654 1284 1285
f 1285 1626 1654
f 1654 1626 1655
f 1654 1655 1656
f 1656 1655 1625
f 1656 1625 1644
f 1626 1625 1655
f 1656 1644 1657
f 1657 1644 1643
f 1657 1643 1658
f 1658 1643 1659
f 1658 1659 1651
f 1651 1659 1650
f 1643 1642 1659
f 1659 1642 1650
f 1654 1656 1653
f 1653 1656 1657
f 1653 1657 1652
f 1652 1657 1658
f 1652 1658 1651
f 1642 1639 1660
f 1660 1639 1661
f 1660 1661 1662
f 1662 1661 1587
f 1662 1587 1585
f 1639 1635 1661
f 1661 1635 1663
f 1661 1663 1587
f 1587 1663 1596
f 1596 1663 1664
f 1596 1664 1594
f 1594 1664 1665
f 1594 1665 1595
f 1635 1634 1663
f 1663 1634 1664
f 1633 1666 1634
f 1634 1666 1664
f 1666 1665 1664
f 1667 1668 1669
f 1669 1668 1670
f 1669 1670 1671
f 1671 1670 1672
f 1671 1672 1673
f 1673 1672 1674
f 1673 1674 1675
f 1675 1674 1676
f 1675 1676 1677
f 1675 1677 1678
f 1678 1677 1679
f 1678 1679 1680
f 1680 1679 1681
f 1680 1681 1682
f 1682 1683 1680
f 1680 1683 1684
f 1680 1684 1685
f 1685 1684 1669
f 1685 1669 1671
f 1683 1686 1684
f 1684 1686 1687
f 1684 1687 1669
f 1669 1687 1667
f 1686 1667 1687
f 1673 1675 1678
f 1685 1671 1673
f 1685 1673 1678
f 1680 1685 1678
f 1235 1234 1682
f 1682 1234 1683
f 1683 1234 1239
f 1683 1239 1686
f 1686 1239 1238
f 1686 1238 1667
f 1667 1238 1237
f 1667 1237 1668
f 1626 1682 1688
f 1688 1682 1681
f 1688 1681 1689
f 1689 1681 1679
f 1689 1679 1690
f 1690 1679 1677
f 1690 1677 1676
f 1676 1633 1690
f 1690 1633 1631
f 1690 1631 1689
f 1689 1631 1629
f 1689 1629 1688
f 1688 1629 1628
f 1688 1628 1626
f 1668 1618 1670
f 1670 1618 1617
f 1670 1617 1672
f 1672 1617 1615
f 1672 1615 1674
f 1674 1615 1613
f 1674 1613 1676
f 1676 1613 1612
f 1605 1600 1691
f 1691 1600 1597
f 1691 1597 1692
f 1692 1597 1592
f 1692 1592 1693
f 1693 1592 1593
f 1693 1593 1595
f 1595 1612 1693
f 1693 1612 1610
f 1693 1610 1692
f 1692 1610 1608
f 1692 1608 1691
f 1691 1608 1607
f 1691 1607 1605
f 1276 1277 1585
f 1585 1277 1662
f 1662 1277 1278
f 1662 1278 1660
f 1660 1278 1642
f 1642 1278 1279
f 1626 1285 1682
f 1682 1285 1249
f 1682 1249 1235
f 1235 1249 1248
f 1235 1248 1236
f 1665 1694 1595
f 1595 1694 1695
f 1595 1695 1696
f 1694 1665 1697
f 1697 1665 1666
f 1697 1666 1698
f 1698 1666 1633
f 1698 1633 1699
f 1699 1633 1582
f 1582 1633 1676
f 1582 1676 1575
f 1575 1676 1577
f 1577 1676 1579
f 1579 1676 1580
f 1580 1676 1572
f 1572 1676 1563
f 1563 1676 1612
f 1563 1612 1565
f 1565 1612 1567
f 1567 1612 1568
f 1568 1612 1570
f 1570 1612 1700
f 1700 1612 1595
f 1700 1595 1696
f 848 1701 839
f 839 1701 1702
f 839 1702 1703
f 865 1704 848
f 848 1704 1705
f 848 1705 1701
f 1704 865 1706
f 1706 865 866
f 1706 866 870
f 880 1707 870
f 870 1707 1708
f 870 1708 1706
f 1707 880 1709
f 1709 880 936
f 1709 936 1710
f 1710 936 938
f 1710 938 1711
f 1711 938 980
f 1711 980 979
f 1711 979 1712
f 1712 979 978
f 1712 978 1713
f 1713 978 1714
f 1714 978 1715
f 1714 1715 1716
f 1715 978 1717
f 1717 978 977
f 1717 977 1718
f 1718 977 976
f 1718 976 1719
f 1719 976 975
f 1719 975 1720
f 1720 975 1721
f 1721 975 974
f 1721 974 1722
f 1722 974 973
f 1722 973 1723
f 1723 973 1724
f 1724 973 1725
f 1724 1725 1726
f 1726 1725 1727
f 1726 1727 1728
f 1728 1727 1729
f 1728 1729 1730
f 973 972 1725
f 1725 972 1731
f 1731 972 1732
f 1732 972 971
f 1732 971 1733
f 1733 971 1734
f 1734 971 970
f 1734 970 1735
f 1735 970 1736
f 1736 970 1737
f 1736 1737 1738
f 1737 970 1739
f 1739 970 969
f 1739 969 1740
f 1740 969 968
f 1740 968 1741
f 1741 968 1742
f 1742 968 967
f 1742 967 1743
f 1743 967 966
f 1743 966 1744
f 1744 966 965
f 1744 965 1745
f 1745 965 964
f 1745 964 1746
f 1746 964 963
f 1746 963 1747
f 1747 963 962
f 1747 962 1748
f 1748 962 1056
f 1748 1056 1081
f 1748 1081 1749
f 1749 1081 1083
f 1749 1083 1750
f 1750 1083 1092
f 1750 1092 1751
f 1751 1092 1091
f 1751 1091 1752
f 1752 1091 1122
f 1752 1122 1753
f 1753 1122 1754
f 1754 1122 1755
f 1754 1755 1756
f 1756 1755 1757
f 1757 1755 1758
f 1757 1758 1759
f 1759 1758 1760
f 1759 1760 1761
f 1761 1760 1762
f 1761 1762 1763
f 1763 1762 1764
f 1763 1764 1765
f 1765 1764 1766
f 1765 1766 1767
f 839 1768 1122
f 1122 1768 1769
f 1122 1769 1755
f 1728 1730 1770
f 1770 1730 1771
f 1770 1771 1772
f 1772 1771 1773
f 1772 1773 1774
f 1772 1774 1738
f 1738 1774 1736
f 1703 1775 839
f 839 1775 1776
f 839 1776 1777
f 1777 1778 839
f 839 1778 1768
f 1768 1778 1779
f 1779 1778 1780
f 1779 1780 1781
f 1779 1781 1782
f 1782 1781 1783
f 1782 1783 1784
f 1784 1783 1785
f 1784 1785 1786
f 1786 1785 1787
f 1786 1787 1767
f 1767 1787 1765
f 1162 1161 1788
f 1788 1161 1789
f 1789 1161 1182
f 1789 1182 1146
f 1789 1146 1790
f 1790 1146 1147
f 1790 1147 1791
f 1791 1147 1108
f 1791 1108 1421
f 1600 1605 1272
f 1272 1605 1247
f 1247 1605 1244
f 1247 1244 1246
f 1246 1244 1245
f 1240 1618 1237
f 1237 1618 1668
f 1792 1793 1706
f 1706 1793 1794
f 1706 1794 1704
f 1704 1794 1795
f 1704 1795 1796
f 1797 1705 1796
f 1796 1705 1704
f 1792 1706 1798
f 1798 1706 1708
f 1798 1708 1799
f 1799 1708 1800
f 1800 1708 1707
f 1793 1801 1794
f 1794 1801 1802
f 1802 1801 1803
f 1802 1803 1804
f 1804 1803 1805
f 1804 1805 1806
f 346 1193 347
f 347 1193 1807
f 1807 1193 1808
f 1807 1808 1809
f 1809 1808 1810
f 1809 1810 1811
f 1811 1810 1812
f 1811 1812 1813
f 1813 1812 1814
f 1814 1812 1815
f 1814 1815 1816
f 1816 1815 1817
f 1816 1817 1818
f 1818 1817 1819
f 1818 1819 1185
f 1185 1819 1225
f 1225 1819 1226
f 1226 1819 1820
f 1226 1820 1229
f 1229 1820 1821
f 1229 1821 1232
f 1232 1821 1233
f 1233 1821 1822
f 1233 1822 1195
f 1195 1822 1823
f 1195 1823 1193
f 1193 1823 1808
f 1185 1824 1818
f 1817 1815 1819
f 1819 1815 1820
f 1815 1812 1820
f 1820 1812 1821
f 1808 1823 1822
f 1812 1810 1821
f 1821 1810 1822
f 1810 1808 1822
f 1162 1788 1185
f 1185 1788 1824
f 1825 1826 1827
f 1827 1826 1716
f 1827 1716 1715
f 1825 1828 1826
f 1826 1828 1829
f 1826 1829 1714
f 1714 1829 1713
f 1713 1829 1830
f 1713 1830 1712
f 1712 1830 1831
f 1831 1830 1832
f 1832 1830 1829
f 1832 1829 1828
f 1714 1716 1826
f 1831 1833 1712
f 1712 1833 1711
f 1834 1835 1836
f 1836 1835 1837
f 1836 1837 1838
f 1838 1837 1839
f 1838 1839 1840
f 1840 1841 1838
f 1796 1804 1797
f 1797 1804 1806
f 1797 1806 1842
f 1842 1806 1834
f 1842 1834 1836
f 1804 1796 1802
f 1802 1796 1795
f 1802 1795 1794
f 1838 1841 1836
f 1836 1841 1842
f 1842 1843 1797
f 1835 1834 1805
f 1805 1834 1806
f 1800 1707 1844
f 1844 1707 1709
f 1844 1709 1845
f 1845 1709 1710
f 1845 1710 1711
f 1711 1833 1845
f 1705 1797 1701
f 1701 1797 1843
f 1846 1700 1847
f 1847 1700 1696
f 1847 1696 1848
f 1848 1696 1695
f 1848 1695 1849
f 1849 1695 1694
f 1849 1694 1850
f 1850 1694 1697
f 1850 1697 1851
f 1851 1697 1698
f 1851 1698 1852
f 1852 1698 1699
f 1852 1699 1583
f 1583 1699 1582
f 1570 1700 1571
f 1571 1700 1846
f 1734 1853 1733
f 1733 1853 1854
f 1733 1854 1732
f 1732 1854 1855
f 1732 1855 1731
f 1731 1855 1856
f 1731 1856 1725
f 1725 1856 1857
f 1725 1857 1727
f 1727 1857 1858
f 1727 1858 1729
f 1729 1858 1859
f 1729 1859 1730
f 1730 1859 1860
f 1730 1860 1771
f 1771 1860 1861
f 1771 1861 1773
f 1773 1861 1862
f 1773 1862 1774
f 1774 1862 1863
f 1774 1863 1736
f 1736 1863 1864
f 1736 1864 1735
f 1735 1864 1865
f 1735 1865 1734
f 1734 1865 1853
f 1549 1866 1548
f 1548 1866 1867
f 1548 1867 1561
f 1561 1867 1868
f 1561 1868 1560
f 1560 1868 1869
f 1560 1869 1559
f 1559 1869 1870
f 1559 1870 1558
f 1558 1870 1871
f 1558 1871 1557
f 1557 1871 1872
f 1557 1872 1556
f 1556 1872 1873
f 1556 1873 1555
f 1555 1873 1874
f 1555 1874 1554
f 1554 1874 1875
f 1554 1875 1553
f 1553 1875 1876
f 1553 1876 1552
f 1552 1876 1877
f 1552 1877 1551
f 1551 1877 1878
f 1551 1878 1550
f 1550 1878 1879
f 1550 1879 1549
f 1549 1879 1866
f 1840 1880 1841
f 1841 1880 1842
f 1827 1715 1881
f 1881 1715 1717
f 1881 1717 1882
f 1882 1717 1718
f 1882 1718 1883
f 1883 1718 1719
f 1883 1719 1884
f 1884 1719 1720
f 1884 1720 1885
f 1885 1720 1721
f 1885 1721 1886
f 1886 1721 1722
f 1886 1722 1887
f 1887 1722 1723
f 1887 1723 1888
f 1888 1723 1724
f 1888 1724 1889
f 1889 1724 1726
f 1889 1726 1890
f 1890 1726 1728
f 1890 1728 1891
f 1891 1728 1770
f 1891 1770 1892
f 1892 1770 1772
f 1892 1772 1893
f 1893 1772 1738
f 1893 1738 1894
f 1894 1738 1737
f 1894 1737 1895
f 1895 1737 1896
f 1896 1737 1739
f 1896 1739 1897
f 1897 1739 1740
f 1897 1740 1898
f 1898 1740 1741
f 1898 1741 1899
f 1899 1741 1742
f 1899 1742 1900
f 1900 1742 1743
f 1900 1743 1901
f 1901 1743 1744
f 1901 1744 1902
f 1902 1744 1745
f 1902 1745 1903
f 1903 1745 1746
f 1903 1746 1904
f 1904 1746 1747
f 1747 1748 1904
f 1904 1748 1905
f 1905 1748 1906
f 1906 1748 1749
f 1906 1749 1907
f 1907 1749 1750
f 1907 1750 1908
f 1908 1750 1751
f 1908 1751 1909
f 1909 1751 1752
f 1909 1752 1910
f 1910 1752 1753
f 1910 1753 1911
f 1911 1753 1754
f 1911 1754 1912
f 1912 1754 1756
f 1912 1756 1913
f 1913 1756 1757
f 1913 1757 1914
f 1914 1757 1759
f 1914 1759 1915
f 1915 1759 1761
f 1915 1761 1916
f 1916 1761 1763
f 1916 1763 1917
f 1917 1763 1765
f 1917 1765 1918
f 1918 1765 1787
f 1918 1787 1919
f 1919 1787 1785
f 1919 1785 1920
f 1920 1785 1783
f 1920 1783 1921
f 1701 1843 1702
f 1702 1843 1922
f 1702 1922 1923
f 1842 1880 1843
f 1843 1880 1922
f 1702 1923 1703
f 1703 1923 1924
f 1703 1924 1775
f 1775 1924 1925
f 1775 1925 1776
f 1776 1925 1926
f 1776 1926 1777
f 1777 1926 1927
f 1777 1927 1778
f 1778 1927 1928
f 1778 1928 1780
f 1780 1928 1929
f 1780 1929 1781
f 1781 1929 1921
f 1781 1921 1783
f 1764 1930 1766
f 1766 1930 1931
f 1766 1931 1767
f 1767 1931 1932
f 1767 1932 1786
f 1786 1932 1933
f 1786 1933 1784
f 1784 1933 1934
f 1784 1934 1782
f 1782 1934 1935
f 1782 1935 1779
f 1779 1935 1936
f 1779 1936 1768
f 1768 1936 1937
f 1768 1937 1769
f 1769 1937 1938
f 1769 1938 1755
f 1755 1938 1939
f 1755 1939 1758
f 1758 1939 1940
f 1758 1940 1760
f 1760 1940 1941
f 1760 1941 1762
f 1762 1941 1942
f 1762 1942 1764
f 1764 1942 1930
f 1943 1944 1945
f 1945 1944 1946
f 1946 1944 323
f 1946 323 1947
f 1947 323 1948
f 1944 1949 323
f 323 1949 321
f 1950 1951 334
f 334 1951 333
f 333 1951 1952
f 333 1952 331
f 331 1952 323
f 323 1952 1948
f 342 1953 334
f 334 1953 1954
f 334 1954 1955
f 1955 1954 1956
f 1956 1954 1957
f 1955 1958 334
f 334 1958 1950
f 1954 1953 1957
f 1957 1953 342
f 1957 342 343
f 1957 343 1959
f 1959 343 345
f 1959 345 1960
f 1960 345 347
f 1960 1961 1959
f 1959 1961 1962
f 1959 1962 1963
f 1963 1962 1964
f 1963 1964 1965
f 321 1949 353
f 353 1949 1944
f 353 1944 1943
f 1943 1966 353
f 353 1966 1967
f 353 1967 355
f 355 1967 1968
f 355 1968 360
f 360 1968 1969
f 1969 1968 1970
f 1971 1972 1973
f 1973 1972 1974
f 1973 1974 1975
f 1975 1974 1976
f 1975 1976 1977
f 1972 1971 1978
f 1978 1971 1979
f 1978 1979 1980
f 1980 1979 1981
f 1980 1981 1982
f 1982 1981 1983
f 1982 1983 1984
f 1984 1983 1985
f 1984 1985 1986
f 1986 1985 1987
f 1986 1987 1988
f 1988 1987 1989
f 1988 1989 1990
f 1990 1989 1991
f 1990 1991 1992
f 1992 1991 1993
f 1992 1993 1994
f 1989 1995 1991
f 1991 1995 1996
f 1991 1996 1997
f 1997 1996 1998
f 1998 1996 1999
f 1999 1996 2000
f 1999 2000 2001
f 2001 2000 2002
f 2001 2002 2003
f 1995 2004 1996
f 1996 2004 2000
f 2004 2005 2000
f 2000 2005 2006
f 2000 2006 2002
f 2002 2006 2007
f 2007 2006 2008
f 2007 2008 2009
f 2005 2010 2006
f 2006 2010 2011
f 2006 2011 2008
f 2008 2011 2012
f 2012 2011 2013
f 2013 2011 2014
f 2014 2011 2015
f 2014 2015 2016
f 2016 2015 2017
f 2017 2015 2018
f 2017 2018 2019
f 2010 2020 2011
f 2011 2020 2015
f 2020 2021 2015
f 2015 2021 2022
f 2015 2022 2018
f 2018 2022 2023
f 2023 2022 2024
f 2023 2024 2025
f 2025 2024 2026
f 2026 2024 2027
f 2026 2027 2028
f 2028 2027 2029
f 2029 2027 2030
f 2029 2030 2031
f 2021 2032 2022
f 2022 2032 2024
f 2024 2032 2027
f 2027 2032 2033
f 2027 2033 2034
f 2034 2033 2035
f 2034 2035 2036
f 2036 2035 2037
f 2036 2037 2038
f 2038 2037 2039
f 2038 2039 2040
f 2040 2039 2041
f 2040 2041 2042
f 2042 2041 2043
f 2042 2043 2044
f 2044 2043 2045
f 2044 2045 2046
f 2046 2045 2047
f 2047 2045 2048
f 2047 2048 2049
f 2049 2048 2050
f 2049 2050 2051
f 2051 2050 2052
f 2051 2052 2053
f 2053 2052 2054
f 2053 2054 2055
f 2055 2054 2056
f 2055 2056 1977
f 1977 2056 1975
f 2043 2057 2045
f 2045 2057 2048
f 2057 2058 2048
f 2048 2058 2050
f 2058 2059 2050
f 2050 2059 2052
f 2059 2060 2052
f 2052 2060 2054
f 2060 2061 2054
f 2054 2061 2056
f 2061 2062 2056
f 2056 2062 1975
f 2062 1973 1975
f 1950 1958 1982
f 1982 1958 2063
f 1982 2063 1980
f 1980 2063 2064
f 1980 2064 1978
f 1978 2064 2065
f 1978 2065 1972
f 1972 2065 2066
f 1972 2066 1974
f 1974 2066 1976
f 2046 2067 2044
f 2044 2067 2042
f 2067 2068 2042
f 2042 2068 2069
f 2042 2069 2040
f 2040 2069 2070
f 2040 2070 2071
f 2040 2071 2038
f 2038 2071 2072
f 2038 2072 2073
f 2073 2072 2074
f 2038 2073 2036
f 2036 2073 2075
f 2036 2075 2076
f 2076 2075 2077
f 2036 2076 2034
f 2034 2076 2078
f 2034 2078 2079
f 2079 2030 2034
f 2034 2030 2027
f 2028 2080 2026
f 2016 2081 2014
f 2082 2083 1997
f 1997 2083 1991
f 2083 1993 1991
f 1992 2084 1990
f 1990 2084 2085
f 1990 2085 1988
f 1988 2085 2086
f 1988 2086 2087
f 2087 2086 2088
f 1988 2087 1986
f 1986 2087 2089
f 1986 2089 1948
f 1948 2089 1947
f 1948 1952 1986
f 1986 1952 1984
f 1952 1951 1984
f 1984 1951 1950
f 1984 1950 1982
f 2090 1955 2091
f 2091 1955 1956
f 2091 1956 1959
f 1959 1956 1957
f 1959 1963 2091
f 2091 1963 2092
f 2091 2092 2090
f 2090 2092 2093
f 2093 2092 2094
f 2093 2094 2095
f 2095 2094 2096
f 2095 2096 2097
f 2097 2096 2098
f 2097 2098 2099
f 2099 2098 2100
f 2099 2100 2101
f 2101 2100 2098
f 1963 1965 2092
f 2092 1965 2094
f 1965 2102 2094
f 2094 2102 2103
f 2094 2103 2096
f 2096 2103 2104
f 2096 2104 2098
f 2105 2106 2101
f 2101 2106 2107
f 2101 2107 2099
f 2106 2105 2108
f 2108 2105 2109
f 2108 2109 2110
f 2110 2109 2111
f 2110 2111 2112
f 2112 2111 2113
f 2112 2113 2114
f 2112 2114 2115
f 2115 2114 2116
f 2115 2116 2117
f 2115 2117 2118
f 2118 2117 2119
f 2118 2119 2120
f 2120 2119 2121
f 2120 2121 2122
f 2122 2121 2123
f 2122 2123 2124
f 2124 2123 2125
f 2124 2125 2126
f 2126 2125 2127
f 2126 2128 2124
f 2124 2128 2129
f 2124 2129 2122
f 2122 2129 2130
f 2122 2130 2120
f 2120 2130 2131
f 2120 2131 2118
f 2118 2131 2132
f 2118 2132 2115
f 2115 2132 2133
f 2115 2133 2112
f 2112 2133 2134
f 2112 2134 2110
f 2110 2134 2135
f 2110 2135 2136
f 2110 2136 2108
f 2108 2136 2107
f 2108 2107 2106
f 1943 1945 1966
f 1966 1945 2137
f 1966 2137 1967
f 1967 2137 2138
f 1967 2138 1968
f 1946 2139 1945
f 1945 2139 2137
f 2139 2140 2137
f 2137 2140 2138
f 2140 2141 2138
f 1955 2090 1958
f 1958 2090 2063
f 2063 2090 2093
f 2063 2093 2064
f 2064 2093 2095
f 2064 2095 2065
f 2065 2095 2097
f 2065 2097 2066
f 2066 2097 2099
f 2066 2099 1976
f 1976 2099 2107
f 1976 2107 1977
f 1977 2107 2136
f 1977 2136 2055
f 2055 2136 2135
f 2055 2135 2053
f 2053 2135 2134
f 2053 2134 2051
f 2051 2134 2133
f 2051 2133 2049
f 2049 2133 2132
f 2049 2132 2047
f 2047 2132 2131
f 2047 2131 2046
f 2046 2131 2130
f 2046 2130 2067
f 2067 2130 2129
f 2067 2129 2068
f 2068 2129 2128
f 1946 1947 2139
f 2139 1947 2089
f 2139 2089 2087
f 2139 2087 2140
f 2140 2087 2088
f 2140 2088 2141
f 2142 2143 2144
f 2144 2143 2145
f 2145 2143 534
f 2145 534 1994
f 1994 534 1992
f 2143 2146 534
f 534 2146 532
f 2086 2085 541
f 541 2085 540
f 540 2085 2084
f 540 2084 539
f 539 2084 534
f 534 2084 1992
f 360 1969 541
f 541 1969 1970
f 541 1970 2141
f 2141 1970 2138
f 2138 1970 1968
f 2141 2088 541
f 541 2088 2086
f 532 2146 542
f 542 2146 2143
f 542 2143 2142
f 2142 2147 542
f 542 2147 2148
f 542 2148 544
f 544 2148 2149
f 544 2149 549
f 549 2149 2150
f 2150 2149 2151
f 2142 2144 2147
f 2147 2144 2152
f 2147 2152 2148
f 2148 2152 2153
f 2148 2153 2149
f 2145 2154 2144
f 2144 2154 2152
f 2154 2155 2152
f 2152 2155 2153
f 2155 2156 2153
f 2145 1994 2154
f 2154 1994 1993
f 2154 1993 2083
f 2154 2083 2155
f 2155 2083 2082
f 2155 2082 2156
f 2157 2158 2159
f 2159 2158 2160
f 2160 2158 557
f 2160 557 2003
f 2003 557 2001
f 2158 2161 557
f 557 2161 555
f 1997 1998 564
f 564 1998 563
f 563 1998 1999
f 563 1999 562
f 562 1999 557
f 557 1999 2001
f 549 2150 564
f 564 2150 2151
f 564 2151 2156
f 2156 2151 2153
f 2153 2151 2149
f 2156 2082 564
f 564 2082 1997
f 2160 2003 2162
f 2162 2003 2002
f 2162 2002 2007
f 2162 2007 2163
f 2163 2007 2009
f 2163 2009 2164
f 2165 2166 2167
f 2167 2166 2168
f 2168 2166 570
f 2168 570 2081
f 2081 570 2014
f 2166 2169 570
f 570 2169 568
f 2008 2012 577
f 577 2012 576
f 576 2012 2013
f 576 2013 575
f 575 2013 570
f 570 2013 2014
f 582 2170 577
f 577 2170 2171
f 577 2171 2164
f 2164 2171 2172
f 2172 2171 2173
f 2164 2009 577
f 577 2009 2008
f 2168 2081 2174
f 2174 2081 2016
f 2174 2016 2017
f 2174 2017 2175
f 2175 2017 2019
f 2175 2019 2176
f 555 2161 586
f 586 2161 2158
f 586 2158 2157
f 2157 2177 586
f 586 2177 2178
f 586 2178 588
f 588 2178 2173
f 588 2173 582
f 582 2173 2170
f 2170 2173 2171
f 2157 2159 2177
f 2177 2159 2179
f 2177 2179 2178
f 2178 2179 2172
f 2178 2172 2173
f 2160 2162 2159
f 2159 2162 2179
f 2162 2163 2179
f 2179 2163 2172
f 2163 2164 2172
f 2180 2181 2182
f 2182 2181 2183
f 2183 2181 593
f 2183 593 2077
f 2077 593 2076
f 2181 2184 593
f 593 2184 591
f 2030 2079 600
f 600 2079 599
f 599 2079 2078
f 599 2078 598
f 598 2078 593
f 593 2078 2076
f 606 2185 600
f 600 2185 2186
f 600 2186 2187
f 2187 2186 2188
f 2188 2186 2189
f 2187 2031 600
f 600 2031 2030
f 2186 2185 2189
f 2189 2185 606
f 2189 606 607
f 2189 607 2190
f 2190 607 610
f 2190 610 2191
f 2191 610 2192
f 2192 610 2193
f 2193 610 2194
f 2194 610 612
f 591 2184 615
f 615 2184 2181
f 615 2181 2180
f 2180 2195 615
f 615 2195 2196
f 615 2196 617
f 617 2196 2197
f 617 2197 622
f 622 2197 2198
f 2198 2197 2199
f 2187 2188 2200
f 2200 2188 2201
f 2200 2201 2202
f 2202 2201 2203
f 2202 2203 2204
f 2189 2190 2188
f 2188 2190 2201
f 2190 2191 2201
f 2201 2191 2203
f 2191 2192 2203
f 2180 2182 2195
f 2195 2182 2205
f 2195 2205 2196
f 2196 2205 2206
f 2196 2206 2197
f 2183 2207 2182
f 2182 2207 2205
f 2207 2208 2205
f 2205 2208 2206
f 2208 2209 2206
f 2187 2200 2031
f 2031 2200 2029
f 2029 2200 2202
f 2029 2202 2028
f 2028 2202 2080
f 2080 2202 2204
f 2183 2077 2207
f 2207 2077 2075
f 2207 2075 2073
f 2207 2073 2208
f 2208 2073 2074
f 2208 2074 2209
f 2127 2210 2126
f 2126 2210 2128
f 2128 2210 635
f 2128 635 2068
f 2068 635 2069
f 2210 2211 635
f 635 2211 633
f 2072 2071 639
f 639 2071 638
f 638 2071 2070
f 638 2070 637
f 637 2070 635
f 635 2070 2069
f 622 2198 639
f 639 2198 2199
f 639 2199 2209
f 2209 2199 2206
f 2206 2199 2197
f 2209 2074 639
f 639 2074 2072
f 640 633 2127
f 2127 633 2211
f 2127 2211 2210
f 2127 2125 640
f 640 2125 2123
f 640 2123 641
f 641 2123 2121
f 641 2121 642
f 642 2121 2119
f 642 2119 643
f 643 2119 2212
f 2212 2119 2213
f 2213 2119 2214
f 2214 2119 2117
f 2214 2117 2215
f 2215 2117 2216
f 2216 2117 2217
f 2217 2117 2116
f 2165 2167 2218
f 2218 2167 2219
f 2218 2219 2220
f 2220 2219 2221
f 2220 2221 2222
f 2168 2174 2167
f 2167 2174 2219
f 2174 2175 2219
f 2219 2175 2221
f 2175 2176 2221
f 2192 2193 2203
f 2203 2193 2204
f 2204 2193 655
f 2204 655 2080
f 2080 655 2026
f 2193 2194 655
f 655 2194 612
f 2018 2023 658
f 658 2023 657
f 657 2023 2025
f 657 2025 656
f 656 2025 655
f 655 2025 2026
f 661 2223 658
f 658 2223 2224
f 658 2224 2176
f 2176 2224 2221
f 2221 2224 2222
f 2176 2019 658
f 658 2019 2018
f 568 2169 662
f 662 2169 2166
f 662 2166 2165
f 2165 2218 662
f 662 2218 2220
f 662 2220 663
f 663 2220 2222
f 663 2222 661
f 661 2222 2223
f 2223 2222 2224
f 1971 1973 2225
f 2225 1973 2062
f 2225 2062 2226
f 2226 2062 2061
f 2226 2061 2227
f 2227 2061 2060
f 2227 2060 2228
f 2228 2060 2059
f 2228 2059 2229
f 2229 2059 2058
f 2229 2058 2230
f 2230 2058 2057
f 2230 2057 2231
f 2231 2057 2043
f 2231 2043 2232
f 2232 2043 2041
f 2232 2041 2233
f 2233 2041 2039
f 2233 2039 2234
f 2234 2039 2037
f 2234 2037 2235
f 2235 2037 2035
f 2235 2035 2236
f 2236 2035 2033
f 2236 2033 2237
f 2237 2033 2032
f 2237 2032 2238
f 2238 2032 2021
f 2238 2021 2239
f 2239 2021 2020
f 2239 2020 2240
f 2240 2020 2010
f 2240 2010 2241
f 2241 2010 2005
f 2241 2005 2242
f 2242 2005 2004
f 2242 2004 2243
f 2243 2004 1995
f 2243 1995 2244
f 2244 1995 1989
f 2244 1989 2245
f 2245 1989 1987
f 2245 1987 2246
f 2246 1987 1985
f 2246 1985 2247
f 2247 1985 1983
f 2247 1983 2248
f 2248 1983 1981
f 2248 1981 2249
f 2249 1981 1979
f 2249 1979 2250
f 2250 1979 1971
f 2250 1971 2225
f 2251 2252 2253
f 2253 2252 2254
f 2253 2254 2255
f 2255 2254 2256
f 2255 2256 2257
f 2257 2256 2258
f 2257 2258 2259
f 2259 2258 1964
f 2259 1964 2260
f 2260 1964 2261
f 2260 2261 2262
f 2262 2261 2263
f 2262 2263 2264
f 2264 2263 2265
f 2264 2265 2266
f 2266 2265 2267
f 2266 2267 1960
f 2252 2251 2268
f 2268 2251 2269
f 2268 2269 2270
f 2270 2269 1965
f 2270 1965 1964
f 1962 2271 1964
f 1964 2271 2272
f 1964 2272 2261
f 2261 2272 2263
f 2271 1962 2273
f 2273 1962 1961
f 2273 1961 1960
f 2253 2255 2266
f 2266 2255 2274
f 2266 2274 2275
f 2275 2274 2276
f 2275 2276 2262
f 2262 2276 2260
f 2273 1960 2277
f 2277 1960 2267
f 1964 2258 2270
f 2270 2258 2256
f 2270 2256 2268
f 2268 2256 2254
f 2268 2254 2252
f 2275 2262 2264
f 2263 2272 2278
f 2278 2272 2271
f 2278 2271 2277
f 2277 2271 2273
f 2266 2275 2264
f 2278 2277 2267
f 2274 2255 2257
f 2260 2276 2259
f 2259 2276 2257
f 2276 2274 2257
f 2267 2265 2278
f 2278 2265 2263
f 1965 2269 2102
f 2102 2269 2279
f 2102 2279 2103
f 2103 2279 2280
f 2103 2280 2104
f 2104 2280 2281
f 2104 2281 2098
f 2098 2281 2282
f 2282 2281 2283
f 2282 2283 2284
f 2284 2283 2285
f 2284 2285 2286
f 2286 2285 2287
f 2287 2285 2288
f 2287 2288 2289
f 2289 2288 2290
f 2289 2290 2291
f 2291 2290 2253
f 2253 2290 2292
f 2253 2292 2251
f 2251 2292 2269
f 2269 2292 2279
f 2280 2279 2292
f 2292 2290 2293
f 2293 2290 2288
f 2293 2288 2285
f 2285 2283 2293
f 2293 2283 2280
f 2293 2280 2292
f 2283 2281 2280
f 2294 2295 2296
f 2296 2295 2297
f 2296 2297 2298
f 2298 2297 2299
f 2298 2299 2300
f 2300 2299 2301
f 2300 2301 2302
f 2302 2301 2303
f 2302 2303 2304
f 2304 2303 2305
f 2304 2305 2306
f 2306 2305 2307
f 2306 2307 2284
f 2284 2307 2282
f 2282 2307 2308
f 2282 2308 2098
f 2098 2308 2101
f 2101 2308 2309
f 2101 2309 2105
f 2105 2309 2310
f 2105 2310 2109
f 2109 2310 2311
f 2109 2311 2312
f 2312 2311 2301
f 2312 2301 2299
f 2297 2313 2299
f 2299 2313 2312
f 2313 2111 2312
f 2312 2111 2109
f 2306 2284 2314
f 2314 2284 2286
f 2314 2286 2315
f 2315 2316 2314
f 2314 2316 2317
f 2314 2317 2318
f 2318 2317 2319
f 2318 2319 2320
f 2320 2319 2321
f 2320 2321 2322
f 2322 2321 2323
f 2322 2323 2296
f 2296 2323 2294
f 2322 2296 2298
f 2322 2298 2300
f 2303 2301 2311
f 2320 2322 2300
f 2320 2300 2302
f 2309 2305 2310
f 2310 2305 2303
f 2310 2303 2311
f 2308 2307 2309
f 2309 2307 2305
f 2320 2302 2318
f 2318 2302 2304
f 2318 2304 2314
f 2314 2304 2306
f 2217 2116 2324
f 2324 2116 2325
f 2324 2325 2326
f 2326 2325 2327
f 2326 2327 2328
f 2328 2327 2329
f 2328 2329 2330
f 2328 2330 2331
f 2331 2330 2332
f 2331 2332 2333
f 2333 2332 2334
f 2333 2334 2335
f 2335 2334 2336
f 2335 2336 2337
f 2337 2336 2338
f 2337 2338 2339
f 2339 2338 2340
f 2339 2340 2214
f 2214 2340 2213
f 2213 2340 2212
f 2334 2341 2336
f 2336 2341 2342
f 2336 2342 2338
f 2338 2342 2343
f 2338 2343 2340
f 2340 2343 2212
f 2342 2341 2344
f 2344 2341 2345
f 2344 2345 2346
f 2346 2347 2344
f 2344 2347 2212
f 2214 2215 2339
f 2339 2215 2348
f 2339 2348 2337
f 2337 2348 2349
f 2337 2349 2335
f 2335 2349 2333
f 2348 2215 2350
f 2350 2215 2216
f 2350 2216 2351
f 2351 2216 2352
f 2351 2352 2353
f 2353 2352 2326
f 2353 2326 2328
f 2216 2217 2352
f 2352 2217 2324
f 2352 2324 2326
f 2344 2212 2343
f 2328 2331 2353
f 2353 2331 2354
f 2353 2354 2351
f 2351 2354 2350
f 2331 2333 2354
f 2354 2333 2349
f 2354 2349 2350
f 2350 2349 2348
f 2344 2343 2342
f 2116 2114 2355
f 2355 2114 2356
f 2355 2356 2357
f 2357 2356 2358
f 2357 2358 2359
f 2359 2358 2360
f 2359 2360 2329
f 2329 2327 2359
f 2359 2327 2357
f 2327 2325 2357
f 2357 2325 2355
f 2325 2116 2355
f 2360 2358 2361
f 2361 2358 2362
f 2361 2362 2297
f 2297 2362 2363
f 2297 2363 2313
f 2313 2363 2364
f 2313 2364 2111
f 2111 2364 2113
f 2113 2364 2114
f 2114 2364 2356
f 2356 2364 2363
f 2356 2363 2362
f 2358 2356 2362
f 2297 2295 2361
f 2360 2365 2329
f 2329 2365 2330
f 2330 2365 2366
f 2330 2366 2332
f 2332 2366 2367
f 2332 2367 2368
f 2368 2367 2369
f 2368 2369 2370
f 2365 2371 2366
f 2366 2371 2367
f 2371 2372 2367
f 2367 2372 2373
f 2367 2373 2369
f 2368 2370 2334
f 2334 2370 2374
f 2334 2374 2341
f 2341 2374 2345
f 2345 2374 2346
f 2346 2374 2347
f 2347 2374 2212
f 2334 2332 2368
f 2361 2375 2360
f 2360 2375 2376
f 2360 2376 2365
f 2365 2376 2377
f 2365 2377 2371
f 2371 2377 2372
f 2372 2377 2378
f 2372 2378 2379
f 2379 2378 2380
f 2380 2378 2381
f 2381 2378 2382
f 2381 2382 2383
f 2383 2382 2384
f 2383 2384 2385
f 2385 2384 2375
f 2385 2375 2361
f 2361 2295 2385
f 2375 2384 2376
f 2376 2384 2382
f 2376 2382 2377
f 2377 2382 2378
f 2386 2387 2388
f 2388 2387 2389
f 2388 2389 2390
f 2390 2389 2391
f 2390 2391 2392
f 2392 2391 2393
f 2392 2393 2394
f 2394 2393 2395
f 2394 2395 2396
f 2396 2395 2397
f 2396 2397 2398
f 2398 2397 2399
f 2398 2399 2400
f 2400 2399 2401
f 2400 2401 2379
f 2389 2387 2402
f 2402 2387 2403
f 2402 2403 2404
f 2404 2403 2405
f 2404 2405 2395
f 2395 2405 2397
f 2403 2406 2405
f 2405 2406 2407
f 2405 2407 2397
f 2397 2407 2399
f 2406 2408 2407
f 2407 2408 2409
f 2407 2409 2401
f 2379 2380 2400
f 2400 2380 2398
f 2380 2381 2398
f 2398 2381 2396
f 2396 2381 2394
f 2394 2381 2383
f 2394 2383 2392
f 2392 2383 2385
f 2392 2385 2390
f 2407 2401 2399
f 2391 2389 2402
f 2395 2393 2404
f 2404 2393 2402
f 2393 2391 2402
f 2410 2411 2412
f 2412 2411 2413
f 2412 2413 2386
f 2386 2413 2387
f 2387 2413 2403
f 2403 2413 2414
f 2403 2414 2406
f 2406 2414 2415
f 2406 2415 2408
f 2408 2415 2416
f 2408 2416 2417
f 2417 2416 2418
f 2418 2416 2419
f 2419 2416 2420
f 2419 2420 2410
f 2410 2420 2411
f 2414 2413 2411
f 2414 2411 2420
f 2415 2414 2420
f 2415 2420 2416
f 2421 2422 2423
f 2423 2422 2424
f 2423 2424 2425
f 2425 2424 2426
f 2425 2426 2427
f 2427 2426 2428
f 2427 2428 2429
f 2429 2428 2430
f 2429 2430 2431
f 2431 2430 2432
f 2431 2432 2419
f 2419 2432 2418
f 2418 2432 2433
f 2418 2433 2434
f 2434 2433 2435
f 2435 2433 2436
f 2435 2436 2437
f 2437 2436 2430
f 2437 2430 2428
f 2426 2438 2428
f 2428 2438 2437
f 2438 3 2437
f 2437 3 2435
f 2434 2417 2418
f 2431 2419 2439
f 2439 2419 2410
f 2439 2410 2440
f 2440 2410 2412
f 2440 2412 2441
f 2441 2421 2440
f 2440 2421 2442
f 2440 2442 2443
f 2443 2442 2425
f 2443 2425 2427
f 2442 2421 2423
f 2443 2427 2429
f 2442 2423 2425
f 2432 2430 2436
f 2433 2432 2436
f 2431 2439 2429
f 2429 2439 2443
f 2439 2440 2443
f 2422 2444 2424
f 2424 2444 2445
f 2424 2445 2426
f 2426 2445 2446
f 2426 2446 2438
f 2438 2446 2447
f 2438 2447 3
f 3 2447 1
f 2448 2449 2450
f 2450 2449 2451
f 2450 2451 2452
f 2452 2451 2453
f 2452 2453 2454
f 2454 2453 2455
f 2454 2455 2456
f 2456 2455 2457
f 2456 2457 2458
f 2458 2457 2459
f 2458 2459 2460
f 2460 2459 2461
f 2460 2461 2462
f 2462 2461 2463
f 2462 2463 2464
f 2464 2463 2465
f 2464 2465 2466
f 2466 2465 2467
f 2466 2467 2468
f 2468 2467 2469
f 2468 2469 2470
f 2470 2469 2471
f 2470 2471 2472
f 2472 2471 2473
f 2472 2473 2474
f 2474 2473 2475
f 2474 2475 2476
f 2476 2475 2477
f 2476 2477 2478
f 2478 2477 2479
f 2478 2479 2480
f 2480 2479 2481
f 2480 2481 2482
f 2482 2481 2483
f 2482 2483 2484
f 2484 2483 2485
f 2484 2485 2486
f 2486 2485 2487
f 2486 2487 2488
f 2488 2487 2489
f 2488 2489 2490
f 2490 2489 2491
f 2490 2491 2492
f 2492 2491 2493
f 2492 2493 2494
f 2494 2493 2495
f 2494 2495 2496
f 2496 2495 2497
f 2496 2497 2498
f 2498 2497 2499
f 2498 2499 2500
f 2500 2499 2501
f 2500 2501 2446
f 2446 2501 2447
f 2447 2501 2502
f 2447 2502 1
f 1 2502 2503
f 2503 2502 2504
f 2504 2502 2505
f 2504 2505 2506
f 2506 2505 2507
f 2506 2507 2508
f 2508 2507 2497
f 2508 2497 2495
f 2453 2509 2455
f 2455 2509 2510
f 2455 2510 2457
f 2457 2510 2511
f 2457 2511 2459
f 2459 2511 2512
f 2459 2512 2461
f 2461 2512 2513
f 2461 2513 2463
f 2463 2513 2514
f 2463 2514 2465
f 2465 2514 2515
f 2465 2515 2467
f 2467 2515 2516
f 2467 2516 2469
f 2469 2516 2517
f 2469 2517 2471
f 2471 2517 2518
f 2471 2518 2473
f 2473 2518 2519
f 2473 2519 2475
f 2475 2519 2520
f 2475 2520 2477
f 2477 2520 2521
f 2477 2521 2479
f 2479 2521 2522
f 2479 2522 2481
f 2481 2522 2523
f 2481 2523 2483
f 2483 2523 2524
f 2483 2524 2485
f 2485 2524 2525
f 2485 2525 2487
f 2487 2525 2526
f 2487 2526 2489
f 2489 2526 2527
f 2489 2527 2491
f 2491 2527 2528
f 2491 2528 2493
f 2493 2528 2529
f 2493 2529 2495
f 2495 2529 2508
f 2509 2530 2510
f 2510 2530 2531
f 2510 2531 2532
f 2510 2532 2511
f 2511 2532 2533
f 2511 2533 2512
f 2512 2533 2513
f 2533 2534 2513
f 2513 2534 2514
f 2534 2535 2514
f 2514 2535 2536
f 2514 2536 2515
f 2515 2536 2537
f 2515 2537 2516
f 2516 2537 2538
f 2516 2538 2517
f 2517 2538 2518
f 2538 2539 2518
f 2518 2539 2519
f 2539 2540 2519
f 2519 2540 2520
f 2540 2541 2520
f 2520 2541 2521
f 2541 2542 2521
f 2521 2542 2543
f 2521 2543 2522
f 2522 2543 2544
f 2522 2544 2523
f 2523 2544 2524
f 2544 2545 2524
f 2524 2545 2525
f 2545 2546 2525
f 2525 2546 2526
f 2546 2547 2526
f 2526 2547 2527
f 2547 2548 2527
f 2527 2548 2528
f 2548 2549 2528
f 2528 2549 2529
f 2549 2550 2529
f 2529 2550 2508
f 2550 2506 2508
f 2500 2446 2551
f 2551 2446 2445
f 2551 2445 2552
f 2552 2445 2444
f 2552 2444 2553
f 2552 2553 2554
f 2554 2553 2555
f 2554 2555 2556
f 2556 2555 2557
f 2556 2557 2558
f 2558 2557 2559
f 2558 2559 2492
f 2492 2559 2490
f 2555 2560 2557
f 2557 2560 2561
f 2557 2561 2559
f 2559 2561 2562
f 2559 2562 2490
f 2490 2562 2488
f 2560 2563 2561
f 2561 2563 2564
f 2561 2564 2562
f 2562 2564 2565
f 2562 2565 2488
f 2488 2565 2486
f 2563 2566 2564
f 2564 2566 2567
f 2564 2567 2565
f 2565 2567 2568
f 2565 2568 2486
f 2486 2568 2484
f 2566 2569 2567
f 2567 2569 2570
f 2567 2570 2568
f 2568 2570 2571
f 2568 2571 2484
f 2484 2571 2482
f 2569 2572 2570
f 2570 2572 2573
f 2570 2573 2571
f 2571 2573 2574
f 2571 2574 2482
f 2482 2574 2480
f 2572 2575 2573
f 2573 2575 2576
f 2573 2576 2574
f 2574 2576 2577
f 2574 2577 2480
f 2480 2577 2478
f 2575 2578 2576
f 2576 2578 2579
f 2576 2579 2577
f 2577 2579 2580
f 2577 2580 2478
f 2478 2580 2476
f 2579 2578 2581
f 2581 2578 2582
f 2581 2582 2583
f 2583 2582 2584
f 2583 2584 2585
f 2583 2585 2586
f 2586 2585 2587
f 2586 2587 2588
f 2588 2587 2589
f 2588 2589 2590
f 2590 2589 2591
f 2590 2591 2592
f 2592 2591 2593
f 2592 2593 2594
f 2594 2593 2595
f 2594 2595 2464
f 2464 2595 2462
f 2591 2596 2593
f 2593 2596 2597
f 2593 2597 2595
f 2595 2597 2598
f 2595 2598 2462
f 2462 2598 2460
f 2596 2599 2597
f 2597 2599 2600
f 2597 2600 2598
f 2598 2600 2601
f 2598 2601 2460
f 2460 2601 2458
f 2599 2602 2600
f 2600 2602 2603
f 2600 2603 2601
f 2601 2603 2604
f 2601 2604 2458
f 2458 2604 2456
f 2602 2605 2603
f 2603 2605 2606
f 2603 2606 2604
f 2604 2606 2607
f 2604 2607 2456
f 2456 2607 2454
f 2606 2605 2608
f 2608 2605 2448
f 2608 2448 2450
f 2608 2450 2452
f 2608 2452 2607
f 2607 2452 2454
f 2606 2608 2607
f 2594 2464 2466
f 2594 2466 2609
f 2609 2466 2468
f 2609 2468 2610
f 2610 2468 2470
f 2610 2470 2611
f 2611 2470 2472
f 2611 2472 2612
f 2612 2472 2474
f 2612 2474 2613
f 2613 2474 2476
f 2613 2476 2580
f 2610 2590 2609
f 2609 2590 2592
f 2609 2592 2594
f 2590 2610 2588
f 2588 2610 2611
f 2588 2611 2586
f 2586 2611 2612
f 2586 2612 2583
f 2583 2612 2613
f 2583 2613 2581
f 2581 2613 2580
f 2581 2580 2579
f 2558 2492 2494
f 2558 2494 2614
f 2614 2494 2496
f 2614 2496 2615
f 2615 2496 2498
f 2615 2498 2551
f 2551 2498 2500
f 2497 2507 2499
f 2499 2507 2505
f 2499 2505 2501
f 2501 2505 2502
f 2615 2554 2614
f 2614 2554 2556
f 2614 2556 2558
f 2551 2552 2615
f 2615 2552 2554
f 2616 2617 2618
f 2618 2617 2619
f 2618 2619 2449
f 2449 2619 2451
f 2451 2619 2453
f 2453 2619 2620
f 2453 2620 2509
f 2509 2620 2621
f 2509 2621 2530
f 2530 2621 2622
f 2530 2622 2623
f 2623 2622 2624
f 2624 2622 2625
f 2625 2622 2626
f 2625 2626 2616
f 2616 2626 2617
f 2620 2619 2617
f 2620 2617 2626
f 2621 2620 2626
f 2621 2626 2622
f 2627 2628 2629
f 2629 2628 2630
f 2629 2630 2631
f 2631 2630 2632
f 2631 2632 2633
f 2633 2632 2634
f 2633 2634 2635
f 2635 2634 2636
f 2635 2636 2637
f 2637 2636 2638
f 2637 2638 2639
f 2639 2638 2640
f 2639 2640 2641
f 2641 2640 2642
f 2641 2642 2616
f 2616 2642 2625
f 2625 2642 2643
f 2625 2643 2644
f 2644 2643 2645
f 2644 2645 2646
f 2646 2645 2647
f 2646 2647 2648
f 2648 2647 2649
f 2649 2647 2650
f 2649 2650 2651
f 2651 2650 2652
f 2651 2652 2653
f 2653 2652 2654
f 2653 2654 2655
f 2655 2654 2636
f 2655 2636 2634
f 2630 2656 2632
f 2632 2656 2657
f 2632 2657 2634
f 2634 2657 2655
f 2657 2656 2658
f 2658 2656 2659
f 2658 2659 2660
f 2660 2659 2661
f 2660 2661 2662
f 2660 2662 2651
f 2651 2662 2649
f 2646 2648 2663
f 2663 2648 2623
f 2663 2623 2624
f 2663 2624 2644
f 2644 2624 2625
f 2641 2616 2664
f 2664 2616 2618
f 2664 2618 2665
f 2666 2667 2665
f 2665 2667 2668
f 2665 2668 2664
f 2664 2668 2639
f 2664 2639 2641
f 2627 2669 2666
f 2666 2669 2670
f 2666 2670 2667
f 2667 2670 2635
f 2667 2635 2637
f 2669 2627 2629
f 2655 2657 2658
f 2651 2653 2660
f 2660 2653 2658
f 2653 2655 2658
f 2669 2629 2631
f 2669 2631 2633
f 2670 2669 2633
f 2670 2633 2635
f 2652 2650 2671
f 2671 2650 2647
f 2671 2647 2645
f 2638 2636 2654
f 2654 2652 2672
f 2672 2652 2671
f 2672 2671 2673
f 2673 2671 2645
f 2673 2645 2643
f 2663 2644 2646
f 2643 2642 2673
f 2673 2642 2640
f 2673 2640 2672
f 2672 2640 2638
f 2672 2638 2654
f 2637 2639 2668
f 2667 2637 2668
f 2674 2675 2676
f 2676 2675 2677
f 2676 2677 2678
f 2678 2677 2679
f 2678 2679 2680
f 2680 2679 2681
f 2680 2681 2682
f 2682 2681 2683
f 2682 2683 2684
f 2684 2683 2685
f 2684 2685 2686
f 2686 2685 2687
f 2686 2687 2688
f 2688 2687 2689
f 2689 2687 2690
f 2690 2687 2691
f 2690 2691 2692
f 2692 2691 2693
f 2692 2693 2694
f 2694 2693 2695
f 2694 2695 2677
f 2677 2695 2679
f 2675 2674 2694
f 2694 2674 2692
f 2686 2688 2696
f 2696 2688 2697
f 2696 2697 2684
f 2684 2697 2682
f 2694 2677 2675
f 2684 2686 2696
f 2687 2685 2691
f 2691 2685 2698
f 2691 2698 2693
f 2693 2698 2695
f 2679 2695 2681
f 2681 2695 2698
f 2681 2698 2683
f 2683 2698 2685
f 2690 2699 2689
f 2689 2699 2700
f 2689 2700 2701
f 2701 2700 2702
f 2701 2702 2703
f 2703 2702 2704
f 2703 2704 2705
f 2705 2704 2706
f 2705 2706 2707
f 2707 2706 2708
f 2707 2708 2709
f 2709 2708 2710
f 2709 2710 2711
f 2711 2710 2712
f 2711 2712 2713
f 2699 2690 2714
f 2714 2690 2692
f 2714 2692 2715
f 2715 2692 2716
f 2715 2716 2717
f 2717 2716 2718
f 2717 2718 2706
f 2706 2718 2708
f 2692 2674 2716
f 2716 2674 2719
f 2716 2719 2718
f 2718 2719 2720
f 2718 2720 2708
f 2708 2720 2710
f 2674 2676 2719
f 2719 2676 2721
f 2719 2721 2720
f 2720 2721 2722
f 2720 2722 2710
f 2710 2722 2712
f 2713 2723 2711
f 2711 2723 2709
f 2723 2724 2709
f 2709 2724 2707
f 2707 2724 2705
f 2705 2724 2725
f 2705 2725 2703
f 2703 2725 2726
f 2703 2726 2701
f 2700 2699 2714
f 2714 2715 2727
f 2727 2715 2717
f 2727 2717 2704
f 2704 2717 2706
f 2702 2700 2727
f 2727 2700 2714
f 2702 2727 2704
f 2728 2729 2730
f 2730 2729 2731
f 2730 2731 2732
f 2732 2731 2733
f 2732 2733 2734
f 2734 2733 2735
f 2734 2735 2736
f 2736 2735 2737
f 2736 2737 2738
f 2738 2737 2739
f 2738 2739 2724
f 2724 2739 2725
f 2725 2739 2740
f 2725 2740 2741
f 2741 2740 2742
f 2741 2742 2743
f 2743 2742 2744
f 2743 2744 2745
f 2745 2744 2746
f 2746 2744 2735
f 2746 2735 2733
f 2741 2726 2725
f 2738 2724 2747
f 2747 2724 2723
f 2747 2723 2748
f 2748 2723 2713
f 2748 2713 2749
f 2749 2728 2748
f 2748 2728 2750
f 2748 2750 2751
f 2751 2750 2732
f 2751 2732 2734
f 2750 2728 2730
f 2737 2735 2744
f 2751 2734 2736
f 2750 2730 2732
f 2739 2737 2742
f 2742 2737 2744
f 2740 2739 2742
f 2738 2747 2736
f 2736 2747 2751
f 2747 2748 2751
f 2729 2752 2753
f 2753 2752 2754
f 2753 2754 2755
f 2755 2754 2756
f 2755 2756 2757
f 2757 2756 2758
f 2757 2758 2759
f 2759 2745 2757
f 2757 2745 2746
f 2757 2746 2755
f 2755 2746 2733
f 2755 2733 2753
f 2753 2733 2731
f 2753 2731 2729
f 2266 2760 2253
f 2253 2760 2761
f 2253 2761 2762
f 2762 2761 2763
f 2762 2763 2291
f 2291 2763 2764
f 2291 2764 2289
f 2289 2764 2765
f 2289 2765 2287
f 2287 2765 2286
f 2286 2765 2766
f 2286 2766 2767
f 2767 2766 2768
f 2767 2768 2769
f 2769 2768 2770
f 2769 2770 2771
f 2771 2770 2772
f 2771 2772 2773
f 2773 2772 2774
f 2773 2774 2775
f 2775 2774 2776
f 2775 2776 2777
f 2777 2776 2778
f 2777 2778 2779
f 2779 2778 2780
f 2779 2780 2759
f 1960 2781 2266
f 2266 2781 2782
f 2266 2782 2783
f 2783 2782 2784
f 2783 2784 2785
f 2781 2784 2782
f 2783 2785 2786
f 2786 2785 2787
f 2786 2787 2788
f 2788 2787 2789
f 2788 2789 2790
f 2790 2789 2791
f 2790 2791 2792
f 2792 2791 2778
f 2792 2778 2776
f 2791 2780 2778
f 2759 2758 2779
f 2779 2758 2777
f 2758 2756 2777
f 2777 2756 2775
f 2775 2756 2773
f 2773 2756 2754
f 2773 2754 2771
f 2771 2754 2752
f 2771 2752 2793
f 2793 2769 2771
f 2291 2253 2762
f 2786 2761 2783
f 2783 2761 2760
f 2783 2760 2266
f 2761 2786 2794
f 2794 2786 2788
f 2794 2788 2795
f 2795 2788 2790
f 2795 2790 2796
f 2796 2790 2792
f 2796 2792 2776
f 2761 2794 2763
f 2763 2794 2797
f 2763 2797 2798
f 2798 2797 2799
f 2798 2799 2768
f 2768 2799 2770
f 2797 2794 2795
f 2766 2765 2764
f 2766 2764 2798
f 2798 2764 2763
f 2797 2795 2800
f 2800 2795 2796
f 2800 2796 2774
f 2774 2796 2776
f 2768 2766 2798
f 2774 2772 2800
f 2800 2772 2799
f 2800 2799 2797
f 2772 2770 2799
f 2628 2678 2630
f 2630 2678 2680
f 2630 2680 2656
f 2656 2680 2682
f 2656 2682 2659
f 2659 2682 2697
f 2659 2697 2661
f 2661 2697 2688
f 2386 2388 2678
f 2678 2388 2676
f 2676 2388 2721
f 2721 2388 2801
f 2721 2801 2802
f 2388 2390 2801
f 2801 2390 2803
f 2803 2390 2804
f 2804 2390 2805
f 2805 2390 2385
f 2805 2385 2806
f 2806 2385 2807
f 2807 2385 2808
f 2808 2385 2809
f 2721 2802 2722
f 2722 2802 2810
f 2722 2810 2811
f 2722 2811 2712
f 2712 2811 2812
f 2712 2812 2713
f 2713 2812 2813
f 2713 2813 2814
f 2814 2815 2713
f 2713 2815 2816
f 2374 2817 2212
f 2212 2817 2818
f 2212 2818 2819
f 2819 2818 2820
f 2819 2820 2821
f 2821 2820 2822
f 2821 2822 2823
f 2823 2822 1263
f 2823 1263 2824
f 2824 1263 1262
f 2824 1262 2825
f 2825 1262 1266
f 2825 1266 2826
f 2826 1266 643
f 2826 643 2819
f 2819 643 2212
f 2817 2374 2827
f 2827 2374 2370
f 2827 2370 2828
f 2828 2370 2829
f 2828 2829 2830
f 2830 2829 2369
f 2830 2369 2373
f 2370 2369 2829
f 2373 2372 2830
f 2830 2372 1263
f 2830 1263 2831
f 2831 1263 2832
f 2831 2832 2833
f 2833 2832 2820
f 2833 2820 2818
f 2372 1267 1263
f 2828 2830 2831
f 2817 2827 2828
f 2817 2828 2833
f 2833 2828 2831
f 2833 2818 2817
f 2823 2824 2825
f 2819 2821 2826
f 2826 2821 2825
f 2832 1263 2822
f 2821 2823 2825
f 2822 2820 2832
f 1267 2372 1271
f 1271 2372 2379
f 1271 2379 2417
f 2417 2379 2408
f 2408 2379 2401
f 2408 2401 2409
f 2294 2834 2295
f 2295 2834 2835
f 2295 2835 2836
f 2323 2837 2294
f 2294 2837 2838
f 2294 2838 2834
f 2837 2323 2839
f 2839 2323 2321
f 2839 2321 2840
f 2840 2321 2841
f 2841 2321 2319
f 2841 2319 2842
f 2842 2319 2317
f 2842 2317 2843
f 2843 2317 2844
f 2844 2317 2316
f 2844 2316 2845
f 2845 2316 2846
f 2846 2316 2315
f 2846 2315 2847
f 2847 2315 2767
f 2847 2767 2769
f 2315 2286 2767
f 2769 2793 2847
f 2847 2793 2752
f 2847 2752 2816
f 2816 2752 2729
f 2816 2729 2728
f 2728 2749 2816
f 2816 2749 2713
f 2809 2385 2836
f 2836 2385 2295
f 2417 2434 1271
f 1271 2434 1287
f 1287 2434 2435
f 1287 2435 1286
f 1286 2435 4
f 4 2435 3
f 2503 2848 1
f 1 2848 2849
f 1 2849 2850
f 2850 2849 2851
f 2850 2851 2852
f 2852 2851 2853
f 2852 2853 2854
f 2854 2853 2855
f 2854 2855 2856
f 2856 2855 2857
f 2856 2857 2858
f 2858 2857 2859
f 2858 2859 2860
f 2860 2859 2861
f 2860 2861 2862
f 2862 2861 2863
f 2862 2863 2864
f 2864 2863 2865
f 2864 2865 2866
f 2866 2865 2867
f 2866 2867 2868
f 2868 2867 2869
f 2868 2869 2870
f 2870 2869 2871
f 2870 2871 2872
f 2872 2871 2873
f 2872 2873 2874
f 2874 2873 2875
f 2874 2875 2876
f 2876 2875 2877
f 2876 2877 2878
f 2878 2877 2879
f 2878 2879 2880
f 2880 2879 2881
f 2880 2881 2882
f 2882 2881 2883
f 2882 2883 2884
f 2884 2883 2885
f 2884 2885 2886
f 2886 2885 2887
f 2886 2887 2888
f 2888 2887 2889
f 2888 2889 2890
f 2890 2889 2891
f 2890 2891 2892
f 2892 2891 2893
f 2892 2893 2894
f 2894 2893 2895
f 2894 2895 2896
f 2896 2895 2897
f 2896 2897 2898
f 2898 2897 2530
f 2898 2530 1415
f 2503 2504 2848
f 2848 2504 2899
f 2848 2899 2849
f 2849 2899 2851
f 2504 2506 2899
f 2899 2506 2900
f 2899 2900 2851
f 2851 2900 2853
f 2900 2506 2901
f 2901 2506 2550
f 2901 2550 2902
f 2902 2550 2549
f 2902 2549 2548
f 2902 2548 2903
f 2903 2548 2547
f 2903 2547 2904
f 2904 2547 2546
f 2904 2546 2905
f 2905 2546 2906
f 2905 2906 2863
f 2863 2906 2865
f 2546 2545 2906
f 2906 2545 2907
f 2906 2907 2865
f 2865 2907 2867
f 2545 2544 2907
f 2907 2544 2908
f 2907 2908 2867
f 2867 2908 2869
f 2544 2543 2908
f 2908 2543 2909
f 2908 2909 2869
f 2869 2909 2871
f 2543 2542 2909
f 2909 2542 2910
f 2909 2910 2871
f 2871 2910 2873
f 2542 2541 2910
f 2910 2541 2540
f 2910 2540 2911
f 2911 2540 2539
f 2911 2539 2912
f 2912 2539 2913
f 2912 2913 2877
f 2877 2913 2879
f 2539 2538 2913
f 2913 2538 2914
f 2913 2914 2879
f 2879 2914 2881
f 2538 2537 2914
f 2914 2537 2915
f 2914 2915 2881
f 2881 2915 2883
f 2915 2537 2916
f 2916 2537 2536
f 2916 2536 2917
f 2917 2536 2535
f 2917 2535 2918
f 2918 2535 2534
f 2918 2534 2919
f 2919 2534 2533
f 2919 2533 2920
f 2920 2533 2921
f 2920 2921 2893
f 2893 2921 2895
f 2533 2532 2921
f 2921 2532 2922
f 2921 2922 2895
f 2895 2922 2897
f 2532 2531 2922
f 2922 2531 2530
f 2922 2530 2897
f 2898 1415 2923
f 2923 1415 1414
f 2923 1414 1412
f 2923 1412 2924
f 2924 1412 1410
f 2924 1410 2925
f 2925 1410 1408
f 2925 1408 2926
f 2926 1408 1406
f 2926 1406 2927
f 2927 1406 1404
f 2927 1404 2928
f 2928 1404 1402
f 2928 1402 2929
f 2929 1402 1400
f 2929 1400 2930
f 2930 1400 1398
f 2930 1398 2931
f 2931 1398 1396
f 2931 1396 2932
f 2932 1396 1394
f 2932 1394 2933
f 2933 1394 1392
f 2933 1392 2934
f 2934 1392 1390
f 2934 1390 2935
f 2935 1390 1388
f 2935 1388 2936
f 2936 1388 1385
f 2936 1385 2937
f 2937 1385 2938
f 2937 2938 2870
f 2870 2938 2868
f 1385 1383 2938
f 2938 1383 2939
f 2938 2939 2868
f 2868 2939 2866
f 1383 1381 2939
f 2939 1381 2940
f 2939 2940 2866
f 2866 2940 2864
f 1381 1380 2940
f 2940 1380 1378
f 2940 1378 2941
f 2941 1378 1376
f 2941 1376 2942
f 2942 1376 1374
f 2942 1374 2943
f 2943 1374 1373
f 2943 1373 1371
f 2943 1371 2944
f 2944 1371 1369
f 2944 1369 2945
f 2945 1369 1367
f 2945 1367 2946
f 2946 1367 1365
f 2946 1365 2947
f 2947 1365 1364
f 2947 1364 2
f 2 1 2947
f 2947 1 2850
f 2947 2850 2852
f 2893 2891 2920
f 2920 2891 2919
f 2891 2889 2919
f 2919 2889 2918
f 2889 2887 2918
f 2918 2887 2917
f 2883 2915 2916
f 2887 2885 2917
f 2917 2885 2916
f 2885 2883 2916
f 2873 2910 2911
f 2877 2875 2912
f 2912 2875 2911
f 2875 2873 2911
f 2863 2861 2905
f 2905 2861 2904
f 2861 2859 2904
f 2904 2859 2903
f 2859 2857 2903
f 2903 2857 2902
f 2853 2900 2901
f 2857 2855 2902
f 2902 2855 2901
f 2855 2853 2901
f 2947 2852 2946
f 2946 2852 2854
f 2946 2854 2945
f 2945 2854 2856
f 2945 2856 2944
f 2944 2856 2858
f 2944 2858 2943
f 2943 2858 2860
f 2943 2860 2942
f 2942 2860 2862
f 2942 2862 2941
f 2941 2862 2864
f 2941 2864 2940
f 2870 2872 2937
f 2937 2872 2936
f 2872 2874 2936
f 2936 2874 2935
f 2874 2876 2935
f 2935 2876 2934
f 2876 2878 2934
f 2934 2878 2933
f 2878 2880 2933
f 2933 2880 2932
f 2880 2882 2932
f 2932 2882 2931
f 2882 2884 2931
f 2931 2884 2930
f 2884 2886 2930
f 2930 2886 2929
f 2886 2888 2929
f 2929 2888 2928
f 2888 2890 2928
f 2928 2890 2927
f 2890 2892 2927
f 2927 2892 2926
f 2892 2894 2926
f 2926 2894 2925
f 2898 2923 2924
f 2894 2896 2925
f 2925 2896 2924
f 2896 2898 2924
f 2530 2623 1415
f 1415 2623 1416
f 2623 2648 1416
f 1416 2648 1420
f 1420 2648 2649
f 1420 2649 1419
f 1419 2649 1418
f 1418 2649 2662
f 1418 2662 1417
f 1417 2662 2661
f 2661 2688 1417
f 1417 2688 1421
f 1421 2688 2689
f 2948 2949 2950
f 2950 2949 2951
f 2950 2951 2952
f 2952 2951 2953
f 2952 2953 2954
f 2954 2953 2955
f 2954 2955 2956
f 2956 2955 2957
f 2956 2957 2958
f 2958 2957 2959
f 2958 2959 2960
f 2960 2959 2961
f 2960 2961 2962
f 2962 2961 2963
f 2962 2963 2964
f 2964 2963 2965
f 2964 2965 2966
f 2966 2965 2967
f 2966 2967 2968
f 2968 2967 2969
f 2968 2969 2970
f 2970 2969 2971
f 2970 2971 2972
f 2972 2971 2973
f 2972 2973 2974
f 2974 2973 2975
f 2974 2975 2976
f 2976 2975 2977
f 2976 2977 2978
f 2978 2977 2979
f 2978 2979 2980
f 2980 2979 2981
f 2980 2981 2982
f 2982 2981 2983
f 2982 2983 2984
f 2984 2983 2985
f 2984 2985 2986
f 2986 2985 2987
f 2986 2987 2988
f 2988 2987 2989
f 2988 2989 2990
f 2990 2989 2991
f 2990 2991 2992
f 2992 2991 2993
f 2992 2993 2994
f 2994 2993 2995
f 2994 2995 2996
f 2996 2995 2997
f 2996 2997 2998
f 2998 2997 2999
f 2998 2999 2948
f 2948 2999 2949
f 3000 3001 3002
f 3002 3001 3003
f 3002 3003 3004
f 3004 3003 3005
f 3004 3005 3006
f 3006 3005 2951
f 3006 2951 2949
f 3001 3000 3007
f 3007 3000 3008
f 3007 3008 3009
f 3009 3008 3010
f 3009 3010 3011
f 3011 3010 3012
f 3011 3012 3013
f 3013 3012 3014
f 3013 3014 3015
f 3015 3014 3016
f 3015 3016 3017
f 3017 3016 3018
f 3017 3018 3019
f 3019 3018 3020
f 3019 3020 2969
f 2969 3020 2971
f 3016 3021 3018
f 3018 3021 3022
f 3018 3022 3020
f 3020 3022 3023
f 3020 3023 2971
f 2971 3023 2973
f 3021 3024 3022
f 3022 3024 3025
f 3022 3025 3023
f 3023 3025 3026
f 3023 3026 2973
f 2973 3026 2975
f 3024 3027 3025
f 3025 3027 3028
f 3025 3028 3026
f 3026 3028 3029
f 3026 3029 2975
f 2975 3029 2977
f 3027 3030 3028
f 3028 3030 3031
f 3028 3031 3029
f 3029 3031 3032
f 3029 3032 2977
f 2977 3032 2979
f 3030 3033 3031
f 3031 3033 3034
f 3031 3034 3032
f 3032 3034 3035
f 3032 3035 2979
f 2979 3035 2981
f 3034 3033 3036
f 3036 3033 3037
f 3036 3037 3038
f 3038 3037 3039
f 3038 3039 3040
f 3040 3039 3041
f 3040 3041 3042
f 3042 3041 3043
f 3042 3043 3044
f 3044 3043 3045
f 3044 3045 3046
f 3046 3045 3047
f 3046 3047 3048
f 3048 3047 3049
f 3048 3049 3050
f 3050 3049 3051
f 3050 3051 2995
f 2995 3051 2997
f 3047 3052 3049
f 3049 3052 3053
f 3049 3053 3051
f 3051 3053 3054
f 3051 3054 2997
f 2997 3054 2999
f 3052 3055 3053
f 3053 3055 3056
f 3053 3056 3054
f 3054 3056 3057
f 3054 3057 2999
f 2999 3057 2949
f 3055 3058 3056
f 3056 3058 3059
f 3056 3059 3057
f 3057 3059 3006
f 3057 3006 2949
f 3058 3060 3059
f 3059 3060 3004
f 3059 3004 3006
f 3060 3002 3004
f 2951 3005 2953
f 2953 3005 3061
f 2953 3061 2955
f 2955 3061 3062
f 2955 3062 2957
f 2957 3062 3063
f 2957 3063 2959
f 2959 3063 3064
f 2959 3064 2961
f 2961 3064 3065
f 2961 3065 2963
f 2963 3065 3066
f 2963 3066 2965
f 2965 3066 3067
f 2965 3067 2967
f 2967 3067 3019
f 2967 3019 2969
f 3005 3003 3061
f 3061 3003 3001
f 3061 3001 3062
f 3062 3001 3007
f 3062 3007 3063
f 3063 3007 3009
f 3063 3009 3064
f 3064 3009 3011
f 3064 3011 3065
f 3065 3011 3013
f 3065 3013 3066
f 3066 3013 3015
f 3066 3015 3067
f 3067 3015 3017
f 3067 3017 3019
f 3050 2995 2993
f 3050 2993 3068
f 3068 2993 2991
f 3068 2991 3069
f 3069 2991 2989
f 3069 2989 3070
f 3070 2989 2987
f 3070 2987 3071
f 3071 2987 2985
f 3071 2985 3072
f 3072 2985 2983
f 3072 2983 3073
f 3073 2983 2981
f 3073 2981 3035
f 3046 3048 3068
f 3068 3048 3050
f 3046 3068 3069
f 3044 3046 3069
f 3044 3069 3070
f 3042 3044 3070
f 3042 3070 3071
f 3040 3042 3071
f 3040 3071 3072
f 3038 3040 3072
f 3038 3072 3073
f 3036 3038 3073
f 3036 3073 3035
f 3034 3036 3035
f 2952 2250 2950
f 2950 2250 2225
f 2950 2225 2948
f 2948 2225 2226
f 2948 2226 2998
f 2998 2226 2227
f 2998 2227 2996
f 2996 2227 2228
f 2996 2228 2994
f 2994 2228 2229
f 2994 2229 2992
f 2992 2229 2230
f 2992 2230 2990
f 2990 2230 2231
f 2990 2231 2988
f 2988 2231 2232
f 2988 2232 2986
f 2986 2232 2233
f 2986 2233 2984
f 2984 2233 2234
f 2984 2234 2982
f 2982 2234 2235
f 2982 2235 2980
f 2980 2235 2236
f 2980 2236 2978
f 2978 2236 2237
f 2978 2237 2976
f 2976 2237 2238
f 2976 2238 2974
f 2974 2238 2239
f 2974 2239 2972
f 2972 2239 2240
f 2972 2240 2970
f 2970 2240 2241
f 2970 2241 2968
f 2968 2241 2242
f 2968 2242 2966
f 2966 2242 2243
f 2966 2243 2964
f 2964 2243 2244
f 2964 2244 2962
f 2962 2244 2245
f 2962 2245 2960
f 2960 2245 2246
f 2960 2246 2958
f 2958 2246 2247
f 2958 2247 2956
f 2956 2247 2248
f 2956 2248 2954
f 2954 2248 2249
f 2954 2249 2952
f 2952 2249 2250
f 3000 3002 3074
f 3074 3002 3060
f 3074 3060 3075
f 3075 3060 3058
f 3075 3058 3076
f 3076 3058 3055
f 3076 3055 3052
f 3076 3052 3077
f 3077 3052 3047
f 3077 3047 3045
f 3077 3045 3078
f 3078 3045 3043
f 3078 3043 3079
f 3079 3043 3041
f 3079 3041 3039
f 3079 3039 3080
f 3080 3039 3037
f 3080 3037 3081
f 3081 3037 3033
f 3081 3033 3030
f 3081 3030 3082
f 3082 3030 3027
f 3082 3027 3083
f 3083 3027 3024
f 3083 3024 3021
f 3083 3021 3084
f 3084 3021 3016
f 3084 3016 3014
f 3084 3014 3085
f 3085 3014 3012
f 3085 3012 3086
f 3086 3012 3010
f 3086 3010 3008
f 3086 3008 3087
f 3087 3008 3000
f 3087 3000 3074
f 1571 3088 1569
f 1569 3088 3089
f 1569 3089 1566
f 1566 3089 3090
f 1566 3090 3091
f 1566 3091 1564
f 1564 3091 3092
f 1564 3092 1562
f 3092 3093 1562
f 1562 3093 1573
f 1573 3093 1581
f 1581 3093 3094
f 1581 3094 1578
f 1578 3094 3095
f 1578 3095 3096
f 1578 3096 1576
f 1576 3096 3097
f 1576 3097 1574
f 3097 3098 1574
f 1574 3098 1583
f 3099 3100 3101
f 3101 3100 3102
f 3101 3102 3103
f 3103 3102 3104
f 3103 3104 3105
f 3105 3104 3106
f 3105 3106 3107
f 3107 3106 3108
f 3108 3106 3109
f 3108 3109 3110
f 3110 3109 3111
f 3111 3109 3112
f 3111 3112 3113
f 3113 3112 3114
f 3113 3114 3115
f 3115 3114 3102
f 3115 3102 3100
f 3104 3102 3114
f 3106 3104 3112
f 3112 3104 3114
f 3109 3106 3112
f 3111 2843 3116
f 3116 2843 2844
f 3116 2844 3117
f 3117 2844 2845
f 3117 2845 3118
f 3118 2845 2846
f 3118 2846 2847
f 3107 3108 2847
f 2847 3108 3118
f 3118 3108 3117
f 3117 3108 3110
f 3117 3110 3116
f 3116 3110 3111
f 3119 3120 3121
f 3121 3120 3122
f 3121 3122 3123
f 3123 3122 3124
f 3123 3124 3125
f 3125 3124 3126
f 3125 3126 3127
f 3127 3128 3125
f 3125 3128 3129
f 3125 3129 3123
f 3123 3129 3130
f 3123 3130 3131
f 3131 3130 3132
f 3131 3132 3133
f 3133 3132 3134
f 3134 3132 3135
f 3134 3135 3136
f 3136 3135 3137
f 3137 3135 3138
f 3137 3138 3139
f 3139 3138 3129
f 3139 3129 3128
f 3133 3119 3131
f 3131 3119 3121
f 3131 3121 3123
f 3135 3132 3130
f 3138 3135 3130
f 3138 3130 3129
f 3127 2813 3128
f 3128 2813 2812
f 3128 2812 2811
f 3128 2811 3139
f 3139 2811 2810
f 3139 2810 3137
f 3137 2810 2802
f 3137 2802 3136
f 3140 3141 3142
f 3142 3141 3143
f 3142 3143 3144
f 3144 3143 3145
f 3144 3145 3146
f 3146 3145 3147
f 3146 3147 3148
f 3148 3149 3146
f 3146 3149 3150
f 3146 3150 3144
f 3144 3150 3151
f 3144 3151 3142
f 3142 3151 3152
f 3142 3152 3140
f 3140 3152 3153
f 3140 3153 3154
f 3154 3153 3155
f 3154 3155 3156
f 3156 3155 3157
f 3156 3157 3158
f 3149 3159 3150
f 3150 3159 3160
f 3150 3160 3151
f 3151 3160 3161
f 3151 3161 3152
f 3152 3161 3162
f 3152 3162 3153
f 3153 3162 3155
f 3159 3157 3160
f 3160 3157 3161
f 3156 3158 3163
f 3163 3158 3164
f 3163 3164 3156
f 3156 3164 3154
f 3161 3157 3162
f 3162 3157 3155
f 2835 3165 2836
f 2836 3165 3166
f 2836 3166 3148
f 3148 3166 3149
f 3149 3166 3167
f 3149 3167 3159
f 3159 3167 3168
f 3159 3168 3157
f 3157 3168 3169
f 3157 3169 3170
f 3170 3169 3171
f 3170 3171 3158
f 3158 3171 2840
f 2840 3171 2839
f 2839 3171 3172
f 2839 3172 2837
f 2837 3172 3173
f 2837 3173 2838
f 2838 3173 3174
f 2838 3174 2834
f 2834 3174 3165
f 2834 3165 2835
f 3158 3157 3170
f 3171 3169 3172
f 3172 3169 3168
f 3172 3168 3173
f 3173 3168 3167
f 3173 3167 3174
f 3174 3167 3166
f 3174 3166 3165
f 3141 3140 3175
f 3175 3140 3176
f 3175 3176 3177
f 3177 3176 3100
f 3177 3100 3099
f 3140 3154 3176
f 3176 3154 3178
f 3176 3178 3100
f 3100 3178 3115
f 3115 3178 3179
f 3115 3179 3113
f 3113 3179 3180
f 3113 3180 3111
f 3154 3164 3178
f 3178 3164 3179
f 3158 3181 3164
f 3164 3181 3179
f 3181 3180 3179
f 3182 3183 3184
f 3184 3183 3185
f 3184 3185 3186
f 3186 3185 3187
f 3186 3187 3188
f 3188 3187 3189
f 3188 3189 3190
f 3188 3190 3191
f 3191 3190 3192
f 3191 3192 3193
f 3193 3192 3194
f 3193 3194 3195
f 3195 3194 3196
f 3195 3196 3197
f 3197 3196 3198
f 3197 3198 3199
f 3199 3200 3197
f 3197 3200 3201
f 3197 3201 3202
f 3202 3201 3186
f 3202 3186 3188
f 3200 3182 3201
f 3201 3182 3184
f 3201 3184 3186
f 3191 3193 3195
f 3191 3195 3202
f 3202 3195 3197
f 3188 3191 3202
f 3190 2801 3192
f 3192 2801 2803
f 3192 2803 3194
f 3194 2803 2804
f 3194 2804 3196
f 3196 2804 2805
f 3196 2805 3198
f 3198 2805 2806
f 3141 3183 3203
f 3203 3183 3182
f 3203 3182 3204
f 3204 3182 3200
f 3204 3200 3205
f 3205 3200 3199
f 3205 3199 3198
f 3198 3148 3205
f 3205 3148 3147
f 3205 3147 3204
f 3204 3147 3145
f 3204 3145 3203
f 3203 3145 3143
f 3203 3143 3141
f 3183 3120 3185
f 3185 3120 3119
f 3185 3119 3187
f 3187 3119 3133
f 3187 3133 3189
f 3189 3133 3134
f 3189 3134 3190
f 3190 3134 3136
f 3120 3099 3206
f 3206 3099 3101
f 3206 3101 3207
f 3207 3101 3103
f 3207 3103 3208
f 3208 3103 3105
f 3208 3105 3107
f 3107 3127 3208
f 3208 3127 3126
f 3208 3126 3207
f 3207 3126 3124
f 3207 3124 3206
f 3206 3124 3122
f 3206 3122 3120
f 2843 3111 2842
f 2842 3111 3180
f 2842 3180 3181
f 2842 3181 2841
f 2841 3181 3158
f 2841 3158 2840
f 3148 3198 2836
f 2836 3198 2809
f 2809 3198 2806
f 2809 2806 2808
f 2808 2806 2807
f 3175 49 3141
f 3141 49 63
f 3141 63 61
f 3177 41 3175
f 3175 41 55
f 3175 55 53
f 3099 47 3177
f 3177 47 45
f 3177 45 42
f 3120 31 3099
f 3099 31 29
f 3099 29 26
f 3183 3092 3120
f 3120 3092 3091
f 3120 3091 3090
f 3141 66 3183
f 3183 66 65
f 3183 65 257
f 257 65 79
f 257 79 258
f 258 79 77
f 258 77 261
f 261 77 74
f 261 74 263
f 263 74 73
f 263 73 249
f 249 73 87
f 249 87 250
f 250 87 85
f 250 85 253
f 253 85 82
f 253 82 255
f 255 82 81
f 255 81 247
f 247 81 89
f 247 89 239
f 239 89 200
f 239 200 199
f 5 191 6
f 6 191 205
f 6 205 203
f 15 197 5
f 5 197 195
f 5 195 192
f 13 184 15
f 15 184 183
f 15 183 197
f 10 189 13
f 13 189 187
f 13 187 184
f 189 10 175
f 175 10 9
f 175 9 176
f 176 9 179
f 179 9 181
f 181 9 23
f 181 23 173
f 173 23 21
f 173 21 18
f 18 17 173
f 173 17 3209
f 173 3209 169
f 169 3209 3210
f 169 3210 3211
f 3209 17 3120
f 3120 17 31
f 26 25 3099
f 3099 25 39
f 3099 39 37
f 37 34 3099
f 3099 34 33
f 3099 33 47
f 42 41 3177
f 53 50 3175
f 3175 50 49
f 61 58 3141
f 3141 58 57
f 3141 57 71
f 71 69 3141
f 3141 69 66
f 97 115 89
f 89 115 129
f 89 129 127
f 95 119 97
f 97 119 116
f 97 116 115
f 119 95 121
f 121 95 92
f 121 92 107
f 107 92 91
f 107 91 108
f 108 91 105
f 108 105 111
f 111 105 113
f 113 105 103
f 113 103 100
f 100 99 113
f 127 124 89
f 89 124 123
f 89 123 6
f 6 123 137
f 6 137 135
f 135 132 6
f 6 132 163
f 163 132 131
f 163 131 165
f 165 131 145
f 165 145 143
f 165 143 167
f 167 143 140
f 167 140 155
f 155 140 139
f 155 139 156
f 156 139 153
f 156 153 151
f 156 151 159
f 159 151 148
f 159 148 161
f 161 148 147
f 169 3211 170
f 170 3211 3212
f 170 3212 297
f 297 3212 298
f 298 3212 301
f 301 3212 303
f 303 3212 289
f 289 3212 3213
f 289 3213 290
f 290 3213 293
f 293 3213 295
f 295 3213 281
f 281 3213 282
f 282 3213 285
f 285 3213 287
f 287 3213 3214
f 287 3214 273
f 273 3214 274
f 274 3214 277
f 277 3214 279
f 279 3214 3215
f 279 3215 265
f 265 3215 266
f 266 3215 269
f 269 3215 3098
f 269 3098 271
f 271 3098 257
f 257 3098 3183
f 192 191 5
f 6 203 89
f 89 203 200
f 199 213 239
f 239 213 211
f 239 211 208
f 208 207 239
f 239 207 240
f 240 207 221
f 240 221 243
f 243 221 219
f 243 219 245
f 245 219 216
f 245 216 231
f 231 216 215
f 231 215 229
f 231 229 232
f 232 229 227
f 232 227 235
f 235 227 224
f 235 224 237
f 237 224 223
f 297 311 170
f 170 311 309
f 170 309 306
f 306 305 170
f 170 305 319
f 170 319 317
f 317 314 170
f 170 314 313
f 3098 3097 3183
f 3183 3097 3096
f 3183 3096 3095
f 3095 3094 3183
f 3183 3094 3093
f 3183 3093 3092
f 3090 3089 3120
f 3120 3089 3088
f 3120 3088 3209
f 2386 3216 2412
f 2412 3216 3217
f 2412 3217 3218
f 2678 3219 2386
f 2386 3219 3220
f 2386 3220 3221
f 2628 3222 2678
f 2678 3222 3223
f 2678 3223 3224
f 3222 2628 3225
f 3225 2628 2627
f 3225 2627 3226
f 3226 2627 2666
f 3226 2666 3227
f 3227 2666 2665
f 3227 2665 3228
f 3228 2665 2618
f 3228 2618 2449
f 3228 2449 3229
f 3229 2449 2448
f 3229 2448 3230
f 3230 2448 2605
f 3230 2605 3231
f 3231 2605 2602
f 3231 2602 3232
f 3232 2602 2599
f 3232 2599 3233
f 3233 2599 2596
f 3233 2596 3234
f 3234 2596 2591
f 3234 2591 3235
f 3235 2591 3236
f 3236 2591 2589
f 3236 2589 3237
f 3237 2589 2587
f 3237 2587 3238
f 3238 2587 3239
f 3238 3239 3240
f 3240 3239 3241
f 3240 3241 3242
f 3242 3241 3243
f 3242 3243 3244
f 2585 3245 2587
f 2587 3245 3246
f 2587 3246 3239
f 2584 3247 2585
f 2585 3247 3248
f 2585 3248 3245
f 2582 3249 2584
f 2584 3249 3250
f 2584 3250 3247
f 2578 3251 2582
f 2582 3251 3252
f 2582 3252 3253
f 3251 2578 3254
f 3254 2578 2575
f 3254 2575 3255
f 3255 2575 3256
f 3256 2575 2572
f 3256 2572 3257
f 3257 2572 2569
f 3257 2569 3258
f 3258 2569 2566
f 3258 2566 3259
f 3259 2566 3260
f 3259 3260 3261
f 2563 3262 2566
f 2566 3262 3263
f 2566 3263 3260
f 3262 2563 3264
f 3264 2563 2560
f 3264 2560 2555
f 3264 2555 3265
f 3265 2555 2553
f 3265 2553 3266
f 3266 2553 2444
f 3266 2444 3267
f 3267 2444 2422
f 3267 2422 3268
f 3268 2422 3269
f 3269 2422 2421
f 3269 2421 2441
f 3269 2441 3218
f 3218 2441 2412
f 3242 3244 3270
f 3270 3244 3271
f 3270 3271 3272
f 3272 3271 3273
f 3272 3273 3274
f 3272 3274 3275
f 3275 3274 3249
f 3275 3249 3253
f 3253 3249 2582
f 2678 3224 3276
f 3276 3224 3277
f 3276 3277 3278
f 3276 3278 3279
f 3279 3278 3280
f 3279 3280 3281
f 3281 3280 3282
f 3281 3282 3283
f 3283 3282 3284
f 3283 3284 3285
f 3285 3284 3286
f 3285 3286 3287
f 3287 3286 3288
f 3288 3286 3289
f 3288 3289 3290
f 3290 3289 3291
f 3290 3291 3292
f 3292 3291 3293
f 3292 3293 3294
f 3294 3293 3295
f 3294 3295 3296
f 3296 3295 3297
f 3296 3297 3220
f 3221 3298 2386
f 2386 3298 3299
f 2386 3299 3300
f 3300 3301 2386
f 2386 3301 3216
f 3276 3302 2678
f 2678 3302 3219
f 3219 3296 3220
f 2741 1789 2726
f 2726 1789 1790
f 2726 1790 2701
f 2701 1790 1791
f 2701 1791 2689
f 2689 1791 1421
f 2741 2743 1789
f 1789 2743 1788
f 1788 2743 2745
f 3107 2847 3127
f 3127 2847 2816
f 3127 2816 2813
f 2813 2816 2815
f 2813 2815 2814
f 2802 2801 3136
f 3136 2801 3190
f 1793 3269 3303
f 3303 3269 3218
f 3303 3218 3304
f 3304 3218 3305
f 3305 3218 3217
f 3305 3217 3306
f 1793 1792 3269
f 3269 1792 1798
f 3269 1798 3268
f 3268 1798 1799
f 1799 1800 3268
f 3268 1800 3267
f 1793 3303 1801
f 1801 3303 3307
f 1801 3307 1803
f 1803 3307 3308
f 1803 3308 1805
f 1805 3308 3309
f 2780 3310 2759
f 2759 3310 3311
f 2759 3311 1818
f 1818 3311 1816
f 1816 3311 3312
f 1816 3312 1814
f 1814 3312 3313
f 1814 3313 1813
f 1813 3313 1811
f 1811 3313 3314
f 1811 3314 1809
f 1809 3314 3315
f 1809 3315 1807
f 1807 3315 3316
f 1807 3316 1960
f 1960 3316 2781
f 2781 3316 2784
f 2784 3316 3317
f 2784 3317 2785
f 2785 3317 3318
f 2785 3318 2787
f 2787 3318 3319
f 2787 3319 2789
f 2789 3319 2791
f 2791 3319 3310
f 2791 3310 2780
f 1960 347 1807
f 1818 1824 2759
f 3315 3314 3316
f 3316 3314 3317
f 3314 3313 3317
f 3317 3313 3318
f 3311 3310 3319
f 3313 3312 3318
f 3318 3312 3319
f 3312 3311 3319
f 2745 2759 1788
f 1788 2759 1824
f 3262 1831 3320
f 3320 1831 1832
f 3320 1832 3321
f 3321 1832 1828
f 3321 1828 3322
f 3322 1828 1825
f 3322 1825 1827
f 3259 3261 1827
f 1827 3261 3322
f 3261 3260 3322
f 3322 3260 3321
f 3260 3263 3321
f 3321 3263 3320
f 3263 3262 3320
f 1831 3262 1833
f 1833 3262 3264
f 3323 1840 3324
f 3324 1840 1839
f 3324 1839 3325
f 3325 1839 1837
f 3325 1837 1835
f 1835 3326 3325
f 3303 3304 3307
f 3307 3304 3305
f 3307 3305 3308
f 3308 3305 3306
f 3308 3306 3309
f 3309 3306 3327
f 3309 3327 3326
f 3326 3327 3325
f 3325 3327 3323
f 3325 3323 3324
f 3306 3328 3327
f 1835 1805 3326
f 3326 1805 3309
f 1833 3264 1845
f 1845 3264 3265
f 1845 3265 1844
f 1844 3265 3266
f 1844 3266 3267
f 3267 1800 1844
f 3217 3216 3306
f 3306 3216 3328
f 1583 3098 1852
f 1852 3098 3215
f 1852 3215 1851
f 1851 3215 3214
f 1851 3214 1850
f 1850 3214 3213
f 1850 3213 1849
f 1849 3213 3212
f 1849 3212 1848
f 1848 3212 3211
f 1848 3211 1847
f 1847 3211 3210
f 1847 3210 1846
f 1846 3210 3209
f 3088 1571 3209
f 3209 1571 1846
f 3247 1855 3248
f 3248 1855 1854
f 3248 1854 3245
f 3245 1854 1853
f 3245 1853 3246
f 3246 1853 1865
f 3246 1865 3239
f 3239 1865 1864
f 3239 1864 3241
f 3241 1864 1863
f 3241 1863 3243
f 3243 1863 1862
f 3243 1862 3244
f 3244 1862 1861
f 3244 1861 3271
f 3271 1861 1860
f 3271 1860 3273
f 3273 1860 1859
f 3273 1859 3274
f 3274 1859 1858
f 3274 1858 3249
f 3249 1858 1857
f 3249 1857 3250
f 3250 1857 1856
f 3250 1856 3247
f 3247 1856 1855
f 3075 1868 3074
f 3074 1868 1867
f 3074 1867 3087
f 3087 1867 1866
f 3087 1866 3086
f 3086 1866 1879
f 3086 1879 3085
f 3085 1879 1878
f 3085 1878 3084
f 3084 1878 1877
f 3084 1877 3083
f 3083 1877 1876
f 3083 1876 3082
f 3082 1876 1875
f 3082 1875 3081
f 3081 1875 1874
f 3081 1874 3080
f 3080 1874 1873
f 3080 1873 3079
f 3079 1873 1872
f 3079 1872 3078
f 3078 1872 1871
f 3078 1871 3077
f 3077 1871 1870
f 3077 1870 3076
f 3076 1870 1869
f 3076 1869 3075
f 3075 1869 1868
f 1840 3323 1880
f 1880 3323 3327
f 1827 1881 3259
f 3259 1881 3258
f 3258 1881 1882
f 3258 1882 3257
f 3257 1882 1883
f 3257 1883 3256
f 3256 1883 1884
f 3256 1884 3255
f 3255 1884 1885
f 3255 1885 3254
f 3254 1885 1886
f 3254 1886 3251
f 3251 1886 1887
f 3251 1887 3252
f 3252 1887 1888
f 3252 1888 3253
f 1895 3238 1894
f 1894 3238 3240
f 1894 3240 1893
f 1893 3240 3242
f 1893 3242 1892
f 1892 3242 3270
f 1892 3270 1891
f 1891 3270 3272
f 1891 3272 1890
f 1890 3272 3275
f 1890 3275 1889
f 1889 3275 3253
f 1889 3253 1888
f 1904 3229 1903
f 1903 3229 3230
f 1903 3230 1902
f 1902 3230 3231
f 1902 3231 1901
f 1901 3231 3232
f 1901 3232 1900
f 1900 3232 3233
f 1900 3233 1899
f 1899 3233 3234
f 1899 3234 1898
f 1898 3234 3235
f 1898 3235 1897
f 1897 3235 3236
f 1897 3236 1896
f 1896 3236 3237
f 1896 3237 1895
f 1895 3237 3238
f 3228 3229 1905
f 1905 3229 1904
f 1914 3280 1913
f 1913 3280 3278
f 1913 3278 1912
f 1912 3278 3277
f 1912 3277 1911
f 1911 3277 3224
f 1911 3224 1910
f 1910 3224 3223
f 1910 3223 1909
f 1909 3223 3222
f 1909 3222 1908
f 1908 3222 3225
f 1908 3225 1907
f 1907 3225 3226
f 1907 3226 1906
f 1906 3226 3227
f 1906 3227 1905
f 1905 3227 3228
f 1921 3293 1920
f 1920 3293 3291
f 1920 3291 1919
f 1919 3291 3289
f 1919 3289 1918
f 1918 3289 3286
f 1918 3286 1917
f 1917 3286 3284
f 1917 3284 1916
f 1916 3284 3282
f 1916 3282 1915
f 1915 3282 3280
f 1915 3280 1914
f 3216 1922 3328
f 3328 1922 1880
f 3328 1880 3327
f 3216 3301 1922
f 1922 3301 1923
f 1923 3301 3300
f 1923 3300 1924
f 1924 3300 3299
f 1924 3299 1925
f 1925 3299 3298
f 1925 3298 1926
f 1926 3298 3221
f 1926 3221 1927
f 1927 3221 3220
f 1927 3220 1928
f 1928 3220 3297
f 1928 3297 1929
f 1929 3297 3295
f 1929 3295 1921
f 1921 3295 3293
f 3288 1932 3287
f 3287 1932 1931
f 3287 1931 3285
f 3285 1931 1930
f 3285 1930 3283
f 3283 1930 1942
f 3283 1942 3281
f 3281 1942 1941
f 3281 1941 3279
f 3279 1941 1940
f 3279 1940 3276
f 3276 1940 1939
f 3276 1939 3302
f 3302 1939 1938
f 3302 1938 3219
f 3219 1938 1937
f 3219 1937 3296
f 3296 1937 1936
f 3296 1936 3294
f 3294 1936 1935
f 3294 1935 3292
f 3292 1935 1934
f 3292 1934 3290
f 3290 1934 1933
f 3290 1933 3288
f 3288 1933 1932

