# https://github.com/mikedh/trimesh

o th_rf_1.stl
v 43.51993942 -53.55475998 25.31805992
v 35.67068481 -53.55475998 21.61173248
v 43.69462585 -53.55475998 25.02297211
v 35.81646729 -53.55475998 21.30299377
v 33.63017273 -53.55475998 20.72180367
v 33.75724792 -53.55475998 20.40490723
v 31.54013252 -53.55475998 19.95538330
v 31.64805031 -53.55475998 19.63146210
v 29.40803528 -53.55475998 19.31520844
v 29.49640846 -53.55475998 18.98541832
v 27.24149895 -53.55475998 18.80356789
v 22.34855270 -53.55475998 17.07015419
v 25.04826164 -53.55475998 18.42228699
v 22.83616257 -53.55475998 18.17273140
v 21.77690315 -53.55475998 17.80583572
v 22.67808723 -53.55475998 18.15966988
v 22.20150757 -53.55475998 18.04894066
v 21.44014359 -53.55475998 17.45089531
v 21.21967888 -53.55475998 17.01410675
v 21.98394585 -53.55475998 16.89035034
v 21.13413811 -53.55475998 16.53236771
v 21.71590233 -53.55475998 16.58470345
v 21.58522606 -53.55475998 16.19974709
v 21.19074440 -53.55475998 16.04637909
v 21.61181450 -53.55475998 15.79408646
v 21.67652130 -53.55475998 15.55260277
v 21.85632515 -53.55475998 15.18799591
v 22.40857887 -53.55475998 11.50135899
v 22.55579948 -53.55475998 12.57752323
v 22.58238792 -53.55475998 12.17186260
v 22.64709282 -53.55475998 11.93037796
v 22.82689667 -53.55475998 11.56577110
v 22.60255051 -53.55475998 11.05217743
v 23.13254356 -53.55475998 11.29772663
v 23.51749992 -53.55475998 11.16705132
v 22.91750145 -53.55475998 10.67775059
v 23.92316055 -53.55475998 11.19363976
v 23.32682419 -53.55475998 10.40971088
v 23.79593658 -53.55475998 10.27070427
v 24.28520775 -53.55475998 10.27247238
v 24.75330162 -53.55475998 10.41486740
v 24.89672852 -53.55475998 10.48259163
v 26.93724060 -53.55475998 11.37252045
v 29.02727890 -53.55475998 12.13894081
v 31.07101631 -53.55475998 13.10890675
v 31.15937614 -53.55475998 12.77911568
v 33.25741196 -53.55475998 13.62524033
v 33.32591248 -53.55475998 13.29075718
v 35.47075653 -53.55475998 14.01001453
v 35.51914978 -53.55475998 13.67203617
v 37.70313263 -53.55475998 14.26185799
v 37.73125076 -53.55475998 13.92159176
v 46.38425827 -53.55475998 14.97921467
v 46.38044357 -53.55475998 14.63631058
v 22.68647385 -53.55475998 12.96247959
v 22.16197014 -53.55475998 14.91995144
v 22.95451927 -53.55475998 13.26812553
v 22.54692841 -53.55475998 14.78927612
v 23.31912613 -53.55475998 13.44793034
v 22.95258904 -53.55475998 14.81586456
v 34.15387726 -53.55475998 16.83980942
v 34.03176880 -53.55475998 17.29580879
v 34.27465439 -53.55475998 16.38345718
v 33.90834045 -53.55475998 17.75145149
v 32.25023270 -50.35475922 14.50353909
v 32.25023270 -50.50476074 14.50353909
v 32.60017395 -50.35475922 14.67611122
v 32.60017395 -50.50476074 14.67611122
v 32.85744095 -50.35475922 14.96946430
v 32.85744095 -50.50476074 14.96946430
v 32.98285675 -50.35475922 15.33893871
v 32.98285675 -50.50476074 15.33893871
v 32.95734024 -50.35475922 15.72828388
v 32.95734024 -50.50476074 15.72828388
v 32.43970108 -50.50476074 17.66013527
v 32.43970108 -50.35475922 17.66013527
v 32.26712799 -50.35475922 18.01007843
v 32.26712799 -50.50476074 18.01007843
v 31.97377586 -50.35475922 18.26734161
v 31.97377586 -50.50476074 18.26734161
v 31.60430145 -50.35475922 18.39276123
v 31.60430145 -50.50476074 18.39276123
v 31.21495628 -50.35475922 18.36724281
v 31.21495628 -50.50476074 18.36724281
v 28.31717873 -50.50476074 17.59078598
v 28.31717873 -50.35475922 17.59078598
v 28.12771034 -50.35475922 14.43418884
v 28.12771034 -50.50476074 14.43418884
v 28.30028343 -50.35475922 14.08424568
v 28.30028343 -50.50476074 14.08424568
v 28.59363556 -50.35475922 13.82698250
v 28.59363556 -50.50476074 13.82698250
v 28.96310997 -50.35475922 13.70156288
v 28.96310997 -50.50476074 13.70156288
v 29.35245514 -50.35475922 13.72708130
v 29.35245514 -50.50476074 13.72708130
v 27.96723747 -50.35475922 17.41821289
v 27.96723747 -50.50476074 17.41821289
v 27.70997238 -50.35475922 17.12485886
v 27.70997238 -50.50476074 17.12485886
v 27.58455276 -50.35475922 16.75538635
v 27.58455276 -50.50476074 16.75538635
v 27.61007309 -50.35475922 16.36603928
v 27.61007309 -50.50476074 16.36603928
v 30.29387093 -50.35475922 15.42867279
v 30.23240471 -50.35475922 15.36075020
v 30.29387093 -50.50476074 15.42867279
v 30.23240471 -50.50476074 15.36075020
v 30.16399193 -50.35475922 15.30308437
v 30.16399193 -50.50476074 15.30308437
v 30.08434486 -50.35475922 15.26201344
v 30.08434486 -50.50476074 15.26201344
v 29.99813461 -50.35475922 15.23063660
v 29.99813461 -50.50476074 15.23063660
v 29.91915894 -50.35475922 15.21629333
v 29.91915894 -50.50476074 15.21629333
v 29.84025002 -50.35475922 15.21014118
v 29.84025002 -50.50476074 15.21014118
v 29.76145935 -50.35475922 15.21763992
v 29.76145935 -50.50476074 15.21763992
v 29.68273735 -50.35475922 15.23332596
v 29.68273735 -50.50476074 15.23332596
v 29.60505295 -50.35475922 15.26556587
v 29.60505295 -50.50476074 15.26556587
v 29.53358269 -50.35475922 15.30652809
v 29.53358269 -50.50476074 15.30652809
v 29.47214890 -50.35475922 15.36158657
v 29.47214890 -50.50476074 15.36158657
v 29.41657257 -50.35475922 15.42487049
v 29.41657257 -50.50476074 15.42487049
v 29.36299706 -50.35475922 15.51156330
v 29.36299706 -50.50476074 15.51156330
v 29.31615448 -50.35475922 15.60134888
v 29.31615448 -50.50476074 15.60134888
v 29.27986145 -50.35475922 15.69598103
v 29.27986145 -50.50476074 15.69598103
v 29.24958801 -50.35475922 15.79337883
v 29.24958801 -50.50476074 15.79337883
v 29.23117828 -50.35475922 15.87887001
v 29.23117828 -50.50476074 15.87887001
v 29.21809196 -50.35475922 15.96489239
v 29.21809196 -50.50476074 15.96489239
v 29.21389580 -50.35475922 16.05179977
v 29.21389580 -50.50476074 16.05179977
v 29.21504784 -50.35475922 16.13924217
v 29.21504784 -50.50476074 16.13924217
v 29.22770119 -50.35475922 16.22265434
v 29.22770119 -50.50476074 16.22265434
v 29.24955750 -50.35475922 16.30249786
v 29.24955750 -50.50476074 16.30249786
v 29.28690720 -50.35475922 16.37633324
v 29.28690720 -50.50476074 16.37633324
v 29.33365059 -50.35475922 16.44652176
v 29.33365059 -50.50476074 16.44652176
v 29.40033340 -50.35475922 16.50967216
v 29.40033340 -50.50476074 16.50967216
v 29.47287750 -50.35475922 16.56323242
v 29.47287750 -50.50476074 16.56323242
v 29.55466461 -50.35475922 16.60166931
v 29.55466461 -50.50476074 16.60166931
v 29.64174843 -50.35475922 16.63144112
v 29.64174843 -50.50476074 16.63144112
v 29.72009277 -50.35475922 16.64665604
v 29.72009277 -50.50476074 16.64665604
v 29.79809570 -50.35475922 16.65268326
v 29.79809570 -50.50476074 16.65268326
v 29.87549591 -50.35475922 16.64266205
v 29.87549591 -50.50476074 16.64266205
v 29.95251465 -50.35475922 16.62245560
v 29.95251465 -50.50476074 16.62245560
v 30.02686501 -50.35475922 16.57923889
v 30.02686501 -50.50476074 16.57923889
v 30.09403610 -50.35475922 16.52799416
v 30.09403610 -50.50476074 16.52799416
v 30.15036011 -50.35475922 16.46462059
v 30.15036011 -50.50476074 16.46462059
v 30.20063591 -50.35475922 16.39448166
v 30.20063591 -50.50476074 16.39448166
v 30.41162872 -50.35475922 16.50788689
v 30.41162872 -50.50476074 16.50788689
v 30.34240532 -50.35475922 16.60401154
v 30.34240532 -50.50476074 16.60401154
v 30.26398277 -50.35475922 16.68959618
v 30.26398277 -50.50476074 16.68959618
v 30.16974068 -50.35475922 16.75706291
v 30.16974068 -50.50476074 16.75706291
v 30.06567383 -50.35475922 16.81327438
v 30.06567383 -50.50476074 16.81327438
v 29.94882584 -50.35475922 16.84415436
v 29.94882584 -50.50476074 16.84415436
v 29.83137703 -50.35475922 16.85976791
v 29.83137703 -50.50476074 16.85976791
v 29.71297264 -50.35475922 16.85110092
v 29.71297264 -50.50476074 16.85110092
v 29.59401703 -50.35475922 16.82843590
v 29.59401703 -50.50476074 16.82843590
v 29.48652840 -50.35475922 16.79127312
v 29.48652840 -50.50476074 16.79127312
v 29.38421440 -50.35475922 16.74481773
v 29.38421440 -50.50476074 16.74481773
v 29.29063988 -50.35475922 16.68268394
v 29.29063988 -50.50476074 16.68268394
v 29.20237350 -50.35475922 16.61102104
v 29.20237350 -50.50476074 16.61102104
v 29.12914276 -50.35475922 16.52624321
v 29.12914276 -50.50476074 16.52624321
v 29.06708145 -50.35475922 16.43527985
v 29.06708145 -50.50476074 16.43527985
v 29.02339745 -50.35475922 16.33413887
v 29.02339745 -50.50476074 16.33413887
v 28.99060440 -50.35475922 16.22696304
v 28.99060440 -50.50476074 16.22696304
v 28.97571373 -50.35475922 16.10161400
v 28.97571373 -50.50476074 16.10161400
v 28.97255707 -50.35475922 15.97675133
v 28.97255707 -50.50476074 15.97675133
v 28.98798180 -50.35475922 15.85265923
v 28.98798180 -50.50476074 15.85265923
v 29.01408195 -50.35475922 15.72901154
v 29.01408195 -50.50476074 15.72901154
v 29.05267334 -50.35475922 15.61180115
v 29.05267334 -50.50476074 15.61180115
v 29.09943962 -50.35475922 15.49861050
v 29.09943962 -50.50476074 15.49861050
v 29.16003036 -50.35475922 15.39221096
v 29.16003036 -50.50476074 15.39221096
v 29.22903824 -50.35475922 15.28994846
v 29.22903824 -50.50476074 15.28994846
v 29.30455399 -50.35475922 15.20694733
v 29.30455399 -50.50476074 15.20694733
v 29.38712311 -50.35475922 15.13371658
v 29.38712311 -50.50476074 15.13371658
v 29.48179817 -50.35475922 15.07725906
v 29.48179817 -50.50476074 15.07725906
v 29.58398056 -50.35475922 15.03120136
v 29.58398056 -50.50476074 15.03120136
v 29.70551872 -50.35475922 15.00875568
v 29.70551872 -50.50476074 15.00875568
v 29.82695770 -50.35475922 15.00055695
v 29.82695770 -50.50476074 15.00055695
v 29.94824600 -50.35475922 15.01414204
v 29.94824600 -50.50476074 15.01414204
v 30.06944656 -50.35475922 15.03995991
v 30.06944656 -50.50476074 15.03995991
v 30.18970871 -50.35475922 15.08288002
v 30.18970871 -50.50476074 15.08288002
v 30.30142593 -50.35475922 15.13883686
v 30.30142593 -50.50476074 15.13883686
v 30.39842796 -50.35475922 15.21724033
v 30.39842796 -50.50476074 15.21724033
v 30.48626900 -50.35475922 15.30961800
v 30.48626900 -50.50476074 15.30961800
v 30.55138397 -50.35475922 15.42592430
v 30.55138397 -50.50476074 15.42592430
v 30.59998512 -50.35475922 15.54714775
v 30.59998512 -50.50476074 15.54714775
v 30.62260246 -50.35475922 15.67611027
v 30.62260246 -50.50476074 15.67611027
v 30.63035583 -50.35475922 15.80949974
v 30.63035583 -50.50476074 15.80949974
v 30.38612747 -50.35475922 15.80598354
v 30.38612747 -50.50476074 15.80598354
v 30.38464737 -50.35475922 15.70611191
v 30.38464737 -50.50476074 15.70611191
v 30.37193298 -50.35475922 15.60912609
v 30.37193298 -50.50476074 15.60912609
v 30.33933640 -50.35475922 15.51724625
v 30.33933640 -50.50476074 15.51724625
v 31.30736923 -50.35475922 17.26351738
v 31.17059326 -50.35475922 17.22686768
v 31.30736923 -50.50476074 17.26351738
v 31.17059326 -50.50476074 17.22686768
v 31.14829636 -50.35475922 17.15232658
v 31.14829636 -50.50476074 17.15232658
v 31.12051010 -50.35475922 17.08019829
v 31.12051010 -50.50476074 17.08019829
v 31.08447647 -50.35475922 17.01169777
v 31.08447647 -50.50476074 17.01169777
v 31.04386139 -50.35475922 16.94521141
v 31.04386139 -50.50476074 16.94521141
v 30.98685074 -50.35475922 16.86719322
v 30.98685074 -50.50476074 16.86719322
v 30.92582703 -50.35475922 16.79276657
v 30.92582703 -50.50476074 16.79276657
v 30.85828400 -50.35475922 16.72417259
v 30.85828400 -50.50476074 16.72417259
v 30.78691864 -50.35475922 16.65899658
v 30.78691864 -50.50476074 16.65899658
v 30.84189224 -50.35475922 16.45383072
v 30.84189224 -50.50476074 16.45383072
v 30.89287949 -50.35475922 16.49316025
v 30.89287949 -50.50476074 16.49316025
v 30.94235039 -50.35475922 16.53423119
v 30.94235039 -50.50476074 16.53423119
v 30.98950577 -50.35475922 16.57796860
v 30.98950577 -50.50476074 16.57796860
v 31.03536034 -50.35475922 16.62320137
v 31.03536034 -50.50476074 16.62320137
v 31.07984734 -50.35475922 16.67014694
v 31.07984734 -50.50476074 16.67014694
v 31.12232971 -50.35475922 16.71870232
v 31.12232971 -50.50476074 16.71870232
v 31.16124153 -50.35475922 16.77012825
v 31.16124153 -50.50476074 16.77012825
v 31.19781113 -50.35475922 16.82343674
v 31.19781113 -50.50476074 16.82343674
v 31.56019592 -50.35475922 15.47099876
v 31.56019592 -50.50476074 15.47099876
v 31.77243614 -50.35475922 15.52786827
v 31.77243614 -50.50476074 15.52786827
v 19.94263649 -48.35475922 13.80414486
v 20.01865196 -47.97207642 13.80016136
v 19.99659729 -48.35475922 13.29073906
v 20.07012367 -47.97207642 13.31044102
v 20.20656776 -48.35475922 12.81913662
v 20.27040863 -47.97207642 12.86059475
v 20.55199623 -48.35475922 12.43550014
v 20.59989929 -47.97207642 12.49465656
v 20.99906731 -48.35475922 12.17738342
v 21.02634621 -47.97207642 12.24844742
v 21.50402069 -48.35475922 12.07005215
v 21.50800323 -47.97207642 12.14606857
v 22.01742554 -48.35475922 12.12401295
v 21.99772453 -47.97207642 12.19754028
v 22.48902893 -48.35475922 12.33398438
v 22.44757080 -47.97207642 12.39782429
v 22.87266541 -48.35475922 12.67941189
v 22.81350899 -47.97207642 12.72731590
v 23.13078308 -48.35475922 13.12648392
v 23.05971718 -47.97207642 13.15376282
v 23.23811340 -48.35475922 13.63143635
v 23.16209793 -47.97207642 13.63542080
v 23.18415260 -48.35475922 14.14484215
v 23.11062622 -47.97207642 14.12514114
v 22.97418022 -48.35475922 14.61644554
v 22.91034126 -47.97207642 14.57498741
v 22.62875366 -48.35475922 15.00008202
v 22.58084869 -47.97207642 14.94092464
v 22.18168259 -48.35475922 15.25819874
v 22.15440178 -47.97207642 15.18713379
v 21.67672920 -48.35475922 15.36553001
v 21.67274475 -47.97207642 15.28951359
v 21.16332245 -48.35475922 15.31156826
v 21.18302536 -47.97207642 15.23804188
v 20.69172096 -48.35475922 15.10159683
v 20.73317909 -47.97207642 15.03775692
v 20.30808449 -48.35475922 14.75616932
v 20.36724091 -47.97207642 14.70826530
v 20.04996681 -48.35475922 14.30909824
v 20.12103081 -47.97207642 14.28181839
v 21.11262131 -47.35475922 13.27705097
v 20.72429276 -47.43088150 13.15535069
v 20.96252251 -47.35475922 13.54955864
v 20.59287834 -47.43088150 13.45051289
v 20.55910683 -47.43088150 13.77183723
v 20.27951050 -47.64765167 13.36654568
v 20.23512840 -47.64765167 13.78881645
v 20.94048500 -47.43088150 12.91524506
v 21.37216568 -47.35475922 13.10551167
v 21.22029305 -47.43088150 12.75369740
v 21.53632736 -47.43088150 12.68652248
v 21.51934814 -47.64765167 12.36254406
v 21.94161987 -47.64765167 12.40692616
v 21.68170166 -47.35475922 13.07423878
v 21.85765266 -47.43088150 12.72029495
v 22.32950783 -47.64765167 12.57962513
v 21.97031403 -47.35475922 13.19039536
v 22.15281487 -47.43088150 12.85170937
v 22.64504433 -47.64765167 12.86373615
v 22.39291954 -47.43088150 13.06790161
v 22.17188644 -47.35475922 13.42737198
v 22.55446815 -47.43088150 13.34771061
v 22.24024200 -47.35475922 13.73087978
v 22.62164307 -47.43088150 13.66374397
v 22.58786964 -47.43088150 13.98506927
v 22.90123940 -47.64765167 14.06903553
v 22.72854042 -47.64765167 14.45692444
v 22.15972137 -47.35475922 14.03138924
v 22.45645523 -47.43088150 14.28023052
v 22.44442940 -47.64765167 14.77246094
v 22.24026299 -47.43088150 14.52033615
v 21.94877052 -47.35475922 14.26005745
v 21.96045494 -47.43088150 14.68188381
v 21.65571404 -47.35475922 14.36449814
v 21.64442062 -47.43088150 14.74905872
v 21.32309723 -47.43088150 14.71528625
v 21.23913002 -47.64765167 15.02865505
v 20.85124207 -47.64765167 14.85595608
v 21.34768867 -47.35475922 14.32078648
v 21.02793503 -47.43088150 14.58387184
v 20.53570366 -47.64765167 14.57184601
v 21.09526062 -47.35475922 14.13893604
v 20.78782845 -47.43088150 14.36767960
v 20.32340622 -47.64765167 14.20413399
v 20.62628174 -47.43088150 14.08787155
v 20.95625877 -47.35475922 13.86060619
v 20.45220947 -47.64765167 12.97865772
v 20.73632050 -47.64765167 12.66312122
v 21.10403061 -47.64765167 12.45082283
v 21.66139984 -47.64765167 15.07303810
v 22.07671738 -47.64765167 14.98475933
v 22.94562149 -47.64765167 13.64676571
v 22.85734367 -47.64765167 13.23144722
v 19.94263649 -50.35475922 13.80414486
v 19.99659729 -50.35475922 13.29073906
v 20.20656776 -50.35475922 12.81913662
v 20.55199623 -50.35475922 12.43550014
v 20.99906731 -50.35475922 12.17738342
v 21.50402069 -50.35475922 12.07005215
v 22.01742554 -50.35475922 12.12401295
v 22.48902893 -50.35475922 12.33398438
v 22.87266541 -50.35475922 12.67941189
v 23.13078308 -50.35475922 13.12648392
v 23.23811340 -50.35475922 13.63143635
v 23.18415260 -50.35475922 14.14484215
v 22.97418022 -50.35475922 14.61644554
v 22.62875366 -50.35475922 15.00008202
v 22.18168259 -50.35475922 15.25819874
v 21.67672920 -50.35475922 15.36553001
v 21.16332245 -50.35475922 15.31156826
v 20.69172096 -50.35475922 15.10159683
v 20.30808449 -50.35475922 14.75616932
v 20.04996681 -50.35475922 14.30909824
v 60.92802811 -51.89099884 25.81114006
v 60.59114075 -51.87973785 26.19719696
v 60.80607986 -52.13887024 25.89113235
v 60.52008438 -52.24159241 26.14307213
v 60.76810837 -52.25784683 25.86435890
v 60.71902084 -52.36991119 25.82821846
v 60.99050140 -52.26619339 25.56420708
v 60.93817139 -52.37855148 25.53227997
v 61.34455872 -52.27715302 24.90616989
v 61.28718948 -52.38990021 24.88336372
v 61.53732681 -52.27956772 24.32199669
v 61.47728729 -52.39240646 24.30724716
v 61.63804245 -52.27441406 23.64995766
v 61.57666016 -52.38706970 23.64451408
v 61.64440918 -52.27190018 23.47996330
v 61.58296204 -52.38446808 23.47689056
v 61.64330292 -52.26894379 23.30987167
v 61.58189774 -52.38140869 23.30917931
v 61.61875916 -52.26183701 22.97079468
v 61.55776978 -52.37405014 22.97488594
v 61.51715088 -52.24090195 22.42188835
v 61.49843979 -52.45825958 22.97952271
v 61.30688095 -52.54518890 22.46743393
v 61.43060684 -52.53555298 22.98533058
v 61.20953369 -52.70597839 23.00641251
v 61.23066330 -52.71354294 23.31173325
v 60.96942520 -52.81713104 23.31658745
v 60.96962357 -52.82005692 23.45856285
v 60.74332428 -52.84462738 23.29427528
v 60.96368790 -52.82255173 23.60046959
v 60.68986893 -52.85407639 23.96249008
v 60.87831116 -52.82766342 24.16166306
v 60.57329941 -52.85401917 24.39468956
v 60.71784210 -52.82527161 24.64989090
v 60.39569855 -52.84901810 24.80550766
v 60.42467880 -52.81440353 25.20057297
v 60.16153336 -52.83969879 25.18605232
v 60.24088669 -52.80612564 25.45214272
v 59.87525558 -52.82669067 25.52743912
v 60.13542175 -52.75041199 25.78319740
v 60.44352341 -52.70171356 25.61446571
v 60.36080170 -52.54590988 25.99837303
v 60.61779785 -52.53126526 25.75113678
v 60.67165756 -52.45402908 25.79246902
v 60.88753510 -52.46284866 25.50071144
v 60.95069504 -52.81007767 23.03357506
v 60.65102386 -52.82603836 22.63234711
v 61.00415802 -52.74970245 22.54099083
v 61.66528320 -52.14268112 22.96854973
v 61.60576630 -51.87910080 22.41068268
v 61.70494843 -51.89061356 22.91357040
v 61.69005966 -52.14948654 23.31109619
v 61.73801422 -51.89949417 23.42528725
v 61.69116974 -52.15231323 23.48290253
v 61.68473053 -52.15472031 23.65459824
v 61.70446014 -51.90514755 23.93685532
v 61.58301163 -52.15965652 24.33328819
v 61.60392761 -51.90700531 24.43934059
v 61.38836288 -52.15734863 24.92323303
v 61.43839264 -51.90501785 24.92441940
v 61.21176910 -51.89955521 25.38428307
v 61.03076935 -52.14686203 25.58787727
v 60.64271927 -52.71060181 25.34364510
v 60.96029663 -52.72227097 24.75017166
v 61.13373566 -52.72484970 24.22357178
v 61.22518921 -52.71936417 23.61804390
v 61.23126221 -52.71668625 23.46492195
v 60.82984543 -52.54019547 25.46422386
v 61.16770935 -52.55193329 24.83510971
v 61.35190582 -52.55452347 24.27661705
v 61.44842529 -52.54900742 23.63424110
v 61.45463181 -52.54631805 23.47178841
v 61.45371246 -52.54315567 23.30925941
v 61.23142624 -52.47443008 24.86093712
v 61.41881180 -52.47698975 24.29294014
v 61.51686096 -52.47154617 23.63958740
v 61.52311325 -52.46888733 23.47434807
v 61.52210999 -52.46576691 23.30902863
v 59.14744949 -51.77173233 27.64889526
v 57.71414566 -51.58192444 29.09626579
v 59.11006546 -51.98949814 27.63417053
v 57.62652969 -51.93127441 29.06546402
v 59.01861572 -52.24033737 27.56918526
v 57.45809174 -52.22813797 28.94641685
v 58.88470078 -52.45256042 27.45808792
v 58.76440048 -52.57315063 27.35109138
v 59.24498367 -52.48944473 27.09212494
v 59.12487411 -52.61004257 26.98349762
v 59.60998154 -52.52156448 26.72175217
v 59.49006271 -52.64214706 26.61147690
v 59.32229614 -52.74203873 26.45207596
v 58.41964340 -52.71588516 27.02362251
v 58.95722198 -52.71047211 26.82585526
v 58.59685135 -52.67408752 27.19519043
v 57.23083878 -52.43371964 28.75467873
v 56.97446823 -52.52115631 28.51530266
v 59.74246216 -52.30827713 26.83761978
v 59.83145905 -52.05550385 26.90729713
v 59.46842194 -52.02486801 27.27289963
v 59.37818527 -52.27668381 27.20558929
v 53.90954208 -51.35917282 30.12617111
v 53.92860031 -51.68681717 30.05504608
v 54.41695404 -51.36362839 30.22649574
v 54.58662796 -51.48056412 30.23219681
v 54.93301010 -51.37654114 30.25937080
v 54.92798615 -51.49040222 30.24676514
v 55.27042007 -51.50386810 30.23154068
v 54.92300797 -51.60212326 30.22115898
v 55.26166534 -51.61601639 30.20638657
v 54.91349030 -51.81321716 30.13295174
v 55.24148560 -51.82781219 30.11884689
v 54.90644455 -51.96707916 30.02625847
v 55.22291183 -51.98199844 30.01247025
v 54.89851379 -52.13677597 29.84095573
v 55.19628143 -52.15166855 29.82729912
v 54.89269638 -52.25614166 29.61949730
v 55.16926575 -52.27043915 29.60575294
v 54.88976288 -52.31044769 29.42053223
v 55.27550888 -52.33168411 29.39111900
v 53.97465897 -51.97160721 29.88316154
v 54.58671951 -51.80256271 30.11864090
v 54.58549881 -51.59197617 30.20653915
v 54.04251862 -52.18143463 29.62989998
v 54.60189056 -52.12590408 29.82859230
v 54.59120178 -51.95619202 30.01258469
v 54.61711884 -52.24570465 29.60879898
v 54.12453079 -52.29262543 29.32382393
v 54.50375748 -52.29719925 29.39805794
v 55.63514709 -52.30306244 29.52541733
v 55.65398788 -52.36019135 29.30980110
v 56.20837784 -52.35787201 29.31970978
v 56.01887512 -52.39484787 29.17832565
v 56.34505844 -52.37332535 29.25130844
v 56.36441422 -52.43420029 28.99991226
v 56.47848511 -52.38932037 29.17643547
v 56.73434448 -52.42264557 29.00791931
v 56.88488770 -52.31036758 29.19461250
v 56.68485641 -52.47679138 28.77781677
v 57.10130310 -51.98324585 29.43208313
v 57.01864624 -52.14095688 29.34747124
v 56.60828018 -52.27561188 29.37389183
v 57.20446396 -51.64709091 29.51175690
v 57.17761612 -51.76387787 29.49649048
v 56.79667664 -51.94922256 29.62729263
v 56.72432709 -52.10615158 29.53644180
v 56.57098770 -52.08944321 29.62018967
v 56.46414185 -52.25893021 29.45341301
v 56.31654739 -52.24281311 29.52597046
v 57.32848740 -51.53868103 29.43667221
v 56.90142441 -51.49716949 29.72385025
v 56.88882446 -51.61575699 29.71561050
v 56.72412491 -51.60070801 29.80608940
v 56.70111847 -51.71598434 29.78723717
v 56.53380585 -51.70097351 29.86874008
v 56.47537613 -51.91710281 29.79269600
v 55.79430771 -51.86112213 30.02852821
v 55.75643158 -52.01605606 29.92490005
v 56.44060898 -51.45880890 29.95364761
v 56.55533981 -51.58617020 29.88867760
v 55.83205032 -51.64772415 30.11270332
v 55.84685516 -51.53458786 30.13619614
v 55.95369720 -51.42502594 30.12191010
v 55.44836044 -51.39724350 30.22454643
v 55.69818878 -52.18566513 29.74336433
v 56.41399002 -52.07330322 29.69655800
v 56.63792801 -51.93288422 29.71380615
v 56.86444092 -51.73152161 29.69790268
v 49.40217209 -51.35917282 28.91842461
v 49.42123032 -51.68681717 28.84729958
v 49.46728897 -51.97160721 28.67541504
v 49.53514862 -52.18143463 28.42215347
v 49.61716080 -52.29262543 28.11607742
v 47.96390152 -51.36845398 28.47369385
v 46.56380081 -51.39558029 27.92103195
v 47.28036118 -51.61594772 28.17445183
v 46.60124588 -51.72488022 27.85625839
v 47.31958008 -51.83564377 28.08646202
v 46.68009949 -52.01065826 27.69455719
v 47.36463547 -51.99370193 27.98048401
v 47.43358994 -52.15153503 27.81394386
v 47.71086884 -51.98698807 28.11354828
v 47.77607727 -52.14481735 27.94583130
v 48.05497742 -51.98152542 28.23832130
v 48.11647034 -52.13935089 28.06946754
v 48.18813324 -52.25062180 27.86986732
v 48.25127029 -52.30215073 27.69222260
v 47.85190201 -52.25599670 27.74749565
v 47.51362228 -52.26260376 27.61692429
v 46.79137802 -52.22032928 27.45436859
v 46.92238617 -52.32997894 27.16308212
v 48.01501083 -51.82360840 28.34591675
v 47.98054123 -51.60421371 28.43548965
v 47.66837311 -51.82900620 28.22035217
v 47.63153458 -51.60947800 28.30915260
v 46.12757874 -51.77306747 27.63698959
v 46.22166061 -51.66215134 27.71879959
v 46.04964447 -51.44262695 27.68440819
v 46.28258896 -51.65459061 27.74738121
v 46.34374237 -51.64805603 27.77574921
v 46.34469223 -51.87527847 27.66780472
v 46.40217590 -51.86871338 27.69478035
v 46.40894318 -52.03325653 27.56833267
v 46.46355438 -52.02676392 27.59436798
v 46.50118256 -52.19042206 27.40856171
v 46.55259705 -52.18415833 27.43373108
v 46.60274124 -52.29964447 27.21709442
v 46.65150833 -52.29378891 27.24171257
v 46.28742599 -51.88283157 27.64062500
v 46.24645996 -52.05852509 27.48902893
v 46.35454559 -52.04071426 27.54208565
v 46.44998169 -52.19760513 27.38316345
v 46.39232254 -52.26545715 27.25791168
v 46.55419159 -52.30637741 27.19222450
v 46.54802322 -52.36959457 26.97080421
v 46.20285797 -52.45535278 26.77937698
v 46.08649445 -52.40185165 26.97821045
v 45.96886826 -52.29808807 27.15527344
v 45.87532806 -52.18037415 27.27459908
v 45.75798035 -51.98118973 27.39288521
v 45.68828964 -52.24779510 27.17780685
v 45.55931854 -52.05118179 27.29297066
v 45.50534821 -52.32690048 27.08206749
v 45.36486435 -52.13349152 27.19422913
v 45.32941818 -52.41603851 26.98893929
v 45.17771912 -52.22640991 27.09827042
v 45.24331665 -52.46463394 26.94295883
v 45.08607101 -52.27712631 27.05092621
v 45.15854263 -52.51585770 26.89741707
v 44.99579620 -52.33061981 27.00405693
v 44.81042480 -52.72632599 26.73715782
v 44.56521225 -52.47778702 26.84905434
v 44.84489441 -52.11260986 27.04929924
v 44.34814072 -52.18252945 26.83809471
v 44.74270630 -51.91957092 27.03964424
v 44.94137192 -52.05683136 27.09833527
v 45.03926468 -52.00400925 27.14786911
v 45.65792847 -51.74975586 27.45615196
v 45.44631958 -51.82206345 27.35158920
v 45.23899460 -51.90740204 27.24826813
v 45.60038757 -51.54660416 27.46624756
v 45.16238022 -51.70644760 27.25016212
v 45.27972794 -52.62289429 26.78214455
v 45.05080795 -52.89472961 26.51744652
v 45.42244339 -52.71327972 26.60499763
v 45.25405884 -52.96036530 26.21945190
v 45.55204391 -52.75247192 26.40118217
v 45.50099945 -52.66566467 26.65031624
v 45.86957932 -52.58349228 26.58864975
v 45.58078003 -52.62051010 26.69599724
v 45.74377060 -52.53773117 26.78829575
v 45.61307907 -52.44000244 26.96503639
v 45.78898239 -52.36340332 27.05969238
v 45.91324234 -52.46434021 26.88288498
v 45.44395447 -52.52629089 26.87285042
v 45.36119843 -52.57332611 26.82729530
v 44.85630798 -53.21577835 26.00781631
v 44.92436218 -53.06575012 26.32397652
v 44.77662659 -52.97943497 26.50672722
v 44.65050507 -52.87515640 26.62462807
v 44.47827530 -52.69107056 26.73367882
v 44.45831680 -52.98806381 26.52550697
v 44.29897308 -52.79597855 26.64211082
v 44.05261230 -53.16393661 26.31945801
v 43.92044449 -52.95922470 26.45196533
v 43.85329819 -53.22308350 26.21961594
v 43.73446655 -53.01403809 26.35993195
v 43.75221634 -53.24675751 26.16930199
v 43.64014816 -53.03594971 26.31357765
v 43.65034866 -53.26643753 26.11881065
v 43.54509735 -53.05413818 26.26707458
v 43.22602463 -53.28013611 25.94051170
v 43.13217926 -52.97341919 26.13925743
v 43.46257401 -52.80144119 26.35470772
v 43.09354019 -52.60709763 26.22108078
v 43.42602158 -52.57958603 26.37966919
v 43.54957199 -52.78517532 26.39685059
v 43.63591003 -52.76550293 26.43887901
v 44.31711578 -52.47274780 26.77834892
v 44.15286255 -52.56811523 26.69508171
v 43.80618286 -52.71607590 26.52237511
v 44.06250763 -52.36419678 26.69269371
v 43.75214767 -52.49783325 26.53840065
v 43.73789215 -53.38569641 25.97652626
v 43.36171722 -53.48357010 25.65314102
v 43.85251999 -53.48263931 25.77061462
v 43.97964096 -53.51606750 25.55216599
v 44.42829895 -53.40204239 25.78373718
v 44.06973648 -53.43696213 25.88104630
v 43.96153259 -53.46195602 25.82593727
v 43.84364319 -53.36532593 26.02950096
v 44.71813965 -53.18659973 26.21570778
v 44.28321075 -53.37421799 25.99035645
v 44.15554810 -53.27944565 26.18697548
v 43.94858551 -53.34079742 26.08227730
v 44.57694244 -53.09678650 26.40291786
v 35.24428558 -52.60709763 22.51475334
v 35.28292465 -52.97341919 22.43292999
v 35.37677002 -53.28013611 22.23418427
v 35.51246262 -53.48357010 21.94681168
v 22.75392151 -52.60709763 19.16796875
v 22.76137352 -52.97341919 19.07779121
v 24.90670395 -52.60709763 19.41083336
v 24.91953087 -52.97341919 19.32126045
v 27.04112816 -52.60709763 19.78188896
v 27.05928421 -52.97341919 19.69324303
v 29.14957047 -52.60709763 20.27980995
v 29.17299080 -52.97341919 20.19240761
v 31.22449684 -52.60709763 20.90281868
v 31.25309563 -52.97341919 20.81697083
v 33.25849152 -52.60709763 21.64868736
v 33.29216766 -52.97341919 21.56470299
v 33.37397385 -53.28013611 21.36070442
v 33.49225235 -53.48357010 21.06573868
v 22.77947426 -53.28013611 18.85874939
v 24.95068550 -53.28013611 19.10369110
v 27.10338402 -53.28013611 19.47792435
v 29.22987556 -53.28013611 19.98010826
v 31.32256508 -53.28013611 20.60844994
v 22.80564499 -53.48357010 18.54203033
v 24.99573326 -53.48357010 18.78910255
v 27.16714859 -53.48357010 19.16658974
v 29.31212807 -53.48357010 19.67313957
v 31.42301178 -53.48357010 20.30694389
v 22.59584808 -52.60709763 19.15490723
v 22.60330009 -52.97341919 19.06472778
v 22.62139893 -53.28013611 18.84568596
v 22.64757156 -53.48357010 18.52896881
v 20.22614098 -52.60709763 15.78791428
v 20.31354523 -52.97341919 15.81133461
v 20.13723946 -52.60709763 16.36668587
v 20.22542191 -52.97341919 16.45153427
v 20.17606354 -52.60709763 16.95095634
v 20.29844093 -52.97341919 17.09363365
v 20.34076691 -52.60709763 17.51287460
v 20.52806091 -52.97341919 17.69770050
v 20.62349701 -52.60709763 18.02565575
v 20.90000153 -52.97341919 18.22617340
v 21.01077461 -52.60709763 18.46485519
v 21.39113426 -52.97341919 18.64618683
v 21.48414040 -52.60709763 18.80953407
v 21.97091866 -52.97341919 18.93162155
v 22.02102852 -52.60709763 19.04326630
v 20.52584457 -53.28013611 15.86821938
v 20.44519615 -53.28013611 16.45412445
v 20.51202202 -53.28013611 17.04176521
v 20.72216606 -53.28013611 17.59460068
v 21.06256294 -53.28013611 18.07825089
v 21.51204109 -53.28013611 18.46264076
v 22.04265213 -53.28013611 18.72386742
v 22.14637375 -53.48357010 18.42347336
v 21.68686295 -53.48357010 18.19725037
v 21.29761314 -53.48357010 17.86436653
v 21.00282860 -53.48357010 17.44552422
v 20.82084274 -53.48357010 16.96676636
v 20.76296997 -53.48357010 16.45786667
v 20.83281326 -53.48357010 15.95047188
v 21.44397736 -52.60709763 11.24289417
v 21.53137970 -52.97341919 11.26631355
v 21.74367905 -53.28013611 11.32319927
v 22.05064774 -53.48357010 11.40545082
v 25.17969894 -52.60709763 9.51184654
v 25.14106178 -52.97341919 9.59366989
v 24.62607002 -52.60709763 9.32112122
v 24.52685165 -52.97341919 9.39275360
v 24.04424667 -52.60709763 9.25509453
v 23.88202667 -52.97341919 9.35005569
v 23.46195984 -52.60709763 9.31691360
v 23.24668503 -52.97341919 9.46823025
v 22.90696716 -52.60709763 9.50363064
v 22.66033936 -52.97341919 9.73993015
v 22.40572548 -52.60709763 9.80634689
v 22.15944862 -52.97341919 10.14825821
v 21.98213005 -52.60709763 10.21063137
v 21.77516365 -52.97341919 10.66782284
v 21.65637016 -52.60709763 10.69721222
v 25.04721642 -53.28013611 9.79241562
v 24.48509789 -53.28013611 9.60853958
v 23.89496231 -53.28013611 9.56946278
v 23.31350708 -53.28013611 9.67761517
v 22.77688980 -53.28013611 9.92627144
v 22.31848145 -53.28013611 10.29996872
v 21.96678734 -53.28013611 10.77546787
v 22.24386024 -53.48357010 10.93111324
v 22.54842758 -53.48357010 10.51933002
v 22.94541168 -53.48357010 10.19570637
v 23.41012383 -53.48357010 9.98036957
v 23.91366577 -53.48357010 9.88670921
v 24.42472649 -53.48357010 9.92055035
v 24.91152382 -53.48357010 10.07978725
v 25.32312584 -52.60709763 9.57957077
v 25.28448868 -52.97341919 9.66139412
v 25.19064331 -53.28013611 9.86013985
v 25.05495071 -53.48357010 10.14751148
v 37.81349182 -52.60709763 12.92635441
v 37.80603790 -52.97341919 13.01653290
v 35.66070938 -52.60709763 12.68349075
v 35.64788055 -52.97341919 12.77306366
v 33.52628326 -52.60709763 12.31243515
v 33.50812912 -52.97341919 12.40108109
v 31.41784096 -52.60709763 11.81451321
v 31.39442062 -52.97341919 11.90191650
v 29.34291458 -52.60709763 11.19150543
v 29.31431580 -52.97341919 11.27735329
v 27.30892181 -52.60709763 10.44563580
v 27.27524376 -52.97341919 10.52962112
v 27.19343948 -53.28013611 10.73361969
v 27.07515907 -53.48357010 11.02858543
v 37.78793716 -53.28013611 13.23557568
v 35.61672592 -53.28013611 12.99063206
v 33.46402740 -53.28013611 12.61640072
v 31.33753586 -53.28013611 12.11421585
v 29.24484634 -53.28013611 11.48587418
v 37.76176834 -53.48357010 13.55229282
v 35.57167816 -53.48357010 13.30522060
v 33.40026474 -53.48357010 12.92773533
v 31.25528336 -53.48357010 12.42118454
v 29.14440155 -53.48357010 11.78738022
v 46.46268082 -52.60709763 13.64107323
v 46.45523071 -52.97341919 13.73125172
v 46.43712997 -53.28013611 13.95029354
v 46.41095734 -53.48357010 14.26701164
v 46.89621735 -53.51597214 14.66341782
v 46.66444016 -53.50961685 14.39775372
v 46.67561340 -53.41250992 14.16133118
v 46.67960739 -53.29240036 13.99392891
v 46.67750931 -53.07806396 13.81280804
v 46.92258453 -53.26181412 14.00988197
v 46.90356064 -53.04987335 13.82887459
v 47.39815140 -53.14645004 14.03856850
v 47.34608459 -52.94301224 13.85776424
v 47.61417389 -53.06815338 14.05041027
v 47.54712677 -52.87035370 13.86969852
v 47.71997452 -53.02337265 14.05591488
v 47.64560318 -52.82877350 13.87524891
v 47.82412720 -52.97489166 14.06113148
v 47.74254608 -52.78374863 13.88051128
v 48.20942688 -52.72504044 14.05261135
v 48.05284500 -52.47664261 13.83313179
v 47.64033127 -52.55701447 13.76154900
v 47.85918427 -52.18154907 13.73409367
v 47.53884888 -52.36362457 13.71719742
v 47.55168533 -52.59790421 13.75645828
v 47.46165085 -52.63562393 13.75109100
v 46.66719437 -52.82261276 13.69615936
v 46.87358475 -52.79763794 13.71166134
v 47.27787781 -52.70142746 13.73955727
v 46.83034897 -52.57952118 13.67000484
v 47.19256210 -52.49757385 13.69562626
v 47.86668396 -53.08310318 14.22655678
v 48.30788803 -52.89336777 14.36303711
v 47.89635849 -53.17252350 14.45918560
v 48.33499146 -52.95899582 14.72268963
v 47.88432693 -53.21498871 14.70712280
v 47.40112686 -53.40167999 14.68719387
v 47.67019653 -53.27217484 14.44940186
v 47.78416061 -53.22434998 14.45442677
v 47.75827789 -53.13347626 14.22149849
v 46.92575836 -53.47779846 14.41234493
v 47.43757629 -53.35562897 14.43858051
v 47.42332840 -53.26129913 14.20466709
v 47.64815521 -53.17999649 14.21615887
v 46.92842865 -53.38092041 14.17681885
v 49.25780106 -51.54447556 13.81616592
v 49.75604248 -51.44015884 13.85185146
v 49.30855560 -51.77164459 13.86075497
v 49.80001450 -51.77049255 13.93186474
v 49.35839462 -51.98149109 13.95868111
v 49.82916641 -52.05587769 14.11937523
v 49.39089203 -52.13117599 14.07316399
v 49.42168045 -52.29593658 14.27195740
v 49.17770386 -52.19948196 14.06262875
v 49.21800613 -52.36139297 14.26485443
v 48.96865082 -52.27963257 14.05321693
v 49.01824570 -52.43814087 14.25894642
v 48.76717758 -52.36991119 14.04505348
v 48.82569504 -52.52453613 14.25429249
v 48.66836929 -52.41913223 14.04139233
v 48.73125458 -52.57162094 14.25240231
v 48.57094955 -52.47101212 14.03801537
v 48.63813782 -52.62124252 14.25080490
v 48.67538452 -52.71817780 14.49930859
v 48.68391037 -52.75077820 14.71422672
v 48.76589584 -52.67070389 14.49915218
v 48.85764694 -52.62567902 14.49929523
v 49.84006500 -52.26279449 14.39235783
v 49.43568420 -52.40760040 14.50664902
v 49.23831940 -52.46993256 14.50293446
v 49.04457474 -52.54314423 14.50048542
v 49.83144760 -52.36699677 14.71874523
v 49.43671799 -52.45304108 14.71198845
v 49.05266571 -52.58148193 14.71057987
v 48.50452805 -52.33161926 13.91434002
v 48.40657043 -52.13400650 13.80734158
v 48.30163956 -51.91819382 13.75680637
v 48.77037048 -51.70468521 13.78431225
v 48.62276077 -52.02565765 13.81896782
v 48.51393127 -52.07836533 13.81301498
v 48.60603333 -52.27805328 13.91888046
v 49.07435226 -51.84394836 13.84569263
v 48.84449387 -51.92922211 13.83169460
v 48.91880417 -52.13419342 13.93416500
v 48.70896912 -52.22726440 13.92370033
v 49.13647461 -52.05168152 13.94587994
v 49.94949722 -52.28734589 14.48792553
v 50.05983353 -52.27447128 14.49406147
v 50.25355911 -52.32706451 14.73950195
v 50.28576279 -52.21732330 14.42188644
v 50.06885910 -52.15543365 14.28343868
v 50.30949020 -52.00764847 14.15838528
v 50.07086945 -52.02386475 14.13676929
v 50.06650543 -51.82674408 13.99682426
v 49.93809509 -51.84098816 13.98604012
v 49.91880798 -51.61623383 13.89538765
v 49.95311356 -52.16910553 14.27556229
v 49.94981003 -52.03792572 14.12750053
v 50.05504990 -51.60204697 13.90735149
v 50.32199478 -51.39273834 13.90425205
v 50.32204437 -51.72193146 13.97902775
v 51.80966568 -51.36557770 14.12563992
v 53.27645493 -51.35628510 14.45940781
v 52.53785324 -51.59408569 14.31918621
v 53.25740814 -51.68382645 14.53049278
v 52.51801300 -51.81323624 14.41280937
v 53.21138000 -51.96855545 14.70227623
v 52.49361801 -51.97104263 14.52466393
v 52.45484924 -52.12886047 14.69968796
v 52.13232040 -51.97416306 14.44618320
v 52.09735870 -52.13198090 14.62214851
v 51.77087784 -51.97848511 14.37487030
v 51.73971939 -52.13630295 14.55174446
v 51.70199203 -52.24760818 14.76032639
v 51.66785431 -52.29919815 14.94566059
v 52.05538177 -52.24335861 14.82970715
v 52.40860748 -52.24029160 14.90618801
v 53.14355469 -52.17838287 14.95539856
v 53.06158066 -52.28966522 15.26133251
v 51.79005432 -51.82059097 14.26177025
v 51.80498123 -51.60125732 14.16702080
v 52.15410233 -51.81632233 14.33369255
v 52.17148209 -51.59709549 14.23948956
v 57.78382492 -51.35628510 15.66715431
v 57.76477814 -51.68382645 15.73823929
v 57.71875000 -51.96855545 15.91002274
v 57.65092468 -52.17838287 16.16314507
v 57.56895065 -52.28966522 16.46907997
v 60.40005112 -51.53633499 17.97385979
v 60.56382751 -51.57972336 18.46149826
v 60.39919281 -51.78482056 18.08633614
v 60.47253799 -51.92900848 18.44423103
v 60.35500336 -51.89807892 18.08907700
v 60.29854965 -52.00534821 18.09705353
v 60.20597076 -51.86331940 17.74725342
v 60.15169525 -51.96979523 17.76068878
v 59.81380844 -51.79889679 17.11513138
v 59.76564789 -51.90391541 17.13899040
v 59.40883636 -51.75427246 16.66249847
v 59.36733246 -51.85828400 16.69406509
v 58.88040924 -51.71667480 16.24228668
v 58.84793472 -51.81985092 16.28118706
v 58.73723602 -51.70956039 16.15238380
v 58.70725250 -51.81257629 16.19287491
v 58.59023285 -51.70341492 16.06885338
v 58.56282043 -51.80629730 16.11082840
v 58.28591919 -51.69414902 15.92152691
v 58.26385880 -51.79682922 15.96612930
v 58.24251556 -51.87617111 16.01054001
v 58.21837234 -51.95036697 16.06175804
v 58.18195724 -52.04091263 16.14035988
v 58.46204758 -52.05062485 16.27625847
v 58.41267014 -52.12973785 16.36068535
v 58.54360580 -52.13614655 16.43548584
v 58.42453384 -52.25545502 16.62248421
v 58.54270172 -52.26257706 16.69775200
v 58.28006744 -52.30753708 16.76797676
v 58.59944916 -52.32883453 16.98634338
v 58.97803116 -52.30022049 17.04993629
v 58.88657379 -52.35742569 17.24602699
v 59.31039810 -52.34489822 17.42954445
v 59.13684082 -52.39218140 17.54234314
v 59.34687424 -52.43165588 17.86963463
v 59.63055801 -52.40941620 17.95962334
v 59.51333237 -52.47438431 18.22220612
v 59.75140381 -52.44424057 18.24612808
v 59.63288116 -52.51889801 18.59436417
v 59.97453690 -52.43141174 18.51530838
v 59.98273468 -52.33297348 18.17420769
v 60.26716232 -52.22583008 18.46298409
v 60.08709717 -52.25497818 18.14509773
v 60.18127060 -52.16360855 18.12133789
v 60.03953934 -52.12723923 17.79595757
v 60.09908676 -52.05149841 17.77629280
v 59.71927643 -51.98471069 17.16435432
v 60.24361420 -52.08754349 18.10746765
v 58.30313110 -52.24930191 16.55259705
v 57.93451309 -52.29425049 16.59441376
v 58.05160904 -52.24002075 16.42950439
v 58.14157486 -52.12007523 16.22885704
v 58.30337143 -51.58642960 15.88788986
v 58.27344513 -51.36075211 15.83399010
v 58.61211395 -51.59545135 16.03748703
v 58.73683167 -51.37370682 16.06357193
v 58.76123047 -51.60143280 16.12230110
v 58.90643692 -51.60835648 16.21357918
v 59.16574860 -51.39446640 16.35142899
v 59.44210434 -51.64493942 16.64010620
v 59.55207825 -51.42233276 16.69300461
v 59.85218430 -51.68835068 17.09928894
v 59.88962936 -51.45621109 17.08219337
v 60.17380142 -51.49468994 17.51161957
v 60.24874496 -51.75101089 17.74007607
v 59.85044479 -52.29665375 17.86692810
v 59.50186539 -52.22937775 17.29906654
v 59.14155197 -52.18279648 16.89280701
v 58.67110825 -52.14356995 16.51602554
v 59.94977188 -52.21846390 17.82835197
v 59.58850479 -52.15081406 17.24314880
v 59.21557999 -52.10397339 16.82455826
v 58.72912598 -52.06452942 16.43634224
v 58.59735107 -52.05706787 16.35334587
v 59.66701126 -52.05985641 17.19481468
v 59.32751083 -51.93845749 16.72655296
v 59.28272629 -52.01319504 16.76480865
v 58.78171539 -51.97389984 16.36595535
v 58.64602661 -51.96646500 16.28067017
v 58.50671768 -51.96004868 16.20144653
v 58.81676865 -51.89950180 16.32038879
v 58.67844772 -51.89213181 16.23353004
v 58.53644180 -51.88576889 16.15283585
v 60.13854980 -52.71443176 20.60877609
v 60.12184525 -52.58309555 19.54119110
v 60.34292221 -52.48118591 19.49297523
v 60.49927902 -52.36065674 19.46356201
v 60.66963959 -52.14963531 19.43922806
v 60.62840271 -52.40836716 19.96315956
v 60.79933548 -52.19674301 19.93642044
v 60.92993927 -52.23884964 20.43603134
v 61.04162598 -51.98804855 20.42557716
v 61.08137512 -51.77031326 20.43159676
v 60.91090775 -51.94695663 19.92860031
v 60.78109741 -51.90087891 19.43401909
v 60.75843811 -52.45104599 20.46519470
v 60.47139740 -52.52893448 19.99409103
v 60.60077667 -52.57164001 20.49764824
v 60.37776566 -52.67259598 20.54883385
v 60.24935532 -52.63038254 20.04379272
v 25.18534470 -52.35475922 9.49988842
v 24.62898827 -52.35475922 9.30822277
v 24.04429436 -52.35475922 9.24186993
v 23.45913506 -52.35475922 9.30399418
v 22.90140724 -52.35475922 9.49163246
v 22.39769363 -52.35475922 9.79584122
v 21.97200966 -52.35475922 10.20211887
v 21.64464378 -52.35475922 10.69109917
v 21.43120384 -52.35475922 11.23947144
v 25.37352562 -50.35475922 9.47283173
v 20.43189240 -50.35475922 7.13944912
v 20.38713837 -52.35475922 7.23422956
v 37.82321167 -50.35475922 12.80871582
v 35.67744064 -50.35475922 12.56664276
v 33.54996872 -50.35475922 12.19679546
v 31.44839096 -50.35475922 11.70049572
v 29.38022423 -50.35475922 11.07951641
v 27.35285378 -50.35475922 10.33607674
v 49.76072693 -50.35475922 13.79516125
v 50.94869614 -50.35475922 13.92918110
v 52.12653732 -50.35475922 14.13394070
v 53.29003906 -50.35475922 14.40870857
v 57.79740906 -50.35475922 15.61645508
v 56.38259888 -50.35475922 15.23735714
v 60.62583923 -50.35475922 18.44488144
v 60.38736725 -50.35475922 17.78968620
v 60.03874207 -50.35475922 17.18585205
v 59.59056091 -50.35475922 16.65173149
v 59.05643845 -50.35475922 16.20355034
v 58.45260620 -50.35475922 15.85492706
v 61.68292999 -50.35475922 22.39000702
v 60.79708481 -50.35475922 19.08398056
v 60.64765549 -50.35475922 26.25370979
v 61.09583664 -50.35475922 25.71958923
v 61.44445801 -50.35475922 25.11575508
v 61.68292999 -50.35475922 24.46055794
v 61.80400467 -50.35475922 23.77390480
v 61.80400467 -50.35475922 23.07666016
v 45.31287003 -52.97172928 26.08664322
v 44.89329147 -53.21033096 25.96792030
v 44.49272919 -53.39330292 25.73058128
v 44.04756165 -53.51379776 25.46681595
v 44.11532974 -53.51462555 25.34202194
v 44.55679703 -53.39648819 25.60254288
v 44.59674835 -53.41057205 25.44337654
v 45.02659607 -53.23475647 25.63955498
v 44.14978790 -53.51821899 25.23648262
v 44.95439529 -53.21701813 25.83717346
v 45.43040466 -52.99362564 25.82091522
v 45.37165070 -52.98281860 25.95379829
v 46.49197769 -52.40788269 26.80401802
v 46.56721497 -52.44079208 26.59621429
v 46.08566284 -52.55519485 26.46188736
v 46.17243195 -52.58471298 26.24513626
v 45.74041367 -52.75179672 26.13384819
v 46.23509216 -52.58337021 26.18503761
v 45.82058334 -52.75854874 25.99607468
v 45.64705658 -52.72764969 26.35048103
v 46.64619827 -52.47398758 26.37838745
v 46.66619110 -52.47089005 26.38425255
v 47.10608292 -52.42411041 26.59015846
v 42.75069427 -52.64468384 23.61157227
v 51.44402695 -52.64468384 25.94094467
v 35.82936096 -52.69001389 21.27568817
v 42.37166595 -52.65312195 23.42472649
v 42.09323120 -52.67615509 23.10764122
v 41.95714951 -52.70798111 22.70856285
v 34.27182770 -52.71405029 20.58483315
v 41.98377991 -52.74148560 22.28801537
v 32.69456100 -52.72951889 19.96758842
v 31.10325432 -52.73792648 19.42505646
v 29.50376892 -52.74046326 18.95795059
v 22.35591316 -52.74046326 17.04268837
v 22.00062752 -52.74626923 16.86756325
v 21.73946571 -52.76195908 16.57014465
v 38.38726807 -52.78956604 20.57758141
v 38.68975830 -52.79083633 20.63628387
v 21.61186218 -52.78313828 16.19562912
v 38.05799484 -52.79119110 20.46064758
v 37.75081635 -52.79576874 20.29362488
v 21.63711929 -52.80459976 15.80086708
v 37.47317123 -52.80284500 20.08060265
v 37.23194885 -52.81184006 19.82629967
v 21.65854645 -52.80871201 15.72034264
v 21.67998123 -52.81264496 15.63981247
v 21.70142555 -52.81640625 15.55927563
v 37.03254318 -52.82182312 19.53723907
v 21.87636757 -52.83163452 15.20335579
v 36.88006210 -52.83179855 19.22026825
v 36.77851868 -52.84083939 18.88272285
v 22.17444038 -52.84154510 14.94151115
v 22.55016899 -52.84663391 14.81379128
v 22.94620132 -52.84812927 14.83969975
v 36.72966385 -52.84814835 18.53296852
v 38.99762726 -52.79443741 20.65268326
v 39.30506134 -52.80006409 20.62665367
v 39.60627365 -52.80736923 20.55822754
v 42.49779892 -52.84231186 20.35605621
v 39.89573288 -52.81580734 20.44891167
v 40.16806030 -52.82470322 20.30103111
v 40.41790390 -52.83338165 20.11695099
v 40.64061356 -52.84122849 19.89999580
v 40.83238220 -52.84769058 19.65459251
v 40.98942566 -52.85222626 19.38522911
v 41.10855103 -52.85443497 19.09674072
v 43.01589584 -52.84188461 18.42255974
v 41.18794250 -52.85427856 18.79479218
v 41.22598267 -52.85175705 18.48517418
v 41.22138977 -52.84694672 18.17365837
v 41.17473602 -52.84025192 17.86592102
v 41.08719635 -52.83219147 17.56760216
v 40.96005249 -52.82329559 17.28432083
v 40.79573441 -52.81422043 17.02136993
v 40.59751892 -52.80572510 16.78381157
v 43.53673553 -52.74021149 16.49247169
v 40.36872101 -52.79854965 16.57667732
v 40.11344147 -52.79322052 16.40388107
v 39.83694458 -52.78991699 16.26768112
v 39.54459763 -52.78879166 16.17019081
v 23.14568329 -52.76080322 11.32215500
v 22.84793091 -52.78212738 11.58268166
v 39.24176025 -52.79000092 16.11352730
v 38.93381119 -52.79368591 16.09976578
v 38.62649536 -52.79963684 16.12948608
v 22.67242622 -52.80374908 11.93716526
v 38.32591629 -52.80722427 16.20144463
v 22.65071869 -52.80789566 12.01761532
v 22.62901688 -52.81186676 12.09807396
v 38.03760910 -52.81581116 16.31375122
v 22.60731888 -52.81566620 12.17854214
v 37.76684189 -52.82478333 16.46426964
v 22.58085823 -52.83105469 12.57423973
v 37.51884079 -52.83352280 16.65080452
v 22.70806503 -52.84111023 12.95003414
v 37.29816437 -52.84142303 16.86997223
v 22.96959114 -52.84629059 13.24850655
v 37.10873413 -52.84791946 17.11727524
v 23.32551575 -52.84781647 13.42408466
v 23.52055168 -52.74502182 11.19517040
v 23.91579056 -52.73918533 11.22115040
v 31.06364441 -52.73918533 13.13641644
v 32.68238449 -52.73663330 13.53163719
v 34.33176422 -52.72817612 13.85744667
v 43.72393799 -52.70653152 16.11497879
v 36.00634384 -52.71263123 14.11153316
v 37.70064163 -52.68848038 14.29200554
v 50.12599945 -52.42156601 15.32811737
v 44.86262512 -52.64295197 15.72974300
v 44.44096756 -52.65142441 15.70204449
v 44.04131317 -52.67455673 15.83742523
v 54.29472733 -52.65097427 18.33696175
v 53.55595779 -52.64295197 18.05911446
v 56.36390686 -52.78860474 20.67772102
v 56.03754425 -52.74873734 19.96000671
v 55.57756424 -52.70887375 19.31968689
v 56.55137634 -52.82354736 21.46756935
v 56.57636642 -52.84660721 22.27922821
v 56.44802856 -52.85475922 23.05787277
v 56.16985703 -52.84693909 23.79637337
v 55.74238968 -52.82420731 24.48680878
v 55.18510818 -52.78956985 25.07711601
v 54.54360962 -52.74995804 25.53550339
v 53.82508469 -52.71031189 25.86005592
v 53.03468323 -52.67556000 26.04586601
v 52.22274399 -52.65267181 26.06970596
v 54.98596191 -52.67395782 18.76357460
v 15.68290234 -51.35475922 14.51440525
v 15.68290234 -51.35475922 14.77322388
v 15.68291473 -51.34781265 14.51435852
v 15.68295193 -51.34086990 14.51421928
v 15.68307114 -51.32350922 14.77259541
v 15.68301487 -51.33392715 14.51398563
v 15.81231213 -51.35475922 14.99736786
v 15.81252193 -51.31588364 14.99658585
v 16.03647995 -51.34086609 15.12668419
v 16.03655624 -51.32697678 15.12640476
v 16.03645515 -51.35475922 15.12677765
v 16.03668022 -51.31309509 15.12593842
v 16.25371933 -52.06186676 14.88176823
v 16.31419945 -52.20373154 14.70240498
v 16.49436951 -52.27864075 14.61038208
v 16.41473389 -52.26508713 14.61323166
v 16.59303284 -52.33229065 14.45485401
v 16.36308289 -52.27449799 14.52995110
v 16.56771660 -52.33502579 14.41180515
v 16.34030724 -52.27236557 14.48908329
v 16.55591011 -52.33440781 14.39117241
v 16.31472588 -52.26416779 14.43941498
v 16.54193497 -52.33201981 14.36627007
v 16.35907173 -52.27864075 14.37603760
v 16.77823830 -52.35475922 14.29026127
v 16.09292030 -51.73744202 15.06310177
v 16.06431198 -51.93730927 14.92303658
v 16.17988586 -52.08682632 14.82124329
v 16.08598137 -52.10821152 14.68993568
v 16.24592781 -52.21805954 14.59759045
v 16.05041504 -52.10331726 14.62110710
v 16.21735191 -52.21479797 14.54500294
v 16.01681137 -52.08475113 14.53577614
v 16.18692017 -52.20233536 14.48065662
v 16.00371933 -52.06186676 14.44875526
v 16.05070877 -51.54985046 15.11070442
v 15.94796944 -51.67932129 15.02451324
v 16.00452423 -51.82754135 14.97537804
v 15.86937523 -51.85263443 14.81499386
v 15.94439411 -51.96292496 14.77168083
v 15.82657623 -51.84684753 14.72378826
v 15.90375042 -51.95703125 14.68825817
v 15.79646683 -51.82512665 14.60795975
v 15.87127972 -51.93483734 14.58328915
v 15.76628017 -51.73744202 14.49734306
v 15.91178703 -51.51852036 15.05569649
v 15.74941444 -51.52969360 14.88425255
v 15.70433903 -51.52710724 14.78060055
v 15.68157959 -51.51744843 14.64651871
v 15.75246239 -51.69476318 14.75814152
v 15.72620201 -51.67739105 14.63142204
v 15.70394897 -51.54985046 14.51009846
v 15.79683399 -51.69940567 14.85687447
v 17.48503304 -51.35475922 9.72061253
v 17.22621346 -51.35475922 9.72061253
v 17.48500824 -51.34086609 9.72070599
v 17.22600365 -51.31588364 9.72139549
v 17.48493385 -51.32697678 9.72098541
v 17.48480797 -51.31309509 9.72145176
v 17.00190163 -51.32350922 9.85065174
v 17.00206947 -51.35475922 9.85002232
v 16.87261009 -51.34086990 10.07435322
v 16.87264824 -51.34781265 10.07421303
v 16.87266159 -51.35475922 10.07416630
v 16.87254906 -51.33392715 10.07458591
v 16.91963577 -51.68515015 10.11582184
v 17.03876114 -51.84565353 10.04502106
v 17.05528450 -51.97843552 10.23610878
v 17.09905815 -51.96620178 10.11521530
v 17.16942596 -52.07113266 10.19670010
v 17.16620255 -51.98228455 10.05631065
v 17.23106384 -52.08620071 10.14762211
v 17.24150467 -51.98774719 10.00591564
v 17.29825783 -52.09130478 10.10421562
v 17.32381058 -51.98215103 9.96548176
v 17.37032509 -52.08607483 10.06733036
v 17.42466545 -51.96168900 9.93283272
v 17.45770836 -52.06690216 10.03402805
v 17.53396797 -51.97843552 9.95974159
v 17.56945610 -52.13670349 10.13316917
v 16.95725822 -51.56788635 9.94954395
v 16.99074936 -51.71201706 9.98886871
v 17.06370163 -51.72505951 9.91124630
v 17.10955238 -51.86108398 9.97625446
v 17.15074730 -51.72951508 9.84871864
v 17.19150734 -51.86633682 9.91932011
v 17.24965096 -51.72495270 9.80418301
v 17.28292465 -51.86095810 9.87639046
v 17.37342262 -51.70837021 9.77777767
v 17.39619827 -51.84133148 9.84640121
v 17.49761963 -51.68515015 9.78212261
v 17.03126526 -51.57675934 9.86513519
v 17.12173843 -51.57979965 9.79847336
v 17.22600746 -51.57668686 9.75304699
v 17.35746956 -51.56541443 9.73003006
v 17.51591110 -52.19742203 10.21389675
v 17.61194801 -52.25577927 10.34081650
v 17.60926628 -52.31547165 10.50437927
v 17.65931320 -52.32970047 10.57227612
v 17.70917702 -52.35475922 10.81594849
v 17.52308273 -52.32970047 10.65092850
v 17.49461937 -52.31652832 10.57023144
v 17.34631538 -52.25577927 10.49417973
v 17.29405022 -52.20051956 10.34021950
v 17.18773270 -52.13670349 10.35355759
v 17.57631683 -52.32024002 10.52188492
v 17.54845428 -52.32153702 10.53756809
v 17.52126694 -52.32027054 10.55365849
v 17.45044518 -52.21145630 10.24368095
v 17.39575005 -52.21527481 10.27307701
v 17.34356117 -52.21154785 10.30533886
v 18.49924660 -51.31309509 9.99326992
v 18.50275993 -51.70838165 10.06020260
v 18.46459007 -52.04697800 10.27121449
v 18.39085770 -52.27460098 10.59247684
v 18.29338455 -52.35475922 10.97248650
v 17.05111885 -51.31309509 15.39775658
v 17.08762741 -51.70838165 15.34154797
v 17.16007805 -52.04697800 15.13972092
v 17.25685501 -52.27460098 14.82463360
v 17.36244392 -52.35475922 14.44679928
v 18.47416496 -50.98606110 10.02065849
v 17.47628021 -50.98606110 9.75327587
v 18.43953133 -50.66514206 10.08492851
v 17.45789337 -50.66514206 9.82189941
v 18.39582443 -50.35475922 10.18519402
v 17.42989922 -50.35475922 9.92637539
v 19.14022827 -52.35475922 7.81201887
v 20.21336746 -52.35475922 15.78449154
v 19.27211380 -52.35475922 7.52954626
v 19.49286842 -52.35475922 7.30942869
v 19.77572060 -52.35475922 7.17836142
v 20.08636856 -52.35475922 7.15223885
v 20.12402725 -52.35475922 16.36611748
v 17.30656052 -52.35475922 18.73110199
v 20.16304398 -52.35475922 16.95326805
v 20.32855797 -52.35475922 17.51795769
v 20.61268234 -52.35475922 18.03326797
v 21.00186920 -52.35475922 18.47463226
v 21.47756958 -52.35475922 18.82101059
v 22.01710510 -52.35475922 19.05589485
v 22.59475899 -52.35475922 19.16808701
v 16.51560020 -52.35475922 17.60726738
v 17.00509071 -52.35475922 18.65172195
v 16.74912453 -52.35475922 18.47377586
v 16.56970024 -52.35475922 18.21884155
v 16.48857880 -52.35475922 17.91783714
v 57.29594040 -47.03362656 29.39368248
v 57.67657471 -46.99151993 29.05869293
v 57.35216904 -46.78165436 29.29965210
v 57.59193802 -46.63668060 29.03111458
v 57.31588745 -46.66631699 29.27594757
v 57.27134705 -46.55695343 29.24123955
v 57.01968384 -46.70009232 29.49392128
v 56.97970963 -46.59151840 29.45559311
v 56.37252045 -46.76263428 29.83950806
v 56.34294510 -46.65551758 29.79523659
v 55.80279160 -46.80595016 30.02586937
v 55.78276062 -46.69983292 29.97825241
v 55.14415359 -46.84239197 30.12361145
v 55.13551712 -46.73710632 30.07415581
v 54.97753906 -46.84928513 30.12969017
v 54.97183228 -46.74415970 30.08010101
v 54.81079865 -46.85523987 30.12845230
v 54.80803299 -46.75024796 30.07886124
v 54.47824860 -46.86421585 30.10409355
v 54.48139191 -46.75942612 30.05489540
v 53.94238663 -46.87464905 30.00360298
v 54.48509979 -46.67857361 30.00594521
v 53.98830795 -46.58404160 29.83221626
v 54.48981476 -46.60293961 29.94945908
v 54.50707245 -46.42956161 29.76470566
v 54.80305862 -46.42018890 29.78589058
v 54.80432129 -46.29824448 29.56198692
v 54.94194031 -46.29228592 29.56225204
v 54.89042664 -46.23952484 29.36145020
v 55.07945251 -46.28538132 29.55636406
v 55.26878738 -46.21892929 29.33292007
v 55.62293243 -46.24890137 29.47112656
v 55.64009094 -46.19126892 29.25358582
v 56.09276581 -46.20553589 29.31194305
v 55.99814987 -46.15761948 29.12513733
v 56.33732986 -46.11938095 28.95070076
v 56.62607193 -46.14290619 29.01907921
v 56.65200043 -46.07795715 28.73343849
v 56.86998749 -46.10906982 28.83512306
v 56.93653870 -46.03475952 28.47651863
v 57.19538498 -46.12399673 28.71915054
v 57.03587723 -46.22272491 29.01541710
v 57.42405319 -46.33400345 28.91264725
v 57.18218231 -46.39576721 29.16173744
v 57.22917938 -46.47326279 29.20493698
v 56.94212723 -46.50831985 29.41596794
v 54.51185226 -46.25236893 29.33921051
v 54.52988052 -46.30723572 29.54303741
v 54.05680466 -46.36981201 29.57658195
v 54.13993454 -46.25679779 29.26633644
v 54.47665024 -46.97404480 30.14107895
v 53.92436218 -47.20794678 30.07087326
v 54.42462158 -47.20362854 30.16984749
v 54.81409073 -46.96531296 30.16567612
v 54.93341064 -47.19110870 30.20244598
v 54.98326111 -46.95952225 30.16685486
v 55.15228653 -46.95281601 30.16059875
v 55.44153214 -47.17103577 30.16840935
v 55.82018661 -46.91738129 30.06101227
v 55.93983078 -47.14407349 30.06762123
v 56.39747620 -46.87527466 29.87155533
v 56.42003250 -47.11127472 29.90221786
v 56.87458038 -47.07400131 29.67621422
v 57.05260468 -46.81448364 29.52071571
v 56.77146149 -46.25805664 29.21178627
v 56.19421768 -46.32344437 29.52339172
v 55.68645477 -46.36871338 29.69182014
v 55.09983444 -46.40677643 29.78087044
v 54.95149231 -46.41397476 29.78666306
v 56.90043640 -46.43114853 29.36914253
v 56.28559113 -46.49663925 29.69774246
v 55.74497223 -46.54198456 29.87483978
v 55.12060547 -46.58011627 29.96777534
v 54.96274185 -46.58732605 29.97358894
v 54.80478668 -46.59355164 29.97246361
v 56.31558990 -46.57321930 29.75028229
v 55.76459503 -46.61816025 29.93040276
v 55.12815857 -46.65595245 30.02481270
v 54.96723175 -46.66309738 30.03067780
v 54.80620193 -46.66926956 30.02947807
v 59.11257553 -46.80307770 27.61338615
v 60.55731583 -46.69631195 26.16337204
v 59.07743454 -46.58247375 27.60091400
v 60.48953247 -46.32889557 26.11240959
v 58.98737717 -46.32700729 27.53735733
v 60.33090591 -46.01868057 25.96821022
v 58.85348892 -46.11036682 27.42623329
v 58.73270798 -45.98736191 27.31860352
v 58.36862564 -46.02951813 27.68921661
v 58.19961166 -45.92576599 27.53322792
v 58.00602341 -46.07676315 28.05857277
v 57.83712006 -45.97253036 27.90434837
v 58.38440704 -45.84143448 26.98693085
v 58.56357956 -45.88410950 27.16085243
v 60.10399246 -45.80978012 25.75128174
v 59.84105682 -45.73189545 25.49246788
v 58.12718201 -46.19969940 28.16292000
v 58.48959351 -46.15250015 27.79520226
v 58.26250839 -46.41515350 28.26927757
v 58.35503006 -46.66855621 28.32816315
v 58.71549988 -46.62300110 27.96514893
v 58.62420273 -46.36855698 27.90393829
v 61.65726852 -46.68590164 22.91971970
v 61.55954742 -46.69693756 22.42306709
v 61.59523773 -46.43422318 22.79043961
v 61.47534943 -46.32957458 22.43317223
v 61.55001831 -46.31316757 22.79444122
v 61.49005127 -46.19900131 22.80107117
v 61.59221649 -46.30494690 23.16139793
v 61.53156281 -46.19048691 23.16281509
v 61.57027435 -46.29405975 23.89993286
v 61.50982285 -46.17920685 23.89103699
v 61.44659424 -46.29150009 24.49547005
v 61.38784409 -46.17655182 24.47835159
v 61.20051575 -46.29626465 25.12071991
v 61.14521790 -46.18149185 25.09496498
v 61.12188721 -46.29864502 25.26942253
v 61.06770706 -46.18396378 25.24160576
v 61.03680038 -46.30145264 25.41450882
v 60.98383331 -46.18687057 25.38467216
v 60.84804153 -46.30823898 25.69268227
v 60.79779434 -46.19390106 25.65894890
v 60.74900818 -46.10820389 25.62539673
v 60.69324112 -46.02947998 25.58642960
v 60.51122665 -45.85537720 25.45662117
v 60.68012238 -45.84814072 25.20604706
v 60.45401764 -45.74224854 25.06965828
v 60.52417755 -45.73946381 24.94861794
v 60.24542236 -45.71418381 24.97427750
v 60.58906937 -45.73710251 24.82461357
v 60.52862549 -45.70532608 24.37893867
v 60.79277802 -45.73237991 24.30367088
v 60.64186478 -45.70557022 23.95351410
v 60.89633942 -45.73491669 23.80798149
v 60.69253540 -45.71059799 23.51628113
v 60.91729355 -45.74571609 23.19360733
v 60.68007278 -45.71979141 23.07702827
v 60.88426208 -45.75387192 22.88838959
v 60.60390854 -45.73254013 22.64553642
v 60.96097183 -45.81048203 22.55291748
v 61.14357758 -45.86061859 22.84862137
v 61.26589966 -46.01939011 22.47860718
v 61.36423492 -46.03474808 22.81714821
v 61.43147278 -46.11340332 22.80829239
v 61.47224808 -46.10471344 23.16480064
v 60.29849625 -45.74897766 25.30188751
v 60.88632202 -46.42950058 25.71731377
v 60.89073944 -46.68532562 25.78225136
v 61.07696915 -46.42301178 25.43633080
v 61.17191696 -46.67689133 25.36087418
v 61.16289139 -46.42033005 25.28979874
v 61.24228287 -46.41805267 25.13962555
v 61.39598083 -46.67158508 24.90668488
v 61.49075317 -46.41350174 24.50827789
v 61.55819702 -46.66994858 24.42716026
v 61.61566925 -46.41594696 23.90696716
v 61.65614319 -46.67203522 23.93040657
v 61.68931580 -46.67747879 23.42504501
v 61.63785553 -46.42636108 23.16113663
v 61.18036270 -45.85185623 23.17849731
v 61.15913773 -45.84024811 23.84271431
v 61.04753876 -45.83752060 24.37859344
v 60.82674026 -45.84260559 24.94146919
v 60.75630569 -45.84514618 25.07537842
v 61.40411377 -46.02593994 23.16754150
v 61.38262558 -46.01427078 23.87308693
v 61.26434326 -46.01152420 24.44222450
v 61.02941132 -46.01663971 25.03981972
v 60.95439148 -46.01919556 25.18194199
v 60.87322998 -46.02220535 25.32060242
v 61.45064163 -46.09319305 23.88259315
v 61.33036804 -46.09048462 24.46155548
v 61.09127045 -46.09553146 25.06942558
v 61.01490021 -46.09805298 25.21398544
v 60.93227386 -46.10102463 25.35502052
v 61.03339386 -46.80448151 20.44492149
v 60.51246643 -46.99370956 18.47525978
v 60.99670792 -46.58391190 20.43806839
v 60.42536545 -46.63893509 18.45669365
v 60.88694382 -46.32848358 20.44798088
v 60.22076416 -46.33629990 18.47521973
v 60.71545410 -46.11186981 20.47718239
v 60.55706406 -45.98886108 20.50994492
v 60.84520721 -46.07505798 20.97453308
v 60.68616486 -45.95204544 21.00880051
v 60.97660065 -46.04304886 21.47747231
v 60.81689072 -45.92004776 21.51325798
v 60.58961868 -45.81784439 21.56814575
v 60.08966446 -45.84287262 20.62294006
v 60.45987701 -45.84929276 21.06223869
v 60.33175659 -45.88559341 20.56194115
v 59.92602921 -46.12628937 18.52835846
v 59.58060074 -46.03700638 18.60899925
v 61.14922714 -46.26074600 21.44340134
v 61.25918579 -46.51812744 21.42815971
v 61.12712479 -46.54863739 20.93035889
v 61.01726151 -46.29222107 20.94291496
v 58.25136566 -47.20638657 15.88724041
v 57.76899338 -47.21079636 15.72250366
v 58.11203384 -46.97998047 15.86943817
v 57.75098038 -46.87760544 15.78973389
v 58.09739685 -46.87026215 15.90328693
v 58.07851410 -46.76556396 15.94865799
v 58.43183136 -46.86249542 16.04800415
v 58.40702057 -46.75762177 16.09076500
v 59.05196762 -46.83308411 16.42957497
v 59.01631165 -46.72754669 16.46552277
v 59.50636673 -46.79607391 16.83330917
v 59.46298218 -46.68968582 16.86219597
v 59.92032242 -46.74501419 17.35051727
v 59.87020874 -46.63744736 17.37060547
v 60.00916290 -46.73086929 17.49074745
v 59.95766830 -46.62297058 17.50849915
v 60.09185028 -46.71629333 17.63479805
v 60.03908539 -46.60805893 17.65017128
v 60.23814392 -46.68612289 17.93323517
v 60.18321228 -46.57718277 17.94375610
v 60.12965012 -46.49377441 17.95672989
v 60.06869888 -46.41646957 17.97358513
v 59.87344360 -46.24340057 18.03646088
v 59.74367523 -46.27496338 17.76873779
v 59.52676773 -46.15917969 17.87121201
v 59.45959473 -46.17377853 17.75089455
v 59.35073090 -46.11036682 17.99464417
v 59.38729095 -46.18795013 17.63375282
v 58.99210739 -46.17544174 17.44917488
v 59.04920959 -46.23907471 17.20168686
v 58.68889999 -46.21052933 17.13822174
v 58.67659378 -46.27612686 16.86454773
v 58.34265137 -46.23706436 16.87701797
v 58.16666412 -46.30555725 16.54642105
v 57.96148682 -46.25386047 16.67125320
v 57.89120865 -46.31332779 16.42613602
v 57.55353165 -46.25972366 16.52661896
v 57.63662720 -46.37282562 16.21651459
v 57.97129059 -46.43582153 16.21869850
v 57.70508575 -46.58705902 15.96101856
v 58.03903580 -46.60920715 16.04644394
v 58.06007004 -46.68478775 15.99398613
v 58.38299179 -46.67673874 16.13369942
v 59.64528275 -46.12895203 18.12043571
v 60.28081512 -46.80095673 17.92866898
v 60.35070801 -47.03602219 17.99453735
v 60.12769318 -47.07663727 17.53869820
v 60.13309097 -46.83028030 17.62629318
v 59.84714508 -47.11402893 17.11564064
v 59.95970917 -46.85819626 17.33813286
v 60.04953384 -46.84444809 17.48029327
v 59.54073334 -46.90783310 16.81355667
v 59.51288986 -47.14670181 16.73316956
v 59.08025742 -46.94382095 16.40380859
v 59.13064575 -47.17353058 16.39758492
v 58.70769119 -47.19369507 16.11393738
v 58.45133972 -46.97242737 16.01638603
v 58.26870728 -46.42772293 16.34785652
v 58.82001114 -46.39702606 16.68897057
v 59.22378922 -46.35836792 17.05038071
v 59.59143066 -46.30500031 17.51383018
v 59.67029572 -46.29020309 17.63955879
v 58.35575104 -46.60108566 16.18354416
v 58.94319916 -46.57033157 16.54526711
v 59.37391281 -46.53160477 16.92833710
v 59.76669693 -46.47814941 17.41954422
v 59.85107040 -46.46333313 17.55281258
v 59.92962646 -46.44807053 17.68975067
v 58.98197174 -46.64624786 16.50221825
v 59.42115784 -46.60786438 16.89239502
v 59.82168198 -46.55489349 17.39261818
v 59.90771866 -46.54021454 17.52832031
v 59.98782349 -46.52508926 17.66774940
v 53.26162338 -47.21079636 14.51475716
v 53.24361038 -46.87760544 14.58198738
v 53.19771576 -46.58705902 14.75327206
v 53.12925339 -46.37282562 15.00876808
v 53.04616165 -46.25972366 15.31887150
v 51.52011490 -47.19786072 14.13140488
v 49.75154114 -47.16046143 13.90633011
v 50.64267731 -46.94178772 14.03841496
v 49.75545883 -46.82494736 13.97747040
v 50.63559341 -46.71757126 14.13335228
v 49.74923706 -46.53300858 14.15741634
v 50.62456894 -46.55637360 14.24814510
v 50.60509872 -46.39514923 14.42926025
v 51.06043243 -46.56567001 14.30840492
v 51.03636551 -46.40444946 14.48853779
v 51.49479675 -46.57334518 14.37855911
v 51.46614075 -46.41212463 14.55766487
v 51.92359543 -46.57931137 14.45781326
v 51.89039230 -46.41809082 14.63585758
v 52.13729477 -46.58167267 14.50106049
v 52.10182190 -46.42045212 14.67855740
v 52.35049057 -46.58361435 14.54671478
v 52.31275177 -46.42239761 14.72365475
v 52.26744843 -46.30877304 14.93324280
v 51.39163971 -46.24645233 14.95671749
v 52.05906296 -46.30686188 14.88877487
v 51.85018539 -46.30453873 14.84669209
v 49.73360062 -46.31899643 14.42499828
v 50.58032990 -46.28199005 14.64356995
v 51.00642395 -46.29113007 14.70173359
v 51.43103409 -46.29867172 14.76969814
v 49.71039200 -46.20808411 14.74873734
v 52.37392807 -46.74448395 14.43467140
v 52.39258194 -46.96801758 14.34212971
v 51.95972061 -46.96387100 14.25183105
v 51.52495193 -46.95812607 14.17125702
v 51.08456039 -46.95073700 14.09984970
v 51.07457733 -46.72675705 14.19425011
v 51.51205826 -46.73433685 14.26507759
v 51.94394684 -46.74023438 14.34503365
v 52.15918732 -46.74256516 14.38864517
v 52.17640305 -46.96614838 14.29576778
v 44.74596405 -46.68531036 13.57039356
v 46.00550461 -46.82493210 13.63672447
v 44.74355698 -47.02625275 13.49720192
v 46.63461304 -46.84175491 13.68800163
v 47.26338196 -46.85891724 13.73923874
v 46.63304520 -46.62395477 13.77717972
v 47.26195145 -46.64150620 13.82808208
v 46.62831116 -46.46651077 13.88568306
v 47.25733566 -46.48426437 13.93618107
v 46.61729431 -46.29259109 14.07640171
v 47.24647141 -46.31037903 14.12622166
v 46.60181046 -46.17202759 14.30466366
v 47.23112106 -46.18957138 14.35375214
v 46.00379944 -46.60673523 13.72623920
v 44.73807144 -46.39007187 13.75580215
v 45.99895096 -46.44909668 13.83514786
v 45.98778152 -46.27513504 14.02654457
v 44.72083664 -46.17644119 14.03087997
v 45.97216034 -46.15482330 14.25553799
v 44.69635773 -46.07039261 14.36217785
v 40.91284943 -46.77872467 15.73223686
v 40.68180084 -46.74414825 16.36513329
v 40.89049530 -46.51600647 15.88659477
v 40.77072144 -46.37302017 16.36488342
v 40.93554688 -46.39534760 15.89584064
v 40.99423599 -46.28154373 15.91120529
v 41.15762329 -46.42684174 15.45282555
v 41.21344757 -46.31377792 15.47459888
v 41.43424225 -46.46092606 15.04245090
v 41.48629761 -46.34869003 15.07029819
v 41.76210022 -46.49662781 14.66876888
v 41.80947495 -46.38528061 14.70227528
v 42.36781311 -46.55297089 14.17398167
v 42.40606689 -46.44304657 14.21521568
v 42.75517654 -46.58357239 13.95188332
v 42.78730392 -46.47441864 13.99671459
v 43.16627884 -46.61186218 13.77826118
v 43.19169617 -46.50342560 13.82599545
v 43.37881851 -46.62485886 13.71001816
v 43.40070343 -46.51675034 13.75892258
v 43.59498978 -46.63693237 13.65434074
v 43.61324310 -46.52912521 13.70421600
v 44.03513336 -46.65785599 13.58124065
v 44.04588699 -46.55057526 13.63242912
v 44.05541992 -46.46825027 13.68344021
v 44.06554413 -46.39159775 13.74240112
v 44.09498596 -46.21772385 13.93572330
v 43.70294189 -46.19578171 14.00224495
v 43.73261261 -46.12932968 14.11260700
v 43.54704285 -46.11689377 14.16168594
v 43.58493805 -46.06602478 14.27828026
v 43.40977859 -46.05303574 14.33646202
v 43.69978714 -46.02270889 14.46458054
v 43.22859192 -45.98611450 14.64509583
v 43.07107544 -46.02476501 14.48376751
v 42.75209808 -45.99419785 14.67135715
v 43.01160049 -46.07437515 14.37379074
v 42.67896271 -46.04287338 14.56788349
v 42.95439529 -46.13984299 14.27115345
v 42.60882950 -46.10777283 14.47145939
v 42.85087204 -46.31353378 14.09517956
v 42.48267746 -46.28137589 14.30670738
v 42.81744766 -46.39094162 14.04213715
v 42.44227600 -46.35909271 14.25731468
v 40.98728943 -46.06102371 16.40234184
v 41.05171585 -46.19520569 15.92817211
v 41.26780319 -46.22789001 15.49794483
v 41.53664017 -46.26331329 15.09960461
v 41.85494232 -46.30044937 14.73705292
v 41.29995728 -45.85360718 16.47205353
v 41.32815170 -45.94278336 16.02217293
v 41.11733246 -46.11594772 15.94900894
v 41.66319275 -45.78097534 16.56386566
v 41.57349396 -45.83670807 16.11467361
v 41.44769287 -45.88072205 16.06643867
v 41.52724838 -45.97569656 15.62335491
v 41.32961273 -46.14892960 15.52614403
v 41.59362411 -46.18468094 15.13461971
v 41.83770370 -45.81644440 16.08162308
v 41.75634384 -45.86820984 15.74446011
v 41.63895798 -45.91310501 15.68147755
v 41.87688828 -45.94815826 15.32458210
v 41.77484131 -46.01135635 15.25385475
v 42.06795120 -46.04874039 14.91730690
v 41.90614700 -46.22217178 14.77826595
v 42.09089661 -45.85723495 15.63676929
v 41.98393631 -45.90227127 15.40093803
v 42.15866852 -45.98488998 14.99928570
v 42.41338348 -45.90079880 15.24116993
v 42.25364304 -45.93793488 15.08754444
v 42.79577255 -45.94460678 14.90669250
v 43.76311111 -46.07809830 14.23058987
v 44.19416809 -46.05170441 14.36905670
v 44.12593842 -46.09902573 14.16721535
v 44.11040115 -46.15089035 14.04764938
v 44.02553177 -46.77063370 13.54302025
v 44.06853485 -47.00803375 13.50174427
v 43.57939148 -46.75033951 13.61739540
v 43.40467072 -46.97977448 13.62279224
v 43.36034393 -46.73863220 13.67396927
v 43.14502716 -46.72603226 13.74326801
v 42.77255630 -46.94410324 13.85575771
v 42.72873688 -46.69860458 13.91943073
v 42.33675766 -46.66894150 14.14457226
v 42.19255066 -46.90364456 14.19571304
v 41.72446060 -46.61432266 14.64564133
v 41.68081665 -46.86094666 14.63203526
v 41.39340210 -46.57969284 15.02376938
v 41.25005341 -46.81848145 15.14937305
v 41.11432266 -46.54661179 15.43879795
v 43.36457443 -46.10350800 14.22166157
v 43.32091522 -46.16949844 14.11438560
v 43.51033401 -46.18312073 14.05267525
v 43.24127579 -46.34326553 13.92990685
v 43.44300079 -46.35692215 13.86496449
v 43.64810944 -46.36960983 13.81198311
v 43.21529770 -46.42038727 13.87403679
v 43.42089081 -46.43391418 13.80799675
v 43.62994003 -46.44647598 13.75413227
v 39.44773865 -46.74311066 20.97084808
v 39.52466583 -46.37197113 21.01536942
v 39.86119080 -46.67788696 19.43662453
v 40.10037231 -46.44355774 18.68097305
v 40.27277756 -46.67823410 17.90051460
v 40.25569916 -46.44828415 18.10065842
v 40.41067123 -46.46231079 17.52039909
v 40.36723328 -46.18584824 18.12623596
v 40.52327347 -46.19996643 17.54199028
v 40.54404831 -45.96549606 18.16994476
v 40.70099640 -45.97969818 17.58230782
v 40.70716476 -45.84325790 18.21158028
v 40.86462402 -45.85750580 17.62202835
v 40.94038773 -45.74397659 18.27233124
v 41.09828186 -45.75826263 17.68116760
v 41.24350739 -45.71334839 18.13904762
v 40.21084213 -46.18108749 18.71053696
v 39.73098373 -46.05996704 21.09107780
v 40.38674545 -45.96070862 18.75763893
v 40.54934692 -45.83845901 18.80119133
v 40.03664398 -45.85254288 21.18694878
v 40.78213882 -45.73915863 18.86355209
v 40.39713287 -45.77991104 21.28901863
v 40.82124710 -45.71299362 19.71499252
v 40.95034790 -47.00578690 25.14331818
v 41.53135681 -47.02394867 25.48534393
v 41.11915970 -46.77660370 25.21376419
v 41.57003403 -46.68290710 25.42311478
v 41.17582703 -46.55693436 25.14237404
v 41.65592957 -46.38760757 25.25849724
v 41.24136734 -46.39820480 25.05268097
v 41.35273743 -46.22429276 24.89306831
v 40.86936569 -46.37661362 24.77605247
v 41.00395203 -46.20275116 24.63228035
v 40.53510284 -46.34932709 24.45368958
v 40.69080734 -46.17553329 24.32831573
v 40.24367142 -46.31761932 24.09116936
v 40.41804886 -46.14390945 23.98647881
v 40.04376602 -46.28977585 23.77417374
v 40.23116684 -46.11614227 23.68759727
v 39.87752151 -46.26056290 23.43769836
v 40.07596970 -46.08701324 23.37039757
v 39.73344803 -46.22674561 23.03767776
v 39.94178009 -46.05328751 22.99338150
v 39.63800812 -46.19297791 22.62162209
v 39.85330200 -46.01961136 22.60134506
v 39.60871887 -46.17640305 22.40949821
v 39.82636261 -46.00307846 22.40149879
v 39.59180069 -46.16018677 22.19567871
v 39.81103134 -45.98690414 22.20007324
v 39.59532547 -46.12930298 21.76606560
v 39.81537628 -45.95608902 21.79539680
v 39.94145203 -45.89379120 21.80944061
v 40.07492065 -45.84939575 21.82267761
v 40.06911469 -45.87886047 22.19747925
v 40.30617523 -45.81511307 21.79430389
v 40.30141830 -45.85559464 22.30679703
v 40.08232117 -45.89430237 22.38413811
v 40.10623169 -45.91007996 22.56940651
v 39.95074844 -45.93999481 22.39392853
v 39.97623062 -45.95624161 22.58670616
v 41.77858734 -46.17398453 25.01151848
v 41.41598892 -46.15731430 24.80004120
v 41.08029938 -46.13615417 24.54801178
v 40.77914429 -46.10941315 24.25425720
v 40.51706314 -46.07835007 23.92395592
v 40.33768463 -46.05107498 23.63523674
v 40.18890381 -46.02245712 23.32891846
v 40.06053162 -45.98933029 22.96498108
v 41.48285675 -46.10521698 24.70030022
v 41.92308426 -46.06803131 24.71223259
v 41.49259567 -46.04940033 24.45474052
v 41.16094208 -46.08467865 24.45741081
v 41.11380005 -46.02048492 24.12408257
v 40.87241364 -46.05873108 24.17432594
v 40.79622269 -45.98397446 23.73201180
v 40.62161255 -46.02859116 23.85611153
v 40.45017242 -46.00211716 23.57806778
v 40.54937744 -45.94255066 23.29027748
v 40.30820847 -45.97434998 23.28321075
v 40.38265228 -45.89889526 22.81068420
v 40.18603897 -45.94219589 22.93309212
v 39.46912384 -46.29451370 21.74436951
v 39.36592865 -46.52830124 21.71931076
v 39.33009338 -46.77742386 21.63500404
v 39.36145020 -46.55691147 22.17395210
v 39.32854843 -46.81688309 22.30923080
v 39.37907028 -46.57190323 22.40041733
v 39.40986633 -46.58721924 22.62522125
v 39.51349258 -46.35668945 22.62796593
v 39.61242676 -46.38964462 23.05786705
v 39.44259644 -46.85908890 22.97270584
v 39.51079559 -46.61839676 23.06658554
v 39.76177597 -46.42264175 23.47134781
v 39.66375732 -46.64960861 23.49156761
v 39.67134857 -46.90164185 23.60477066
v 39.84064102 -46.67656326 23.84955025
v 40.00742340 -46.94201660 24.18757057
v 40.05363464 -46.70225525 24.18721962
v 40.36452484 -46.73151016 24.57385445
v 40.44350433 -46.50925064 24.52226448
v 40.79008484 -46.53587341 24.85593605
v 40.43806458 -46.97760391 24.70557404
v 40.72149658 -46.75668335 24.91807175
v 40.14135361 -46.47831345 24.14716148
v 39.93411255 -46.45114517 23.81927490
v 39.48311996 -46.34051132 22.40884018
v 39.93642807 -45.92409897 22.19965744
v 39.46556091 -46.32468033 22.18799782
v 46.11193085 -46.82213211 27.57531166
v 44.96480560 -46.89126968 27.07089043
v 46.07297134 -47.15774918 27.63500786
v 44.39965439 -46.87363052 26.80322266
v 43.83419037 -46.85632324 26.53541756
v 44.44279861 -46.65654755 26.72586823
v 43.87738419 -46.63885117 26.45770645
v 44.49276352 -46.49948120 26.63028908
v 43.92744827 -46.48158264 26.36172485
v 44.57820511 -46.32563019 26.46083450
v 44.01309204 -46.30769348 26.19161034
v 44.67847061 -46.20461273 26.25669861
v 44.11360550 -46.18691635 25.98678017
v 46.45865250 -46.20530319 26.88446617
v 45.00790024 -46.67457962 26.99389076
v 46.19653702 -46.53013229 27.41625786
v 45.05776596 -46.51770782 26.89871597
v 45.14300156 -46.34389877 26.72991753
v 46.31682968 -46.31612778 27.17657089
v 45.24301910 -46.22264099 26.52647972
v 47.71713257 -47.19504547 28.32436943
v 49.41698837 -47.20794678 28.86312675
v 48.57307816 -46.96505737 28.57649994
v 49.43501663 -46.87464905 28.79585648
v 48.60324097 -46.74146271 28.48698235
v 49.48093796 -46.58404160 28.62446976
v 48.63901901 -46.58056259 28.37818146
v 48.69488525 -46.41933823 28.20599365
v 48.22245789 -46.57622147 28.24077797
v 48.28283691 -46.41499710 28.06991005
v 47.81144714 -46.57024002 28.09481621
v 47.87628937 -46.40901184 27.92530251
v 47.40035248 -46.56256104 27.93825722
v 47.46968460 -46.40133286 27.77015114
v 47.19731140 -46.55813599 27.85694885
v 47.26887131 -46.39690781 27.68955803
v 46.99520111 -46.55331802 27.77334976
v 47.06898117 -46.39208984 27.60668373
v 47.15477753 -46.27896500 27.40861702
v 48.01863861 -46.24356461 27.54496765
v 47.35216522 -46.28370285 27.49067879
v 47.55047607 -46.28805161 27.57047081
v 49.54943466 -46.36981201 28.36883545
v 48.76053619 -46.30575180 28.00174332
v 48.35354996 -46.30148315 27.86713791
v 47.95203018 -46.29560089 27.72404671
v 49.63256454 -46.25679779 28.05858994
v 46.94729996 -46.71454239 27.87832642
v 46.90592194 -46.93882370 27.96413422
v 47.11091232 -46.94346237 28.04873276
v 47.31684113 -46.94771957 28.13102341
v 47.73377609 -46.95511246 28.28950882
v 47.76958466 -46.73125839 28.20177078
v 48.18362427 -46.73717117 28.34866905
v 48.15061951 -46.96087265 28.43731308
v 47.35545349 -46.72367096 28.04423523
v 47.15090942 -46.71930313 27.96243095
v 40.63253021 -48.20476151 16.35193253
v 40.90778351 -48.20476151 15.62328625
v 41.32150650 -48.20476151 14.96334267
v 41.85739899 -48.20476151 14.39809227
v 42.49435806 -48.20476151 13.94979477
v 43.20730209 -48.20476151 13.63610744
v 43.96815491 -48.20476151 13.46938324
v 44.74694443 -48.20476151 13.45618725
v 39.39843750 -48.20476151 20.95763779
v 41.51375198 -48.20476151 25.52263069
v 40.84589767 -48.20476151 25.12180710
v 40.27034378 -48.20476151 24.59699631
v 39.80976105 -48.20476151 23.96886253
v 39.48228455 -48.20476151 23.26214600
v 39.30081177 -48.20476151 22.50467873
v 39.27249146 -48.20476151 21.72628975
v 46.05735779 -48.20476151 27.66806984
v 49.40798187 -48.20476151 28.89674950
v 48.26727295 -48.20476151 28.55424500
v 47.14906693 -48.20476151 28.14419746
v 53.89591980 -50.35475922 30.17701721
v 52.50053787 -48.20476151 29.72539711
v 52.48110580 -50.35475922 29.79791832
v 57.75962448 -50.35475922 29.14174080
v 57.22550201 -50.35475922 29.58992195
v 56.62166977 -50.35475922 29.93854523
v 55.96647263 -50.35475922 30.17701721
v 55.27981949 -50.35475922 30.29809189
v 54.58257294 -50.35475922 30.29809189
v 51.46472549 -45.90664673 25.86370277
v 42.77139282 -45.90664673 23.53433228
v 42.42097473 -45.89897537 23.36139488
v 42.16383743 -45.87799454 23.06780434
v 52.22744370 -45.89895630 25.98962021
v 53.02261734 -45.87693787 25.96571159
v 53.79657745 -45.84351349 25.78289413
v 54.50000763 -45.80539703 25.46409798
v 55.12781143 -45.76734161 25.01430321
v 55.67311478 -45.73407745 24.43543625
v 56.09140396 -45.71226120 23.75874329
v 56.36371231 -45.70476151 23.03524399
v 56.48962402 -45.71258926 22.27252197
v 56.46570969 -45.73472977 21.47735214
v 56.28288651 -45.76829147 20.70339966
v 55.96408844 -45.80659866 19.99997902
v 55.51430130 -45.84492493 19.37218857
v 54.93544388 -45.87850952 18.82689285
v 54.25876236 -45.90062714 18.40860367
v 53.53526688 -45.90834808 18.13629341
v 44.84194565 -45.90834808 15.80692482
v 44.45202255 -45.90065002 15.78148270
v 44.08251953 -45.87957382 15.90717506
v 43.78950882 -45.85032654 16.16443062
v 43.61719894 -45.81930923 16.51403236
v 43.09978867 -45.71763611 18.44503784
v 42.58170700 -45.71720886 20.37854004
v 42.06428528 -45.81803513 22.30958748
v 42.03870773 -45.84888840 22.69848633
v 49.38854980 -50.35475922 28.96927071
v 58.22747421 -50.35475922 28.67388916
v 56.44461823 -50.35475922 22.66332054
v 57.77918625 -50.35475922 27.00085640
v 58.09394455 -50.35475922 27.14763069
v 59.57233810 -50.35475922 20.30872536
v 59.91831207 -50.35475922 20.33899498
v 60.25377655 -50.35475922 20.24910736
v 60.53826523 -50.35475922 20.04990578
v 60.73746490 -50.35475922 19.76541710
v 60.82735443 -50.35475922 19.42995644
v 55.32842636 -50.35475922 19.17157364
v 55.81259537 -50.35475922 19.75796890
v 56.17704010 -50.35475922 20.42539978
v 56.40858841 -50.35475922 21.14973831
v 56.49886703 -50.35475922 21.90480995
v 56.24779892 -50.35475922 23.39785767
v 55.91552353 -50.35475922 24.08187103
v 55.45980453 -50.35475922 24.69064140
v 54.89710999 -50.35475922 25.20216560
v 54.24777985 -50.35475922 25.59795380
v 53.53527451 -50.35475922 25.86370277
v 58.33951950 -50.35475922 27.39320564
v 58.48629379 -50.35475922 27.70796204
v 58.51656342 -50.35475922 28.05393791
v 58.42667770 -50.35475922 28.38940048
v 60.59456635 -48.20476151 26.20062065
v 58.17438507 -48.20476151 28.62080002
v 61.61040878 -48.20476151 22.40943909
v 61.72921371 -48.20476151 23.08320427
v 61.72921371 -48.20476151 23.76736259
v 61.61040878 -48.20476151 24.44112587
v 61.37641144 -48.20476151 25.08402634
v 61.03433228 -48.20476151 25.67652512
v 60.72456360 -48.20476151 19.10341263
v 35.38770676 -53.20024109 18.16066360
v 36.04962921 -52.95007706 18.34706879
v 36.74845886 -52.84778214 18.53801918
v 34.66825867 -53.46460342 17.95833015
v 35.03620529 -53.35334015 18.06094360
v 34.29014969 -53.53212738 17.85457611
v 36.42274094 -52.95098495 16.93720818
v 37.11348724 -52.84789276 17.11856651
v 37.11821747 -52.84782410 17.11983109
v 37.11851120 -52.84781647 17.11990929
v 37.11880112 -52.84780884 17.11998749
v 35.76074982 -53.20008087 16.76883316
v 35.40641022 -53.35324860 16.67942429
v 35.03637314 -53.46456146 16.58429909
v 34.65696335 -53.53211594 16.48507690
v 22.74419975 -50.35475922 19.28560829
v 17.29792786 -50.35475922 18.83555984
v 34.57626343 -53.53123093 16.82045746
v 34.96059799 -53.46144867 16.92339897
v 35.32129288 -53.35158157 17.02000999
v 35.57352448 -53.20131683 17.46450996
v 35.13660431 -53.35164261 17.70920944
v 35.18375397 -53.35175323 17.53306007
v 35.23077011 -53.35177994 17.35755920
v 34.82316208 -53.46152878 17.43662834
v 34.87022781 -53.46154022 17.26100540
v 34.43894577 -53.53125000 17.33388138
v 34.48607254 -53.53125381 17.15812492
v 35.08912659 -53.35144424 17.88669777
v 34.72843552 -53.46138382 17.78962898
v 34.34410477 -53.53121567 17.68619728
v 34.39164352 -53.53123856 17.50982666
v 34.77593994 -53.46147537 17.61268044
v 36.07940674 -52.96450424 18.03064919
v 36.14890671 -52.96960068 17.69977760
v 36.26856613 -52.96620560 17.29949379
v 36.83630753 -52.85364914 17.80296326
v 36.96005249 -52.85208130 17.44495201
v 37.12778091 -52.84754181 17.12238121
v 36.76450348 -52.85218048 18.17487526
v 46.90880203 -53.51451492 14.91176224
v 46.88576889 -53.51813507 15.02194023
v 47.42204285 -53.39605713 14.90675354
v 47.41434860 -53.39884186 15.03441525
v 47.88416672 -53.21614075 14.90224266
v 47.87299728 -53.22198868 15.03066826
v 48.30399323 -52.98152924 15.01172638
v 48.28842926 -52.99237442 15.15627003
v 46.91247177 -53.51368713 14.77048969
v 47.43052673 -53.39287567 14.76452255
v 47.89655685 -53.20946121 14.75915527
v 48.31951523 -52.97040176 14.86719990
v 47.84766388 -53.23403168 15.11138058
v 47.37684250 -53.41024399 15.06630039
v 48.74127579 -52.72565842 14.80441952
v 49.17721176 -52.55281067 14.92752266
v 49.66196442 -52.43812561 15.05224228
v 49.70068359 -52.40514755 14.83485413
v 49.64155960 -52.46847534 15.28644276
v 49.62160492 -52.47129440 15.27947521
v 49.14402390 -52.58238220 15.15832901
v 49.16812515 -52.58122253 15.24337006
v 48.71424484 -52.75679398 15.19971180
v 48.69996262 -52.76171112 15.15650749
v 48.71378708 -52.74990845 15.03901768
v 37.32426453 -52.82505798 17.05820084
v 37.54632187 -52.81752014 16.81604767
v 37.63391876 -52.76062012 16.91263962
v 37.87434387 -52.75245667 16.72115517
v 37.92204285 -52.68438339 16.79533386
v 38.17686462 -52.67595291 16.65092087
v 38.21119308 -52.56217194 16.73164558
v 38.47225189 -52.55383682 16.63296509
v 38.48375320 -52.41917038 16.68454552
v 38.74909592 -52.41147614 16.62835884
v 38.74850845 -52.29895782 16.64134216
v 39.01972198 -52.40586472 16.61378098
v 39.26203156 -52.29011917 16.65003586
v 39.28901291 -52.40306091 16.64163399
v 39.55089569 -52.40308762 16.71039772
v 39.29916000 -52.53884506 16.58888054
v 39.56789398 -52.53887177 16.65941620
v 39.31563568 -52.65347672 16.50033569
v 39.59681702 -52.65349960 16.57412720
v 39.33208084 -52.72127151 16.41059875
v 39.62627792 -52.72129440 16.48781204
v 39.35626221 -52.77564621 16.27737236
v 39.67017365 -52.77567291 16.35978317
v 37.80214691 -52.80884933 16.61132431
v 38.14076614 -52.74395370 16.56956100
v 38.45018768 -52.66791916 16.54718971
v 38.74491119 -52.54667664 16.57526016
v 38.08582306 -52.79980850 16.44898987
v 38.42660141 -52.73584747 16.46053505
v 38.73560333 -52.66101837 16.48645210
v 39.02277756 -52.54145813 16.56031227
v 38.39038086 -52.79117966 16.33200073
v 38.70872116 -52.78376007 16.26309395
v 39.03334045 -52.77835083 16.24453163
v 39.96800613 -52.77823639 16.48900604
v 40.24267578 -52.78314209 16.66228294
v 40.48717880 -52.79018402 16.87674904
v 40.69580841 -52.79875565 17.12756729
v 40.86400604 -52.80791092 17.40815353
v 40.98737335 -52.81670380 17.71182251
v 41.06309509 -52.82435226 18.03134155
v 41.08944702 -52.83017731 18.35910606
v 41.06498337 -52.83354950 18.68748283
v 40.99059296 -52.83423615 19.00869942
v 40.86845779 -52.83222198 19.31490326
v 40.70104218 -52.82757187 19.59841156
v 40.49271011 -52.82078552 19.85272026
v 40.24864578 -52.81257248 20.07182884
v 39.97428894 -52.80366135 20.25011635
v 39.67642593 -52.79487228 20.38394737
v 39.36228180 -52.78706741 20.47033119
v 38.89136124 -52.77899933 20.50679779
v 38.43902588 -52.76013565 20.38442421
v 38.89709854 -52.72445679 20.37183380
v 38.48353577 -52.65394592 20.21830368
v 38.90132523 -52.65664673 20.28103828
v 38.51353073 -52.48834229 20.10636520
v 38.90602875 -52.54212189 20.19165802
v 38.52410507 -52.29039001 20.06690407
v 38.90969086 -52.40653992 20.13830185
v 39.03441238 -52.29590988 20.12532616
v 39.30229568 -52.41490555 20.10923004
v 39.53961945 -52.31037140 20.03335762
v 39.56413651 -52.42299271 20.03855705
v 39.81236649 -52.43209839 19.92861557
v 39.83372498 -52.56591797 19.97611046
v 40.06911850 -52.57453156 19.82495880
v 40.11894989 -52.68788528 19.89551926
v 40.33845139 -52.69554901 19.69995117
v 40.40003204 -52.76371002 19.76152039
v 40.59593964 -52.77010345 19.52327728
v 39.99649811 -52.32898712 19.79895020
v 40.04095459 -52.44132996 19.78182030
v 40.27866364 -52.58246613 19.63872337
v 40.52590561 -52.70188522 19.47258186
v 40.75336838 -52.77448654 19.25746155
v 40.24423981 -52.44982910 19.60113907
v 40.36529160 -52.34540939 19.44169044
v 40.41766739 -52.45684814 19.39120483
v 40.55688095 -52.46166611 19.15697289
v 40.60126114 -52.59353256 19.18042946
v 40.70589066 -52.59547806 18.91905403
v 40.78625870 -52.70810699 18.94440651
v 40.85286331 -52.70746231 18.65644836
v 40.93788910 -52.77573013 18.66875648
v 40.96057510 -52.77254868 18.36060524
v 40.61482239 -52.35411072 18.99268913
v 40.65821838 -52.46374512 18.90382004
v 40.76931381 -52.59481049 18.64471245
v 40.87435150 -52.70430756 18.36206627
v 40.93536377 -52.76705933 18.05310822
v 40.71964264 -52.46303558 18.63812828
v 40.72351837 -52.35216141 18.49055481
v 40.73933792 -52.45954895 18.36642075
v 40.68120193 -52.34009933 17.97899246
v 40.71659088 -52.45352173 18.09515572
v 40.65264130 -52.44560623 17.83066940
v 40.70019531 -52.57850647 17.81156349
v 40.59336090 -52.57000351 17.55256081
v 40.66941452 -52.68350983 17.51045799
v 40.51763153 -52.67497635 17.25967598
v 40.58891678 -52.74296570 17.20616913
v 40.39274216 -52.73491669 16.97144318
v 40.49258423 -52.32194138 17.50127411
v 40.54896545 -52.43650055 17.57928276
v 40.44819260 -52.56115723 17.31346130
v 40.32978821 -52.66699600 17.03568077
v 40.16314316 -52.72830582 16.77081108
v 40.40795517 -52.42701721 17.34697533
v 40.17363739 -52.30372620 17.09866333
v 40.23331833 -52.41813660 17.13925362
v 40.02890396 -52.41083527 16.96153069
v 40.05855179 -52.54608154 16.91723442
v 39.82301712 -52.54134369 16.76963043
v 39.86371994 -52.65587997 16.68955612
v 39.75094986 -52.29212952 16.80764198
v 39.79948807 -52.40574646 16.81778908
v 38.25474167 -52.31578827 16.78296280
v 38.22993088 -52.42810822 16.78051376
v 37.96785355 -52.57091141 16.86910439
v 37.69202805 -52.69247437 16.97791100
v 37.42512512 -52.76772308 17.13940430
v 37.14131165 -52.83072662 17.33173561
v 37.00250244 -52.83385849 17.63043594
v 36.91073227 -52.83426285 17.94700813
v 36.86799240 -52.83196640 18.27369690
v 36.87584686 -52.82707596 18.60273743
v 36.93357468 -52.82013321 18.92630577
v 37.03971100 -52.81182861 19.23655891
v 37.27580261 -52.79883194 19.64879608
v 37.59650421 -52.78708267 19.99726105
v 37.98610306 -52.77900314 20.26424789
v 38.04861832 -52.72445679 20.14449692
v 38.09035492 -52.65665054 20.06375122
v 37.74071884 -52.66415405 19.82547951
v 37.79674149 -52.54991531 19.75660896
v 37.52087021 -52.56125641 19.45982552
v 37.56069183 -52.42709732 19.42582512
v 37.36273193 -52.44055939 19.08447266
v 37.46147156 -52.32276917 19.25147247
v 37.31989670 -52.33505249 18.93916702
v 37.27341461 -52.44915390 18.82761955
v 37.24217987 -52.34545517 18.60504913
v 37.22446823 -52.45633698 18.55978203
v 37.23083496 -52.35242844 18.26220131
v 37.21716309 -52.46139526 18.28747368
v 37.25213623 -52.46377182 18.01718521
v 37.16695786 -52.59328079 18.28639603
v 37.20307159 -52.59550095 18.00732994
v 37.08251572 -52.70598602 18.28327370
v 37.12052155 -52.70812988 17.99037933
v 36.99653244 -52.77424240 18.27962303
v 37.03644943 -52.77640533 17.97303772
v 37.99355698 -52.43747330 16.91405106
v 37.82320404 -52.33453751 17.06081963
v 37.78045654 -52.44644928 17.08276176
v 37.59557343 -52.45425415 17.28256989
v 37.55758667 -52.58658981 17.24898911
v 37.40052414 -52.59207535 17.48210144
v 37.32762909 -52.70482254 17.43902779
v 37.20283508 -52.70774841 17.70660400
v 37.12259674 -52.77602005 17.67597008
v 37.49083328 -52.34927750 17.45244217
v 37.44338608 -52.46011734 17.50848389
v 37.28150558 -52.59510803 17.73698425
v 37.32809830 -52.46335602 17.75537491
v 37.28681183 -52.35478592 17.92372131
v 37.66139984 -52.31040192 19.53020096
v 37.82900620 -52.41492081 19.71451378
v 38.13097382 -52.54212570 19.98399162
v 37.91169739 -52.29991531 19.76470566
v 38.15447617 -52.40654373 19.93595314
v 38.20307922 -52.29291916 19.94581795
v 37.49224472 -52.69952011 17.19427681
v 37.25307465 -52.77306747 17.39579010
v 37.74826431 -52.57929230 17.04294205
v 38.72517014 -52.72888184 16.39654922
v 39.02641678 -52.65599060 16.47057152
v 39.02945328 -52.72380829 16.37961006
v 39.90548706 -52.72369766 16.60872650
v 40.11010742 -52.66044617 16.84423447
v 40.26858139 -52.55287933 17.09985542
v 40.74731064 -52.75157547 17.46890831
v 40.78107452 -52.69171524 17.78216553
v 40.76615906 -52.58590698 18.08430481
v 40.86370850 -52.75985336 17.75347900
v 40.84994888 -52.69886017 18.06833267
v 40.78964996 -52.59154510 18.36421776
v 40.86813354 -52.77637863 18.97019196
v 40.67652130 -52.70623016 19.21878242
v 40.45756912 -52.58903122 19.42217636
v 40.17061615 -52.75598145 19.96656418
v 39.87242889 -52.67958069 20.05427742
v 39.57834244 -52.55743408 20.08919525
v 39.91289520 -52.74760437 20.13315582
v 39.60503006 -52.67139816 20.17309761
v 39.30918884 -52.54990387 20.16181755
v 39.63327408 -52.73934937 20.25797272
v 39.32327652 -52.66414261 20.24946785
v 39.33856583 -52.73202133 20.33832932
v 37.17450714 -52.58855057 18.56744003
v 37.22500992 -52.58183670 18.84370422
v 37.31707001 -52.57381058 19.10843468
v 37.09022522 -52.70141983 18.57820129
v 37.14289856 -52.69493866 18.86807060
v 37.23908997 -52.68719101 19.14578819
v 37.45217896 -52.67508316 19.51432610
v 37.00431442 -52.76963425 18.58835602
v 37.05904770 -52.76309586 18.89183617
v 37.15926743 -52.75528336 19.18266106
v 37.38162231 -52.74306488 19.56873512
v 37.68304443 -52.73203278 19.89479446
v 37.28666687 -50.35475922 17.92359924
v 37.49526978 -50.35475922 17.44547653
v 37.83553314 -50.35475922 17.05008316
v 38.27722549 -50.35475922 16.77254868
v 38.78110123 -50.35475922 16.63753700
v 39.30238342 -50.35475922 16.65704155
v 39.79475784 -50.35475922 16.82933044
v 40.21447372 -50.35475922 17.13909531
v 40.52423859 -50.35475922 17.55881310
v 40.69652939 -50.35475922 18.05118752
v 40.71603394 -50.35475922 18.57247162
v 40.58102036 -50.35475922 19.07634354
v 40.30348969 -50.35475922 19.51803589
v 39.90809250 -50.35475922 19.85830116
v 39.42996979 -50.35475922 20.06690407
v 38.91160202 -50.35475922 20.12530899
v 38.39904785 -50.35475922 20.02832985
v 37.93785095 -50.35475922 19.78457832
v 37.56899261 -50.35475922 19.41571808
v 37.32524109 -50.35475922 18.95452118
v 37.22826004 -50.35475922 18.44196701
v 43.86870193 -50.83110428 21.37096786
v 43.77410126 -50.35475922 21.72402573
v 43.70061874 -50.75355911 21.73943710
v 43.68793869 -50.35475922 21.91450310
v 43.54257965 -50.35475922 22.06293678
v 43.48621368 -50.86471939 21.83250427
v 43.35200119 -50.35475922 22.14378166
v 43.23095703 -50.90540314 21.81920242
v 43.14591980 -50.35475922 22.13657951
v 43.59869003 -51.31513214 21.41273689
v 43.34619141 -51.36685562 21.38914490
v 43.73473740 -51.65486526 20.90499687
v 43.48557663 -51.71492004 20.86896133
v 43.88722229 -51.86610794 20.33591270
v 43.64179993 -51.93133926 20.28592873
v 44.04814911 -51.93777466 19.73533249
v 43.80666733 -52.00476074 19.67062950
v 44.20907211 -51.86610794 19.13475418
v 43.97153854 -51.93133926 19.05532837
v 44.36156082 -51.65486526 18.56567001
v 44.12775803 -51.71492004 18.47229767
v 44.49760818 -51.31513214 18.05792999
v 44.26714325 -51.36685562 17.95211220
v 44.61008453 -50.86471939 17.63816261
v 44.38237762 -50.90540314 17.52205467
v 44.64949417 -50.35475922 17.30148315
v 44.46741867 -50.35475922 17.20467758
v 44.77411652 -50.35475922 17.46678543
v 44.74923325 -50.75355911 17.82596397
v 44.64428711 -51.17381287 18.21762276
v 44.51734924 -51.49079895 18.69136238
v 44.37507629 -51.68789291 19.22233772
v 44.22492599 -51.75476074 19.78269958
v 44.07477570 -51.68789291 20.34306335
v 43.93250275 -51.49079895 20.87403870
v 43.80556488 -51.17381287 21.34777832
v 44.82578278 -50.35475922 17.66801262
v 44.80516052 -50.35475922 17.87605095
v 44.71055984 -50.83110428 18.22910881
v 44.58727264 -51.19661713 18.68922424
v 44.44370270 -51.42639160 19.22503853
v 44.28963089 -51.50476074 19.80003738
v 44.13555908 -51.42639160 20.37503815
v 43.99198914 -51.19661713 20.91085243
v 43.50149155 -50.35475922 16.94585991
v 43.61719894 -50.35475922 16.51403236
v 43.78977203 -50.35475922 16.16408920
v 44.08312607 -50.35475922 15.90682602
v 44.45259857 -50.35475922 15.78140640
v 44.84194565 -50.35475922 15.80692482
v 53.53527451 -50.35475922 18.13629723
v 54.19047165 -50.35475922 18.37476921
v 54.79430389 -50.35475922 18.72339249
v 19.03898430 -50.35475922 7.78489017
v 19.18631172 -50.35475922 7.46934366
v 19.43291473 -50.35475922 7.22345304
v 19.74888611 -50.35475922 7.07703924
v 20.09590721 -50.35475922 7.04785824
v 17.03577232 -50.35475922 9.99640751
v 16.89019012 -50.35475922 10.14200592
v 16.80404282 -50.35475922 10.33025265
v 17.22553444 -50.35475922 9.91829395
v 15.75152016 -50.35475922 14.25831890
v 15.73200226 -50.35475922 14.46441936
v 17.05751610 -50.35475922 15.17983437
v 15.78528118 -50.35475922 14.66330147
v 16.09158897 -50.35475922 14.92101479
v 15.91056442 -50.35475922 14.82583141
v 16.41435623 -50.35475922 17.58013916
v 16.38417053 -50.35475922 17.92707253
v 16.47479057 -50.35475922 18.26332283
v 16.67522240 -50.35475922 18.54810524
v 16.96116066 -50.35475922 18.74688721
v 24.88997078 -50.35475922 19.52768135
v 27.01744461 -50.35475922 19.89752769
v 29.11902046 -50.35475922 20.39382744
v 31.18718719 -50.35475922 21.01480675
v 33.21455765 -50.35475922 21.75824738
v 35.19388580 -50.35475922 22.62149239
v 42.03876495 -50.35475922 22.69893265
v 42.16418457 -50.35475922 23.06840515
v 42.42144775 -50.35475922 23.36175919
v 42.77139282 -50.35475922 23.53433228
v 46.02530289 -50.35475922 27.73596191
v 51.46472549 -50.35475922 25.86370277
v 47.12112427 -50.35475922 28.21388245
v 48.24354172 -50.35475922 28.62547684
v 52.15137863 -50.35475922 25.98477936
v 52.84862137 -50.35475922 25.98477936
v 42.06428528 -50.35475922 22.30958748
v 42.17999268 -50.35475922 21.87775993
v 44.74534607 -47.72498322 18.09927940
v 44.82570648 -48.20476151 17.79938126
v 44.76726913 -47.75164032 17.75864410
v 44.84422684 -48.20476151 17.59501266
v 44.78950882 -48.20476151 17.39823723
v 44.62941742 -47.64735031 17.56601143
v 44.66365814 -48.20476151 17.23816681
v 44.40218353 -47.60917664 17.44813538
v 44.48356628 -48.20476151 17.14440536
v 44.51634979 -47.15612030 17.98798561
v 44.28634262 -47.10590744 17.88045311
v 44.37619400 -46.78342056 18.51105690
v 44.14275360 -46.72407150 18.41634369
v 44.21705627 -46.55080795 19.10495949
v 43.97971725 -46.48575974 19.02480316
v 44.04814911 -46.47174835 19.73533249
v 43.80666733 -46.40475845 19.67062950
v 43.87924194 -46.55080795 20.36570740
v 43.63361740 -46.48575974 20.31645393
v 43.72010422 -46.78342056 20.95960999
v 43.47058487 -46.72407150 20.92491341
v 43.57994843 -47.15612030 21.48268127
v 43.32699203 -47.10590744 21.46080399
v 43.46688080 -47.64735031 21.90465546
v 43.21115112 -47.60917664 21.89312172
v 43.33261108 -48.20476151 22.20569801
v 43.12976837 -48.20476151 22.19685173
v 43.52163696 -48.20476151 22.12999725
v 43.68258286 -47.75164032 21.80675697
v 43.78807831 -47.29330444 21.41303825
v 43.91884995 -46.94556046 20.92499542
v 44.06732941 -46.72852707 20.37086296
v 44.22492599 -46.65475845 19.78269958
v 44.38252258 -46.72852707 19.19453812
v 44.53100204 -46.94556046 18.64040565
v 44.66177368 -47.29330444 18.15236282
v 43.66741562 -48.20476151 21.98694611
v 43.75355530 -48.20476151 21.80069351
v 43.83391190 -47.72498322 21.50079536
v 43.94240570 -47.33655930 21.09589958
v 44.07233429 -47.06347275 20.61100197
v 44.21567535 -46.92257690 20.07604027
v 44.36358643 -46.92257690 19.52403641
v 44.50692749 -47.06347275 18.98907280
v 44.63685608 -47.33655930 18.50417709
v 15.69319916 -50.99561310 14.47597790
v 15.70536518 -50.76433182 14.68939209
v 15.71620274 -50.66682053 14.39012814
v 15.83641624 -50.71657562 14.90741062
v 16.06359482 -50.66514206 15.02549171
v 16.04520798 -50.98606110 15.09411430
v 16.86236382 -50.99561310 10.11259365
v 16.83936119 -50.66682053 10.19844341
v 17.20211029 -50.71657562 9.81057072
v 16.97960663 -50.76433182 9.93385506
v 49.75454330 -48.20476151 13.86998653
v 60.74468994 -48.20476151 19.48748970
v 60.60686111 -48.20476151 19.84654808
v 60.33490753 -48.20476151 20.11850357
v 59.97584915 -48.20476151 20.25633240
v 59.59177017 -48.20476151 20.23620415
v 58.38385773 -48.20476151 28.29824448
v 58.44402313 -48.20476151 27.91837502
v 58.34447861 -48.20476151 27.54687691
v 58.10243988 -48.20476151 27.24798393
v 57.75975418 -48.20476151 27.07337761
v 43.61719894 -48.20476151 16.51403236
v 43.78977203 -48.20476151 16.16408920
v 44.08312607 -48.20476151 15.90682602
v 44.45259857 -48.20476151 15.78140640
v 44.84194565 -48.20476151 15.80692482
v 43.51764297 -48.20476151 16.88558578
v 43.43625641 -47.60917664 17.18931770
v 43.32041931 -47.10590744 17.62163353
v 43.17682648 -46.72407150 18.15752411
v 43.01379013 -46.48575974 18.76598549
v 42.84074020 -46.40475845 19.41180992
v 42.66769409 -46.48575974 20.05763435
v 42.50465775 -46.72407150 20.66609383
v 42.36106491 -47.10590744 21.20198441
v 42.24522781 -47.60917664 21.63430214
v 42.06428528 -48.20476151 22.30958748
v 42.16384125 -48.20476151 21.93803406
v 42.77139282 -48.20476151 23.53433228
v 42.42144775 -48.20476151 23.36175919
v 42.16418457 -48.20476151 23.06840515
v 42.03876495 -48.20476151 22.69893265
v 51.46472549 -48.20476151 25.86370277
v 43.39787674 -50.90540314 17.25825882
v 43.26707840 -51.36685562 17.68414497
v 43.11595535 -51.71492004 18.20118523
v 42.95243073 -51.93133926 18.78225899
v 42.78508759 -52.00476074 19.39689636
v 42.62269211 -51.93133926 20.01286125
v 42.47377014 -51.71492004 20.59784889
v 42.34612656 -51.36685562 21.12117958
v 42.24645996 -50.90540314 21.55540657
v 17.04523277 -50.66514206 15.28852081
v 17.04309082 -50.98606110 15.36149693
v 50.93805313 -48.20476151 14.00350285
v 52.11147308 -48.20476151 14.20749378
v 53.27060699 -48.20476151 14.48122978
v 56.36316681 -48.20476151 15.30987835
v 55.34785843 -48.20476151 19.09905243
v 54.93503952 -48.20476151 18.82658195
v 54.26914597 -48.20476151 18.41250420
v 53.53526688 -48.20476151 18.13629341
v 55.50735474 -48.20476151 19.36261177
v 55.96409988 -48.20476151 19.99999428
v 56.28771973 -48.20476151 20.71423531
v 56.46577835 -48.20476151 21.47789001
v 56.49143600 -48.20476151 22.26160812
v 56.36370468 -48.20476151 23.03527069
v 56.08749390 -48.20476151 23.76915169
v 55.67341614 -48.20476151 24.43504333
v 55.13738632 -48.20476151 25.00735664
v 54.50000381 -48.20476151 25.46409988
v 53.78575897 -48.20476151 25.78771973
v 53.51584244 -48.20476151 25.93622398
v 53.02210617 -48.20476151 25.96577835
v 52.23838806 -48.20476151 25.99143600
f 1 2 3
f 3 2 4
f 4 2 5
f 4 5 6
f 6 5 7
f 6 7 8
f 8 7 9
f 8 9 10
f 10 9 11
f 10 11 12
f 12 11 13
f 12 13 14
f 12 14 15
f 15 14 16
f 15 16 17
f 15 18 12
f 12 18 19
f 12 19 20
f 20 19 21
f 20 21 22
f 22 21 23
f 23 21 24
f 23 24 25
f 25 24 26
f 26 24 27
f 27 24 28
f 27 28 29
f 29 28 30
f 30 28 31
f 31 28 32
f 32 28 33
f 32 33 34
f 34 33 35
f 35 33 36
f 35 36 37
f 37 36 38
f 37 38 39
f 39 40 37
f 37 40 41
f 37 41 42
f 42 43 37
f 37 43 44
f 37 44 45
f 45 44 46
f 45 46 47
f 47 46 48
f 47 48 49
f 49 48 50
f 49 50 51
f 51 50 52
f 51 52 53
f 53 52 54
f 29 55 27
f 27 55 56
f 56 55 57
f 56 57 58
f 58 57 59
f 58 59 60
f 60 59 61
f 60 61 62
f 59 63 61
f 62 64 60
f 65 66 67
f 67 66 68
f 67 68 69
f 69 68 70
f 69 70 71
f 71 70 72
f 71 72 73
f 73 72 74
f 74 75 73
f 73 75 76
f 76 75 77
f 77 75 78
f 77 78 79
f 79 78 80
f 79 80 81
f 81 80 82
f 81 82 83
f 83 82 84
f 84 85 83
f 83 85 86
f 87 88 89
f 89 88 90
f 89 90 91
f 91 90 92
f 91 92 93
f 93 92 94
f 93 94 95
f 95 94 96
f 65 95 66
f 66 95 96
f 86 85 97
f 97 85 98
f 97 98 99
f 99 98 100
f 99 100 101
f 101 100 102
f 101 102 103
f 103 102 104
f 87 103 88
f 88 103 104
f 105 106 107
f 107 106 108
f 108 106 109
f 108 109 110
f 110 109 111
f 110 111 112
f 112 111 113
f 112 113 114
f 113 115 114
f 114 115 116
f 116 115 117
f 116 117 118
f 118 117 119
f 118 119 120
f 120 119 121
f 120 121 122
f 121 123 122
f 122 123 124
f 124 123 125
f 124 125 126
f 126 125 127
f 126 127 128
f 128 127 129
f 128 129 130
f 129 131 130
f 130 131 132
f 132 131 133
f 132 133 134
f 134 133 135
f 134 135 136
f 136 135 137
f 136 137 138
f 137 139 138
f 138 139 140
f 140 139 141
f 140 141 142
f 142 141 143
f 142 143 144
f 144 143 145
f 144 145 146
f 145 147 146
f 146 147 148
f 148 147 149
f 148 149 150
f 150 149 151
f 150 151 152
f 152 151 153
f 152 153 154
f 153 155 154
f 154 155 156
f 156 155 157
f 156 157 158
f 158 157 159
f 158 159 160
f 160 159 161
f 160 161 162
f 161 163 162
f 162 163 164
f 164 163 165
f 164 165 166
f 166 165 167
f 166 167 168
f 168 167 169
f 168 169 170
f 169 171 170
f 170 171 172
f 172 171 173
f 172 173 174
f 174 173 175
f 174 175 176
f 176 175 177
f 176 177 178
f 177 179 178
f 178 179 180
f 179 181 180
f 180 181 182
f 182 181 183
f 182 183 184
f 184 183 185
f 184 185 186
f 186 185 187
f 186 187 188
f 187 189 188
f 188 189 190
f 190 189 191
f 190 191 192
f 192 191 193
f 192 193 194
f 194 193 195
f 194 195 196
f 195 197 196
f 196 197 198
f 198 197 199
f 198 199 200
f 200 199 201
f 200 201 202
f 202 201 203
f 202 203 204
f 203 205 204
f 204 205 206
f 206 205 207
f 206 207 208
f 208 207 209
f 208 209 210
f 210 209 211
f 210 211 212
f 211 213 212
f 212 213 214
f 214 213 215
f 214 215 216
f 216 215 217
f 216 217 218
f 218 217 219
f 218 219 220
f 219 221 220
f 220 221 222
f 222 221 223
f 222 223 224
f 224 223 225
f 224 225 226
f 226 225 227
f 226 227 228
f 227 229 228
f 228 229 230
f 230 229 231
f 230 231 232
f 232 231 233
f 232 233 234
f 234 233 235
f 234 235 236
f 235 237 236
f 236 237 238
f 238 237 239
f 238 239 240
f 240 239 241
f 240 241 242
f 242 241 243
f 242 243 244
f 243 245 244
f 244 245 246
f 246 245 247
f 246 247 248
f 248 247 249
f 248 249 250
f 250 249 251
f 250 251 252
f 251 253 252
f 252 253 254
f 254 253 255
f 254 255 256
f 256 255 257
f 256 257 258
f 258 257 259
f 258 259 260
f 259 261 260
f 260 261 262
f 261 263 262
f 262 263 264
f 264 263 265
f 264 265 266
f 266 265 267
f 266 267 268
f 268 267 105
f 268 105 107
f 267 251 105
f 105 251 249
f 105 249 106
f 106 249 247
f 106 247 109
f 109 247 245
f 109 245 111
f 111 245 243
f 111 243 113
f 113 243 241
f 113 241 115
f 115 241 117
f 117 241 239
f 117 239 119
f 119 239 237
f 119 237 121
f 121 237 235
f 121 235 123
f 123 235 233
f 123 233 125
f 125 233 231
f 125 231 127
f 127 231 229
f 127 229 129
f 129 229 227
f 129 227 131
f 131 227 225
f 131 225 133
f 133 225 223
f 133 223 135
f 135 223 221
f 135 221 137
f 137 221 219
f 137 219 139
f 139 219 217
f 139 217 141
f 141 217 215
f 141 215 143
f 143 215 213
f 143 213 145
f 145 213 211
f 145 211 147
f 147 211 209
f 147 209 149
f 149 209 207
f 149 207 151
f 151 207 205
f 151 205 153
f 153 205 203
f 153 203 201
f 251 267 253
f 253 267 265
f 253 265 255
f 255 265 263
f 255 263 257
f 257 263 261
f 257 261 259
f 199 157 201
f 201 157 155
f 201 155 153
f 199 197 157
f 157 197 159
f 159 197 161
f 161 197 195
f 161 195 163
f 163 195 193
f 163 193 165
f 165 193 191
f 165 191 167
f 167 191 189
f 167 189 169
f 169 189 187
f 169 187 171
f 171 187 185
f 171 185 173
f 173 185 183
f 173 183 175
f 175 183 181
f 175 181 177
f 177 181 179
f 269 270 271
f 271 270 272
f 270 273 272
f 272 273 274
f 274 273 275
f 274 275 276
f 276 275 277
f 276 277 278
f 278 277 279
f 278 279 280
f 279 281 280
f 280 281 282
f 282 281 283
f 282 283 284
f 284 283 285
f 284 285 286
f 286 285 287
f 286 287 288
f 287 289 288
f 288 289 290
f 289 291 290
f 290 291 292
f 292 291 293
f 292 293 294
f 294 293 295
f 294 295 296
f 296 295 297
f 296 297 298
f 297 299 298
f 298 299 300
f 300 299 301
f 300 301 302
f 302 301 303
f 302 303 304
f 304 303 305
f 304 305 306
f 305 307 306
f 306 307 308
f 307 309 308
f 308 309 310
f 309 269 310
f 310 269 271
f 270 269 305
f 305 269 309
f 305 309 307
f 303 277 305
f 305 277 275
f 305 275 273
f 277 303 279
f 279 303 301
f 279 301 299
f 279 299 281
f 281 299 297
f 281 297 283
f 283 297 295
f 283 295 293
f 283 293 285
f 285 293 291
f 285 291 287
f 287 291 289
f 273 270 305
f 75 74 310
f 310 74 72
f 310 72 70
f 70 68 310
f 310 68 66
f 310 66 308
f 308 66 250
f 308 250 252
f 96 246 66
f 66 246 248
f 66 248 250
f 94 236 96
f 96 236 238
f 96 238 240
f 94 92 236
f 236 92 234
f 234 92 90
f 234 90 88
f 104 220 88
f 88 220 222
f 88 222 224
f 102 208 104
f 104 208 210
f 104 210 212
f 208 102 206
f 206 102 100
f 206 100 98
f 206 98 204
f 204 98 85
f 204 85 202
f 202 85 200
f 200 85 198
f 198 85 196
f 196 85 194
f 194 85 84
f 194 84 192
f 192 84 190
f 190 84 272
f 190 272 188
f 188 272 274
f 188 274 186
f 186 274 276
f 186 276 278
f 272 84 271
f 271 84 82
f 271 82 80
f 80 78 271
f 271 78 75
f 271 75 310
f 268 107 120
f 120 107 108
f 120 108 118
f 118 108 116
f 116 108 114
f 114 108 112
f 112 108 110
f 120 122 268
f 268 122 124
f 268 124 126
f 126 128 268
f 268 128 266
f 266 128 264
f 264 128 130
f 264 130 132
f 264 132 262
f 262 132 134
f 262 134 136
f 136 138 262
f 262 138 178
f 262 178 180
f 138 140 178
f 178 140 142
f 178 142 144
f 144 146 178
f 178 146 148
f 178 148 176
f 176 148 150
f 176 150 152
f 176 152 174
f 174 152 154
f 174 154 156
f 156 158 174
f 174 158 160
f 174 160 172
f 172 160 162
f 172 162 164
f 166 168 164
f 164 168 172
f 168 170 172
f 182 288 180
f 180 288 290
f 180 290 262
f 262 290 260
f 260 290 292
f 260 292 308
f 308 292 294
f 308 294 296
f 182 184 288
f 288 184 286
f 286 184 284
f 284 184 282
f 282 184 186
f 282 186 280
f 280 186 278
f 212 214 104
f 104 214 216
f 104 216 218
f 218 220 104
f 224 226 88
f 88 226 228
f 88 228 230
f 230 232 88
f 88 232 234
f 240 242 96
f 96 242 244
f 96 244 246
f 252 254 308
f 308 254 256
f 308 256 258
f 258 260 308
f 296 298 308
f 308 298 300
f 308 300 302
f 302 304 308
f 308 304 306
f 311 312 313
f 313 312 314
f 313 314 315
f 315 314 316
f 315 316 317
f 317 316 318
f 317 318 319
f 319 318 320
f 319 320 321
f 321 320 322
f 321 322 323
f 323 322 324
f 323 324 325
f 325 324 326
f 325 326 327
f 327 326 328
f 327 328 329
f 329 328 330
f 329 330 331
f 331 330 332
f 331 332 333
f 333 332 334
f 333 334 335
f 335 334 336
f 335 336 337
f 337 336 338
f 337 338 339
f 339 338 340
f 339 340 341
f 341 340 342
f 341 342 343
f 343 342 344
f 343 344 345
f 345 344 346
f 345 346 347
f 347 346 348
f 347 348 349
f 349 348 350
f 349 350 311
f 311 350 312
f 351 352 353
f 353 352 354
f 353 354 355
f 355 354 356
f 355 356 357
f 357 356 314
f 357 314 312
f 352 351 358
f 358 351 359
f 358 359 360
f 360 359 361
f 360 361 362
f 362 361 363
f 362 363 324
f 324 363 326
f 359 364 361
f 361 364 365
f 361 365 363
f 363 365 366
f 363 366 326
f 326 366 328
f 364 367 365
f 365 367 368
f 365 368 366
f 366 368 369
f 366 369 328
f 328 369 330
f 368 367 370
f 370 367 371
f 370 371 372
f 372 371 373
f 372 373 374
f 374 373 375
f 374 375 376
f 376 375 377
f 376 377 336
f 336 377 338
f 373 378 375
f 375 378 379
f 375 379 377
f 377 379 380
f 377 380 338
f 338 380 340
f 379 378 381
f 381 378 382
f 381 382 383
f 383 382 384
f 383 384 385
f 385 384 386
f 385 386 387
f 387 386 388
f 387 388 346
f 346 388 348
f 384 389 386
f 386 389 390
f 386 390 388
f 388 390 391
f 388 391 348
f 348 391 350
f 389 392 390
f 390 392 393
f 390 393 391
f 391 393 394
f 391 394 350
f 350 394 312
f 393 392 395
f 395 392 396
f 395 396 355
f 355 396 353
f 314 356 316
f 316 356 397
f 316 397 318
f 318 397 398
f 318 398 320
f 320 398 399
f 320 399 322
f 322 399 362
f 322 362 324
f 356 354 397
f 397 354 352
f 397 352 398
f 398 352 358
f 398 358 399
f 399 358 360
f 399 360 362
f 395 355 357
f 395 357 394
f 394 357 312
f 393 395 394
f 387 346 344
f 387 344 400
f 400 344 342
f 400 342 401
f 401 342 340
f 401 340 380
f 383 385 400
f 400 385 387
f 383 400 401
f 381 383 401
f 381 401 380
f 379 381 380
f 376 336 334
f 376 334 402
f 402 334 332
f 402 332 403
f 403 332 330
f 403 330 369
f 372 374 402
f 402 374 376
f 372 402 403
f 370 372 403
f 370 403 369
f 368 370 369
f 404 311 405
f 405 311 313
f 405 313 406
f 406 313 315
f 406 315 407
f 407 315 317
f 407 317 408
f 408 317 319
f 408 319 409
f 409 319 321
f 409 321 410
f 410 321 323
f 410 323 411
f 411 323 325
f 411 325 412
f 412 325 327
f 412 327 413
f 413 327 329
f 413 329 414
f 414 329 331
f 414 331 415
f 415 331 333
f 415 333 416
f 416 333 335
f 416 335 417
f 417 335 337
f 417 337 418
f 418 337 339
f 418 339 419
f 419 339 341
f 419 341 420
f 420 341 343
f 420 343 421
f 421 343 345
f 421 345 422
f 422 345 347
f 422 347 423
f 423 347 349
f 423 349 404
f 404 349 311
f 353 396 351
f 351 396 359
f 359 396 392
f 359 392 364
f 364 392 389
f 364 389 367
f 367 389 384
f 367 384 371
f 371 384 382
f 371 382 373
f 373 382 378
f 424 425 426
f 426 425 427
f 426 427 428
f 428 427 429
f 428 429 430
f 430 429 431
f 430 431 432
f 432 431 433
f 432 433 434
f 434 433 435
f 434 435 436
f 436 435 437
f 436 437 438
f 438 437 439
f 438 439 440
f 440 439 441
f 440 441 442
f 442 441 443
f 442 443 444
f 444 443 445
f 444 445 446
f 446 445 447
f 446 447 448
f 448 447 449
f 448 449 450
f 450 449 451
f 450 451 452
f 452 451 453
f 452 453 454
f 454 453 455
f 454 455 456
f 456 455 457
f 456 457 458
f 458 457 459
f 458 459 460
f 460 459 461
f 460 461 462
f 462 461 463
f 463 461 464
f 463 464 465
f 465 464 466
f 465 466 467
f 467 466 468
f 467 468 431
f 431 468 433
f 429 427 467
f 467 427 465
f 450 452 469
f 469 452 470
f 469 470 471
f 469 471 448
f 448 471 446
f 442 444 472
f 472 444 473
f 472 473 474
f 472 474 475
f 475 474 476
f 475 476 477
f 477 476 478
f 477 478 436
f 436 478 434
f 476 479 478
f 478 479 480
f 478 480 434
f 434 480 432
f 479 481 480
f 480 481 482
f 480 482 432
f 432 482 430
f 481 483 482
f 482 483 484
f 482 484 485
f 485 484 424
f 485 424 426
f 464 461 486
f 486 461 459
f 486 459 487
f 487 459 457
f 487 457 488
f 488 457 455
f 488 455 489
f 489 455 453
f 489 453 490
f 490 453 451
f 490 451 449
f 466 464 491
f 491 464 486
f 491 486 492
f 492 486 487
f 492 487 493
f 493 487 488
f 493 488 494
f 494 488 489
f 494 489 495
f 495 489 490
f 495 490 496
f 496 490 449
f 496 449 447
f 431 429 467
f 485 426 428
f 485 428 430
f 466 491 468
f 468 491 497
f 468 497 433
f 433 497 435
f 497 491 492
f 482 485 430
f 497 492 498
f 498 492 493
f 498 493 499
f 499 493 494
f 499 494 500
f 500 494 495
f 500 495 501
f 501 495 496
f 501 496 445
f 445 496 447
f 437 435 498
f 498 435 497
f 437 498 499
f 439 437 499
f 439 499 500
f 477 436 438
f 469 448 450
f 445 443 501
f 501 443 441
f 501 441 500
f 500 441 439
f 442 472 440
f 440 472 475
f 440 475 438
f 438 475 477
f 502 503 504
f 504 503 505
f 504 505 506
f 506 505 507
f 506 507 508
f 508 507 509
f 508 509 510
f 510 509 511
f 510 511 512
f 512 511 513
f 512 513 465
f 465 513 463
f 463 513 514
f 463 514 462
f 462 514 515
f 515 514 516
f 515 516 517
f 517 516 511
f 517 511 509
f 507 518 509
f 509 518 517
f 518 519 517
f 517 519 515
f 512 465 520
f 520 465 427
f 520 427 521
f 521 427 425
f 521 425 502
f 502 504 522
f 522 504 506
f 522 506 523
f 523 506 508
f 523 508 510
f 502 522 521
f 521 522 523
f 521 523 520
f 520 523 510
f 520 510 512
f 513 511 516
f 514 513 516
f 524 525 526
f 526 525 527
f 526 527 528
f 528 527 529
f 528 529 530
f 530 529 531
f 530 531 532
f 532 531 533
f 532 533 534
f 534 533 535
f 534 535 536
f 536 535 537
f 536 537 538
f 538 537 539
f 538 539 540
f 540 539 541
f 540 541 542
f 543 544 525
f 525 544 545
f 525 545 527
f 527 545 529
f 546 547 543
f 543 547 548
f 543 548 544
f 544 548 533
f 544 533 531
f 547 546 549
f 549 546 550
f 549 550 551
f 551 541 549
f 549 541 539
f 549 539 537
f 540 542 552
f 552 542 553
f 552 553 554
f 554 553 555
f 554 555 556
f 556 555 557
f 556 557 558
f 558 557 559
f 558 559 560
f 560 559 518
f 560 518 507
f 557 561 559
f 559 561 519
f 559 519 518
f 505 562 507
f 507 562 563
f 507 563 560
f 560 563 564
f 560 564 558
f 558 564 556
f 503 565 505
f 505 565 566
f 505 566 562
f 562 566 567
f 562 567 568
f 568 567 569
f 568 569 570
f 570 569 571
f 570 571 554
f 554 571 552
f 503 572 565
f 565 572 573
f 565 573 574
f 574 573 575
f 574 575 576
f 576 575 577
f 576 577 578
f 578 577 579
f 578 579 580
f 580 579 536
f 580 536 538
f 573 581 575
f 575 581 582
f 575 582 577
f 577 582 583
f 577 583 579
f 579 583 534
f 579 534 536
f 582 581 584
f 584 581 585
f 584 585 586
f 584 586 530
f 530 586 528
f 549 537 547
f 547 537 535
f 547 535 548
f 548 535 533
f 529 545 531
f 531 545 544
f 538 540 587
f 587 540 552
f 587 552 571
f 584 530 532
f 584 532 583
f 583 532 534
f 538 587 580
f 580 587 588
f 580 588 578
f 578 588 589
f 578 589 576
f 576 589 590
f 576 590 574
f 574 590 565
f 588 587 571
f 582 584 583
f 589 588 569
f 569 588 571
f 556 564 570
f 570 564 568
f 589 569 567
f 562 568 563
f 563 568 564
f 589 567 590
f 590 567 566
f 590 566 565
f 554 556 570
f 591 592 524
f 524 592 525
f 525 592 593
f 525 593 543
f 543 593 594
f 543 594 546
f 546 594 595
f 546 595 550
f 596 597 598
f 598 597 599
f 598 599 600
f 600 599 601
f 600 601 602
f 602 601 603
f 602 603 604
f 604 603 605
f 604 605 606
f 606 605 607
f 606 607 593
f 593 607 594
f 594 607 608
f 594 608 595
f 595 608 609
f 609 608 610
f 609 610 611
f 611 610 605
f 611 605 603
f 601 612 603
f 603 612 611
f 612 613 611
f 611 613 609
f 606 593 614
f 614 593 592
f 614 592 615
f 615 592 591
f 615 591 596
f 600 602 616
f 616 602 604
f 616 604 614
f 614 604 606
f 596 598 617
f 617 598 600
f 617 600 616
f 616 614 615
f 616 615 617
f 617 615 596
f 610 608 607
f 610 607 605
f 618 619 620
f 620 619 621
f 620 621 622
f 622 621 623
f 622 623 624
f 624 623 625
f 624 625 626
f 626 625 627
f 626 627 628
f 628 627 629
f 628 629 630
f 630 629 613
f 630 613 612
f 619 618 631
f 631 618 632
f 631 632 633
f 633 632 634
f 633 634 625
f 625 634 627
f 632 635 634
f 634 635 636
f 634 636 627
f 627 636 629
f 635 637 636
f 636 637 613
f 636 613 629
f 630 612 628
f 628 612 601
f 628 601 626
f 626 601 624
f 601 599 624
f 624 599 622
f 599 597 622
f 622 597 620
f 621 619 631
f 625 623 633
f 633 623 631
f 623 621 631
f 638 637 639
f 639 637 635
f 639 635 640
f 640 635 632
f 640 632 641
f 641 632 642
f 641 642 643
f 643 642 644
f 643 644 645
f 645 644 646
f 645 646 647
f 647 646 648
f 647 648 649
f 649 648 650
f 649 650 651
f 651 650 652
f 651 652 653
f 653 652 654
f 654 652 655
f 654 655 656
f 656 655 657
f 657 655 658
f 657 658 659
f 659 658 650
f 659 650 648
f 632 618 642
f 642 618 660
f 642 660 644
f 644 660 661
f 644 661 646
f 646 661 662
f 646 662 648
f 648 662 659
f 618 620 660
f 660 620 663
f 660 663 664
f 657 662 664
f 664 662 661
f 664 661 660
f 651 653 665
f 665 653 666
f 665 666 667
f 667 666 668
f 667 668 669
f 667 669 670
f 670 669 671
f 670 671 672
f 672 671 673
f 672 673 674
f 674 673 675
f 674 675 643
f 643 675 641
f 673 671 676
f 676 671 638
f 676 638 639
f 662 657 659
f 676 639 640
f 676 640 675
f 675 640 641
f 643 645 674
f 674 645 677
f 674 677 672
f 672 677 670
f 677 645 647
f 676 675 673
f 650 658 652
f 652 658 655
f 651 665 649
f 649 665 678
f 649 678 647
f 647 678 677
f 665 667 678
f 678 667 670
f 678 670 677
f 679 668 680
f 680 668 666
f 680 666 681
f 681 666 653
f 681 653 682
f 682 653 683
f 682 683 684
f 684 683 685
f 684 685 686
f 686 685 687
f 686 687 688
f 688 687 689
f 688 689 690
f 690 689 691
f 690 691 692
f 692 691 693
f 692 693 694
f 694 693 695
f 695 693 696
f 695 696 697
f 697 696 698
f 698 696 699
f 698 699 700
f 700 699 691
f 700 691 689
f 653 654 683
f 683 654 701
f 683 701 685
f 685 701 702
f 685 702 687
f 687 702 703
f 687 703 689
f 689 703 700
f 654 656 701
f 701 656 704
f 701 704 702
f 702 704 705
f 702 705 703
f 703 705 700
f 705 698 700
f 692 694 706
f 706 694 707
f 706 707 708
f 708 707 1
f 708 1 709
f 710 711 709
f 709 711 712
f 709 712 708
f 708 712 713
f 708 713 706
f 706 713 690
f 706 690 692
f 679 714 710
f 710 714 715
f 710 715 711
f 711 715 716
f 711 716 717
f 717 716 686
f 717 686 688
f 714 679 680
f 714 680 681
f 681 682 718
f 718 682 684
f 718 684 716
f 716 684 686
f 715 714 718
f 718 714 681
f 715 718 716
f 691 699 693
f 693 699 696
f 688 690 713
f 711 717 712
f 712 717 713
f 717 688 713
f 697 719 695
f 695 719 720
f 695 720 694
f 694 720 721
f 694 721 707
f 707 721 722
f 707 722 1
f 1 722 2
f 723 724 725
f 725 724 726
f 725 726 727
f 727 726 728
f 727 728 729
f 729 728 730
f 729 730 731
f 731 730 732
f 731 732 733
f 733 732 734
f 733 734 719
f 719 734 720
f 720 734 735
f 720 735 721
f 721 735 736
f 721 736 722
f 722 736 5
f 722 5 2
f 724 737 726
f 726 737 738
f 726 738 728
f 728 738 739
f 728 739 730
f 730 739 740
f 730 740 732
f 732 740 741
f 732 741 734
f 734 741 735
f 737 742 738
f 738 742 743
f 738 743 739
f 739 743 744
f 739 744 740
f 740 744 745
f 740 745 741
f 741 745 746
f 741 746 735
f 735 746 736
f 742 14 743
f 743 14 13
f 743 13 744
f 744 13 11
f 744 11 745
f 745 11 9
f 745 9 746
f 746 9 7
f 746 7 736
f 736 7 5
f 747 748 723
f 723 748 724
f 724 748 749
f 724 749 737
f 737 749 750
f 737 750 742
f 742 750 16
f 742 16 14
f 751 752 753
f 753 752 754
f 753 754 755
f 755 754 756
f 755 756 757
f 757 756 758
f 757 758 759
f 759 758 760
f 759 760 761
f 761 760 762
f 761 762 763
f 763 762 764
f 763 764 765
f 765 764 748
f 765 748 747
f 752 766 754
f 754 766 767
f 754 767 756
f 756 767 768
f 756 768 758
f 758 768 769
f 758 769 760
f 760 769 770
f 760 770 762
f 762 770 771
f 762 771 764
f 764 771 772
f 764 772 748
f 748 772 749
f 749 772 773
f 749 773 750
f 750 773 16
f 16 773 17
f 17 773 774
f 17 774 15
f 15 774 775
f 15 775 18
f 18 775 776
f 18 776 19
f 19 776 777
f 19 777 21
f 21 777 778
f 21 778 24
f 24 778 779
f 779 778 767
f 779 767 766
f 768 767 778
f 769 768 777
f 777 768 778
f 770 769 776
f 776 769 777
f 771 770 775
f 775 770 776
f 772 771 774
f 774 771 775
f 773 772 774
f 751 780 752
f 752 780 781
f 752 781 766
f 766 781 782
f 766 782 779
f 779 782 783
f 779 783 24
f 24 783 28
f 784 785 786
f 786 785 787
f 786 787 788
f 788 787 789
f 788 789 790
f 790 789 791
f 790 791 792
f 792 791 793
f 792 793 794
f 794 793 795
f 794 795 796
f 796 795 797
f 796 797 798
f 798 797 781
f 798 781 780
f 785 799 787
f 787 799 800
f 787 800 789
f 789 800 801
f 789 801 791
f 791 801 802
f 791 802 793
f 793 802 803
f 793 803 795
f 795 803 804
f 795 804 797
f 797 804 805
f 797 805 781
f 781 805 782
f 782 805 806
f 782 806 783
f 783 806 28
f 28 806 33
f 33 806 807
f 33 807 36
f 36 807 808
f 36 808 38
f 38 808 809
f 38 809 39
f 39 809 810
f 39 810 40
f 40 810 811
f 40 811 41
f 41 811 812
f 812 811 800
f 812 800 799
f 801 800 811
f 802 801 810
f 810 801 811
f 803 802 809
f 809 802 810
f 804 803 808
f 808 803 809
f 805 804 807
f 807 804 808
f 806 805 807
f 784 813 785
f 785 813 814
f 785 814 799
f 799 814 815
f 799 815 812
f 812 815 816
f 812 816 41
f 41 816 42
f 817 818 819
f 819 818 820
f 819 820 821
f 821 820 822
f 821 822 823
f 823 822 824
f 823 824 825
f 825 824 826
f 825 826 827
f 827 826 828
f 827 828 813
f 813 828 814
f 814 828 829
f 814 829 815
f 815 829 830
f 815 830 816
f 816 830 43
f 816 43 42
f 818 831 820
f 820 831 832
f 820 832 822
f 822 832 833
f 822 833 824
f 824 833 834
f 824 834 826
f 826 834 835
f 826 835 828
f 828 835 829
f 831 836 832
f 832 836 837
f 832 837 833
f 833 837 838
f 833 838 834
f 834 838 839
f 834 839 835
f 835 839 840
f 835 840 829
f 829 840 830
f 836 52 837
f 837 52 50
f 837 50 838
f 838 50 48
f 838 48 839
f 839 48 46
f 839 46 840
f 840 46 44
f 840 44 830
f 830 44 43
f 817 841 818
f 818 841 842
f 818 842 831
f 831 842 843
f 831 843 836
f 836 843 844
f 836 844 52
f 52 844 54
f 845 54 846
f 846 54 844
f 846 844 847
f 847 844 843
f 847 843 848
f 848 843 849
f 848 849 850
f 850 849 851
f 850 851 852
f 852 851 853
f 852 853 854
f 854 853 855
f 854 855 856
f 856 855 857
f 856 857 858
f 858 857 859
f 858 859 860
f 860 859 861
f 861 859 862
f 861 862 863
f 863 862 864
f 864 862 865
f 864 865 866
f 866 865 857
f 866 857 855
f 843 842 849
f 849 842 867
f 849 867 851
f 851 867 868
f 851 868 853
f 853 868 869
f 853 869 855
f 855 869 866
f 842 841 867
f 867 841 870
f 867 870 868
f 868 870 871
f 868 871 869
f 869 871 866
f 871 864 866
f 858 860 872
f 872 860 873
f 872 873 874
f 874 873 875
f 874 875 876
f 877 878 876
f 876 878 879
f 876 879 874
f 874 879 880
f 874 880 872
f 872 880 856
f 872 856 858
f 845 881 877
f 877 881 882
f 877 882 878
f 878 882 883
f 878 883 884
f 884 883 852
f 884 852 854
f 881 845 846
f 881 846 847
f 847 848 885
f 885 848 850
f 885 850 883
f 883 850 852
f 882 881 885
f 885 881 847
f 882 885 883
f 857 865 859
f 859 865 862
f 854 856 880
f 878 884 879
f 879 884 880
f 884 854 880
f 886 887 888
f 888 887 889
f 888 889 890
f 890 889 891
f 890 891 892
f 892 891 893
f 892 893 894
f 894 893 895
f 894 895 896
f 896 895 897
f 896 897 898
f 898 897 899
f 898 899 900
f 900 899 901
f 900 901 902
f 902 901 903
f 902 903 860
f 860 903 873
f 873 903 904
f 873 904 875
f 875 904 905
f 905 904 906
f 905 906 907
f 907 906 901
f 907 901 899
f 891 908 893
f 893 908 909
f 893 909 895
f 895 909 910
f 895 910 897
f 897 910 911
f 897 911 899
f 899 911 907
f 908 912 909
f 909 912 913
f 909 913 914
f 905 911 914
f 914 911 910
f 914 910 909
f 902 860 915
f 915 860 861
f 915 861 916
f 916 861 863
f 916 863 917
f 918 919 917
f 917 919 920
f 917 920 916
f 916 920 921
f 916 921 915
f 915 921 900
f 915 900 902
f 886 922 918
f 918 922 923
f 918 923 919
f 919 923 924
f 919 924 925
f 925 924 896
f 925 896 898
f 922 886 888
f 911 905 907
f 922 888 890
f 890 892 926
f 926 892 894
f 926 894 924
f 924 894 896
f 924 923 926
f 926 923 922
f 926 922 890
f 901 906 903
f 903 906 904
f 898 900 921
f 919 925 920
f 920 925 921
f 925 898 921
f 908 927 912
f 912 927 928
f 912 928 929
f 929 928 930
f 930 928 931
f 930 931 932
f 932 931 933
f 932 933 934
f 934 933 935
f 934 935 936
f 936 935 889
f 936 889 887
f 927 908 937
f 937 908 891
f 937 891 938
f 938 891 935
f 938 935 933
f 891 889 935
f 936 887 939
f 939 887 940
f 939 940 941
f 939 941 934
f 934 941 932
f 939 934 936
f 928 927 937
f 933 931 938
f 938 931 937
f 931 928 937
f 942 943 944
f 944 943 945
f 944 945 946
f 946 945 947
f 946 947 948
f 948 947 949
f 948 949 950
f 950 949 951
f 950 951 952
f 952 951 953
f 952 953 932
f 932 953 930
f 930 953 954
f 930 954 929
f 929 954 955
f 955 954 956
f 955 956 957
f 957 956 951
f 957 951 949
f 947 958 949
f 949 958 957
f 958 959 957
f 957 959 955
f 952 932 960
f 960 932 941
f 960 941 961
f 961 941 940
f 961 940 942
f 946 948 962
f 962 948 950
f 962 950 960
f 960 950 952
f 942 944 963
f 963 944 946
f 963 946 962
f 962 960 961
f 962 961 963
f 963 961 942
f 956 954 953
f 956 953 951
f 964 965 943
f 943 965 945
f 945 965 966
f 945 966 947
f 947 966 967
f 947 967 958
f 958 967 968
f 958 968 959
f 969 970 971
f 971 970 972
f 971 972 973
f 973 972 974
f 973 974 975
f 975 974 976
f 975 976 977
f 977 976 978
f 977 978 979
f 979 978 980
f 979 980 981
f 981 980 982
f 981 982 983
f 983 982 984
f 983 984 985
f 985 984 986
f 985 986 987
f 987 986 988
f 987 988 965
f 965 988 989
f 965 989 966
f 966 989 990
f 966 990 991
f 991 990 992
f 991 992 993
f 993 992 994
f 993 994 995
f 995 994 996
f 995 996 997
f 997 996 998
f 998 996 999
f 998 999 1000
f 1000 999 1001
f 1000 1001 1002
f 1002 1001 1003
f 1003 1001 1004
f 1003 1004 1005
f 1005 1004 1006
f 1005 1006 1007
f 1007 1006 1008
f 1008 1006 1009
f 1008 1009 1010
f 1010 1009 1011
f 1010 1011 1012
f 1012 1011 1013
f 1012 1013 1014
f 1014 1013 1015
f 1014 1015 978
f 978 1015 980
f 972 1010 974
f 974 1010 1016
f 974 1016 976
f 976 1016 1014
f 976 1014 978
f 995 997 1017
f 1017 997 1018
f 1017 1018 1019
f 1019 1018 968
f 1019 968 967
f 1019 967 1020
f 1020 967 966
f 1020 966 991
f 987 965 1021
f 1021 965 964
f 1021 964 1022
f 1021 1022 1023
f 1023 1022 1024
f 1023 1024 1025
f 1025 1024 1026
f 1025 1026 981
f 981 1026 979
f 1024 1027 1026
f 1026 1027 1028
f 1026 1028 979
f 979 1028 977
f 1027 1029 1028
f 1028 1029 1030
f 1028 1030 977
f 977 1030 975
f 1029 1031 1030
f 1030 1031 1032
f 1030 1032 1033
f 1033 1032 969
f 1033 969 971
f 1009 1006 1034
f 1034 1006 1004
f 1034 1004 1035
f 1035 1004 1001
f 1035 1001 1036
f 1036 1001 999
f 1036 999 1037
f 1037 999 996
f 1037 996 994
f 1016 1010 1012
f 1011 1009 1038
f 1038 1009 1034
f 1038 1034 1039
f 1039 1034 1035
f 1039 1035 1040
f 1040 1035 1036
f 1040 1036 1041
f 1041 1036 1037
f 1041 1037 1042
f 1042 1037 994
f 1042 994 992
f 1014 1016 1012
f 1033 971 973
f 1033 973 975
f 1011 1038 1013
f 1013 1038 1043
f 1013 1043 1015
f 1015 1043 1044
f 1015 1044 980
f 980 1044 982
f 1043 1038 1039
f 1030 1033 975
f 1043 1039 1045
f 1045 1039 1040
f 1045 1040 1046
f 1046 1040 1041
f 1046 1041 1047
f 1047 1041 1042
f 1047 1042 1048
f 1048 1042 992
f 1048 992 990
f 1043 1045 1044
f 1044 1045 1049
f 1044 1049 982
f 982 1049 984
f 1049 1045 1046
f 1049 1046 1050
f 1050 1046 1047
f 1050 1047 1051
f 1051 1047 1048
f 1051 1048 989
f 989 1048 990
f 1025 981 983
f 995 1017 993
f 993 1017 1020
f 993 1020 991
f 1019 1020 1017
f 1051 986 1050
f 1050 986 984
f 1050 984 1049
f 989 988 1051
f 1051 988 986
f 1025 983 1023
f 1023 983 985
f 1023 985 1021
f 1021 985 987
f 1052 1007 1053
f 1053 1007 1008
f 1053 1008 1054
f 1054 1008 1010
f 1054 1010 1055
f 1055 1010 1056
f 1055 1056 1057
f 1057 1056 1058
f 1057 1058 1059
f 1059 1058 1060
f 1059 1060 444
f 444 1060 473
f 473 1060 1061
f 1061 1060 1062
f 1061 1062 1063
f 1063 1062 1058
f 1063 1058 1056
f 1010 972 1056
f 1056 972 1063
f 972 970 1063
f 1063 970 1061
f 444 446 1059
f 1059 446 1064
f 1059 1064 1057
f 1057 1064 1065
f 1057 1065 1055
f 1055 1065 1054
f 1064 446 1066
f 1066 446 471
f 1066 471 1067
f 1067 471 470
f 1067 470 1052
f 1058 1062 1060
f 1052 1053 1068
f 1068 1053 1054
f 1068 1054 1065
f 1066 1067 1068
f 1068 1067 1052
f 1065 1064 1066
f 1065 1066 1068
f 1069 784 1070
f 1070 784 786
f 1070 786 788
f 1070 788 1071
f 1071 788 790
f 1071 790 1072
f 1072 790 792
f 1072 792 1073
f 1073 792 794
f 1073 794 1074
f 1074 794 796
f 1074 796 1075
f 1075 796 798
f 1075 798 1076
f 1076 798 1077
f 1077 798 780
f 784 1069 813
f 813 1069 1078
f 1078 1069 1079
f 1079 1069 1080
f 1081 817 1082
f 1082 817 819
f 1082 819 1083
f 1083 819 821
f 1083 821 1084
f 1084 821 823
f 1084 823 1085
f 1085 823 825
f 1085 825 1086
f 1086 825 827
f 1086 827 1078
f 1078 827 813
f 817 863 841
f 841 863 864
f 841 864 871
f 863 817 917
f 917 817 1081
f 917 1081 918
f 918 1081 886
f 886 1081 1087
f 886 1087 887
f 871 870 841
f 887 1087 940
f 940 1087 1088
f 940 1088 942
f 942 1088 1089
f 942 1089 943
f 943 1089 1090
f 1091 964 1092
f 1092 964 943
f 1092 943 1090
f 970 969 1093
f 1093 969 1094
f 1094 969 1032
f 1094 1032 1095
f 1095 1032 1031
f 1095 1031 1096
f 1096 1031 1029
f 1096 1029 1027
f 1096 1027 1097
f 1097 1027 1024
f 1097 1024 1098
f 1098 1024 1022
f 1098 1022 1091
f 1091 1022 964
f 473 1061 1099
f 1099 1061 1100
f 1100 1061 970
f 1100 970 1093
f 425 424 1101
f 1101 424 1102
f 1102 424 484
f 1102 484 1103
f 1103 484 483
f 1103 483 1104
f 1104 483 481
f 1104 481 479
f 1104 479 1105
f 1105 479 476
f 1105 476 1106
f 1106 476 474
f 1106 474 1099
f 1099 474 473
f 1107 668 1108
f 1108 668 679
f 1108 679 1109
f 1109 679 710
f 1109 710 1110
f 1110 710 709
f 1110 709 1
f 1 3 1110
f 1110 3 1111
f 1110 1111 1112
f 1112 1111 1113
f 1112 1113 1114
f 3 1115 1111
f 1111 1115 1113
f 1112 1114 1116
f 1116 1114 1117
f 1116 1117 1118
f 1118 1107 1116
f 1116 1107 1108
f 1116 1108 1109
f 1116 1109 1112
f 1112 1109 1110
f 613 637 1119
f 1119 637 638
f 1119 638 1120
f 1120 638 1121
f 1120 1121 1122
f 1122 1121 1123
f 1122 1123 1124
f 1124 1123 1125
f 1125 1123 1118
f 1125 1118 1117
f 638 671 1121
f 1121 671 1126
f 1121 1126 1123
f 1123 1126 1118
f 671 669 1126
f 1126 669 668
f 1126 668 1107
f 1107 1118 1126
f 1122 1124 1127
f 1127 1124 1128
f 1127 1128 1120
f 1120 1128 1129
f 1120 1129 613
f 1120 613 1119
f 1127 1120 1122
f 550 595 551
f 551 595 609
f 551 609 541
f 541 609 613
f 541 613 542
f 542 613 553
f 553 613 1129
f 553 1129 555
f 555 1129 557
f 557 1129 561
f 561 1129 519
f 519 1129 1130
f 519 1130 1131
f 1129 1132 1130
f 1130 1132 1133
f 1133 1132 1134
f 1134 1132 1135
f 1135 1132 1136
f 1135 1136 1137
f 1137 1136 1138
f 1137 1138 1139
f 1139 1140 1137
f 1137 1140 1141
f 1137 1141 1142
f 1142 1143 1137
f 1137 1143 1144
f 1137 1144 1145
f 1143 1146 1144
f 1144 1146 1147
f 1147 1146 1148
f 1148 1146 1149
f 1148 1149 1150
f 1150 1149 1151
f 1151 1149 1152
f 1151 1152 1153
f 1153 1154 1151
f 1151 1154 1155
f 1155 1154 1156
f 1155 1156 1157
f 1157 1156 1158
f 1158 1156 1159
f 1158 1159 1160
f 1161 1162 1160
f 1160 1162 1158
f 1145 1163 1137
f 1137 1163 1164
f 1137 1164 1165
f 1137 1165 1166
f 1166 1165 1167
f 1166 1167 1168
f 1168 1169 1166
f 1166 1169 1170
f 1166 1170 1171
f 1171 1172 1166
f 1166 1172 1173
f 1166 1173 1174
f 1174 1173 1175
f 1174 1175 1176
f 1176 1177 1174
f 1174 1177 1178
f 1174 1178 1179
f 1179 1180 1174
f 1174 1180 1181
f 1174 1181 1182
f 1174 1182 1183
f 1183 1182 1184
f 1183 1184 1185
f 1185 1186 1183
f 1183 1186 1187
f 1183 1187 1188
f 1188 1187 1189
f 1189 1187 1190
f 1189 1190 1191
f 1191 1192 1189
f 1189 1192 1193
f 1193 1192 1194
f 1193 1194 1195
f 1195 1194 1196
f 1196 1194 1197
f 1196 1197 1198
f 1198 1197 1199
f 1198 1199 1200
f 1200 1199 1201
f 1200 1201 1202
f 1202 1201 1203
f 1202 1203 1204
f 1204 1203 1205
f 1204 1205 1206
f 1188 1207 1183
f 1183 1207 1208
f 1183 1208 1209
f 1209 1210 1183
f 1183 1210 1211
f 1183 1211 1212
f 1212 1211 1213
f 1212 1213 1214
f 1215 1216 1214
f 1214 1216 1217
f 1214 1217 1218
f 929 1002 1215
f 1215 1002 1003
f 1215 1003 1005
f 955 997 929
f 929 997 998
f 929 998 1000
f 997 955 1018
f 1018 955 959
f 1018 959 968
f 1000 1002 929
f 1005 1007 1215
f 1215 1007 1216
f 1052 1219 1007
f 1007 1219 1220
f 1007 1220 1216
f 470 1221 1052
f 1052 1221 1222
f 1052 1222 1223
f 1221 470 1224
f 1224 470 452
f 1224 452 1225
f 1225 452 454
f 1225 454 1226
f 1226 454 456
f 1226 456 1227
f 1227 456 458
f 1227 458 460
f 1227 460 1228
f 1228 460 462
f 1228 462 1229
f 1229 462 515
f 1229 515 1230
f 1230 515 1231
f 1231 515 1232
f 1232 515 1233
f 1233 515 519
f 1233 519 1131
f 1223 1234 1052
f 1052 1234 1219
f 1218 1212 1214
f 1235 1236 1237
f 1237 1236 1238
f 1238 1236 1239
f 1238 1239 1240
f 1236 1241 1239
f 1239 1241 1242
f 1242 1241 1243
f 1242 1243 1244
f 1241 1245 1243
f 1244 1246 1242
f 1247 1248 1249
f 1249 1248 1250
f 1249 1250 1251
f 1251 1250 1252
f 1251 1252 1253
f 1253 1252 1254
f 1253 1254 1255
f 1255 1254 1256
f 1255 1256 1257
f 1257 1256 1258
f 1257 1258 1259
f 1260 1261 1247
f 1247 1261 1262
f 1247 1262 1248
f 1248 1262 1263
f 1248 1263 1264
f 1264 1263 1265
f 1264 1265 1266
f 1266 1265 1267
f 1266 1267 1268
f 1268 1267 1269
f 1268 1269 1258
f 1270 1271 1260
f 1260 1271 1272
f 1260 1272 1261
f 1261 1272 1273
f 1261 1273 1274
f 1274 1273 1275
f 1274 1275 1276
f 1276 1275 1277
f 1276 1277 1278
f 1278 1277 1279
f 1278 1279 1269
f 1271 1270 1280
f 1280 1270 1245
f 1280 1245 1241
f 1280 1241 1281
f 1281 1241 1236
f 1281 1236 1282
f 1282 1236 1283
f 1282 1283 1284
f 1284 1283 1285
f 1284 1285 1275
f 1275 1285 1277
f 1236 1235 1283
f 1283 1235 1286
f 1283 1286 1285
f 1285 1286 1279
f 1285 1279 1277
f 1257 1259 1255
f 1255 1259 1253
f 1253 1259 1251
f 1269 1267 1278
f 1278 1267 1265
f 1278 1265 1276
f 1276 1265 1263
f 1276 1263 1274
f 1274 1263 1262
f 1274 1262 1261
f 1258 1256 1268
f 1268 1256 1254
f 1268 1254 1266
f 1266 1254 1252
f 1266 1252 1264
f 1264 1252 1250
f 1264 1250 1248
f 1259 1249 1251
f 1273 1272 1287
f 1287 1272 1271
f 1287 1271 1281
f 1281 1271 1280
f 1275 1273 1284
f 1284 1273 1287
f 1284 1287 1282
f 1282 1287 1281
f 1288 1289 1290
f 1290 1289 1291
f 1290 1291 1292
f 1292 1291 1293
f 1291 1289 1294
f 1294 1289 1295
f 1294 1295 1296
f 1296 1295 1297
f 1297 1295 1298
f 1296 1299 1294
f 1300 1301 1302
f 1302 1301 1303
f 1302 1303 1304
f 1304 1303 1305
f 1304 1305 1306
f 1306 1305 1307
f 1306 1307 1308
f 1308 1307 1309
f 1308 1309 1310
f 1310 1309 1311
f 1310 1311 1312
f 1312 1311 1313
f 1312 1313 1314
f 1298 1315 1300
f 1300 1315 1316
f 1300 1316 1301
f 1301 1316 1317
f 1301 1317 1318
f 1318 1317 1319
f 1318 1319 1320
f 1320 1319 1321
f 1320 1321 1322
f 1322 1321 1323
f 1322 1323 1324
f 1324 1323 1325
f 1324 1325 1313
f 1298 1295 1315
f 1315 1295 1326
f 1315 1326 1316
f 1316 1326 1317
f 1326 1295 1327
f 1327 1295 1289
f 1327 1289 1328
f 1328 1289 1329
f 1328 1329 1321
f 1321 1329 1323
f 1289 1288 1329
f 1329 1288 1325
f 1329 1325 1323
f 1312 1314 1330
f 1330 1314 1331
f 1330 1331 1332
f 1332 1331 1333
f 1332 1333 1334
f 1334 1335 1336
f 1336 1335 1337
f 1336 1337 1338
f 1338 1337 1339
f 1338 1339 1304
f 1304 1339 1302
f 1332 1334 1340
f 1340 1334 1341
f 1341 1334 1342
f 1342 1334 1336
f 1313 1311 1324
f 1324 1311 1309
f 1324 1309 1322
f 1322 1309 1307
f 1322 1307 1320
f 1320 1307 1305
f 1320 1305 1318
f 1318 1305 1303
f 1318 1303 1301
f 1310 1312 1343
f 1343 1312 1330
f 1343 1330 1340
f 1340 1330 1332
f 1308 1310 1344
f 1344 1310 1343
f 1344 1343 1341
f 1341 1343 1340
f 1338 1304 1306
f 1306 1308 1345
f 1345 1308 1344
f 1345 1344 1342
f 1342 1344 1341
f 1328 1321 1319
f 1326 1327 1317
f 1317 1327 1319
f 1327 1328 1319
f 1336 1338 1345
f 1345 1338 1306
f 1336 1345 1342
f 1290 1346 1288
f 1288 1346 1347
f 1288 1347 1325
f 1325 1347 1313
f 1313 1347 1348
f 1313 1348 1314
f 1314 1348 1349
f 1314 1349 1331
f 1331 1349 1333
f 1333 1349 1350
f 1333 1350 1334
f 1290 1292 1346
f 1346 1292 1293
f 1334 1259 1335
f 1335 1259 1258
f 1335 1258 1337
f 1337 1258 1339
f 1339 1258 1269
f 1339 1269 1302
f 1302 1269 1279
f 1302 1279 1300
f 1300 1279 1286
f 1300 1286 1298
f 1298 1286 1235
f 1243 1245 1351
f 1351 1245 1270
f 1351 1270 1352
f 1352 1270 1260
f 1352 1260 1353
f 1353 1260 1247
f 1353 1247 1354
f 1354 1247 1249
f 1354 1249 1355
f 1355 1249 1259
f 1246 1244 1351
f 1351 1244 1243
f 1346 1293 1356
f 1356 1293 1357
f 1356 1357 1358
f 1358 1357 1359
f 1358 1359 1360
f 1360 1359 1361
f 1362 1080 1350
f 1350 1080 1077
f 1350 1077 1363
f 1364 1365 1362
f 1362 1365 1366
f 1362 1366 1367
f 1367 1080 1362
f 1069 1070 1080
f 1080 1070 1071
f 1080 1071 1072
f 1072 1073 1080
f 1080 1073 1074
f 1080 1074 1075
f 1075 1076 1080
f 1080 1076 1077
f 1368 1369 1363
f 1363 1369 1355
f 1363 1355 1350
f 1350 1355 1259
f 1350 1259 1334
f 1368 1370 1369
f 1369 1370 1371
f 1369 1371 1372
f 1372 1373 1369
f 1369 1373 1374
f 1369 1374 1375
f 1375 1376 1369
f 1355 1369 1377
f 1377 1369 1378
f 1377 1378 1379
f 1379 1380 1377
f 1377 1380 1381
f 1382 1383 1384
f 1384 1383 1385
f 1384 1385 1386
f 1386 1385 1387
f 1386 1387 1388
f 1388 1387 1389
f 1388 1389 1390
f 1390 1389 1391
f 1390 1391 1392
f 1392 1391 1393
f 1392 1393 1394
f 1394 1393 1395
f 1394 1395 1396
f 1396 1395 1397
f 1396 1397 1398
f 1398 1397 1399
f 1398 1399 1400
f 1400 1399 1401
f 1400 1401 1402
f 1402 1401 1403
f 1402 1403 1404
f 1404 1403 1405
f 1404 1405 1406
f 1406 1405 1407
f 1406 1407 1408
f 1408 1407 1409
f 1408 1409 1410
f 1410 1409 1411
f 1410 1411 1412
f 1412 1411 1413
f 1412 1413 1414
f 1414 1413 1415
f 1414 1415 1416
f 1416 1415 1417
f 1417 1415 1418
f 1417 1418 1419
f 1419 1418 1420
f 1419 1420 1421
f 1421 1420 1422
f 1422 1420 1423
f 1422 1423 1424
f 1424 1423 1425
f 1424 1425 1426
f 1426 1425 1427
f 1426 1427 1389
f 1389 1427 1391
f 1385 1424 1387
f 1387 1424 1426
f 1387 1426 1389
f 1410 1428 1408
f 1408 1428 1429
f 1408 1429 1406
f 1406 1429 1430
f 1406 1430 1404
f 1428 1431 1429
f 1429 1431 1430
f 1400 1402 1432
f 1432 1402 1433
f 1432 1433 1434
f 1432 1434 1435
f 1435 1434 1436
f 1435 1436 1437
f 1437 1436 1438
f 1437 1438 1394
f 1394 1438 1392
f 1436 1439 1438
f 1438 1439 1440
f 1438 1440 1392
f 1392 1440 1390
f 1439 1441 1440
f 1440 1441 1442
f 1440 1442 1390
f 1390 1442 1388
f 1441 1443 1442
f 1442 1443 1444
f 1442 1444 1445
f 1445 1444 1382
f 1445 1382 1384
f 1423 1420 1446
f 1446 1420 1418
f 1446 1418 1447
f 1447 1418 1415
f 1447 1415 1448
f 1448 1415 1413
f 1448 1413 1449
f 1449 1413 1411
f 1449 1411 1450
f 1450 1411 1409
f 1450 1409 1407
f 1425 1423 1451
f 1451 1423 1446
f 1451 1446 1452
f 1452 1446 1447
f 1452 1447 1453
f 1453 1447 1448
f 1453 1448 1454
f 1454 1448 1449
f 1454 1449 1455
f 1455 1449 1450
f 1455 1450 1456
f 1456 1450 1407
f 1456 1407 1405
f 1445 1384 1386
f 1445 1386 1388
f 1425 1451 1427
f 1427 1451 1457
f 1427 1457 1391
f 1391 1457 1393
f 1457 1451 1452
f 1442 1445 1388
f 1457 1452 1458
f 1458 1452 1453
f 1458 1453 1459
f 1459 1453 1454
f 1459 1454 1460
f 1460 1454 1455
f 1460 1455 1461
f 1461 1455 1456
f 1461 1456 1403
f 1403 1456 1405
f 1395 1393 1458
f 1458 1393 1457
f 1395 1458 1459
f 1397 1395 1459
f 1397 1459 1460
f 1437 1394 1396
f 1397 1460 1399
f 1399 1460 1461
f 1399 1461 1401
f 1401 1461 1403
f 1437 1396 1435
f 1435 1396 1398
f 1435 1398 1432
f 1432 1398 1400
f 1462 1463 1464
f 1464 1463 1465
f 1464 1465 1466
f 1466 1465 1467
f 1466 1467 1468
f 1468 1467 1469
f 1468 1469 1470
f 1470 1469 1471
f 1470 1471 1472
f 1472 1471 1473
f 1472 1473 1422
f 1422 1473 1421
f 1421 1473 1474
f 1474 1473 1471
f 1474 1471 1475
f 1475 1471 1469
f 1475 1469 1476
f 1476 1469 1467
f 1476 1477 1475
f 1475 1477 1474
f 1422 1424 1472
f 1472 1424 1478
f 1472 1478 1470
f 1470 1478 1479
f 1470 1479 1468
f 1468 1479 1466
f 1478 1424 1480
f 1480 1424 1385
f 1480 1385 1481
f 1481 1385 1383
f 1481 1383 1462
f 1462 1464 1482
f 1482 1464 1483
f 1482 1483 1481
f 1481 1483 1480
f 1481 1462 1482
f 1483 1464 1466
f 1483 1466 1479
f 1480 1483 1479
f 1480 1479 1478
f 1484 1485 1486
f 1486 1485 1487
f 1486 1487 1488
f 1488 1487 1489
f 1488 1489 1490
f 1490 1489 1491
f 1490 1491 1492
f 1492 1491 1493
f 1492 1493 1494
f 1494 1493 1495
f 1494 1495 1496
f 1496 1495 1497
f 1496 1497 1498
f 1498 1497 1499
f 1498 1499 1500
f 1500 1499 1501
f 1500 1501 1502
f 1502 1501 1503
f 1502 1503 1465
f 1465 1503 1504
f 1465 1504 1467
f 1467 1504 1505
f 1467 1505 1506
f 1506 1505 1507
f 1506 1507 1508
f 1508 1507 1509
f 1508 1509 1510
f 1510 1509 1511
f 1510 1511 1512
f 1512 1511 1513
f 1512 1513 1514
f 1514 1513 1515
f 1514 1515 1516
f 1516 1515 1517
f 1516 1517 1518
f 1518 1517 1519
f 1518 1519 1520
f 1520 1519 1521
f 1521 1519 1522
f 1521 1522 1523
f 1523 1522 1524
f 1523 1524 1525
f 1525 1524 1526
f 1525 1526 1491
f 1491 1526 1493
f 1487 1523 1489
f 1489 1523 1525
f 1489 1525 1491
f 1508 1510 1527
f 1527 1510 1477
f 1527 1477 1476
f 1527 1476 1506
f 1506 1476 1467
f 1502 1465 1528
f 1528 1465 1463
f 1528 1463 1529
f 1528 1529 1530
f 1530 1529 1531
f 1530 1531 1532
f 1532 1531 1533
f 1532 1533 1496
f 1496 1533 1494
f 1531 1534 1533
f 1533 1534 1535
f 1533 1535 1494
f 1494 1535 1492
f 1534 1536 1535
f 1535 1536 1537
f 1535 1537 1492
f 1492 1537 1490
f 1536 1538 1537
f 1537 1538 1539
f 1537 1539 1540
f 1540 1539 1484
f 1540 1484 1486
f 1522 1519 1541
f 1541 1519 1517
f 1541 1517 1542
f 1542 1517 1515
f 1542 1515 1543
f 1543 1515 1513
f 1543 1513 1544
f 1544 1513 1511
f 1544 1511 1545
f 1545 1511 1509
f 1545 1509 1507
f 1524 1522 1546
f 1546 1522 1541
f 1546 1541 1547
f 1547 1541 1542
f 1547 1542 1548
f 1548 1542 1543
f 1548 1543 1549
f 1549 1543 1544
f 1549 1544 1550
f 1550 1544 1545
f 1550 1545 1551
f 1551 1545 1507
f 1551 1507 1505
f 1540 1486 1488
f 1540 1488 1490
f 1524 1546 1526
f 1526 1546 1552
f 1526 1552 1493
f 1493 1552 1495
f 1552 1546 1547
f 1537 1540 1490
f 1552 1547 1553
f 1553 1547 1548
f 1553 1548 1554
f 1554 1548 1549
f 1554 1549 1555
f 1555 1549 1550
f 1555 1550 1556
f 1556 1550 1551
f 1556 1551 1504
f 1504 1551 1505
f 1497 1495 1553
f 1553 1495 1552
f 1497 1553 1554
f 1499 1497 1554
f 1499 1554 1555
f 1532 1496 1498
f 1527 1506 1508
f 1504 1503 1556
f 1556 1503 1501
f 1556 1501 1555
f 1555 1501 1499
f 1502 1528 1500
f 1500 1528 1530
f 1500 1530 1498
f 1498 1530 1532
f 1557 1558 1559
f 1559 1558 1560
f 1559 1560 1561
f 1561 1560 1562
f 1561 1562 1563
f 1563 1562 1564
f 1563 1564 1565
f 1565 1564 1566
f 1565 1566 1567
f 1567 1566 1568
f 1567 1568 1523
f 1523 1568 1521
f 1521 1568 1569
f 1521 1569 1520
f 1520 1569 1570
f 1570 1569 1571
f 1570 1571 1572
f 1572 1571 1566
f 1572 1566 1564
f 1562 1573 1564
f 1564 1573 1572
f 1573 1574 1572
f 1572 1574 1570
f 1567 1523 1575
f 1575 1523 1487
f 1575 1487 1576
f 1576 1487 1485
f 1576 1485 1557
f 1557 1559 1577
f 1577 1559 1561
f 1577 1561 1578
f 1578 1561 1563
f 1578 1563 1565
f 1557 1577 1576
f 1576 1577 1578
f 1576 1578 1575
f 1575 1578 1565
f 1575 1565 1567
f 1568 1566 1571
f 1569 1568 1571
f 1579 1580 1581
f 1581 1580 1582
f 1581 1582 1583
f 1583 1582 1584
f 1583 1584 1585
f 1585 1584 1586
f 1585 1586 1587
f 1587 1586 1588
f 1587 1588 1589
f 1589 1588 1590
f 1589 1590 1591
f 1591 1590 1592
f 1591 1592 1593
f 1593 1592 1594
f 1593 1594 1595
f 1595 1594 1596
f 1595 1596 1597
f 1597 1596 1598
f 1597 1598 1560
f 1560 1598 1599
f 1560 1599 1562
f 1562 1599 1600
f 1562 1600 1601
f 1601 1600 1602
f 1601 1602 1603
f 1603 1602 1604
f 1603 1604 1605
f 1605 1604 1606
f 1605 1606 1607
f 1607 1606 1608
f 1607 1608 1609
f 1609 1608 1610
f 1609 1610 1611
f 1611 1610 1612
f 1611 1612 1613
f 1613 1612 1614
f 1613 1614 1615
f 1615 1614 1616
f 1616 1614 1617
f 1616 1617 1618
f 1618 1617 1619
f 1618 1619 1620
f 1620 1619 1621
f 1620 1621 1586
f 1586 1621 1588
f 1584 1582 1620
f 1620 1582 1618
f 1603 1605 1622
f 1622 1605 1574
f 1622 1574 1573
f 1622 1573 1601
f 1601 1573 1562
f 1597 1560 1623
f 1623 1560 1558
f 1623 1558 1624
f 1624 1625 1623
f 1623 1625 1626
f 1623 1626 1595
f 1595 1626 1593
f 1627 1628 1625
f 1625 1628 1629
f 1625 1629 1626
f 1626 1629 1593
f 1628 1627 1630
f 1630 1627 1631
f 1630 1631 1632
f 1632 1631 1633
f 1632 1633 1634
f 1632 1634 1635
f 1635 1634 1579
f 1635 1579 1581
f 1617 1614 1636
f 1636 1614 1612
f 1636 1612 1637
f 1637 1612 1610
f 1637 1610 1638
f 1638 1610 1608
f 1638 1608 1639
f 1639 1608 1606
f 1639 1606 1640
f 1640 1606 1604
f 1640 1604 1602
f 1619 1617 1641
f 1641 1617 1636
f 1641 1636 1642
f 1642 1636 1637
f 1642 1637 1643
f 1643 1637 1638
f 1643 1638 1644
f 1644 1638 1639
f 1644 1639 1645
f 1645 1639 1640
f 1645 1640 1646
f 1646 1640 1602
f 1646 1602 1600
f 1586 1584 1620
f 1635 1581 1583
f 1635 1583 1585
f 1619 1641 1621
f 1621 1641 1647
f 1621 1647 1588
f 1588 1647 1590
f 1647 1641 1642
f 1632 1635 1585
f 1632 1585 1587
f 1647 1642 1648
f 1648 1642 1643
f 1648 1643 1649
f 1649 1643 1644
f 1649 1644 1650
f 1650 1644 1645
f 1650 1645 1651
f 1651 1645 1646
f 1651 1646 1599
f 1599 1646 1600
f 1630 1632 1587
f 1630 1587 1589
f 1592 1590 1648
f 1648 1590 1647
f 1592 1648 1649
f 1628 1630 1589
f 1628 1589 1591
f 1594 1592 1649
f 1594 1649 1650
f 1629 1628 1591
f 1629 1591 1593
f 1622 1601 1603
f 1599 1598 1651
f 1651 1598 1596
f 1651 1596 1650
f 1650 1596 1594
f 1597 1623 1595
f 1652 1653 1580
f 1580 1653 1582
f 1582 1653 1654
f 1582 1654 1618
f 1618 1654 1655
f 1618 1655 1616
f 1616 1655 1656
f 1616 1656 1615
f 1657 1658 1659
f 1659 1658 1660
f 1659 1660 1661
f 1661 1660 1662
f 1661 1662 1663
f 1663 1662 1664
f 1663 1664 1665
f 1665 1664 1666
f 1665 1666 1667
f 1667 1666 1668
f 1667 1668 1669
f 1669 1668 1670
f 1669 1670 1671
f 1671 1670 1672
f 1671 1672 1673
f 1673 1672 1674
f 1673 1674 1654
f 1654 1674 1655
f 1655 1674 1675
f 1655 1675 1656
f 1656 1675 1676
f 1676 1675 1677
f 1676 1677 1678
f 1678 1677 1672
f 1678 1672 1670
f 1662 1679 1664
f 1664 1679 1680
f 1664 1680 1666
f 1666 1680 1681
f 1666 1681 1668
f 1668 1681 1682
f 1668 1682 1670
f 1670 1682 1678
f 1679 1683 1680
f 1680 1683 1676
f 1680 1676 1681
f 1681 1676 1682
f 1673 1654 1684
f 1684 1654 1653
f 1684 1653 1685
f 1685 1653 1652
f 1685 1652 1657
f 1676 1678 1682
f 1686 1657 1687
f 1687 1657 1688
f 1687 1688 1689
f 1689 1688 1661
f 1689 1661 1663
f 1688 1657 1659
f 1689 1663 1665
f 1688 1659 1661
f 1689 1665 1690
f 1690 1665 1667
f 1690 1667 1691
f 1691 1667 1669
f 1691 1669 1692
f 1692 1669 1671
f 1692 1671 1684
f 1684 1671 1673
f 1686 1687 1690
f 1690 1687 1689
f 1686 1690 1691
f 1657 1686 1693
f 1693 1686 1691
f 1693 1691 1692
f 1692 1684 1685
f 1693 1692 1685
f 1677 1675 1674
f 1677 1674 1672
f 1685 1657 1693
f 1694 1695 1696
f 1696 1695 1697
f 1696 1697 1698
f 1698 1697 1699
f 1698 1699 1700
f 1700 1699 1701
f 1700 1701 1702
f 1702 1701 1703
f 1702 1703 1704
f 1704 1703 1705
f 1704 1705 1706
f 1706 1705 1683
f 1706 1683 1679
f 1695 1694 1707
f 1707 1694 1708
f 1707 1708 1709
f 1709 1708 1710
f 1709 1710 1701
f 1701 1710 1703
f 1708 1711 1710
f 1710 1711 1712
f 1710 1712 1703
f 1703 1712 1705
f 1711 1713 1712
f 1712 1713 1683
f 1712 1683 1705
f 1706 1679 1704
f 1704 1679 1662
f 1704 1662 1702
f 1702 1662 1700
f 1662 1660 1700
f 1700 1660 1698
f 1660 1658 1698
f 1698 1658 1696
f 1697 1695 1707
f 1701 1699 1709
f 1709 1699 1707
f 1699 1697 1707
f 1714 1715 1716
f 1716 1715 1717
f 1716 1717 1718
f 1718 1717 1719
f 1718 1719 1720
f 1720 1719 1721
f 1720 1721 1722
f 1722 1721 1723
f 1722 1723 1724
f 1724 1723 1725
f 1724 1725 1726
f 1726 1725 1727
f 1726 1727 1728
f 1728 1727 1729
f 1728 1729 1730
f 1730 1729 1731
f 1730 1731 1732
f 1732 1731 1733
f 1732 1733 1734
f 1734 1733 1735
f 1734 1735 1736
f 1736 1735 1737
f 1736 1737 1694
f 1694 1737 1738
f 1694 1738 1708
f 1708 1738 1739
f 1708 1739 1740
f 1740 1739 1741
f 1740 1741 1742
f 1742 1741 1743
f 1742 1743 1744
f 1744 1743 1745
f 1744 1745 1746
f 1746 1745 1747
f 1747 1745 1748
f 1747 1748 1749
f 1749 1748 1750
f 1749 1750 1751
f 1751 1750 1752
f 1751 1752 1753
f 1753 1752 1754
f 1753 1754 1755
f 1755 1754 1756
f 1755 1756 1757
f 1757 1756 1729
f 1757 1729 1727
f 1717 1758 1719
f 1719 1758 1759
f 1719 1759 1721
f 1721 1759 1760
f 1721 1760 1723
f 1723 1760 1761
f 1723 1761 1725
f 1725 1761 1762
f 1725 1762 1727
f 1727 1762 1757
f 1763 1764 1758
f 1758 1764 1765
f 1758 1765 1759
f 1759 1765 1760
f 1766 1767 1763
f 1763 1767 1768
f 1763 1768 1764
f 1764 1768 1769
f 1764 1769 1770
f 1770 1769 1771
f 1770 1771 1761
f 1761 1771 1762
f 1766 1772 1767
f 1767 1772 1773
f 1767 1773 1774
f 1774 1773 1775
f 1774 1775 1776
f 1776 1775 1777
f 1776 1777 1778
f 1778 1777 1755
f 1778 1755 1757
f 1772 1779 1773
f 1773 1779 1780
f 1773 1780 1775
f 1775 1780 1781
f 1775 1781 1777
f 1777 1781 1753
f 1777 1753 1755
f 1779 1782 1780
f 1780 1782 1783
f 1780 1783 1781
f 1781 1783 1751
f 1781 1751 1753
f 1782 1784 1783
f 1783 1784 1749
f 1783 1749 1751
f 1784 1747 1749
f 1744 1746 1785
f 1785 1746 1786
f 1785 1786 1787
f 1787 1786 1713
f 1787 1713 1711
f 1708 1740 1711
f 1711 1740 1788
f 1711 1788 1787
f 1787 1788 1785
f 1736 1694 1789
f 1789 1694 1696
f 1789 1696 1790
f 1789 1790 1791
f 1791 1790 1792
f 1791 1792 1793
f 1793 1792 1794
f 1793 1794 1730
f 1730 1794 1728
f 1792 1795 1794
f 1794 1795 1796
f 1794 1796 1728
f 1728 1796 1726
f 1796 1795 1797
f 1797 1795 1798
f 1797 1798 1799
f 1799 1798 1800
f 1799 1800 1801
f 1801 1800 1802
f 1801 1802 1803
f 1803 1802 1714
f 1803 1714 1716
f 1769 1768 1774
f 1774 1768 1767
f 1760 1765 1770
f 1770 1765 1764
f 1803 1716 1718
f 1803 1718 1720
f 1771 1769 1776
f 1776 1769 1774
f 1761 1760 1770
f 1801 1803 1720
f 1801 1720 1722
f 1762 1771 1778
f 1778 1771 1776
f 1799 1801 1722
f 1799 1722 1724
f 1762 1778 1757
f 1799 1724 1797
f 1797 1724 1726
f 1797 1726 1796
f 1750 1748 1804
f 1804 1748 1745
f 1804 1745 1743
f 1752 1750 1805
f 1805 1750 1804
f 1805 1804 1806
f 1806 1804 1743
f 1806 1743 1741
f 1754 1752 1807
f 1807 1752 1805
f 1807 1805 1808
f 1808 1805 1806
f 1808 1806 1809
f 1809 1806 1741
f 1809 1741 1739
f 1756 1754 1810
f 1810 1754 1807
f 1810 1807 1811
f 1811 1807 1808
f 1811 1808 1812
f 1812 1808 1809
f 1812 1809 1738
f 1738 1809 1739
f 1729 1756 1731
f 1731 1756 1810
f 1731 1810 1733
f 1733 1810 1811
f 1733 1811 1735
f 1735 1811 1812
f 1735 1812 1737
f 1737 1812 1738
f 1793 1730 1732
f 1744 1785 1742
f 1742 1785 1788
f 1742 1788 1740
f 1793 1732 1791
f 1791 1732 1734
f 1791 1734 1789
f 1789 1734 1736
f 1813 1814 1815
f 1815 1814 1816
f 1815 1816 1817
f 1817 1816 1818
f 1817 1818 1819
f 1819 1818 1820
f 1819 1820 1821
f 1821 1820 1822
f 1821 1822 1823
f 1823 1822 1824
f 1823 1824 1825
f 1825 1824 1826
f 1825 1826 1827
f 1827 1826 1828
f 1827 1828 1766
f 1816 1814 1829
f 1829 1814 1830
f 1829 1830 1831
f 1831 1830 1832
f 1831 1832 1822
f 1822 1832 1824
f 1830 1833 1832
f 1832 1833 1834
f 1832 1834 1824
f 1824 1834 1826
f 1835 1836 1833
f 1833 1836 1834
f 1836 1828 1834
f 1834 1828 1826
f 1766 1763 1827
f 1827 1763 1825
f 1763 1758 1825
f 1825 1758 1823
f 1823 1758 1821
f 1821 1758 1717
f 1821 1717 1819
f 1819 1717 1715
f 1819 1715 1817
f 1818 1816 1829
f 1822 1820 1831
f 1831 1820 1829
f 1820 1818 1829
f 1837 1838 1839
f 1839 1838 1840
f 1839 1840 1841
f 1841 1840 1842
f 1841 1842 1843
f 1843 1842 1844
f 1843 1844 1845
f 1845 1844 1846
f 1845 1846 1847
f 1847 1846 1848
f 1847 1848 1849
f 1849 1848 1850
f 1849 1850 1851
f 1851 1850 1852
f 1851 1852 1853
f 1853 1852 1854
f 1853 1854 1855
f 1855 1854 1856
f 1855 1856 1857
f 1857 1856 1858
f 1857 1858 1859
f 1859 1858 1860
f 1859 1860 1861
f 1861 1860 1862
f 1861 1862 1863
f 1863 1862 1864
f 1863 1864 1830
f 1830 1864 1833
f 1833 1864 1865
f 1833 1865 1866
f 1866 1865 1867
f 1866 1867 1868
f 1868 1867 1869
f 1869 1867 1870
f 1869 1870 1871
f 1871 1870 1872
f 1871 1872 1873
f 1873 1872 1860
f 1873 1860 1858
f 1842 1874 1844
f 1844 1874 1875
f 1844 1875 1846
f 1846 1875 1876
f 1846 1876 1848
f 1848 1876 1877
f 1848 1877 1850
f 1850 1877 1878
f 1850 1878 1852
f 1852 1878 1879
f 1852 1879 1854
f 1854 1879 1880
f 1854 1880 1856
f 1856 1880 1881
f 1856 1881 1858
f 1858 1881 1873
f 1875 1874 1882
f 1882 1874 1883
f 1882 1883 1884
f 1882 1884 1885
f 1885 1884 1886
f 1885 1886 1887
f 1887 1886 1888
f 1887 1888 1889
f 1889 1888 1890
f 1889 1890 1879
f 1879 1890 1880
f 1888 1891 1890
f 1890 1891 1892
f 1890 1892 1880
f 1880 1892 1881
f 1891 1893 1892
f 1892 1893 1894
f 1892 1894 1881
f 1881 1894 1873
f 1894 1893 1871
f 1871 1893 1869
f 1868 1835 1866
f 1866 1835 1833
f 1863 1830 1895
f 1895 1830 1814
f 1895 1814 1896
f 1896 1814 1813
f 1896 1813 1897
f 1896 1897 1898
f 1898 1897 1899
f 1898 1899 1900
f 1900 1899 1901
f 1900 1901 1902
f 1902 1901 1903
f 1902 1903 1855
f 1855 1903 1853
f 1899 1904 1901
f 1901 1904 1905
f 1901 1905 1903
f 1903 1905 1906
f 1903 1906 1853
f 1853 1906 1851
f 1905 1904 1907
f 1907 1904 1908
f 1907 1908 1909
f 1909 1908 1910
f 1909 1910 1911
f 1911 1910 1912
f 1911 1912 1913
f 1913 1912 1914
f 1913 1914 1845
f 1845 1914 1843
f 1910 1915 1912
f 1912 1915 1916
f 1912 1916 1914
f 1914 1916 1841
f 1914 1841 1843
f 1915 1837 1916
f 1916 1837 1839
f 1916 1839 1841
f 1876 1875 1882
f 1877 1876 1885
f 1885 1876 1882
f 1913 1845 1847
f 1878 1877 1887
f 1887 1877 1885
f 1913 1847 1917
f 1917 1847 1849
f 1917 1849 1918
f 1918 1849 1851
f 1918 1851 1906
f 1889 1879 1878
f 1918 1909 1917
f 1917 1909 1911
f 1917 1911 1913
f 1909 1918 1907
f 1907 1918 1906
f 1907 1906 1905
f 1887 1889 1878
f 1871 1873 1894
f 1855 1857 1902
f 1902 1857 1919
f 1902 1919 1900
f 1900 1919 1898
f 1919 1857 1859
f 1872 1870 1920
f 1920 1870 1867
f 1920 1867 1865
f 1860 1872 1862
f 1862 1872 1920
f 1862 1920 1864
f 1864 1920 1865
f 1919 1859 1921
f 1921 1859 1861
f 1921 1861 1895
f 1895 1861 1863
f 1896 1898 1921
f 1921 1898 1919
f 1896 1921 1895
f 1922 1923 1924
f 1924 1923 1925
f 1924 1925 1926
f 1926 1925 1927
f 1926 1927 1928
f 1928 1927 1929
f 1928 1929 1930
f 1930 1929 1931
f 1930 1931 1932
f 1932 1931 1933
f 1932 1933 1934
f 1934 1933 1935
f 1934 1935 1883
f 1923 1922 1936
f 1936 1922 1937
f 1936 1937 1938
f 1938 1937 1939
f 1938 1939 1929
f 1929 1939 1931
f 1937 1940 1939
f 1939 1940 1941
f 1939 1941 1931
f 1931 1941 1933
f 1940 1935 1941
f 1941 1935 1933
f 1883 1874 1934
f 1934 1874 1932
f 1874 1842 1932
f 1932 1842 1930
f 1930 1842 1928
f 1928 1842 1840
f 1928 1840 1926
f 1926 1840 1838
f 1926 1838 1924
f 1925 1923 1936
f 1929 1927 1938
f 1938 1927 1936
f 1927 1925 1936
f 1942 1943 1944
f 1944 1943 1945
f 1944 1945 1946
f 1946 1945 1947
f 1946 1947 1948
f 1948 1947 1949
f 1948 1949 1950
f 1950 1949 1951
f 1950 1951 1952
f 1952 1951 1953
f 1952 1953 1954
f 1954 1953 1955
f 1954 1955 1956
f 1956 1955 1957
f 1956 1957 1958
f 1958 1957 1959
f 1958 1959 1937
f 1937 1959 1940
f 1940 1959 1960
f 1940 1960 1935
f 1935 1960 1961
f 1961 1960 1962
f 1961 1962 1963
f 1963 1962 1957
f 1963 1957 1955
f 1947 1964 1949
f 1949 1964 1965
f 1949 1965 1951
f 1951 1965 1966
f 1951 1966 1953
f 1953 1966 1967
f 1953 1967 1955
f 1955 1967 1963
f 1964 1968 1965
f 1965 1968 1961
f 1965 1961 1966
f 1966 1961 1967
f 1958 1937 1969
f 1969 1937 1922
f 1969 1922 1970
f 1970 1922 1924
f 1970 1924 1942
f 1971 1942 1972
f 1972 1942 1973
f 1972 1973 1974
f 1974 1973 1975
f 1974 1975 1950
f 1950 1975 1948
f 1963 1967 1961
f 1948 1975 1946
f 1946 1975 1976
f 1946 1976 1944
f 1944 1976 1942
f 1973 1942 1976
f 1954 1977 1952
f 1952 1977 1974
f 1952 1974 1950
f 1971 1972 1977
f 1977 1972 1974
f 1977 1954 1978
f 1978 1954 1956
f 1978 1956 1969
f 1969 1956 1958
f 1942 1971 1970
f 1970 1971 1978
f 1970 1978 1969
f 1978 1971 1977
f 1975 1973 1976
f 1962 1960 1959
f 1962 1959 1957
f 1433 1402 1943
f 1943 1402 1945
f 1945 1402 1404
f 1945 1404 1947
f 1947 1404 1430
f 1947 1430 1964
f 1964 1430 1431
f 1964 1431 1968
f 1715 1714 1979
f 1979 1714 1980
f 1980 1714 1802
f 1980 1802 1981
f 1981 1802 1800
f 1981 1800 1982
f 1982 1800 1798
f 1982 1798 1983
f 1983 1798 1795
f 1983 1795 1984
f 1984 1795 1792
f 1984 1792 1985
f 1985 1792 1790
f 1985 1790 1986
f 1986 1790 1696
f 1813 1815 1987
f 1987 1815 1817
f 1987 1817 1979
f 1979 1817 1715
f 1838 1837 1988
f 1988 1837 1989
f 1989 1837 1915
f 1989 1915 1990
f 1990 1915 1910
f 1990 1910 1991
f 1991 1910 1908
f 1991 1908 1992
f 1992 1908 1904
f 1992 1904 1993
f 1993 1904 1899
f 1993 1899 1994
f 1994 1899 1897
f 1994 1897 1987
f 1987 1897 1813
f 1838 1988 1924
f 1924 1988 1995
f 1996 1943 1997
f 1997 1943 1942
f 1997 1942 1998
f 1998 1942 1924
f 1998 1924 1995
f 1999 1433 2000
f 2000 1433 1943
f 2000 1943 1996
f 2000 2001 1999
f 1383 1382 2002
f 2002 1382 2003
f 2003 1382 1444
f 2003 1444 2004
f 2004 1444 1443
f 2004 1443 2005
f 2005 1443 1441
f 2005 1441 1439
f 2005 1439 2006
f 2006 1439 1436
f 2006 1436 2007
f 2007 1436 1434
f 2007 1434 1999
f 1999 1434 1433
f 1431 1428 1968
f 1968 1428 1961
f 1961 1428 1410
f 1961 1410 1412
f 1961 1412 1935
f 1935 1412 1414
f 1935 1414 1416
f 1416 1417 1935
f 1935 1417 1883
f 1883 1417 1419
f 1883 1419 1884
f 1884 1419 1421
f 1884 1421 1886
f 1886 1421 1888
f 1888 1421 2008
f 1888 2008 1891
f 1891 2008 2009
f 1891 2009 1893
f 1893 2009 2010
f 1893 2010 2011
f 2008 1421 2012
f 2012 1421 1474
f 2012 1474 2013
f 2013 1474 2014
f 2014 1474 2015
f 2015 1474 2016
f 2016 1474 1477
f 2016 1477 2017
f 2017 1477 1510
f 2017 1510 2018
f 2018 1510 1512
f 2018 1512 2019
f 2019 1512 1514
f 2019 1514 2020
f 2020 1514 1516
f 2020 1516 1518
f 2020 1518 2021
f 2021 1518 1520
f 2021 1520 2022
f 2022 1520 1570
f 2022 1570 2023
f 2023 1570 2024
f 2024 1570 2025
f 2025 1570 2026
f 2026 1570 1574
f 2026 1574 2027
f 2027 1574 1747
f 2027 1747 1784
f 1605 1713 1574
f 1574 1713 1786
f 1574 1786 1746
f 1713 1605 1683
f 1683 1605 1607
f 1683 1607 1609
f 1609 1611 1683
f 1683 1611 1676
f 1676 1611 1613
f 1676 1613 1656
f 1656 1613 1615
f 1746 1747 1574
f 2027 1784 2028
f 2028 1784 1782
f 2028 1782 2029
f 2029 1782 2030
f 2030 1782 1779
f 2030 1779 2031
f 2031 1779 1772
f 2031 1772 2032
f 2032 1772 1766
f 2032 1766 2033
f 2033 1766 1828
f 2033 1828 1836
f 2033 1836 2034
f 2034 1836 1835
f 2034 1835 2035
f 2035 1835 1868
f 2035 1868 2036
f 2036 1868 1869
f 2036 1869 2011
f 2011 1869 1893
f 2037 591 2001
f 2001 591 524
f 2001 524 1999
f 524 526 1999
f 1999 526 2007
f 2007 526 528
f 2007 528 2006
f 2006 528 586
f 2006 586 2005
f 2005 586 585
f 2005 585 581
f 2005 581 2004
f 2004 581 573
f 2004 573 2003
f 2003 573 572
f 2003 572 2002
f 2002 572 503
f 2002 503 2038
f 2038 503 502
f 2038 502 1101
f 1101 502 425
f 1102 2039 1101
f 1101 2039 2040
f 1101 2040 2041
f 1102 1103 2039
f 2039 1103 1104
f 2039 1104 1105
f 1105 1106 2039
f 2039 1106 1099
f 2039 1099 2042
f 2042 1099 2043
f 2043 1099 2044
f 2044 1099 2045
f 2045 1099 2046
f 2046 1099 2047
f 2047 1099 1100
f 2048 2049 2042
f 2042 2049 2050
f 2042 2050 2051
f 2051 2052 2042
f 2042 2052 2039
f 2039 2053 2040
f 2040 2053 2054
f 2040 2054 2055
f 2055 2056 2040
f 2040 2056 2057
f 2040 2057 2058
f 2041 2059 1101
f 1101 2059 2060
f 1101 2060 2061
f 2061 2062 1101
f 1101 2062 2038
f 1463 1462 2063
f 2063 1462 2064
f 2064 1462 1383
f 2064 1383 2002
f 2002 2038 2064
f 1485 1484 2065
f 2065 1484 2066
f 2066 1484 1539
f 2066 1539 2067
f 2067 1539 1538
f 2067 1538 2068
f 2068 1538 1536
f 2068 1536 1534
f 2068 1534 2069
f 2069 1534 1531
f 2069 1531 2070
f 2070 1531 1529
f 2070 1529 2063
f 2063 1529 1463
f 1093 1558 2071
f 2071 1558 1557
f 2071 1557 2065
f 2065 1557 1485
f 2071 1100 1093
f 1580 1579 1091
f 1091 1579 1098
f 1098 1579 1634
f 1098 1634 1097
f 1097 1634 1633
f 1097 1633 1096
f 1096 1633 1631
f 1096 1631 1627
f 1096 1627 1095
f 1095 1627 1625
f 1095 1625 1094
f 1094 1625 1624
f 1094 1624 1093
f 1093 1624 1558
f 37 1208 35
f 35 1208 1207
f 35 1207 34
f 34 1207 1188
f 34 1188 32
f 32 1188 1189
f 32 1189 31
f 31 1189 1193
f 1208 37 1209
f 1209 37 45
f 60 1161 58
f 58 1161 1160
f 58 1160 1159
f 58 1159 56
f 56 1159 1156
f 56 1156 27
f 27 1156 26
f 26 1156 1154
f 60 2072 1161
f 1161 2072 2073
f 1161 2073 1162
f 1162 2073 2074
f 64 2075 60
f 60 2075 2076
f 60 2076 2072
f 64 2077 2075
f 1198 1200 30
f 30 1200 29
f 29 1200 55
f 55 1200 1202
f 55 1202 57
f 57 1202 1204
f 57 1204 1206
f 1206 59 57
f 1206 1205 2078
f 2078 1205 2079
f 2078 2079 2080
f 2080 2081 2078
f 2078 2081 2082
f 2078 2083 1206
f 1206 2083 59
f 59 2083 2084
f 59 2084 2085
f 2086 63 2085
f 2085 63 59
f 25 1149 23
f 23 1149 1146
f 23 1146 1143
f 23 1143 22
f 22 1143 1142
f 22 1142 20
f 20 1142 1141
f 20 1141 12
f 1154 1153 26
f 26 1153 25
f 25 1153 1152
f 25 1152 1149
f 1363 751 1368
f 1368 751 753
f 1368 753 755
f 1368 755 1370
f 1370 755 757
f 1370 757 1371
f 1371 757 759
f 1371 759 1372
f 1372 759 761
f 1372 761 1373
f 1373 761 763
f 1373 763 1374
f 1374 763 765
f 1374 765 1375
f 1375 765 1376
f 1376 765 747
f 747 723 1376
f 1376 723 2087
f 1376 2087 2088
f 2088 1369 1376
f 780 751 1077
f 1077 751 1363
f 61 63 2089
f 2089 63 2086
f 2089 2086 2085
f 2089 2085 2090
f 2090 2085 2084
f 2090 2084 2091
f 2091 2084 2083
f 2091 2083 2092
f 2072 2093 2092
f 2092 2093 2094
f 2092 2094 2095
f 2095 2094 2096
f 2095 2096 2097
f 2097 2096 2098
f 2097 2098 2099
f 2099 2098 62
f 2099 62 61
f 2093 2072 2100
f 2100 2072 2076
f 2100 2076 2101
f 2101 2076 2075
f 2101 2075 2102
f 2102 2075 2077
f 2102 2077 64
f 64 62 2102
f 2102 62 2103
f 2102 2103 2104
f 2104 2103 2096
f 2104 2096 2094
f 2099 61 2089
f 2092 2095 2091
f 2091 2095 2097
f 2091 2097 2090
f 2090 2097 2099
f 2090 2099 2089
f 62 2098 2103
f 2103 2098 2096
f 2093 2100 2101
f 2093 2101 2104
f 2104 2101 2102
f 2093 2104 2094
f 2073 2072 2105
f 2105 2072 2092
f 2105 2092 2106
f 2106 2092 2107
f 2106 2107 2108
f 2108 2107 2109
f 2109 2107 2078
f 2109 2078 2082
f 2092 2083 2107
f 2107 2083 2078
f 2082 2110 2109
f 2108 2111 2106
f 2106 2111 2105
f 2111 2074 2105
f 2105 2074 2073
f 1125 1117 1132
f 1132 1117 1114
f 1132 1114 4
f 4 1114 1113
f 4 1113 3
f 3 1113 1115
f 1129 1128 1132
f 1132 1128 1124
f 1132 1124 1125
f 54 845 53
f 53 845 2112
f 53 2112 2113
f 2113 2112 2114
f 2113 2114 2115
f 2115 2114 2116
f 2115 2116 2117
f 2117 2116 2118
f 2117 2118 2119
f 2112 845 2120
f 2120 845 877
f 2120 877 2121
f 2121 877 876
f 2121 876 2122
f 2122 876 875
f 2122 875 2123
f 2122 2123 2116
f 2116 2123 2118
f 2119 2124 2117
f 2117 2124 2115
f 2124 2125 2115
f 2115 2125 2113
f 2112 2120 2121
f 2116 2114 2122
f 2122 2114 2121
f 2114 2112 2121
f 2123 875 2126
f 2126 875 905
f 2126 905 914
f 2126 914 2127
f 2127 914 913
f 2127 913 2128
f 2128 913 2129
f 2128 2129 1215
f 1215 2129 912
f 1215 912 929
f 913 912 2129
f 1215 2130 2128
f 2128 2130 2131
f 2128 2131 2132
f 2132 2131 2133
f 2132 2133 2134
f 2130 2133 2131
f 2132 2134 2135
f 2135 2134 2119
f 2135 2119 2118
f 2135 2118 2136
f 2136 2118 2123
f 2136 2123 2126
f 2127 2128 2132
f 2126 2127 2136
f 2136 2127 2132
f 2136 2132 2135
f 2082 1205 2110
f 2110 1205 1203
f 2110 1203 2137
f 2137 1203 2138
f 2137 2138 2139
f 2139 2138 2140
f 2139 2140 2141
f 2141 2140 2142
f 2141 2142 2143
f 2143 2142 2144
f 2143 2144 2145
f 2145 2144 2146
f 2145 2146 2147
f 2147 2146 2148
f 2147 2148 2149
f 2149 2148 2150
f 2149 2150 2151
f 2151 2150 2152
f 2151 2152 2153
f 2153 2152 2154
f 2153 2154 2155
f 2155 2154 2156
f 2155 2156 2157
f 2157 2156 2158
f 2157 2158 2159
f 2159 2158 1187
f 2159 1187 1186
f 2082 2081 1205
f 1205 2081 2080
f 1205 2080 2079
f 1203 1201 2138
f 2138 1201 2160
f 2138 2160 2140
f 2140 2160 2161
f 2140 2161 2142
f 2142 2161 2162
f 2142 2162 2144
f 2144 2162 2163
f 2144 2163 2146
f 2146 2163 2148
f 1201 1199 2160
f 2160 1199 2164
f 2160 2164 2161
f 2161 2164 2165
f 2161 2165 2162
f 2162 2165 2166
f 2162 2166 2163
f 2163 2166 2167
f 2163 2167 2148
f 2148 2167 2150
f 1199 1197 2164
f 2164 1197 1194
f 2164 1194 2168
f 2168 1194 1192
f 2168 1192 2169
f 2169 1192 1191
f 2169 1191 2170
f 2170 1191 1190
f 2170 1190 2158
f 2158 1190 1187
f 2159 1186 2171
f 2171 1186 1185
f 2171 1185 2172
f 2172 1185 1184
f 2172 1184 2173
f 2173 1184 1182
f 2173 1182 1181
f 2173 1181 2174
f 2174 1181 1180
f 2174 1180 2175
f 2175 1180 1179
f 2175 1179 2176
f 2176 1179 1178
f 2176 1178 2177
f 2177 1178 1177
f 2177 1177 2178
f 2178 1177 1176
f 2178 1176 2179
f 2179 1176 1175
f 2179 1175 2180
f 2180 1175 1173
f 2180 1173 2181
f 2181 1173 1172
f 2181 1172 1171
f 2181 1171 2182
f 2182 1171 1170
f 2182 1170 2183
f 2183 1170 1169
f 2183 1169 2184
f 2184 1169 1168
f 2184 1168 2185
f 2185 1168 1167
f 2185 1167 2186
f 2186 1167 1165
f 2186 1165 2187
f 2187 1165 1164
f 2187 1164 1163
f 2187 1163 2188
f 2188 1163 1145
f 2188 1145 2189
f 2189 1145 1144
f 2188 2189 2190
f 2190 2189 2191
f 2190 2191 2192
f 2192 2191 2193
f 2192 2193 2194
f 2194 2193 2195
f 2194 2195 2196
f 2196 2195 2197
f 2196 2197 2198
f 2198 2197 2199
f 2198 2199 2200
f 2200 2199 2201
f 2200 2201 2202
f 2202 2201 2203
f 2202 2203 2204
f 2204 2203 2205
f 2204 2205 2206
f 2206 2205 2207
f 2206 2207 2182
f 2182 2207 2181
f 2199 2208 2201
f 2201 2208 2209
f 2201 2209 2203
f 2203 2209 2210
f 2203 2210 2205
f 2205 2210 2211
f 2205 2211 2207
f 2207 2211 2212
f 2207 2212 2181
f 2181 2212 2180
f 2209 2208 2213
f 2213 2208 2214
f 2213 2214 2215
f 2215 2214 2216
f 2215 2216 2217
f 2217 2216 2218
f 2217 2218 2219
f 2219 2218 2220
f 2219 2220 2221
f 2221 2220 2222
f 2221 2222 2178
f 2178 2222 2177
f 2214 2223 2216
f 2216 2223 2224
f 2216 2224 2218
f 2218 2224 2225
f 2218 2225 2220
f 2220 2225 2226
f 2220 2226 2222
f 2222 2226 2227
f 2222 2227 2177
f 2177 2227 2176
f 2224 2223 2228
f 2228 2223 2229
f 2228 2229 2230
f 2230 2229 2231
f 2230 2231 2232
f 2232 2231 2233
f 2232 2233 2234
f 2234 2233 2235
f 2234 2235 2236
f 2236 2235 2237
f 2236 2237 2238
f 2238 2237 2239
f 2238 2239 2173
f 2173 2239 2172
f 2231 2240 2233
f 2233 2240 2241
f 2233 2241 2235
f 2235 2241 2242
f 2235 2242 2237
f 2237 2242 2243
f 2237 2243 2239
f 2239 2243 2244
f 2239 2244 2172
f 2172 2244 2171
f 2241 2240 2245
f 2245 2240 2246
f 2245 2246 2247
f 2247 2246 2248
f 2247 2248 2249
f 2249 2248 2250
f 2249 2250 2251
f 2251 2250 2155
f 2251 2155 2157
f 2246 2252 2248
f 2248 2252 2253
f 2248 2253 2250
f 2250 2253 2153
f 2250 2153 2155
f 2253 2252 2151
f 2151 2252 2149
f 2147 2254 2145
f 2145 2254 2255
f 2145 2255 2143
f 2143 2255 2256
f 2143 2256 2141
f 2141 2256 2257
f 2141 2257 2139
f 2139 2257 2258
f 2139 2258 2137
f 2137 2258 2259
f 2137 2259 2110
f 2110 2259 2109
f 2109 2259 2260
f 2109 2260 2108
f 2108 2260 2261
f 2108 2261 2111
f 2111 2261 2262
f 2111 2262 2074
f 2074 2262 2263
f 2074 2263 1158
f 1158 2263 2264
f 1158 2264 1157
f 1157 2264 2265
f 1157 2265 1155
f 1155 2265 2266
f 1155 2266 1151
f 1151 2266 2267
f 1151 2267 1150
f 1150 2267 1148
f 1148 2267 2268
f 1148 2268 1147
f 1147 2268 1144
f 1144 2268 2189
f 2189 2268 2269
f 2189 2269 2270
f 2270 2269 2271
f 2270 2271 2272
f 2272 2271 2273
f 2272 2273 2274
f 2274 2273 2275
f 2274 2275 2276
f 2276 2275 2277
f 2277 2275 2278
f 2277 2278 2279
f 2279 2278 2280
f 2279 2280 2281
f 2281 2280 2282
f 2281 2282 2283
f 2283 2282 2284
f 2283 2284 2285
f 2285 2284 2286
f 2285 2286 2287
f 2287 2286 2288
f 2287 2288 2289
f 2289 2288 2262
f 2289 2262 2261
f 2255 2254 2290
f 2290 2254 2291
f 2290 2291 2292
f 2292 2291 2293
f 2292 2293 2294
f 2294 2293 2295
f 2294 2295 2296
f 2296 2295 2297
f 2296 2297 2298
f 2298 2297 2289
f 2298 2289 2261
f 2291 2299 2293
f 2293 2299 2300
f 2293 2300 2295
f 2295 2300 2301
f 2295 2301 2297
f 2297 2301 2287
f 2297 2287 2289
f 2300 2299 2302
f 2302 2299 2303
f 2302 2303 2283
f 2283 2303 2281
f 2276 2304 2274
f 2274 2304 2305
f 2274 2305 2272
f 2272 2305 2306
f 2272 2306 2270
f 2270 2306 2191
f 2270 2191 2189
f 2304 2307 2305
f 2305 2307 2308
f 2305 2308 2306
f 2306 2308 2193
f 2306 2193 2191
f 2307 2309 2308
f 2308 2309 2193
f 2309 2195 2193
f 1158 1162 2074
f 2258 2310 2311
f 2311 2310 2296
f 2311 2296 2298
f 2296 2310 2294
f 2294 2310 2312
f 2294 2312 2292
f 2292 2312 2290
f 2312 2310 2257
f 2257 2310 2258
f 2260 2259 2311
f 2311 2259 2258
f 2260 2311 2298
f 2290 2312 2256
f 2256 2312 2257
f 2255 2290 2256
f 2164 2168 2165
f 2165 2168 2313
f 2165 2313 2166
f 2166 2313 2314
f 2166 2314 2167
f 2167 2314 2152
f 2167 2152 2150
f 2168 2169 2313
f 2313 2169 2315
f 2313 2315 2314
f 2314 2315 2154
f 2314 2154 2152
f 2169 2170 2315
f 2315 2170 2156
f 2315 2156 2154
f 2158 2156 2170
f 2157 2159 2316
f 2316 2159 2171
f 2316 2171 2244
f 2253 2151 2153
f 2157 2316 2251
f 2251 2316 2317
f 2251 2317 2249
f 2249 2317 2318
f 2249 2318 2247
f 2247 2318 2245
f 2317 2316 2244
f 2318 2317 2243
f 2243 2317 2244
f 2245 2318 2242
f 2242 2318 2243
f 2173 2174 2238
f 2238 2174 2319
f 2238 2319 2236
f 2236 2319 2320
f 2236 2320 2234
f 2234 2320 2321
f 2234 2321 2232
f 2232 2321 2230
f 2241 2245 2242
f 2174 2175 2319
f 2319 2175 2322
f 2319 2322 2320
f 2320 2322 2323
f 2320 2323 2321
f 2321 2323 2324
f 2321 2324 2230
f 2230 2324 2228
f 2175 2176 2322
f 2322 2176 2227
f 2322 2227 2323
f 2323 2227 2226
f 2323 2226 2324
f 2324 2226 2225
f 2324 2225 2228
f 2228 2225 2224
f 2178 2179 2221
f 2221 2179 2325
f 2221 2325 2219
f 2219 2325 2326
f 2219 2326 2217
f 2217 2326 2327
f 2217 2327 2215
f 2215 2327 2213
f 2179 2180 2325
f 2325 2180 2212
f 2325 2212 2326
f 2326 2212 2211
f 2326 2211 2327
f 2327 2211 2210
f 2327 2210 2213
f 2213 2210 2209
f 2182 2183 2206
f 2206 2183 2328
f 2206 2328 2204
f 2204 2328 2329
f 2204 2329 2202
f 2202 2329 2330
f 2202 2330 2200
f 2200 2330 2198
f 2183 2184 2328
f 2328 2184 2331
f 2328 2331 2329
f 2329 2331 2332
f 2329 2332 2330
f 2330 2332 2333
f 2330 2333 2198
f 2198 2333 2196
f 2184 2185 2331
f 2331 2185 2334
f 2331 2334 2332
f 2332 2334 2335
f 2332 2335 2333
f 2333 2335 2194
f 2333 2194 2196
f 2185 2186 2334
f 2334 2186 2336
f 2334 2336 2335
f 2335 2336 2192
f 2335 2192 2194
f 2186 2187 2336
f 2336 2187 2190
f 2336 2190 2192
f 2188 2190 2187
f 2283 2285 2302
f 2302 2285 2301
f 2302 2301 2300
f 2285 2287 2301
f 2260 2298 2261
f 2284 2282 2337
f 2337 2282 2280
f 2337 2280 2338
f 2338 2280 2278
f 2338 2278 2339
f 2339 2278 2275
f 2339 2275 2273
f 2286 2284 2340
f 2340 2284 2337
f 2340 2337 2341
f 2341 2337 2338
f 2341 2338 2342
f 2342 2338 2339
f 2342 2339 2343
f 2343 2339 2273
f 2343 2273 2271
f 2263 2262 2288
f 2288 2286 2344
f 2344 2286 2340
f 2344 2340 2345
f 2345 2340 2341
f 2345 2341 2346
f 2346 2341 2342
f 2346 2342 2347
f 2347 2342 2343
f 2347 2343 2348
f 2348 2343 2271
f 2348 2271 2269
f 2345 2264 2344
f 2344 2264 2263
f 2344 2263 2288
f 2264 2345 2265
f 2265 2345 2346
f 2265 2346 2266
f 2266 2346 2347
f 2266 2347 2267
f 2267 2347 2348
f 2267 2348 2268
f 2268 2348 2269
f 2281 2303 2349
f 2349 2303 2299
f 2349 2299 2350
f 2350 2299 2291
f 2350 2291 2351
f 2351 2291 2254
f 2351 2254 2352
f 2352 2254 2147
f 2352 2147 2353
f 2353 2147 2149
f 2353 2149 2354
f 2354 2149 2252
f 2354 2252 2355
f 2355 2252 2246
f 2355 2246 2356
f 2356 2246 2240
f 2356 2240 2357
f 2357 2240 2231
f 2357 2231 2358
f 2358 2231 2229
f 2358 2229 2359
f 2359 2229 2223
f 2359 2223 2360
f 2360 2223 2214
f 2360 2214 2361
f 2361 2214 2208
f 2361 2208 2362
f 2362 2208 2199
f 2362 2199 2363
f 2363 2199 2197
f 2363 2197 2364
f 2364 2197 2195
f 2364 2195 2365
f 2365 2195 2309
f 2365 2309 2366
f 2366 2309 2307
f 2366 2307 2304
f 2366 2304 2367
f 2367 2304 2276
f 2367 2276 2368
f 2368 2276 2277
f 2368 2277 2279
f 2368 2279 2369
f 2369 2279 2281
f 2369 2281 2349
f 2370 2371 2372
f 2372 2371 2373
f 2372 2373 2374
f 2372 2374 2375
f 2375 2374 2376
f 2375 2376 2377
f 2377 2376 2378
f 2375 2377 2379
f 2379 2377 2380
f 2379 2380 2381
f 2381 2380 2382
f 2381 2382 2383
f 2383 2382 2384
f 2383 2384 2385
f 2385 2384 2386
f 2385 2386 2387
f 2387 2386 2388
f 2387 2388 2389
f 2389 2388 2390
f 2389 2390 2391
f 2391 2390 2392
f 2391 2392 2393
f 2393 2392 2394
f 2393 2394 2395
f 2395 2394 2396
f 2395 2397 2393
f 2393 2397 2398
f 2393 2398 2391
f 2391 2398 2399
f 2391 2399 2389
f 2389 2399 2400
f 2389 2400 2387
f 2387 2400 2401
f 2387 2401 2385
f 2385 2401 2402
f 2385 2402 2383
f 2383 2402 2403
f 2383 2403 2381
f 2381 2403 2404
f 2381 2404 2379
f 2379 2404 2405
f 2379 2405 2375
f 2375 2405 2372
f 2397 2406 2398
f 2398 2406 2407
f 2398 2407 2408
f 2398 2408 2399
f 2399 2408 2409
f 2399 2409 2400
f 2400 2409 2410
f 2400 2410 2401
f 2401 2410 2411
f 2401 2411 2402
f 2402 2411 2403
f 2411 2412 2403
f 2403 2412 2404
f 2412 2413 2404
f 2404 2413 2405
f 2413 2370 2405
f 2405 2370 2372
f 2406 2414 2407
f 2407 2414 2357
f 2407 2357 2358
f 2406 2397 2414
f 2414 2397 2396
f 2396 2397 2395
f 2415 2355 2414
f 2414 2355 2356
f 2414 2356 2357
f 2355 2415 2354
f 2354 2415 2416
f 2354 2416 1081
f 1081 2416 2417
f 1081 2417 2418
f 2418 2419 1081
f 1081 2419 1087
f 1087 2419 2420
f 1087 2420 1088
f 1088 2420 1089
f 1089 2420 1090
f 1090 2420 1092
f 1092 2420 2421
f 1092 2421 2422
f 2422 2048 1092
f 1081 1082 2354
f 2354 1082 2353
f 2353 1082 67
f 2353 67 69
f 1082 1083 67
f 67 1083 65
f 65 1083 1084
f 65 1084 95
f 95 1084 1085
f 95 1085 93
f 93 1085 1086
f 93 1086 411
f 411 1086 410
f 410 1086 1078
f 410 1078 1360
f 1360 1078 2423
f 2423 1078 1079
f 2423 1079 2424
f 2424 1079 2425
f 2425 1079 2426
f 2426 1079 2427
f 1361 2428 1360
f 1360 2428 2429
f 1360 2429 2430
f 1361 2431 2428
f 2432 405 2430
f 2430 405 406
f 2430 406 407
f 2433 2434 2432
f 2432 2434 422
f 2432 422 423
f 2433 2435 2434
f 2434 2435 2436
f 2436 2435 2437
f 2438 2087 2434
f 2434 2087 420
f 2434 420 421
f 2087 2438 2088
f 2088 2438 2439
f 2088 2439 2440
f 2440 2441 2088
f 2088 2441 2442
f 2087 2443 420
f 420 2443 419
f 419 2443 97
f 419 97 99
f 2443 2444 97
f 97 2444 86
f 86 2444 2445
f 86 2445 83
f 83 2445 2446
f 83 2446 81
f 81 2446 2447
f 81 2447 2366
f 2366 2447 2365
f 2365 2447 2448
f 2365 2448 2449
f 2449 2448 2450
f 2450 2448 2451
f 2451 2448 2452
f 2452 2448 2453
f 2452 2453 2454
f 2454 2453 2455
f 2454 2455 2456
f 2456 2037 2454
f 2454 2037 2001
f 2454 2001 2457
f 2457 2001 2458
f 2458 2001 2058
f 2449 2459 2365
f 2365 2459 2364
f 2364 2459 2460
f 2364 2460 2363
f 2363 2460 2362
f 2362 2460 2371
f 2362 2371 2361
f 2361 2371 2360
f 2360 2371 2407
f 2360 2407 2359
f 2359 2407 2358
f 2378 2374 2460
f 2460 2374 2373
f 2460 2373 2371
f 2378 2376 2374
f 76 2349 73
f 73 2349 2350
f 73 2350 2351
f 77 2368 76
f 76 2368 2369
f 76 2369 2349
f 2368 77 2367
f 2367 77 79
f 2367 79 2366
f 2366 79 81
f 419 99 418
f 418 99 101
f 418 101 417
f 417 101 103
f 417 103 416
f 416 103 415
f 415 103 87
f 415 87 414
f 414 87 413
f 413 87 89
f 413 89 412
f 412 89 91
f 412 91 411
f 411 91 93
f 2353 69 2352
f 2352 69 71
f 2352 71 2351
f 2351 71 73
f 407 408 2430
f 2430 408 1360
f 408 409 1360
f 1360 409 410
f 421 422 2434
f 423 404 2432
f 2432 404 405
f 2407 2371 2408
f 2408 2371 2370
f 2408 2370 2409
f 2409 2370 2413
f 2409 2413 2410
f 2410 2413 2412
f 2410 2412 2411
f 2461 2462 2463
f 2463 2462 2464
f 2463 2464 2465
f 2463 2465 2466
f 2466 2465 2467
f 2466 2467 2468
f 2468 2467 2469
f 2466 2468 2470
f 2470 2468 2471
f 2470 2471 2472
f 2472 2471 2473
f 2472 2473 2474
f 2474 2473 2475
f 2474 2475 2476
f 2476 2475 2477
f 2476 2477 2478
f 2478 2477 2479
f 2478 2479 2480
f 2480 2479 2481
f 2480 2481 2482
f 2482 2481 2483
f 2482 2483 2484
f 2484 2483 2485
f 2484 2485 2486
f 2486 2485 2487
f 2486 2488 2484
f 2484 2488 2489
f 2484 2489 2482
f 2482 2489 2490
f 2482 2490 2480
f 2480 2490 2491
f 2480 2491 2478
f 2478 2491 2492
f 2478 2492 2476
f 2476 2492 2493
f 2476 2493 2474
f 2474 2493 2494
f 2474 2494 2472
f 2472 2494 2495
f 2472 2495 2470
f 2470 2495 2496
f 2470 2496 2466
f 2466 2496 2463
f 2488 2497 2489
f 2489 2497 2498
f 2489 2498 2499
f 2489 2499 2490
f 2490 2499 2500
f 2490 2500 2491
f 2491 2500 2501
f 2491 2501 2492
f 2492 2501 2502
f 2492 2502 2493
f 2493 2502 2503
f 2493 2503 2494
f 2494 2503 2504
f 2494 2504 2495
f 2495 2504 2505
f 2495 2505 2496
f 2496 2505 2461
f 2496 2461 2463
f 2498 2462 2499
f 2499 2462 2461
f 2499 2461 2500
f 2500 2461 2505
f 2500 2505 2501
f 2501 2505 2504
f 2501 2504 2502
f 2502 2504 2503
f 1240 1239 2506
f 2506 1239 2507
f 2506 2507 2508
f 2508 2507 2433
f 2508 2433 2432
f 1239 1242 2507
f 2507 1242 2509
f 2507 2509 2435
f 2435 2509 2437
f 2437 2509 2510
f 2437 2510 2436
f 1246 2511 1242
f 1242 2511 2509
f 2511 2510 2509
f 2435 2433 2507
f 1296 1238 1299
f 1299 1238 1240
f 1299 1240 2512
f 2512 1240 2506
f 2512 2506 2513
f 2513 2506 2508
f 2513 2508 2430
f 2430 2508 2432
f 1238 1296 1237
f 1237 1296 1297
f 1237 1297 1235
f 1235 1297 1298
f 1293 1291 1357
f 1357 1291 2514
f 1357 2514 1359
f 1359 2514 2431
f 1359 2431 1361
f 1291 1294 2514
f 2514 1294 2515
f 2514 2515 2428
f 2428 2515 2429
f 2429 2515 2513
f 2429 2513 2430
f 1299 2512 1294
f 1294 2512 2515
f 2512 2513 2515
f 2428 2431 2514
f 1696 1658 1986
f 1986 1658 2516
f 1100 2071 2047
f 2047 2071 2517
f 2047 2517 2046
f 2046 2517 2518
f 2046 2518 2045
f 2045 2518 2519
f 2045 2519 2044
f 2044 2519 2520
f 2044 2520 2043
f 2043 2520 2521
f 2043 2521 2042
f 2038 2062 2064
f 2064 2062 2522
f 2522 2062 2061
f 2522 2061 2523
f 2523 2061 2060
f 2523 2060 2524
f 2524 2060 2059
f 2524 2059 2525
f 2525 2059 2041
f 2525 2041 2526
f 2526 2041 2040
f 2032 2527 2031
f 2031 2527 2528
f 2031 2528 2030
f 2030 2528 2529
f 2030 2529 2029
f 2029 2529 2530
f 2029 2530 2028
f 2028 2530 2531
f 2532 2527 2533
f 2533 2527 2032
f 2533 2032 2534
f 2534 2032 2535
f 2535 2032 2536
f 2536 2032 2033
f 2536 2033 2537
f 2537 2033 2034
f 2537 2034 2538
f 2538 2034 2035
f 2538 2035 2539
f 2539 2035 2540
f 2540 2035 2541
f 2541 2035 2542
f 2541 2542 2543
f 2419 2418 1216
f 1216 2418 1217
f 1217 2418 2417
f 1217 2417 1218
f 1218 2417 2416
f 1218 2416 1212
f 1212 2416 2415
f 1212 2415 1183
f 2419 1216 2420
f 2420 1216 1220
f 2544 2545 2009
f 2009 2545 2010
f 2010 2545 2546
f 2010 2546 2011
f 2011 2546 2547
f 2011 2547 2036
f 2036 2547 2542
f 2036 2542 2035
f 2009 2008 2544
f 2544 2008 2548
f 1137 2459 1135
f 1135 2459 2449
f 1135 2449 1134
f 1134 2449 2450
f 1134 2450 1133
f 1133 2450 2451
f 1133 2451 1130
f 1130 2451 2452
f 2415 2549 1183
f 1183 2549 2550
f 1183 2550 2551
f 2415 2414 2549
f 2551 2552 1183
f 1183 2552 1174
f 1174 2552 2553
f 1174 2553 1166
f 1166 2553 2554
f 1166 2554 1137
f 1137 2554 2555
f 1137 2555 2556
f 2556 2557 1137
f 1137 2557 2459
f 2459 2557 2460
f 1079 1080 2427
f 2427 1080 1367
f 2427 1367 2426
f 2426 1367 1366
f 2426 1366 2425
f 2425 1366 1365
f 2425 1365 2424
f 2424 1365 1364
f 2424 1364 2423
f 2423 1364 1362
f 2438 1377 2439
f 2439 1377 1381
f 2439 1381 2440
f 2440 1381 1380
f 2440 1380 2441
f 2441 1380 1379
f 2441 1379 2442
f 2442 1379 1378
f 2442 1378 2088
f 2088 1378 1369
f 2438 1351 1377
f 1377 1351 1352
f 1377 1352 1353
f 2434 2558 2438
f 2438 2558 2559
f 2438 2559 1351
f 1353 1354 1377
f 1377 1354 1355
f 2516 1658 2560
f 2560 1658 1657
f 2560 1657 2561
f 2561 1657 1652
f 2561 1652 2562
f 2562 1652 2563
f 2563 1652 1580
f 2563 1580 1091
f 1091 1092 2563
f 620 597 2453
f 2453 597 2455
f 2455 597 596
f 2455 596 2456
f 2456 596 591
f 2456 591 2037
f 697 656 719
f 719 656 657
f 719 657 2448
f 2448 657 664
f 2448 664 663
f 698 705 697
f 697 705 704
f 697 704 656
f 620 2453 663
f 663 2453 2448
f 2521 2564 2042
f 2042 2564 2048
f 2564 2565 2563
f 2563 2565 2566
f 2563 2566 2567
f 2565 2564 2568
f 2568 2564 2521
f 2568 2521 2569
f 2569 2521 2570
f 2570 2521 2571
f 2571 2521 2065
f 2571 2065 2572
f 2572 2065 2066
f 2572 2066 2067
f 2521 2520 2065
f 2065 2520 2519
f 2065 2519 2518
f 2518 2517 2065
f 2065 2517 2071
f 2572 2067 2573
f 2573 2067 2068
f 2573 2068 2069
f 2573 2069 2574
f 2574 2069 2070
f 2574 2070 2063
f 2064 2522 2063
f 2063 2522 2523
f 2063 2523 2524
f 2524 2525 2063
f 2063 2525 2526
f 2063 2526 2575
f 2575 2526 2576
f 2576 2526 2577
f 2577 2526 2578
f 2578 2526 2579
f 2578 2579 2580
f 2580 2579 2000
f 2580 2000 2581
f 2581 2000 2548
f 2548 2000 1996
f 2548 1996 1997
f 1997 1998 2548
f 2548 1998 1995
f 2548 1995 2544
f 2544 1995 1988
f 2544 1988 1989
f 2544 1989 2545
f 2545 1989 1990
f 2545 1990 1991
f 2545 1991 2546
f 2546 1991 1992
f 2546 1992 2547
f 2547 1992 1993
f 2547 1993 1994
f 1987 2543 1994
f 1994 2543 2542
f 1994 2542 2547
f 1987 1979 2543
f 2543 1979 2498
f 2543 2498 2487
f 2487 2498 2497
f 2487 2497 2488
f 2498 1979 2532
f 2532 1979 1980
f 2532 1980 2527
f 2527 1980 2528
f 2528 1980 1981
f 2528 1981 1982
f 2528 1982 2529
f 2529 1982 1983
f 2529 1983 2530
f 2530 1983 1984
f 2530 1984 1985
f 2530 1985 2531
f 2531 1985 1986
f 2531 1986 2516
f 2531 2516 2567
f 2567 2516 2560
f 2567 2560 2561
f 2561 2562 2567
f 2567 2562 2563
f 2575 2574 2063
f 2498 2532 2462
f 2462 2532 2469
f 2462 2469 2464
f 2464 2469 2465
f 2465 2469 2467
f 2488 2486 2487
f 1140 1139 10
f 10 1139 8
f 8 1139 1138
f 8 1138 6
f 6 1138 1136
f 6 1136 4
f 4 1136 1132
f 12 1141 10
f 10 1141 1140
f 1193 1195 31
f 31 1195 1196
f 31 1196 30
f 30 1196 1198
f 2113 2125 53
f 53 2125 51
f 51 2125 2124
f 51 2124 1214
f 1214 2124 2119
f 1214 2119 2134
f 2134 2133 1214
f 1214 2133 2130
f 1214 2130 1215
f 1214 1213 51
f 51 1213 49
f 49 1213 1211
f 49 1211 47
f 47 1211 1210
f 47 1210 45
f 45 1210 1209
f 2087 723 2443
f 2443 723 725
f 2443 725 2444
f 2444 725 727
f 2444 727 2445
f 2445 727 729
f 2445 729 2446
f 2446 729 731
f 2446 731 733
f 2446 733 2447
f 2447 733 719
f 2447 719 2448
f 2396 2394 2414
f 2414 2394 2549
f 2549 2394 2392
f 2549 2392 2550
f 2550 2392 2390
f 2550 2390 2551
f 2551 2390 2388
f 2551 2388 2552
f 2552 2388 2386
f 2552 2386 2553
f 2553 2386 2554
f 2554 2386 2384
f 2554 2384 2555
f 2555 2384 2382
f 2555 2382 2556
f 2556 2382 2380
f 2556 2380 2557
f 2557 2380 2377
f 2557 2377 2460
f 2460 2377 2378
f 2452 2454 1130
f 1130 2454 1131
f 2454 2457 1131
f 1131 2457 1233
f 1233 2457 2458
f 1233 2458 1232
f 1232 2458 2058
f 1232 2058 1231
f 1231 2058 2057
f 1231 2057 1230
f 1230 2057 2056
f 1230 2056 1229
f 1229 2056 2055
f 1229 2055 1228
f 1228 2055 2054
f 1228 2054 1227
f 1227 2054 2053
f 1227 2053 1226
f 1226 2053 2039
f 1226 2039 1225
f 1225 2039 2052
f 1225 2052 1224
f 1224 2052 2051
f 1224 2051 1221
f 1221 2051 2050
f 1221 2050 1222
f 1222 2050 2049
f 1222 2049 1223
f 1223 2049 2048
f 1223 2048 1234
f 1234 2048 2422
f 1234 2422 1219
f 1219 2422 2421
f 1219 2421 1220
f 1220 2421 2420
f 2543 2487 2541
f 2541 2487 2485
f 2541 2485 2540
f 2540 2485 2483
f 2540 2483 2539
f 2539 2483 2481
f 2539 2481 2538
f 2538 2481 2479
f 2538 2479 2537
f 2537 2479 2477
f 2537 2477 2536
f 2536 2477 2475
f 2536 2475 2535
f 2535 2475 2473
f 2535 2473 2534
f 2534 2473 2471
f 2534 2471 2533
f 2533 2471 2468
f 2533 2468 2532
f 2532 2468 2469
f 2000 2579 2001
f 2001 2579 2058
f 2579 2526 2058
f 2058 2526 2040
f 2564 2563 2048
f 2048 2563 1092
f 2027 2567 2026
f 2026 2567 2566
f 2026 2566 2025
f 2025 2566 2565
f 2025 2565 2568
f 2025 2568 2024
f 2024 2568 2569
f 2024 2569 2023
f 2023 2569 2022
f 2022 2569 2570
f 2022 2570 2021
f 2021 2570 2571
f 2021 2571 2572
f 2021 2572 2020
f 2020 2572 2573
f 2020 2573 2019
f 2019 2573 2018
f 2018 2573 2574
f 2018 2574 2017
f 2017 2574 2575
f 2017 2575 2576
f 2577 2015 2576
f 2576 2015 2016
f 2576 2016 2017
f 2015 2577 2014
f 2014 2577 2578
f 2014 2578 2013
f 2013 2578 2580
f 2013 2580 2581
f 2013 2581 2012
f 2012 2581 2548
f 2012 2548 2008
f 2531 2567 2028
f 2028 2567 2027
f 1351 2559 1246
f 1246 2559 2511
f 2511 2559 2558
f 2511 2558 2510
f 2510 2558 2434
f 2510 2434 2436
f 1362 1346 2423
f 2423 1346 1356
f 2423 1356 1358
f 1350 1349 1362
f 1362 1349 1348
f 1362 1348 1347
f 1347 1346 1362
f 1358 1360 2423

