# https://github.com/mikedh/trimesh

o th_rr_1.stl
v -51.10408020 -50.35475922 30.17701721
v -51.07563782 -47.20794678 30.07087326
v -52.49946213 -48.20476151 29.72539711
v -55.58301163 -47.20794678 28.86312675
v -55.59201813 -48.20476151 28.89674950
v -52.51889420 -50.35475922 29.79791832
v -72.74976349 -50.35475922 14.50353909
v -72.74976349 -50.50476074 14.50353909
v -72.39982605 -50.35475922 14.67611122
v -72.39982605 -50.50476074 14.67611122
v -72.14256287 -50.35475922 14.96946430
v -72.14256287 -50.50476074 14.96946430
v -72.01714325 -50.35475922 15.33893871
v -72.01714325 -50.50476074 15.33893871
v -72.04266357 -50.35475922 15.72828388
v -72.04266357 -50.50476074 15.72828388
v -72.56029510 -50.50476074 17.66013527
v -72.56029510 -50.35475922 17.66013527
v -72.73287201 -50.35475922 18.01007843
v -72.73287201 -50.50476074 18.01007843
v -73.02622223 -50.35475922 18.26734161
v -73.02622223 -50.50476074 18.26734161
v -73.39569855 -50.35475922 18.39276123
v -73.39569855 -50.50476074 18.39276123
v -73.78504181 -50.35475922 18.36724281
v -73.78504181 -50.50476074 18.36724281
v -76.68282318 -50.50476074 17.59078598
v -76.68282318 -50.35475922 17.59078598
v -76.87229156 -50.35475922 14.43418884
v -76.87229156 -50.50476074 14.43418884
v -76.69971466 -50.35475922 14.08424568
v -76.69971466 -50.50476074 14.08424568
v -76.40636444 -50.35475922 13.82698250
v -76.40636444 -50.50476074 13.82698250
v -76.03688812 -50.35475922 13.70156288
v -76.03688812 -50.50476074 13.70156288
v -75.64754486 -50.35475922 13.72708130
v -75.64754486 -50.50476074 13.72708130
v -77.03276062 -50.35475922 17.41821289
v -77.03276062 -50.50476074 17.41821289
v -77.29002380 -50.35475922 17.12485886
v -77.29002380 -50.50476074 17.12485886
v -77.41544342 -50.35475922 16.75538635
v -77.41544342 -50.50476074 16.75538635
v -77.38993073 -50.35475922 16.36603928
v -77.38993073 -50.50476074 16.36603928
v -74.70613098 -50.35475922 15.42867279
v -74.76759338 -50.35475922 15.36075020
v -74.70613098 -50.50476074 15.42867279
v -74.76759338 -50.50476074 15.36075020
v -74.83600616 -50.35475922 15.30308437
v -74.83600616 -50.50476074 15.30308437
v -74.91565704 -50.35475922 15.26201344
v -74.91565704 -50.50476074 15.26201344
v -75.00186157 -50.35475922 15.23063660
v -75.00186157 -50.50476074 15.23063660
v -75.08084106 -50.35475922 15.21629333
v -75.08084106 -50.50476074 15.21629333
v -75.15975189 -50.35475922 15.21014118
v -75.15975189 -50.50476074 15.21014118
v -75.23854065 -50.35475922 15.21763992
v -75.23854065 -50.50476074 15.21763992
v -75.31726074 -50.35475922 15.23332596
v -75.31726074 -50.50476074 15.23332596
v -75.39494324 -50.35475922 15.26556587
v -75.39494324 -50.50476074 15.26556587
v -75.46641541 -50.35475922 15.30652809
v -75.46641541 -50.50476074 15.30652809
v -75.52785492 -50.35475922 15.36158657
v -75.52785492 -50.50476074 15.36158657
v -75.58342743 -50.35475922 15.42487049
v -75.58342743 -50.50476074 15.42487049
v -75.63700104 -50.35475922 15.51156330
v -75.63700104 -50.50476074 15.51156330
v -75.68384552 -50.35475922 15.60134888
v -75.68384552 -50.50476074 15.60134888
v -75.72013855 -50.35475922 15.69598103
v -75.72013855 -50.50476074 15.69598103
v -75.75041199 -50.35475922 15.79337883
v -75.75041199 -50.50476074 15.79337883
v -75.76882172 -50.35475922 15.87887001
v -75.76882172 -50.50476074 15.87887001
v -75.78190613 -50.35475922 15.96489239
v -75.78190613 -50.50476074 15.96489239
v -75.78610229 -50.35475922 16.05179977
v -75.78610229 -50.50476074 16.05179977
v -75.78495026 -50.35475922 16.13924217
v -75.78495026 -50.50476074 16.13924217
v -75.77230072 -50.35475922 16.22265434
v -75.77230072 -50.50476074 16.22265434
v -75.75044250 -50.35475922 16.30249786
v -75.75044250 -50.50476074 16.30249786
v -75.71309662 -50.35475922 16.37633324
v -75.71309662 -50.50476074 16.37633324
v -75.66635132 -50.35475922 16.44652176
v -75.66635132 -50.50476074 16.44652176
v -75.59966278 -50.35475922 16.50967216
v -75.59966278 -50.50476074 16.50967216
v -75.52712250 -50.35475922 16.56323242
v -75.52712250 -50.50476074 16.56323242
v -75.44533539 -50.35475922 16.60166931
v -75.44533539 -50.50476074 16.60166931
v -75.35825348 -50.35475922 16.63144112
v -75.35825348 -50.50476074 16.63144112
v -75.27990723 -50.35475922 16.64665604
v -75.27990723 -50.50476074 16.64665604
v -75.20190430 -50.35475922 16.65268326
v -75.20190430 -50.50476074 16.65268326
v -75.12450409 -50.35475922 16.64266205
v -75.12450409 -50.50476074 16.64266205
v -75.04748535 -50.35475922 16.62245560
v -75.04748535 -50.50476074 16.62245560
v -74.97313690 -50.35475922 16.57923889
v -74.97313690 -50.50476074 16.57923889
v -74.90596771 -50.35475922 16.52799416
v -74.90596771 -50.50476074 16.52799416
v -74.84963989 -50.35475922 16.46462059
v -74.84963989 -50.50476074 16.46462059
v -74.79936218 -50.35475922 16.39448166
v -74.79936218 -50.50476074 16.39448166
v -74.58837128 -50.35475922 16.50788689
v -74.58837128 -50.50476074 16.50788689
v -74.65759277 -50.35475922 16.60401154
v -74.65759277 -50.50476074 16.60401154
v -74.73601532 -50.35475922 16.68959618
v -74.73601532 -50.50476074 16.68959618
v -74.83026123 -50.35475922 16.75706291
v -74.83026123 -50.50476074 16.75706291
v -74.93432617 -50.35475922 16.81327438
v -74.93432617 -50.50476074 16.81327438
v -75.05117798 -50.35475922 16.84415436
v -75.05117798 -50.50476074 16.84415436
v -75.16862488 -50.35475922 16.85976791
v -75.16862488 -50.50476074 16.85976791
v -75.28702545 -50.35475922 16.85110092
v -75.28702545 -50.50476074 16.85110092
v -75.40598297 -50.35475922 16.82843590
v -75.40598297 -50.50476074 16.82843590
v -75.51347351 -50.35475922 16.79127312
v -75.51347351 -50.50476074 16.79127312
v -75.61578369 -50.35475922 16.74481773
v -75.61578369 -50.50476074 16.74481773
v -75.70935822 -50.35475922 16.68268394
v -75.70935822 -50.50476074 16.68268394
v -75.79762268 -50.35475922 16.61102104
v -75.79762268 -50.50476074 16.61102104
v -75.87085724 -50.35475922 16.52624321
v -75.87085724 -50.50476074 16.52624321
v -75.93291473 -50.35475922 16.43527985
v -75.93291473 -50.50476074 16.43527985
v -75.97660065 -50.35475922 16.33413887
v -75.97660065 -50.50476074 16.33413887
v -76.00939178 -50.35475922 16.22696304
v -76.00939178 -50.50476074 16.22696304
v -76.02428436 -50.35475922 16.10161400
v -76.02428436 -50.50476074 16.10161400
v -76.02744293 -50.35475922 15.97675133
v -76.02744293 -50.50476074 15.97675133
v -76.01201630 -50.35475922 15.85265923
v -76.01201630 -50.50476074 15.85265923
v -75.98591614 -50.35475922 15.72901154
v -75.98591614 -50.50476074 15.72901154
v -75.94732666 -50.35475922 15.61180115
v -75.94732666 -50.50476074 15.61180115
v -75.90055847 -50.35475922 15.49861050
v -75.90055847 -50.50476074 15.49861050
v -75.83996582 -50.35475922 15.39221096
v -75.83996582 -50.50476074 15.39221096
v -75.77095795 -50.35475922 15.28994846
v -75.77095795 -50.50476074 15.28994846
v -75.69544220 -50.35475922 15.20694733
v -75.69544220 -50.50476074 15.20694733
v -75.61287689 -50.35475922 15.13371658
v -75.61287689 -50.50476074 15.13371658
v -75.51820374 -50.35475922 15.07725906
v -75.51820374 -50.50476074 15.07725906
v -75.41601562 -50.35475922 15.03120136
v -75.41601562 -50.50476074 15.03120136
v -75.29447937 -50.35475922 15.00875568
v -75.29447937 -50.50476074 15.00875568
v -75.17304230 -50.35475922 15.00055695
v -75.17304230 -50.50476074 15.00055695
v -75.05175781 -50.35475922 15.01414204
v -75.05175781 -50.50476074 15.01414204
v -74.93054962 -50.35475922 15.03995991
v -74.93054962 -50.50476074 15.03995991
v -74.81028748 -50.35475922 15.08288002
v -74.81028748 -50.50476074 15.08288002
v -74.69857788 -50.35475922 15.13883686
v -74.69857788 -50.50476074 15.13883686
v -74.60157013 -50.35475922 15.21724033
v -74.60157013 -50.50476074 15.21724033
v -74.51373291 -50.35475922 15.30961800
v -74.51373291 -50.50476074 15.30961800
v -74.44861603 -50.35475922 15.42592430
v -74.44861603 -50.50476074 15.42592430
v -74.40001678 -50.35475922 15.54714775
v -74.40001678 -50.50476074 15.54714775
v -74.37739563 -50.35475922 15.67611027
v -74.37739563 -50.50476074 15.67611027
v -74.36964417 -50.35475922 15.80949974
v -74.36964417 -50.50476074 15.80949974
v -74.61387634 -50.35475922 15.80598354
v -74.61387634 -50.50476074 15.80598354
v -74.61534882 -50.35475922 15.70611191
v -74.61534882 -50.50476074 15.70611191
v -74.62806702 -50.35475922 15.60912609
v -74.62806702 -50.50476074 15.60912609
v -74.66065979 -50.35475922 15.51724625
v -74.66065979 -50.50476074 15.51724625
v -73.69262695 -50.35475922 17.26351738
v -73.82940674 -50.35475922 17.22686768
v -73.69262695 -50.50476074 17.26351738
v -73.82940674 -50.50476074 17.22686768
v -73.85169983 -50.35475922 17.15232658
v -73.85169983 -50.50476074 17.15232658
v -73.87948608 -50.35475922 17.08019829
v -73.87948608 -50.50476074 17.08019829
v -73.91551971 -50.35475922 17.01169777
v -73.91551971 -50.50476074 17.01169777
v -73.95613861 -50.35475922 16.94521141
v -73.95613861 -50.50476074 16.94521141
v -74.01314545 -50.35475922 16.86719322
v -74.01314545 -50.50476074 16.86719322
v -74.07417297 -50.35475922 16.79276657
v -74.07417297 -50.50476074 16.79276657
v -74.14171600 -50.35475922 16.72417259
v -74.14171600 -50.50476074 16.72417259
v -74.21308136 -50.35475922 16.65899658
v -74.21308136 -50.50476074 16.65899658
v -74.15811157 -50.35475922 16.45383072
v -74.15811157 -50.50476074 16.45383072
v -74.10712433 -50.35475922 16.49316025
v -74.10712433 -50.50476074 16.49316025
v -74.05764771 -50.35475922 16.53423119
v -74.05764771 -50.50476074 16.53423119
v -74.01049042 -50.35475922 16.57796860
v -74.01049042 -50.50476074 16.57796860
v -73.96463776 -50.35475922 16.62320137
v -73.96463776 -50.50476074 16.62320137
v -73.92015076 -50.35475922 16.67014694
v -73.92015076 -50.50476074 16.67014694
v -73.87767029 -50.35475922 16.71870232
v -73.87767029 -50.50476074 16.71870232
v -73.83876038 -50.35475922 16.77012825
v -73.83876038 -50.50476074 16.77012825
v -73.80218506 -50.35475922 16.82343674
v -73.80218506 -50.50476074 16.82343674
v -73.43980408 -50.35475922 15.47099876
v -73.43980408 -50.50476074 15.47099876
v -73.22756195 -50.35475922 15.52786827
v -73.22756195 -50.50476074 15.52786827
v -85.05736542 -48.35475922 13.80414486
v -84.98134613 -47.97207642 13.80016136
v -85.00340271 -48.35475922 13.29073906
v -84.92987823 -47.97207642 13.31044102
v -84.79343414 -48.35475922 12.81913662
v -84.72959137 -47.97207642 12.86059475
v -84.44800568 -48.35475922 12.43550014
v -84.40010071 -47.97207642 12.49465656
v -84.00093079 -48.35475922 12.17738342
v -83.97365570 -47.97207642 12.24844742
v -83.49597931 -48.35475922 12.07005215
v -83.49199677 -47.97207642 12.14606857
v -82.98257446 -48.35475922 12.12401295
v -83.00227356 -47.97207642 12.19754028
v -82.51097107 -48.35475922 12.33398438
v -82.55242920 -47.97207642 12.39782429
v -82.12733459 -48.35475922 12.67941189
v -82.18649292 -47.97207642 12.72731590
v -81.86921692 -48.35475922 13.12648392
v -81.94028473 -47.97207642 13.15376282
v -81.76188660 -48.35475922 13.63143635
v -81.83790588 -47.97207642 13.63542080
v -81.81584930 -48.35475922 14.14484215
v -81.88937378 -47.97207642 14.12514114
v -82.02581787 -48.35475922 14.61644554
v -82.08966064 -47.97207642 14.57498741
v -82.37124634 -48.35475922 15.00008202
v -82.41915131 -47.97207642 14.94092464
v -82.81832123 -48.35475922 15.25819874
v -82.84559631 -47.97207642 15.18713379
v -83.32327271 -48.35475922 15.36553001
v -83.32725525 -47.97207642 15.28951359
v -83.83667755 -48.35475922 15.31156826
v -83.81697845 -47.97207642 15.23804188
v -84.30828094 -48.35475922 15.10159683
v -84.26682281 -47.97207642 15.03775692
v -84.69191742 -48.35475922 14.75616932
v -84.63275909 -47.97207642 14.70826530
v -84.95003510 -48.35475922 14.30909824
v -84.87896729 -47.97207642 14.28181839
v -83.88738251 -47.35475922 13.27705097
v -84.27570343 -47.43088150 13.15535069
v -84.03747559 -47.35475922 13.54955864
v -84.40711975 -47.43088150 13.45051289
v -84.44089508 -47.43088150 13.77183723
v -84.72048950 -47.64765167 13.36654568
v -84.76486969 -47.64765167 13.78881645
v -84.05951691 -47.43088150 12.91524506
v -83.62783051 -47.35475922 13.10551167
v -83.77970886 -47.43088150 12.75369740
v -83.46366882 -47.43088150 12.68652248
v -83.48065186 -47.64765167 12.36254406
v -83.05838013 -47.64765167 12.40692616
v -83.31829834 -47.35475922 13.07423878
v -83.14234924 -47.43088150 12.72029495
v -82.67049408 -47.64765167 12.57962513
v -83.02968597 -47.35475922 13.19039536
v -82.84718323 -47.43088150 12.85170937
v -82.35495758 -47.64765167 12.86373615
v -82.60707855 -47.43088150 13.06790161
v -82.82810974 -47.35475922 13.42737198
v -82.44553375 -47.43088150 13.34771061
v -82.75975800 -47.35475922 13.73087978
v -82.37835693 -47.43088150 13.66374397
v -82.41213226 -47.43088150 13.98506927
v -82.09876251 -47.64765167 14.06903553
v -82.27146149 -47.64765167 14.45692444
v -82.84027863 -47.35475922 14.03138924
v -82.54354095 -47.43088150 14.28023052
v -82.55557251 -47.64765167 14.77246094
v -82.75973511 -47.43088150 14.52033615
v -83.05123138 -47.35475922 14.26005745
v -83.03954315 -47.43088150 14.68188381
v -83.34428406 -47.35475922 14.36449814
v -83.35557556 -47.43088150 14.74905872
v -83.67690277 -47.43088150 14.71528625
v -83.76087189 -47.64765167 15.02865505
v -84.14875793 -47.64765167 14.85595608
v -83.65231323 -47.35475922 14.32078648
v -83.97206879 -47.43088150 14.58387184
v -84.46429443 -47.64765167 14.57184601
v -83.90473938 -47.35475922 14.13893604
v -84.21217346 -47.43088150 14.36767960
v -84.67658997 -47.64765167 14.20413399
v -84.37371826 -47.43088150 14.08787155
v -84.04373932 -47.35475922 13.86060619
v -84.54779053 -47.64765167 12.97865772
v -84.26367950 -47.64765167 12.66312122
v -83.89596558 -47.64765167 12.45082283
v -83.33860016 -47.64765167 15.07303810
v -82.92327881 -47.64765167 14.98475933
v -82.05438232 -47.64765167 13.64676571
v -82.14265442 -47.64765167 13.23144722
v -85.05736542 -50.35475922 13.80414486
v -85.00340271 -50.35475922 13.29073906
v -84.79343414 -50.35475922 12.81913662
v -84.44800568 -50.35475922 12.43550014
v -84.00093079 -50.35475922 12.17738342
v -83.49597931 -50.35475922 12.07005215
v -82.98257446 -50.35475922 12.12401295
v -82.51097107 -50.35475922 12.33398438
v -82.12733459 -50.35475922 12.67941189
v -81.86921692 -50.35475922 13.12648392
v -81.76188660 -50.35475922 13.63143635
v -81.81584930 -50.35475922 14.14484215
v -82.02581787 -50.35475922 14.61644554
v -82.37124634 -50.35475922 15.00008202
v -82.81832123 -50.35475922 15.25819874
v -83.32327271 -50.35475922 15.36553001
v -83.83667755 -50.35475922 15.31156826
v -84.30828094 -50.35475922 15.10159683
v -84.69191742 -50.35475922 14.75616932
v -84.95003510 -50.35475922 14.30909824
v -44.07197189 -51.89099884 25.81114006
v -44.40885925 -51.87973785 26.19719696
v -44.19392014 -52.13887024 25.89113235
v -44.47991562 -52.24159241 26.14307213
v -44.23189163 -52.25784683 25.86435890
v -44.28097916 -52.36991119 25.82821846
v -44.00949860 -52.26619339 25.56420708
v -44.06182861 -52.37855148 25.53227997
v -43.65544128 -52.27715302 24.90616989
v -43.71281052 -52.38990021 24.88336372
v -43.46267319 -52.27956772 24.32199669
v -43.52271271 -52.39240646 24.30724716
v -43.36195755 -52.27441406 23.64995766
v -43.42333984 -52.38706970 23.64451408
v -43.35559082 -52.27190018 23.47996330
v -43.41703796 -52.38446808 23.47689056
v -43.35669708 -52.26894379 23.30987167
v -43.41810226 -52.38140869 23.30917931
v -43.38124084 -52.26183701 22.97079468
v -43.44223022 -52.37405014 22.97488594
v -43.48284912 -52.24090195 22.42188835
v -43.50156021 -52.45825958 22.97952271
v -43.69311905 -52.54518890 22.46743393
v -43.56939316 -52.53555298 22.98533058
v -43.79046631 -52.70597839 23.00641251
v -43.76933670 -52.71354294 23.31173325
v -44.03057480 -52.81713104 23.31658745
v -44.03037643 -52.82005692 23.45856285
v -44.25667572 -52.84462738 23.29427528
v -44.03631210 -52.82255173 23.60046959
v -44.31013107 -52.85407639 23.96249008
v -44.12168884 -52.82766342 24.16166306
v -44.42670059 -52.85401917 24.39468956
v -44.28215790 -52.82527161 24.64989090
v -44.60430145 -52.84901810 24.80550766
v -44.57532120 -52.81440353 25.20057297
v -44.83846664 -52.83969879 25.18605232
v -44.75911331 -52.80612564 25.45214272
v -45.12474442 -52.82669067 25.52743912
v -44.86457825 -52.75041199 25.78319740
v -44.55647659 -52.70171356 25.61446571
v -44.63919830 -52.54590988 25.99837303
v -44.38220215 -52.53126526 25.75113678
v -44.32834244 -52.45402908 25.79246902
v -44.11246490 -52.46284866 25.50071144
v -44.04930496 -52.81007767 23.03357506
v -44.34897614 -52.82603836 22.63234711
v -43.99584198 -52.74970245 22.54099083
v -43.33471680 -52.14268112 22.96854973
v -43.39423370 -51.87910080 22.41068268
v -43.29505157 -51.89061356 22.91357040
v -43.30994034 -52.14948654 23.31109619
v -43.26198578 -51.89949417 23.42528725
v -43.30883026 -52.15231323 23.48290253
v -43.31526947 -52.15472031 23.65459824
v -43.29553986 -51.90514755 23.93685532
v -43.41698837 -52.15965652 24.33328819
v -43.39607239 -51.90700531 24.43934059
v -43.61163712 -52.15734863 24.92323303
v -43.56160736 -51.90501785 24.92441940
v -43.78823090 -51.89955521 25.38428307
v -43.96923065 -52.14686203 25.58787727
v -44.35728073 -52.71060181 25.34364510
v -44.03970337 -52.72227097 24.75017166
v -43.86626434 -52.72484970 24.22357178
v -43.77481079 -52.71936417 23.61804390
v -43.76873779 -52.71668625 23.46492195
v -44.17015457 -52.54019547 25.46422386
v -43.83229065 -52.55193329 24.83510971
v -43.64809418 -52.55452347 24.27661705
v -43.55157471 -52.54900742 23.63424110
v -43.54536819 -52.54631805 23.47178841
v -43.54628754 -52.54315567 23.30925941
v -43.76857376 -52.47443008 24.86093712
v -43.58118820 -52.47698975 24.29294014
v -43.48313904 -52.47154617 23.63958740
v -43.47688675 -52.46888733 23.47434807
v -43.47789001 -52.46576691 23.30902863
v -45.85255051 -51.77173233 27.64889526
v -47.28585434 -51.58192444 29.09626579
v -45.88993454 -51.98949814 27.63417053
v -47.37347031 -51.93127441 29.06546402
v -45.98138428 -52.24033737 27.56918526
v -47.54190826 -52.22813797 28.94641685
v -46.11529922 -52.45256042 27.45808792
v -46.23559952 -52.57315063 27.35109138
v -45.75501633 -52.48944473 27.09212494
v -45.87512589 -52.61004257 26.98349762
v -45.39001846 -52.52156448 26.72175217
v -45.50993729 -52.64214706 26.61147690
v -45.67770386 -52.74203873 26.45207596
v -46.58035660 -52.71588516 27.02362251
v -46.04277802 -52.71047211 26.82585526
v -46.40314865 -52.67408752 27.19519043
v -47.76916122 -52.43371964 28.75467873
v -48.02553177 -52.52115631 28.51530266
v -45.25753784 -52.30827713 26.83761978
v -45.16854095 -52.05550385 26.90729713
v -45.53157806 -52.02486801 27.27289963
v -45.62181473 -52.27668381 27.20558929
v -51.09045792 -51.35917282 30.12617111
v -51.07139969 -51.68681717 30.05504608
v -50.58304596 -51.36362839 30.22649574
v -50.41337204 -51.48056412 30.23219681
v -50.06698990 -51.37654114 30.25937080
v -50.07201385 -51.49040222 30.24676514
v -49.72957993 -51.50386810 30.23154068
v -50.07699203 -51.60212326 30.22115898
v -49.73833466 -51.61601639 30.20638657
v -50.08650970 -51.81321716 30.13295174
v -49.75851440 -51.82781219 30.11884689
v -50.09355545 -51.96707916 30.02625847
v -49.77708817 -51.98199844 30.01247025
v -50.10148621 -52.13677597 29.84095573
v -49.80371857 -52.15166855 29.82729912
v -50.10730362 -52.25614166 29.61949730
v -49.83073425 -52.27043915 29.60575294
v -50.11023712 -52.31044769 29.42053223
v -49.72449112 -52.33168411 29.39111900
v -51.02534103 -51.97160721 29.88316154
v -50.41328049 -51.80256271 30.11864090
v -50.41450119 -51.59197617 30.20653915
v -50.95748138 -52.18143463 29.62989998
v -50.39810944 -52.12590408 29.82859230
v -50.40879822 -51.95619202 30.01258469
v -50.38288116 -52.24570465 29.60879898
v -50.87546921 -52.29262543 29.32382393
v -50.49624252 -52.29719925 29.39805794
v -49.36485291 -52.30306244 29.52541733
v -49.34601212 -52.36019135 29.30980110
v -48.79162216 -52.35787201 29.31970978
v -48.98112488 -52.39484787 29.17832565
v -48.65494156 -52.37332535 29.25130844
v -48.63558578 -52.43420029 28.99991226
v -48.52151489 -52.38932037 29.17643547
v -48.26565552 -52.42264557 29.00791931
v -48.11511230 -52.31036758 29.19461250
v -48.31514359 -52.47679138 28.77781677
v -47.89869690 -51.98324585 29.43208313
v -47.98135376 -52.14095688 29.34747124
v -48.39171982 -52.27561188 29.37389183
v -47.79553604 -51.64709091 29.51175690
v -47.82238388 -51.76387787 29.49649048
v -48.20332336 -51.94922256 29.62729263
v -48.27567291 -52.10615158 29.53644180
v -48.42901230 -52.08944321 29.62018967
v -48.53585815 -52.25893021 29.45341301
v -48.68345261 -52.24281311 29.52597046
v -47.67151260 -51.53868103 29.43667221
v -48.09857559 -51.49716949 29.72385025
v -48.11117554 -51.61575699 29.71561050
v -48.27587509 -51.60070801 29.80608940
v -48.29888153 -51.71598434 29.78723717
v -48.46619415 -51.70097351 29.86874008
v -48.52462387 -51.91710281 29.79269600
v -49.20569229 -51.86112213 30.02852821
v -49.24356842 -52.01605606 29.92490005
v -48.55939102 -51.45880890 29.95364761
v -48.44466019 -51.58617020 29.88867760
v -49.16794968 -51.64772415 30.11270332
v -49.15314484 -51.53458786 30.13619614
v -49.04630280 -51.42502594 30.12191010
v -49.55163956 -51.39724350 30.22454643
v -49.30181122 -52.18566513 29.74336433
v -48.58600998 -52.07330322 29.69655800
v -48.36207199 -51.93288422 29.71380615
v -48.13555908 -51.73152161 29.69790268
v -55.59782791 -51.35917282 28.91842461
v -55.57876968 -51.68681717 28.84729958
v -55.53271103 -51.97160721 28.67541504
v -55.46485138 -52.18143463 28.42215347
v -55.38283920 -52.29262543 28.11607742
v -57.03609848 -51.36845398 28.47369385
v -58.43619919 -51.39558029 27.92103195
v -57.71963882 -51.61594772 28.17445183
v -58.39875412 -51.72488022 27.85625839
v -57.68041992 -51.83564377 28.08646202
v -58.31990051 -52.01065826 27.69455719
v -57.63536453 -51.99370193 27.98048401
v -57.56641006 -52.15153503 27.81394386
v -57.28913116 -51.98698807 28.11354828
v -57.22392273 -52.14481735 27.94583130
v -56.94502258 -51.98152542 28.23832130
v -56.88352966 -52.13935089 28.06946754
v -56.81186676 -52.25062180 27.86986732
v -56.74872971 -52.30215073 27.69222260
v -57.14809799 -52.25599670 27.74749565
v -57.48637772 -52.26260376 27.61692429
v -58.20862198 -52.22032928 27.45436859
v -58.07761383 -52.32997894 27.16308212
v -56.98498917 -51.82360840 28.34591675
v -57.01945877 -51.60421371 28.43548965
v -57.33162689 -51.82900620 28.22035217
v -57.36846542 -51.60947800 28.30915260
v -58.87242126 -51.77306747 27.63698959
v -58.77833939 -51.66215134 27.71879959
v -58.95035553 -51.44262695 27.68440819
v -58.71741104 -51.65459061 27.74738121
v -58.65625763 -51.64805603 27.77574921
v -58.65530777 -51.87527847 27.66780472
v -58.59782410 -51.86871338 27.69478035
v -58.59105682 -52.03325653 27.56833267
v -58.53644562 -52.02676392 27.59436798
v -58.49881744 -52.19042206 27.40856171
v -58.44740295 -52.18415833 27.43373108
v -58.39725876 -52.29964447 27.21709442
v -58.34849167 -52.29378891 27.24171257
v -58.71257401 -51.88283157 27.64062500
v -58.75354004 -52.05852509 27.48902893
v -58.64545441 -52.04071426 27.54208565
v -58.55001831 -52.19760513 27.38316345
v -58.60767746 -52.26545715 27.25791168
v -58.44580841 -52.30637741 27.19222450
v -58.45197678 -52.36959457 26.97080421
v -58.79714203 -52.45535278 26.77937698
v -58.91350555 -52.40185165 26.97821045
v -59.03113174 -52.29808807 27.15527344
v -59.12467194 -52.18037415 27.27459908
v -59.24201965 -51.98118973 27.39288521
v -59.31171036 -52.24779510 27.17780685
v -59.44068146 -52.05118179 27.29297066
v -59.49465179 -52.32690048 27.08206749
v -59.63513565 -52.13349152 27.19422913
v -59.67058182 -52.41603851 26.98893929
v -59.82228088 -52.22640991 27.09827042
v -59.75668335 -52.46463394 26.94295883
v -59.91392899 -52.27712631 27.05092621
v -59.84145737 -52.51585770 26.89741707
v -60.00420380 -52.33061981 27.00405693
v -60.18957520 -52.72632599 26.73715782
v -60.43478775 -52.47778702 26.84905434
v -60.15510559 -52.11260986 27.04929924
v -60.65185928 -52.18252945 26.83809471
v -60.25729370 -51.91957092 27.03964424
v -60.05862808 -52.05683136 27.09833527
v -59.96073532 -52.00400925 27.14786911
v -59.34207153 -51.74975586 27.45615196
v -59.55368042 -51.82206345 27.35158920
v -59.76100540 -51.90740204 27.24826813
v -59.39961243 -51.54660416 27.46624756
v -59.83761978 -51.70644760 27.25016212
v -59.72027206 -52.62289429 26.78214455
v -59.94919205 -52.89472961 26.51744652
v -59.57755661 -52.71327972 26.60499763
v -59.74594116 -52.96036530 26.21945190
v -59.44795609 -52.75247192 26.40118217
v -59.49900055 -52.66566467 26.65031624
v -59.13042068 -52.58349228 26.58864975
v -59.41921997 -52.62051010 26.69599724
v -59.25622940 -52.53773117 26.78829575
v -59.38692093 -52.44000244 26.96503639
v -59.21101761 -52.36340332 27.05969238
v -59.08675766 -52.46434021 26.88288498
v -59.55604553 -52.52629089 26.87285042
v -59.63880157 -52.57332611 26.82729530
v -60.14369202 -53.21577835 26.00781631
v -60.07563782 -53.06575012 26.32397652
v -60.22337341 -52.97943497 26.50672722
v -60.34949493 -52.87515640 26.62462807
v -60.52172470 -52.69107056 26.73367882
v -60.54168320 -52.98806381 26.52550697
v -60.70102692 -52.79597855 26.64211082
v -60.94738770 -53.16393661 26.31945801
v -61.07955551 -52.95922470 26.45196533
v -61.14670181 -53.22308350 26.21961594
v -61.26553345 -53.01403809 26.35993195
v -61.24778366 -53.24675751 26.16930199
v -61.35985184 -53.03594971 26.31357765
v -61.34965134 -53.26643753 26.11881065
v -61.45490265 -53.05413818 26.26707458
v -61.77397537 -53.28013611 25.94051170
v -61.86782074 -52.97341919 26.13925743
v -61.53742599 -52.80144119 26.35470772
v -61.90645981 -52.60709763 26.22108078
v -61.57397842 -52.57958603 26.37966919
v -61.45042801 -52.78517532 26.39685059
v -61.36408997 -52.76550293 26.43887901
v -60.68288422 -52.47274780 26.77834892
v -60.84713745 -52.56811523 26.69508171
v -61.19381714 -52.71607590 26.52237511
v -60.93749237 -52.36419678 26.69269371
v -61.24785233 -52.49783325 26.53840065
v -61.26210785 -53.38569641 25.97652626
v -61.63828278 -53.48357010 25.65314102
v -61.14748001 -53.48263931 25.77061462
v -61.48006058 -53.55475998 25.31805992
v -61.02035904 -53.51606750 25.55216599
v -60.57170105 -53.40204239 25.78373718
v -60.93026352 -53.43696213 25.88104630
v -61.03846741 -53.46195602 25.82593727
v -61.15635681 -53.36532593 26.02950096
v -60.28186035 -53.18659973 26.21570778
v -60.71678925 -53.37421799 25.99035645
v -60.84445190 -53.27944565 26.18697548
v -61.05141449 -53.34079742 26.08227730
v -60.42305756 -53.09678650 26.40291786
v -69.75571442 -52.60709763 22.51475334
v -69.71707916 -52.97341919 22.43292999
v -69.62322998 -53.28013611 22.23418427
v -69.48754120 -53.48357010 21.94681168
v -69.32931519 -53.55475998 21.61173248
v -82.24607849 -52.60709763 19.16796875
v -82.23862457 -52.97341919 19.07779121
v -80.09329987 -52.60709763 19.41083336
v -80.08046722 -52.97341919 19.32126045
v -77.95886993 -52.60709763 19.78188896
v -77.94071198 -52.97341919 19.69324303
v -75.85042572 -52.60709763 20.27980995
v -75.82701111 -52.97341919 20.19240761
v -73.77550507 -52.60709763 20.90281868
v -73.74690247 -52.97341919 20.81697083
v -71.74150848 -52.60709763 21.64868736
v -71.70783234 -52.97341919 21.56470299
v -71.62602997 -53.28013611 21.36070442
v -71.50774384 -53.48357010 21.06573868
v -71.36982727 -53.55475998 20.72180367
v -82.22052765 -53.28013611 18.85874939
v -80.04931641 -53.28013611 19.10369110
v -77.89661407 -53.28013611 19.47792435
v -75.77012634 -53.28013611 19.98010826
v -73.67743683 -53.28013611 20.60844994
v -82.19435120 -53.48357010 18.54203033
v -80.00426483 -53.48357010 18.78910255
v -77.83285522 -53.48357010 19.16658974
v -75.68787384 -53.48357010 19.67313957
v -73.57698822 -53.48357010 20.30694389
v -82.16384125 -53.55475998 18.17273140
v -79.95173645 -53.55475998 18.42228699
v -77.75849915 -53.55475998 18.80356789
v -75.59196472 -53.55475998 19.31520844
v -73.45986938 -53.55475998 19.95538330
v -82.40415192 -52.60709763 19.15490723
v -82.39669800 -52.97341919 19.06472778
v -82.37860107 -53.28013611 18.84568596
v -82.35243225 -53.48357010 18.52896881
v -82.32191467 -53.55475998 18.15966988
v -84.77385712 -52.60709763 15.78791428
v -84.68645477 -52.97341919 15.81133461
v -84.86276245 -52.60709763 16.36668587
v -84.77457428 -52.97341919 16.45153427
v -84.82393646 -52.60709763 16.95095634
v -84.70156097 -52.97341919 17.09363365
v -84.65923309 -52.60709763 17.51287460
v -84.47193909 -52.97341919 17.69770050
v -84.37650299 -52.60709763 18.02565575
v -84.09999847 -52.97341919 18.22617340
v -83.98922729 -52.60709763 18.46485519
v -83.60886383 -52.97341919 18.64618683
v -83.51586151 -52.60709763 18.80953407
v -83.02908325 -52.97341919 18.93162155
v -82.97897339 -52.60709763 19.04326630
v -84.47415924 -53.28013611 15.86821938
v -84.55480194 -53.28013611 16.45412445
v -84.48797607 -53.28013611 17.04176521
v -84.27783203 -53.28013611 17.59460068
v -83.93743896 -53.28013611 18.07825089
v -83.48796082 -53.28013611 18.46264076
v -82.95734406 -53.28013611 18.72386742
v -82.85362244 -53.48357010 18.42347336
v -82.79849243 -53.55475998 18.04894066
v -83.31314087 -53.48357010 18.19725037
v -83.22309875 -53.55475998 17.80583572
v -83.70238495 -53.48357010 17.86436653
v -83.55986023 -53.55475998 17.45089531
v -83.99716949 -53.48357010 17.44552422
v -83.78031921 -53.55475998 17.01410675
v -84.17916107 -53.48357010 16.96676636
v -83.86585999 -53.55475998 16.53236771
v -84.23703003 -53.48357010 16.45786667
v -83.80925751 -53.55475998 16.04637909
v -84.16719055 -53.48357010 15.95047188
v -83.55602264 -52.60709763 11.24289417
v -83.46862030 -52.97341919 11.26631355
v -83.25631714 -53.28013611 11.32319927
v -82.94934845 -53.48357010 11.40545082
v -82.59142303 -53.55475998 11.50135899
v -79.82030487 -52.60709763 9.51184654
v -79.85894012 -52.97341919 9.59366989
v -80.37393188 -52.60709763 9.32112122
v -80.47315216 -52.97341919 9.39275360
v -80.95575714 -52.60709763 9.25509453
v -81.11797333 -52.97341919 9.35005569
v -81.53804016 -52.60709763 9.31691360
v -81.75331116 -52.97341919 9.46823025
v -82.09303284 -52.60709763 9.50363064
v -82.33966064 -52.97341919 9.73993015
v -82.59427643 -52.60709763 9.80634689
v -82.84055328 -52.97341919 10.14825821
v -83.01786804 -52.60709763 10.21063137
v -83.22483826 -52.97341919 10.66782284
v -83.34362793 -52.60709763 10.69721222
v -79.95278168 -53.28013611 9.79241562
v -80.51490021 -53.28013611 9.60853958
v -81.10504150 -53.28013611 9.56946278
v -81.68649292 -53.28013611 9.67761517
v -82.22311401 -53.28013611 9.92627144
v -82.68151855 -53.28013611 10.29996872
v -83.03321075 -53.28013611 10.77546787
v -82.75614166 -53.48357010 10.93111324
v -82.39744568 -53.55475998 11.05217743
v -82.45156860 -53.48357010 10.51933002
v -82.08249664 -53.55475998 10.67775059
v -82.05458832 -53.48357010 10.19570637
v -81.67317963 -53.55475998 10.40971088
v -81.58987427 -53.48357010 9.98036957
v -81.20406342 -53.55475998 10.27070427
v -81.08633423 -53.48357010 9.88670921
v -80.71479034 -53.55475998 10.27247238
v -80.57527161 -53.48357010 9.92055035
v -80.24669647 -53.55475998 10.41486740
v -80.08847809 -53.48357010 10.07978725
v -79.67687225 -52.60709763 9.57957077
v -79.71550751 -52.97341919 9.66139412
v -79.80935669 -53.28013611 9.86013985
v -79.94505310 -53.48357010 10.14751148
v -80.10327148 -53.55475998 10.48259163
v -67.18650818 -52.60709763 12.92635441
v -67.19396210 -52.97341919 13.01653290
v -69.33929443 -52.60709763 12.68349075
v -69.35211945 -52.97341919 12.77306366
v -71.47371674 -52.60709763 12.31243515
v -71.49187469 -52.97341919 12.40108109
v -73.58216095 -52.60709763 11.81451321
v -73.60557556 -52.97341919 11.90191650
v -75.65708160 -52.60709763 11.19150543
v -75.68568420 -52.97341919 11.27735329
v -77.69107819 -52.60709763 10.44563580
v -77.72475433 -52.97341919 10.52962112
v -77.80655670 -53.28013611 10.73361969
v -77.92484283 -53.48357010 11.02858543
v -78.06275940 -53.55475998 11.37252045
v -67.21205902 -53.28013611 13.23557568
v -69.38327026 -53.28013611 12.99063206
v -71.53597260 -53.28013611 12.61640072
v -73.66246796 -53.28013611 12.11421585
v -75.75514984 -53.28013611 11.48587418
v -67.23823547 -53.48357010 13.55229282
v -69.42832184 -53.48357010 13.30522060
v -71.59973907 -53.48357010 12.92773533
v -73.74471283 -53.48357010 12.42118454
v -75.85559845 -53.48357010 11.78738022
v -67.26875305 -53.55475998 13.92159176
v -69.48085022 -53.55475998 13.67203617
v -71.67408752 -53.55475998 13.29075718
v -73.84062195 -53.55475998 12.77911568
v -75.97271729 -53.55475998 12.13894081
v -58.53731918 -52.60709763 13.64107323
v -58.54476929 -52.97341919 13.73125172
v -58.56287003 -53.28013611 13.95029354
v -58.58904266 -53.48357010 14.26701164
v -58.61955643 -53.55475998 14.63631058
v -58.10378265 -53.51597214 14.66341782
v -58.33555984 -53.50961685 14.39775372
v -58.32438660 -53.41250992 14.16133118
v -58.32039261 -53.29240036 13.99392891
v -58.32249069 -53.07806396 13.81280804
v -58.07741547 -53.26181412 14.00988197
v -58.09643936 -53.04987335 13.82887459
v -57.60184860 -53.14645004 14.03856850
v -57.65391541 -52.94301224 13.85776424
v -57.38582611 -53.06815338 14.05041027
v -57.45287323 -52.87035370 13.86969852
v -57.28002548 -53.02337265 14.05591488
v -57.35439682 -52.82877350 13.87524891
v -57.17587280 -52.97489166 14.06113148
v -57.25745392 -52.78374863 13.88051128
v -56.79057312 -52.72504044 14.05261135
v -56.94715500 -52.47664261 13.83313179
v -57.35966873 -52.55701447 13.76154900
v -57.14081573 -52.18154907 13.73409367
v -57.46115112 -52.36362457 13.71719742
v -57.44831467 -52.59790421 13.75645828
v -57.53834915 -52.63562393 13.75109100
v -58.33280563 -52.82261276 13.69615936
v -58.12641525 -52.79763794 13.71166134
v -57.72212219 -52.70142746 13.73955727
v -58.16965103 -52.57952118 13.67000484
v -57.80743790 -52.49757385 13.69562626
v -57.13331604 -53.08310318 14.22655678
v -56.69211197 -52.89336777 14.36303711
v -57.10364151 -53.17252350 14.45918560
v -56.66500854 -52.95899582 14.72268963
v -57.11567307 -53.21498871 14.70712280
v -57.59887314 -53.40167999 14.68719387
v -57.32980347 -53.27217484 14.44940186
v -57.21583939 -53.22434998 14.45442677
v -57.24172211 -53.13347626 14.22149849
v -58.07424164 -53.47779846 14.41234493
v -57.56242371 -53.35562897 14.43858051
v -57.57667160 -53.26129913 14.20466709
v -57.35184479 -53.17999649 14.21615887
v -58.07157135 -53.38092041 14.17681885
v -55.74219894 -51.54447556 13.81616592
v -55.24395752 -51.44015884 13.85185146
v -55.69144440 -51.77164459 13.86075497
v -55.19998550 -51.77049255 13.93186474
v -55.64160538 -51.98149109 13.95868111
v -55.17083359 -52.05587769 14.11937523
v -55.60910797 -52.13117599 14.07316399
v -55.57831955 -52.29593658 14.27195740
v -55.82229614 -52.19948196 14.06262875
v -55.78199387 -52.36139297 14.26485443
v -56.03134918 -52.27963257 14.05321693
v -55.98175430 -52.43814087 14.25894642
v -56.23282242 -52.36991119 14.04505348
v -56.17430496 -52.52453613 14.25429249
v -56.33163071 -52.41913223 14.04139233
v -56.26874542 -52.57162094 14.25240231
v -56.42905045 -52.47101212 14.03801537
v -56.36186218 -52.62124252 14.25080490
v -56.32461548 -52.71817780 14.49930859
v -56.31608963 -52.75077820 14.71422672
v -56.23410416 -52.67070389 14.49915218
v -56.14235306 -52.62567902 14.49929523
v -55.15993500 -52.26279449 14.39235783
v -55.56431580 -52.40760040 14.50664902
v -55.76168060 -52.46993256 14.50293446
v -55.95542526 -52.54314423 14.50048542
v -55.16855240 -52.36699677 14.71874523
v -55.56328201 -52.45304108 14.71198845
v -55.94733429 -52.58148193 14.71057987
v -56.49547195 -52.33161926 13.91434002
v -56.59342957 -52.13400650 13.80734158
v -56.69836044 -51.91819382 13.75680637
v -56.22962952 -51.70468521 13.78431225
v -56.37723923 -52.02565765 13.81896782
v -56.48606873 -52.07836533 13.81301498
v -56.39396667 -52.27805328 13.91888046
v -55.92564774 -51.84394836 13.84569263
v -56.15550613 -51.92922211 13.83169460
v -56.08119583 -52.13419342 13.93416500
v -56.29103088 -52.22726440 13.92370033
v -55.86352539 -52.05168152 13.94587994
v -55.05050278 -52.28734589 14.48792553
v -54.94016647 -52.27447128 14.49406147
v -54.74644089 -52.32706451 14.73950195
v -54.71423721 -52.21732330 14.42188644
v -54.93114090 -52.15543365 14.28343868
v -54.69050980 -52.00764847 14.15838528
v -54.92913055 -52.02386475 14.13676929
v -54.93349457 -51.82674408 13.99682426
v -55.06190491 -51.84098816 13.98604012
v -55.08119202 -51.61623383 13.89538765
v -55.04688644 -52.16910553 14.27556229
v -55.05018997 -52.03792572 14.12750053
v -54.94495010 -51.60204697 13.90735149
v -54.67800522 -51.39273834 13.90425205
v -54.67795563 -51.72193146 13.97902775
v -53.19033432 -51.36557770 14.12563992
v -51.72354507 -51.35628510 14.45940781
v -52.46214676 -51.59408569 14.31918621
v -51.74259186 -51.68382645 14.53049278
v -52.48198700 -51.81323624 14.41280937
v -51.78862000 -51.96855545 14.70227623
v -52.50638199 -51.97104263 14.52466393
v -52.54515076 -52.12886047 14.69968796
v -52.86767960 -51.97416306 14.44618320
v -52.90264130 -52.13198090 14.62214851
v -53.22912216 -51.97848511 14.37487030
v -53.26028061 -52.13630295 14.55174446
v -53.29800797 -52.24760818 14.76032639
v -53.33214569 -52.29919815 14.94566059
v -52.94461823 -52.24335861 14.82970715
v -52.59139252 -52.24029160 14.90618801
v -51.85644531 -52.17838287 14.95539856
v -51.93841934 -52.28966522 15.26133251
v -53.20994568 -51.82059097 14.26177025
v -53.19501877 -51.60125732 14.16702080
v -52.84589767 -51.81632233 14.33369255
v -52.82851791 -51.59709549 14.23948956
v -47.21617508 -51.35628510 15.66715431
v -47.23522186 -51.68382645 15.73823929
v -47.28125000 -51.96855545 15.91002274
v -47.34907532 -52.17838287 16.16314507
v -47.43104935 -52.28966522 16.46907997
v -44.59994888 -51.53633499 17.97385979
v -44.43617249 -51.57972336 18.46149826
v -44.60080719 -51.78482056 18.08633614
v -44.52746201 -51.92900848 18.44423103
v -44.64499664 -51.89807892 18.08907700
v -44.70145035 -52.00534821 18.09705353
v -44.79402924 -51.86331940 17.74725342
v -44.84830475 -51.96979523 17.76068878
v -45.18619156 -51.79889679 17.11513138
v -45.23435211 -51.90391541 17.13899040
v -45.59116364 -51.75427246 16.66249847
v -45.63266754 -51.85828400 16.69406509
v -46.11959076 -51.71667480 16.24228668
v -46.15206528 -51.81985092 16.28118706
v -46.26276398 -51.70956039 16.15238380
v -46.29274750 -51.81257629 16.19287491
v -46.40976715 -51.70341492 16.06885338
v -46.43717957 -51.80629730 16.11082840
v -46.71408081 -51.69414902 15.92152691
v -46.73614120 -51.79682922 15.96612930
v -46.75748444 -51.87617111 16.01054001
v -46.78162766 -51.95036697 16.06175804
v -46.81804276 -52.04091263 16.14035988
v -46.53795242 -52.05062485 16.27625847
v -46.58732986 -52.12973785 16.36068535
v -46.45639420 -52.13614655 16.43548584
v -46.57546616 -52.25545502 16.62248421
v -46.45729828 -52.26257706 16.69775200
v -46.71993256 -52.30753708 16.76797676
v -46.40055084 -52.32883453 16.98634338
v -46.02196884 -52.30022049 17.04993629
v -46.11342621 -52.35742569 17.24602699
v -45.68960190 -52.34489822 17.42954445
v -45.86315918 -52.39218140 17.54234314
v -45.65312576 -52.43165588 17.86963463
v -45.36944199 -52.40941620 17.95962334
v -45.48666763 -52.47438431 18.22220612
v -45.24859619 -52.44424057 18.24612808
v -45.36711884 -52.51889801 18.59436417
v -45.02546310 -52.43141174 18.51530838
v -45.01726532 -52.33297348 18.17420769
v -44.73283768 -52.22583008 18.46298409
v -44.91290283 -52.25497818 18.14509773
v -44.81872940 -52.16360855 18.12133789
v -44.96046066 -52.12723923 17.79595757
v -44.90091324 -52.05149841 17.77629280
v -45.28072357 -51.98471069 17.16435432
v -44.75638580 -52.08754349 18.10746765
v -46.69686890 -52.24930191 16.55259705
v -47.06548691 -52.29425049 16.59441376
v -46.94839096 -52.24002075 16.42950439
v -46.85842514 -52.12007523 16.22885704
v -46.69662857 -51.58642960 15.88788986
v -46.72655487 -51.36075211 15.83399010
v -46.38788605 -51.59545135 16.03748703
v -46.26316833 -51.37370682 16.06357193
v -46.23876953 -51.60143280 16.12230110
v -46.09356308 -51.60835648 16.21357918
v -45.83425140 -51.39446640 16.35142899
v -45.55789566 -51.64493942 16.64010620
v -45.44792175 -51.42233276 16.69300461
v -45.14781570 -51.68835068 17.09928894
v -45.11037064 -51.45621109 17.08219337
v -44.82619858 -51.49468994 17.51161957
v -44.75125504 -51.75101089 17.74007607
v -45.14955521 -52.29665375 17.86692810
v -45.49813461 -52.22937775 17.29906654
v -45.85844803 -52.18279648 16.89280701
v -46.32889175 -52.14356995 16.51602554
v -45.05022812 -52.21846390 17.82835197
v -45.41149521 -52.15081406 17.24314880
v -45.78442001 -52.10397339 16.82455826
v -46.27087402 -52.06452942 16.43634224
v -46.40264893 -52.05706787 16.35334587
v -45.33298874 -52.05985641 17.19481468
v -45.67248917 -51.93845749 16.72655296
v -45.71727371 -52.01319504 16.76480865
v -46.21828461 -51.97389984 16.36595535
v -46.35397339 -51.96646500 16.28067017
v -46.49328232 -51.96004868 16.20144653
v -46.18323135 -51.89950180 16.32038879
v -46.32155228 -51.89213181 16.23353004
v -46.46355820 -51.88576889 16.15283585
v -44.86145020 -52.71443176 20.60877609
v -44.87815475 -52.58309555 19.54119110
v -44.65707779 -52.48118591 19.49297523
v -44.50072098 -52.36065674 19.46356201
v -44.33036041 -52.14963531 19.43922806
v -44.37159729 -52.40836716 19.96315956
v -44.20066452 -52.19674301 19.93642044
v -44.07006073 -52.23884964 20.43603134
v -43.95837402 -51.98804855 20.42557716
v -43.91862488 -51.77031326 20.43159676
v -44.08909225 -51.94695663 19.92860031
v -44.21890259 -51.90087891 19.43401909
v -44.24156189 -52.45104599 20.46519470
v -44.52860260 -52.52893448 19.99409103
v -44.39922333 -52.57164001 20.49764824
v -44.62223434 -52.67259598 20.54883385
v -44.75064468 -52.63038254 20.04379272
v -79.81465149 -52.35475922 9.49988842
v -80.37100983 -52.35475922 9.30822277
v -80.95570374 -52.35475922 9.24186993
v -81.54086304 -52.35475922 9.30399418
v -82.09859467 -52.35475922 9.49163246
v -82.60230255 -52.35475922 9.79584122
v -83.02799225 -52.35475922 10.20211887
v -83.35535431 -52.35475922 10.69109917
v -83.56879425 -52.35475922 11.23947144
v -79.62647247 -50.35475922 9.47283173
v -84.56810760 -50.35475922 7.13944912
v -84.61286163 -52.35475922 7.23422956
v -67.17678833 -50.35475922 12.80871582
v -69.32255554 -50.35475922 12.56664276
v -71.45003510 -50.35475922 12.19679546
v -73.55160522 -50.35475922 11.70049572
v -75.61977386 -50.35475922 11.07951641
v -77.64714813 -50.35475922 10.33607674
v -55.23927307 -50.35475922 13.79516125
v -54.05130386 -50.35475922 13.92918110
v -52.87346268 -50.35475922 14.13394070
v -51.70996094 -50.35475922 14.40870857
v -47.20259094 -50.35475922 15.61645508
v -48.61740112 -50.35475922 15.23735714
v -44.37416077 -50.35475922 18.44488144
v -44.61263275 -50.35475922 17.78968620
v -44.96125793 -50.35475922 17.18585205
v -45.40943909 -50.35475922 16.65173149
v -45.94356155 -50.35475922 16.20355034
v -46.54739380 -50.35475922 15.85492706
v -43.31707001 -50.35475922 22.39000702
v -44.20291519 -50.35475922 19.08398056
v -44.35234451 -50.35475922 26.25370979
v -43.90416336 -50.35475922 25.71958923
v -43.55554199 -50.35475922 25.11575508
v -43.31707001 -50.35475922 24.46055794
v -43.19599533 -50.35475922 23.77390480
v -43.19599533 -50.35475922 23.07666016
v -59.68712997 -52.97172928 26.08664322
v -60.10670853 -53.21033096 25.96792030
v -60.50727081 -53.39330292 25.73058128
v -60.95243835 -53.51379776 25.46681595
v -61.30537415 -53.55475998 25.02297211
v -60.88467026 -53.51462555 25.34202194
v -60.44320297 -53.39648819 25.60254288
v -60.40325165 -53.41057205 25.44337654
v -59.97340393 -53.23475647 25.63955498
v -60.85021210 -53.51821899 25.23648262
v -60.04560471 -53.21701813 25.83717346
v -59.56959534 -52.99362564 25.82091522
v -59.62834930 -52.98281860 25.95379829
v -58.50802231 -52.40788269 26.80401802
v -58.43278503 -52.44079208 26.59621429
v -58.91433716 -52.55519485 26.46188736
v -58.82756805 -52.58471298 26.24513626
v -59.25958633 -52.75179672 26.13384819
v -58.76490784 -52.58337021 26.18503761
v -59.17941666 -52.75854874 25.99607468
v -59.35294342 -52.72764969 26.35048103
v -58.35380173 -52.47398758 26.37838745
v -58.33380890 -52.47089005 26.38425255
v -57.89391708 -52.42411041 26.59015846
v -62.24930573 -52.64468384 23.61157227
v -53.55597305 -52.64468384 25.94094467
v -69.17063904 -52.69001389 21.27568817
v -62.62833405 -52.65312195 23.42472649
v -62.90676880 -52.67615509 23.10764122
v -63.04285049 -52.70798111 22.70856285
v -70.72817230 -52.71405029 20.58483315
v -63.01622009 -52.74148560 22.28801537
v -72.30543518 -52.72951889 19.96758842
v -73.89674377 -52.73792648 19.42505646
v -75.49623108 -52.74046326 18.95795059
v -82.64408875 -52.74046326 17.04268837
v -82.99937439 -52.74626923 16.86756325
v -83.26053619 -52.76195908 16.57014465
v -66.61273193 -52.78956604 20.57758141
v -66.31024170 -52.79083633 20.63628387
v -83.38813782 -52.78313828 16.19562912
v -66.94200897 -52.79119110 20.46064758
v -67.24918365 -52.79576874 20.29362488
v -83.36288452 -52.80459976 15.80086708
v -67.52683258 -52.80284500 20.08060265
v -67.76805115 -52.81184006 19.82629967
v -83.34145355 -52.80871201 15.72034264
v -83.32001495 -52.81264496 15.63981247
v -83.29857635 -52.81640625 15.55927563
v -67.96745300 -52.82182312 19.53723907
v -83.12363434 -52.83163452 15.20335579
v -68.11994171 -52.83179855 19.22026825
v -68.22148132 -52.84083939 18.88272285
v -82.82556152 -52.84154510 14.94151115
v -82.44982910 -52.84663391 14.81379128
v -82.05379486 -52.84812927 14.83969975
v -68.27033234 -52.84814835 18.53296852
v -66.00237274 -52.79443741 20.65268326
v -65.69493866 -52.80006409 20.62665367
v -65.39373016 -52.80736923 20.55822754
v -62.50220108 -52.84231186 20.35605621
v -65.10426331 -52.81580734 20.44891167
v -64.83193970 -52.82470322 20.30103111
v -64.58209991 -52.83338165 20.11695099
v -64.35938263 -52.84122849 19.89999580
v -64.16761780 -52.84769058 19.65459251
v -64.01057434 -52.85222626 19.38522911
v -63.89144897 -52.85443497 19.09674072
v -61.98410416 -52.84188461 18.42255974
v -63.81205750 -52.85427856 18.79479218
v -63.77401733 -52.85175705 18.48517418
v -63.77861023 -52.84694672 18.17365837
v -63.82526398 -52.84025192 17.86592102
v -63.91280365 -52.83219147 17.56760216
v -64.03994751 -52.82329559 17.28432083
v -64.20426941 -52.81422043 17.02136993
v -64.40248108 -52.80572510 16.78381157
v -61.46326447 -52.74021149 16.49247169
v -64.63127899 -52.79854965 16.57667732
v -64.88655853 -52.79322052 16.40388107
v -65.16305542 -52.78991699 16.26768112
v -65.45539856 -52.78879166 16.17019081
v -81.85431671 -52.76080322 11.32215500
v -82.15206909 -52.78212738 11.58268166
v -65.75823975 -52.79000092 16.11352730
v -66.06618500 -52.79368591 16.09976578
v -66.37350464 -52.79963684 16.12948608
v -82.32757568 -52.80374908 11.93716526
v -66.67407990 -52.80722427 16.20144463
v -82.34928131 -52.80789566 12.01761532
v -82.37098694 -52.81186676 12.09807396
v -66.96238708 -52.81581116 16.31375122
v -82.39268494 -52.81566620 12.17854214
v -67.23316193 -52.82478333 16.46426964
v -82.41914368 -52.83105469 12.57423973
v -67.48115540 -52.83352280 16.65080452
v -82.29193115 -52.84111023 12.95003414
v -67.70183563 -52.84142303 16.86997223
v -82.03041077 -52.84629059 13.24850655
v -67.89126587 -52.84791946 17.11727524
v -81.67448425 -52.84781647 13.42408466
v -81.47944641 -52.74502182 11.19517040
v -81.08421326 -52.73918533 11.22115040
v -73.93635559 -52.73918533 13.13641644
v -72.31761169 -52.73663330 13.53163719
v -70.66823578 -52.72817612 13.85744667
v -61.27606201 -52.70653152 16.11497879
v -68.99365997 -52.71263123 14.11153316
v -67.29936218 -52.68848038 14.29200554
v -54.87400055 -52.42156601 15.32811737
v -60.13737488 -52.64295197 15.72974300
v -60.55903244 -52.65142441 15.70204449
v -60.95868683 -52.67455673 15.83742523
v -50.70527267 -52.65097427 18.33696175
v -51.44404221 -52.64295197 18.05911446
v -48.63609314 -52.78860474 20.67772102
v -48.96245575 -52.74873734 19.96000671
v -49.42243576 -52.70887375 19.31968689
v -48.44862366 -52.82354736 21.46756935
v -48.42363358 -52.84660721 22.27922821
v -48.55197144 -52.85475922 23.05787277
v -48.83014297 -52.84693909 23.79637337
v -49.25761032 -52.82420731 24.48680878
v -49.81489182 -52.78956985 25.07711601
v -50.45639038 -52.74995804 25.53550339
v -51.17491531 -52.71031189 25.86005592
v -51.96531677 -52.67556000 26.04586601
v -52.77725601 -52.65267181 26.06970596
v -50.01403809 -52.67395782 18.76357460
v -89.31710052 -51.35475922 14.51440525
v -89.31710052 -51.35475922 14.77322388
v -89.31708527 -51.34781265 14.51435852
v -89.31704712 -51.34086990 14.51421928
v -89.31693268 -51.32350922 14.77259541
v -89.31698608 -51.33392715 14.51398563
v -89.18769073 -51.35475922 14.99736786
v -89.18747711 -51.31588364 14.99658585
v -88.96351624 -51.34086609 15.12668419
v -88.96344757 -51.32697678 15.12640476
v -88.96354675 -51.35475922 15.12677765
v -88.96331787 -51.31309509 15.12593842
v -88.74628448 -52.06186676 14.88176823
v -88.68579865 -52.20373154 14.70240498
v -88.50563049 -52.27864075 14.61038208
v -88.58526611 -52.26508713 14.61323166
v -88.40696716 -52.33229065 14.45485401
v -88.63691711 -52.27449799 14.52995110
v -88.43228149 -52.33502579 14.41180515
v -88.65969086 -52.27236557 14.48908329
v -88.44409180 -52.33440781 14.39117241
v -88.68527222 -52.26416779 14.43941498
v -88.45806885 -52.33201981 14.36627007
v -88.64093018 -52.27864075 14.37603760
v -88.22176361 -52.35475922 14.29026127
v -88.90708160 -51.73744202 15.06310177
v -88.93568420 -51.93730927 14.92303658
v -88.82011414 -52.08682632 14.82124329
v -88.91401672 -52.10821152 14.68993568
v -88.75407410 -52.21805954 14.59759045
v -88.94958496 -52.10331726 14.62110710
v -88.78264618 -52.21479797 14.54500294
v -88.98319244 -52.08475113 14.53577614
v -88.81307983 -52.20233536 14.48065662
v -88.99628448 -52.06186676 14.44875526
v -88.94928741 -51.54985046 15.11070442
v -89.05203247 -51.67932129 15.02451324
v -88.99547577 -51.82754135 14.97537804
v -89.13062286 -51.85263443 14.81499386
v -89.05560303 -51.96292496 14.77168083
v -89.17342377 -51.84684753 14.72378826
v -89.09625244 -51.95703125 14.68825817
v -89.20352936 -51.82512665 14.60795975
v -89.12872314 -51.93483734 14.58328915
v -89.23371887 -51.73744202 14.49734306
v -89.08821106 -51.51852036 15.05569649
v -89.25058746 -51.52969360 14.88425255
v -89.29566193 -51.52710724 14.78060055
v -89.31842041 -51.51744843 14.64651871
v -89.24753571 -51.69476318 14.75814152
v -89.27379608 -51.67739105 14.63142204
v -89.29605103 -51.54985046 14.51009846
v -89.20316315 -51.69940567 14.85687447
v -87.51496887 -51.35475922 9.72061253
v -87.77378845 -51.35475922 9.72061253
v -87.51499176 -51.34086609 9.72070599
v -87.77399445 -51.31588364 9.72139549
v -87.51506805 -51.32697678 9.72098541
v -87.51519012 -51.31309509 9.72145176
v -87.99810028 -51.32350922 9.85065174
v -87.99793243 -51.35475922 9.85002232
v -88.12738800 -51.34086990 10.07435322
v -88.12734985 -51.34781265 10.07421303
v -88.12734222 -51.35475922 10.07416630
v -88.12744904 -51.33392715 10.07458591
v -88.08036041 -51.68515015 10.11582184
v -87.96124268 -51.84565353 10.04502106
v -87.94471741 -51.97843552 10.23610878
v -87.90093994 -51.96620178 10.11521530
v -87.83057404 -52.07113266 10.19670010
v -87.83380127 -51.98228455 10.05631065
v -87.76893616 -52.08620071 10.14762211
v -87.75849915 -51.98774719 10.00591564
v -87.70174408 -52.09130478 10.10421562
v -87.67619324 -51.98215103 9.96548176
v -87.62967682 -52.08607483 10.06733036
v -87.57533264 -51.96168900 9.93283272
v -87.54228973 -52.06690216 10.03402805
v -87.46603394 -51.97843552 9.95974159
v -87.43054199 -52.13670349 10.13316917
v -88.04273987 -51.56788635 9.94954395
v -88.00925446 -51.71201706 9.98886871
v -87.93630219 -51.72505951 9.91124630
v -87.89044952 -51.86108398 9.97625446
v -87.84925079 -51.72951508 9.84871864
v -87.80849457 -51.86633682 9.91932011
v -87.75035095 -51.72495270 9.80418301
v -87.71707916 -51.86095810 9.87639046
v -87.62657928 -51.70837021 9.77777767
v -87.60380554 -51.84133148 9.84640121
v -87.50238037 -51.68515015 9.78212261
v -87.96873474 -51.57675934 9.86513519
v -87.87826538 -51.57979965 9.79847336
v -87.77399445 -51.57668686 9.75304699
v -87.64253235 -51.56541443 9.73003006
v -87.48409271 -52.19742203 10.21389675
v -87.38805389 -52.25577927 10.34081650
v -87.39073181 -52.31547165 10.50437927
v -87.34068298 -52.32970047 10.57227612
v -87.29082489 -52.35475922 10.81594849
v -87.47691345 -52.32970047 10.65092850
v -87.50537872 -52.31652832 10.57023144
v -87.65368652 -52.25577927 10.49417973
v -87.70594788 -52.20051956 10.34021950
v -87.81226349 -52.13670349 10.35355759
v -87.42368317 -52.32024002 10.52188492
v -87.45154572 -52.32153702 10.53756809
v -87.47872925 -52.32027054 10.55365849
v -87.54955292 -52.21145630 10.24368095
v -87.60424805 -52.21527481 10.27307701
v -87.65644073 -52.21154785 10.30533886
v -86.50075531 -51.31309509 9.99326992
v -86.49723816 -51.70838165 10.06020260
v -86.53540802 -52.04697800 10.27121449
v -86.60913849 -52.27460098 10.59247684
v -86.70661926 -52.35475922 10.97248650
v -87.94888306 -51.31309509 15.39775658
v -87.91237640 -51.70838165 15.34154797
v -87.83992004 -52.04697800 15.13972092
v -87.74314880 -52.27460098 14.82463360
v -87.63755798 -52.35475922 14.44679928
v -86.52583313 -50.98606110 10.02065849
v -87.52371979 -50.98606110 9.75327587
v -86.56047058 -50.66514206 10.08492851
v -87.54210663 -50.66514206 9.82189941
v -86.60417175 -50.35475922 10.18519402
v -87.57009888 -50.35475922 9.92637539
v -85.85977173 -52.35475922 7.81201887
v -84.78662872 -52.35475922 15.78449154
v -85.72789001 -52.35475922 7.52954626
v -85.50713348 -52.35475922 7.30942869
v -85.22428131 -52.35475922 7.17836142
v -84.91362762 -52.35475922 7.15223885
v -84.87597656 -52.35475922 16.36611748
v -87.69344330 -52.35475922 18.73110199
v -84.83695984 -52.35475922 16.95326805
v -84.67144012 -52.35475922 17.51795769
v -84.38732147 -52.35475922 18.03326797
v -83.99813080 -52.35475922 18.47463226
v -83.52243042 -52.35475922 18.82101059
v -82.98289490 -52.35475922 19.05589485
v -82.40524292 -52.35475922 19.16808701
v -88.48439789 -52.35475922 17.60726738
v -87.99491119 -52.35475922 18.65172195
v -88.25087738 -52.35475922 18.47377586
v -88.43029785 -52.35475922 18.21884155
v -88.51142120 -52.35475922 17.91783714
v -47.70405960 -47.03362656 29.39368248
v -47.32342529 -46.99151993 29.05869293
v -47.64783096 -46.78165436 29.29965210
v -47.40806198 -46.63668060 29.03111458
v -47.68411255 -46.66631699 29.27594757
v -47.72865295 -46.55695343 29.24123955
v -47.98031616 -46.70009232 29.49392128
v -48.02029037 -46.59151840 29.45559311
v -48.62747955 -46.76263428 29.83950806
v -48.65705490 -46.65551758 29.79523659
v -49.19720840 -46.80595016 30.02586937
v -49.21723938 -46.69983292 29.97825241
v -49.85584641 -46.84239197 30.12361145
v -49.86448288 -46.73710632 30.07415581
v -50.02246094 -46.84928513 30.12969017
v -50.02816772 -46.74415970 30.08010101
v -50.18920135 -46.85523987 30.12845230
v -50.19196701 -46.75024796 30.07886124
v -50.52175140 -46.86421585 30.10409355
v -50.51860809 -46.75942612 30.05489540
v -51.05761337 -46.87464905 30.00360298
v -50.51490021 -46.67857361 30.00594521
v -51.01169205 -46.58404160 29.83221626
v -50.51018524 -46.60293961 29.94945908
v -50.49292755 -46.42956161 29.76470566
v -50.19694138 -46.42018890 29.78589058
v -50.19567871 -46.29824448 29.56198692
v -50.05805969 -46.29228592 29.56225204
v -50.10957336 -46.23952484 29.36145020
v -49.92054749 -46.28538132 29.55636406
v -49.73121262 -46.21892929 29.33292007
v -49.37706757 -46.24890137 29.47112656
v -49.35990906 -46.19126892 29.25358582
v -48.90723419 -46.20553589 29.31194305
v -49.00185013 -46.15761948 29.12513733
v -48.66267014 -46.11938095 28.95070076
v -48.37392807 -46.14290619 29.01907921
v -48.34799957 -46.07795715 28.73343849
v -48.13001251 -46.10906982 28.83512306
v -48.06346130 -46.03475952 28.47651863
v -47.80461502 -46.12399673 28.71915054
v -47.96412277 -46.22272491 29.01541710
v -47.57594681 -46.33400345 28.91264725
v -47.81781769 -46.39576721 29.16173744
v -47.77082062 -46.47326279 29.20493698
v -48.05787277 -46.50831985 29.41596794
v -50.48814774 -46.25236893 29.33921051
v -50.47011948 -46.30723572 29.54303741
v -50.94319534 -46.36981201 29.57658195
v -50.86006546 -46.25679779 29.26633644
v -50.52334976 -46.97404480 30.14107895
v -50.57537842 -47.20362854 30.16984749
v -50.18590927 -46.96531296 30.16567612
v -50.06658936 -47.19110870 30.20244598
v -50.01673889 -46.95952225 30.16685486
v -49.84771347 -46.95281601 30.16059875
v -49.55846786 -47.17103577 30.16840935
v -49.17981339 -46.91738129 30.06101227
v -49.06016922 -47.14407349 30.06762123
v -48.60252380 -46.87527466 29.87155533
v -48.57996750 -47.11127472 29.90221786
v -48.12541962 -47.07400131 29.67621422
v -47.94739532 -46.81448364 29.52071571
v -48.22853851 -46.25805664 29.21178627
v -48.80578232 -46.32344437 29.52339172
v -49.31354523 -46.36871338 29.69182014
v -49.90016556 -46.40677643 29.78087044
v -50.04850769 -46.41397476 29.78666306
v -48.09956360 -46.43114853 29.36914253
v -48.71440887 -46.49663925 29.69774246
v -49.25502777 -46.54198456 29.87483978
v -49.87939453 -46.58011627 29.96777534
v -50.03725815 -46.58732605 29.97358894
v -50.19521332 -46.59355164 29.97246361
v -48.68441010 -46.57321930 29.75028229
v -49.23540497 -46.61816025 29.93040276
v -49.87184143 -46.65595245 30.02481270
v -50.03276825 -46.66309738 30.03067780
v -50.19379807 -46.66926956 30.02947807
v -45.88742447 -46.80307770 27.61338615
v -44.44268417 -46.69631195 26.16337204
v -45.92256546 -46.58247375 27.60091400
v -44.51046753 -46.32889557 26.11240959
v -46.01262283 -46.32700729 27.53735733
v -44.66909409 -46.01868057 25.96821022
v -46.14651108 -46.11036682 27.42623329
v -46.26729202 -45.98736191 27.31860352
v -46.63137436 -46.02951813 27.68921661
v -46.80038834 -45.92576599 27.53322792
v -46.99397659 -46.07676315 28.05857277
v -47.16287994 -45.97253036 27.90434837
v -46.61559296 -45.84143448 26.98693085
v -46.43642044 -45.88410950 27.16085243
v -44.89600754 -45.80978012 25.75128174
v -45.15894318 -45.73189545 25.49246788
v -46.87281799 -46.19969940 28.16292000
v -46.51040649 -46.15250015 27.79520226
v -46.73749161 -46.41515350 28.26927757
v -46.64496994 -46.66855621 28.32816315
v -46.28450012 -46.62300110 27.96514893
v -46.37579727 -46.36855698 27.90393829
v -43.34273148 -46.68590164 22.91971970
v -43.44045258 -46.69693756 22.42306709
v -43.40476227 -46.43422318 22.79043961
v -43.52465057 -46.32957458 22.43317223
v -43.44998169 -46.31316757 22.79444122
v -43.50994873 -46.19900131 22.80107117
v -43.40778351 -46.30494690 23.16139793
v -43.46843719 -46.19048691 23.16281509
v -43.42972565 -46.29405975 23.89993286
v -43.49017715 -46.17920685 23.89103699
v -43.55340576 -46.29150009 24.49547005
v -43.61215591 -46.17655182 24.47835159
v -43.79948425 -46.29626465 25.12071991
v -43.85478210 -46.18149185 25.09496498
v -43.87811279 -46.29864502 25.26942253
v -43.93229294 -46.18396378 25.24160576
v -43.96319962 -46.30145264 25.41450882
v -44.01616669 -46.18687057 25.38467216
v -44.15195847 -46.30823898 25.69268227
v -44.20220566 -46.19390106 25.65894890
v -44.25099182 -46.10820389 25.62539673
v -44.30675888 -46.02947998 25.58642960
v -44.48877335 -45.85537720 25.45662117
v -44.31987762 -45.84814072 25.20604706
v -44.54598236 -45.74224854 25.06965828
v -44.47582245 -45.73946381 24.94861794
v -44.75457764 -45.71418381 24.97427750
v -44.41093063 -45.73710251 24.82461357
v -44.47137451 -45.70532608 24.37893867
v -44.20722198 -45.73237991 24.30367088
v -44.35813522 -45.70557022 23.95351410
v -44.10366058 -45.73491669 23.80798149
v -44.30746460 -45.71059799 23.51628113
v -44.08270645 -45.74571609 23.19360733
v -44.31992722 -45.71979141 23.07702827
v -44.11573792 -45.75387192 22.88838959
v -44.39609146 -45.73254013 22.64553642
v -44.03902817 -45.81048203 22.55291748
v -43.85642242 -45.86061859 22.84862137
v -43.73410034 -46.01939011 22.47860718
v -43.63576508 -46.03474808 22.81714821
v -43.56852722 -46.11340332 22.80829239
v -43.52775192 -46.10471344 23.16480064
v -44.70150375 -45.74897766 25.30188751
v -44.11367798 -46.42950058 25.71731377
v -44.10926056 -46.68532562 25.78225136
v -43.92303085 -46.42301178 25.43633080
v -43.82808304 -46.67689133 25.36087418
v -43.83710861 -46.42033005 25.28979874
v -43.75771713 -46.41805267 25.13962555
v -43.60401917 -46.67158508 24.90668488
v -43.50924683 -46.41350174 24.50827789
v -43.44180298 -46.66994858 24.42716026
v -43.38433075 -46.41594696 23.90696716
v -43.34385681 -46.67203522 23.93040657
v -43.31068420 -46.67747879 23.42504501
v -43.36214447 -46.42636108 23.16113663
v -43.81963730 -45.85185623 23.17849731
v -43.84086227 -45.84024811 23.84271431
v -43.95246124 -45.83752060 24.37859344
v -44.17325974 -45.84260559 24.94146919
v -44.24369431 -45.84514618 25.07537842
v -43.59588623 -46.02593994 23.16754150
v -43.61737442 -46.01427078 23.87308693
v -43.73565674 -46.01152420 24.44222450
v -43.97058868 -46.01663971 25.03981972
v -44.04560852 -46.01919556 25.18194199
v -44.12677002 -46.02220535 25.32060242
v -43.54935837 -46.09319305 23.88259315
v -43.66963196 -46.09048462 24.46155548
v -43.90872955 -46.09553146 25.06942558
v -43.98509979 -46.09805298 25.21398544
v -44.06772614 -46.10102463 25.35502052
v -43.96660614 -46.80448151 20.44492149
v -44.48753357 -46.99370956 18.47525978
v -44.00329208 -46.58391190 20.43806839
v -44.57463455 -46.63893509 18.45669365
v -44.11305618 -46.32848358 20.44798088
v -44.77923584 -46.33629990 18.47521973
v -44.28454590 -46.11186981 20.47718239
v -44.44293594 -45.98886108 20.50994492
v -44.15479279 -46.07505798 20.97453308
v -44.31383514 -45.95204544 21.00880051
v -44.02339935 -46.04304886 21.47747231
v -44.18310928 -45.92004776 21.51325798
v -44.41038132 -45.81784439 21.56814575
v -44.91033554 -45.84287262 20.62294006
v -44.54012299 -45.84929276 21.06223869
v -44.66824341 -45.88559341 20.56194115
v -45.07397079 -46.12628937 18.52835846
v -45.41939926 -46.03700638 18.60899925
v -43.85077286 -46.26074600 21.44340134
v -43.74081421 -46.51812744 21.42815971
v -43.87287521 -46.54863739 20.93035889
v -43.98273849 -46.29222107 20.94291496
v -46.74863434 -47.20638657 15.88724041
v -47.23100662 -47.21079636 15.72250366
v -46.88796616 -46.97998047 15.86943817
v -47.24901962 -46.87760544 15.78973389
v -46.90260315 -46.87026215 15.90328693
v -46.92148590 -46.76556396 15.94865799
v -46.56816864 -46.86249542 16.04800415
v -46.59297943 -46.75762177 16.09076500
v -45.94803238 -46.83308411 16.42957497
v -45.98368835 -46.72754669 16.46552277
v -45.49363327 -46.79607391 16.83330917
v -45.53701782 -46.68968582 16.86219597
v -45.07967758 -46.74501419 17.35051727
v -45.12979126 -46.63744736 17.37060547
v -44.99083710 -46.73086929 17.49074745
v -45.04233170 -46.62297058 17.50849915
v -44.90814972 -46.71629333 17.63479805
v -44.96091461 -46.60805893 17.65017128
v -44.76185608 -46.68612289 17.93323517
v -44.81678772 -46.57718277 17.94375610
v -44.87034988 -46.49377441 17.95672989
v -44.93130112 -46.41646957 17.97358513
v -45.12655640 -46.24340057 18.03646088
v -45.25632477 -46.27496338 17.76873779
v -45.47323227 -46.15917969 17.87121201
v -45.54040527 -46.17377853 17.75089455
v -45.64926910 -46.11036682 17.99464417
v -45.61270905 -46.18795013 17.63375282
v -46.00789261 -46.17544174 17.44917488
v -45.95079041 -46.23907471 17.20168686
v -46.31110001 -46.21052933 17.13822174
v -46.32340622 -46.27612686 16.86454773
v -46.65734863 -46.23706436 16.87701797
v -46.83333588 -46.30555725 16.54642105
v -47.03851318 -46.25386047 16.67125320
v -47.10879135 -46.31332779 16.42613602
v -47.44646835 -46.25972366 16.52661896
v -47.36337280 -46.37282562 16.21651459
v -47.02870941 -46.43582153 16.21869850
v -47.29491425 -46.58705902 15.96101856
v -46.96096420 -46.60920715 16.04644394
v -46.93992996 -46.68478775 15.99398613
v -46.61700821 -46.67673874 16.13369942
v -45.35471725 -46.12895203 18.12043571
v -44.71918488 -46.80095673 17.92866898
v -44.64929199 -47.03602219 17.99453735
v -44.87230682 -47.07663727 17.53869820
v -44.86690903 -46.83028030 17.62629318
v -45.15285492 -47.11402893 17.11564064
v -45.04029083 -46.85819626 17.33813286
v -44.95046616 -46.84444809 17.48029327
v -45.45926666 -46.90783310 16.81355667
v -45.48711014 -47.14670181 16.73316956
v -45.91974258 -46.94382095 16.40380859
v -45.86935425 -47.17353058 16.39758492
v -46.29230881 -47.19369507 16.11393738
v -46.54866028 -46.97242737 16.01638603
v -46.73129272 -46.42772293 16.34785652
v -46.17998886 -46.39702606 16.68897057
v -45.77621078 -46.35836792 17.05038071
v -45.40856934 -46.30500031 17.51383018
v -45.32970428 -46.29020309 17.63955879
v -46.64424896 -46.60108566 16.18354416
v -46.05680084 -46.57033157 16.54526711
v -45.62608719 -46.53160477 16.92833710
v -45.23330307 -46.47814941 17.41954422
v -45.14892960 -46.46333313 17.55281258
v -45.07037354 -46.44807053 17.68975067
v -46.01802826 -46.64624786 16.50221825
v -45.57884216 -46.60786438 16.89239502
v -45.17831802 -46.55489349 17.39261818
v -45.09228134 -46.54021454 17.52832031
v -45.01217651 -46.52508926 17.66774940
v -51.73837662 -47.21079636 14.51475716
v -51.75638962 -46.87760544 14.58198738
v -51.80228424 -46.58705902 14.75327206
v -51.87074661 -46.37282562 15.00876808
v -51.95383835 -46.25972366 15.31887150
v -53.47988510 -47.19786072 14.13140488
v -55.24845886 -47.16046143 13.90633011
v -54.35732269 -46.94178772 14.03841496
v -55.24454117 -46.82494736 13.97747040
v -54.36440659 -46.71757126 14.13335228
v -55.25076294 -46.53300858 14.15741634
v -54.37543106 -46.55637360 14.24814510
v -54.39490128 -46.39514923 14.42926025
v -53.93956757 -46.56567001 14.30840492
v -53.96363449 -46.40444946 14.48853779
v -53.50520325 -46.57334518 14.37855911
v -53.53385925 -46.41212463 14.55766487
v -53.07640457 -46.57931137 14.45781326
v -53.10960770 -46.41809082 14.63585758
v -52.86270523 -46.58167267 14.50106049
v -52.89817810 -46.42045212 14.67855740
v -52.64950943 -46.58361435 14.54671478
v -52.68724823 -46.42239761 14.72365475
v -52.73255157 -46.30877304 14.93324280
v -53.60836029 -46.24645233 14.95671749
v -52.94093704 -46.30686188 14.88877487
v -53.14981461 -46.30453873 14.84669209
v -55.26639938 -46.31899643 14.42499828
v -54.41967010 -46.28199005 14.64356995
v -53.99357605 -46.29113007 14.70173359
v -53.56896591 -46.29867172 14.76969814
v -55.28960800 -46.20808411 14.74873734
v -52.62607193 -46.74448395 14.43467140
v -52.60741806 -46.96801758 14.34212971
v -53.04027939 -46.96387100 14.25183105
v -53.47504807 -46.95812607 14.17125702
v -53.91543961 -46.95073700 14.09984970
v -53.92542267 -46.72675705 14.19425011
v -53.48794174 -46.73433685 14.26507759
v -53.05605316 -46.74023438 14.34503365
v -52.84081268 -46.74256516 14.38864517
v -52.82359695 -46.96614838 14.29576778
v -60.25403595 -46.68531036 13.57039356
v -58.99449539 -46.82493210 13.63672447
v -60.25644302 -47.02625275 13.49720192
v -58.36538696 -46.84175491 13.68800163
v -57.73661804 -46.85891724 13.73923874
v -58.36695480 -46.62395477 13.77717972
v -57.73804855 -46.64150620 13.82808208
v -58.37168884 -46.46651077 13.88568306
v -57.74266434 -46.48426437 13.93618107
v -58.38270569 -46.29259109 14.07640171
v -57.75352859 -46.31037903 14.12622166
v -58.39818954 -46.17202759 14.30466366
v -57.76887894 -46.18957138 14.35375214
v -58.99620056 -46.60673523 13.72623920
v -60.26192856 -46.39007187 13.75580215
v -59.00104904 -46.44909668 13.83514786
v -59.01221848 -46.27513504 14.02654457
v -60.27916336 -46.17644119 14.03087997
v -59.02783966 -46.15482330 14.25553799
v -60.30364227 -46.07039261 14.36217785
v -64.08715057 -46.77872467 15.73223686
v -64.31819916 -46.74414825 16.36513329
v -64.10950470 -46.51600647 15.88659477
v -64.22927856 -46.37302017 16.36488342
v -64.06445312 -46.39534760 15.89584064
v -64.00576782 -46.28154373 15.91120529
v -63.84237671 -46.42684174 15.45282555
v -63.78655243 -46.31377792 15.47459888
v -63.56575775 -46.46092606 15.04245090
v -63.51370239 -46.34869003 15.07029819
v -63.23789978 -46.49662781 14.66876888
v -63.19052505 -46.38528061 14.70227528
v -62.63218689 -46.55297089 14.17398167
v -62.59393311 -46.44304657 14.21521568
v -62.24482346 -46.58357239 13.95188332
v -62.21269608 -46.47441864 13.99671459
v -61.83372116 -46.61186218 13.77826118
v -61.80830383 -46.50342560 13.82599545
v -61.62118149 -46.62485886 13.71001816
v -61.59929657 -46.51675034 13.75892258
v -61.40501022 -46.63693237 13.65434074
v -61.38675690 -46.52912521 13.70421600
v -60.96486664 -46.65785599 13.58124065
v -60.95411301 -46.55057526 13.63242912
v -60.94458008 -46.46825027 13.68344021
v -60.93445587 -46.39159775 13.74240112
v -60.90501404 -46.21772385 13.93572330
v -61.29705811 -46.19578171 14.00224495
v -61.26738739 -46.12932968 14.11260700
v -61.45295715 -46.11689377 14.16168594
v -61.41506195 -46.06602478 14.27828026
v -61.59022141 -46.05303574 14.33646202
v -61.30021286 -46.02270889 14.46458054
v -61.77140808 -45.98611450 14.64509583
v -61.92892456 -46.02476501 14.48376751
v -62.24790192 -45.99419785 14.67135715
v -61.98839951 -46.07437515 14.37379074
v -62.32103729 -46.04287338 14.56788349
v -62.04560471 -46.13984299 14.27115345
v -62.39117050 -46.10777283 14.47145939
v -62.14912796 -46.31353378 14.09517956
v -62.51732254 -46.28137589 14.30670738
v -62.18255234 -46.39094162 14.04213715
v -62.55772400 -46.35909271 14.25731468
v -64.01271057 -46.06102371 16.40234184
v -63.94828415 -46.19520569 15.92817211
v -63.73219681 -46.22789001 15.49794483
v -63.46335983 -46.26331329 15.09960461
v -63.14505768 -46.30044937 14.73705292
v -63.70004272 -45.85360718 16.47205353
v -63.67184830 -45.94278336 16.02217293
v -63.88266754 -46.11594772 15.94900894
v -63.33680725 -45.78097534 16.56386566
v -63.42650604 -45.83670807 16.11467361
v -63.55230713 -45.88072205 16.06643867
v -63.47275162 -45.97569656 15.62335491
v -63.67038727 -46.14892960 15.52614403
v -63.40637589 -46.18468094 15.13461971
v -63.16229630 -45.81644440 16.08162308
v -63.24365616 -45.86820984 15.74446011
v -63.36104202 -45.91310501 15.68147755
v -63.12311172 -45.94815826 15.32458210
v -63.22515869 -46.01135635 15.25385475
v -62.93204880 -46.04874039 14.91730690
v -63.09385300 -46.22217178 14.77826595
v -62.90910339 -45.85723495 15.63676929
v -63.01606369 -45.90227127 15.40093803
v -62.84133148 -45.98488998 14.99928570
v -62.58661652 -45.90079880 15.24116993
v -62.74635696 -45.93793488 15.08754444
v -62.20422745 -45.94460678 14.90669250
v -61.23688889 -46.07809830 14.23058987
v -60.80583191 -46.05170441 14.36905670
v -60.87406158 -46.09902573 14.16721535
v -60.88959885 -46.15089035 14.04764938
v -60.97446823 -46.77063370 13.54302025
v -60.93146515 -47.00803375 13.50174427
v -61.42060852 -46.75033951 13.61739540
v -61.59532928 -46.97977448 13.62279224
v -61.63965607 -46.73863220 13.67396927
v -61.85497284 -46.72603226 13.74326801
v -62.22744370 -46.94410324 13.85575771
v -62.27126312 -46.69860458 13.91943073
v -62.66324234 -46.66894150 14.14457226
v -62.80744934 -46.90364456 14.19571304
v -63.27553940 -46.61432266 14.64564133
v -63.31918335 -46.86094666 14.63203526
v -63.60659790 -46.57969284 15.02376938
v -63.74994659 -46.81848145 15.14937305
v -63.88567734 -46.54661179 15.43879795
v -61.63542557 -46.10350800 14.22166157
v -61.67908478 -46.16949844 14.11438560
v -61.48966599 -46.18312073 14.05267525
v -61.75872421 -46.34326553 13.92990685
v -61.55699921 -46.35692215 13.86496449
v -61.35189056 -46.36960983 13.81198311
v -61.78470230 -46.42038727 13.87403679
v -61.57910919 -46.43391418 13.80799675
v -61.37005997 -46.44647598 13.75413227
v -65.55226135 -46.74311066 20.97084808
v -65.47533417 -46.37197113 21.01536942
v -65.13880920 -46.67788696 19.43662453
v -64.89962769 -46.44355774 18.68097305
v -64.72721863 -46.67823410 17.90051460
v -64.74430084 -46.44828415 18.10065842
v -64.58933258 -46.46231079 17.52039909
v -64.63276672 -46.18584824 18.12623596
v -64.47673035 -46.19996643 17.54199028
v -64.45595551 -45.96549606 18.16994476
v -64.29900360 -45.97969818 17.58230782
v -64.29283905 -45.84325790 18.21158028
v -64.13537598 -45.85750580 17.62202835
v -64.05961609 -45.74397659 18.27233124
v -63.90171814 -45.75826263 17.68116760
v -63.75649261 -45.71334839 18.13904762
v -64.78916168 -46.18108749 18.71053696
v -65.26901245 -46.05996704 21.09107780
v -64.61325073 -45.96070862 18.75763893
v -64.45065308 -45.83845901 18.80119133
v -64.96335602 -45.85254288 21.18694878
v -64.21785736 -45.73915863 18.86355209
v -64.60286713 -45.77991104 21.28901863
v -64.17874908 -45.71299362 19.71499252
v -64.04965210 -47.00578690 25.14331818
v -63.46864319 -47.02394867 25.48534393
v -63.88084030 -46.77660370 25.21376419
v -63.42996597 -46.68290710 25.42311478
v -63.82417297 -46.55693436 25.14237404
v -63.34407043 -46.38760757 25.25849724
v -63.75863266 -46.39820480 25.05268097
v -63.64726257 -46.22429276 24.89306831
v -64.13063049 -46.37661362 24.77605247
v -63.99604797 -46.20275116 24.63228035
v -64.46489716 -46.34932709 24.45368958
v -64.30919647 -46.17553329 24.32831573
v -64.75633240 -46.31761932 24.09116936
v -64.58194733 -46.14390945 23.98647881
v -64.95623016 -46.28977585 23.77417374
v -64.76882935 -46.11614227 23.68759727
v -65.12247467 -46.26056290 23.43769836
v -64.92402649 -46.08701324 23.37039757
v -65.26655579 -46.22674561 23.03767776
v -65.05821991 -46.05328751 22.99338150
v -65.36199188 -46.19297791 22.62162209
v -65.14669800 -46.01961136 22.60134506
v -65.39128113 -46.17640305 22.40949821
v -65.17363739 -46.00307846 22.40149879
v -65.40819550 -46.16018677 22.19567871
v -65.18897247 -45.98690414 22.20007324
v -65.40467072 -46.12930298 21.76606560
v -65.18462372 -45.95608902 21.79539680
v -65.05854797 -45.89379120 21.80944061
v -64.92507935 -45.84939575 21.82267761
v -64.93088531 -45.87886047 22.19747925
v -64.69382477 -45.81511307 21.79430389
v -64.69857788 -45.85559464 22.30679703
v -64.91767883 -45.89430237 22.38413811
v -64.89376831 -45.91007996 22.56940651
v -65.04924774 -45.93999481 22.39392853
v -65.02376556 -45.95624161 22.58670616
v -63.22141266 -46.17398453 25.01151848
v -63.58401108 -46.15731430 24.80004120
v -63.91970062 -46.13615417 24.54801178
v -64.22085571 -46.10941315 24.25425720
v -64.48294067 -46.07835007 23.92395592
v -64.66231537 -46.05107498 23.63523674
v -64.81109619 -46.02245712 23.32891846
v -64.93946838 -45.98933029 22.96498108
v -63.51714325 -46.10521698 24.70030022
v -63.07691574 -46.06803131 24.71223259
v -63.50740433 -46.04940033 24.45474052
v -63.83905792 -46.08467865 24.45741081
v -63.88619995 -46.02048492 24.12408257
v -64.12758636 -46.05873108 24.17432594
v -64.20377350 -45.98397446 23.73201180
v -64.37838745 -46.02859116 23.85611153
v -64.54982758 -46.00211716 23.57806778
v -64.45062256 -45.94255066 23.29027748
v -64.69178772 -45.97434998 23.28321075
v -64.61734772 -45.89889526 22.81068420
v -64.81395721 -45.94219589 22.93309212
v -65.53087616 -46.29451370 21.74436951
v -65.63407135 -46.52830124 21.71931076
v -65.66990662 -46.77742386 21.63500404
v -65.63854980 -46.55691147 22.17395210
v -65.67145538 -46.81688309 22.30923080
v -65.62092590 -46.57190323 22.40041733
v -65.59013367 -46.58721924 22.62522125
v -65.48651123 -46.35668945 22.62796593
v -65.38757324 -46.38964462 23.05786705
v -65.55740356 -46.85908890 22.97270584
v -65.48920441 -46.61839676 23.06658554
v -65.23822784 -46.42264175 23.47134781
v -65.33624268 -46.64960861 23.49156761
v -65.32865143 -46.90164185 23.60477066
v -65.15936279 -46.67656326 23.84955025
v -64.99257660 -46.94201660 24.18757057
v -64.94636536 -46.70225525 24.18721962
v -64.63547516 -46.73151016 24.57385445
v -64.55649567 -46.50925064 24.52226448
v -64.20991516 -46.53587341 24.85593605
v -64.56193542 -46.97760391 24.70557404
v -64.27850342 -46.75668335 24.91807175
v -64.85864258 -46.47831345 24.14716148
v -65.06588745 -46.45114517 23.81927490
v -65.51688385 -46.34051132 22.40884018
v -65.06356812 -45.92409897 22.19965744
v -65.53443909 -46.32468033 22.18799782
v -58.88806915 -46.82213211 27.57531166
v -60.03519440 -46.89126968 27.07089043
v -58.92702866 -47.15774918 27.63500786
v -60.60034561 -46.87363052 26.80322266
v -61.16580963 -46.85632324 26.53541756
v -60.55720139 -46.65654755 26.72586823
v -61.12261581 -46.63885117 26.45770645
v -60.50723648 -46.49948120 26.63028908
v -61.07255173 -46.48158264 26.36172485
v -60.42179489 -46.32563019 26.46083450
v -60.98690796 -46.30769348 26.19161034
v -60.32152939 -46.20461273 26.25669861
v -60.88639450 -46.18691635 25.98678017
v -58.54134750 -46.20530319 26.88446617
v -59.99209976 -46.67457962 26.99389076
v -58.80346298 -46.53013229 27.41625786
v -59.94223404 -46.51770782 26.89871597
v -59.85699844 -46.34389877 26.72991753
v -58.68317032 -46.31612778 27.17657089
v -59.75698090 -46.22264099 26.52647972
v -57.28286743 -47.19504547 28.32436943
v -56.42692184 -46.96505737 28.57649994
v -55.56498337 -46.87464905 28.79585648
v -56.39675903 -46.74146271 28.48698235
v -55.51906204 -46.58404160 28.62446976
v -56.36098099 -46.58056259 28.37818146
v -56.30511475 -46.41933823 28.20599365
v -56.77754211 -46.57622147 28.24077797
v -56.71716309 -46.41499710 28.06991005
v -57.18855286 -46.57024002 28.09481621
v -57.12371063 -46.40901184 27.92530251
v -57.59964752 -46.56256104 27.93825722
v -57.53031540 -46.40133286 27.77015114
v -57.80268860 -46.55813599 27.85694885
v -57.73112869 -46.39690781 27.68955803
v -58.00479889 -46.55331802 27.77334976
v -57.93101883 -46.39208984 27.60668373
v -57.84522247 -46.27896500 27.40861702
v -56.98136139 -46.24356461 27.54496765
v -57.64783478 -46.28370285 27.49067879
v -57.44952393 -46.28805161 27.57047081
v -55.45056534 -46.36981201 28.36883545
v -56.23946381 -46.30575180 28.00174332
v -56.64645004 -46.30148315 27.86713791
v -57.04796982 -46.29560089 27.72404671
v -55.36743546 -46.25679779 28.05858994
v -58.05270004 -46.71454239 27.87832642
v -58.09407806 -46.93882370 27.96413422
v -57.88908768 -46.94346237 28.04873276
v -57.68315887 -46.94771957 28.13102341
v -57.26622391 -46.95511246 28.28950882
v -57.23041534 -46.73125839 28.20177078
v -56.81637573 -46.73717117 28.34866905
v -56.84938049 -46.96087265 28.43731308
v -57.64454651 -46.72367096 28.04423523
v -57.84909058 -46.71930313 27.96243095
v -64.36746979 -48.20476151 16.35193253
v -64.09221649 -48.20476151 15.62328625
v -63.67849350 -48.20476151 14.96334267
v -63.14260101 -48.20476151 14.39809227
v -62.50564194 -48.20476151 13.94979477
v -61.79269791 -48.20476151 13.63610744
v -61.03184509 -48.20476151 13.46938324
v -60.25305557 -48.20476151 13.45618725
v -65.60156250 -48.20476151 20.95763779
v -63.48624802 -48.20476151 25.52263069
v -64.15410614 -48.20476151 25.12180710
v -64.72966003 -48.20476151 24.59699631
v -65.19023895 -48.20476151 23.96886253
v -65.51771545 -48.20476151 23.26214600
v -65.69918823 -48.20476151 22.50467873
v -65.72750854 -48.20476151 21.72628975
v -58.94264221 -48.20476151 27.66806984
v -56.73272705 -48.20476151 28.55424500
v -57.85093307 -48.20476151 28.14419746
v -47.24037552 -50.35475922 29.14174080
v -47.77449799 -50.35475922 29.58992195
v -48.37833023 -50.35475922 29.93854523
v -49.03352737 -50.35475922 30.17701721
v -49.72018051 -50.35475922 30.29809189
v -50.41742706 -50.35475922 30.29809189
v -53.53527451 -45.90664673 25.86370277
v -62.22860718 -45.90664673 23.53433228
v -62.57902527 -45.89897537 23.36139488
v -62.83616257 -45.87799454 23.06780434
v -52.77255630 -45.89895630 25.98962021
v -51.97738266 -45.87693787 25.96571159
v -51.20342255 -45.84351349 25.78289413
v -50.49999237 -45.80539703 25.46409798
v -49.87218857 -45.76734161 25.01430321
v -49.32688522 -45.73407745 24.43543625
v -48.90859604 -45.71226120 23.75874329
v -48.63628769 -45.70476151 23.03524399
v -48.51037598 -45.71258926 22.27252197
v -48.53429031 -45.73472977 21.47735214
v -48.71711349 -45.76829147 20.70339966
v -49.03591156 -45.80659866 19.99997902
v -49.48569870 -45.84492493 19.37218857
v -50.06455612 -45.87850952 18.82689285
v -50.74123764 -45.90062714 18.40860367
v -51.46473312 -45.90834808 18.13629341
v -60.15805435 -45.90834808 15.80692482
v -60.54797745 -45.90065002 15.78148270
v -60.91748047 -45.87957382 15.90717506
v -61.21049118 -45.85032654 16.16443062
v -61.38280106 -45.81930923 16.51403236
v -61.90021133 -45.71763611 18.44503784
v -62.41829300 -45.71720886 20.37854004
v -62.93571472 -45.81803513 22.30958748
v -62.96129227 -45.84888840 22.69848633
v -55.61145020 -50.35475922 28.96927071
v -46.77252579 -50.35475922 28.67388916
v -48.55538177 -50.35475922 22.66332054
v -47.22081375 -50.35475922 27.00085640
v -46.90605545 -50.35475922 27.14763069
v -45.42766190 -50.35475922 20.30872536
v -45.08168793 -50.35475922 20.33899498
v -44.74622345 -50.35475922 20.24910736
v -44.46173477 -50.35475922 20.04990578
v -44.26253510 -50.35475922 19.76541710
v -44.17264557 -50.35475922 19.42995644
v -49.67157364 -50.35475922 19.17157364
v -49.18740463 -50.35475922 19.75796890
v -48.82295990 -50.35475922 20.42539978
v -48.59141159 -50.35475922 21.14973831
v -48.50113297 -50.35475922 21.90480995
v -48.75220108 -50.35475922 23.39785767
v -49.08447647 -50.35475922 24.08187103
v -49.54019547 -50.35475922 24.69064140
v -50.10289001 -50.35475922 25.20216560
v -50.75222015 -50.35475922 25.59795380
v -51.46472549 -50.35475922 25.86370277
v -46.66048050 -50.35475922 27.39320564
v -46.51370621 -50.35475922 27.70796204
v -46.48343658 -50.35475922 28.05393791
v -46.57332230 -50.35475922 28.38940048
v -44.40543365 -48.20476151 26.20062065
v -46.82561493 -48.20476151 28.62080002
v -43.38959122 -48.20476151 22.40943909
v -43.27078629 -48.20476151 23.08320427
v -43.27078629 -48.20476151 23.76736259
v -43.38959122 -48.20476151 24.44112587
v -43.62358856 -48.20476151 25.08402634
v -43.96566772 -48.20476151 25.67652512
v -44.27543640 -48.20476151 19.10341263
v -81.07683563 -53.55475998 11.19363976
v -81.48249817 -53.55475998 11.16705132
v -81.86745453 -53.55475998 11.29772663
v -82.17310333 -53.55475998 11.56577110
v -82.35290527 -53.55475998 11.93037796
v -73.92898560 -53.55475998 13.10890675
v -82.04740906 -53.55475998 14.81586456
v -82.45307159 -53.55475998 14.78927612
v -82.83802795 -53.55475998 14.91995144
v -83.14367676 -53.55475998 15.18799591
v -83.32347870 -53.55475998 15.55260277
v -69.61228943 -53.20024109 18.16066360
v -68.95037079 -52.95007706 18.34706879
v -68.25154114 -52.84778214 18.53801918
v -71.09165955 -53.55475998 17.75145149
v -70.33174133 -53.46460342 17.95833015
v -69.96379852 -53.35334015 18.06094360
v -70.70984650 -53.53212738 17.85457611
v -82.41761017 -53.55475998 12.17186260
v -82.44419861 -53.55475998 12.57752323
v -82.31352234 -53.55475998 12.96247959
v -82.04547882 -53.55475998 13.26812553
v -81.68087769 -53.55475998 13.44793034
v -68.57725525 -52.95098495 16.93720818
v -67.88651276 -52.84789276 17.11856651
v -67.88178253 -52.84782410 17.11983109
v -67.88149261 -52.84781647 17.11990929
v -67.88119507 -52.84780884 17.11998749
v -69.23925018 -53.20008087 16.76883316
v -69.59358978 -53.35324860 16.67942429
v -69.96362305 -53.46456146 16.58429909
v -70.34304047 -53.53211594 16.48507690
v -70.72534180 -53.55475998 16.38345718
v -83.38818359 -53.55475998 15.79408646
v -83.41477203 -53.55475998 16.19974709
v -83.28409576 -53.55475998 16.58470345
v -83.01605225 -53.55475998 16.89035034
v -82.65144348 -53.55475998 17.07015419
v -82.25579834 -50.35475922 19.28560829
v -87.70207214 -50.35475922 18.83555984
v -70.84612274 -53.55475998 16.83980942
v -70.42373657 -53.53123093 16.82045746
v -70.03940582 -53.46144867 16.92339897
v -69.67870331 -53.35158157 17.02000999
v -69.42647552 -53.20131683 17.46450996
v -69.86339569 -53.35164261 17.70920944
v -69.81624603 -53.35175323 17.53306007
v -69.76923370 -53.35177994 17.35755920
v -70.17684174 -53.46152878 17.43662834
v -70.12976837 -53.46154022 17.26100540
v -70.56105804 -53.53125000 17.33388138
v -70.51393127 -53.53125381 17.15812492
v -70.96823120 -53.55475998 17.29580879
v -69.91087341 -53.35144424 17.88669777
v -70.27156067 -53.46138382 17.78962898
v -70.65589142 -53.53121567 17.68619728
v -70.60835266 -53.53123856 17.50982666
v -70.22406006 -53.46147537 17.61268044
v -68.92059326 -52.96450424 18.03064919
v -68.85108948 -52.96960068 17.69977760
v -68.73143768 -52.96620560 17.29949379
v -68.16369629 -52.85364914 17.80296326
v -68.03994751 -52.85208130 17.44495201
v -67.87221527 -52.84754181 17.12238121
v -68.23549652 -52.85218048 18.17487526
v -69.18353271 -53.55475998 21.30299377
v -58.61574173 -53.55475998 14.97921467
v -58.09119797 -53.51451492 14.91176224
v -58.11423111 -53.51813507 15.02194023
v -57.57795715 -53.39605713 14.90675354
v -57.58565140 -53.39884186 15.03441525
v -57.11583328 -53.21614075 14.90224266
v -57.12700272 -53.22198868 15.03066826
v -56.69600677 -52.98152924 15.01172638
v -56.71157074 -52.99237442 15.15627003
v -58.08752823 -53.51368713 14.77048969
v -57.56947327 -53.39287567 14.76452255
v -57.10344315 -53.20946121 14.75915527
v -56.68048477 -52.97040176 14.86719990
v -57.15233612 -53.23403168 15.11138058
v -57.62315750 -53.41024399 15.06630039
v -56.25872421 -52.72565842 14.80441952
v -55.82278824 -52.55281067 14.92752266
v -55.33803558 -52.43812561 15.05224228
v -55.29931641 -52.40514755 14.83485413
v -55.35844040 -52.46847534 15.28644276
v -55.37839508 -52.47129440 15.27947521
v -55.85597610 -52.58238220 15.15832901
v -55.83187485 -52.58122253 15.24337006
v -56.28575516 -52.75679398 15.19971180
v -56.30003738 -52.76171112 15.15650749
v -56.28621292 -52.74990845 15.03901768
v -67.67573547 -52.82505798 17.05820084
v -67.45368195 -52.81752014 16.81604767
v -67.36608124 -52.76062012 16.91263962
v -67.12565613 -52.75245667 16.72115517
v -67.07795715 -52.68438339 16.79533386
v -66.82313538 -52.67595291 16.65092087
v -66.78881073 -52.56217194 16.73164558
v -66.52774811 -52.55383682 16.63296509
v -66.51625061 -52.41917038 16.68454552
v -66.25090027 -52.41147614 16.62835884
v -66.25149536 -52.29895782 16.64134216
v -65.98027802 -52.40586472 16.61378098
v -65.73796844 -52.29011917 16.65003586
v -65.71099091 -52.40306091 16.64163399
v -65.44910431 -52.40308762 16.71039772
v -65.70084381 -52.53884506 16.58888054
v -65.43210602 -52.53887177 16.65941620
v -65.68436432 -52.65347672 16.50033569
v -65.40318298 -52.65349960 16.57412720
v -65.66792297 -52.72127151 16.41059875
v -65.37371826 -52.72129440 16.48781204
v -65.64373779 -52.77564621 16.27737236
v -65.32982635 -52.77567291 16.35978317
v -67.19785309 -52.80884933 16.61132431
v -66.85923767 -52.74395370 16.56956100
v -66.54981232 -52.66791916 16.54718971
v -66.25508881 -52.54667664 16.57526016
v -66.91417694 -52.79980850 16.44898987
v -66.57339478 -52.73584747 16.46053505
v -66.26439667 -52.66101837 16.48645210
v -65.97721863 -52.54145813 16.56031227
v -66.60961914 -52.79117966 16.33200073
v -66.29127502 -52.78376007 16.26309395
v -65.96665955 -52.77835083 16.24453163
v -65.03199768 -52.77823639 16.48900604
v -64.75732422 -52.78314209 16.66228294
v -64.51281738 -52.79018402 16.87674904
v -64.30419159 -52.79875565 17.12756729
v -64.13599396 -52.80791092 17.40815353
v -64.01262665 -52.81670380 17.71182251
v -63.93690491 -52.82435226 18.03134155
v -63.91055298 -52.83017731 18.35910606
v -63.93501663 -52.83354950 18.68748283
v -64.00940704 -52.83423615 19.00869942
v -64.13153839 -52.83222198 19.31490326
v -64.29895782 -52.82757187 19.59841156
v -64.50728607 -52.82078552 19.85272026
v -64.75135040 -52.81257248 20.07182884
v -65.02571106 -52.80366135 20.25011635
v -65.32357788 -52.79487228 20.38394737
v -65.63771820 -52.78706741 20.47033119
v -66.10863495 -52.77899933 20.50679779
v -66.56097412 -52.76013565 20.38442421
v -66.10289764 -52.72445679 20.37183380
v -66.51646423 -52.65394592 20.21830368
v -66.09867096 -52.65664673 20.28103828
v -66.48647308 -52.48834229 20.10636520
v -66.09397125 -52.54212189 20.19165802
v -66.47589874 -52.29039001 20.06690407
v -66.09030914 -52.40653992 20.13830185
v -65.96558380 -52.29590988 20.12532616
v -65.69770813 -52.41490555 20.10923004
v -65.46038055 -52.31037140 20.03335762
v -65.43585968 -52.42299271 20.03855705
v -65.18763733 -52.43209839 19.92861557
v -65.16627502 -52.56591797 19.97611046
v -64.93087769 -52.57453156 19.82495880
v -64.88105011 -52.68788528 19.89551926
v -64.66155243 -52.69554901 19.69995117
v -64.59996796 -52.76371002 19.76152039
v -64.40406036 -52.77010345 19.52327728
v -65.00350189 -52.32898712 19.79895020
v -64.95904541 -52.44132996 19.78182030
v -64.72133636 -52.58246613 19.63872337
v -64.47409058 -52.70188522 19.47258186
v -64.24663544 -52.77448654 19.25746155
v -64.75576019 -52.44982910 19.60113907
v -64.63470459 -52.34540939 19.44169044
v -64.58233643 -52.45684814 19.39120483
v -64.44312286 -52.46166611 19.15697289
v -64.39873505 -52.59353256 19.18042946
v -64.29411316 -52.59547806 18.91905403
v -64.21373749 -52.70810699 18.94440651
v -64.14713287 -52.70746231 18.65644836
v -64.06211090 -52.77573013 18.66875648
v -64.03942108 -52.77254868 18.36060524
v -64.38517761 -52.35411072 18.99268913
v -64.34178162 -52.46374512 18.90382004
v -64.23068237 -52.59481049 18.64471245
v -64.12564850 -52.70430756 18.36206627
v -64.06463623 -52.76705933 18.05310822
v -64.28035736 -52.46303558 18.63812828
v -64.27648163 -52.35216141 18.49055481
v -64.26065826 -52.45954895 18.36642075
v -64.31879425 -52.34009933 17.97899246
v -64.28340912 -52.45352173 18.09515572
v -64.34735870 -52.44560623 17.83066940
v -64.29980469 -52.57850647 17.81156349
v -64.40663910 -52.57000351 17.55256081
v -64.33058167 -52.68350983 17.51045799
v -64.48236847 -52.67497635 17.25967598
v -64.41107941 -52.74296570 17.20616913
v -64.60726166 -52.73491669 16.97144318
v -64.50741577 -52.32194138 17.50127411
v -64.45103455 -52.43650055 17.57928276
v -64.55181122 -52.56115723 17.31346130
v -64.67021179 -52.66699600 17.03568077
v -64.83686066 -52.72830582 16.77081108
v -64.59204865 -52.42701721 17.34697533
v -64.82636261 -52.30372620 17.09866333
v -64.76667786 -52.41813660 17.13925362
v -64.97109222 -52.41083527 16.96153069
v -64.94145203 -52.54608154 16.91723442
v -65.17698669 -52.54134369 16.76963043
v -65.13628387 -52.65587997 16.68955612
v -65.24904633 -52.29212952 16.80764198
v -65.20051575 -52.40574646 16.81778908
v -66.74526215 -52.31578827 16.78296280
v -66.77007294 -52.42810822 16.78051376
v -67.03214264 -52.57091141 16.86910439
v -67.30796814 -52.69247437 16.97791100
v -67.57487488 -52.76772308 17.13940430
v -67.85868835 -52.83072662 17.33173561
v -67.99749756 -52.83385849 17.63043594
v -68.08927155 -52.83426285 17.94700813
v -68.13200378 -52.83196640 18.27369690
v -68.12415314 -52.82707596 18.60273743
v -68.06642914 -52.82013321 18.92630577
v -67.96028900 -52.81182861 19.23655891
v -67.72419739 -52.79883194 19.64879608
v -67.40349579 -52.78708267 19.99726105
v -67.01389313 -52.77900314 20.26424789
v -66.95138550 -52.72445679 20.14449692
v -66.90964508 -52.65665054 20.06375122
v -67.25928497 -52.66415405 19.82547951
v -67.20326233 -52.54991531 19.75660896
v -67.47912598 -52.56125641 19.45982552
v -67.43930817 -52.42709732 19.42582512
v -67.63726807 -52.44055939 19.08447266
v -67.53852844 -52.32276917 19.25147247
v -67.68010712 -52.33505249 18.93916702
v -67.72658539 -52.44915390 18.82761955
v -67.75782013 -52.34545517 18.60504913
v -67.77553558 -52.45633698 18.55978203
v -67.76916504 -52.35242844 18.26220131
v -67.78283691 -52.46139526 18.28747368
v -67.74786377 -52.46377182 18.01718521
v -67.83304596 -52.59328079 18.28639603
v -67.79692841 -52.59550095 18.00732994
v -67.91748047 -52.70598602 18.28327370
v -67.87947845 -52.70812988 17.99037933
v -68.00346375 -52.77424240 18.27962303
v -67.96354675 -52.77640533 17.97303772
v -67.00644684 -52.43747330 16.91405106
v -67.17679596 -52.33453751 17.06081963
v -67.21954346 -52.44644928 17.08276176
v -67.40442657 -52.45425415 17.28256989
v -67.44241333 -52.58658981 17.24898911
v -67.59947968 -52.59207535 17.48210144
v -67.67237091 -52.70482254 17.43902779
v -67.79716492 -52.70774841 17.70660400
v -67.87740326 -52.77602005 17.67597008
v -67.50917053 -52.34927750 17.45244217
v -67.55661774 -52.46011734 17.50848389
v -67.71849823 -52.59510803 17.73698425
v -67.67189789 -52.46335602 17.75537491
v -67.71318817 -52.35478592 17.92372131
v -67.33860016 -52.31040192 19.53020096
v -67.17099762 -52.41492081 19.71451378
v -66.86902618 -52.54212570 19.98399162
v -67.08830261 -52.29991531 19.76470566
v -66.84552002 -52.40654373 19.93595314
v -66.79692078 -52.29291916 19.94581795
v -67.50775146 -52.69952011 17.19427681
v -67.74692535 -52.77306747 17.39579010
v -67.25173950 -52.57929230 17.04294205
v -66.27482605 -52.72888184 16.39654922
v -65.97357941 -52.65599060 16.47057152
v -65.97054291 -52.72380829 16.37961006
v -65.09451294 -52.72369766 16.60872650
v -64.88989258 -52.66044617 16.84423447
v -64.73142242 -52.55287933 17.09985542
v -64.25268555 -52.75157547 17.46890831
v -64.21892548 -52.69171524 17.78216553
v -64.23384094 -52.58590698 18.08430481
v -64.13629150 -52.75985336 17.75347900
v -64.15005493 -52.69886017 18.06833267
v -64.21035004 -52.59154510 18.36421776
v -64.13186646 -52.77637863 18.97019196
v -64.32347870 -52.70623016 19.21878242
v -64.54243469 -52.58903122 19.42217636
v -64.82938385 -52.75598145 19.96656418
v -65.12757111 -52.67958069 20.05427742
v -65.42166138 -52.55743408 20.08919525
v -65.08710480 -52.74760437 20.13315582
v -65.39496613 -52.67139816 20.17309761
v -65.69081116 -52.54990387 20.16181755
v -65.36672211 -52.73934937 20.25797272
v -65.67672729 -52.66414261 20.24946785
v -65.66143036 -52.73202133 20.33832932
v -67.82549286 -52.58855057 18.56744003
v -67.77499390 -52.58183670 18.84370422
v -67.68292999 -52.57381058 19.10843468
v -67.90977478 -52.70141983 18.57820129
v -67.85710144 -52.69493866 18.86807060
v -67.76091003 -52.68719101 19.14578819
v -67.54782104 -52.67508316 19.51432610
v -67.99568176 -52.76963425 18.58835602
v -67.94094849 -52.76309586 18.89183617
v -67.84073639 -52.75528336 19.18266106
v -67.61837769 -52.74306488 19.56873512
v -67.31695557 -52.73203278 19.89479446
v -67.71333313 -50.35475922 17.92359924
v -67.50473022 -50.35475922 17.44547653
v -67.16446686 -50.35475922 17.05008316
v -66.72277069 -50.35475922 16.77254868
v -66.21890259 -50.35475922 16.63753700
v -65.69761658 -50.35475922 16.65704155
v -65.20524597 -50.35475922 16.82933044
v -64.78552246 -50.35475922 17.13909531
v -64.47576141 -50.35475922 17.55881310
v -64.30347443 -50.35475922 18.05118752
v -64.28396606 -50.35475922 18.57247162
v -64.41897583 -50.35475922 19.07634354
v -64.69651031 -50.35475922 19.51803589
v -65.09190369 -50.35475922 19.85830116
v -65.57003021 -50.35475922 20.06690407
v -66.08839417 -50.35475922 20.12530899
v -66.60095215 -50.35475922 20.02832985
v -67.06214905 -50.35475922 19.78457832
v -67.43100739 -50.35475922 19.41571808
v -67.67475891 -50.35475922 18.95452118
v -67.77173615 -50.35475922 18.44196701
v -61.13129807 -50.83110428 21.37096786
v -61.22589874 -50.35475922 21.72402573
v -61.29938126 -50.75355911 21.73943710
v -61.31206131 -50.35475922 21.91450310
v -61.45742035 -50.35475922 22.06293678
v -61.51378632 -50.86471939 21.83250427
v -61.64799881 -50.35475922 22.14378166
v -61.76904297 -50.90540314 21.81920242
v -61.85408020 -50.35475922 22.13657951
v -61.40130997 -51.31513214 21.41273689
v -61.65380859 -51.36685562 21.38914490
v -61.26526260 -51.65486526 20.90499687
v -61.51442337 -51.71492004 20.86896133
v -61.11277771 -51.86610794 20.33591270
v -61.35820007 -51.93133926 20.28592873
v -60.95185089 -51.93777466 19.73533249
v -61.19333267 -52.00476074 19.67062950
v -60.79092789 -51.86610794 19.13475418
v -61.02846146 -51.93133926 19.05532837
v -60.63843918 -51.65486526 18.56567001
v -60.87224197 -51.71492004 18.47229767
v -60.50239182 -51.31513214 18.05792999
v -60.73285675 -51.36685562 17.95211220
v -60.38991547 -50.86471939 17.63816261
v -60.61762238 -50.90540314 17.52205467
v -60.35050583 -50.35475922 17.30148315
v -60.53258133 -50.35475922 17.20467758
v -60.22588348 -50.35475922 17.46678543
v -60.25076675 -50.75355911 17.82596397
v -60.35571289 -51.17381287 18.21762276
v -60.48265076 -51.49079895 18.69136238
v -60.62492371 -51.68789291 19.22233772
v -60.77507401 -51.75476074 19.78269958
v -60.92522430 -51.68789291 20.34306335
v -61.06749725 -51.49079895 20.87403870
v -61.19443512 -51.17381287 21.34777832
v -60.17421722 -50.35475922 17.66801262
v -60.19483948 -50.35475922 17.87605095
v -60.28944016 -50.83110428 18.22910881
v -60.41272736 -51.19661713 18.68922424
v -60.55629730 -51.42639160 19.22503853
v -60.71036911 -51.50476074 19.80003738
v -60.86444092 -51.42639160 20.37503815
v -61.00801086 -51.19661713 20.91085243
v -61.49850845 -50.35475922 16.94585991
v -61.38280106 -50.35475922 16.51403236
v -61.21022797 -50.35475922 16.16408920
v -60.91687393 -50.35475922 15.90682602
v -60.54740143 -50.35475922 15.78140640
v -60.15805435 -50.35475922 15.80692482
v -51.46472549 -50.35475922 18.13629723
v -50.80952835 -50.35475922 18.37476921
v -50.20569611 -50.35475922 18.72339249
v -85.96101379 -50.35475922 7.78489017
v -85.81369019 -50.35475922 7.46934366
v -85.56708527 -50.35475922 7.22345304
v -85.25111389 -50.35475922 7.07703924
v -84.90409088 -50.35475922 7.04785824
v -87.96422577 -50.35475922 9.99640751
v -88.10980988 -50.35475922 10.14200592
v -88.19596100 -50.35475922 10.33025265
v -87.77446747 -50.35475922 9.91829395
v -89.24848175 -50.35475922 14.25831890
v -89.26799774 -50.35475922 14.46441936
v -87.94248199 -50.35475922 15.17983437
v -89.21472168 -50.35475922 14.66330147
v -88.90840912 -50.35475922 14.92101479
v -89.08943939 -50.35475922 14.82583141
v -88.58564758 -50.35475922 17.58013916
v -88.61582947 -50.35475922 17.92707253
v -88.52520752 -50.35475922 18.26332283
v -88.32477570 -50.35475922 18.54810524
v -88.03884125 -50.35475922 18.74688721
v -80.11003113 -50.35475922 19.52768135
v -77.98255157 -50.35475922 19.89752769
v -75.88098145 -50.35475922 20.39382744
v -73.81281281 -50.35475922 21.01480675
v -71.78543854 -50.35475922 21.75824738
v -69.80611420 -50.35475922 22.62149239
v -62.96123505 -50.35475922 22.69893265
v -62.83581543 -50.35475922 23.06840515
v -62.57855225 -50.35475922 23.36175919
v -62.22860718 -50.35475922 23.53433228
v -58.97469711 -50.35475922 27.73596191
v -53.53527451 -50.35475922 25.86370277
v -57.87887573 -50.35475922 28.21388245
v -56.75645828 -50.35475922 28.62547684
v -52.84862137 -50.35475922 25.98477936
v -52.15137863 -50.35475922 25.98477936
v -62.93571472 -50.35475922 22.30958748
v -62.82000732 -50.35475922 21.87775993
v -60.25465393 -47.72498322 18.09927940
v -60.17429352 -48.20476151 17.79938126
v -60.23273087 -47.75164032 17.75864410
v -60.15577316 -48.20476151 17.59501266
v -60.21049118 -48.20476151 17.39823723
v -60.37058258 -47.64735031 17.56601143
v -60.33634186 -48.20476151 17.23816681
v -60.59781647 -47.60917664 17.44813538
v -60.51643372 -48.20476151 17.14440536
v -60.48365021 -47.15612030 17.98798561
v -60.71365738 -47.10590744 17.88045311
v -60.62380600 -46.78342056 18.51105690
v -60.85724640 -46.72407150 18.41634369
v -60.78294373 -46.55080795 19.10495949
v -61.02028275 -46.48575974 19.02480316
v -60.95185089 -46.47174835 19.73533249
v -61.19333267 -46.40475845 19.67062950
v -61.12075806 -46.55080795 20.36570740
v -61.36638260 -46.48575974 20.31645393
v -61.27989578 -46.78342056 20.95960999
v -61.52941513 -46.72407150 20.92491341
v -61.42005157 -47.15612030 21.48268127
v -61.67300797 -47.10590744 21.46080399
v -61.53311920 -47.64735031 21.90465546
v -61.78884888 -47.60917664 21.89312172
v -61.66738892 -48.20476151 22.20569801
v -61.87023163 -48.20476151 22.19685173
v -61.47836304 -48.20476151 22.12999725
v -61.31741714 -47.75164032 21.80675697
v -61.21192169 -47.29330444 21.41303825
v -61.08115005 -46.94556046 20.92499542
v -60.93267059 -46.72852707 20.37086296
v -60.77507401 -46.65475845 19.78269958
v -60.61747742 -46.72852707 19.19453812
v -60.46899796 -46.94556046 18.64040565
v -60.33822632 -47.29330444 18.15236282
v -61.33258438 -48.20476151 21.98694611
v -61.24644470 -48.20476151 21.80069351
v -61.16608810 -47.72498322 21.50079536
v -61.05759430 -47.33655930 21.09589958
v -60.92766571 -47.06347275 20.61100197
v -60.78432465 -46.92257690 20.07604027
v -60.63641357 -46.92257690 19.52403641
v -60.49307251 -47.06347275 18.98907280
v -60.36314392 -47.33655930 18.50417709
v -89.30680084 -50.99561310 14.47597790
v -89.29463196 -50.76433182 14.68939209
v -89.28379822 -50.66682053 14.39012814
v -89.16358185 -50.71657562 14.90741062
v -88.93640137 -50.66514206 15.02549171
v -88.95479584 -50.98606110 15.09411430
v -88.13763428 -50.99561310 10.11259365
v -88.16063690 -50.66682053 10.19844341
v -87.79788971 -50.71657562 9.81057072
v -88.02039337 -50.76433182 9.93385506
v -55.24545670 -48.20476151 13.86998653
v -44.25531006 -48.20476151 19.48748970
v -44.39313889 -48.20476151 19.84654808
v -44.66509247 -48.20476151 20.11850357
v -45.02415085 -48.20476151 20.25633240
v -45.40822983 -48.20476151 20.23620415
v -46.61614227 -48.20476151 28.29824448
v -46.55597687 -48.20476151 27.91837502
v -46.65552139 -48.20476151 27.54687691
v -46.89756012 -48.20476151 27.24798393
v -47.24024582 -48.20476151 27.07337761
v -61.38280106 -48.20476151 16.51403236
v -61.21022797 -48.20476151 16.16408920
v -60.91687393 -48.20476151 15.90682602
v -60.54740143 -48.20476151 15.78140640
v -60.15805435 -48.20476151 15.80692482
v -61.48235703 -48.20476151 16.88558578
v -61.56374359 -47.60917664 17.18931770
v -61.67958069 -47.10590744 17.62163353
v -61.82317352 -46.72407150 18.15752411
v -61.98620987 -46.48575974 18.76598549
v -62.15925980 -46.40475845 19.41180992
v -62.33230591 -46.48575974 20.05763435
v -62.49534225 -46.72407150 20.66609383
v -62.63893509 -47.10590744 21.20198441
v -62.75477219 -47.60917664 21.63430214
v -62.93571472 -48.20476151 22.30958748
v -62.83615875 -48.20476151 21.93803406
v -62.22860718 -48.20476151 23.53433228
v -62.57855225 -48.20476151 23.36175919
v -62.83581543 -48.20476151 23.06840515
v -62.96123505 -48.20476151 22.69893265
v -53.53527451 -48.20476151 25.86370277
v -61.60212326 -50.90540314 17.25825882
v -61.73292160 -51.36685562 17.68414497
v -61.88404465 -51.71492004 18.20118523
v -62.04756927 -51.93133926 18.78225899
v -62.21491241 -52.00476074 19.39689636
v -62.37730789 -51.93133926 20.01286125
v -62.52622986 -51.71492004 20.59784889
v -62.65387344 -51.36685562 21.12117958
v -62.75354004 -50.90540314 21.55540657
v -87.95476532 -50.66514206 15.28852081
v -87.95690918 -50.98606110 15.36149693
v -54.06194687 -48.20476151 14.00350285
v -52.88852692 -48.20476151 14.20749378
v -51.72939301 -48.20476151 14.48122978
v -48.63683319 -48.20476151 15.30987835
v -49.65214157 -48.20476151 19.09905243
v -50.06496048 -48.20476151 18.82658195
v -50.73085403 -48.20476151 18.41250420
v -51.46473312 -48.20476151 18.13629341
v -49.49264526 -48.20476151 19.36261177
v -49.03590012 -48.20476151 19.99999428
v -48.71228027 -48.20476151 20.71423531
v -48.53422165 -48.20476151 21.47789001
v -48.50856400 -48.20476151 22.26160812
v -48.63629532 -48.20476151 23.03527069
v -48.91250610 -48.20476151 23.76915169
v -49.32658386 -48.20476151 24.43504333
v -49.86261368 -48.20476151 25.00735664
v -50.49999619 -48.20476151 25.46409988
v -51.21424103 -48.20476151 25.78771973
v -51.48415756 -48.20476151 25.93622398
v -51.97789383 -48.20476151 25.96577835
v -52.76161194 -48.20476151 25.99143600
v -75.50359344 -53.55475998 18.98541832
v -73.35195160 -53.55475998 19.63146210
v -71.24275208 -53.55475998 20.40490723
v -67.29686737 -53.55475998 14.26185799
v -69.52924347 -53.55475998 14.01001453
v -71.74258423 -53.55475998 13.62524033
f 1 2 3
f 3 2 4
f 3 4 5
f 3 6 1
f 7 8 9
f 9 8 10
f 9 10 11
f 11 10 12
f 11 12 13
f 13 12 14
f 13 14 15
f 15 14 16
f 16 17 15
f 15 17 18
f 18 17 19
f 19 17 20
f 19 20 21
f 21 20 22
f 21 22 23
f 23 22 24
f 23 24 25
f 25 24 26
f 26 27 25
f 25 27 28
f 29 30 31
f 31 30 32
f 31 32 33
f 33 32 34
f 33 34 35
f 35 34 36
f 35 36 37
f 37 36 38
f 7 37 8
f 8 37 38
f 28 27 39
f 39 27 40
f 39 40 41
f 41 40 42
f 41 42 43
f 43 42 44
f 43 44 45
f 45 44 46
f 29 45 30
f 30 45 46
f 47 48 49
f 49 48 50
f 50 48 51
f 50 51 52
f 52 51 53
f 52 53 54
f 54 53 55
f 54 55 56
f 55 57 56
f 56 57 58
f 58 57 59
f 58 59 60
f 60 59 61
f 60 61 62
f 62 61 63
f 62 63 64
f 63 65 64
f 64 65 66
f 66 65 67
f 66 67 68
f 68 67 69
f 68 69 70
f 70 69 71
f 70 71 72
f 71 73 72
f 72 73 74
f 74 73 75
f 74 75 76
f 76 75 77
f 76 77 78
f 78 77 79
f 78 79 80
f 79 81 80
f 80 81 82
f 82 81 83
f 82 83 84
f 84 83 85
f 84 85 86
f 86 85 87
f 86 87 88
f 87 89 88
f 88 89 90
f 90 89 91
f 90 91 92
f 92 91 93
f 92 93 94
f 94 93 95
f 94 95 96
f 95 97 96
f 96 97 98
f 98 97 99
f 98 99 100
f 100 99 101
f 100 101 102
f 102 101 103
f 102 103 104
f 103 105 104
f 104 105 106
f 106 105 107
f 106 107 108
f 108 107 109
f 108 109 110
f 110 109 111
f 110 111 112
f 111 113 112
f 112 113 114
f 114 113 115
f 114 115 116
f 116 115 117
f 116 117 118
f 118 117 119
f 118 119 120
f 119 121 120
f 120 121 122
f 121 123 122
f 122 123 124
f 124 123 125
f 124 125 126
f 126 125 127
f 126 127 128
f 128 127 129
f 128 129 130
f 129 131 130
f 130 131 132
f 132 131 133
f 132 133 134
f 134 133 135
f 134 135 136
f 136 135 137
f 136 137 138
f 137 139 138
f 138 139 140
f 140 139 141
f 140 141 142
f 142 141 143
f 142 143 144
f 144 143 145
f 144 145 146
f 145 147 146
f 146 147 148
f 148 147 149
f 148 149 150
f 150 149 151
f 150 151 152
f 152 151 153
f 152 153 154
f 153 155 154
f 154 155 156
f 156 155 157
f 156 157 158
f 158 157 159
f 158 159 160
f 160 159 161
f 160 161 162
f 161 163 162
f 162 163 164
f 164 163 165
f 164 165 166
f 166 165 167
f 166 167 168
f 168 167 169
f 168 169 170
f 169 171 170
f 170 171 172
f 172 171 173
f 172 173 174
f 174 173 175
f 174 175 176
f 176 175 177
f 176 177 178
f 177 179 178
f 178 179 180
f 180 179 181
f 180 181 182
f 182 181 183
f 182 183 184
f 184 183 185
f 184 185 186
f 185 187 186
f 186 187 188
f 188 187 189
f 188 189 190
f 190 189 191
f 190 191 192
f 192 191 193
f 192 193 194
f 193 195 194
f 194 195 196
f 196 195 197
f 196 197 198
f 198 197 199
f 198 199 200
f 200 199 201
f 200 201 202
f 201 203 202
f 202 203 204
f 203 205 204
f 204 205 206
f 206 205 207
f 206 207 208
f 208 207 209
f 208 209 210
f 210 209 47
f 210 47 49
f 209 193 47
f 47 193 191
f 47 191 48
f 48 191 189
f 48 189 51
f 51 189 187
f 51 187 53
f 53 187 185
f 53 185 55
f 55 185 183
f 55 183 57
f 57 183 59
f 59 183 181
f 59 181 61
f 61 181 179
f 61 179 63
f 63 179 177
f 63 177 65
f 65 177 175
f 65 175 67
f 67 175 173
f 67 173 69
f 69 173 171
f 69 171 71
f 71 171 169
f 71 169 73
f 73 169 167
f 73 167 75
f 75 167 165
f 75 165 77
f 77 165 163
f 77 163 79
f 79 163 161
f 79 161 81
f 81 161 159
f 81 159 83
f 83 159 157
f 83 157 85
f 85 157 155
f 85 155 87
f 87 155 153
f 87 153 89
f 89 153 151
f 89 151 91
f 91 151 149
f 91 149 93
f 93 149 147
f 93 147 95
f 95 147 145
f 95 145 143
f 193 209 195
f 195 209 207
f 195 207 197
f 197 207 205
f 197 205 199
f 199 205 203
f 199 203 201
f 141 99 143
f 143 99 97
f 143 97 95
f 141 139 99
f 99 139 101
f 101 139 103
f 103 139 137
f 103 137 105
f 105 137 135
f 105 135 107
f 107 135 133
f 107 133 109
f 109 133 131
f 109 131 111
f 111 131 129
f 111 129 113
f 113 129 127
f 113 127 115
f 115 127 125
f 115 125 117
f 117 125 123
f 117 123 119
f 119 123 121
f 211 212 213
f 213 212 214
f 212 215 214
f 214 215 216
f 216 215 217
f 216 217 218
f 218 217 219
f 218 219 220
f 220 219 221
f 220 221 222
f 221 223 222
f 222 223 224
f 224 223 225
f 224 225 226
f 226 225 227
f 226 227 228
f 228 227 229
f 228 229 230
f 229 231 230
f 230 231 232
f 231 233 232
f 232 233 234
f 234 233 235
f 234 235 236
f 236 235 237
f 236 237 238
f 238 237 239
f 238 239 240
f 239 241 240
f 240 241 242
f 242 241 243
f 242 243 244
f 244 243 245
f 244 245 246
f 246 245 247
f 246 247 248
f 247 249 248
f 248 249 250
f 249 251 250
f 250 251 252
f 251 211 252
f 252 211 213
f 212 211 247
f 247 211 251
f 247 251 249
f 245 219 247
f 247 219 217
f 247 217 215
f 219 245 221
f 221 245 243
f 221 243 241
f 221 241 223
f 223 241 239
f 223 239 225
f 225 239 237
f 225 237 235
f 225 235 227
f 227 235 233
f 227 233 229
f 229 233 231
f 215 212 247
f 17 16 252
f 252 16 14
f 252 14 12
f 12 10 252
f 252 10 8
f 252 8 250
f 250 8 192
f 250 192 194
f 38 188 8
f 8 188 190
f 8 190 192
f 36 178 38
f 38 178 180
f 38 180 182
f 36 34 178
f 178 34 176
f 176 34 32
f 176 32 30
f 46 162 30
f 30 162 164
f 30 164 166
f 44 150 46
f 46 150 152
f 46 152 154
f 150 44 148
f 148 44 42
f 148 42 40
f 148 40 146
f 146 40 27
f 146 27 144
f 144 27 142
f 142 27 140
f 140 27 138
f 138 27 136
f 136 27 26
f 136 26 134
f 134 26 132
f 132 26 214
f 132 214 130
f 130 214 216
f 130 216 128
f 128 216 218
f 128 218 220
f 214 26 213
f 213 26 24
f 213 24 22
f 22 20 213
f 213 20 17
f 213 17 252
f 210 49 62
f 62 49 50
f 62 50 60
f 60 50 58
f 58 50 56
f 56 50 54
f 54 50 52
f 62 64 210
f 210 64 66
f 210 66 68
f 68 70 210
f 210 70 208
f 208 70 206
f 206 70 72
f 206 72 74
f 206 74 204
f 204 74 76
f 204 76 78
f 78 80 204
f 204 80 120
f 204 120 122
f 80 82 120
f 120 82 84
f 120 84 86
f 86 88 120
f 120 88 90
f 120 90 118
f 118 90 92
f 118 92 94
f 118 94 116
f 116 94 96
f 116 96 98
f 98 100 116
f 116 100 102
f 116 102 114
f 114 102 104
f 114 104 106
f 108 110 106
f 106 110 114
f 110 112 114
f 124 230 122
f 122 230 232
f 122 232 204
f 204 232 202
f 202 232 234
f 202 234 250
f 250 234 236
f 250 236 238
f 124 126 230
f 230 126 228
f 228 126 226
f 226 126 224
f 224 126 128
f 224 128 222
f 222 128 220
f 154 156 46
f 46 156 158
f 46 158 160
f 160 162 46
f 166 168 30
f 30 168 170
f 30 170 172
f 172 174 30
f 30 174 176
f 182 184 38
f 38 184 186
f 38 186 188
f 194 196 250
f 250 196 198
f 250 198 200
f 200 202 250
f 238 240 250
f 250 240 242
f 250 242 244
f 244 246 250
f 250 246 248
f 253 254 255
f 255 254 256
f 255 256 257
f 257 256 258
f 257 258 259
f 259 258 260
f 259 260 261
f 261 260 262
f 261 262 263
f 263 262 264
f 263 264 265
f 265 264 266
f 265 266 267
f 267 266 268
f 267 268 269
f 269 268 270
f 269 270 271
f 271 270 272
f 271 272 273
f 273 272 274
f 273 274 275
f 275 274 276
f 275 276 277
f 277 276 278
f 277 278 279
f 279 278 280
f 279 280 281
f 281 280 282
f 281 282 283
f 283 282 284
f 283 284 285
f 285 284 286
f 285 286 287
f 287 286 288
f 287 288 289
f 289 288 290
f 289 290 291
f 291 290 292
f 291 292 253
f 253 292 254
f 293 294 295
f 295 294 296
f 295 296 297
f 297 296 298
f 297 298 299
f 299 298 256
f 299 256 254
f 294 293 300
f 300 293 301
f 300 301 302
f 302 301 303
f 302 303 304
f 304 303 305
f 304 305 266
f 266 305 268
f 301 306 303
f 303 306 307
f 303 307 305
f 305 307 308
f 305 308 268
f 268 308 270
f 306 309 307
f 307 309 310
f 307 310 308
f 308 310 311
f 308 311 270
f 270 311 272
f 310 309 312
f 312 309 313
f 312 313 314
f 314 313 315
f 314 315 316
f 316 315 317
f 316 317 318
f 318 317 319
f 318 319 278
f 278 319 280
f 315 320 317
f 317 320 321
f 317 321 319
f 319 321 322
f 319 322 280
f 280 322 282
f 321 320 323
f 323 320 324
f 323 324 325
f 325 324 326
f 325 326 327
f 327 326 328
f 327 328 329
f 329 328 330
f 329 330 288
f 288 330 290
f 326 331 328
f 328 331 332
f 328 332 330
f 330 332 333
f 330 333 290
f 290 333 292
f 331 334 332
f 332 334 335
f 332 335 333
f 333 335 336
f 333 336 292
f 292 336 254
f 335 334 337
f 337 334 338
f 337 338 297
f 297 338 295
f 256 298 258
f 258 298 339
f 258 339 260
f 260 339 340
f 260 340 262
f 262 340 341
f 262 341 264
f 264 341 304
f 264 304 266
f 298 296 339
f 339 296 294
f 339 294 340
f 340 294 300
f 340 300 341
f 341 300 302
f 341 302 304
f 337 297 299
f 337 299 336
f 336 299 254
f 335 337 336
f 329 288 286
f 329 286 342
f 342 286 284
f 342 284 343
f 343 284 282
f 343 282 322
f 325 327 342
f 342 327 329
f 325 342 343
f 323 325 343
f 323 343 322
f 321 323 322
f 318 278 276
f 318 276 344
f 344 276 274
f 344 274 345
f 345 274 272
f 345 272 311
f 314 316 344
f 344 316 318
f 314 344 345
f 312 314 345
f 312 345 311
f 310 312 311
f 346 253 347
f 347 253 255
f 347 255 348
f 348 255 257
f 348 257 349
f 349 257 259
f 349 259 350
f 350 259 261
f 350 261 351
f 351 261 263
f 351 263 352
f 352 263 265
f 352 265 353
f 353 265 267
f 353 267 354
f 354 267 269
f 354 269 355
f 355 269 271
f 355 271 356
f 356 271 273
f 356 273 357
f 357 273 275
f 357 275 358
f 358 275 277
f 358 277 359
f 359 277 279
f 359 279 360
f 360 279 281
f 360 281 361
f 361 281 283
f 361 283 362
f 362 283 285
f 362 285 363
f 363 285 287
f 363 287 364
f 364 287 289
f 364 289 365
f 365 289 291
f 365 291 346
f 346 291 253
f 295 338 293
f 293 338 301
f 301 338 334
f 301 334 306
f 306 334 331
f 306 331 309
f 309 331 326
f 309 326 313
f 313 326 324
f 313 324 315
f 315 324 320
f 366 367 368
f 368 367 369
f 368 369 370
f 370 369 371
f 370 371 372
f 372 371 373
f 372 373 374
f 374 373 375
f 374 375 376
f 376 375 377
f 376 377 378
f 378 377 379
f 378 379 380
f 380 379 381
f 380 381 382
f 382 381 383
f 382 383 384
f 384 383 385
f 384 385 386
f 386 385 387
f 386 387 388
f 388 387 389
f 388 389 390
f 390 389 391
f 390 391 392
f 392 391 393
f 392 393 394
f 394 393 395
f 394 395 396
f 396 395 397
f 396 397 398
f 398 397 399
f 398 399 400
f 400 399 401
f 400 401 402
f 402 401 403
f 402 403 404
f 404 403 405
f 405 403 406
f 405 406 407
f 407 406 408
f 407 408 409
f 409 408 410
f 409 410 373
f 373 410 375
f 371 369 409
f 409 369 407
f 392 394 411
f 411 394 412
f 411 412 413
f 411 413 390
f 390 413 388
f 384 386 414
f 414 386 415
f 414 415 416
f 414 416 417
f 417 416 418
f 417 418 419
f 419 418 420
f 419 420 378
f 378 420 376
f 418 421 420
f 420 421 422
f 420 422 376
f 376 422 374
f 421 423 422
f 422 423 424
f 422 424 374
f 374 424 372
f 423 425 424
f 424 425 426
f 424 426 427
f 427 426 366
f 427 366 368
f 406 403 428
f 428 403 401
f 428 401 429
f 429 401 399
f 429 399 430
f 430 399 397
f 430 397 431
f 431 397 395
f 431 395 432
f 432 395 393
f 432 393 391
f 408 406 433
f 433 406 428
f 433 428 434
f 434 428 429
f 434 429 435
f 435 429 430
f 435 430 436
f 436 430 431
f 436 431 437
f 437 431 432
f 437 432 438
f 438 432 391
f 438 391 389
f 373 371 409
f 427 368 370
f 427 370 372
f 408 433 410
f 410 433 439
f 410 439 375
f 375 439 377
f 439 433 434
f 424 427 372
f 439 434 440
f 440 434 435
f 440 435 441
f 441 435 436
f 441 436 442
f 442 436 437
f 442 437 443
f 443 437 438
f 443 438 387
f 387 438 389
f 379 377 440
f 440 377 439
f 379 440 441
f 381 379 441
f 381 441 442
f 419 378 380
f 411 390 392
f 387 385 443
f 443 385 383
f 443 383 442
f 442 383 381
f 384 414 382
f 382 414 417
f 382 417 380
f 380 417 419
f 444 445 446
f 446 445 447
f 446 447 448
f 448 447 449
f 448 449 450
f 450 449 451
f 450 451 452
f 452 451 453
f 452 453 454
f 454 453 455
f 454 455 407
f 407 455 405
f 405 455 456
f 405 456 404
f 404 456 457
f 457 456 458
f 457 458 459
f 459 458 453
f 459 453 451
f 449 460 451
f 451 460 459
f 460 461 459
f 459 461 457
f 454 407 462
f 462 407 369
f 462 369 463
f 463 369 367
f 463 367 444
f 444 446 464
f 464 446 448
f 464 448 465
f 465 448 450
f 465 450 452
f 444 464 463
f 463 464 465
f 463 465 462
f 462 465 452
f 462 452 454
f 455 453 458
f 456 455 458
f 466 467 468
f 468 467 469
f 468 469 470
f 470 469 471
f 470 471 472
f 472 471 473
f 472 473 474
f 474 473 475
f 474 475 476
f 476 475 477
f 476 477 478
f 478 477 479
f 478 479 480
f 480 479 481
f 480 481 482
f 482 481 483
f 482 483 484
f 485 486 467
f 467 486 487
f 467 487 469
f 469 487 471
f 488 489 485
f 485 489 490
f 485 490 486
f 486 490 475
f 486 475 473
f 489 488 491
f 491 488 492
f 491 492 493
f 493 483 491
f 491 483 481
f 491 481 479
f 482 484 494
f 494 484 495
f 494 495 496
f 496 495 497
f 496 497 498
f 498 497 499
f 498 499 500
f 500 499 501
f 500 501 502
f 502 501 460
f 502 460 449
f 499 503 501
f 501 503 461
f 501 461 460
f 447 504 449
f 449 504 505
f 449 505 502
f 502 505 506
f 502 506 500
f 500 506 498
f 445 507 447
f 447 507 508
f 447 508 504
f 504 508 509
f 504 509 510
f 510 509 511
f 510 511 512
f 512 511 513
f 512 513 496
f 496 513 494
f 445 514 507
f 507 514 515
f 507 515 516
f 516 515 517
f 516 517 518
f 518 517 519
f 518 519 520
f 520 519 521
f 520 521 522
f 522 521 478
f 522 478 480
f 515 523 517
f 517 523 524
f 517 524 519
f 519 524 525
f 519 525 521
f 521 525 476
f 521 476 478
f 524 523 526
f 526 523 527
f 526 527 528
f 526 528 472
f 472 528 470
f 491 479 489
f 489 479 477
f 489 477 490
f 490 477 475
f 471 487 473
f 473 487 486
f 480 482 529
f 529 482 494
f 529 494 513
f 526 472 474
f 526 474 525
f 525 474 476
f 480 529 522
f 522 529 530
f 522 530 520
f 520 530 531
f 520 531 518
f 518 531 532
f 518 532 516
f 516 532 507
f 530 529 513
f 524 526 525
f 531 530 511
f 511 530 513
f 498 506 512
f 512 506 510
f 531 511 509
f 504 510 505
f 505 510 506
f 531 509 532
f 532 509 508
f 532 508 507
f 496 498 512
f 533 534 466
f 466 534 467
f 467 534 535
f 467 535 485
f 485 535 536
f 485 536 488
f 488 536 537
f 488 537 492
f 538 539 540
f 540 539 541
f 540 541 542
f 542 541 543
f 542 543 544
f 544 543 545
f 544 545 546
f 546 545 547
f 546 547 548
f 548 547 549
f 548 549 535
f 535 549 536
f 536 549 550
f 536 550 537
f 537 550 551
f 551 550 552
f 551 552 553
f 553 552 547
f 553 547 545
f 543 554 545
f 545 554 553
f 554 555 553
f 553 555 551
f 548 535 556
f 556 535 534
f 556 534 557
f 557 534 533
f 557 533 538
f 542 544 558
f 558 544 546
f 558 546 556
f 556 546 548
f 538 540 559
f 559 540 542
f 559 542 558
f 558 556 557
f 558 557 559
f 559 557 538
f 552 550 549
f 552 549 547
f 560 561 562
f 562 561 563
f 562 563 564
f 564 563 565
f 564 565 566
f 566 565 567
f 566 567 568
f 568 567 569
f 568 569 570
f 570 569 571
f 570 571 572
f 572 571 555
f 572 555 554
f 561 560 573
f 573 560 574
f 573 574 575
f 575 574 576
f 575 576 567
f 567 576 569
f 574 577 576
f 576 577 578
f 576 578 569
f 569 578 571
f 577 579 578
f 578 579 555
f 578 555 571
f 572 554 570
f 570 554 543
f 570 543 568
f 568 543 566
f 543 541 566
f 566 541 564
f 541 539 564
f 564 539 562
f 563 561 573
f 567 565 575
f 575 565 573
f 565 563 573
f 580 579 581
f 581 579 577
f 581 577 582
f 582 577 574
f 582 574 583
f 583 574 584
f 583 584 585
f 585 584 586
f 585 586 587
f 587 586 588
f 587 588 589
f 589 588 590
f 589 590 591
f 591 590 592
f 591 592 593
f 593 592 594
f 593 594 595
f 595 594 596
f 596 594 597
f 596 597 598
f 598 597 599
f 599 597 600
f 599 600 601
f 601 600 592
f 601 592 590
f 574 560 584
f 584 560 602
f 584 602 586
f 586 602 603
f 586 603 588
f 588 603 604
f 588 604 590
f 590 604 601
f 560 562 602
f 602 562 605
f 602 605 606
f 599 604 606
f 606 604 603
f 606 603 602
f 593 595 607
f 607 595 608
f 607 608 609
f 609 608 610
f 609 610 611
f 609 611 612
f 612 611 613
f 612 613 614
f 614 613 615
f 614 615 616
f 616 615 617
f 616 617 585
f 585 617 583
f 615 613 618
f 618 613 580
f 618 580 581
f 604 599 601
f 618 581 582
f 618 582 617
f 617 582 583
f 585 587 616
f 616 587 619
f 616 619 614
f 614 619 612
f 619 587 589
f 618 617 615
f 592 600 594
f 594 600 597
f 593 607 591
f 591 607 620
f 591 620 589
f 589 620 619
f 607 609 620
f 620 609 612
f 620 612 619
f 621 610 622
f 622 610 608
f 622 608 623
f 623 608 595
f 623 595 624
f 624 595 625
f 624 625 626
f 626 625 627
f 626 627 628
f 628 627 629
f 628 629 630
f 630 629 631
f 630 631 632
f 632 631 633
f 632 633 634
f 634 633 635
f 634 635 636
f 636 635 637
f 637 635 638
f 637 638 639
f 639 638 640
f 640 638 641
f 640 641 642
f 642 641 633
f 642 633 631
f 595 596 625
f 625 596 643
f 625 643 627
f 627 643 644
f 627 644 629
f 629 644 645
f 629 645 631
f 631 645 642
f 596 598 643
f 643 598 646
f 643 646 644
f 644 646 647
f 644 647 645
f 645 647 642
f 647 640 642
f 634 636 648
f 648 636 649
f 648 649 650
f 650 649 651
f 650 651 652
f 653 654 652
f 652 654 655
f 652 655 650
f 650 655 656
f 650 656 648
f 648 656 632
f 648 632 634
f 621 657 653
f 653 657 658
f 653 658 654
f 654 658 659
f 654 659 660
f 660 659 628
f 660 628 630
f 657 621 622
f 657 622 623
f 623 624 661
f 661 624 626
f 661 626 659
f 659 626 628
f 658 657 661
f 661 657 623
f 658 661 659
f 633 641 635
f 635 641 638
f 630 632 656
f 654 660 655
f 655 660 656
f 660 630 656
f 639 662 637
f 637 662 663
f 637 663 636
f 636 663 664
f 636 664 649
f 649 664 665
f 649 665 651
f 651 665 666
f 667 668 669
f 669 668 670
f 669 670 671
f 671 670 672
f 671 672 673
f 673 672 674
f 673 674 675
f 675 674 676
f 675 676 677
f 677 676 678
f 677 678 662
f 662 678 663
f 663 678 679
f 663 679 664
f 664 679 680
f 664 680 665
f 665 680 681
f 665 681 666
f 668 682 670
f 670 682 683
f 670 683 672
f 672 683 684
f 672 684 674
f 674 684 685
f 674 685 676
f 676 685 686
f 676 686 678
f 678 686 679
f 682 687 683
f 683 687 688
f 683 688 684
f 684 688 689
f 684 689 685
f 685 689 690
f 685 690 686
f 686 690 691
f 686 691 679
f 679 691 680
f 687 692 688
f 688 692 693
f 688 693 689
f 689 693 694
f 689 694 690
f 690 694 695
f 690 695 691
f 691 695 696
f 691 696 680
f 680 696 681
f 697 698 667
f 667 698 668
f 668 698 699
f 668 699 682
f 682 699 700
f 682 700 687
f 687 700 701
f 687 701 692
f 702 703 704
f 704 703 705
f 704 705 706
f 706 705 707
f 706 707 708
f 708 707 709
f 708 709 710
f 710 709 711
f 710 711 712
f 712 711 713
f 712 713 714
f 714 713 715
f 714 715 716
f 716 715 698
f 716 698 697
f 703 717 705
f 705 717 718
f 705 718 707
f 707 718 719
f 707 719 709
f 709 719 720
f 709 720 711
f 711 720 721
f 711 721 713
f 713 721 722
f 713 722 715
f 715 722 723
f 715 723 698
f 698 723 699
f 699 723 724
f 699 724 700
f 700 724 701
f 701 724 725
f 725 724 726
f 725 726 727
f 727 726 728
f 727 728 729
f 729 728 730
f 729 730 731
f 731 730 732
f 731 732 733
f 733 732 734
f 733 734 735
f 735 734 736
f 736 734 718
f 736 718 717
f 719 718 734
f 720 719 732
f 732 719 734
f 721 720 730
f 730 720 732
f 722 721 728
f 728 721 730
f 723 722 726
f 726 722 728
f 724 723 726
f 702 737 703
f 703 737 738
f 703 738 717
f 717 738 739
f 717 739 736
f 736 739 740
f 736 740 735
f 735 740 741
f 742 743 744
f 744 743 745
f 744 745 746
f 746 745 747
f 746 747 748
f 748 747 749
f 748 749 750
f 750 749 751
f 750 751 752
f 752 751 753
f 752 753 754
f 754 753 755
f 754 755 756
f 756 755 738
f 756 738 737
f 743 757 745
f 745 757 758
f 745 758 747
f 747 758 759
f 747 759 749
f 749 759 760
f 749 760 751
f 751 760 761
f 751 761 753
f 753 761 762
f 753 762 755
f 755 762 763
f 755 763 738
f 738 763 739
f 739 763 764
f 739 764 740
f 740 764 741
f 741 764 765
f 765 764 766
f 765 766 767
f 767 766 768
f 767 768 769
f 769 768 770
f 769 770 771
f 771 770 772
f 771 772 773
f 773 772 774
f 773 774 775
f 775 774 776
f 776 774 758
f 776 758 757
f 759 758 774
f 760 759 772
f 772 759 774
f 761 760 770
f 770 760 772
f 762 761 768
f 768 761 770
f 763 762 766
f 766 762 768
f 764 763 766
f 742 777 743
f 743 777 778
f 743 778 757
f 757 778 779
f 757 779 776
f 776 779 780
f 776 780 775
f 775 780 781
f 782 783 784
f 784 783 785
f 784 785 786
f 786 785 787
f 786 787 788
f 788 787 789
f 788 789 790
f 790 789 791
f 790 791 792
f 792 791 793
f 792 793 777
f 777 793 778
f 778 793 794
f 778 794 779
f 779 794 795
f 779 795 780
f 780 795 796
f 780 796 781
f 783 797 785
f 785 797 798
f 785 798 787
f 787 798 799
f 787 799 789
f 789 799 800
f 789 800 791
f 791 800 801
f 791 801 793
f 793 801 794
f 797 802 798
f 798 802 803
f 798 803 799
f 799 803 804
f 799 804 800
f 800 804 805
f 800 805 801
f 801 805 806
f 801 806 794
f 794 806 795
f 802 807 803
f 803 807 808
f 803 808 804
f 804 808 809
f 804 809 805
f 805 809 810
f 805 810 806
f 806 810 811
f 806 811 795
f 795 811 796
f 782 812 783
f 783 812 813
f 783 813 797
f 797 813 814
f 797 814 802
f 802 814 815
f 802 815 807
f 807 815 816
f 817 816 818
f 818 816 815
f 818 815 819
f 819 815 814
f 819 814 820
f 820 814 821
f 820 821 822
f 822 821 823
f 822 823 824
f 824 823 825
f 824 825 826
f 826 825 827
f 826 827 828
f 828 827 829
f 828 829 830
f 830 829 831
f 830 831 832
f 832 831 833
f 833 831 834
f 833 834 835
f 835 834 836
f 836 834 837
f 836 837 838
f 838 837 829
f 838 829 827
f 814 813 821
f 821 813 839
f 821 839 823
f 823 839 840
f 823 840 825
f 825 840 841
f 825 841 827
f 827 841 838
f 813 812 839
f 839 812 842
f 839 842 840
f 840 842 843
f 840 843 841
f 841 843 838
f 843 836 838
f 830 832 844
f 844 832 845
f 844 845 846
f 846 845 847
f 846 847 848
f 849 850 848
f 848 850 851
f 848 851 846
f 846 851 852
f 846 852 844
f 844 852 828
f 844 828 830
f 817 853 849
f 849 853 854
f 849 854 850
f 850 854 855
f 850 855 856
f 856 855 824
f 856 824 826
f 853 817 818
f 853 818 819
f 819 820 857
f 857 820 822
f 857 822 855
f 855 822 824
f 854 853 857
f 857 853 819
f 854 857 855
f 829 837 831
f 831 837 834
f 826 828 852
f 850 856 851
f 851 856 852
f 856 826 852
f 858 859 860
f 860 859 861
f 860 861 862
f 862 861 863
f 862 863 864
f 864 863 865
f 864 865 866
f 866 865 867
f 866 867 868
f 868 867 869
f 868 869 870
f 870 869 871
f 870 871 872
f 872 871 873
f 872 873 874
f 874 873 875
f 874 875 832
f 832 875 845
f 845 875 876
f 845 876 847
f 847 876 877
f 877 876 878
f 877 878 879
f 879 878 873
f 879 873 871
f 863 880 865
f 865 880 881
f 865 881 867
f 867 881 882
f 867 882 869
f 869 882 883
f 869 883 871
f 871 883 879
f 880 884 881
f 881 884 885
f 881 885 886
f 877 883 886
f 886 883 882
f 886 882 881
f 874 832 887
f 887 832 833
f 887 833 888
f 888 833 835
f 888 835 889
f 890 891 889
f 889 891 892
f 889 892 888
f 888 892 893
f 888 893 887
f 887 893 872
f 887 872 874
f 858 894 890
f 890 894 895
f 890 895 891
f 891 895 896
f 891 896 897
f 897 896 868
f 897 868 870
f 894 858 860
f 883 877 879
f 894 860 862
f 862 864 898
f 898 864 866
f 898 866 896
f 896 866 868
f 896 895 898
f 898 895 894
f 898 894 862
f 873 878 875
f 875 878 876
f 870 872 893
f 891 897 892
f 892 897 893
f 897 870 893
f 880 899 884
f 884 899 900
f 884 900 901
f 901 900 902
f 902 900 903
f 902 903 904
f 904 903 905
f 904 905 906
f 906 905 907
f 906 907 908
f 908 907 861
f 908 861 859
f 899 880 909
f 909 880 863
f 909 863 910
f 910 863 907
f 910 907 905
f 863 861 907
f 908 859 911
f 911 859 912
f 911 912 913
f 911 913 906
f 906 913 904
f 911 906 908
f 900 899 909
f 905 903 910
f 910 903 909
f 903 900 909
f 914 915 916
f 916 915 917
f 916 917 918
f 918 917 919
f 918 919 920
f 920 919 921
f 920 921 922
f 922 921 923
f 922 923 924
f 924 923 925
f 924 925 904
f 904 925 902
f 902 925 926
f 902 926 901
f 901 926 927
f 927 926 928
f 927 928 929
f 929 928 923
f 929 923 921
f 919 930 921
f 921 930 929
f 930 931 929
f 929 931 927
f 924 904 932
f 932 904 913
f 932 913 933
f 933 913 912
f 933 912 914
f 918 920 934
f 934 920 922
f 934 922 932
f 932 922 924
f 914 916 935
f 935 916 918
f 935 918 934
f 934 932 933
f 934 933 935
f 935 933 914
f 928 926 925
f 928 925 923
f 936 937 915
f 915 937 917
f 917 937 938
f 917 938 919
f 919 938 939
f 919 939 930
f 930 939 940
f 930 940 931
f 941 942 943
f 943 942 944
f 943 944 945
f 945 944 946
f 945 946 947
f 947 946 948
f 947 948 949
f 949 948 950
f 949 950 951
f 951 950 952
f 951 952 953
f 953 952 954
f 953 954 955
f 955 954 956
f 955 956 957
f 957 956 958
f 957 958 959
f 959 958 960
f 959 960 937
f 937 960 961
f 937 961 938
f 938 961 962
f 938 962 963
f 963 962 964
f 963 964 965
f 965 964 966
f 965 966 967
f 967 966 968
f 967 968 969
f 969 968 970
f 970 968 971
f 970 971 972
f 972 971 973
f 972 973 974
f 974 973 975
f 975 973 976
f 975 976 977
f 977 976 978
f 977 978 979
f 979 978 980
f 980 978 981
f 980 981 982
f 982 981 983
f 982 983 984
f 984 983 985
f 984 985 986
f 986 985 987
f 986 987 950
f 950 987 952
f 944 982 946
f 946 982 988
f 946 988 948
f 948 988 986
f 948 986 950
f 967 969 989
f 989 969 990
f 989 990 991
f 991 990 940
f 991 940 939
f 991 939 992
f 992 939 938
f 992 938 963
f 959 937 993
f 993 937 936
f 993 936 994
f 993 994 995
f 995 994 996
f 995 996 997
f 997 996 998
f 997 998 953
f 953 998 951
f 996 999 998
f 998 999 1000
f 998 1000 951
f 951 1000 949
f 999 1001 1000
f 1000 1001 1002
f 1000 1002 949
f 949 1002 947
f 1001 1003 1002
f 1002 1003 1004
f 1002 1004 1005
f 1005 1004 941
f 1005 941 943
f 981 978 1006
f 1006 978 976
f 1006 976 1007
f 1007 976 973
f 1007 973 1008
f 1008 973 971
f 1008 971 1009
f 1009 971 968
f 1009 968 966
f 988 982 984
f 983 981 1010
f 1010 981 1006
f 1010 1006 1011
f 1011 1006 1007
f 1011 1007 1012
f 1012 1007 1008
f 1012 1008 1013
f 1013 1008 1009
f 1013 1009 1014
f 1014 1009 966
f 1014 966 964
f 986 988 984
f 1005 943 945
f 1005 945 947
f 983 1010 985
f 985 1010 1015
f 985 1015 987
f 987 1015 1016
f 987 1016 952
f 952 1016 954
f 1015 1010 1011
f 1002 1005 947
f 1015 1011 1017
f 1017 1011 1012
f 1017 1012 1018
f 1018 1012 1013
f 1018 1013 1019
f 1019 1013 1014
f 1019 1014 1020
f 1020 1014 964
f 1020 964 962
f 1015 1017 1016
f 1016 1017 1021
f 1016 1021 954
f 954 1021 956
f 1021 1017 1018
f 1021 1018 1022
f 1022 1018 1019
f 1022 1019 1023
f 1023 1019 1020
f 1023 1020 961
f 961 1020 962
f 997 953 955
f 967 989 965
f 965 989 992
f 965 992 963
f 991 992 989
f 1023 958 1022
f 1022 958 956
f 1022 956 1021
f 961 960 1023
f 1023 960 958
f 997 955 995
f 995 955 957
f 995 957 993
f 993 957 959
f 1024 979 1025
f 1025 979 980
f 1025 980 1026
f 1026 980 982
f 1026 982 1027
f 1027 982 1028
f 1027 1028 1029
f 1029 1028 1030
f 1029 1030 1031
f 1031 1030 1032
f 1031 1032 386
f 386 1032 415
f 415 1032 1033
f 1033 1032 1034
f 1033 1034 1035
f 1035 1034 1030
f 1035 1030 1028
f 982 944 1028
f 1028 944 1035
f 944 942 1035
f 1035 942 1033
f 386 388 1031
f 1031 388 1036
f 1031 1036 1029
f 1029 1036 1037
f 1029 1037 1027
f 1027 1037 1026
f 1036 388 1038
f 1038 388 413
f 1038 413 1039
f 1039 413 412
f 1039 412 1024
f 1030 1034 1032
f 1024 1025 1040
f 1040 1025 1026
f 1040 1026 1037
f 1038 1039 1040
f 1040 1039 1024
f 1037 1036 1038
f 1037 1038 1040
f 1041 742 1042
f 1042 742 744
f 1042 744 746
f 1042 746 1043
f 1043 746 748
f 1043 748 1044
f 1044 748 750
f 1044 750 1045
f 1045 750 752
f 1045 752 1046
f 1046 752 754
f 1046 754 1047
f 1047 754 756
f 1047 756 1048
f 1048 756 1049
f 1049 756 737
f 742 1041 777
f 777 1041 1050
f 1050 1041 1051
f 1051 1041 1052
f 1053 782 1054
f 1054 782 784
f 1054 784 1055
f 1055 784 786
f 1055 786 1056
f 1056 786 788
f 1056 788 1057
f 1057 788 790
f 1057 790 1058
f 1058 790 792
f 1058 792 1050
f 1050 792 777
f 782 835 812
f 812 835 836
f 812 836 843
f 835 782 889
f 889 782 1053
f 889 1053 890
f 890 1053 858
f 858 1053 1059
f 858 1059 859
f 843 842 812
f 859 1059 912
f 912 1059 1060
f 912 1060 914
f 914 1060 1061
f 914 1061 915
f 915 1061 1062
f 1063 936 1064
f 1064 936 915
f 1064 915 1062
f 942 941 1065
f 1065 941 1066
f 1066 941 1004
f 1066 1004 1067
f 1067 1004 1003
f 1067 1003 1068
f 1068 1003 1001
f 1068 1001 999
f 1068 999 1069
f 1069 999 996
f 1069 996 1070
f 1070 996 994
f 1070 994 1063
f 1063 994 936
f 415 1033 1071
f 1071 1033 1072
f 1072 1033 942
f 1072 942 1065
f 367 366 1073
f 1073 366 1074
f 1074 366 426
f 1074 426 1075
f 1075 426 425
f 1075 425 1076
f 1076 425 423
f 1076 423 421
f 1076 421 1077
f 1077 421 418
f 1077 418 1078
f 1078 418 416
f 1078 416 1071
f 1071 416 415
f 1079 610 1080
f 1080 610 621
f 1080 621 1081
f 1081 621 653
f 1081 653 1082
f 1082 653 652
f 1082 652 651
f 651 1083 1082
f 1082 1083 1084
f 1082 1084 1085
f 1085 1084 1086
f 1085 1086 1087
f 1083 1088 1084
f 1084 1088 1086
f 1085 1087 1089
f 1089 1087 1090
f 1089 1090 1091
f 1091 1079 1089
f 1089 1079 1080
f 1089 1080 1081
f 1089 1081 1085
f 1085 1081 1082
f 555 579 1092
f 1092 579 580
f 1092 580 1093
f 1093 580 1094
f 1093 1094 1095
f 1095 1094 1096
f 1095 1096 1097
f 1097 1096 1098
f 1098 1096 1091
f 1098 1091 1090
f 580 613 1094
f 1094 613 1099
f 1094 1099 1096
f 1096 1099 1091
f 613 611 1099
f 1099 611 610
f 1099 610 1079
f 1079 1091 1099
f 1095 1097 1100
f 1100 1097 1101
f 1100 1101 1093
f 1093 1101 1102
f 1093 1102 555
f 1093 555 1092
f 1100 1093 1095
f 492 537 493
f 493 537 551
f 493 551 483
f 483 551 555
f 483 555 484
f 484 555 495
f 495 555 1102
f 495 1102 497
f 497 1102 499
f 499 1102 503
f 503 1102 461
f 461 1102 1103
f 461 1103 1104
f 1102 1105 1103
f 1103 1105 1106
f 1106 1105 1107
f 1107 1105 1108
f 1108 1105 1109
f 1108 1109 1110
f 1110 1109 1111
f 1110 1111 1112
f 1112 1113 1110
f 1110 1113 1114
f 1110 1114 1115
f 1115 1116 1110
f 1110 1116 1117
f 1110 1117 1118
f 1116 1119 1117
f 1117 1119 1120
f 1120 1119 1121
f 1121 1119 1122
f 1121 1122 1123
f 1123 1122 1124
f 1124 1122 1125
f 1124 1125 1126
f 1126 1127 1124
f 1124 1127 1128
f 1128 1127 1129
f 1128 1129 1130
f 1130 1129 1131
f 1131 1129 1132
f 1131 1132 1133
f 1134 1135 1133
f 1133 1135 1131
f 1118 1136 1110
f 1110 1136 1137
f 1110 1137 1138
f 1110 1138 1139
f 1139 1138 1140
f 1139 1140 1141
f 1141 1142 1139
f 1139 1142 1143
f 1139 1143 1144
f 1144 1145 1139
f 1139 1145 1146
f 1139 1146 1147
f 1147 1146 1148
f 1147 1148 1149
f 1149 1150 1147
f 1147 1150 1151
f 1147 1151 1152
f 1152 1153 1147
f 1147 1153 1154
f 1147 1154 1155
f 1147 1155 1156
f 1156 1155 1157
f 1156 1157 1158
f 1158 1159 1156
f 1156 1159 1160
f 1156 1160 1161
f 1161 1160 1162
f 1162 1160 1163
f 1162 1163 1164
f 1164 1165 1162
f 1162 1165 1166
f 1166 1165 1167
f 1166 1167 1168
f 1168 1167 1169
f 1169 1167 1170
f 1169 1170 1171
f 1171 1170 1172
f 1171 1172 1173
f 1173 1172 1174
f 1173 1174 1175
f 1175 1174 1176
f 1175 1176 1177
f 1177 1176 1178
f 1177 1178 1179
f 1161 1180 1156
f 1156 1180 1181
f 1156 1181 1182
f 1182 1183 1156
f 1156 1183 1184
f 1156 1184 1185
f 1185 1184 1186
f 1185 1186 1187
f 1188 1189 1187
f 1187 1189 1190
f 1187 1190 1191
f 901 974 1188
f 1188 974 975
f 1188 975 977
f 927 969 901
f 901 969 970
f 901 970 972
f 969 927 990
f 990 927 931
f 990 931 940
f 972 974 901
f 977 979 1188
f 1188 979 1189
f 1024 1192 979
f 979 1192 1193
f 979 1193 1189
f 412 1194 1024
f 1024 1194 1195
f 1024 1195 1196
f 1194 412 1197
f 1197 412 394
f 1197 394 1198
f 1198 394 396
f 1198 396 1199
f 1199 396 398
f 1199 398 1200
f 1200 398 400
f 1200 400 402
f 1200 402 1201
f 1201 402 404
f 1201 404 1202
f 1202 404 457
f 1202 457 1203
f 1203 457 1204
f 1204 457 1205
f 1205 457 1206
f 1206 457 461
f 1206 461 1104
f 1196 1207 1024
f 1024 1207 1192
f 1191 1185 1187
f 1208 1209 1210
f 1210 1209 1211
f 1211 1209 1212
f 1211 1212 1213
f 1209 1214 1212
f 1212 1214 1215
f 1215 1214 1216
f 1215 1216 1217
f 1214 1218 1216
f 1217 1219 1215
f 1220 1221 1222
f 1222 1221 1223
f 1222 1223 1224
f 1224 1223 1225
f 1224 1225 1226
f 1226 1225 1227
f 1226 1227 1228
f 1228 1227 1229
f 1228 1229 1230
f 1230 1229 1231
f 1230 1231 1232
f 1233 1234 1220
f 1220 1234 1235
f 1220 1235 1221
f 1221 1235 1236
f 1221 1236 1237
f 1237 1236 1238
f 1237 1238 1239
f 1239 1238 1240
f 1239 1240 1241
f 1241 1240 1242
f 1241 1242 1231
f 1243 1244 1233
f 1233 1244 1245
f 1233 1245 1234
f 1234 1245 1246
f 1234 1246 1247
f 1247 1246 1248
f 1247 1248 1249
f 1249 1248 1250
f 1249 1250 1251
f 1251 1250 1252
f 1251 1252 1242
f 1244 1243 1253
f 1253 1243 1218
f 1253 1218 1214
f 1253 1214 1254
f 1254 1214 1209
f 1254 1209 1255
f 1255 1209 1256
f 1255 1256 1257
f 1257 1256 1258
f 1257 1258 1248
f 1248 1258 1250
f 1209 1208 1256
f 1256 1208 1259
f 1256 1259 1258
f 1258 1259 1252
f 1258 1252 1250
f 1230 1232 1228
f 1228 1232 1226
f 1226 1232 1224
f 1242 1240 1251
f 1251 1240 1238
f 1251 1238 1249
f 1249 1238 1236
f 1249 1236 1247
f 1247 1236 1235
f 1247 1235 1234
f 1231 1229 1241
f 1241 1229 1227
f 1241 1227 1239
f 1239 1227 1225
f 1239 1225 1237
f 1237 1225 1223
f 1237 1223 1221
f 1232 1222 1224
f 1246 1245 1260
f 1260 1245 1244
f 1260 1244 1254
f 1254 1244 1253
f 1248 1246 1257
f 1257 1246 1260
f 1257 1260 1255
f 1255 1260 1254
f 1261 1262 1263
f 1263 1262 1264
f 1263 1264 1265
f 1265 1264 1266
f 1264 1262 1267
f 1267 1262 1268
f 1267 1268 1269
f 1269 1268 1270
f 1270 1268 1271
f 1269 1272 1267
f 1273 1274 1275
f 1275 1274 1276
f 1275 1276 1277
f 1277 1276 1278
f 1277 1278 1279
f 1279 1278 1280
f 1279 1280 1281
f 1281 1280 1282
f 1281 1282 1283
f 1283 1282 1284
f 1283 1284 1285
f 1285 1284 1286
f 1285 1286 1287
f 1271 1288 1273
f 1273 1288 1289
f 1273 1289 1274
f 1274 1289 1290
f 1274 1290 1291
f 1291 1290 1292
f 1291 1292 1293
f 1293 1292 1294
f 1293 1294 1295
f 1295 1294 1296
f 1295 1296 1297
f 1297 1296 1298
f 1297 1298 1286
f 1271 1268 1288
f 1288 1268 1299
f 1288 1299 1289
f 1289 1299 1290
f 1299 1268 1300
f 1300 1268 1262
f 1300 1262 1301
f 1301 1262 1302
f 1301 1302 1294
f 1294 1302 1296
f 1262 1261 1302
f 1302 1261 1298
f 1302 1298 1296
f 1285 1287 1303
f 1303 1287 1304
f 1303 1304 1305
f 1305 1304 1306
f 1305 1306 1307
f 1307 1308 1309
f 1309 1308 1310
f 1309 1310 1311
f 1311 1310 1312
f 1311 1312 1277
f 1277 1312 1275
f 1305 1307 1313
f 1313 1307 1314
f 1314 1307 1315
f 1315 1307 1309
f 1286 1284 1297
f 1297 1284 1282
f 1297 1282 1295
f 1295 1282 1280
f 1295 1280 1293
f 1293 1280 1278
f 1293 1278 1291
f 1291 1278 1276
f 1291 1276 1274
f 1283 1285 1316
f 1316 1285 1303
f 1316 1303 1313
f 1313 1303 1305
f 1281 1283 1317
f 1317 1283 1316
f 1317 1316 1314
f 1314 1316 1313
f 1311 1277 1279
f 1279 1281 1318
f 1318 1281 1317
f 1318 1317 1315
f 1315 1317 1314
f 1301 1294 1292
f 1299 1300 1290
f 1290 1300 1292
f 1300 1301 1292
f 1309 1311 1318
f 1318 1311 1279
f 1309 1318 1315
f 1263 1319 1261
f 1261 1319 1320
f 1261 1320 1298
f 1298 1320 1286
f 1286 1320 1321
f 1286 1321 1287
f 1287 1321 1322
f 1287 1322 1304
f 1304 1322 1306
f 1306 1322 1323
f 1306 1323 1307
f 1263 1265 1319
f 1319 1265 1266
f 1307 1232 1308
f 1308 1232 1231
f 1308 1231 1310
f 1310 1231 1312
f 1312 1231 1242
f 1312 1242 1275
f 1275 1242 1252
f 1275 1252 1273
f 1273 1252 1259
f 1273 1259 1271
f 1271 1259 1208
f 1216 1218 1324
f 1324 1218 1243
f 1324 1243 1325
f 1325 1243 1233
f 1325 1233 1326
f 1326 1233 1220
f 1326 1220 1327
f 1327 1220 1222
f 1327 1222 1328
f 1328 1222 1232
f 1219 1217 1324
f 1324 1217 1216
f 1319 1266 1329
f 1329 1266 1330
f 1329 1330 1331
f 1331 1330 1332
f 1331 1332 1333
f 1333 1332 1334
f 1335 1052 1323
f 1323 1052 1049
f 1323 1049 1336
f 1337 1338 1335
f 1335 1338 1339
f 1335 1339 1340
f 1340 1052 1335
f 1041 1042 1052
f 1052 1042 1043
f 1052 1043 1044
f 1044 1045 1052
f 1052 1045 1046
f 1052 1046 1047
f 1047 1048 1052
f 1052 1048 1049
f 1341 1342 1336
f 1336 1342 1328
f 1336 1328 1323
f 1323 1328 1232
f 1323 1232 1307
f 1341 1343 1342
f 1342 1343 1344
f 1342 1344 1345
f 1345 1346 1342
f 1342 1346 1347
f 1342 1347 1348
f 1348 1349 1342
f 1328 1342 1350
f 1350 1342 1351
f 1350 1351 1352
f 1352 1353 1350
f 1350 1353 1354
f 1355 1356 1357
f 1357 1356 1358
f 1357 1358 1359
f 1359 1358 1360
f 1359 1360 1361
f 1361 1360 1362
f 1361 1362 1363
f 1363 1362 1364
f 1363 1364 1365
f 1365 1364 1366
f 1365 1366 1367
f 1367 1366 1368
f 1367 1368 1369
f 1369 1368 1370
f 1369 1370 1371
f 1371 1370 1372
f 1371 1372 1373
f 1373 1372 1374
f 1373 1374 1375
f 1375 1374 1376
f 1375 1376 1377
f 1377 1376 1378
f 1377 1378 1379
f 1379 1378 1380
f 1379 1380 1381
f 1381 1380 1382
f 1381 1382 1383
f 1383 1382 1384
f 1383 1384 1385
f 1385 1384 1386
f 1385 1386 1387
f 1387 1386 1388
f 1387 1388 1389
f 1389 1388 1390
f 1390 1388 1391
f 1390 1391 1392
f 1392 1391 1393
f 1392 1393 1394
f 1394 1393 1395
f 1395 1393 1396
f 1395 1396 1397
f 1397 1396 1398
f 1397 1398 1399
f 1399 1398 1400
f 1399 1400 1362
f 1362 1400 1364
f 1358 1397 1360
f 1360 1397 1399
f 1360 1399 1362
f 1383 1401 1381
f 1381 1401 1402
f 1381 1402 1379
f 1379 1402 1403
f 1379 1403 1377
f 1401 1404 1402
f 1402 1404 1403
f 1373 1375 1405
f 1405 1375 2
f 1405 2 1406
f 1405 1406 1407
f 1407 1406 1408
f 1407 1408 1409
f 1409 1408 1410
f 1409 1410 1367
f 1367 1410 1365
f 1408 1411 1410
f 1410 1411 1412
f 1410 1412 1365
f 1365 1412 1363
f 1411 1413 1412
f 1412 1413 1414
f 1412 1414 1363
f 1363 1414 1361
f 1413 1415 1414
f 1414 1415 1416
f 1414 1416 1417
f 1417 1416 1355
f 1417 1355 1357
f 1396 1393 1418
f 1418 1393 1391
f 1418 1391 1419
f 1419 1391 1388
f 1419 1388 1420
f 1420 1388 1386
f 1420 1386 1421
f 1421 1386 1384
f 1421 1384 1422
f 1422 1384 1382
f 1422 1382 1380
f 1398 1396 1423
f 1423 1396 1418
f 1423 1418 1424
f 1424 1418 1419
f 1424 1419 1425
f 1425 1419 1420
f 1425 1420 1426
f 1426 1420 1421
f 1426 1421 1427
f 1427 1421 1422
f 1427 1422 1428
f 1428 1422 1380
f 1428 1380 1378
f 1417 1357 1359
f 1417 1359 1361
f 1398 1423 1400
f 1400 1423 1429
f 1400 1429 1364
f 1364 1429 1366
f 1429 1423 1424
f 1414 1417 1361
f 1429 1424 1430
f 1430 1424 1425
f 1430 1425 1431
f 1431 1425 1426
f 1431 1426 1432
f 1432 1426 1427
f 1432 1427 1433
f 1433 1427 1428
f 1433 1428 1376
f 1376 1428 1378
f 1368 1366 1430
f 1430 1366 1429
f 1368 1430 1431
f 1370 1368 1431
f 1370 1431 1432
f 1409 1367 1369
f 1370 1432 1372
f 1372 1432 1433
f 1372 1433 1374
f 1374 1433 1376
f 1409 1369 1407
f 1407 1369 1371
f 1407 1371 1405
f 1405 1371 1373
f 1434 1435 1436
f 1436 1435 1437
f 1436 1437 1438
f 1438 1437 1439
f 1438 1439 1440
f 1440 1439 1441
f 1440 1441 1442
f 1442 1441 1443
f 1442 1443 1444
f 1444 1443 1445
f 1444 1445 1395
f 1395 1445 1394
f 1394 1445 1446
f 1446 1445 1443
f 1446 1443 1447
f 1447 1443 1441
f 1447 1441 1448
f 1448 1441 1439
f 1448 1449 1447
f 1447 1449 1446
f 1395 1397 1444
f 1444 1397 1450
f 1444 1450 1442
f 1442 1450 1451
f 1442 1451 1440
f 1440 1451 1438
f 1450 1397 1452
f 1452 1397 1358
f 1452 1358 1453
f 1453 1358 1356
f 1453 1356 1434
f 1434 1436 1454
f 1454 1436 1455
f 1454 1455 1453
f 1453 1455 1452
f 1453 1434 1454
f 1455 1436 1438
f 1455 1438 1451
f 1452 1455 1451
f 1452 1451 1450
f 1456 1457 1458
f 1458 1457 1459
f 1458 1459 1460
f 1460 1459 1461
f 1460 1461 1462
f 1462 1461 1463
f 1462 1463 1464
f 1464 1463 1465
f 1464 1465 1466
f 1466 1465 1467
f 1466 1467 1468
f 1468 1467 1469
f 1468 1469 1470
f 1470 1469 1471
f 1470 1471 1472
f 1472 1471 1473
f 1472 1473 1474
f 1474 1473 1475
f 1474 1475 1437
f 1437 1475 1476
f 1437 1476 1439
f 1439 1476 1477
f 1439 1477 1478
f 1478 1477 1479
f 1478 1479 1480
f 1480 1479 1481
f 1480 1481 1482
f 1482 1481 1483
f 1482 1483 1484
f 1484 1483 1485
f 1484 1485 1486
f 1486 1485 1487
f 1486 1487 1488
f 1488 1487 1489
f 1488 1489 1490
f 1490 1489 1491
f 1490 1491 1492
f 1492 1491 1493
f 1493 1491 1494
f 1493 1494 1495
f 1495 1494 1496
f 1495 1496 1497
f 1497 1496 1498
f 1497 1498 1463
f 1463 1498 1465
f 1459 1495 1461
f 1461 1495 1497
f 1461 1497 1463
f 1480 1482 1499
f 1499 1482 1449
f 1499 1449 1448
f 1499 1448 1478
f 1478 1448 1439
f 1474 1437 1500
f 1500 1437 1435
f 1500 1435 1501
f 1500 1501 1502
f 1502 1501 1503
f 1502 1503 1504
f 1504 1503 1505
f 1504 1505 1468
f 1468 1505 1466
f 1503 1506 1505
f 1505 1506 1507
f 1505 1507 1466
f 1466 1507 1464
f 1506 1508 1507
f 1507 1508 1509
f 1507 1509 1464
f 1464 1509 1462
f 1508 1510 1509
f 1509 1510 1511
f 1509 1511 1512
f 1512 1511 1456
f 1512 1456 1458
f 1494 1491 1513
f 1513 1491 1489
f 1513 1489 1514
f 1514 1489 1487
f 1514 1487 1515
f 1515 1487 1485
f 1515 1485 1516
f 1516 1485 1483
f 1516 1483 1517
f 1517 1483 1481
f 1517 1481 1479
f 1496 1494 1518
f 1518 1494 1513
f 1518 1513 1519
f 1519 1513 1514
f 1519 1514 1520
f 1520 1514 1515
f 1520 1515 1521
f 1521 1515 1516
f 1521 1516 1522
f 1522 1516 1517
f 1522 1517 1523
f 1523 1517 1479
f 1523 1479 1477
f 1512 1458 1460
f 1512 1460 1462
f 1496 1518 1498
f 1498 1518 1524
f 1498 1524 1465
f 1465 1524 1467
f 1524 1518 1519
f 1509 1512 1462
f 1524 1519 1525
f 1525 1519 1520
f 1525 1520 1526
f 1526 1520 1521
f 1526 1521 1527
f 1527 1521 1522
f 1527 1522 1528
f 1528 1522 1523
f 1528 1523 1476
f 1476 1523 1477
f 1469 1467 1525
f 1525 1467 1524
f 1469 1525 1526
f 1471 1469 1526
f 1471 1526 1527
f 1504 1468 1470
f 1499 1478 1480
f 1476 1475 1528
f 1528 1475 1473
f 1528 1473 1527
f 1527 1473 1471
f 1474 1500 1472
f 1472 1500 1502
f 1472 1502 1470
f 1470 1502 1504
f 1529 1530 1531
f 1531 1530 1532
f 1531 1532 1533
f 1533 1532 1534
f 1533 1534 1535
f 1535 1534 1536
f 1535 1536 1537
f 1537 1536 1538
f 1537 1538 1539
f 1539 1538 1540
f 1539 1540 1495
f 1495 1540 1493
f 1493 1540 1541
f 1493 1541 1492
f 1492 1541 1542
f 1542 1541 1543
f 1542 1543 1544
f 1544 1543 1538
f 1544 1538 1536
f 1534 1545 1536
f 1536 1545 1544
f 1545 1546 1544
f 1544 1546 1542
f 1539 1495 1547
f 1547 1495 1459
f 1547 1459 1548
f 1548 1459 1457
f 1548 1457 1529
f 1529 1531 1549
f 1549 1531 1533
f 1549 1533 1550
f 1550 1533 1535
f 1550 1535 1537
f 1529 1549 1548
f 1548 1549 1550
f 1548 1550 1547
f 1547 1550 1537
f 1547 1537 1539
f 1540 1538 1543
f 1541 1540 1543
f 1551 1552 1553
f 1553 1552 1554
f 1553 1554 1555
f 1555 1554 1556
f 1555 1556 1557
f 1557 1556 1558
f 1557 1558 1559
f 1559 1558 1560
f 1559 1560 1561
f 1561 1560 1562
f 1561 1562 1563
f 1563 1562 1564
f 1563 1564 1565
f 1565 1564 1566
f 1565 1566 1567
f 1567 1566 1568
f 1567 1568 1569
f 1569 1568 1570
f 1569 1570 1532
f 1532 1570 1571
f 1532 1571 1534
f 1534 1571 1572
f 1534 1572 1573
f 1573 1572 1574
f 1573 1574 1575
f 1575 1574 1576
f 1575 1576 1577
f 1577 1576 1578
f 1577 1578 1579
f 1579 1578 1580
f 1579 1580 1581
f 1581 1580 1582
f 1581 1582 1583
f 1583 1582 1584
f 1583 1584 1585
f 1585 1584 1586
f 1585 1586 1587
f 1587 1586 1588
f 1588 1586 1589
f 1588 1589 1590
f 1590 1589 1591
f 1590 1591 1592
f 1592 1591 1593
f 1592 1593 1558
f 1558 1593 1560
f 1556 1554 1592
f 1592 1554 1590
f 1575 1577 1594
f 1594 1577 1546
f 1594 1546 1545
f 1594 1545 1573
f 1573 1545 1534
f 1569 1532 1595
f 1595 1532 1530
f 1595 1530 1596
f 1596 1597 1595
f 1595 1597 1598
f 1595 1598 1567
f 1567 1598 1565
f 1599 1600 1597
f 1597 1600 1601
f 1597 1601 1598
f 1598 1601 1565
f 1600 1599 1602
f 1602 1599 1603
f 1602 1603 1604
f 1604 1603 1605
f 1604 1605 1606
f 1604 1606 1607
f 1607 1606 1551
f 1607 1551 1553
f 1589 1586 1608
f 1608 1586 1584
f 1608 1584 1609
f 1609 1584 1582
f 1609 1582 1610
f 1610 1582 1580
f 1610 1580 1611
f 1611 1580 1578
f 1611 1578 1612
f 1612 1578 1576
f 1612 1576 1574
f 1591 1589 1613
f 1613 1589 1608
f 1613 1608 1614
f 1614 1608 1609
f 1614 1609 1615
f 1615 1609 1610
f 1615 1610 1616
f 1616 1610 1611
f 1616 1611 1617
f 1617 1611 1612
f 1617 1612 1618
f 1618 1612 1574
f 1618 1574 1572
f 1558 1556 1592
f 1607 1553 1555
f 1607 1555 1557
f 1591 1613 1593
f 1593 1613 1619
f 1593 1619 1560
f 1560 1619 1562
f 1619 1613 1614
f 1604 1607 1557
f 1604 1557 1559
f 1619 1614 1620
f 1620 1614 1615
f 1620 1615 1621
f 1621 1615 1616
f 1621 1616 1622
f 1622 1616 1617
f 1622 1617 1623
f 1623 1617 1618
f 1623 1618 1571
f 1571 1618 1572
f 1602 1604 1559
f 1602 1559 1561
f 1564 1562 1620
f 1620 1562 1619
f 1564 1620 1621
f 1600 1602 1561
f 1600 1561 1563
f 1566 1564 1621
f 1566 1621 1622
f 1601 1600 1563
f 1601 1563 1565
f 1594 1573 1575
f 1571 1570 1623
f 1623 1570 1568
f 1623 1568 1622
f 1622 1568 1566
f 1569 1595 1567
f 1624 1625 1552
f 1552 1625 1554
f 1554 1625 1626
f 1554 1626 1590
f 1590 1626 1627
f 1590 1627 1588
f 1588 1627 1628
f 1588 1628 1587
f 1629 1630 1631
f 1631 1630 1632
f 1631 1632 1633
f 1633 1632 1634
f 1633 1634 1635
f 1635 1634 1636
f 1635 1636 1637
f 1637 1636 1638
f 1637 1638 1639
f 1639 1638 1640
f 1639 1640 1641
f 1641 1640 1642
f 1641 1642 1643
f 1643 1642 1644
f 1643 1644 1645
f 1645 1644 1646
f 1645 1646 1626
f 1626 1646 1627
f 1627 1646 1647
f 1627 1647 1628
f 1628 1647 1648
f 1648 1647 1649
f 1648 1649 1650
f 1650 1649 1644
f 1650 1644 1642
f 1634 1651 1636
f 1636 1651 1652
f 1636 1652 1638
f 1638 1652 1653
f 1638 1653 1640
f 1640 1653 1654
f 1640 1654 1642
f 1642 1654 1650
f 1651 1655 1652
f 1652 1655 1648
f 1652 1648 1653
f 1653 1648 1654
f 1645 1626 1656
f 1656 1626 1625
f 1656 1625 1657
f 1657 1625 1624
f 1657 1624 1629
f 1648 1650 1654
f 1658 1629 1659
f 1659 1629 1660
f 1659 1660 1661
f 1661 1660 1633
f 1661 1633 1635
f 1660 1629 1631
f 1661 1635 1637
f 1660 1631 1633
f 1661 1637 1662
f 1662 1637 1639
f 1662 1639 1663
f 1663 1639 1641
f 1663 1641 1664
f 1664 1641 1643
f 1664 1643 1656
f 1656 1643 1645
f 1658 1659 1662
f 1662 1659 1661
f 1658 1662 1663
f 1629 1658 1665
f 1665 1658 1663
f 1665 1663 1664
f 1664 1656 1657
f 1665 1664 1657
f 1649 1647 1646
f 1649 1646 1644
f 1657 1629 1665
f 1666 1667 1668
f 1668 1667 1669
f 1668 1669 1670
f 1670 1669 1671
f 1670 1671 1672
f 1672 1671 1673
f 1672 1673 1674
f 1674 1673 1675
f 1674 1675 1676
f 1676 1675 1677
f 1676 1677 1678
f 1678 1677 1655
f 1678 1655 1651
f 1667 1666 1679
f 1679 1666 1680
f 1679 1680 1681
f 1681 1680 1682
f 1681 1682 1673
f 1673 1682 1675
f 1680 1683 1682
f 1682 1683 1684
f 1682 1684 1675
f 1675 1684 1677
f 1683 1685 1684
f 1684 1685 1655
f 1684 1655 1677
f 1678 1651 1676
f 1676 1651 1634
f 1676 1634 1674
f 1674 1634 1672
f 1634 1632 1672
f 1672 1632 1670
f 1632 1630 1670
f 1670 1630 1668
f 1669 1667 1679
f 1673 1671 1681
f 1681 1671 1679
f 1671 1669 1679
f 1686 1687 1688
f 1688 1687 1689
f 1688 1689 1690
f 1690 1689 1691
f 1690 1691 1692
f 1692 1691 1693
f 1692 1693 1694
f 1694 1693 1695
f 1694 1695 1696
f 1696 1695 1697
f 1696 1697 1698
f 1698 1697 1699
f 1698 1699 1700
f 1700 1699 1701
f 1700 1701 1702
f 1702 1701 1703
f 1702 1703 1704
f 1704 1703 1705
f 1704 1705 1706
f 1706 1705 1707
f 1706 1707 1708
f 1708 1707 1709
f 1708 1709 1666
f 1666 1709 1710
f 1666 1710 1680
f 1680 1710 1711
f 1680 1711 1712
f 1712 1711 1713
f 1712 1713 1714
f 1714 1713 1715
f 1714 1715 1716
f 1716 1715 1717
f 1716 1717 1718
f 1718 1717 1719
f 1719 1717 1720
f 1719 1720 1721
f 1721 1720 1722
f 1721 1722 1723
f 1723 1722 1724
f 1723 1724 1725
f 1725 1724 1726
f 1725 1726 1727
f 1727 1726 1728
f 1727 1728 1729
f 1729 1728 1701
f 1729 1701 1699
f 1689 1730 1691
f 1691 1730 1731
f 1691 1731 1693
f 1693 1731 1732
f 1693 1732 1695
f 1695 1732 1733
f 1695 1733 1697
f 1697 1733 1734
f 1697 1734 1699
f 1699 1734 1729
f 1735 1736 1730
f 1730 1736 1737
f 1730 1737 1731
f 1731 1737 1732
f 1738 1739 1735
f 1735 1739 1740
f 1735 1740 1736
f 1736 1740 1741
f 1736 1741 1742
f 1742 1741 1743
f 1742 1743 1733
f 1733 1743 1734
f 1738 1744 1739
f 1739 1744 1745
f 1739 1745 1746
f 1746 1745 1747
f 1746 1747 1748
f 1748 1747 1749
f 1748 1749 1750
f 1750 1749 1727
f 1750 1727 1729
f 1744 1751 1745
f 1745 1751 1752
f 1745 1752 1747
f 1747 1752 1753
f 1747 1753 1749
f 1749 1753 1725
f 1749 1725 1727
f 1751 1754 1752
f 1752 1754 1755
f 1752 1755 1753
f 1753 1755 1723
f 1753 1723 1725
f 1754 1756 1755
f 1755 1756 1721
f 1755 1721 1723
f 1756 1719 1721
f 1716 1718 1757
f 1757 1718 1758
f 1757 1758 1759
f 1759 1758 1685
f 1759 1685 1683
f 1680 1712 1683
f 1683 1712 1760
f 1683 1760 1759
f 1759 1760 1757
f 1708 1666 1761
f 1761 1666 1668
f 1761 1668 1762
f 1761 1762 1763
f 1763 1762 1764
f 1763 1764 1765
f 1765 1764 1766
f 1765 1766 1702
f 1702 1766 1700
f 1764 1767 1766
f 1766 1767 1768
f 1766 1768 1700
f 1700 1768 1698
f 1768 1767 1769
f 1769 1767 1770
f 1769 1770 1771
f 1771 1770 1772
f 1771 1772 1773
f 1773 1772 1774
f 1773 1774 1775
f 1775 1774 1686
f 1775 1686 1688
f 1741 1740 1746
f 1746 1740 1739
f 1732 1737 1742
f 1742 1737 1736
f 1775 1688 1690
f 1775 1690 1692
f 1743 1741 1748
f 1748 1741 1746
f 1733 1732 1742
f 1773 1775 1692
f 1773 1692 1694
f 1734 1743 1750
f 1750 1743 1748
f 1771 1773 1694
f 1771 1694 1696
f 1734 1750 1729
f 1771 1696 1769
f 1769 1696 1698
f 1769 1698 1768
f 1722 1720 1776
f 1776 1720 1717
f 1776 1717 1715
f 1724 1722 1777
f 1777 1722 1776
f 1777 1776 1778
f 1778 1776 1715
f 1778 1715 1713
f 1726 1724 1779
f 1779 1724 1777
f 1779 1777 1780
f 1780 1777 1778
f 1780 1778 1781
f 1781 1778 1713
f 1781 1713 1711
f 1728 1726 1782
f 1782 1726 1779
f 1782 1779 1783
f 1783 1779 1780
f 1783 1780 1784
f 1784 1780 1781
f 1784 1781 1710
f 1710 1781 1711
f 1701 1728 1703
f 1703 1728 1782
f 1703 1782 1705
f 1705 1782 1783
f 1705 1783 1707
f 1707 1783 1784
f 1707 1784 1709
f 1709 1784 1710
f 1765 1702 1704
f 1716 1757 1714
f 1714 1757 1760
f 1714 1760 1712
f 1765 1704 1763
f 1763 1704 1706
f 1763 1706 1761
f 1761 1706 1708
f 1785 1786 1787
f 1787 1786 1788
f 1787 1788 1789
f 1789 1788 1790
f 1789 1790 1791
f 1791 1790 1792
f 1791 1792 1793
f 1793 1792 1794
f 1793 1794 1795
f 1795 1794 1796
f 1795 1796 1797
f 1797 1796 1798
f 1797 1798 1799
f 1799 1798 1800
f 1799 1800 1738
f 1788 1786 1801
f 1801 1786 1802
f 1801 1802 1803
f 1803 1802 1804
f 1803 1804 1794
f 1794 1804 1796
f 1802 1805 1804
f 1804 1805 1806
f 1804 1806 1796
f 1796 1806 1798
f 1807 1808 1805
f 1805 1808 1806
f 1808 1800 1806
f 1806 1800 1798
f 1738 1735 1799
f 1799 1735 1797
f 1735 1730 1797
f 1797 1730 1795
f 1795 1730 1793
f 1793 1730 1689
f 1793 1689 1791
f 1791 1689 1687
f 1791 1687 1789
f 1790 1788 1801
f 1794 1792 1803
f 1803 1792 1801
f 1792 1790 1801
f 1809 1810 1811
f 1811 1810 1812
f 1811 1812 1813
f 1813 1812 1814
f 1813 1814 1815
f 1815 1814 1816
f 1815 1816 1817
f 1817 1816 1818
f 1817 1818 1819
f 1819 1818 1820
f 1819 1820 1821
f 1821 1820 1822
f 1821 1822 1823
f 1823 1822 1824
f 1823 1824 1825
f 1825 1824 1826
f 1825 1826 1827
f 1827 1826 1828
f 1827 1828 1829
f 1829 1828 1830
f 1829 1830 1831
f 1831 1830 1832
f 1831 1832 1833
f 1833 1832 1834
f 1833 1834 1835
f 1835 1834 1836
f 1835 1836 1802
f 1802 1836 1805
f 1805 1836 1837
f 1805 1837 1838
f 1838 1837 1839
f 1838 1839 1840
f 1840 1839 1841
f 1841 1839 1842
f 1841 1842 1843
f 1843 1842 1844
f 1843 1844 1845
f 1845 1844 1832
f 1845 1832 1830
f 1814 1846 1816
f 1816 1846 1847
f 1816 1847 1818
f 1818 1847 1848
f 1818 1848 1820
f 1820 1848 1849
f 1820 1849 1822
f 1822 1849 1850
f 1822 1850 1824
f 1824 1850 1851
f 1824 1851 1826
f 1826 1851 1852
f 1826 1852 1828
f 1828 1852 1853
f 1828 1853 1830
f 1830 1853 1845
f 1847 1846 1854
f 1854 1846 1855
f 1854 1855 1856
f 1854 1856 1857
f 1857 1856 1858
f 1857 1858 1859
f 1859 1858 1860
f 1859 1860 1861
f 1861 1860 1862
f 1861 1862 1851
f 1851 1862 1852
f 1860 1863 1862
f 1862 1863 1864
f 1862 1864 1852
f 1852 1864 1853
f 1863 1865 1864
f 1864 1865 1866
f 1864 1866 1853
f 1853 1866 1845
f 1866 1865 1843
f 1843 1865 1841
f 1840 1807 1838
f 1838 1807 1805
f 1835 1802 1867
f 1867 1802 1786
f 1867 1786 1868
f 1868 1786 1785
f 1868 1785 1869
f 1868 1869 1870
f 1870 1869 1871
f 1870 1871 1872
f 1872 1871 1873
f 1872 1873 1874
f 1874 1873 1875
f 1874 1875 1827
f 1827 1875 1825
f 1871 1876 1873
f 1873 1876 1877
f 1873 1877 1875
f 1875 1877 1878
f 1875 1878 1825
f 1825 1878 1823
f 1877 1876 1879
f 1879 1876 1880
f 1879 1880 1881
f 1881 1880 1882
f 1881 1882 1883
f 1883 1882 1884
f 1883 1884 1885
f 1885 1884 1886
f 1885 1886 1817
f 1817 1886 1815
f 1882 1887 1884
f 1884 1887 1888
f 1884 1888 1886
f 1886 1888 1813
f 1886 1813 1815
f 1887 1809 1888
f 1888 1809 1811
f 1888 1811 1813
f 1848 1847 1854
f 1849 1848 1857
f 1857 1848 1854
f 1885 1817 1819
f 1850 1849 1859
f 1859 1849 1857
f 1885 1819 1889
f 1889 1819 1821
f 1889 1821 1890
f 1890 1821 1823
f 1890 1823 1878
f 1861 1851 1850
f 1890 1881 1889
f 1889 1881 1883
f 1889 1883 1885
f 1881 1890 1879
f 1879 1890 1878
f 1879 1878 1877
f 1859 1861 1850
f 1843 1845 1866
f 1827 1829 1874
f 1874 1829 1891
f 1874 1891 1872
f 1872 1891 1870
f 1891 1829 1831
f 1844 1842 1892
f 1892 1842 1839
f 1892 1839 1837
f 1832 1844 1834
f 1834 1844 1892
f 1834 1892 1836
f 1836 1892 1837
f 1891 1831 1893
f 1893 1831 1833
f 1893 1833 1867
f 1867 1833 1835
f 1868 1870 1893
f 1893 1870 1891
f 1868 1893 1867
f 1894 1895 1896
f 1896 1895 1897
f 1896 1897 1898
f 1898 1897 1899
f 1898 1899 1900
f 1900 1899 1901
f 1900 1901 1902
f 1902 1901 1903
f 1902 1903 1904
f 1904 1903 1905
f 1904 1905 1906
f 1906 1905 1907
f 1906 1907 1855
f 1895 1894 1908
f 1908 1894 1909
f 1908 1909 1910
f 1910 1909 1911
f 1910 1911 1901
f 1901 1911 1903
f 1909 1912 1911
f 1911 1912 1913
f 1911 1913 1903
f 1903 1913 1905
f 1912 1907 1913
f 1913 1907 1905
f 1855 1846 1906
f 1906 1846 1904
f 1846 1814 1904
f 1904 1814 1902
f 1902 1814 1900
f 1900 1814 1812
f 1900 1812 1898
f 1898 1812 1810
f 1898 1810 1896
f 1897 1895 1908
f 1901 1899 1910
f 1910 1899 1908
f 1899 1897 1908
f 1914 4 1915
f 1915 4 1916
f 1915 1916 1917
f 1917 1916 1918
f 1917 1918 1919
f 1919 1918 1920
f 1919 1920 1921
f 1921 1920 1922
f 1921 1922 1923
f 1923 1922 1924
f 1923 1924 1925
f 1925 1924 1926
f 1925 1926 1927
f 1927 1926 1928
f 1927 1928 1929
f 1929 1928 1930
f 1929 1930 1909
f 1909 1930 1912
f 1912 1930 1931
f 1912 1931 1907
f 1907 1931 1932
f 1932 1931 1933
f 1932 1933 1934
f 1934 1933 1928
f 1934 1928 1926
f 1918 1935 1920
f 1920 1935 1936
f 1920 1936 1922
f 1922 1936 1937
f 1922 1937 1924
f 1924 1937 1938
f 1924 1938 1926
f 1926 1938 1934
f 1935 1939 1936
f 1936 1939 1932
f 1936 1932 1937
f 1937 1932 1938
f 1929 1909 1940
f 1940 1909 1894
f 1940 1894 1941
f 1941 1894 1896
f 1941 1896 1914
f 1942 1914 1943
f 1943 1914 1944
f 1943 1944 1945
f 1945 1944 1946
f 1945 1946 1921
f 1921 1946 1919
f 1934 1938 1932
f 1919 1946 1917
f 1917 1946 1947
f 1917 1947 1915
f 1915 1947 1914
f 1944 1914 1947
f 1925 1948 1923
f 1923 1948 1945
f 1923 1945 1921
f 1942 1943 1948
f 1948 1943 1945
f 1948 1925 1949
f 1949 1925 1927
f 1949 1927 1940
f 1940 1927 1929
f 1914 1942 1941
f 1941 1942 1949
f 1941 1949 1940
f 1949 1942 1948
f 1946 1944 1947
f 1933 1931 1930
f 1933 1930 1928
f 2 1375 4
f 4 1375 1916
f 1916 1375 1377
f 1916 1377 1918
f 1918 1377 1403
f 1918 1403 1935
f 1935 1403 1404
f 1935 1404 1939
f 1687 1686 1950
f 1950 1686 1951
f 1951 1686 1774
f 1951 1774 1952
f 1952 1774 1772
f 1952 1772 1953
f 1953 1772 1770
f 1953 1770 1954
f 1954 1770 1767
f 1954 1767 1955
f 1955 1767 1764
f 1955 1764 1956
f 1956 1764 1762
f 1956 1762 1957
f 1957 1762 1668
f 1785 1787 1958
f 1958 1787 1789
f 1958 1789 1950
f 1950 1789 1687
f 1810 1809 1959
f 1959 1809 1960
f 1960 1809 1887
f 1960 1887 1961
f 1961 1887 1882
f 1961 1882 1962
f 1962 1882 1880
f 1962 1880 1963
f 1963 1880 1876
f 1963 1876 1964
f 1964 1876 1871
f 1964 1871 1965
f 1965 1871 1869
f 1965 1869 1958
f 1958 1869 1785
f 1810 1959 1896
f 1896 1959 1966
f 5 4 1967
f 1967 4 1914
f 1967 1914 1968
f 1968 1914 1896
f 1968 1896 1966
f 1356 1355 1969
f 1969 1355 1970
f 1970 1355 1416
f 1970 1416 1971
f 1971 1416 1415
f 1971 1415 1972
f 1972 1415 1413
f 1972 1413 1411
f 1972 1411 1973
f 1973 1411 1408
f 1973 1408 1974
f 1974 1408 1406
f 1974 1406 1
f 1 1406 2
f 1404 1401 1939
f 1939 1401 1932
f 1932 1401 1383
f 1932 1383 1385
f 1932 1385 1907
f 1907 1385 1387
f 1907 1387 1389
f 1389 1390 1907
f 1907 1390 1855
f 1855 1390 1392
f 1855 1392 1856
f 1856 1392 1394
f 1856 1394 1858
f 1858 1394 1860
f 1860 1394 1975
f 1860 1975 1863
f 1863 1975 1976
f 1863 1976 1865
f 1865 1976 1977
f 1865 1977 1978
f 1975 1394 1979
f 1979 1394 1446
f 1979 1446 1980
f 1980 1446 1981
f 1981 1446 1982
f 1982 1446 1983
f 1983 1446 1449
f 1983 1449 1984
f 1984 1449 1482
f 1984 1482 1985
f 1985 1482 1484
f 1985 1484 1986
f 1986 1484 1486
f 1986 1486 1987
f 1987 1486 1488
f 1987 1488 1490
f 1987 1490 1988
f 1988 1490 1492
f 1988 1492 1989
f 1989 1492 1542
f 1989 1542 1990
f 1990 1542 1991
f 1991 1542 1992
f 1992 1542 1993
f 1993 1542 1546
f 1993 1546 1994
f 1994 1546 1719
f 1994 1719 1756
f 1577 1685 1546
f 1546 1685 1758
f 1546 1758 1718
f 1685 1577 1655
f 1655 1577 1579
f 1655 1579 1581
f 1581 1583 1655
f 1655 1583 1648
f 1648 1583 1585
f 1648 1585 1628
f 1628 1585 1587
f 1718 1719 1546
f 1994 1756 1995
f 1995 1756 1754
f 1995 1754 1996
f 1996 1754 1997
f 1997 1754 1751
f 1997 1751 1998
f 1998 1751 1744
f 1998 1744 1999
f 1999 1744 1738
f 1999 1738 2000
f 2000 1738 1800
f 2000 1800 1808
f 2000 1808 2001
f 2001 1808 1807
f 2001 1807 2002
f 2002 1807 1840
f 2002 1840 2003
f 2003 1840 1841
f 2003 1841 1978
f 1978 1841 1865
f 2004 533 6
f 6 533 466
f 6 466 1
f 466 468 1
f 1 468 1974
f 1974 468 470
f 1974 470 1973
f 1973 470 528
f 1973 528 1972
f 1972 528 527
f 1972 527 523
f 1972 523 1971
f 1971 523 515
f 1971 515 1970
f 1970 515 514
f 1970 514 1969
f 1969 514 445
f 1969 445 2005
f 2005 445 444
f 2005 444 1073
f 1073 444 367
f 1074 2006 1073
f 1073 2006 2007
f 1073 2007 2008
f 1074 1075 2006
f 2006 1075 1076
f 2006 1076 1077
f 1077 1078 2006
f 2006 1078 1071
f 2006 1071 2009
f 2009 1071 2010
f 2010 1071 2011
f 2011 1071 2012
f 2012 1071 2013
f 2013 1071 2014
f 2014 1071 1072
f 2015 2016 2009
f 2009 2016 2017
f 2009 2017 2018
f 2018 2019 2009
f 2009 2019 2006
f 2006 2020 2007
f 2007 2020 2021
f 2007 2021 2022
f 2022 2023 2007
f 2007 2023 2024
f 2007 2024 2025
f 2008 2026 1073
f 1073 2026 2027
f 1073 2027 2028
f 2028 2029 1073
f 1073 2029 2005
f 1435 1434 2030
f 2030 1434 2031
f 2031 1434 1356
f 2031 1356 1969
f 1969 2005 2031
f 1457 1456 2032
f 2032 1456 2033
f 2033 1456 1511
f 2033 1511 2034
f 2034 1511 1510
f 2034 1510 2035
f 2035 1510 1508
f 2035 1508 1506
f 2035 1506 2036
f 2036 1506 1503
f 2036 1503 2037
f 2037 1503 1501
f 2037 1501 2030
f 2030 1501 1435
f 1065 1530 2038
f 2038 1530 1529
f 2038 1529 2032
f 2032 1529 1457
f 2038 1072 1065
f 1552 1551 1063
f 1063 1551 1070
f 1070 1551 1606
f 1070 1606 1069
f 1069 1606 1605
f 1069 1605 1068
f 1068 1605 1603
f 1068 1603 1599
f 1068 1599 1067
f 1067 1599 1597
f 1067 1597 1066
f 1066 1597 1596
f 1066 1596 1065
f 1065 1596 1530
f 2039 1181 2040
f 2040 1181 1180
f 2040 1180 2041
f 2041 1180 1161
f 2041 1161 2042
f 2042 1161 1162
f 2042 1162 2043
f 2043 1162 1166
f 1181 2039 1182
f 1182 2039 2044
f 2045 1134 2046
f 2046 1134 1133
f 2046 1133 1132
f 2046 1132 2047
f 2047 1132 1129
f 2047 1129 2048
f 2048 1129 2049
f 2049 1129 1127
f 2045 2050 1134
f 1134 2050 2051
f 1134 2051 1135
f 1135 2051 2052
f 2053 2054 2045
f 2045 2054 2055
f 2045 2055 2050
f 2053 2056 2054
f 1171 1173 2057
f 2057 1173 2058
f 2058 1173 2059
f 2059 1173 1175
f 2059 1175 2060
f 2060 1175 1177
f 2060 1177 1179
f 1179 2061 2060
f 1179 1178 2062
f 2062 1178 2063
f 2062 2063 2064
f 2064 2065 2062
f 2062 2065 2066
f 2062 2067 1179
f 1179 2067 2061
f 2061 2067 2068
f 2061 2068 2069
f 2070 2071 2069
f 2069 2071 2061
f 2072 1122 2073
f 2073 1122 1119
f 2073 1119 1116
f 2073 1116 2074
f 2074 1116 1115
f 2074 1115 2075
f 2075 1115 1114
f 2075 1114 2076
f 1127 1126 2049
f 2049 1126 2072
f 2072 1126 1125
f 2072 1125 1122
f 1336 702 1341
f 1341 702 704
f 1341 704 706
f 1341 706 1343
f 1343 706 708
f 1343 708 1344
f 1344 708 710
f 1344 710 1345
f 1345 710 712
f 1345 712 1346
f 1346 712 714
f 1346 714 1347
f 1347 714 716
f 1347 716 1348
f 1348 716 1349
f 1349 716 697
f 697 667 1349
f 1349 667 2077
f 1349 2077 2078
f 2078 1342 1349
f 737 702 1049
f 1049 702 1336
f 2079 2071 2080
f 2080 2071 2070
f 2080 2070 2069
f 2080 2069 2081
f 2081 2069 2068
f 2081 2068 2082
f 2082 2068 2067
f 2082 2067 2083
f 2050 2084 2083
f 2083 2084 2085
f 2083 2085 2086
f 2086 2085 2087
f 2086 2087 2088
f 2088 2087 2089
f 2088 2089 2090
f 2090 2089 2091
f 2090 2091 2079
f 2084 2050 2092
f 2092 2050 2055
f 2092 2055 2093
f 2093 2055 2054
f 2093 2054 2094
f 2094 2054 2056
f 2094 2056 2053
f 2053 2091 2094
f 2094 2091 2095
f 2094 2095 2096
f 2096 2095 2087
f 2096 2087 2085
f 2090 2079 2080
f 2083 2086 2082
f 2082 2086 2088
f 2082 2088 2081
f 2081 2088 2090
f 2081 2090 2080
f 2091 2089 2095
f 2095 2089 2087
f 2084 2092 2093
f 2084 2093 2096
f 2096 2093 2094
f 2084 2096 2085
f 2051 2050 2097
f 2097 2050 2083
f 2097 2083 2098
f 2098 2083 2099
f 2098 2099 2100
f 2100 2099 2101
f 2101 2099 2062
f 2101 2062 2066
f 2083 2067 2099
f 2099 2067 2062
f 2066 2102 2101
f 2100 2103 2098
f 2098 2103 2097
f 2103 2052 2097
f 2097 2052 2051
f 1098 1090 1105
f 1105 1090 1087
f 1105 1087 2104
f 2104 1087 1086
f 2104 1086 1083
f 1083 1086 1088
f 1102 1101 1105
f 1105 1101 1097
f 1105 1097 1098
f 816 817 2105
f 2105 817 2106
f 2105 2106 2107
f 2107 2106 2108
f 2107 2108 2109
f 2109 2108 2110
f 2109 2110 2111
f 2111 2110 2112
f 2111 2112 2113
f 2106 817 2114
f 2114 817 849
f 2114 849 2115
f 2115 849 848
f 2115 848 2116
f 2116 848 847
f 2116 847 2117
f 2116 2117 2110
f 2110 2117 2112
f 2113 2118 2111
f 2111 2118 2109
f 2118 2119 2109
f 2109 2119 2107
f 2106 2114 2115
f 2110 2108 2116
f 2116 2108 2115
f 2108 2106 2115
f 2117 847 2120
f 2120 847 877
f 2120 877 886
f 2120 886 2121
f 2121 886 885
f 2121 885 2122
f 2122 885 2123
f 2122 2123 1188
f 1188 2123 884
f 1188 884 901
f 885 884 2123
f 1188 2124 2122
f 2122 2124 2125
f 2122 2125 2126
f 2126 2125 2127
f 2126 2127 2128
f 2124 2127 2125
f 2126 2128 2129
f 2129 2128 2113
f 2129 2113 2112
f 2129 2112 2130
f 2130 2112 2117
f 2130 2117 2120
f 2121 2122 2126
f 2120 2121 2130
f 2130 2121 2126
f 2130 2126 2129
f 2066 1178 2102
f 2102 1178 1176
f 2102 1176 2131
f 2131 1176 2132
f 2131 2132 2133
f 2133 2132 2134
f 2133 2134 2135
f 2135 2134 2136
f 2135 2136 2137
f 2137 2136 2138
f 2137 2138 2139
f 2139 2138 2140
f 2139 2140 2141
f 2141 2140 2142
f 2141 2142 2143
f 2143 2142 2144
f 2143 2144 2145
f 2145 2144 2146
f 2145 2146 2147
f 2147 2146 2148
f 2147 2148 2149
f 2149 2148 2150
f 2149 2150 2151
f 2151 2150 2152
f 2151 2152 2153
f 2153 2152 1160
f 2153 1160 1159
f 2066 2065 1178
f 1178 2065 2064
f 1178 2064 2063
f 1176 1174 2132
f 2132 1174 2154
f 2132 2154 2134
f 2134 2154 2155
f 2134 2155 2136
f 2136 2155 2156
f 2136 2156 2138
f 2138 2156 2157
f 2138 2157 2140
f 2140 2157 2142
f 1174 1172 2154
f 2154 1172 2158
f 2154 2158 2155
f 2155 2158 2159
f 2155 2159 2156
f 2156 2159 2160
f 2156 2160 2157
f 2157 2160 2161
f 2157 2161 2142
f 2142 2161 2144
f 1172 1170 2158
f 2158 1170 1167
f 2158 1167 2162
f 2162 1167 1165
f 2162 1165 2163
f 2163 1165 1164
f 2163 1164 2164
f 2164 1164 1163
f 2164 1163 2152
f 2152 1163 1160
f 2153 1159 2165
f 2165 1159 1158
f 2165 1158 2166
f 2166 1158 1157
f 2166 1157 2167
f 2167 1157 1155
f 2167 1155 1154
f 2167 1154 2168
f 2168 1154 1153
f 2168 1153 2169
f 2169 1153 1152
f 2169 1152 2170
f 2170 1152 1151
f 2170 1151 2171
f 2171 1151 1150
f 2171 1150 2172
f 2172 1150 1149
f 2172 1149 2173
f 2173 1149 1148
f 2173 1148 2174
f 2174 1148 1146
f 2174 1146 2175
f 2175 1146 1145
f 2175 1145 1144
f 2175 1144 2176
f 2176 1144 1143
f 2176 1143 2177
f 2177 1143 1142
f 2177 1142 2178
f 2178 1142 1141
f 2178 1141 2179
f 2179 1141 1140
f 2179 1140 2180
f 2180 1140 1138
f 2180 1138 2181
f 2181 1138 1137
f 2181 1137 1136
f 2181 1136 2182
f 2182 1136 1118
f 2182 1118 2183
f 2183 1118 1117
f 2182 2183 2184
f 2184 2183 2185
f 2184 2185 2186
f 2186 2185 2187
f 2186 2187 2188
f 2188 2187 2189
f 2188 2189 2190
f 2190 2189 2191
f 2190 2191 2192
f 2192 2191 2193
f 2192 2193 2194
f 2194 2193 2195
f 2194 2195 2196
f 2196 2195 2197
f 2196 2197 2198
f 2198 2197 2199
f 2198 2199 2200
f 2200 2199 2201
f 2200 2201 2176
f 2176 2201 2175
f 2193 2202 2195
f 2195 2202 2203
f 2195 2203 2197
f 2197 2203 2204
f 2197 2204 2199
f 2199 2204 2205
f 2199 2205 2201
f 2201 2205 2206
f 2201 2206 2175
f 2175 2206 2174
f 2203 2202 2207
f 2207 2202 2208
f 2207 2208 2209
f 2209 2208 2210
f 2209 2210 2211
f 2211 2210 2212
f 2211 2212 2213
f 2213 2212 2214
f 2213 2214 2215
f 2215 2214 2216
f 2215 2216 2172
f 2172 2216 2171
f 2208 2217 2210
f 2210 2217 2218
f 2210 2218 2212
f 2212 2218 2219
f 2212 2219 2214
f 2214 2219 2220
f 2214 2220 2216
f 2216 2220 2221
f 2216 2221 2171
f 2171 2221 2170
f 2218 2217 2222
f 2222 2217 2223
f 2222 2223 2224
f 2224 2223 2225
f 2224 2225 2226
f 2226 2225 2227
f 2226 2227 2228
f 2228 2227 2229
f 2228 2229 2230
f 2230 2229 2231
f 2230 2231 2232
f 2232 2231 2233
f 2232 2233 2167
f 2167 2233 2166
f 2225 2234 2227
f 2227 2234 2235
f 2227 2235 2229
f 2229 2235 2236
f 2229 2236 2231
f 2231 2236 2237
f 2231 2237 2233
f 2233 2237 2238
f 2233 2238 2166
f 2166 2238 2165
f 2235 2234 2239
f 2239 2234 2240
f 2239 2240 2241
f 2241 2240 2242
f 2241 2242 2243
f 2243 2242 2244
f 2243 2244 2245
f 2245 2244 2149
f 2245 2149 2151
f 2240 2246 2242
f 2242 2246 2247
f 2242 2247 2244
f 2244 2247 2147
f 2244 2147 2149
f 2247 2246 2145
f 2145 2246 2143
f 2141 2248 2139
f 2139 2248 2249
f 2139 2249 2137
f 2137 2249 2250
f 2137 2250 2135
f 2135 2250 2251
f 2135 2251 2133
f 2133 2251 2252
f 2133 2252 2131
f 2131 2252 2253
f 2131 2253 2102
f 2102 2253 2101
f 2101 2253 2254
f 2101 2254 2100
f 2100 2254 2255
f 2100 2255 2103
f 2103 2255 2256
f 2103 2256 2052
f 2052 2256 2257
f 2052 2257 1131
f 1131 2257 2258
f 1131 2258 1130
f 1130 2258 2259
f 1130 2259 1128
f 1128 2259 2260
f 1128 2260 1124
f 1124 2260 2261
f 1124 2261 1123
f 1123 2261 1121
f 1121 2261 2262
f 1121 2262 1120
f 1120 2262 1117
f 1117 2262 2183
f 2183 2262 2263
f 2183 2263 2264
f 2264 2263 2265
f 2264 2265 2266
f 2266 2265 2267
f 2266 2267 2268
f 2268 2267 2269
f 2268 2269 2270
f 2270 2269 2271
f 2271 2269 2272
f 2271 2272 2273
f 2273 2272 2274
f 2273 2274 2275
f 2275 2274 2276
f 2275 2276 2277
f 2277 2276 2278
f 2277 2278 2279
f 2279 2278 2280
f 2279 2280 2281
f 2281 2280 2282
f 2281 2282 2283
f 2283 2282 2256
f 2283 2256 2255
f 2249 2248 2284
f 2284 2248 2285
f 2284 2285 2286
f 2286 2285 2287
f 2286 2287 2288
f 2288 2287 2289
f 2288 2289 2290
f 2290 2289 2291
f 2290 2291 2292
f 2292 2291 2283
f 2292 2283 2255
f 2285 2293 2287
f 2287 2293 2294
f 2287 2294 2289
f 2289 2294 2295
f 2289 2295 2291
f 2291 2295 2281
f 2291 2281 2283
f 2294 2293 2296
f 2296 2293 2297
f 2296 2297 2277
f 2277 2297 2275
f 2270 2298 2268
f 2268 2298 2299
f 2268 2299 2266
f 2266 2299 2300
f 2266 2300 2264
f 2264 2300 2185
f 2264 2185 2183
f 2298 2301 2299
f 2299 2301 2302
f 2299 2302 2300
f 2300 2302 2187
f 2300 2187 2185
f 2301 2303 2302
f 2302 2303 2187
f 2303 2189 2187
f 1131 1135 2052
f 2252 2304 2305
f 2305 2304 2290
f 2305 2290 2292
f 2290 2304 2288
f 2288 2304 2306
f 2288 2306 2286
f 2286 2306 2284
f 2306 2304 2251
f 2251 2304 2252
f 2254 2253 2305
f 2305 2253 2252
f 2254 2305 2292
f 2284 2306 2250
f 2250 2306 2251
f 2249 2284 2250
f 2158 2162 2159
f 2159 2162 2307
f 2159 2307 2160
f 2160 2307 2308
f 2160 2308 2161
f 2161 2308 2146
f 2161 2146 2144
f 2162 2163 2307
f 2307 2163 2309
f 2307 2309 2308
f 2308 2309 2148
f 2308 2148 2146
f 2163 2164 2309
f 2309 2164 2150
f 2309 2150 2148
f 2152 2150 2164
f 2151 2153 2310
f 2310 2153 2165
f 2310 2165 2238
f 2247 2145 2147
f 2151 2310 2245
f 2245 2310 2311
f 2245 2311 2243
f 2243 2311 2312
f 2243 2312 2241
f 2241 2312 2239
f 2311 2310 2238
f 2312 2311 2237
f 2237 2311 2238
f 2239 2312 2236
f 2236 2312 2237
f 2167 2168 2232
f 2232 2168 2313
f 2232 2313 2230
f 2230 2313 2314
f 2230 2314 2228
f 2228 2314 2315
f 2228 2315 2226
f 2226 2315 2224
f 2235 2239 2236
f 2168 2169 2313
f 2313 2169 2316
f 2313 2316 2314
f 2314 2316 2317
f 2314 2317 2315
f 2315 2317 2318
f 2315 2318 2224
f 2224 2318 2222
f 2169 2170 2316
f 2316 2170 2221
f 2316 2221 2317
f 2317 2221 2220
f 2317 2220 2318
f 2318 2220 2219
f 2318 2219 2222
f 2222 2219 2218
f 2172 2173 2215
f 2215 2173 2319
f 2215 2319 2213
f 2213 2319 2320
f 2213 2320 2211
f 2211 2320 2321
f 2211 2321 2209
f 2209 2321 2207
f 2173 2174 2319
f 2319 2174 2206
f 2319 2206 2320
f 2320 2206 2205
f 2320 2205 2321
f 2321 2205 2204
f 2321 2204 2207
f 2207 2204 2203
f 2176 2177 2200
f 2200 2177 2322
f 2200 2322 2198
f 2198 2322 2323
f 2198 2323 2196
f 2196 2323 2324
f 2196 2324 2194
f 2194 2324 2192
f 2177 2178 2322
f 2322 2178 2325
f 2322 2325 2323
f 2323 2325 2326
f 2323 2326 2324
f 2324 2326 2327
f 2324 2327 2192
f 2192 2327 2190
f 2178 2179 2325
f 2325 2179 2328
f 2325 2328 2326
f 2326 2328 2329
f 2326 2329 2327
f 2327 2329 2188
f 2327 2188 2190
f 2179 2180 2328
f 2328 2180 2330
f 2328 2330 2329
f 2329 2330 2186
f 2329 2186 2188
f 2180 2181 2330
f 2330 2181 2184
f 2330 2184 2186
f 2182 2184 2181
f 2277 2279 2296
f 2296 2279 2295
f 2296 2295 2294
f 2279 2281 2295
f 2254 2292 2255
f 2278 2276 2331
f 2331 2276 2274
f 2331 2274 2332
f 2332 2274 2272
f 2332 2272 2333
f 2333 2272 2269
f 2333 2269 2267
f 2280 2278 2334
f 2334 2278 2331
f 2334 2331 2335
f 2335 2331 2332
f 2335 2332 2336
f 2336 2332 2333
f 2336 2333 2337
f 2337 2333 2267
f 2337 2267 2265
f 2257 2256 2282
f 2282 2280 2338
f 2338 2280 2334
f 2338 2334 2339
f 2339 2334 2335
f 2339 2335 2340
f 2340 2335 2336
f 2340 2336 2341
f 2341 2336 2337
f 2341 2337 2342
f 2342 2337 2265
f 2342 2265 2263
f 2339 2258 2338
f 2338 2258 2257
f 2338 2257 2282
f 2258 2339 2259
f 2259 2339 2340
f 2259 2340 2260
f 2260 2340 2341
f 2260 2341 2261
f 2261 2341 2342
f 2261 2342 2262
f 2262 2342 2263
f 2275 2297 2343
f 2343 2297 2293
f 2343 2293 2344
f 2344 2293 2285
f 2344 2285 2345
f 2345 2285 2248
f 2345 2248 2346
f 2346 2248 2141
f 2346 2141 2347
f 2347 2141 2143
f 2347 2143 2348
f 2348 2143 2246
f 2348 2246 2349
f 2349 2246 2240
f 2349 2240 2350
f 2350 2240 2234
f 2350 2234 2351
f 2351 2234 2225
f 2351 2225 2352
f 2352 2225 2223
f 2352 2223 2353
f 2353 2223 2217
f 2353 2217 2354
f 2354 2217 2208
f 2354 2208 2355
f 2355 2208 2202
f 2355 2202 2356
f 2356 2202 2193
f 2356 2193 2357
f 2357 2193 2191
f 2357 2191 2358
f 2358 2191 2189
f 2358 2189 2359
f 2359 2189 2303
f 2359 2303 2360
f 2360 2303 2301
f 2360 2301 2298
f 2360 2298 2361
f 2361 2298 2270
f 2361 2270 2362
f 2362 2270 2271
f 2362 2271 2273
f 2362 2273 2363
f 2363 2273 2275
f 2363 2275 2343
f 2364 2365 2366
f 2366 2365 2367
f 2366 2367 2368
f 2366 2368 2369
f 2369 2368 2370
f 2369 2370 2371
f 2371 2370 2372
f 2369 2371 2373
f 2373 2371 2374
f 2373 2374 2375
f 2375 2374 2376
f 2375 2376 2377
f 2377 2376 2378
f 2377 2378 2379
f 2379 2378 2380
f 2379 2380 2381
f 2381 2380 2382
f 2381 2382 2383
f 2383 2382 2384
f 2383 2384 2385
f 2385 2384 2386
f 2385 2386 2387
f 2387 2386 2388
f 2387 2388 2389
f 2389 2388 2390
f 2389 2391 2387
f 2387 2391 2392
f 2387 2392 2385
f 2385 2392 2393
f 2385 2393 2383
f 2383 2393 2394
f 2383 2394 2381
f 2381 2394 2395
f 2381 2395 2379
f 2379 2395 2396
f 2379 2396 2377
f 2377 2396 2397
f 2377 2397 2375
f 2375 2397 2398
f 2375 2398 2373
f 2373 2398 2399
f 2373 2399 2369
f 2369 2399 2366
f 2391 2400 2392
f 2392 2400 2401
f 2392 2401 2402
f 2392 2402 2393
f 2393 2402 2403
f 2393 2403 2394
f 2394 2403 2404
f 2394 2404 2395
f 2395 2404 2405
f 2395 2405 2396
f 2396 2405 2397
f 2405 2406 2397
f 2397 2406 2398
f 2406 2407 2398
f 2398 2407 2399
f 2407 2364 2399
f 2399 2364 2366
f 2400 2408 2401
f 2401 2408 2351
f 2401 2351 2352
f 2400 2391 2408
f 2408 2391 2390
f 2390 2391 2389
f 2409 2349 2408
f 2408 2349 2350
f 2408 2350 2351
f 2349 2409 2348
f 2348 2409 2410
f 2348 2410 1053
f 1053 2410 2411
f 1053 2411 2412
f 2412 2413 1053
f 1053 2413 1059
f 1059 2413 2414
f 1059 2414 1060
f 1060 2414 1061
f 1061 2414 1062
f 1062 2414 1064
f 1064 2414 2415
f 1064 2415 2416
f 2416 2015 1064
f 1053 1054 2348
f 2348 1054 2347
f 2347 1054 9
f 2347 9 11
f 1054 1055 9
f 9 1055 7
f 7 1055 1056
f 7 1056 37
f 37 1056 1057
f 37 1057 35
f 35 1057 1058
f 35 1058 353
f 353 1058 352
f 352 1058 1050
f 352 1050 1333
f 1333 1050 2417
f 2417 1050 1051
f 2417 1051 2418
f 2418 1051 2419
f 2419 1051 2420
f 2420 1051 2421
f 1334 2422 1333
f 1333 2422 2423
f 1333 2423 2424
f 1334 2425 2422
f 2426 347 2424
f 2424 347 348
f 2424 348 349
f 2427 2428 2426
f 2426 2428 364
f 2426 364 365
f 2427 2429 2428
f 2428 2429 2430
f 2430 2429 2431
f 2432 2077 2428
f 2428 2077 362
f 2428 362 363
f 2077 2432 2078
f 2078 2432 2433
f 2078 2433 2434
f 2434 2435 2078
f 2078 2435 2436
f 2077 2437 362
f 362 2437 361
f 361 2437 39
f 361 39 41
f 2437 2438 39
f 39 2438 28
f 28 2438 2439
f 28 2439 25
f 25 2439 2440
f 25 2440 23
f 23 2440 2441
f 23 2441 2360
f 2360 2441 2359
f 2359 2441 2442
f 2359 2442 2443
f 2443 2442 2444
f 2444 2442 2445
f 2445 2442 2446
f 2446 2442 2447
f 2446 2447 2448
f 2448 2447 2449
f 2448 2449 2450
f 2450 2004 2448
f 2448 2004 6
f 2448 6 2451
f 2451 6 2452
f 2452 6 2025
f 2443 2453 2359
f 2359 2453 2358
f 2358 2453 2454
f 2358 2454 2357
f 2357 2454 2356
f 2356 2454 2365
f 2356 2365 2355
f 2355 2365 2354
f 2354 2365 2401
f 2354 2401 2353
f 2353 2401 2352
f 2372 2368 2454
f 2454 2368 2367
f 2454 2367 2365
f 2372 2370 2368
f 18 2343 15
f 15 2343 2344
f 15 2344 2345
f 19 2362 18
f 18 2362 2363
f 18 2363 2343
f 2362 19 2361
f 2361 19 21
f 2361 21 2360
f 2360 21 23
f 361 41 360
f 360 41 43
f 360 43 359
f 359 43 45
f 359 45 358
f 358 45 357
f 357 45 29
f 357 29 356
f 356 29 355
f 355 29 31
f 355 31 354
f 354 31 33
f 354 33 353
f 353 33 35
f 2347 11 2346
f 2346 11 13
f 2346 13 2345
f 2345 13 15
f 349 350 2424
f 2424 350 1333
f 350 351 1333
f 1333 351 352
f 363 364 2428
f 365 346 2426
f 2426 346 347
f 2401 2365 2402
f 2402 2365 2364
f 2402 2364 2403
f 2403 2364 2407
f 2403 2407 2404
f 2404 2407 2406
f 2404 2406 2405
f 2455 2456 2457
f 2457 2456 2458
f 2457 2458 2459
f 2457 2459 2460
f 2460 2459 2461
f 2460 2461 2462
f 2462 2461 2463
f 2460 2462 2464
f 2464 2462 2465
f 2464 2465 2466
f 2466 2465 2467
f 2466 2467 2468
f 2468 2467 2469
f 2468 2469 2470
f 2470 2469 2471
f 2470 2471 2472
f 2472 2471 2473
f 2472 2473 2474
f 2474 2473 2475
f 2474 2475 2476
f 2476 2475 2477
f 2476 2477 2478
f 2478 2477 2479
f 2478 2479 2480
f 2480 2479 2481
f 2480 2482 2478
f 2478 2482 2483
f 2478 2483 2476
f 2476 2483 2484
f 2476 2484 2474
f 2474 2484 2485
f 2474 2485 2472
f 2472 2485 2486
f 2472 2486 2470
f 2470 2486 2487
f 2470 2487 2468
f 2468 2487 2488
f 2468 2488 2466
f 2466 2488 2489
f 2466 2489 2464
f 2464 2489 2490
f 2464 2490 2460
f 2460 2490 2457
f 2482 2491 2483
f 2483 2491 2492
f 2483 2492 2493
f 2483 2493 2484
f 2484 2493 2494
f 2484 2494 2485
f 2485 2494 2495
f 2485 2495 2486
f 2486 2495 2496
f 2486 2496 2487
f 2487 2496 2497
f 2487 2497 2488
f 2488 2497 2498
f 2488 2498 2489
f 2489 2498 2499
f 2489 2499 2490
f 2490 2499 2455
f 2490 2455 2457
f 2492 2456 2493
f 2493 2456 2455
f 2493 2455 2494
f 2494 2455 2499
f 2494 2499 2495
f 2495 2499 2498
f 2495 2498 2496
f 2496 2498 2497
f 1213 1212 2500
f 2500 1212 2501
f 2500 2501 2502
f 2502 2501 2427
f 2502 2427 2426
f 1212 1215 2501
f 2501 1215 2503
f 2501 2503 2429
f 2429 2503 2431
f 2431 2503 2504
f 2431 2504 2430
f 1219 2505 1215
f 1215 2505 2503
f 2505 2504 2503
f 2429 2427 2501
f 1269 1211 1272
f 1272 1211 1213
f 1272 1213 2506
f 2506 1213 2500
f 2506 2500 2507
f 2507 2500 2502
f 2507 2502 2424
f 2424 2502 2426
f 1211 1269 1210
f 1210 1269 1270
f 1210 1270 1208
f 1208 1270 1271
f 1266 1264 1330
f 1330 1264 2508
f 1330 2508 1332
f 1332 2508 2425
f 1332 2425 1334
f 1264 1267 2508
f 2508 1267 2509
f 2508 2509 2422
f 2422 2509 2423
f 2423 2509 2507
f 2423 2507 2424
f 1272 2506 1267
f 1267 2506 2509
f 2506 2507 2509
f 2422 2425 2508
f 1668 1630 1957
f 1957 1630 2510
f 1072 2038 2014
f 2014 2038 2511
f 2014 2511 2013
f 2013 2511 2512
f 2013 2512 2012
f 2012 2512 2513
f 2012 2513 2011
f 2011 2513 2514
f 2011 2514 2010
f 2010 2514 2515
f 2010 2515 2009
f 2005 2029 2031
f 2031 2029 2516
f 2516 2029 2028
f 2516 2028 2517
f 2517 2028 2027
f 2517 2027 2518
f 2518 2027 2026
f 2518 2026 2519
f 2519 2026 2008
f 2519 2008 2520
f 2520 2008 2007
f 1999 2521 1998
f 1998 2521 2522
f 1998 2522 1997
f 1997 2522 2523
f 1997 2523 1996
f 1996 2523 2524
f 1996 2524 1995
f 1995 2524 2525
f 2526 2521 2527
f 2527 2521 1999
f 2527 1999 2528
f 2528 1999 2529
f 2529 1999 2530
f 2530 1999 2000
f 2530 2000 2531
f 2531 2000 2001
f 2531 2001 2532
f 2532 2001 2002
f 2532 2002 2533
f 2533 2002 2534
f 2534 2002 2535
f 2535 2002 2536
f 2535 2536 2537
f 2413 2412 1189
f 1189 2412 1190
f 1190 2412 2411
f 1190 2411 1191
f 1191 2411 2410
f 1191 2410 1185
f 1185 2410 2409
f 1185 2409 1156
f 2413 1189 2414
f 2414 1189 1193
f 2538 2539 1976
f 1976 2539 1977
f 1977 2539 2540
f 1977 2540 1978
f 1978 2540 2541
f 1978 2541 2003
f 2003 2541 2536
f 2003 2536 2002
f 1976 1975 2538
f 2538 1975 2542
f 1110 2453 1108
f 1108 2453 2443
f 1108 2443 1107
f 1107 2443 2444
f 1107 2444 1106
f 1106 2444 2445
f 1106 2445 1103
f 1103 2445 2446
f 2409 2543 1156
f 1156 2543 2544
f 1156 2544 2545
f 2409 2408 2543
f 2545 2546 1156
f 1156 2546 1147
f 1147 2546 2547
f 1147 2547 1139
f 1139 2547 2548
f 1139 2548 1110
f 1110 2548 2549
f 1110 2549 2550
f 2550 2551 1110
f 1110 2551 2453
f 2453 2551 2454
f 1051 1052 2421
f 2421 1052 1340
f 2421 1340 2420
f 2420 1340 1339
f 2420 1339 2419
f 2419 1339 1338
f 2419 1338 2418
f 2418 1338 1337
f 2418 1337 2417
f 2417 1337 1335
f 2432 1350 2433
f 2433 1350 1354
f 2433 1354 2434
f 2434 1354 1353
f 2434 1353 2435
f 2435 1353 1352
f 2435 1352 2436
f 2436 1352 1351
f 2436 1351 2078
f 2078 1351 1342
f 2432 1324 1350
f 1350 1324 1325
f 1350 1325 1326
f 2428 2552 2432
f 2432 2552 2553
f 2432 2553 1324
f 1326 1327 1350
f 1350 1327 1328
f 2510 1630 2554
f 2554 1630 1629
f 2554 1629 2555
f 2555 1629 1624
f 2555 1624 2556
f 2556 1624 2557
f 2557 1624 1552
f 2557 1552 1063
f 1063 1064 2557
f 562 539 2447
f 2447 539 2449
f 2449 539 538
f 2449 538 2450
f 2450 538 533
f 2450 533 2004
f 639 598 662
f 662 598 599
f 662 599 2442
f 2442 599 606
f 2442 606 605
f 640 647 639
f 639 647 646
f 639 646 598
f 562 2447 605
f 605 2447 2442
f 2515 2558 2009
f 2009 2558 2015
f 2558 2559 2557
f 2557 2559 2560
f 2557 2560 2561
f 2559 2558 2562
f 2562 2558 2515
f 2562 2515 2563
f 2563 2515 2564
f 2564 2515 2565
f 2565 2515 2032
f 2565 2032 2566
f 2566 2032 2033
f 2566 2033 2034
f 2515 2514 2032
f 2032 2514 2513
f 2032 2513 2512
f 2512 2511 2032
f 2032 2511 2038
f 2566 2034 2567
f 2567 2034 2035
f 2567 2035 2036
f 2567 2036 2568
f 2568 2036 2037
f 2568 2037 2030
f 2031 2516 2030
f 2030 2516 2517
f 2030 2517 2518
f 2518 2519 2030
f 2030 2519 2520
f 2030 2520 2569
f 2569 2520 2570
f 2570 2520 2571
f 2571 2520 2572
f 2572 2520 2573
f 2572 2573 2574
f 2574 2573 3
f 2574 3 2575
f 2575 3 2542
f 2542 3 5
f 2542 5 1967
f 1967 1968 2542
f 2542 1968 1966
f 2542 1966 2538
f 2538 1966 1959
f 2538 1959 1960
f 2538 1960 2539
f 2539 1960 1961
f 2539 1961 1962
f 2539 1962 2540
f 2540 1962 1963
f 2540 1963 2541
f 2541 1963 1964
f 2541 1964 1965
f 1958 2537 1965
f 1965 2537 2536
f 1965 2536 2541
f 1958 1950 2537
f 2537 1950 2492
f 2537 2492 2481
f 2481 2492 2491
f 2481 2491 2482
f 2492 1950 2526
f 2526 1950 1951
f 2526 1951 2521
f 2521 1951 2522
f 2522 1951 1952
f 2522 1952 1953
f 2522 1953 2523
f 2523 1953 1954
f 2523 1954 2524
f 2524 1954 1955
f 2524 1955 1956
f 2524 1956 2525
f 2525 1956 1957
f 2525 1957 2510
f 2525 2510 2561
f 2561 2510 2554
f 2561 2554 2555
f 2555 2556 2561
f 2561 2556 2557
f 2569 2568 2030
f 2492 2526 2456
f 2456 2526 2463
f 2456 2463 2458
f 2458 2463 2459
f 2459 2463 2461
f 2482 2480 2481
f 1113 1112 2576
f 2576 1112 2577
f 2577 1112 1111
f 2577 1111 2578
f 2578 1111 1109
f 2578 1109 2104
f 2104 1109 1105
f 2076 1114 2576
f 2576 1114 1113
f 1166 1168 2043
f 2043 1168 1169
f 2043 1169 2057
f 2057 1169 1171
f 2107 2119 2105
f 2105 2119 2579
f 2579 2119 2118
f 2579 2118 1187
f 1187 2118 2113
f 1187 2113 2128
f 2128 2127 1187
f 1187 2127 2124
f 1187 2124 1188
f 1187 1186 2579
f 2579 1186 2580
f 2580 1186 1184
f 2580 1184 2581
f 2581 1184 1183
f 2581 1183 2044
f 2044 1183 1182
f 651 666 1083
f 1083 666 2104
f 2104 666 681
f 2104 681 2578
f 2578 681 696
f 2578 696 2577
f 2577 696 695
f 2577 695 2576
f 2576 695 694
f 2576 694 2076
f 2076 694 693
f 2076 693 692
f 2076 692 727
f 727 692 701
f 727 701 725
f 727 729 2076
f 2076 729 731
f 2076 731 2075
f 2075 731 733
f 2075 733 2074
f 2074 733 2073
f 2073 733 735
f 2073 735 2072
f 2072 735 2049
f 2049 735 2048
f 2048 735 741
f 2048 741 2058
f 2058 741 2057
f 2057 741 2043
f 2043 741 2042
f 2042 741 765
f 2042 765 2041
f 2041 765 2040
f 2040 765 767
f 2040 767 2039
f 2039 767 769
f 2039 769 771
f 771 773 2039
f 2039 773 775
f 2039 775 781
f 781 796 2039
f 2039 796 811
f 2039 811 2044
f 2044 811 810
f 2044 810 2581
f 2581 810 809
f 2581 809 2580
f 2580 809 808
f 2580 808 2579
f 2579 808 807
f 2579 807 2105
f 2105 807 816
f 2058 2059 2048
f 2048 2059 2047
f 2047 2059 2060
f 2047 2060 2046
f 2046 2060 2061
f 2046 2061 2045
f 2045 2061 2079
f 2045 2079 2091
f 2061 2071 2079
f 2091 2053 2045
f 2077 667 2437
f 2437 667 669
f 2437 669 2438
f 2438 669 671
f 2438 671 2439
f 2439 671 673
f 2439 673 2440
f 2440 673 675
f 2440 675 677
f 2440 677 2441
f 2441 677 662
f 2441 662 2442
f 2390 2388 2408
f 2408 2388 2543
f 2543 2388 2386
f 2543 2386 2544
f 2544 2386 2384
f 2544 2384 2545
f 2545 2384 2382
f 2545 2382 2546
f 2546 2382 2380
f 2546 2380 2547
f 2547 2380 2548
f 2548 2380 2378
f 2548 2378 2549
f 2549 2378 2376
f 2549 2376 2550
f 2550 2376 2374
f 2550 2374 2551
f 2551 2374 2371
f 2551 2371 2454
f 2454 2371 2372
f 2446 2448 1103
f 1103 2448 1104
f 2448 2451 1104
f 1104 2451 1206
f 1206 2451 2452
f 1206 2452 1205
f 1205 2452 2025
f 1205 2025 1204
f 1204 2025 2024
f 1204 2024 1203
f 1203 2024 2023
f 1203 2023 1202
f 1202 2023 2022
f 1202 2022 1201
f 1201 2022 2021
f 1201 2021 1200
f 1200 2021 2020
f 1200 2020 1199
f 1199 2020 2006
f 1199 2006 1198
f 1198 2006 2019
f 1198 2019 1197
f 1197 2019 2018
f 1197 2018 1194
f 1194 2018 2017
f 1194 2017 1195
f 1195 2017 2016
f 1195 2016 1196
f 1196 2016 2015
f 1196 2015 1207
f 1207 2015 2416
f 1207 2416 1192
f 1192 2416 2415
f 1192 2415 1193
f 1193 2415 2414
f 2537 2481 2535
f 2535 2481 2479
f 2535 2479 2534
f 2534 2479 2477
f 2534 2477 2533
f 2533 2477 2475
f 2533 2475 2532
f 2532 2475 2473
f 2532 2473 2531
f 2531 2473 2471
f 2531 2471 2530
f 2530 2471 2469
f 2530 2469 2529
f 2529 2469 2467
f 2529 2467 2528
f 2528 2467 2465
f 2528 2465 2527
f 2527 2465 2462
f 2527 2462 2526
f 2526 2462 2463
f 3 2573 6
f 6 2573 2025
f 2573 2520 2025
f 2025 2520 2007
f 2558 2557 2015
f 2015 2557 1064
f 1994 2561 1993
f 1993 2561 2560
f 1993 2560 1992
f 1992 2560 2559
f 1992 2559 2562
f 1992 2562 1991
f 1991 2562 2563
f 1991 2563 1990
f 1990 2563 1989
f 1989 2563 2564
f 1989 2564 1988
f 1988 2564 2565
f 1988 2565 2566
f 1988 2566 1987
f 1987 2566 2567
f 1987 2567 1986
f 1986 2567 1985
f 1985 2567 2568
f 1985 2568 1984
f 1984 2568 2569
f 1984 2569 2570
f 2571 1982 2570
f 2570 1982 1983
f 2570 1983 1984
f 1982 2571 1981
f 1981 2571 2572
f 1981 2572 1980
f 1980 2572 2574
f 1980 2574 2575
f 1980 2575 1979
f 1979 2575 2542
f 1979 2542 1975
f 2525 2561 1995
f 1995 2561 1994
f 1324 2553 1219
f 1219 2553 2505
f 2505 2553 2552
f 2505 2552 2504
f 2504 2552 2428
f 2504 2428 2430
f 1335 1319 2417
f 2417 1319 1329
f 2417 1329 1331
f 1323 1322 1335
f 1335 1322 1321
f 1335 1321 1320
f 1320 1319 1335
f 1331 1333 2417

