# https://github.com/mikedh/trimesh

o tho_lr_1.stl
v -97.70319366 52.43476105 17.61309433
v -97.69418335 53.43157578 17.57946968
v -100.79575348 52.43476105 16.78444481
v -102.20156097 53.43157578 16.37172318
v -102.22999573 50.28475952 16.47786903
v -100.81518555 50.28475952 16.85696602
v -76.87229156 50.28475952 14.43418884
v -76.87229156 50.13476181 14.43418884
v -76.69971466 50.28475952 14.08424568
v -76.69971466 50.13476181 14.08424568
v -76.40636444 50.28475952 13.82698250
v -76.40636444 50.13476181 13.82698250
v -76.03688812 50.28475952 13.70156288
v -76.03688812 50.13476181 13.70156288
v -75.64754486 50.28475952 13.72708130
v -75.64754486 50.13476181 13.72708130
v -77.38993073 50.28475952 16.36603928
v -77.38993073 50.13476181 16.36603928
v -76.68282318 50.28475952 17.59078598
v -76.68282318 50.13476181 17.59078598
v -77.03276062 50.28475952 17.41821289
v -77.03276062 50.13476181 17.41821289
v -77.29002380 50.28475952 17.12485886
v -77.29002380 50.13476181 17.12485886
v -77.41544342 50.28475952 16.75538635
v -77.41544342 50.13476181 16.75538635
v -73.78504181 50.28475952 18.36724281
v -73.78504181 50.13476181 18.36724281
v -72.74976349 50.28475952 14.50353909
v -72.74976349 50.13476181 14.50353909
v -72.39982605 50.28475952 14.67611122
v -72.39982605 50.13476181 14.67611122
v -72.14256287 50.28475952 14.96946430
v -72.14256287 50.13476181 14.96946430
v -72.01714325 50.28475952 15.33893871
v -72.01714325 50.13476181 15.33893871
v -72.04266357 50.28475952 15.72828388
v -72.04266357 50.13476181 15.72828388
v -72.56029510 50.28475952 17.66013527
v -72.56029510 50.13476181 17.66013527
v -72.73287201 50.28475952 18.01007843
v -72.73287201 50.13476181 18.01007843
v -73.02622223 50.28475952 18.26734161
v -73.02622223 50.13476181 18.26734161
v -73.39569855 50.28475952 18.39276123
v -73.39569855 50.13476181 18.39276123
v -74.06072235 50.28475952 15.48281574
v -74.15106964 50.28475952 15.46688366
v -74.06072235 50.13476181 15.48281574
v -74.15106964 50.13476181 15.46688366
v -74.24057770 50.28475952 15.46262836
v -74.24057770 50.13476181 15.46262836
v -74.32865906 50.28475952 15.47836304
v -74.32865906 50.13476181 15.47836304
v -74.41585541 50.28475952 15.50645256
v -74.41585541 50.13476181 15.50645256
v -73.78892517 50.28475952 15.64284420
v -73.84925079 50.28475952 15.58989811
v -73.78892517 50.13476181 15.64284420
v -73.84925079 50.13476181 15.58989811
v -73.91374207 50.28475952 15.54400826
v -73.91374207 50.13476181 15.54400826
v -73.98515320 50.28475952 15.50988293
v -73.98515320 50.13476181 15.50988293
v -73.65419006 50.28475952 15.94180870
v -73.67067719 50.28475952 15.85921478
v -73.65419006 50.13476181 15.94180870
v -73.67067719 50.13476181 15.85921478
v -73.69635010 50.28475952 15.78081608
v -73.69635010 50.13476181 15.78081608
v -73.73776245 50.28475952 15.70960617
v -73.73776245 50.13476181 15.70960617
v -73.69383240 50.28475952 16.34443855
v -73.67134857 50.28475952 16.24495316
v -73.69383240 50.13476181 16.34443855
v -73.67134857 50.13476181 16.24495316
v -73.65546417 50.28475952 16.14485168
v -73.65546417 50.13476181 16.14485168
v -73.65113831 50.28475952 16.04367447
v -73.65113831 50.13476181 16.04367447
v -73.83684540 50.28475952 16.66123390
v -73.79212952 50.28475952 16.58608437
v -73.83684540 50.13476181 16.66123390
v -73.79212952 50.13476181 16.58608437
v -73.75231171 50.28475952 16.50872231
v -73.75231171 50.13476181 16.50872231
v -73.72063446 50.28475952 16.42768097
v -73.72063446 50.13476181 16.42768097
v -74.09320068 50.28475952 16.86804581
v -74.01762390 50.28475952 16.83063126
v -74.09320068 50.13476181 16.86804581
v -74.01762390 50.13476181 16.83063126
v -73.94836426 50.28475952 16.78536415
v -73.94836426 50.13476181 16.78536415
v -73.88951111 50.28475952 16.72714424
v -73.88951111 50.13476181 16.72714424
v -74.45248413 50.28475952 16.87414169
v -74.36218262 50.28475952 16.89190102
v -74.45248413 50.13476181 16.87414169
v -74.36218262 50.13476181 16.89190102
v -74.27213287 50.28475952 16.89950752
v -74.27213287 50.13476181 16.89950752
v -74.18252563 50.28475952 16.88939285
v -74.18252563 50.13476181 16.88939285
v -74.71711731 50.28475952 16.71097755
v -74.66052246 50.28475952 16.76698494
v -74.71711731 50.13476181 16.71097755
v -74.66052246 50.13476181 16.76698494
v -74.59850311 50.28475952 16.81436539
v -74.59850311 50.13476181 16.81436539
v -74.52793884 50.28475952 16.84814644
v -74.52793884 50.13476181 16.84814644
v -74.81801605 50.28475952 16.38948441
v -74.80953979 50.28475952 16.47536469
v -74.81801605 50.13476181 16.38948441
v -74.80953979 50.13476181 16.47536469
v -74.79244995 50.28475952 16.55841064
v -74.79244995 50.13476181 16.55841064
v -74.75990295 50.28475952 16.63637543
v -74.75990295 50.13476181 16.63637543
v -75.05744171 50.28475952 16.38220024
v -75.05744171 50.13476181 16.38220024
v -74.91053009 50.28475952 16.81965065
v -74.97254944 50.28475952 16.71893692
v -74.91053009 50.13476181 16.81965065
v -74.97254944 50.13476181 16.71893692
v -75.02043152 50.28475952 16.61338806
v -75.02043152 50.13476181 16.61338806
v -75.04555511 50.28475952 16.50005722
v -75.04555511 50.13476181 16.50005722
v -74.50964355 50.28475952 17.06860924
v -74.62399292 50.28475952 17.02875900
v -74.50964355 50.13476181 17.06860924
v -74.62399292 50.13476181 17.02875900
v -74.73086548 50.28475952 16.97706413
v -74.73086548 50.13476181 16.97706413
v -74.82477570 50.28475952 16.90481758
v -74.82477570 50.13476181 16.90481758
v -74.06175995 50.28475952 17.07614326
v -74.17403412 50.28475952 17.09407234
v -74.06175995 50.13476181 17.07614326
v -74.17403412 50.13476181 17.09407234
v -74.28614044 50.28475952 17.10109520
v -74.28614044 50.13476181 17.10109520
v -74.39797211 50.28475952 17.09016991
v -74.39797211 50.13476181 17.09016991
v -73.68633270 50.28475952 16.84942436
v -73.76832581 50.28475952 16.92584419
v -73.68633270 50.13476181 16.84942436
v -73.76832581 50.13476181 16.92584419
v -73.85672760 50.28475952 16.99159431
v -73.85672760 50.13476181 16.99159431
v -73.95595551 50.28475952 17.03934097
v -73.95595551 50.13476181 17.03934097
v -73.45769501 50.28475952 16.40644646
v -73.49691010 50.28475952 16.52658081
v -73.45769501 50.13476181 16.40644646
v -73.49691010 50.13476181 16.52658081
v -73.54560089 50.28475952 16.64175797
v -73.54560089 50.13476181 16.64175797
v -73.61076355 50.28475952 16.74831390
v -73.61076355 50.13476181 16.74831390
v -73.42431641 50.28475952 15.91872978
v -73.41568756 50.28475952 16.04179573
v -73.42431641 50.13476181 15.91872978
v -73.41568756 50.13476181 16.04179573
v -73.41641235 50.28475952 16.16423607
v -73.41641235 50.13476181 16.16423607
v -73.43251038 50.28475952 16.28564453
v -73.43251038 50.13476181 16.28564453
v -73.60233307 50.28475952 15.51717663
v -73.53687286 50.28475952 15.60815525
v -73.60233307 50.13476181 15.51717663
v -73.53687286 50.13476181 15.60815525
v -73.48310852 50.28475952 15.70438671
v -73.48310852 50.13476181 15.70438671
v -73.44821930 50.28475952 15.80908966
v -73.44821930 50.13476181 15.80908966
v -74.02713776 50.28475952 15.28202915
v -73.90926361 50.28475952 15.32027054
v -74.02713776 50.13476181 15.28202915
v -73.90926361 50.13476181 15.32027054
v -73.79743195 50.28475952 15.36914921
v -73.79743195 50.13476181 15.36914921
v -73.69636536 50.28475952 15.43696880
v -73.69636536 50.13476181 15.43696880
v -74.52294922 50.28475952 15.30714798
v -74.40068817 50.28475952 15.27106762
v -74.52294922 50.13476181 15.30714798
v -74.40068817 50.13476181 15.27106762
v -74.27748108 50.28475952 15.25166988
v -74.27748108 50.13476181 15.25166988
v -74.15274811 50.28475952 15.25906754
v -74.15274811 50.13476181 15.25906754
v -74.89766693 50.28475952 15.66801548
v -74.82426453 50.28475952 15.55637360
v -74.89766693 50.13476181 15.66801548
v -74.82426453 50.13476181 15.55637360
v -74.74019623 50.28475952 15.45599747
v -74.74019623 50.13476181 15.45599747
v -74.63748932 50.28475952 15.37531567
v -74.63748932 50.13476181 15.37531567
v -74.68440247 50.28475952 15.78708458
v -74.68440247 50.13476181 15.78708458
v -74.49951172 50.28475952 15.56042576
v -74.49951172 50.13476181 15.56042576
v -74.57368469 50.28475952 15.62369823
v -74.57368469 50.13476181 15.62369823
v -74.63318634 50.28475952 15.70133305
v -74.63318634 50.13476181 15.70133305
v -76.07421112 50.28475952 16.62537384
v -76.21099091 50.28475952 16.58872414
v -76.07421112 50.13476181 16.62537384
v -76.21099091 50.13476181 16.58872414
v -75.82363129 50.28475952 16.44481850
v -75.89205170 50.28475952 16.48208809
v -75.82363129 50.13476181 16.44481850
v -75.89205170 50.13476181 16.48208809
v -75.95750427 50.28475952 16.52339554
v -75.95750427 50.13476181 16.52339554
v -76.01763153 50.28475952 16.57196617
v -76.01763153 50.13476181 16.57196617
v -75.45800781 50.28475952 16.32542038
v -75.55239868 50.28475952 16.34617996
v -75.45800781 50.13476181 16.32542038
v -75.55239868 50.13476181 16.34617996
v -75.64518738 50.28475952 16.37181282
v -75.64518738 50.13476181 16.37181282
v -75.73525238 50.28475952 16.40575790
v -75.73525238 50.13476181 16.40575790
v -75.40303040 50.28475952 16.12025452
v -75.40303040 50.13476181 16.12025452
v -75.65526581 50.28475952 16.17020035
v -75.59294128 50.28475952 16.15395355
v -75.65526581 50.13476181 16.17020035
v -75.59294128 50.13476181 16.15395355
v -75.53023529 50.28475952 16.13965416
v -75.53023529 50.13476181 16.13965416
v -75.46685028 50.28475952 16.12882042
v -75.46685028 50.13476181 16.12882042
v -75.89607239 50.28475952 16.26238251
v -75.83774567 50.28475952 16.23450089
v -75.89607239 50.13476181 16.26238251
v -75.83774567 50.13476181 16.23450089
v -75.77833557 50.28475952 16.20942116
v -75.77833557 50.13476181 16.20942116
v -75.71726227 50.28475952 16.18861198
v -75.71726227 50.13476181 16.18861198
v -75.53368378 50.28475952 14.90994549
v -75.53368378 50.13476181 14.90994549
v -75.74592590 50.28475952 14.85307598
v -75.74592590 50.13476181 14.85307598
v -64.37522125 52.28475952 18.29017830
v -64.45124054 52.66744232 18.29416275
v -64.42918396 52.28475952 18.80358505
v -64.50270844 52.66744232 18.78388405
v -64.63915253 52.28475952 19.27518845
v -64.70299530 52.66744232 19.23372841
v -64.98458099 52.28475952 19.65882301
v -65.03248596 52.66744232 19.59966660
v -65.43165588 52.28475952 19.91694069
v -65.45893097 52.66744232 19.84587669
v -65.93660736 52.28475952 20.02427101
v -65.94058990 52.66744232 19.94825554
v -66.45001221 52.28475952 19.97031021
v -66.43031311 52.66744232 19.89678383
v -66.92161560 52.28475952 19.76033974
v -66.88015747 52.66744232 19.69649887
v -67.30525208 52.28475952 19.41491127
v -67.24609375 52.66744232 19.36700821
v -67.56336975 52.28475952 18.96784019
v -67.49230194 52.66744232 18.94056129
v -67.67070007 52.28475952 18.46288681
v -67.59468842 52.66744232 18.45890427
v -67.61673737 52.28475952 17.94948196
v -67.54321289 52.66744232 17.96918297
v -67.40676880 52.28475952 17.47787857
v -67.34292603 52.66744232 17.51933670
v -67.06134033 52.28475952 17.09424210
v -67.01343536 52.66744232 17.15339851
v -66.61427307 52.28475952 16.83612633
v -66.58699036 52.66744232 16.90719032
v -66.10931396 52.28475952 16.72879410
v -66.10533142 52.66744232 16.80480957
v -65.59590912 52.28475952 16.78275490
v -65.61561584 52.66744232 16.85628128
v -65.12430573 52.28475952 16.99272728
v -65.16576385 52.66744232 17.05656624
v -64.74066925 52.28475952 17.33815384
v -64.79982758 52.66744232 17.38605881
v -64.48255157 52.28475952 17.78522682
v -64.55361938 52.66744232 17.81250572
v -65.54521179 53.28475952 18.81727219
v -65.15688324 53.20864105 18.93897247
v -65.39511108 53.28475952 18.54476547
v -65.02546692 53.20864105 18.64381218
v -64.99169159 53.20864105 18.32248688
v -64.71209717 52.99186707 18.72777748
v -64.66771698 52.99186707 18.30550766
v -65.37307739 53.20864105 19.17907906
v -65.80475616 53.28475952 18.98881149
v -65.65288544 53.20864105 19.34062576
v -65.96891785 53.20864105 19.40780067
v -65.95193481 52.99186707 19.73177910
v -66.37420654 52.99186707 19.68739700
v -66.11428833 53.28475952 19.02008438
v -66.29023743 53.20864105 19.37402916
v -66.76209259 52.99186707 19.51469803
v -66.40290070 53.28475952 18.90392876
v -66.58540344 53.20864105 19.24261475
v -67.07762909 52.99186707 19.23058891
v -66.82550812 53.20864105 19.02642250
v -66.60447693 53.28475952 18.66695213
v -66.98705292 53.20864105 18.74661446
v -66.67282867 53.28475952 18.36344337
v -67.05422974 53.20864105 18.43058014
v -67.02045441 53.20864105 18.10925484
v -67.33382416 52.99186707 18.02528763
v -67.16112518 52.99186707 17.63739967
v -66.59230804 53.28475952 18.06293488
v -66.88904572 53.20864105 17.81409264
v -66.87701416 52.99186707 17.32186317
v -66.67285156 53.20864105 17.57398796
v -66.38135529 53.28475952 17.83426666
v -66.39304352 53.20864105 17.41243935
v -66.08830261 53.28475952 17.72982597
v -66.07701111 53.20864105 17.34526443
v -65.75568390 53.20864105 17.37903786
v -65.67171478 52.99186707 17.06566811
v -65.28382874 52.99186707 17.23836708
v -65.78028107 53.28475952 17.77353668
v -65.46052551 53.20864105 17.51045227
v -64.96829224 52.99186707 17.52247810
v -65.52784729 53.28475952 17.95538902
v -65.22041321 53.20864105 17.72664452
v -64.75599670 52.99186707 17.89019012
v -65.05886841 53.20864105 18.00645256
v -65.38884735 53.28475952 18.23371887
v -64.88479614 52.99186707 19.11566734
v -65.16890717 52.99186707 19.43120384
v -65.53662109 52.99186707 19.64350128
v -66.09398651 52.99186707 17.02128601
v -66.50930786 52.99186707 17.10956383
v -67.37821198 52.99186707 18.44755936
v -67.28993225 52.99186707 18.86287689
v -64.37522125 50.28475952 18.29017830
v -64.42918396 50.28475952 18.80358505
v -64.63915253 50.28475952 19.27518845
v -64.98458099 50.28475952 19.65882301
v -65.43165588 50.28475952 19.91694069
v -65.93660736 50.28475952 20.02427101
v -66.45001221 50.28475952 19.97031021
v -66.92161560 50.28475952 19.76033974
v -67.30525208 50.28475952 19.41491127
v -67.56336975 50.28475952 18.96784019
v -67.67070007 50.28475952 18.46288681
v -67.61673737 50.28475952 17.94948196
v -67.40676880 50.28475952 17.47787857
v -67.06134033 50.28475952 17.09424210
v -66.61427307 50.28475952 16.83612633
v -66.10931396 50.28475952 16.72879410
v -65.59590912 50.28475952 16.78275490
v -65.12430573 50.28475952 16.99272728
v -64.74066925 50.28475952 17.33815384
v -64.48255157 50.28475952 17.78522682
v -105.16069031 47.79982376 9.02276230
v -105.08346558 47.81282806 9.46154785
v -105.36240387 47.83340073 9.21350861
v -105.43665314 47.88911057 9.55295753
v -105.61903381 47.93784714 9.25275803
v -105.73942566 48.09361267 9.62661552
v -105.83829498 48.10833359 9.28397655
v -105.90559387 48.18555069 9.29284191
v -105.87847137 48.09939957 8.92948151
v -105.94666290 48.17673111 8.93223476
v -105.85649872 48.08766937 8.21573544
v -105.92458344 48.16515350 8.20624542
v -105.73677826 48.08507919 7.64001369
v -105.80287170 48.16259766 7.62070084
v -105.49918365 48.09059143 7.03544903
v -105.56111145 48.16803741 7.00586462
v -105.42333221 48.09328461 6.89165783
v -105.48390961 48.17069626 6.85963726
v -105.34127808 48.09644318 6.75136471
v -105.40038300 48.17381287 6.71696901
v -105.15930176 48.10404587 6.48238516
v -105.21514130 48.18132019 6.44344330
v -104.79328918 48.09433365 6.09569216
v -105.26419830 48.26549911 6.40976000
v -104.95261383 48.39862061 5.95111465
v -105.31499481 48.37770462 6.37570143
v -105.35418701 48.49684525 6.35047722
v -105.54691315 48.49003983 6.63474512
v -105.36109161 48.74890900 6.28302574
v -105.64556885 48.74002838 6.70965624
v -105.63378143 48.48721695 6.78298044
v -105.71405029 48.48480988 6.93489599
v -105.59178925 48.36764526 6.80383253
v -105.67127228 48.36512756 6.95423746
v -105.53701782 48.25508881 6.83191156
v -105.61536407 48.25248337 6.98022890
v -105.94972229 48.39793015 9.67228889
v -105.96448517 48.26963806 9.30012321
v -106.00630188 48.26099777 8.93425846
v -105.98409271 48.24965286 8.19778728
v -105.86066437 48.24715042 7.60385227
v -106.03832245 48.75978470 9.68363285
v -106.07139587 48.50065231 9.31109047
v -106.02510071 48.38169098 9.30688286
v -106.13703918 48.74852371 9.18085480
v -106.11434937 48.49266434 8.93611717
v -106.06761932 48.37334442 8.93574810
v -106.04520416 48.36238861 8.18884754
v -106.16932678 48.73997116 8.66931820
v -106.09169769 48.48218155 8.18171978
v -105.92006683 48.35997772 7.58659506
v -106.13565063 48.73450851 8.15775490
v -106.03646088 48.73252106 7.65489960
v -105.96529388 48.47987366 7.57352543
v -105.87228394 48.73437881 7.16946888
v -105.02375031 48.76041794 5.89710283
v -104.97839355 47.93358612 6.61117268
v -104.56790161 47.88982010 6.31075668
v -104.76782990 47.82944870 6.76410198
v -104.30775452 47.81348038 6.56644058
v -104.71864319 47.79489136 7.09353971
v -105.00644684 47.78544235 7.69896173
v -105.06252289 47.81697464 7.24855137
v -104.99671173 47.81946945 7.12268972
v -104.92555237 47.82239532 6.99983358
v -105.22646332 47.92287827 6.99738932
v -105.14935303 47.92602158 6.86502314
v -105.26918030 47.81186295 7.77724838
v -105.12159729 47.78549957 8.13154316
v -105.37432098 47.81425476 8.28026581
v -105.17320251 47.79050446 8.57611942
v -105.39578247 47.82511902 8.90374756
v -105.65612793 47.92896271 8.91862488
v -105.63441467 47.91729355 8.24588585
v -105.52131653 47.91471863 7.70315742
v -105.29776001 47.92020416 7.13303423
v -105.50579071 48.37059402 6.65708208
v -105.45223999 48.25814438 6.68720293
v -104.57096100 47.92363739 11.48508739
v -104.06524658 48.11836243 13.49950790
v -104.81021118 47.96545792 11.54506207
v -104.40695190 48.20580292 13.57862759
v -105.03324127 48.06644058 11.59629536
v -104.69963074 48.41138458 13.63105202
v -105.19088745 48.18703079 11.62879753
v -105.36244202 48.39924240 11.65806007
v -105.49202728 48.36290359 11.16343784
v -105.60385132 48.61470413 11.17662334
v -105.62351990 48.33131027 10.66261387
v -105.73545837 48.58406830 10.67846775
v -105.51389313 48.86779022 11.66268730
v -105.47415924 48.65007019 11.66862297
v -104.90502930 48.70824432 13.64993095
v -104.99630737 49.05759430 13.63279629
v -105.45082855 48.11803055 10.62850380
v -105.31990814 48.15014648 11.13177013
v -105.29187012 47.99744797 10.59297180
v -105.06689453 47.89751053 10.53881741
v -104.93762207 47.92907715 11.04507160
v -105.16161346 48.02955246 11.09776211
v -102.00138855 48.34689331 15.62467480
v -102.08339691 48.45808792 15.93075085
v -102.36692047 48.34232330 15.49935055
v -102.57045746 48.39381027 15.62514305
v -102.71244049 48.32907104 15.32580471
v -102.81445312 48.38337326 15.49662018
v -103.04709625 48.36907578 15.34642410
v -102.93021393 48.50276184 15.68549061
v -103.18126678 48.48786545 15.52477455
v -103.02973938 48.67247391 15.84200096
v -103.29691315 48.65755463 15.67181873
v -103.08917999 48.82630920 15.93087292
v -103.36618042 48.81171417 15.75465488
v -103.14154053 49.03739548 16.00253105
v -103.42744446 49.02349854 15.82040024
v -103.15866089 49.14911270 16.02222824
v -103.44760895 49.13564301 15.83781719
v -103.16931152 49.26297760 16.03063583
v -103.59819794 49.24227524 15.74279785
v -102.66716003 48.51363373 15.82309532
v -102.15126038 48.66791153 16.18401146
v -102.74990082 48.68336105 15.98777866
v -102.79904938 48.83695984 16.08186340
v -102.19731903 48.95270538 16.35589790
v -102.84194946 49.04754257 16.15862465
v -102.85575867 49.15895081 16.18029022
v -102.21637726 49.28034973 16.42702293
v -102.70596313 49.27589417 16.26020050
v -103.89913177 49.10492325 15.46703243
v -103.98451996 49.21448898 15.40124226
v -104.32206726 49.18070984 15.01206779
v -104.60625458 49.14235306 14.58265591
v -104.49382019 49.03880692 14.74251747
v -104.38893890 49.05334473 14.89843178
v -104.36031342 48.93854141 14.89192772
v -103.87455750 48.99179459 15.45408058
v -104.27165985 48.72242737 14.85526752
v -103.79976654 48.77840042 15.40003300
v -104.17044067 48.56625748 14.80270290
v -103.71514893 48.62349701 15.32922935
v -104.00075531 48.39672470 14.70369625
v -103.57394409 48.45386887 15.20113850
v -103.80395508 48.28164673 14.57915878
v -103.41037750 48.33645248 15.04391861
v -103.31890869 48.27932739 14.84779167
v -103.03179932 48.30783463 15.10745525
v -104.83251953 49.10083771 14.12042522
v -104.76264954 48.99242401 14.24744797
v -104.59121704 49.02376175 14.58181000
v -104.56124115 48.90799713 14.57866096
v -104.46446228 48.92353439 14.73768711
v -104.46721649 48.69031143 14.55137730
v -104.37299347 48.70664597 14.70567226
v -104.35913849 48.53340912 14.50887489
v -104.26821899 48.55011749 14.65807056
v -104.17736816 48.36392593 14.42612839
v -104.09230042 48.38061142 14.56706333
v -103.96623993 48.25019836 14.32002831
v -103.88813019 48.26619339 14.45158100
v -103.77922058 48.20531845 14.22421360
v -103.56917572 48.24467087 14.55148983
v -104.73175049 48.87564087 14.24764538
v -104.63342285 48.65628815 14.23001194
v -104.51953888 48.49860382 14.19806385
v -104.32727814 48.32917404 14.13256645
v -104.10356140 48.21687317 14.04616261
v -103.94568634 48.16272736 13.87165546
v -97.49401855 48.34689331 16.83242226
v -97.57602692 48.45808792 17.13849640
v -97.64389038 48.66791153 17.39175797
v -97.68994904 48.95270538 17.56364441
v -97.70900726 49.28034973 17.63476944
v -96.09918976 48.33737183 17.14829826
v -94.68376923 48.30953979 17.35449219
v -95.42271423 48.37691498 17.45187569
v -94.71595764 48.41919327 17.67225647
v -95.45191193 48.48800278 17.66251373
v -94.73968506 48.62886429 17.93590546
v -95.47546387 48.64585114 17.84121895
v -95.48943329 48.80387878 17.95552063
v -95.84185028 48.65256500 17.78333855
v -95.85844421 48.81051636 17.89707565
v -96.20223999 48.65802765 17.71934319
v -96.22142029 48.81591415 17.83249855
v -96.23636627 49.03530502 17.92733574
v -96.24105835 49.27106476 17.96875572
v -95.87094879 49.03004074 17.99242592
v -95.49947357 49.02357101 18.05136108
v -94.75224304 48.91464233 18.11536980
v -94.75220490 49.24393845 18.19018745
v -96.17106628 48.50018311 17.54236412
v -96.13333130 48.38889313 17.33367538
v -95.81446075 48.49472046 17.60548782
v -95.78096008 48.38352203 17.39581490
v -94.27214050 48.37406540 17.70164680
v -94.37947083 48.33314133 17.56379318
v -94.26342773 48.26993561 17.37515450
v -94.43395233 48.33987427 17.56105614
v -94.48849487 48.34572601 17.55799294
v -94.44172668 48.44911575 17.77764702
v -94.49884033 48.45537567 17.77373695
v -94.44173431 48.60629654 17.96213341
v -94.50204468 48.61279297 17.95737457
v -94.43582916 48.76424408 18.08039856
v -94.49909973 48.77080917 18.07501602
v -94.42183685 48.98492432 18.18039322
v -94.48898315 48.99146271 18.17438316
v -94.18862152 49.19689560 18.24234390
v -94.38468933 48.44193268 17.78125191
v -94.26137543 48.58099747 17.97473145
v -94.38150024 48.59883881 17.96660042
v -94.37264252 48.75669098 18.08549118
v -94.23240662 48.86645508 18.16231155
v -94.35478210 48.97736359 18.18610573
v -93.69047546 49.09291458 18.27803993
v -93.73524475 48.88978195 18.24052620
v -93.79025269 48.65835190 18.13569832
v -93.83273315 48.45917130 17.97457314
v -93.85408020 48.34145737 17.82448196
v -93.62235260 48.39174652 17.98426819
v -93.65050507 48.27614212 17.83164787
v -93.41604614 48.31263733 17.99282455
v -93.45082855 48.19953918 17.83762550
v -93.21712494 48.22350311 18.00013733
v -93.25827026 48.11325455 17.84235191
v -93.11956787 48.17490768 18.00336838
v -93.16382599 48.06622314 17.84427643
v -93.02338409 48.12368774 18.00631523
v -93.07069397 48.01665115 17.84591103
v -92.64179993 47.91319656 18.04161072
v -92.74011993 47.74479294 17.73114204
v -93.10572815 47.92625046 17.62114716
v -92.76714325 47.67915344 17.37144661
v -93.11607361 47.88704681 17.37983894
v -93.19641876 47.97386169 17.62111664
v -93.28834534 48.01901627 17.62078667
v -93.86742401 48.23767853 17.61233330
v -93.66971588 48.17518616 17.61640549
v -93.47564697 48.10179138 17.61922455
v -93.86878967 48.18416977 17.38195801
v -93.48480225 48.05603027 17.38342094
v -92.93576050 48.30892181 18.18005371
v -92.48538971 48.16173172 18.26112175
v -92.82770538 48.52692795 18.29469872
v -92.29191589 48.45699310 18.36016655
v -92.73439789 48.71995163 18.33743095
v -93.20310211 48.93307114 18.30990791
v -93.04531097 48.63552475 18.28287697
v -92.93576813 48.58270264 18.28892708
v -93.03737640 48.36241531 18.17550659
v -93.49969482 48.81747437 18.25577736
v -93.26847839 48.73213196 18.26996040
v -93.35046387 48.50604630 18.16021347
v -93.14041901 48.41312790 18.17068291
v -93.56824493 48.58835983 18.14849854
v -91.97184753 48.27532578 18.37706184
v -92.23516846 48.16679001 18.32393646
v -92.35239410 47.94847488 18.20466042
v -92.44702148 47.76439285 18.02409363
v -92.49729919 47.66011429 17.85894394
v -92.23102570 47.65148544 18.03434563
v -92.27246857 47.54276276 17.86888313
v -91.77666473 47.47561646 18.05875206
v -91.79956818 47.36011124 17.89256859
v -91.55413055 47.41646957 18.07194328
v -91.56798553 47.29875565 17.90537643
v -91.44143677 47.39279938 18.07891083
v -91.45071411 47.27422714 17.91214371
v -91.32797241 47.37311935 18.08611679
v -91.33264923 47.25385666 17.91914177
v -90.87134552 47.35938644 18.14389610
v -90.84517670 47.15595245 17.82717896
v -91.32896423 47.15689468 17.68351173
v -90.81465912 47.08475876 17.45788002
v -91.32981873 47.12345505 17.43077087
v -91.45102692 47.17757797 17.67691612
v -91.57229614 47.20257187 17.67053795
v -92.53387451 47.57378006 17.62681770
v -92.30115509 47.45293427 17.63616371
v -91.81182098 47.26531601 17.65846825
v -92.31686401 47.42374039 17.38704109
v -91.83415985 47.23748016 17.40698624
v -91.31095123 47.58541107 18.26715660
v -90.88944244 47.66609955 18.36293793
v -91.28330231 47.83810425 18.38432312
v -90.89689636 48.03242493 18.45311737
v -91.26412964 48.05993271 18.42421722
v -91.62592316 48.14168549 18.39862061
v -91.47550201 47.87404251 18.37055016
v -91.37971497 47.85436630 18.37732124
v -91.41651917 47.60360336 18.25990295
v -92.05129242 48.07142639 18.33395386
v -91.66471100 47.92346954 18.35772324
v -91.72845459 47.68032455 18.23960304
v -91.52137756 47.62551117 18.25288582
v -92.15133667 47.84356689 18.21500969
v -82.16384125 47.08475876 18.17273140
v -82.19435120 47.15595245 18.54203033
v -82.22052765 47.35938644 18.85874939
v -82.23862457 47.66609955 19.07779121
v -82.24607849 48.03242493 19.16796875
v -71.36982727 47.08475876 20.72180367
v -69.32931519 47.08475876 21.61173248
v -71.50774384 47.15595245 21.06573868
v -69.48754120 47.15595245 21.94681168
v -71.62602997 47.35938644 21.36070442
v -69.62322998 47.35938644 22.23418427
v -71.70783234 47.66609955 21.56470299
v -69.71707916 47.66609955 22.43292999
v -69.75571442 48.03242493 22.51475334
v -71.74150848 48.03242493 21.64868736
v -73.74690247 47.66609955 20.81697083
v -73.67743683 47.35938644 20.60844994
v -75.77012634 47.35938644 19.98010826
v -75.68787384 47.15595245 19.67313957
v -77.83285522 47.15595245 19.16658974
v -77.75849915 47.08475876 18.80356789
v -79.95173645 47.08475876 18.42228699
v -80.00426483 47.15595245 18.78910255
v -80.04931641 47.35938644 19.10369110
v -80.08046722 47.66609955 19.32126045
v -80.09329987 48.03242493 19.41083336
v -73.77550507 48.03242493 20.90281868
v -75.82701111 47.66609955 20.19240761
v -77.89661407 47.35938644 19.47792435
v -75.85042572 48.03242493 20.27980995
v -77.94071198 47.66609955 19.69324303
v -77.95886993 48.03242493 19.78188896
v -75.59196472 47.08475876 19.31520844
v -73.57698822 47.15595245 20.30694389
v -73.45986938 47.08475876 19.95538330
v -69.18589020 47.08475876 21.67945671
v -69.34410858 47.15595245 22.01453781
v -69.47980499 47.35938644 22.30190849
v -69.57364655 47.66609955 22.50065422
v -69.61228943 48.03242493 22.58247757
v -67.03514099 47.08475876 21.04214668
v -66.84116364 47.08475876 20.59296608
v -66.67644501 47.15595245 21.16320992
v -66.48323822 47.15595245 20.68887329
v -66.17626953 47.35938644 20.77112389
v -66.39937592 47.35938644 21.31885719
v -65.96396637 47.66609955 20.82801056
v -66.20774841 47.66609955 21.42650223
v -66.08895874 48.03242493 21.39711189
v -66.41471863 48.03242493 21.88369179
v -65.87656403 48.03242493 20.85142899
v -66.59203339 47.66609955 21.94606590
v -66.83831024 48.03242493 22.28797722
v -67.09292603 47.66609955 22.35439491
v -67.33955383 48.03242493 22.59069252
v -67.67927551 47.66609955 22.62609291
v -67.89454651 48.03242493 22.77741051
v -68.31461334 47.66609955 22.74426842
v -68.47682953 48.03242493 22.83922958
v -68.95944214 47.66609955 22.70157051
v -69.05865479 48.03242493 22.77320290
v -68.91768646 47.35938644 22.48578453
v -68.32755280 47.35938644 22.52486038
v -67.74609375 47.35938644 22.41670799
v -67.20948029 47.35938644 22.16805267
v -66.75106812 47.35938644 21.79435539
v -68.85731506 47.15595245 22.17377472
v -68.34625244 47.15595245 22.20761490
v -67.84271240 47.15595245 22.11395454
v -67.37799835 47.15595245 21.89861679
v -66.98101807 47.15595245 21.57499504
v -68.71779633 47.08475876 21.82185173
v -68.22852325 47.08475876 21.82361984
v -67.75940704 47.08475876 21.68461227
v -67.35009003 47.08475876 21.41657448
v -65.62332916 47.08475876 16.04794502
v -65.26540375 47.15595245 16.14385223
v -64.95843506 47.35938644 16.22610283
v -64.74613190 47.66609955 16.28298950
v -64.65872955 48.03242493 16.30640793
v -66.63409424 47.08475876 14.04538345
v -67.11067963 47.08475876 13.93465424
v -66.57896423 47.15595245 13.67084980
v -67.08016205 47.15595245 13.56535530
v -67.05398560 47.35938644 13.24863720
v -66.47524261 47.35938644 13.37045574
v -67.03588867 47.66609955 13.02959538
v -66.40351105 47.66609955 13.16270256
v -66.45362091 48.03242493 13.05105782
v -65.91673279 48.03242493 13.28478909
v -67.02843475 48.03242493 12.93941689
v -65.82372284 47.66609955 13.44813728
v -65.44336700 48.03242493 13.62946892
v -65.33258820 47.66609955 13.86815071
v -65.05608368 48.03242493 14.06866741
v -64.96064758 47.66609955 14.39662266
v -64.77335358 48.03242493 14.58144760
v -64.73103333 47.66609955 15.00068951
v -64.60865021 48.03242493 15.14336681
v -64.65801239 47.66609955 15.64278889
v -64.56982422 48.03242493 15.72763729
v -64.87778473 47.35938644 15.64019966
v -64.94461060 47.35938644 15.05255890
v -65.15475464 47.35938644 14.49972343
v -65.49514771 47.35938644 14.01607227
v -65.94463348 47.35938644 13.63168240
v -65.19555664 47.15595245 15.63645649
v -65.25343323 47.15595245 15.12755775
v -65.43541718 47.15595245 14.64879990
v -65.73020172 47.15595245 14.22995663
v -66.11945343 47.15595245 13.89707279
v -65.56672668 47.08475876 15.56195545
v -65.65226746 47.08475876 15.08021736
v -65.87273407 47.08475876 14.64342785
v -66.20948792 47.08475876 14.28848743
v -67.26875305 47.08475876 13.92159176
v -67.23823547 47.15595245 13.55229282
v -67.21205902 47.35938644 13.23557568
v -67.19396210 47.66609955 13.01653290
v -67.18650818 48.03242493 12.92635441
v -80.10327148 47.08475876 10.48259163
v -79.94505310 47.15595245 10.14751148
v -78.06275940 47.08475876 11.37252045
v -77.92484283 47.15595245 11.02858543
v -75.97271729 47.08475876 12.13894081
v -75.85559845 47.15595245 11.78738022
v -73.84062195 47.08475876 12.77911568
v -73.74471283 47.15595245 12.42118454
v -71.67408752 47.08475876 13.29075718
v -71.59973907 47.15595245 12.92773533
v -69.48085022 47.08475876 13.67203617
v -69.42832184 47.15595245 13.30522060
v -69.38327026 47.35938644 12.99063206
v -69.35211945 47.66609955 12.77306366
v -69.33929443 48.03242493 12.68349075
v -79.80935669 47.35938644 9.86013985
v -77.80655670 47.35938644 10.73361969
v -75.75514984 47.35938644 11.48587418
v -73.66246796 47.35938644 12.11421585
v -71.53597260 47.35938644 12.61640072
v -79.71550751 47.66609955 9.66139412
v -77.72475433 47.66609955 10.52962112
v -75.68568420 47.66609955 11.27735329
v -73.60557556 47.66609955 11.90191650
v -71.49187469 47.66609955 12.40108109
v -79.67687225 48.03242493 9.57957077
v -77.69107819 48.03242493 10.44563580
v -75.65708160 48.03242493 11.19150543
v -73.58216095 48.03242493 11.81451321
v -71.47371674 48.03242493 12.31243515
v -87.95104980 47.08475876 6.77696037
v -87.79283142 47.15595245 6.44188023
v -87.65713501 47.35938644 6.15450859
v -87.56329346 47.66609955 5.95576239
v -87.52465057 48.03242493 5.87393951
v -87.85752869 48.05999756 5.71516228
v -87.72930908 47.81692886 5.81939077
v -87.79656982 47.56148529 5.91526747
v -87.88895416 47.34715271 6.07108402
v -87.96918488 47.22704697 6.21804094
v -88.10735321 47.37773895 5.96341228
v -88.19587708 47.25863266 6.10504675
v -88.53354645 47.49309921 5.75047398
v -88.63838959 47.37825012 5.88171768
v -88.72653961 47.57139587 5.65272045
v -88.83883667 47.45955276 5.77925682
v -88.82092285 47.61617661 5.60458612
v -88.93687439 47.50607300 5.72881985
v -88.91372681 47.66465378 5.55702829
v -89.03328705 47.55644608 5.67899752
v -89.24314880 47.91447830 5.35697031
v -89.48362732 47.74615479 5.57657671
v -89.17530060 47.46700668 5.86561155
v -89.68692780 47.68052673 5.87449217
v -89.28886414 47.42453384 6.08634281
v -89.07575989 47.41518021 5.91758966
v -88.97454834 47.36735535 5.97021866
v -88.07772064 47.12991714 6.42836618
v -88.31132507 47.16173553 6.31034613
v -88.76768494 47.28390121 6.07715845
v -88.41127777 47.12354660 6.54254866
v -88.86042786 47.23783875 6.31068563
v -88.75276184 47.85579681 5.44138432
v -88.99780273 48.16287994 5.24518633
v -88.60475922 48.08252335 5.38945532
v -88.78057098 48.45796967 5.25624704
v -88.49470520 48.27589417 5.40178299
v -88.18402863 48.14194489 5.55624437
v -88.44478607 48.00391388 5.46973944
v -88.52544403 48.04163742 5.42936993
v -88.66617584 47.81077194 5.48529911
v -87.91579437 47.84190369 5.72962236
v -88.27986908 47.93811417 5.55163717
v -88.39804077 47.69653320 5.61991692
v -88.57811737 47.76919174 5.52973032
v -88.00036621 47.58967590 5.81615639
v -90.63570404 48.18648148 5.31436205
v -90.98092651 48.27253342 5.12285042
v -90.53214264 48.23191833 5.13707161
v -90.82519531 48.37672424 4.83587980
v -90.40266418 48.34359360 4.94083118
v -90.67926788 48.58364487 4.60491943
v -90.27660370 48.50836182 4.78406668
v -90.19122314 48.65803146 4.70117140
v -90.08670807 48.44005585 4.88153982
v -89.99263000 48.58784103 4.80104733
v -89.90094757 48.35990524 4.97792006
v -89.79826355 48.50532913 4.89973974
v -89.72238922 48.26962662 5.07158661
v -89.61131287 48.41225815 4.99559498
v -89.63499451 48.22040939 5.11782026
v -89.51976013 48.36146927 5.04288816
v -89.54893494 48.16852951 5.16360521
v -89.42958069 48.30790710 5.08970928
v -89.29124451 48.50550842 5.04600239
v -89.17510223 48.72132874 5.05468893
v -89.38705444 48.56114960 4.99723673
v -89.48427582 48.61385727 4.94797850
v -90.56026459 48.86903000 4.45710564
v -90.09909058 48.86787415 4.64126539
v -89.88873291 48.79557037 4.74532461
v -89.68266296 48.71029282 4.84813452
v -90.48217773 49.19935989 4.40979910
v -90.03284454 49.09504318 4.62801552
v -89.59478760 48.93483734 4.84414339
v -89.71351624 48.01828766 5.31428862
v -89.87003326 47.92133713 5.51086569
v -89.98487091 47.88874054 5.69270420
v -89.94834137 47.96881485 5.46547461
v -90.30239868 48.05804062 5.50516701
v -90.02787018 48.01383591 5.41972446
v -90.19034576 48.09637070 5.32729292
v -90.04676819 48.20138550 5.13128567
v -90.22272491 48.27813339 5.03651762
v -90.35935974 48.16958237 5.23253822
v -89.87769318 48.11499023 5.22352982
v -89.79496002 48.06790924 5.26911306
v -90.64489746 49.02331924 4.36612368
v -90.76886749 49.03750610 4.30836391
v -90.99850464 49.24678040 4.17220306
v -91.03594208 48.91758728 4.23693514
v -90.82353210 48.81281281 4.38014030
v -91.11474609 48.63187408 4.39854097
v -90.89729309 48.61568832 4.49916887
v -90.96887207 48.48412704 4.62716675
v -90.86469269 48.47045517 4.67821836
v -90.96774292 48.35219193 4.86392784
v -90.70693207 48.79856873 4.43500566
v -90.78781891 48.60162735 4.55167246
v -91.35686493 48.31245422 4.92976761
v -91.06636810 48.36506271 4.81407452
v -91.22594452 48.42219925 4.63860464
v -92.68476105 48.34032059 4.40116024
v -94.04959869 48.34985352 3.97767687
v -93.30654907 48.39922714 3.99663234
v -93.96762085 48.46113586 3.67174292
v -93.24333954 48.51067352 3.79468060
v -93.89979553 48.67096329 3.41862059
v -93.18940735 48.66851044 3.62372017
v -93.15460968 48.82628250 3.51466036
v -92.83727264 48.66539001 3.73640180
v -92.79989624 48.82320023 3.62809730
v -92.48859406 48.66107178 3.85536480
v -92.44866180 48.81893158 3.74783540
v -92.41419983 49.03825760 3.65828896
v -92.39756012 49.27394104 3.62009501
v -92.76783752 49.04242325 3.53779769
v -93.12496948 49.04542923 3.42363238
v -93.85376740 48.95569229 3.24683714
v -93.83472443 49.28323364 3.17575240
v -92.55004883 48.50323105 4.02412319
v -92.62166595 48.39190674 4.22361898
v -92.89498138 48.50755310 3.90627360
v -92.96240234 48.39615631 4.10701084
v -98.55696869 48.34985352 2.76993060
v -98.47499084 48.46113586 2.46399641
v -98.40716553 48.67096329 2.21087432
v -98.36113739 48.95569229 2.03909087
v -98.34209442 49.28323364 1.96800590
v -101.11741638 48.16513824 3.31599450
v -101.40702820 48.12062454 3.57851768
v -101.33552551 48.19527817 3.21770167
v -101.66337585 48.20811081 3.33922410
v -101.49989319 48.30657196 3.03976035
v -101.89064026 48.41369247 3.14759707
v -101.57571411 48.38457870 2.96237206
v -101.64539337 48.47595978 2.89470816
v -101.29841614 48.42109299 2.75672746
v -101.35996246 48.51232529 2.68378925
v -100.69294739 48.48873901 2.43056440
v -100.73677063 48.57970428 2.34945321
v -100.16071320 48.53557205 2.25452876
v -100.18899536 48.62636185 2.16920996
v -99.54533386 48.57501602 2.16154504
v -99.55567932 48.66565323 2.07429409
v -99.38970947 48.58247757 2.15555596
v -99.39553070 48.67308807 2.06827784
v -99.23399353 48.58892059 2.15644407
v -99.23527527 48.67950439 2.06931949
v -98.92347717 48.59863281 2.17879462
v -98.91571808 48.68918228 2.09251547
v -98.91101074 48.76337051 2.03609252
v -98.90729523 48.84269714 1.98696005
v -99.23854828 48.83322906 1.96279502
v -99.24130249 48.93610764 1.91272283
v -99.41037750 48.92996216 1.91156209
v -99.41610718 49.03808594 1.87349820
v -99.58750153 49.03115845 1.87994587
v -99.36562347 49.26581192 1.83482111
v -99.88100433 49.24505234 1.86966205
v -100.26467133 48.99457550 1.98150039
v -100.38636017 49.21718597 1.97231126
v -100.84938049 48.95116806 2.17411327
v -100.87328339 49.18330765 2.14058089
v -101.33409882 49.14483261 2.37038040
v -101.51321411 48.88850784 2.53076506
v -101.76116180 49.10318756 2.65756202
v -101.81664276 48.85470200 2.75540781
v -102.14682007 49.05979919 2.99797726
v -102.05912018 48.71051407 3.02866960
v -101.77973175 48.74144745 2.77989078
v -101.73481750 48.63418579 2.81504083
v -101.43945312 48.66973877 2.59716892
v -101.40169525 48.58805084 2.63698721
v -100.76679993 48.65483475 2.29694772
v -101.69244385 48.55200958 2.85152841
v -99.24456787 49.04406738 1.87460339
v -98.84953308 49.27876663 1.86768293
v -98.90238190 49.05308914 1.89941764
v -98.90409088 48.94537354 1.93728924
v -98.93275452 48.51945877 2.27562380
v -98.95516205 48.39949799 2.49436522
v -98.93621826 48.34527206 2.69569612
v -99.23453522 48.39021683 2.47520947
v -99.32225800 48.33198166 2.67323327
v -99.37461853 48.38406372 2.47503233
v -99.51458740 48.37693787 2.48113441
v -99.53492737 48.49596786 2.25955963
v -100.13072968 48.45674133 2.35064292
v -99.70803070 48.31068039 2.70266032
v -100.06768036 48.33929443 2.56847548
v -100.64587402 48.41016388 2.52230954
v -100.08653259 48.28209305 2.78399014
v -100.54530334 48.29462051 2.73103213
v -101.23168945 48.34288788 2.83979344
v -100.45143127 48.24733353 2.91547251
v -100.79696655 48.20786285 3.09389329
v -101.08761597 48.23010635 3.03000617
v -101.47975159 48.77621078 2.55837965
v -100.82405853 48.84062958 2.20703697
v -100.24705505 48.88525009 2.01754141
v -99.57931519 48.92284393 1.91783619
v -100.79427338 48.73561478 2.25179338
v -100.20864868 48.70108414 2.11369276
v -100.22689056 48.78124237 2.06564546
v -99.57064056 48.81967545 1.96777737
v -99.40465546 48.82694626 1.96163499
v -99.56325531 48.74003983 2.01731205
v -99.40003967 48.74740982 2.01124644
v -99.23670959 48.75377274 2.01236510
v -99.38423920 48.50338745 2.25355983
v -99.23344421 48.50979614 2.25424600
v -103.58007050 48.86920547 4.44536018
v -102.82121277 48.73868942 3.73154950
v -102.72727966 48.48994827 3.79181099
v -102.59188843 48.27893066 3.89808416
v -102.47121429 48.15840912 4.00170851
v -102.95349884 48.23122406 4.26617241
v -102.83302307 48.11066055 4.37143660
v -103.31716156 48.18854141 4.63596773
v -103.19688416 48.06795120 4.74287844
v -103.02935028 47.96694946 4.89869690
v -102.85215759 47.92509079 5.07021284
v -102.66558838 48.00916672 4.52548552
v -102.30387115 48.05644989 4.15398788
v -103.45112610 48.40073395 4.52494240
v -103.54264069 48.65151978 4.46002483
v -103.08818054 48.44284058 4.15753126
v -103.18091583 48.69261551 4.09495258
v -64.64595795 48.28475952 16.30983162
v -64.55661774 48.28475952 15.72820663
v -64.59563446 48.28475952 15.14105415
v -64.76114655 48.28475952 14.57636547
v -65.04527283 48.28475952 14.06105614
v -65.43445587 48.28475952 13.61969185
v -65.91015625 48.28475952 13.27331257
v -66.44969177 48.28475952 13.03842831
v -67.02734375 48.28475952 12.92623711
v -67.17678833 50.28475952 12.80871582
v -61.73051453 50.28475952 13.25876331
v -61.73914719 48.28475952 13.36322308
v -69.32255554 50.28475952 12.56664276
v -71.45003510 50.28475952 12.19679546
v -73.55160522 50.28475952 11.70049572
v -75.61977386 50.28475952 11.07951641
v -77.64714813 50.28475952 10.33607674
v -79.62647247 50.28475952 9.47283173
v -90.45788574 50.28475952 4.35836172
v -91.55371094 50.28475952 3.88044095
v -92.67613220 50.28475952 3.46884775
v -93.82113647 50.28475952 3.12505317
v -96.91369629 50.28475952 2.29640484
v -98.32850647 50.28475952 1.91730666
v -99.01515961 50.28475952 1.79623115
v -99.71240997 50.28475952 1.79623115
v -100.39906311 50.28475952 1.91730666
v -101.05426025 50.28475952 2.15577888
v -101.65808868 50.28475952 2.50440168
v -102.19221497 50.28475952 2.95258284
v -102.66006470 50.28475952 3.42043519
v -105.08024597 50.28475952 5.84061432
v -105.52842712 50.28475952 6.37473536
v -105.87704468 50.28475952 6.97856808
v -106.11551666 50.28475952 7.63376522
v -106.23659515 50.28475952 8.32041836
v -106.23659515 50.28475952 9.01766396
v -106.11551666 50.28475952 9.70431709
v -90.81839752 47.08475876 17.11498070
v -91.34226227 47.12489700 17.18093491
v -91.31933594 47.12130356 17.07230568
v -91.85484314 47.24303436 17.18581963
v -91.80986023 47.22894669 17.02799988
v -92.31649017 47.42250061 17.19021797
v -92.28020477 47.40476608 16.98297310
v -92.73615265 47.65670395 17.08258820
v -92.72059631 47.64589310 16.93813324
v -91.34597015 47.12572098 17.32289314
v -91.86338043 47.24621964 17.32873726
v -92.32894897 47.42918777 17.33399582
v -92.75167084 47.66778946 17.22702599
v -93.17300415 47.91186905 17.28842354
v -93.60855103 48.08432388 17.16559982
v -94.13150024 48.23163605 17.25873566
v -94.55639648 48.21541214 16.76647758
v -94.09275055 48.19873047 17.04115677
v -93.57532501 48.05480576 16.93450356
v -93.14553833 47.88772583 17.05413437
v -93.14608002 47.88097382 16.89473534
v -94.07248688 48.16863251 16.80810356
v -94.05223846 48.16553497 16.81301880
v -93.59953308 48.05615234 16.85112572
v -89.29522705 47.99483490 16.36463928
v -97.98856354 47.99483490 14.03526878
v -98.72733307 47.98685074 13.75742149
v -99.41857147 47.96396255 13.33080578
v -100.01017761 47.92921066 12.77468681
v -100.47016144 47.88956070 12.13435555
v -100.79651642 47.84995270 11.41662979
v -100.98398590 47.81531143 10.62676716
v -101.00896454 47.79258347 9.81510067
v -100.88061523 47.78475952 9.03645420
v -100.60243988 47.79291534 8.29796028
v -100.17496490 47.81597519 7.60753822
v -99.61769104 47.85091782 7.01724386
v -98.97619629 47.89078522 6.55886698
v -98.25768280 47.93064499 6.23432302
v -97.46728516 47.96556091 6.04851532
v -96.65534973 47.98854828 6.02467585
v -95.87663269 47.99656677 6.15343809
v -85.90792084 48.06887817 8.15728188
v -87.18329620 47.99656677 8.48280907
v -80.26197052 47.95103836 10.81868458
v -86.80430603 47.98809814 8.66963482
v -86.52586365 47.96496201 8.98671818
v -86.38978577 47.93299103 9.38575172
v -78.70442963 47.92689133 11.50953960
v -77.12715912 47.91134262 12.12678337
v -91.54070282 48.21795273 5.50330496
v -86.41641235 47.89930725 9.80629730
v -75.53585052 47.90288925 12.66931343
v -73.93637085 47.90033340 13.13641262
v -66.78851318 47.90033722 15.05167103
v -66.43323517 47.89449692 15.22679138
v -66.17208099 47.87871552 15.52419758
v -82.79798126 47.85071945 11.52326298
v -66.04448700 47.85739517 15.89869595
v -82.50738525 47.84951019 11.62561131
v -82.23381042 47.84582138 11.76766682
v -66.06973267 47.83577347 16.29344177
v -81.98252869 47.83987045 11.94706249
v -81.75820160 47.83228683 12.15967083
v -66.09116364 47.83162308 16.37396431
v -66.11259460 47.82765198 16.45449638
v -81.56467438 47.82369614 12.40108585
v -66.13404083 47.82385635 16.53503227
v -81.40544128 47.81472397 12.66682339
v -66.30896759 47.80846405 16.89094734
v -81.28393555 47.80598831 12.95236588
v -66.60703278 47.79841232 17.15279007
v -81.20240784 47.79808426 13.25250816
v -66.98275757 47.79323196 17.28051186
v -81.16200256 47.79158783 13.56139469
v -67.37878418 47.79170227 17.25460625
v -83.09990692 47.84959793 11.46151543
v -83.40745544 47.84629440 11.44121838
v -83.71492767 47.84096527 11.46321869
v -84.01663971 47.83379364 11.52819920
v -84.30707550 47.82529449 11.63482094
v -86.93038940 47.79763412 11.73822212
v -84.58084869 47.81622314 11.78038025
v -84.83260345 47.80733109 11.96213341
v -85.05757141 47.79927063 12.17671680
v -85.25183868 47.79257584 12.41989708
v -85.41157532 47.78776169 12.68738079
v -85.53343964 47.78524399 12.97453499
v -85.61566162 47.78508377 13.27572346
v -87.44845581 47.79721069 13.67172718
v -85.65673828 47.78729630 13.58512592
v -85.65541077 47.79183197 13.89692497
v -85.61204529 47.79829407 14.20533466
v -85.52764893 47.80614090 14.50458241
v -85.40332031 47.81481552 14.78892326
v -85.24141693 47.82371140 15.05315781
v -85.04539490 47.83214951 15.29255962
v -87.96928406 47.89803314 15.60186386
v -84.81875610 47.83945847 15.50242805
v -84.56552887 47.84508133 15.67869186
v -84.29071045 47.84868622 15.81842995
v -83.99939728 47.84995651 15.91883945
v -67.57825470 47.87756348 20.77219963
v -67.28049469 47.85638046 20.51166153
v -83.65576935 47.84832764 15.98220921
v -83.30623627 47.84375000 15.99114895
v -67.10498047 47.83492279 20.15715790
v -82.95927429 47.83667374 15.94548893
v -82.62322235 47.82767868 15.84586525
v -82.30599976 47.81769180 15.69523525
v -67.03987885 47.82311249 19.91578102
v -67.06157684 47.82687378 19.99624825
v -67.08327484 47.83081055 20.07670784
v -67.01342010 47.80788803 19.52007294
v -82.01545715 47.80771637 15.49697304
v -81.75875092 47.79867554 15.25542355
v -81.54156494 47.79136276 14.97695446
v -67.40216827 47.79288483 18.84580040
v -67.14064026 47.79797363 19.14427376
v -67.75809479 47.79139328 18.67022133
v -67.95314026 47.89325333 20.89918900
v -68.34838867 47.89905930 20.87320900
v -75.49624634 47.89905930 18.95794868
v -77.11499023 47.90159607 18.56272888
v -78.76437378 47.90999985 18.23692131
v -80.43894196 47.92546844 17.98283958
v -88.15650940 47.93154144 15.97940254
v -82.13323212 47.94950485 17.80237198
v -88.47388458 47.96336746 16.25695419
v -88.87358093 47.98640060 16.39234161
v -61.91762161 49.28475952 22.37371063
v -61.65880203 49.28475952 22.37371063
v -61.91759491 49.29865265 22.37361717
v -61.91752243 49.31254196 22.37333870
v -61.65859222 49.32363510 22.37292862
v -61.91739655 49.32642746 22.37287140
v -61.43465805 49.28475952 22.24430084
v -61.43449020 49.31600952 22.24367142
v -61.30523682 49.29170609 22.02011108
v -61.30519867 49.29865265 22.01997185
v -61.30524826 49.28475952 22.02015686
v -61.30513763 49.30559540 22.01973724
v -61.77409363 49.12094116 22.37449837
v -61.92192841 49.08966827 22.35266495
v -61.78982925 48.96014786 22.32942772
v -61.93468475 48.90207672 22.29033279
v -61.81422806 48.81193542 22.25863457
v -61.83984375 48.70211792 22.18339157
v -61.66030121 48.67647171 22.11229897
v -61.74203873 48.53122330 21.97072411
v -61.67680740 48.53612518 21.92888451
v -61.78332901 48.42467880 21.77950859
v -61.72481155 48.43715286 21.73897743
v -61.81491470 48.37531281 21.63931084
v -61.82164383 48.36088181 21.56224251
v -61.97512436 48.30748749 21.46234894
v -62.14176559 48.28475952 21.27837563
v -61.98327255 48.57765198 22.05289459
v -61.88903809 48.55262756 22.03746605
v -61.83438492 48.42141724 21.81077385
v -61.86189651 48.36711502 21.66954803
v -61.94593811 48.43575287 21.86739731
v -62.05598831 48.36088181 21.69754219
v -61.98843765 48.37438965 21.73984337
v -62.06366730 48.30722046 21.51351547
v -62.02022171 48.30448151 21.48889732
v -61.55025864 48.57765198 21.80289459
v -61.60505295 48.55470657 21.87176132
v -61.58337784 48.68237686 22.06035805
v -61.61697388 48.78681183 22.18733788
v -61.50279236 48.70459366 21.98566246
v -61.36892319 48.90207672 21.96369362
v -61.45032120 48.81435394 22.04444885
v -61.40122986 48.96208191 22.09987259
v -61.48731613 48.94469452 22.19650650
v -61.45689011 49.11235046 22.23999023
v -61.54775620 49.10975647 22.30723000
v -61.32132339 49.08966827 22.00590515
v -61.37015152 49.12201309 22.13523865
v -61.99967575 48.30509949 21.47693062
v -61.57511520 48.94004440 22.25984001
v -61.53429794 48.79261017 22.12973404
v -61.90205765 48.36497879 21.69355774
v -60.11548996 49.28475952 17.57991791
v -60.11548996 49.28475952 17.32110023
v -60.11550140 49.29170609 17.57996559
v -60.11565781 49.31600952 17.32172966
v -60.11553955 49.29865265 17.58010483
v -60.11560440 49.30559540 17.58033752
v -60.24510956 49.32363510 17.09773827
v -60.24489975 49.28475952 17.09695625
v -60.46914291 49.31254196 16.96791840
v -60.46907043 49.29865265 16.96763992
v -60.46904373 49.28475952 16.96754646
v -60.46926880 49.32642746 16.96838570
v -60.12643814 49.07155228 17.42961121
v -60.17699814 48.95437241 17.59250450
v -60.17509079 48.92737198 17.44692612
v -60.24473572 48.79367828 17.47155380
v -60.27166748 48.77819824 17.37663651
v -60.36074448 48.65694046 17.41764641
v -60.40076065 48.65145493 17.33637238
v -60.49906158 48.54787827 17.39312553
v -60.54304886 48.55314636 17.32510567
v -60.70061493 48.42782211 17.43778229
v -60.74240875 48.44194412 17.37924385
v -60.96850967 48.32398987 17.58416748
v -60.88905334 48.38374329 17.44119835
v -61.04580688 48.30981827 17.61796761
v -61.21082687 48.28475952 17.80406189
v -60.35461426 48.66109085 17.62885094
v -60.33203888 48.67309189 17.50220299
v -60.46257019 48.55301285 17.46429634
v -60.66793060 48.42397308 17.49062157
v -60.94873428 48.31919098 17.61580658
v -60.43371964 48.56814957 17.53759575
v -60.52804184 48.50282288 17.66434097
v -60.61341476 48.43880844 17.59958839
v -60.73569107 48.38374329 17.70683289
v -60.90214920 48.32292557 17.69852257
v -60.96715164 48.30981827 17.75419807
v -60.74843216 48.50282288 17.28261566
v -60.60206985 48.57242584 17.25256157
v -60.45184708 48.65708160 17.26016045
v -60.31416702 48.77292633 17.28637695
v -60.19945908 48.91429901 17.34326172
v -60.63098145 48.66109085 17.15016747
v -60.52286148 48.67764664 17.18144798
v -60.37189865 48.77833557 17.20345306
v -60.24357224 48.90983200 17.24561691
v -60.14831924 49.06267166 17.31954193
v -60.45500565 48.79803848 17.12084198
v -60.51069641 48.95437241 17.01452065
v -60.40098190 48.93104553 17.07281494
v -60.36330414 49.07404327 17.03945351
v -60.26094818 49.06274796 17.12510300
v -60.19332504 49.05962372 17.21660995
v -60.91693878 48.31915665 17.67085648
v -60.93243790 48.31788254 17.64333534
v -60.30698776 48.91441345 17.15756226
v -60.63886261 48.42772675 17.54464340
v -61.48370743 49.32642746 16.69656754
v -61.52021408 48.93113708 16.75277710
v -61.59266663 48.59254074 16.95460320
v -61.68944168 48.36491776 17.26968956
v -61.79503250 48.28475952 17.64752388
v -62.72597122 48.28475952 21.12183762
v -62.82344437 48.36491776 21.50184631
v -62.89717865 48.59254074 21.82310867
v -62.93534851 48.93113708 22.03412056
v -62.93183517 49.32642746 22.10105324
v -61.47567749 49.65346146 16.73282814
v -60.47779465 49.65346146 17.00020981
v -61.47782135 49.97437668 16.80580330
v -60.49618149 49.97437668 17.06883240
v -61.49010468 50.28475952 16.91448975
v -60.52417755 50.28475952 17.17330933
v -60.94818878 48.28475952 14.48705769
v -61.43767929 48.28475952 13.44260120
v -61.18171310 48.28475952 13.62054729
v -65.86379242 48.28475952 20.85485268
v -64.81972504 48.28475952 24.86009407
v -63.57281494 48.28475952 24.28230476
v -64.51895905 48.28475952 24.94208527
v -64.20830536 48.28475952 24.91596222
v -63.92545700 48.28475952 24.78489494
v -63.70470047 48.28475952 24.56477737
v -69.61793518 48.28475952 22.59443665
v -69.06157684 48.28475952 22.78610229
v -68.47688293 48.28475952 22.85245514
v -67.89172363 48.28475952 22.79033089
v -67.33399200 48.28475952 22.60269165
v -66.83028412 48.28475952 22.29848289
v -66.40459442 48.28475952 21.89220428
v -66.07723236 48.28475952 21.40322495
v -61.00228882 48.28475952 13.87548161
v -60.92116547 48.28475952 14.17648602
v -103.89504242 54.56156158 13.84965134
v -104.01300049 54.60475922 13.48488331
v -104.13463593 54.53044891 13.82870960
v -104.35848236 54.51552582 13.56558704
v -104.36843109 54.41677475 13.90190029
v -104.65326691 54.30551529 13.61882591
v -104.56829071 54.24370956 13.95546341
v -104.63059235 54.16622543 13.96937561
v -104.42799377 54.20833206 14.27595329
v -104.48751068 54.13116837 14.29565907
v -104.05982208 54.14284134 14.86794567
v -104.11206818 54.06627274 14.89844513
v -103.68019867 54.09750366 15.29160595
v -103.72496796 54.02133942 15.32991123
v -103.18595886 54.05937195 15.68427563
v -103.22100830 53.98355103 15.72989178
v -103.05214691 54.05216217 15.76824284
v -103.08457947 53.97640228 15.81543636
v -102.91479492 54.04593658 15.84624863
v -102.94452667 53.97023010 15.89491177
v -102.63052368 54.03654861 15.98381233
v -102.65467834 53.96092606 16.03508568
v -102.13761139 54.05547714 16.13306808
v -102.67594147 53.88008881 16.07933044
v -102.18353271 53.76486969 16.30445480
v -102.69782257 53.77530289 16.12352371
v -102.71493530 53.66547775 16.15637016
v -103.01946259 53.67420959 16.00894737
v -102.68428040 53.43589401 16.20730782
v -103.14119720 53.44841385 15.98113728
v -103.16655731 53.68000031 15.92537975
v -103.30981445 53.68670654 15.83544827
v -103.14302063 53.79023361 15.89604282
v -103.28427124 53.79713058 15.80746937
v -103.11327362 53.89535522 15.85593891
v -103.25205231 53.90240860 15.76894665
v -104.85789490 54.00283813 13.63747787
v -104.68525696 54.08255005 13.97973347
v -104.53987122 54.04798889 14.31118584
v -104.15823364 53.98399353 14.92370033
v -103.76462555 53.93968201 15.36227036
v -104.94498444 53.64800262 13.61904430
v -104.78449249 53.85786438 13.98992062
v -104.74120331 53.97319794 13.98752689
v -104.78283691 53.60589600 14.09946918
v -104.63558960 53.82503510 14.33115005
v -104.59367371 53.93941879 14.32439804
v -104.20599365 53.87688065 14.94726372
v -104.55918884 53.56552124 14.55482483
v -104.24364471 53.76424789 14.96254826
v -103.80579376 53.83356857 15.39350033
v -104.27853394 53.52824783 14.97781849
v -103.94536591 53.49544907 15.36116028
v -103.83843994 53.72214127 15.41524792
v -103.56422424 53.46849060 15.69759750
v -102.55309296 54.20994568 15.81518555
v -102.06911469 54.26970673 15.87743282
v -102.46200562 54.33229065 15.61182022
v -101.98598480 54.38272095 15.56718731
v -102.34450531 54.38714981 15.44433975
v -102.70915985 54.34127808 15.49100780
v -102.68347931 54.39999771 15.27430820
v -102.82846832 54.34724045 15.42242718
v -102.94461060 54.35414124 15.34856987
v -103.07451630 54.23273087 15.53280163
v -103.53800964 54.27079391 15.16236877
v -102.99687958 54.42059326 15.06041622
v -103.37265778 54.39062119 15.00300980
v -103.89351654 54.31605530 14.76264191
v -103.27877045 54.44825363 14.80605793
v -103.69994354 54.43398285 14.63025284
v -104.23762512 54.38144302 14.20416832
v -103.52463531 54.48190308 14.51579094
v -103.73116302 54.52014160 14.19513798
v -104.01537323 54.49661255 14.10997772
v -102.94894409 54.22553253 15.61198902
v -102.82000732 54.21931458 15.68553829
v -102.99799347 53.78428268 15.97834396
v -102.97080231 53.88926697 15.93676376
v -104.52210236 54.79808807 11.47093010
v -105.03636169 54.90762329 9.44836140
v -104.76422882 54.75538635 11.53196049
v -105.39347839 54.82973862 9.54103279
v -104.98955536 54.65208817 11.58400440
v -105.69845581 54.62083817 9.61544132
v -105.14793396 54.52908707 11.61681557
v -105.31947327 54.31245422 11.64611626
v -105.01726532 54.48695374 12.11835098
v -105.18823242 54.27090073 12.14521980
v -104.88726807 54.43975449 12.61799145
v -105.05767059 54.22430420 12.64244461
v -105.16726685 53.97091675 12.64718628
v -105.46594238 53.83644104 11.64937019
v -105.29792786 54.01646805 12.15258980
v -105.42926788 54.05700302 11.65613747
v -105.90792847 54.31062698 9.66100788
v -105.99211884 53.94321060 9.67125225
v -104.73020172 54.56268692 12.58821201
v -104.50683594 54.66696167 12.53911018
v -104.63520050 54.71372604 12.03648090
v -104.85954285 54.60993195 12.08705711
v -104.55525208 54.91972733 6.93702173
v -104.27354431 54.90698242 6.60142040
v -104.63772583 54.88564682 6.67160034
v -104.53646088 54.82904053 6.34267855
v -104.84239960 54.77886200 6.50751925
v -104.76338196 54.62012863 6.12586069
v -105.01775360 54.60469818 6.36994171
v -105.07155609 54.52606201 6.32865858
v -105.22748566 54.61350632 6.65345144
v -105.28511047 54.53475189 6.61701536
v -105.56163788 54.62517166 7.27520657
v -105.62528229 54.54626846 7.24943352
v -105.74375153 54.62791443 7.82719755
v -105.81058502 54.54897308 7.81092834
v -105.83908844 54.62280273 8.46218491
v -105.90745544 54.54393005 8.45689487
v -105.84518433 54.62025070 8.62277412
v -105.91359711 54.54140854 8.62026978
v -105.84423065 54.61723709 8.78343582
v -105.91255951 54.53843689 8.78372288
v -105.82127380 54.60996628 9.10364151
v -105.88904572 54.53126144 9.10950470
v -105.94806671 54.44558716 9.11417103
v -106.00847626 54.33126450 9.11826801
v -106.05397797 54.21001434 9.12046432
v -106.07858276 54.21649933 8.78180122
v -106.09030151 53.95419312 9.17448139
v -106.12310791 53.96262741 8.66897106
v -106.07972717 54.21918106 8.61194038
v -106.07339478 54.22145844 8.44218826
v -106.03400421 54.34085464 8.61479282
v -106.02774048 54.34323502 8.44669819
v -105.97314453 54.45552444 8.61779022
v -105.96694946 54.45799255 8.45204163
v -104.92205811 54.30994797 5.98178625
v -105.11867523 54.44049072 6.29311228
v -105.33548737 54.44900131 6.58563375
v -105.68075562 54.46028137 7.22715569
v -105.86875916 54.46293259 7.79673529
v -104.98992157 53.94258499 5.93093586
v -105.20449829 54.20529175 6.23127031
v -105.16731262 54.32633591 6.25736570
v -105.32286835 53.95361710 6.31219101
v -105.42675018 54.21315384 6.53099966
v -105.38732910 54.33455276 6.55406237
v -105.73758698 54.34543991 7.20462275
v -105.60327911 53.96203995 6.73379374
v -105.78044128 54.22356415 7.18800592
v -105.92822266 54.34799957 7.78218079
v -105.82722473 53.96748352 7.18803692
v -105.99076843 53.96956635 7.66721344
v -105.97290039 54.22600937 7.77118826
v -106.09004974 53.96793365 8.16360188
v -105.59873962 54.78409958 9.08223438
v -105.33716583 54.89053726 9.05460262
v -105.12744904 54.92533493 8.79741478
v -105.07503510 54.93419647 8.14023685
v -105.35016632 54.90241241 8.49598694
v -105.35597229 54.90005112 8.63582325
v -105.35573578 54.89726639 8.77572727
v -105.62036133 54.79433060 8.62953281
v -105.61972046 54.79133606 8.78078270
v -105.26611328 54.90713501 7.94298553
v -104.96038818 54.93394852 7.71518755
v -105.10796356 54.90459824 7.46195126
v -104.78565979 54.92892456 7.31119680
v -104.81893921 54.89379883 6.91941071
v -105.03919220 54.78762054 6.77480698
v -105.35291290 54.79922867 7.36064053
v -105.52418518 54.80195618 7.88049364
v -105.61440277 54.79687119 8.47834873
v -106.03285980 54.33804703 8.78298283
v -105.97204590 54.45261765 8.78362274
v -102.81690216 54.79664612 5.10692215
v -101.36907196 54.60251617 3.61733031
v -102.99605560 54.75390244 4.93305302
v -101.62789917 54.51323318 3.37477875
v -103.16516876 54.65058899 4.77538490
v -101.85657501 54.30322266 3.18139315
v -103.28593445 54.52758789 4.66784000
v -103.41986847 54.31097794 4.55678844
v -103.78015900 54.34723282 4.92022133
v -103.86904144 54.09083557 4.85439634
v -104.14469910 54.37871170 5.28768301
v -104.23232269 54.12134552 5.21948338
v -103.54518127 53.83503723 4.48088884
v -103.50998688 54.05556488 4.49330044
v -102.02450562 54.00058746 3.06304765
v -102.10921478 53.64581299 3.03557634
v -104.01221466 54.59640121 5.40352058
v -103.64694977 54.56439209 5.03364801
v -103.89182281 54.71939850 5.51434135
v -103.72245026 54.82165146 5.67549849
v -103.35713196 54.79019928 5.30222845
v -103.52636719 54.68740463 5.14282179
v -98.99800110 54.38565826 2.74875283
v -98.57238770 54.37979507 2.82746983
v -98.81459045 54.32619476 2.57164264
v -98.48929596 54.26669312 2.51736569
v -98.78022766 54.20368195 2.35196304
v -98.42082977 54.05245972 2.26187015
v -98.75276947 54.03028488 2.16891527
v -98.74475861 53.95471191 2.11297417
v -99.09560394 54.03840256 2.12929273
v -99.09426880 53.96276093 2.07251167
v -99.78520203 54.06915665 2.14884090
v -99.79725647 53.99324799 2.09217858
v -100.34972382 54.10788345 2.26523352
v -100.37266541 54.03163147 2.21048856
v -100.93547821 54.16133118 2.49423790
v -100.96963501 54.08459854 2.44343376
v -101.07518768 54.17614746 2.56746578
v -101.11199188 54.09928131 2.51793480
v -101.21168518 54.19141006 2.64678001
v -101.25108337 54.11440277 2.59863114
v -101.47404480 54.22301102 2.82304955
v -101.51839447 54.14571381 2.77797985
v -101.55829620 54.06232452 2.73996115
v -101.60062408 53.95339203 2.70337033
v -101.63530731 53.83856583 2.67806697
v -101.35617828 53.80924225 2.49006581
v -101.72876740 53.60349655 2.70014167
v -101.30770874 53.56288528 2.41688609
v -101.21081543 53.79507446 2.40540576
v -101.06194305 53.78132629 2.32720351
v -101.18107605 53.90864944 2.43465710
v -101.03401947 53.89450073 2.35763550
v -101.14533997 54.01653671 2.47579312
v -101.00065613 54.00206375 2.40010238
v -98.37493896 53.76191711 2.09058475
v -98.73806763 53.87395096 2.06449437
v -99.09361267 53.88189316 2.02331352
v -99.80864716 53.91196823 2.04322696
v -100.39378357 53.94982529 2.16342258
v -98.35692596 53.42872238 2.02335525
v -98.72747803 53.65953827 1.97910058
v -98.73172760 53.76925659 2.01574731
v -98.85703278 53.43313599 1.92483830
v -99.09480286 53.66709518 1.93671215
v -99.09371948 53.77702332 1.97386158
v -99.82155609 53.80643463 1.99425423
v -99.36557007 53.44582748 1.89300609
v -99.83316803 53.69570160 1.95778120
v -100.41691589 53.84344482 2.11669946
v -99.87368011 53.46599197 1.92718101
v -100.37250519 53.49282074 2.02668571
v -100.43680573 53.73169327 2.08239532
v -100.85321808 53.52549362 2.19078660
v -101.33638763 54.39609909 2.97512460
v -101.18078613 54.51057053 3.16192055
v -100.86281586 54.52915192 3.20022321
v -100.27950287 54.46408081 2.90715289
v -100.71401978 54.45157242 2.86943841
v -100.83520508 54.46574402 2.93473387
v -100.95353699 54.48034286 3.00534344
v -100.96200562 54.34929657 2.73297262
v -101.09014130 54.36453629 2.80815578
v -100.20519257 54.40044403 2.66430116
v -99.86144257 54.42899323 2.78946161
v -99.71395111 54.36339569 2.55863738
v -99.43097687 54.40245438 2.73637247
v -99.11328125 54.33396530 2.53808761
v -99.10237885 54.21178436 2.31511068
v -99.75036621 54.24248123 2.33488202
v -100.28073120 54.28113556 2.44598556
v -100.83084106 54.33449936 2.66352224
v -101.32470703 53.92322159 2.51806450
v -101.28668976 54.03145218 2.55777383
v -94.06501770 54.37979507 4.03521633
v -93.98192596 54.26669312 3.72511220
v -93.91345978 54.05245972 3.46961641
v -93.86756897 53.76191711 3.29833126
v -93.84955597 53.42872238 3.23110175
v -92.45108032 54.39306641 4.54884243
v -90.89108276 54.43143845 5.20934963
v -91.59190369 54.35753250 4.68333578
v -90.74931335 54.32052612 4.91738033
v -91.50620270 54.24435425 4.48535728
v -90.62906647 54.10651016 4.67782927
v -91.43250275 54.08311081 4.31877184
v -91.38465881 53.92194366 4.21385193
v -91.84010315 54.07381439 4.15302658
v -91.79527283 53.91276169 4.04709959
v -92.25135040 54.06614304 3.99659896
v -92.20956421 53.90518188 3.88969564
v -92.66232300 54.06017685 3.85083652
v -92.62356567 53.89928436 3.74299717
v -92.86901855 54.05781555 3.78144026
v -92.83177185 53.89695358 3.67314434
v -93.07647705 54.05587387 3.71438026
v -93.04075623 53.89503479 3.60563588
v -93.01062775 53.67150879 3.51613736
v -92.14968872 53.44165802 3.76986265
v -92.80023193 53.67337799 3.58407569
v -92.59061432 53.67565155 3.65436721
v -90.54447937 53.81457520 4.51887894
v -91.34331512 53.69773865 4.12806416
v -91.75671387 53.68878555 3.96032596
v -92.17380524 53.68140030 3.80197167
v -90.50551605 53.47905731 4.45922947
v -93.13226318 54.21710968 3.88648438
v -93.19782257 54.33075333 4.09064150
v -92.79319000 54.33498383 4.22431755
v -92.39170074 54.34085083 4.36721325
v -91.98999023 54.34839249 4.52065992
v -91.90932465 54.23505402 4.32105970
v -92.31608582 54.22738266 4.16603851
v -92.72259521 54.22141266 4.02162886
v -92.92704773 54.21905136 3.95289373
v -92.99512482 54.33266068 4.15632200
v -86.21107483 54.46307755 7.08244419
v -87.40717316 54.48469543 6.65132093
v -86.35552216 54.56912613 7.38159609
v -87.97706604 54.46749115 6.37902021
v -88.54665375 54.44994736 6.10685539
v -87.87635040 54.34692001 6.17360067
v -88.44618225 54.32912827 5.90213728
v -87.79053497 54.17298508 6.00292635
v -88.36057281 54.15523529 5.73212719
v -87.74037933 54.01556015 5.90659571
v -88.31052399 53.99800491 5.63620424
v -87.69714355 53.79776001 5.82856607
v -88.26733398 53.78060150 5.55853415
v -85.96391296 53.61326981 6.60890722
v -87.30620575 54.36437225 6.44519997
v -86.08846283 54.24944687 6.83560276
v -87.22018433 54.19040298 6.27386141
v -87.16992950 54.03277969 6.17712212
v -86.00259399 53.95420837 6.67108870
v -87.12664032 53.81458664 6.09873199
v -84.73958588 54.82307434 10.30000877
v -84.82957458 54.85854340 10.80489635
v -84.52730560 54.80281067 10.46072960
v -84.46909332 54.78591156 10.90700245
v -84.39424896 54.75878906 10.48185539
v -84.26859283 54.69672394 10.50329018
v -84.36741638 54.72640991 10.05283642
v -84.24161530 54.66381073 10.05835438
v -84.39502716 54.69135666 9.62479210
v -84.27129364 54.62815094 9.61456299
v -84.47640991 54.65462494 9.20220757
v -84.35686493 54.59077072 9.17657089
v -84.71130371 54.59664536 8.56846333
v -84.60235596 54.53173828 8.52002525
v -84.90232849 54.56514359 8.23405170
v -84.80146790 54.49966812 8.17376995
v -85.13194275 54.53600693 7.92581272
v -85.04049683 54.47001266 7.85474205
v -85.25997162 54.52262497 7.78263569
v -85.17368317 54.45639038 7.70658684
v -85.39614105 54.51018524 7.64734364
v -85.31526947 54.44373322 7.56660604
v -85.69083405 54.48862457 7.40219069
v -85.62152100 54.42179108 7.31297159
v -85.49936676 54.24790955 7.16027212
v -85.46112061 54.17125702 7.11427259
v -85.12799072 54.19303131 7.38823938
v -85.08857727 54.11038971 7.35335779
v -84.93186951 54.12276840 7.50700760
v -84.88845825 54.01465988 7.47559166
v -84.73851776 54.02765274 7.64096546
v -84.70261383 53.91348648 7.62128115
v -84.43017578 53.94091797 7.98199415
v -84.43628693 53.69541931 7.90494108
v -84.20328522 53.97058105 8.37296677
v -84.10396576 53.73587799 8.48935604
v -83.92355347 54.02519989 9.11304569
v -83.87894440 53.77857590 9.12308502
v -83.82590485 54.05982590 9.60602188
v -83.76454926 53.82104111 9.78648949
v -83.79171753 54.09290695 10.10498714
v -83.76394653 53.86079788 10.45985985
v -83.82176971 54.12350845 10.60470486
v -83.88029480 53.89537048 11.12348652
v -83.95717621 54.26650238 11.07880878
v -83.86541748 54.24416351 10.59018517
v -83.92393494 54.35796356 10.57414627
v -83.89548492 54.32573318 10.08642673
v -83.95423126 54.41161346 10.07946777
v -83.98788452 54.37619019 9.60007954
v -84.05474091 54.45481873 9.60191059
v -84.14721680 54.41732788 9.13706112
v -84.16345978 54.57849503 11.00296497
v -84.04943848 54.52354813 10.54533672
v -84.02185059 54.49056625 10.07298565
v -83.98220062 54.44429779 10.56009960
v -84.86721802 53.65974808 7.38712454
v -84.85443115 53.90088654 7.45360518
v -85.04782867 54.00258636 7.31928444
v -85.42736053 54.08893967 7.07486105
v -85.01584625 53.88917923 7.29508257
v -85.38160706 53.63148499 6.95035362
v -85.36502075 53.86888885 7.00759602
v -85.39244843 53.98165894 7.03590202
v -85.76407623 54.54049301 7.49796772
v -85.92405701 54.58781815 7.63865232
v -85.48154449 54.56142426 7.73426962
v -85.54368591 54.61680984 7.96857357
v -85.35108948 54.57349396 7.86466074
v -85.22849274 54.58648300 8.00262928
v -85.22588348 54.65340805 8.36050606
v -85.00881958 54.61475754 8.29955387
v -84.82637024 54.64532471 8.62150478
v -84.98184967 54.69491577 8.80346775
v -84.60279083 54.70158768 9.23115349
v -84.81792450 54.73872375 9.28432465
v -84.52590942 54.73724747 9.63739491
v -84.73643494 54.78228760 9.78816128
v -84.50056458 54.77130890 10.04868889
v -83.83623505 54.21267319 10.09548473
v -83.87062073 54.17858887 9.60178089
v -83.96772003 54.14288712 9.11425781
v -84.24488831 54.08654785 8.38290977
v -84.46930695 54.05594635 7.99688148
v -83.92963409 54.29082489 9.59986973
v -84.08226776 54.33905411 9.12697315
v -84.41072845 54.35812759 8.44042492
v -84.02550507 54.25423431 9.11958790
v -84.29863739 54.19646835 8.39949703
v -84.51954651 54.16509628 8.01964855
v -84.78440094 54.13608932 7.66960144
v -84.35105133 54.28041840 8.41785049
v -84.62383270 54.32596970 8.07313633
v -84.56836700 54.24856567 8.04391384
v -84.82886505 54.21912003 7.69940472
v -84.97388458 54.20559692 7.53941345
v -84.87928772 54.29623795 7.73480034
v -85.02151489 54.28258133 7.57769203
v -85.17265320 54.26989746 7.42925310
v -86.09570312 54.85961151 15.53003025
v -85.73248291 54.78697586 15.62187862
v -85.67598724 54.92652512 13.95482540
v -85.21640015 54.90035248 13.23700905
v -85.25370789 54.92617035 12.37888718
v -85.05783844 54.89553833 12.64587402
v -84.89899445 54.88124847 12.05496502
v -84.82549286 54.79623413 12.70987225
v -84.66707611 54.78198624 12.12057400
v -84.66342163 54.67399979 12.75537014
v -84.50552368 54.65979767 12.16798782
v -84.48843384 54.45365143 12.80592632
v -84.33144379 54.43952942 12.22193623
v -84.37904358 54.19121933 12.83954525
v -84.22312164 54.17719650 12.25954056
v -84.29376221 53.96128845 12.65767670
v -84.98362732 54.80103683 13.29939651
v -85.41983795 54.57955170 15.69168282
v -84.82104492 54.67878342 13.34297752
v -84.64514160 54.45840836 13.39013958
v -85.20330048 54.26755142 15.72927570
v -84.53468323 54.19594955 13.41977310
v -85.11442566 53.89640808 15.72918224
v -84.70536804 53.96163559 14.19377899
v -88.62726593 54.59012222 17.72389030
v -89.12882996 54.57148743 17.73164368
v -88.74160767 54.53430176 17.94141006
v -89.15332794 54.46553421 18.06308174
v -88.73356628 54.48220062 18.06122017
v -88.72530365 54.41522217 18.17340469
v -88.31684113 54.50336456 18.01079369
v -88.29285431 54.43675995 18.12194252
v -87.90915680 54.53010178 17.90696526
v -87.86968231 54.46397781 18.01526833
v -87.51704407 54.56116486 17.75194740
v -87.46255493 54.49559784 17.85559845
v -87.21735382 54.58843994 17.59160042
v -87.15128326 54.52336502 17.69020081
v -86.93535614 54.61705399 17.40071487
v -86.85829163 54.55249405 17.49309921
v -86.64221191 54.65018463 17.14972115
v -86.55357361 54.58621979 17.23368835
v -86.38006592 54.68326950 16.86427879
v -86.28092194 54.61989594 16.93841934
v -86.26160431 54.69951630 16.71006966
v -86.15766907 54.63642883 16.77881622
v -86.15206146 54.71541595 16.54898643
v -86.04367828 54.65260315 16.61204529
v -85.96130371 54.74571991 16.20854187
v -85.84510040 54.68342209 16.25941467
v -85.63986969 54.51019669 16.34403419
v -85.51972198 54.34499741 16.38834763
v -85.73845673 54.31483078 16.77431870
v -85.64125824 54.08260727 16.81421661
v -85.76975250 54.06761551 17.00152779
v -85.68040466 53.82263947 16.94783401
v -85.90882874 54.05229950 17.18081665
v -86.11092377 53.78042984 17.46538544
v -86.21692657 54.02112198 17.51258087
v -86.56188965 53.98991013 17.80414772
v -86.30059052 54.24986649 17.45420647
v -86.63667297 54.21686935 17.73761749
v -86.39530182 54.41275406 17.37621498
v -86.72008514 54.37893295 17.65060425
v -89.17059326 54.25191116 18.33830070
v -88.70866394 54.24130249 18.36731911
v -88.24818420 54.26288986 18.31374359
v -87.79753113 54.29017639 18.20169258
v -87.36388397 54.32188034 18.03344727
v -87.03227997 54.34972382 17.85887337
v -88.69674683 54.08258438 18.47776222
v -89.17852020 53.95661163 18.52381134
v -88.68337250 53.86291885 18.56793404
v -89.17613983 53.61557007 18.59704208
v -88.50196075 53.63373184 18.59133911
v -88.19113922 53.88283539 18.51068306
v -87.83943939 53.66191483 18.46837425
v -87.70988464 53.90801239 18.39105797
v -87.20750427 53.69750214 18.23508072
v -87.24732971 53.93726349 18.21165657
v -86.89405060 53.96295547 18.02572441
v -86.95986938 54.18836594 17.95275688
v -86.62506104 53.73787689 17.89839172
v -85.34461975 53.86209869 16.36317635
v -85.41780853 54.11121750 16.41824722
v -86.08350372 54.79012299 16.15327263
v -86.26957703 54.82440948 16.01309586
v -86.26587677 54.76065826 16.48076057
v -86.52171326 54.78392792 16.45929527
v -86.37065125 54.74521637 16.63580704
v -86.48399353 54.72943878 16.78429794
v -86.84401703 54.74062347 16.85504913
v -86.73495483 54.69732285 17.05935287
v -87.22820282 54.69696808 17.18702698
v -87.01582336 54.66516876 17.30147934
v -87.28618622 54.63740158 17.48584747
v -87.66284180 54.65554428 17.44615936
v -87.57366180 54.61093140 17.64092064
v -87.94996643 54.58078766 17.79110909
v -88.13390350 54.61903381 17.62692261
v -88.34137726 54.55484009 17.89201355
v -88.21946716 54.10364532 18.42256355
v -87.75249481 54.13026428 18.30687714
v -87.30327606 54.16120148 18.13309288
v -85.99995422 54.28282166 17.13137245
v -85.86408997 54.29899979 16.95679283
v -86.10461426 54.44652176 17.06362152
v -85.97319031 54.46309662 16.89456177
v -85.85162354 54.47930908 16.71785164
v -94.16609192 54.32339478 17.66895103
v -92.91119385 54.41687775 17.64283562
v -94.14286041 54.43421936 17.34506989
v -92.28742981 54.43490601 17.69146919
v -91.66333008 54.45259857 17.74014282
v -92.30266571 54.31388092 17.91838455
v -91.67870331 54.33181381 17.96778107
v -92.31340027 54.14001846 18.10785484
v -91.68958282 54.15791321 18.15792465
v -92.31791687 53.98296356 18.21560860
v -91.69422150 54.00066376 18.26607895
v -92.31923676 53.76588440 18.30418968
v -91.69567108 53.78319550 18.35499191
v -94.18412018 53.48176956 18.18789864
v -92.92628479 54.29560852 17.86902428
v -94.18175507 54.10938644 17.93667412
v -92.93687439 54.12179184 18.05782318
v -92.94127655 53.96493530 18.16517830
v -94.18801117 53.81738663 18.11672211
v -92.94245148 53.74824905 18.25342560
v -95.82409668 54.39595795 17.13708687
v -97.47861481 54.38272095 16.77493286
v -96.69498444 54.33377075 17.16168404
v -97.56174469 54.26970673 17.08518028
v -96.74025726 54.22016525 17.37139130
v -97.63024139 54.05547714 17.34081459
v -96.77796173 54.05892563 17.54844475
v -96.80137634 53.89805984 17.66055107
v -96.34851074 54.06326675 17.63772774
v -96.36882782 53.90234756 17.75057602
v -95.91958618 54.06924820 17.71682930
v -95.93680573 53.90826035 17.83037758
v -95.48529053 54.07692719 17.78679085
v -95.49939728 53.91584778 17.90101242
v -95.26879883 54.08134842 17.81789780
v -95.28135681 53.92021561 17.93243980
v -95.05196381 54.08616638 17.84655380
v -95.06296539 53.92497635 17.96140862
v -95.07004547 53.70070267 18.05643845
v -95.95269012 53.44447708 17.96282196
v -95.28987122 53.69606400 18.02720833
v -95.50935364 53.69180679 17.99551010
v -97.67616272 53.76486969 17.51220131
v -96.82002258 53.67446899 17.75318718
v -96.38457489 53.67864990 17.84387589
v -95.94966888 53.68441010 17.92429543
v -95.03252411 54.24741745 17.66532707
v -95.00779724 54.36055756 17.45089912
v -95.21977234 54.35581970 17.42327309
v -95.43140411 54.35147476 17.39322090
v -95.85594940 54.34392548 17.32544518
v -95.89098358 54.23049164 17.53760338
v -96.31536865 54.22451019 17.45956421
v -96.27522278 54.33804321 17.24860573
v -95.46128082 54.23817062 17.60654068
v -95.24707794 54.24259567 17.63715363
v -85.94633484 52.43476105 6.57169294
v -85.27848053 52.43476105 6.97251654
v -84.70293427 52.43476105 7.49732924
v -84.24234772 52.43476105 8.12546253
v -83.91487122 52.43476105 8.83217907
v -83.73339844 52.43476105 9.58964729
v -83.70507812 52.43476105 10.36803532
v -83.83102417 52.43476105 11.13668823
v -85.06512451 52.43476105 15.74239254
v -85.34037781 52.43476105 16.47103882
v -85.75409698 52.43476105 17.13098145
v -86.28998566 52.43476105 17.69623184
v -86.92694855 52.43476105 18.14452934
v -87.63989258 52.43476105 18.45821571
v -88.40074158 52.43476105 18.62494087
v -89.17953491 52.43476105 18.63813591
v -94.18713379 52.43476105 18.22433853
v -95.37064362 52.43476105 18.09082222
v -96.54405975 52.43476105 17.88682938
v -102.88519287 50.28475952 16.23939705
v -103.48902893 50.28475952 15.89077377
v -104.02314758 50.28475952 15.44259262
v -104.47132874 50.28475952 14.90847111
v -104.81995392 50.28475952 14.30463886
v -105.05842590 50.28475952 13.64944172
v -97.96786499 54.73287582 13.95802689
v -89.27452850 54.73287582 16.28739929
v -88.88459015 54.74054337 16.31283951
v -88.51511383 54.76152420 16.18715096
v -88.22208405 54.79063416 15.92987728
v -88.04978943 54.82148743 15.58029175
v -87.53236389 54.92230988 13.64924431
v -87.01428223 54.92188644 11.71574306
v -86.49687195 54.82021332 9.78473663
v -86.47129059 54.78919601 9.39584255
v -86.59642029 54.75994873 9.02652550
v -86.85355377 54.73887253 8.73293400
v -87.20397949 54.73117065 8.55999184
v -95.89730072 54.73117065 6.23062325
v -96.66001892 54.73889160 6.10470343
v -97.45519257 54.76100922 6.12861013
v -98.22914124 54.79459381 6.31142139
v -98.93257141 54.83292007 6.63021040
v -99.56036377 54.87122726 7.07999182
v -100.10566711 54.90479279 7.65884304
v -100.52396393 54.92693329 8.33552361
v -100.79627991 54.93476105 9.05901623
v -100.92221069 54.92725754 9.82173729
v -100.89830017 54.90544128 10.61691570
v -100.71549225 54.87217712 11.39088154
v -100.39669037 54.83412170 12.09431648
v -99.94690704 54.79600906 12.72211933
v -99.36804199 54.76258469 13.26742268
v -98.69136047 54.74056244 13.68571472
v -97.72262573 50.28475952 17.68561554
v -105.22967529 50.28475952 13.01034355
v -100.68038940 50.28475952 8.69646740
v -102.21177673 50.28475952 5.09346771
v -102.52653503 50.28475952 4.94669390
v -104.00492859 50.28475952 11.78559875
v -104.35089874 50.28475952 11.75532913
v -104.68636322 50.28475952 11.84521675
v -104.97085571 50.28475952 12.04441738
v -105.17005157 50.28475952 12.32890606
v -105.25994110 50.28475952 12.66436863
v -99.76101685 50.28475952 12.92275143
v -100.24518585 50.28475952 12.33635426
v -100.60962677 50.28475952 11.66892433
v -100.84117889 50.28475952 10.94458485
v -100.93145752 50.28475952 10.18951511
v -100.87720490 50.28475952 9.43100357
v -100.34811401 50.28475952 8.01245308
v -99.89239502 50.28475952 7.40368223
v -99.32969666 50.28475952 6.89215899
v -98.68036652 50.28475952 6.49636984
v -97.96786499 50.28475952 6.23062038
v -102.77210999 50.28475952 4.70111847
v -102.91888428 50.28475952 4.38636112
v -102.94915009 50.28475952 4.04038620
v -102.85926819 50.28475952 3.70492387
v -105.15715027 52.43476105 12.99091148
v -106.04299927 52.43476105 9.68488503
v -106.16179657 52.43476105 9.01112080
v -106.16179657 52.43476105 8.32696152
v -106.04299927 52.43476105 7.65319729
v -105.80899811 52.43476105 7.01029825
v -105.46691895 52.43476105 6.41779947
v -105.02715302 52.43476105 5.89370346
v -102.60697174 52.43476105 3.47352457
v -66.04440308 47.08475876 16.30022812
v -66.01781464 47.08475876 15.89456844
v -66.14849091 47.08475876 15.50961113
v -66.41653442 47.08475876 15.20396519
v -66.78114319 47.08475876 15.02416134
v -73.92900085 47.08475876 13.10890293
v -67.01497650 47.08475876 19.92245293
v -66.98838806 47.08475876 19.51679230
v -67.11905670 47.08475876 19.13183594
v -67.38710785 47.08475876 18.82619095
v -67.75170898 47.08475876 18.64638519
v -80.19323730 47.43927765 15.32550716
v -79.83896637 47.28617859 15.41489887
v -79.46900940 47.17491531 15.51000690
v -80.85968018 47.68944550 15.15597820
v -81.56036377 47.79173660 14.97193050
v -79.08968353 47.10739136 15.60920620
v -78.70746613 47.08475876 15.71080303
v -67.38517761 47.08475876 17.27845192
v -66.97951508 47.08475876 17.30504036
v -66.59455872 47.08475876 17.17436409
v -66.28890991 47.08475876 16.90632057
v -66.10910797 47.08475876 16.54171371
v -81.17150879 47.79168701 13.55885887
v -81.16914368 47.79164505 13.55949497
v -80.47760010 47.68846130 13.74852276
v -81.16677094 47.79161453 13.56013107
v -81.16440582 47.79159546 13.56076717
v -79.82038879 47.43943787 13.93362617
v -79.46881866 47.28627014 14.03336620
v -79.10079193 47.17495728 14.13600159
v -78.34070587 47.08475876 14.34292698
v -78.72260284 47.10740280 14.23978043
v -68.35574341 47.08475876 20.90067673
v -67.95008850 47.08475876 20.92726517
v -67.56513214 47.08475876 20.79658890
v -67.25948334 47.08475876 20.52854538
v -67.07968140 47.08475876 20.16393852
v -69.80611420 50.28475952 22.62149239
v -64.86447906 50.28475952 24.95487404
v -80.00608826 47.43820572 14.62971210
v -79.56539917 47.28793716 14.37088013
v -79.20471954 47.17807388 14.46756077
v -78.82040405 47.10829163 14.57057667
v -78.46427917 47.08475876 14.79853058
v -78.91113281 47.10826874 14.90810204
v -78.58653259 47.08475876 15.25448990
v -78.95819855 47.10826874 15.08387470
v -79.00520325 47.10828400 15.25989723
v -79.38944244 47.17804337 15.15682411
v -79.43677521 47.17813492 15.33381748
v -79.79767609 47.28807449 15.23753738
v -79.05222321 47.10830688 15.43640900
v -79.75004578 47.28787613 15.06008816
v -79.34230804 47.17799377 14.98074818
v -79.70281219 47.28776550 14.88396263
v -79.65577698 47.28774261 14.70846748
v -79.29525757 47.17798233 14.80511951
v -80.52549744 47.67331696 14.13928413
v -80.62201691 47.66992188 14.54576778
v -80.72725677 47.67501450 14.86706257
v -81.39268494 47.78733063 14.64941692
v -81.26891327 47.78586197 14.29143047
v -81.19707489 47.78742981 13.91951084
v -81.18104553 47.79196930 13.55629158
v -82.13571930 47.08475876 17.83246613
v -89.74578094 47.66912079 6.00738001
v -89.32546997 47.43005753 6.12528944
v -88.92455292 47.24664688 6.36295414
v -88.47888947 47.12583160 6.62714815
v -88.58148956 47.12138748 6.85826159
v -88.12580872 47.08475876 7.07201719
v -88.54634857 47.12500763 6.75132942
v -89.02895355 47.22927856 6.65114260
v -89.04549408 47.24067688 6.60477638
v -89.45923615 47.40548706 6.45477247
v -89.44081879 47.41753006 6.37220669
v -89.86339569 47.64714432 6.27326584
v -89.80460358 47.65799332 6.14030457
v -89.38628387 47.42338181 6.25540257
v -88.98832703 47.24346542 6.49036980
v -90.92573547 48.23437500 5.28878355
v -90.51873016 48.08671188 5.63077307
v -90.07964325 47.91386414 5.74213123
v -90.17314148 47.88961411 5.95904398
v -90.60539246 48.05713654 5.84724998
v -90.21990967 47.87781143 6.06770563
v -90.66878510 48.05830002 5.90884781
v -90.25388336 47.88272858 6.09797859
v -91.07955933 48.16822433 5.71337748
v -91.10032654 48.17104721 5.70943213
v -91.00090027 48.20139694 5.49640656
v -81.31915283 47.81446838 13.40249062
v -81.39038086 47.82200623 13.08175468
v -81.44712067 47.87183762 13.42238426
v -81.51455688 47.87894058 13.12161064
v -81.53263855 47.94001007 13.43634319
v -81.59747314 47.94705200 13.14907455
v -81.61662292 48.05296326 13.45108795
v -81.67873383 48.06025696 13.17731285
v -81.66632080 48.18532181 13.46118355
v -81.72653198 48.19312286 13.19571114
v -81.75252533 48.30496979 13.15527630
v -81.82672119 48.20209885 12.94305801
v -81.98731232 48.32371902 12.69887543
v -81.96465302 48.21146774 12.70922852
v -82.13648224 48.22040558 12.49921036
v -82.10072327 48.08571243 12.46028042
v -82.33817291 48.22809982 12.31788445
v -82.30799103 48.09287643 12.27398014
v -82.54116058 48.09809494 12.12210464
v -82.49941254 47.98353958 12.04250622
v -82.76476288 47.98605347 11.92367363
v -82.73415375 47.91828537 11.83777618
v -83.02753448 47.91826630 11.75754547
v -83.00152588 47.86385727 11.62470531
v -83.32406616 47.86129379 11.58769798
v -83.64856720 47.85638809 11.60041904
v -83.96753693 47.84934998 11.66389275
v -84.27362061 47.84077835 11.77678776
v -84.55957031 47.83162689 11.93567944
v -84.81823730 47.82283401 12.13697433
v -85.04357147 47.81518555 12.37582207
v -85.23027039 47.80936050 12.64649296
v -85.37326813 47.80599213 12.94310284
v -85.46945190 47.80530548 13.25847244
v -85.51678467 47.80731583 13.58471489
v -85.51354980 47.81196976 13.91394424
v -85.46028900 47.81875610 14.23834515
v -85.35848236 47.82696533 14.55012894
v -85.21002960 47.83587646 14.84170723
v -85.01898956 47.84466171 15.10653782
v -84.79013062 47.85246658 15.33842182
v -84.40054321 47.86053467 15.60546494
v -83.94763947 47.87938309 15.72568226
v -84.33802795 47.91511154 15.48570061
v -84.29631042 47.98289108 15.40500736
v -84.64594269 47.97539520 15.16668606
v -84.58990479 48.08965683 15.09781265
v -84.78667450 48.08212662 14.90034771
v -84.74905396 48.21659088 14.86359215
v -84.90904999 48.20748901 14.64427090
v -84.72524261 48.32915115 14.87133884
v -85.00370789 48.31053162 14.43989372
v -85.03360748 48.19825745 14.40285397
v -85.11931610 48.18975830 14.14474106
v -85.07957458 48.06502914 14.42613029
v -85.16792297 48.05709457 14.16007900
v -85.15803528 47.95165253 14.46231174
v -85.25034332 47.94399261 14.18319321
v -85.23825836 47.88358688 14.49797726
v -85.33441162 47.87585831 14.20570087
v -81.29748535 47.80879974 13.73084736
v -81.32662201 47.80567169 14.05892849
v -81.40542603 47.80526733 14.37896633
v -81.53176117 47.80756378 14.68325043
v -81.70307922 47.81245804 14.96427631
v -81.91485596 47.81940079 15.21562576
v -82.16188812 47.82770157 15.43123913
v -82.57246399 47.84069824 15.67019653
v -83.02442169 47.85245132 15.81162071
v -83.49530792 47.86053085 15.84803963
v -83.48957062 47.91510773 15.71305943
v -83.90312958 47.98557663 15.55956173
v -83.48535156 47.98288727 15.62231922
v -83.87313080 48.15118027 15.44762325
v -83.48065186 48.09743500 15.53291893
v -83.86255646 48.34913254 15.40816116
v -83.47698212 48.23303986 15.47955704
v -83.52400208 48.34659958 15.46380901
v -83.18109894 48.33960342 15.45265198
v -83.08440399 48.22466278 15.45052242
v -82.84708405 48.32911682 15.37471294
v -82.70771027 48.21248627 15.33467388
v -82.53457642 48.31674576 15.23329353
v -82.36560822 48.19902039 15.13804436
v -82.25582123 48.30446243 15.03361893
v -82.15983582 48.19042587 14.96026707
v -82.02145386 48.29405594 14.78312492
v -81.98353577 48.18324280 14.75279427
v -81.84020996 48.28708649 14.49188328
v -81.84105682 48.17818069 14.52062798
v -81.73620605 48.17580414 14.26907349
v -81.68877411 48.04405212 14.28506756
v -81.62152863 48.04444504 14.01173210
v -81.53816223 47.93178177 14.02473545
v -81.51245117 47.93470764 13.73060989
v -81.42631531 47.86649323 13.73043537
v -81.71944427 48.28472519 14.17076397
v -81.67108154 48.17621994 14.00436592
v -81.59716034 48.04747391 13.73149490
v -81.66049194 48.29023361 13.66061592
v -81.64748383 48.17945480 13.73291874
v -82.34411621 48.34055328 12.32934284
v -82.56524658 48.23371124 12.16994953
v -82.79319000 48.34939194 12.08010769
v -82.81237793 48.23651886 12.05942822
v -83.07355499 48.23649216 11.98803616
v -83.06278229 48.10068130 11.93537235
v -83.33882141 48.09820938 11.90325737
v -83.33402252 47.98365021 11.81349468
v -83.62474060 47.97908783 11.82425308
v -83.63394928 47.91125870 11.73419189
v -83.93309784 47.90464783 11.79313850
v -83.29540253 48.34738541 11.97213268
v -83.34252930 48.23383331 11.95674229
v -83.61659241 48.09347534 11.91331577
v -83.91071320 47.97253799 11.88020420
v -84.22034454 47.89659882 11.89832115
v -83.61306763 48.22874451 11.96651268
v -83.80696869 48.33579254 12.01281166
v -83.87894440 48.22144699 12.01821232
v -84.13404083 48.21256638 12.11078358
v -84.15213013 48.07840347 12.06162834
v -84.39739227 48.06955719 12.19610500
v -84.44222260 47.95602798 12.12155437
v -84.67477417 47.94782257 12.30102921
v -84.73195648 47.87971497 12.23489761
v -84.94382477 47.87251282 12.45854855
v -84.28448486 48.31757736 12.20200253
v -84.37229919 48.20308304 12.24145603
v -84.61940765 48.06105423 12.36698532
v -84.87750244 47.94067764 12.51441956
v -85.11940002 47.86701965 12.71223640
v -84.58777618 48.19397736 12.40732002
v -84.68669128 48.29941940 12.52140617
v -84.77539825 48.18606186 12.60439014
v -84.97911835 48.28735733 12.94327450
v -84.93073273 48.18003464 12.82793140
v -85.04952240 48.17654800 13.07307816
v -85.09583282 48.04475021 13.05393600
v -85.17807770 48.04408264 13.32322884
v -85.26038361 47.93143082 13.30496407
v -85.30253601 47.93330765 13.59744930
v -85.38837433 47.86508560 13.59251690
v -85.38494873 47.86946869 13.90142918
v -85.13605499 48.28541183 13.43248177
v -85.12916565 48.17584229 13.33387661
v -85.21814728 48.04602814 13.60189438
v -85.29900360 47.93765640 13.89255619
v -85.16798401 48.17792130 13.60377598
v -85.14445496 48.29411316 13.94609356
v -85.16453552 48.18273544 13.87622738
v -84.55763245 48.22468185 15.05571365
v -84.33370972 48.34360886 15.20359516
v -84.23217773 48.23304367 15.27718925
v -84.25568390 48.09743881 15.32523537
v -82.68847656 47.86388016 11.71029472
v -82.45658112 47.91574860 11.96225166
v -82.25550079 47.97851181 12.20166779
v -82.03868866 47.97161102 12.39697647
v -81.92398834 48.07738113 12.67626762
v -82.39240265 47.86117554 11.84331417
v -82.12055969 47.85576630 12.02169514
v -82.20153809 47.91067505 12.12905788
v -81.87932587 47.84834671 12.24053860
v -81.97497559 47.90370941 12.33375168
v -81.78195190 47.89560318 12.57108402
v -81.85385132 47.96357727 12.62347317
v -81.70538330 47.95514679 12.87594986
v -81.78198242 48.06864166 12.91697407
v -81.67407227 47.83971786 12.49413013
v -81.62702179 47.88710022 12.83557510
v -81.50957489 47.83067703 12.77655125
v -81.45340729 47.86354065 14.03831005
v -81.60877228 47.93140030 14.31164742
v -81.79703522 48.04627228 14.54479599
v -81.52733612 47.86315918 14.33864212
v -81.72230530 47.93354416 14.58430290
v -81.94409180 48.05100250 14.78440475
v -81.64605713 47.86532211 14.62410450
v -81.87644196 47.93811417 14.83586311
v -82.12595367 48.05771637 14.99840260
v -81.80715942 47.86993027 14.88757610
v -82.06699371 47.94459534 15.06055927
v -82.33803558 48.06574249 15.18162823
v -82.00629425 47.87646866 15.12302399
v -82.28915405 47.95233917 15.25297451
v -82.69022369 48.07830048 15.38403416
v -82.23848724 47.88428116 15.32476997
v -82.65796661 47.96445084 15.46559048
v -83.07751465 48.08964157 15.50311565
v -82.62407684 47.89649582 15.54793549
v -83.06342316 47.97538376 15.59078693
v -83.04814148 47.90753174 15.67959595
v -82.79478455 48.10070419 12.00865650
v -83.04516602 47.98603439 11.84698582
v -83.32978058 47.91586304 11.72265339
v -83.88978577 48.08667755 11.96644878
v -84.18537903 47.96456146 11.98026562
v -84.48887634 47.88799286 12.04665661
v -84.81290436 48.05365372 12.57019901
v -85.04550171 47.93523026 12.75659752
v -85.25382996 47.86383820 12.99043751
v -84.97319794 48.04801559 12.80085850
v -85.17408752 47.93207550 13.02228355
v -85.34413147 47.86318970 13.28635979
v -85.21458435 48.05052948 13.88309479
v -84.95129395 48.07364273 14.67472553
v -85.02392578 47.95995712 14.72306347
v -84.85176086 47.96813965 14.95966721
v -85.09836578 47.89196396 14.77110672
v -84.91861725 47.90021896 15.01900768
v -84.70358276 47.90754700 15.23595047
v -84.22734833 50.28475952 15.26499271
v -83.73497009 50.28475952 15.43728256
v -83.21368408 50.28475952 15.45678711
v -82.70981598 50.28475952 15.32177448
v -82.26811981 50.28475952 15.04424095
v -81.92785645 50.28475952 14.64884663
v -81.71925354 50.28475952 14.17072392
v -81.66085052 50.28475952 13.65235615
v -81.75782776 50.28475952 13.13980293
v -82.00157928 50.28475952 12.67860508
v -82.37043762 50.28475952 12.30974483
v -82.83163452 50.28475952 12.06599522
v -83.34419250 50.28475952 11.96901417
v -83.86255646 50.28475952 12.02742100
v -84.34068298 50.28475952 12.23602390
v -84.73607635 50.28475952 12.57628822
v -85.01361084 50.28475952 13.01797962
v -85.14862061 50.28475952 13.52185345
v -85.12911987 50.28475952 14.04313660
v -84.95682526 50.28475952 14.53551102
v -84.64706421 50.28475952 14.95522785
v -88.90000153 50.28475952 14.88964558
v -89.08207703 50.28475952 14.79284191
v -88.81496429 49.73411560 14.57226944
v -89.04267120 49.77480316 14.45616245
v -88.69972992 49.27266312 14.14221191
v -88.93019867 49.32439041 14.03639317
v -88.56034851 48.92460251 13.62202740
v -88.79414368 48.98465347 13.52865314
v -88.40412140 48.70818329 13.03899574
v -88.64166260 48.77341461 12.95957088
v -88.23925781 48.63476181 12.42369556
v -88.48073578 48.70174789 12.35899067
v -88.07438660 48.70818329 11.80839443
v -88.31980896 48.77341461 11.75841045
v -87.91816711 48.92460251 11.22536373
v -88.16732788 48.98465347 11.18932724
v -87.77877808 49.27266312 10.70517826
v -88.03128052 49.32439041 10.68158817
v -87.66354370 49.73411560 10.27512074
v -87.91880035 49.77480316 10.26181889
v -87.78459167 50.28475952 9.95054245
v -87.97516632 50.28475952 10.03138638
v -88.13320923 49.88595963 10.35488605
v -88.12052917 50.28475952 10.17982197
v -88.20668793 50.28475952 10.37029839
v -88.30129242 49.80841446 10.72335625
v -88.23815155 49.46570969 10.74654579
v -88.42457581 49.44290161 11.18347073
v -88.36508942 49.14872360 11.22028542
v -88.56814575 49.21313095 11.71928596
v -88.50736237 48.95162582 11.75126076
v -88.72222137 49.13476181 12.29428577
v -88.65751648 48.88476181 12.31162357
v -88.80766296 48.95162582 12.87198639
v -89.20670319 50.28475952 14.62753868
v -89.18181610 49.88595963 14.26836109
v -89.07687378 49.46570969 13.87670135
v -88.94993591 49.14872360 13.40296173
v -89.25836945 50.28475952 14.42631245
v -89.23774719 50.28475952 14.21827316
v -89.14315033 49.80841446 13.86521530
v -89.01985931 49.44290161 13.40510082
v -88.87628937 49.21313095 12.86928558
v -87.57850647 50.28475952 9.95774555
v -86.61257935 50.28475952 10.21656418
v -87.93408203 50.28475952 15.14846420
v -88.04978943 50.28475952 15.58029175
v -88.22235870 50.28475952 15.93023396
v -82.25579834 50.28475952 19.28560829
v -88.51570892 50.28475952 16.18749809
v -88.88518524 50.28475952 16.31291771
v -89.27452850 50.28475952 16.28739929
v -94.19331360 50.28475952 18.29916191
v -97.96786499 50.28475952 13.95802689
v -95.38128662 50.28475952 18.16514206
v -96.55912781 50.28475952 17.96038246
v -98.62306213 50.28475952 13.71955490
v -99.22689056 50.28475952 13.37093163
v -80.11003113 50.28475952 19.52768135
v -77.98255157 50.28475952 19.89752769
v -75.88098145 50.28475952 20.39382744
v -73.81281281 50.28475952 21.01480675
v -71.78543854 50.28475952 21.75824738
v -62.82841492 50.28475952 21.90913010
v -63.47157288 50.28475952 24.30943298
v -63.61890030 50.28475952 24.62498093
v -63.86550140 50.28475952 24.87087059
v -64.18147278 50.28475952 25.01728439
v -64.52849579 50.28475952 25.04646492
v -61.86248779 50.28475952 22.16794777
v -61.46836090 50.28475952 22.09791565
v -61.32277679 50.28475952 21.95231819
v -61.23662949 50.28475952 21.76407051
v -61.65812302 50.28475952 22.17602921
v -60.18410873 50.28475952 17.83600616
v -60.16458893 50.28475952 17.62990570
v -60.21786880 50.28475952 17.43102264
v -60.34315109 50.28475952 17.26849174
v -60.84694290 50.28475952 14.51418591
v -60.81676102 50.28475952 14.16725063
v -60.90737915 50.28475952 13.83100224
v -61.10781097 50.28475952 13.54621792
v -61.39374924 50.28475952 13.34743595
v -86.47135162 50.28475952 9.39539146
v -86.59677124 50.28475952 9.02591801
v -86.85403442 50.28475952 8.73256493
v -87.20397949 50.28475952 8.55999184
v -95.89730835 50.28475952 6.23062038
v -96.58396149 50.28475952 6.10954523
v -97.28121185 50.28475952 6.10954523
v -86.49687195 50.28475952 9.78473663
v -87.56235504 52.43476105 9.89747143
v -87.76519775 52.43476105 9.88862610
v -87.64373779 53.03034592 10.20120239
v -87.89946747 52.99217224 10.18966866
v -87.75958252 53.53361130 10.63352013
v -88.01253510 53.48339844 10.61164379
v -87.90316772 53.91545105 11.16941071
v -88.15269470 53.85610199 11.13471317
v -88.06620789 54.15376282 11.77787018
v -88.31182861 54.08871078 11.72861671
v -88.23925781 54.23476028 12.42369556
v -88.48073578 54.16777420 12.35899067
v -88.41230011 54.15376282 13.06952000
v -88.64964294 54.08871078 12.98936462
v -88.57534027 53.91545105 13.67797947
v -88.80878448 53.85610199 13.58326721
v -88.71893311 53.53361130 14.21387100
v -88.94893646 53.48339844 14.10633755
v -88.83477020 53.03034592 14.64618778
v -89.06200409 52.99217224 14.52831173
v -89.09624481 52.43476105 14.85615730
v -89.22209930 52.43476105 14.69608688
v -89.19985962 52.88788223 14.33567905
v -89.27681732 52.43476105 14.49931145
v -89.25829315 52.43476105 14.29494190
v -89.17793274 52.91453934 13.99504375
v -89.09436035 53.34621429 13.94196129
v -89.06944275 53.30296326 13.59014797
v -88.96359253 53.69395828 13.45391846
v -88.93951416 53.57604980 13.10525036
v -88.81510925 53.91099167 12.89978504
v -88.79617310 53.71694183 12.57028675
v -88.65751648 53.98476028 12.31162357
v -88.64826202 53.71694183 12.01828480
v -88.49991608 53.91099167 11.72346115
v -88.50492096 53.57604980 11.48332119
v -88.35144043 53.69395828 11.16932869
v -88.37499237 53.30296326 10.99842358
v -88.22066498 53.34621429 10.68128490
v -88.26650238 52.91453934 10.59352779
v -88.11517334 52.88788223 10.28756714
v -88.18614197 52.43476105 10.29362965
v -88.09999847 52.43476105 10.10737801
v -87.95422363 52.43476105 9.96432590
v -88.91615295 52.43476105 14.94991875
v -61.90887070 49.65346146 22.34104729
v -61.63469696 49.92294693 22.28375435
v -61.89048004 49.97437668 22.27242470
v -61.41219711 49.87518692 22.16046906
v -61.27194977 49.97269821 21.89587975
v -61.29495239 49.64390564 21.98172951
v -60.12578583 49.64390564 17.61834526
v -60.14878845 49.97269821 17.70419693
v -60.13795471 49.87518692 17.40493202
v -60.26900482 49.92294693 17.18691254
v -90.48994446 52.43476105 4.42625332
v -102.19234467 52.43476105 5.02094650
v -102.53502655 52.43476105 4.84634018
v -102.77706909 52.43476105 4.54744720
v -102.87660980 52.43476105 4.17594862
v -102.81644440 52.43476105 3.79608035
v -104.02436066 52.43476105 11.85811996
v -104.40843201 52.43476105 11.83799076
v -104.76749420 52.43476105 11.97582054
v -105.03945160 52.43476105 12.24777603
v -105.17727661 52.43476105 12.60683441
v -87.20397949 52.43476105 8.55999184
v -86.85403442 52.43476105 8.73256493
v -86.59677124 52.43476105 9.02591801
v -86.47135162 52.43476105 9.39539146
v -86.49687195 52.43476105 9.78473663
v -86.67781830 53.03034592 10.46002197
v -86.79365540 53.53361130 10.89233875
v -86.93724823 53.91545105 11.42823029
v -86.59642792 52.43476105 10.15629101
v -87.10028076 54.15376282 12.03668976
v -87.27333069 54.23476028 12.68251419
v -87.44638062 54.15376282 13.32833958
v -87.60941315 53.91545105 13.93679905
v -87.75300598 53.53361130 14.47268963
v -87.86884308 53.03034592 14.90500736
v -88.04978943 52.43476105 15.58029175
v -87.95022583 52.43476105 15.20873833
v -88.22235870 52.43476105 15.93023396
v -88.51570892 52.43476105 16.18749809
v -88.88518524 52.43476105 16.31291771
v -89.27452850 52.43476105 16.28739929
v -97.96786499 52.43476105 13.95802689
v -86.67904663 49.73411560 10.53891659
v -86.77871704 49.27266312 10.97314548
v -86.90635681 48.92460251 11.49647617
v -87.05528259 48.70818329 12.08146286
v -87.21767426 48.63476181 12.69742775
v -87.38501740 48.70818329 13.31206417
v -87.54854584 48.92460251 13.89313984
v -87.69966888 49.27266312 14.41017818
v -87.83046722 49.73411560 14.83606529
v -62.90675354 49.65346146 22.07366562
v -62.87211990 49.97437668 22.00939560
v -93.84056854 52.43476105 3.19757438
v -92.69985962 52.43476105 3.54007864
v -91.58165741 52.43476105 3.95012665
v -96.93312836 52.43476105 2.36892629
v -97.94843292 52.43476105 6.15809917
v -97.45468140 52.43476105 6.12854338
v -98.21833801 52.43476105 6.30660105
v -98.93257904 52.43476105 6.63021898
v -99.56996918 52.43476105 7.08696032
v -95.89730072 52.43476105 6.23062325
v -96.67096710 52.43476105 6.10288858
v -98.70174408 52.43476105 13.68181419
v -99.36763763 52.43476105 13.26773643
v -99.78044891 52.43476105 12.99527264
v -99.93994904 52.43476105 12.73170567
v -100.39669037 52.43476105 12.09432220
v -100.72030640 52.43476105 11.38007927
v -100.89836884 52.43476105 10.61642551
v -100.92402649 52.43476105 9.83270741
v -100.79628754 52.43476105 9.05904293
v -100.52007294 52.43476105 8.32516479
v -100.10599518 52.43476105 7.65927362
v -79.90334320 47.08475876 18.08430862
v -77.69000244 47.08475876 18.46908379
v -75.50360107 47.08475876 18.98541451
v -80.24905396 47.08475876 10.79132938
v -76.08064270 47.08475876 12.46286201
v -78.18983459 47.08475876 11.68941593
f 1 2 3
f 3 2 4
f 3 4 5
f 5 6 3
f 7 8 9
f 9 8 10
f 9 10 11
f 11 10 12
f 11 12 13
f 13 12 14
f 13 14 15
f 15 14 16
f 7 17 8
f 8 17 18
f 19 20 21
f 21 20 22
f 21 22 23
f 23 22 24
f 23 24 25
f 25 24 26
f 25 26 17
f 17 26 18
f 19 27 20
f 20 27 28
f 29 30 31
f 31 30 32
f 31 32 33
f 33 32 34
f 33 34 35
f 35 34 36
f 35 36 37
f 37 36 38
f 16 30 15
f 15 30 29
f 39 40 41
f 41 40 42
f 41 42 43
f 43 42 44
f 43 44 45
f 45 44 46
f 45 46 27
f 27 46 28
f 38 40 37
f 37 40 39
f 47 48 49
f 49 48 50
f 50 48 51
f 50 51 52
f 52 51 53
f 52 53 54
f 54 53 55
f 54 55 56
f 57 58 59
f 59 58 60
f 60 58 61
f 60 61 62
f 62 61 63
f 62 63 64
f 64 63 47
f 64 47 49
f 65 66 67
f 67 66 68
f 68 66 69
f 68 69 70
f 70 69 71
f 70 71 72
f 72 71 57
f 72 57 59
f 73 74 75
f 75 74 76
f 76 74 77
f 76 77 78
f 78 77 79
f 78 79 80
f 80 79 65
f 80 65 67
f 81 82 83
f 83 82 84
f 84 82 85
f 84 85 86
f 86 85 87
f 86 87 88
f 88 87 73
f 88 73 75
f 89 90 91
f 91 90 92
f 92 90 93
f 92 93 94
f 94 93 95
f 94 95 96
f 96 95 81
f 96 81 83
f 97 98 99
f 99 98 100
f 100 98 101
f 100 101 102
f 102 101 103
f 102 103 104
f 104 103 89
f 104 89 91
f 105 106 107
f 107 106 108
f 108 106 109
f 108 109 110
f 110 109 111
f 110 111 112
f 112 111 97
f 112 97 99
f 113 114 115
f 115 114 116
f 116 114 117
f 116 117 118
f 118 117 119
f 118 119 120
f 120 119 105
f 120 105 107
f 121 113 122
f 122 113 115
f 123 124 125
f 125 124 126
f 126 124 127
f 126 127 128
f 128 127 129
f 128 129 130
f 130 129 121
f 130 121 122
f 131 132 133
f 133 132 134
f 134 132 135
f 134 135 136
f 136 135 137
f 136 137 138
f 138 137 123
f 138 123 125
f 139 140 141
f 141 140 142
f 142 140 143
f 142 143 144
f 144 143 145
f 144 145 146
f 146 145 131
f 146 131 133
f 147 148 149
f 149 148 150
f 150 148 151
f 150 151 152
f 152 151 153
f 152 153 154
f 154 153 139
f 154 139 141
f 155 156 157
f 157 156 158
f 158 156 159
f 158 159 160
f 160 159 161
f 160 161 162
f 162 161 147
f 162 147 149
f 163 164 165
f 165 164 166
f 166 164 167
f 166 167 168
f 168 167 169
f 168 169 170
f 170 169 155
f 170 155 157
f 171 172 173
f 173 172 174
f 174 172 175
f 174 175 176
f 176 175 177
f 176 177 178
f 178 177 163
f 178 163 165
f 179 180 181
f 181 180 182
f 182 180 183
f 182 183 184
f 184 183 185
f 184 185 186
f 186 185 171
f 186 171 173
f 187 188 189
f 189 188 190
f 190 188 191
f 190 191 192
f 192 191 193
f 192 193 194
f 194 193 179
f 194 179 181
f 195 196 197
f 197 196 198
f 198 196 199
f 198 199 200
f 200 199 201
f 200 201 202
f 202 201 187
f 202 187 189
f 203 195 204
f 204 195 197
f 55 205 56
f 56 205 206
f 206 205 207
f 206 207 208
f 208 207 209
f 208 209 210
f 210 209 203
f 210 203 204
f 195 203 196
f 196 203 209
f 196 209 199
f 199 209 207
f 199 207 201
f 201 207 205
f 201 205 187
f 187 205 55
f 187 55 188
f 188 55 53
f 188 53 191
f 191 53 51
f 191 51 193
f 193 51 48
f 193 48 179
f 179 48 47
f 179 47 180
f 180 47 63
f 180 63 61
f 180 61 183
f 183 61 58
f 183 58 185
f 185 58 57
f 185 57 171
f 171 57 71
f 171 71 172
f 172 71 69
f 172 69 175
f 175 69 66
f 175 66 177
f 177 66 65
f 177 65 163
f 163 65 79
f 163 79 164
f 164 79 77
f 164 77 167
f 167 77 74
f 167 74 169
f 169 74 73
f 169 73 155
f 155 73 87
f 155 87 156
f 156 87 85
f 156 85 159
f 159 85 82
f 159 82 161
f 161 82 81
f 161 81 147
f 147 81 95
f 147 95 148
f 148 95 93
f 148 93 151
f 151 93 90
f 151 90 153
f 153 90 89
f 153 89 139
f 139 89 140
f 140 89 103
f 140 103 101
f 98 145 101
f 101 145 143
f 101 143 140
f 98 97 145
f 145 97 131
f 131 97 111
f 131 111 132
f 132 111 109
f 132 109 135
f 135 109 106
f 135 106 137
f 137 106 105
f 137 105 123
f 123 105 119
f 123 119 124
f 124 119 117
f 124 117 127
f 127 117 114
f 127 114 129
f 129 114 113
f 129 113 121
f 211 212 213
f 213 212 214
f 215 216 217
f 217 216 218
f 218 216 219
f 218 219 220
f 220 219 221
f 220 221 222
f 222 221 211
f 222 211 213
f 223 224 225
f 225 224 226
f 226 224 227
f 226 227 228
f 228 227 229
f 228 229 230
f 230 229 215
f 230 215 217
f 231 223 232
f 232 223 225
f 233 234 235
f 235 234 236
f 236 234 237
f 236 237 238
f 238 237 239
f 238 239 240
f 240 239 231
f 240 231 232
f 241 242 243
f 243 242 244
f 244 242 245
f 244 245 246
f 246 245 247
f 246 247 248
f 248 247 233
f 248 233 235
f 249 241 250
f 250 241 243
f 251 249 252
f 252 249 250
f 212 251 214
f 214 251 252
f 249 251 241
f 241 251 212
f 241 212 211
f 211 221 241
f 241 221 219
f 241 219 216
f 241 216 242
f 242 216 215
f 242 215 245
f 245 215 247
f 247 215 229
f 247 229 233
f 233 229 227
f 233 227 234
f 234 227 237
f 237 227 224
f 237 224 239
f 239 224 223
f 239 223 231
f 14 252 16
f 16 252 250
f 16 250 190
f 190 250 189
f 189 250 202
f 202 250 200
f 200 250 198
f 198 250 197
f 197 250 240
f 197 240 232
f 14 12 252
f 252 12 10
f 252 10 8
f 8 18 252
f 252 18 214
f 214 18 26
f 214 26 24
f 24 22 214
f 214 22 20
f 214 20 213
f 213 20 138
f 213 138 125
f 28 134 20
f 20 134 136
f 20 136 138
f 46 141 28
f 28 141 142
f 28 142 144
f 141 46 154
f 154 46 44
f 154 44 42
f 154 42 152
f 152 42 40
f 152 40 150
f 150 40 149
f 149 40 162
f 162 40 160
f 160 40 158
f 158 40 157
f 157 40 38
f 157 38 170
f 170 38 168
f 168 38 166
f 166 38 165
f 165 38 178
f 178 38 176
f 176 38 174
f 174 38 36
f 174 36 34
f 174 34 173
f 173 34 32
f 173 32 30
f 16 194 30
f 30 194 181
f 30 181 182
f 64 49 54
f 54 49 50
f 54 50 52
f 56 60 54
f 54 60 62
f 54 62 64
f 56 206 60
f 60 206 59
f 59 206 72
f 72 206 70
f 70 206 68
f 68 206 208
f 68 208 210
f 204 80 210
f 210 80 67
f 210 67 68
f 197 232 204
f 204 232 122
f 204 122 115
f 190 192 16
f 16 192 194
f 182 184 30
f 30 184 186
f 30 186 173
f 144 146 28
f 28 146 133
f 28 133 134
f 213 125 222
f 222 125 126
f 222 126 220
f 220 126 218
f 218 126 217
f 217 126 230
f 230 126 128
f 230 128 228
f 228 128 226
f 226 128 225
f 225 128 130
f 225 130 122
f 116 96 115
f 115 96 83
f 115 83 84
f 118 92 116
f 116 92 94
f 116 94 96
f 120 100 118
f 118 100 102
f 118 102 104
f 107 108 120
f 120 108 112
f 120 112 99
f 108 110 112
f 99 100 120
f 104 91 118
f 118 91 92
f 84 86 115
f 115 86 88
f 115 88 75
f 115 75 204
f 204 75 76
f 204 76 78
f 78 80 204
f 243 244 250
f 250 244 246
f 250 246 248
f 248 235 250
f 250 235 236
f 250 236 238
f 238 240 250
f 232 225 122
f 253 254 255
f 255 254 256
f 255 256 257
f 257 256 258
f 257 258 259
f 259 258 260
f 259 260 261
f 261 260 262
f 261 262 263
f 263 262 264
f 263 264 265
f 265 264 266
f 265 266 267
f 267 266 268
f 267 268 269
f 269 268 270
f 269 270 271
f 271 270 272
f 271 272 273
f 273 272 274
f 273 274 275
f 275 274 276
f 275 276 277
f 277 276 278
f 277 278 279
f 279 278 280
f 279 280 281
f 281 280 282
f 281 282 283
f 283 282 284
f 283 284 285
f 285 284 286
f 285 286 287
f 287 286 288
f 287 288 289
f 289 288 290
f 289 290 291
f 291 290 292
f 291 292 253
f 253 292 254
f 293 294 295
f 295 294 296
f 295 296 297
f 297 296 298
f 297 298 299
f 299 298 256
f 299 256 254
f 294 293 300
f 300 293 301
f 300 301 302
f 302 301 303
f 302 303 304
f 304 303 305
f 304 305 266
f 266 305 268
f 301 306 303
f 303 306 307
f 303 307 305
f 305 307 308
f 305 308 268
f 268 308 270
f 306 309 307
f 307 309 310
f 307 310 308
f 308 310 311
f 308 311 270
f 270 311 272
f 310 309 312
f 312 309 313
f 312 313 314
f 314 313 315
f 314 315 316
f 316 315 317
f 316 317 318
f 318 317 319
f 318 319 278
f 278 319 280
f 315 320 317
f 317 320 321
f 317 321 319
f 319 321 322
f 319 322 280
f 280 322 282
f 321 320 323
f 323 320 324
f 323 324 325
f 325 324 326
f 325 326 327
f 327 326 328
f 327 328 329
f 329 328 330
f 329 330 288
f 288 330 290
f 326 331 328
f 328 331 332
f 328 332 330
f 330 332 333
f 330 333 290
f 290 333 292
f 331 334 332
f 332 334 335
f 332 335 333
f 333 335 336
f 333 336 292
f 292 336 254
f 335 334 337
f 337 334 338
f 337 338 297
f 297 338 295
f 256 298 258
f 258 298 339
f 258 339 260
f 260 339 340
f 260 340 262
f 262 340 341
f 262 341 264
f 264 341 304
f 264 304 266
f 298 296 339
f 339 296 294
f 339 294 340
f 340 294 300
f 340 300 341
f 341 300 302
f 341 302 304
f 337 297 299
f 337 299 336
f 336 299 254
f 335 337 336
f 329 288 286
f 329 286 342
f 342 286 284
f 342 284 343
f 343 284 282
f 343 282 322
f 325 327 342
f 342 327 329
f 325 342 343
f 323 325 343
f 323 343 322
f 321 323 322
f 318 278 276
f 318 276 344
f 344 276 274
f 344 274 345
f 345 274 272
f 345 272 311
f 314 316 344
f 344 316 318
f 314 344 345
f 312 314 345
f 312 345 311
f 310 312 311
f 346 253 347
f 347 253 255
f 347 255 348
f 348 255 257
f 348 257 349
f 349 257 259
f 349 259 350
f 350 259 261
f 350 261 351
f 351 261 263
f 351 263 352
f 352 263 265
f 352 265 353
f 353 265 267
f 353 267 354
f 354 267 269
f 354 269 355
f 355 269 271
f 355 271 356
f 356 271 273
f 356 273 357
f 357 273 275
f 357 275 358
f 358 275 277
f 358 277 359
f 359 277 279
f 359 279 360
f 360 279 281
f 360 281 361
f 361 281 283
f 361 283 362
f 362 283 285
f 362 285 363
f 363 285 287
f 363 287 364
f 364 287 289
f 364 289 365
f 365 289 291
f 365 291 346
f 346 291 253
f 295 338 293
f 293 338 334
f 293 334 301
f 301 334 331
f 301 331 306
f 306 331 326
f 306 326 309
f 309 326 324
f 309 324 313
f 313 324 320
f 313 320 315
f 366 367 368
f 368 367 369
f 368 369 370
f 370 369 371
f 370 371 372
f 372 371 373
f 372 373 374
f 374 373 375
f 374 375 376
f 376 375 377
f 376 377 378
f 378 377 379
f 378 379 380
f 380 379 381
f 380 381 382
f 382 381 383
f 382 383 384
f 384 383 385
f 384 385 386
f 386 385 387
f 386 387 388
f 388 387 389
f 388 389 390
f 390 389 391
f 390 391 392
f 392 391 393
f 392 393 394
f 394 393 395
f 395 393 396
f 395 396 397
f 397 396 398
f 397 398 399
f 399 398 400
f 399 400 401
f 401 400 383
f 401 383 381
f 371 402 373
f 373 402 403
f 373 403 375
f 375 403 404
f 375 404 377
f 377 404 405
f 377 405 379
f 379 405 406
f 379 406 381
f 381 406 401
f 407 408 402
f 402 408 409
f 402 409 403
f 403 409 404
f 407 410 408
f 408 410 411
f 408 411 412
f 412 411 413
f 412 413 405
f 405 413 406
f 410 414 411
f 411 414 415
f 411 415 413
f 413 415 416
f 413 416 406
f 406 416 401
f 414 417 415
f 415 417 418
f 415 418 419
f 419 418 420
f 419 420 397
f 397 420 395
f 394 421 392
f 392 421 390
f 386 388 422
f 422 388 423
f 422 423 424
f 424 423 425
f 424 425 426
f 427 428 426
f 426 428 429
f 426 429 430
f 430 429 431
f 430 431 432
f 432 431 382
f 432 382 384
f 428 427 433
f 433 427 434
f 433 434 435
f 435 434 436
f 435 436 437
f 437 436 366
f 437 366 368
f 404 409 412
f 412 409 408
f 437 368 370
f 370 372 438
f 438 372 374
f 438 374 439
f 439 374 376
f 439 376 440
f 440 376 378
f 440 378 441
f 441 378 380
f 441 380 431
f 431 380 382
f 405 404 412
f 435 437 438
f 438 437 370
f 435 438 439
f 433 435 439
f 433 439 440
f 415 419 416
f 416 419 399
f 416 399 401
f 397 399 419
f 428 433 440
f 428 440 441
f 429 428 441
f 429 441 431
f 398 396 442
f 442 396 393
f 442 393 391
f 400 398 443
f 443 398 442
f 443 442 389
f 389 442 391
f 383 400 385
f 385 400 443
f 385 443 387
f 387 443 389
f 386 422 384
f 384 422 432
f 422 424 432
f 432 424 430
f 424 426 430
f 444 445 446
f 446 445 447
f 446 447 448
f 448 447 449
f 448 449 450
f 450 449 451
f 450 451 452
f 452 451 453
f 452 453 454
f 454 453 455
f 454 455 402
f 402 455 407
f 407 455 456
f 456 455 453
f 456 453 457
f 457 453 451
f 457 451 458
f 458 451 449
f 458 459 457
f 457 459 456
f 402 371 454
f 454 371 460
f 454 460 452
f 452 460 461
f 452 461 450
f 450 461 448
f 460 371 462
f 462 371 369
f 462 369 463
f 463 369 367
f 463 367 444
f 444 446 464
f 464 446 465
f 464 465 463
f 463 465 462
f 463 444 464
f 465 446 448
f 465 448 461
f 462 465 461
f 462 461 460
f 466 467 468
f 468 467 469
f 468 469 470
f 470 469 471
f 470 471 472
f 472 471 473
f 472 473 474
f 474 473 475
f 474 475 476
f 476 475 477
f 476 477 478
f 478 477 479
f 478 479 480
f 480 479 481
f 480 481 482
f 482 481 483
f 482 483 484
f 469 467 485
f 485 467 486
f 485 486 487
f 487 486 488
f 487 488 475
f 475 488 477
f 486 489 488
f 488 489 490
f 488 490 477
f 477 490 479
f 490 489 491
f 491 489 492
f 491 492 493
f 493 483 491
f 491 483 481
f 491 481 479
f 482 484 494
f 494 484 495
f 494 495 496
f 497 498 496
f 496 498 499
f 496 499 494
f 494 499 500
f 494 500 501
f 501 500 502
f 501 502 503
f 503 502 504
f 503 504 505
f 505 504 506
f 505 506 507
f 507 506 508
f 507 508 509
f 509 508 510
f 509 510 511
f 512 513 497
f 497 513 514
f 497 514 498
f 498 514 515
f 498 515 516
f 516 515 517
f 516 517 518
f 518 517 519
f 518 519 520
f 520 519 521
f 520 521 522
f 522 521 523
f 522 523 524
f 524 523 525
f 524 525 526
f 512 459 513
f 513 459 458
f 513 458 527
f 527 458 528
f 527 528 515
f 515 528 517
f 458 449 528
f 528 449 529
f 528 529 517
f 517 529 519
f 529 449 530
f 530 449 447
f 530 447 531
f 531 447 445
f 531 445 532
f 532 525 531
f 531 525 523
f 531 523 521
f 524 526 508
f 508 526 510
f 509 511 472
f 472 511 470
f 479 490 491
f 471 469 485
f 475 473 487
f 487 473 485
f 473 471 485
f 494 501 482
f 482 501 480
f 501 503 480
f 480 503 478
f 503 505 478
f 478 505 476
f 509 472 474
f 505 507 476
f 476 507 474
f 507 509 474
f 498 516 499
f 499 516 500
f 516 518 500
f 500 518 502
f 518 520 502
f 502 520 504
f 524 508 506
f 520 522 504
f 504 522 506
f 522 524 506
f 527 515 514
f 513 527 514
f 529 530 519
f 519 530 521
f 530 531 521
f 533 534 466
f 466 534 467
f 467 534 535
f 467 535 486
f 486 535 536
f 486 536 489
f 489 536 537
f 489 537 492
f 538 539 540
f 540 539 541
f 540 541 542
f 542 541 543
f 542 543 544
f 544 543 545
f 544 545 546
f 546 545 547
f 546 547 548
f 548 547 549
f 548 549 535
f 535 549 536
f 536 549 550
f 536 550 537
f 537 550 551
f 551 550 552
f 551 552 553
f 553 552 547
f 553 547 545
f 543 554 545
f 545 554 553
f 554 555 553
f 553 555 551
f 548 535 556
f 556 535 534
f 556 534 557
f 557 534 533
f 557 533 538
f 542 544 558
f 558 544 546
f 558 546 556
f 556 546 548
f 538 540 559
f 559 540 542
f 559 542 558
f 558 556 557
f 558 557 559
f 559 557 538
f 552 550 549
f 552 549 547
f 560 561 562
f 562 561 563
f 562 563 564
f 564 563 565
f 564 565 566
f 566 565 567
f 566 567 568
f 568 567 569
f 568 569 570
f 570 569 571
f 570 571 572
f 572 571 573
f 572 573 555
f 561 560 574
f 574 560 575
f 574 575 576
f 576 575 577
f 576 577 567
f 567 577 569
f 575 578 577
f 577 578 579
f 577 579 569
f 569 579 571
f 578 573 579
f 579 573 571
f 555 554 572
f 572 554 570
f 554 543 570
f 570 543 568
f 568 543 566
f 566 543 541
f 566 541 564
f 564 541 539
f 564 539 562
f 563 561 574
f 567 565 576
f 576 565 574
f 565 563 574
f 580 573 581
f 581 573 578
f 581 578 582
f 582 578 575
f 582 575 583
f 583 575 584
f 583 584 585
f 585 584 586
f 585 586 587
f 587 586 588
f 587 588 589
f 589 588 590
f 589 590 591
f 591 590 592
f 591 592 593
f 593 592 594
f 593 594 595
f 595 594 596
f 596 594 597
f 596 597 598
f 598 597 599
f 599 597 600
f 599 600 601
f 601 600 592
f 601 592 590
f 575 560 584
f 584 560 602
f 584 602 586
f 586 602 603
f 586 603 588
f 588 603 604
f 588 604 590
f 590 604 601
f 560 562 602
f 602 562 605
f 602 605 606
f 599 604 606
f 606 604 603
f 606 603 602
f 593 595 607
f 607 595 608
f 607 608 609
f 609 608 610
f 609 610 611
f 612 613 611
f 611 613 614
f 611 614 609
f 609 614 615
f 609 615 607
f 607 615 591
f 607 591 593
f 580 616 612
f 612 616 617
f 612 617 613
f 613 617 618
f 613 618 619
f 619 618 587
f 619 587 589
f 616 580 581
f 604 599 601
f 616 581 582
f 582 583 620
f 620 583 585
f 620 585 618
f 618 585 587
f 618 617 620
f 620 617 616
f 620 616 582
f 592 600 594
f 594 600 597
f 589 591 615
f 613 619 614
f 614 619 615
f 619 589 615
f 621 610 622
f 622 610 608
f 622 608 623
f 623 608 595
f 623 595 624
f 624 595 625
f 624 625 626
f 626 625 627
f 626 627 628
f 628 627 629
f 628 629 630
f 630 629 631
f 630 631 632
f 632 631 633
f 632 633 634
f 634 633 635
f 634 635 636
f 636 635 637
f 637 635 638
f 637 638 639
f 639 638 640
f 640 638 641
f 640 641 642
f 642 641 633
f 642 633 631
f 595 596 625
f 625 596 643
f 625 643 627
f 627 643 644
f 627 644 629
f 629 644 645
f 629 645 631
f 631 645 642
f 596 598 643
f 643 598 646
f 643 646 644
f 644 646 647
f 644 647 645
f 645 647 642
f 647 640 642
f 634 636 648
f 648 636 649
f 648 649 650
f 650 649 651
f 650 651 652
f 653 654 652
f 652 654 655
f 652 655 650
f 650 655 656
f 650 656 648
f 648 656 632
f 648 632 634
f 621 657 653
f 653 657 658
f 653 658 654
f 654 658 659
f 654 659 660
f 660 659 628
f 660 628 630
f 657 621 622
f 657 622 623
f 623 624 661
f 661 624 626
f 661 626 659
f 659 626 628
f 658 657 661
f 661 657 623
f 658 661 659
f 633 641 635
f 635 641 638
f 630 632 656
f 654 660 655
f 655 660 656
f 660 630 656
f 639 662 637
f 637 662 663
f 637 663 636
f 636 663 664
f 636 664 649
f 649 664 665
f 649 665 651
f 651 665 666
f 667 668 669
f 669 668 670
f 669 670 671
f 671 670 672
f 671 672 673
f 673 672 674
f 673 674 675
f 675 676 673
f 673 676 677
f 673 677 678
f 678 677 679
f 678 679 680
f 680 679 681
f 680 681 682
f 682 681 683
f 683 681 684
f 683 684 663
f 663 684 685
f 663 685 664
f 664 685 686
f 664 686 665
f 665 686 687
f 665 687 666
f 676 688 677
f 677 688 689
f 677 689 679
f 679 689 690
f 679 690 681
f 681 690 684
f 688 691 689
f 689 691 692
f 689 692 690
f 690 692 685
f 690 685 684
f 691 693 692
f 692 693 686
f 692 686 685
f 693 687 686
f 663 662 683
f 682 694 680
f 680 694 695
f 680 695 678
f 678 695 671
f 678 671 673
f 694 696 695
f 695 696 669
f 695 669 671
f 696 667 669
f 668 697 670
f 670 697 698
f 670 698 672
f 672 698 699
f 672 699 674
f 674 699 700
f 674 700 675
f 675 700 701
f 702 703 704
f 704 703 705
f 704 705 706
f 704 706 707
f 707 706 708
f 707 708 709
f 709 708 710
f 709 710 711
f 708 712 710
f 709 711 713
f 713 711 714
f 713 714 715
f 715 714 716
f 715 716 717
f 717 716 718
f 717 718 719
f 719 718 720
f 719 720 721
f 721 720 722
f 721 722 700
f 700 722 701
f 700 699 721
f 721 699 723
f 721 723 719
f 719 723 724
f 719 724 717
f 717 724 725
f 717 725 715
f 715 725 726
f 715 726 713
f 713 726 727
f 713 727 709
f 709 727 707
f 699 698 723
f 723 698 728
f 723 728 724
f 724 728 729
f 724 729 725
f 725 729 730
f 725 730 726
f 726 730 731
f 726 731 727
f 727 731 732
f 727 732 707
f 707 732 704
f 698 697 728
f 728 697 733
f 728 733 729
f 729 733 734
f 729 734 730
f 730 734 735
f 730 735 731
f 731 735 736
f 731 736 732
f 732 736 702
f 732 702 704
f 703 737 705
f 705 737 738
f 705 738 706
f 706 738 739
f 706 739 708
f 708 739 740
f 708 740 712
f 712 740 741
f 742 743 744
f 744 743 745
f 744 745 746
f 744 746 747
f 747 746 748
f 747 748 749
f 749 748 750
f 749 750 751
f 748 752 750
f 749 751 753
f 753 751 754
f 753 754 755
f 755 754 756
f 755 756 757
f 757 756 758
f 757 758 759
f 759 758 760
f 759 760 761
f 761 760 762
f 761 762 740
f 740 762 741
f 740 739 761
f 761 739 763
f 761 763 759
f 759 763 764
f 759 764 757
f 757 764 765
f 757 765 755
f 755 765 766
f 755 766 753
f 753 766 767
f 753 767 749
f 749 767 747
f 739 738 763
f 763 738 768
f 763 768 764
f 764 768 769
f 764 769 765
f 765 769 770
f 765 770 766
f 766 770 771
f 766 771 767
f 767 771 772
f 767 772 747
f 747 772 744
f 738 737 768
f 768 737 773
f 768 773 769
f 769 773 774
f 769 774 770
f 770 774 775
f 770 775 771
f 771 775 776
f 771 776 772
f 772 776 742
f 772 742 744
f 743 777 745
f 745 777 778
f 745 778 746
f 746 778 779
f 746 779 748
f 748 779 780
f 748 780 752
f 752 780 781
f 782 783 784
f 784 783 785
f 784 785 786
f 786 785 787
f 786 787 788
f 788 787 789
f 788 789 790
f 790 789 791
f 790 791 792
f 792 791 793
f 792 793 777
f 777 793 778
f 778 793 794
f 778 794 779
f 779 794 795
f 779 795 780
f 780 795 796
f 780 796 781
f 783 797 785
f 785 797 798
f 785 798 787
f 787 798 799
f 787 799 789
f 789 799 800
f 789 800 791
f 791 800 801
f 791 801 793
f 793 801 794
f 797 802 798
f 798 802 803
f 798 803 799
f 799 803 804
f 799 804 800
f 800 804 805
f 800 805 801
f 801 805 806
f 801 806 794
f 794 806 795
f 802 807 803
f 803 807 808
f 803 808 804
f 804 808 809
f 804 809 805
f 805 809 810
f 805 810 806
f 806 810 811
f 806 811 795
f 795 811 796
f 812 813 782
f 782 813 783
f 783 813 797
f 797 813 814
f 797 814 802
f 802 814 815
f 802 815 807
f 807 815 816
f 817 816 818
f 818 816 815
f 818 815 819
f 819 815 814
f 819 814 820
f 820 814 821
f 820 821 822
f 822 821 823
f 822 823 824
f 824 823 825
f 824 825 826
f 826 825 827
f 826 827 828
f 828 827 829
f 828 829 830
f 830 829 831
f 830 831 832
f 832 831 833
f 833 831 834
f 833 834 835
f 835 834 836
f 836 834 837
f 836 837 838
f 838 837 829
f 838 829 827
f 814 813 821
f 821 813 839
f 821 839 823
f 823 839 840
f 823 840 825
f 825 840 841
f 825 841 827
f 827 841 838
f 813 812 839
f 839 812 842
f 839 842 840
f 840 842 843
f 840 843 841
f 841 843 838
f 843 836 838
f 830 832 844
f 844 832 845
f 844 845 846
f 846 845 847
f 846 847 848
f 849 850 848
f 848 850 851
f 848 851 846
f 846 851 852
f 846 852 844
f 844 852 828
f 844 828 830
f 817 853 849
f 849 853 854
f 849 854 850
f 850 854 855
f 850 855 856
f 856 855 824
f 856 824 826
f 853 817 818
f 853 818 819
f 819 820 857
f 857 820 822
f 857 822 855
f 855 822 824
f 854 853 857
f 857 853 819
f 854 857 855
f 829 837 831
f 831 837 834
f 826 828 852
f 850 856 851
f 851 856 852
f 856 826 852
f 858 859 860
f 860 859 861
f 860 861 862
f 862 861 863
f 862 863 864
f 864 863 865
f 864 865 866
f 866 865 867
f 866 867 868
f 868 867 869
f 868 869 870
f 870 869 871
f 870 871 872
f 872 871 873
f 872 873 874
f 874 873 875
f 874 875 832
f 832 875 845
f 845 875 876
f 845 876 847
f 847 876 877
f 877 876 878
f 877 878 879
f 879 878 873
f 879 873 871
f 863 880 865
f 865 880 881
f 865 881 867
f 867 881 882
f 867 882 869
f 869 882 883
f 869 883 871
f 871 883 879
f 880 884 881
f 881 884 885
f 881 885 886
f 877 883 886
f 886 883 882
f 886 882 881
f 874 832 887
f 887 832 833
f 887 833 888
f 888 833 835
f 888 835 889
f 888 889 890
f 890 889 891
f 890 891 892
f 892 891 893
f 892 893 894
f 894 893 895
f 894 895 866
f 866 895 864
f 893 891 896
f 896 891 858
f 896 858 860
f 883 877 879
f 896 860 862
f 896 862 895
f 895 862 864
f 866 868 894
f 894 868 897
f 894 897 892
f 892 897 890
f 897 868 870
f 896 895 893
f 873 878 875
f 875 878 876
f 874 887 872
f 872 887 898
f 872 898 870
f 870 898 897
f 887 888 898
f 898 888 890
f 898 890 897
f 880 899 884
f 884 899 900
f 884 900 901
f 901 900 902
f 902 900 903
f 902 903 904
f 904 903 905
f 904 905 906
f 906 905 907
f 906 907 908
f 908 907 861
f 908 861 859
f 899 880 909
f 909 880 863
f 909 863 910
f 910 863 907
f 910 907 905
f 863 861 907
f 859 911 908
f 908 911 912
f 908 912 906
f 906 912 913
f 906 913 904
f 911 913 912
f 900 899 909
f 905 903 910
f 910 903 909
f 903 900 909
f 914 915 916
f 916 915 917
f 916 917 918
f 918 917 919
f 918 919 920
f 920 919 921
f 920 921 922
f 922 921 923
f 922 923 924
f 924 923 925
f 924 925 904
f 904 925 902
f 902 925 926
f 902 926 901
f 901 926 927
f 927 926 928
f 927 928 929
f 929 928 923
f 929 923 921
f 919 930 921
f 921 930 929
f 930 931 929
f 929 931 927
f 924 904 932
f 932 904 913
f 932 913 933
f 933 913 911
f 933 911 914
f 918 920 934
f 934 920 922
f 934 922 932
f 932 922 924
f 914 916 935
f 935 916 918
f 935 918 934
f 934 932 933
f 934 933 935
f 935 933 914
f 928 926 925
f 928 925 923
f 936 937 915
f 915 937 917
f 917 937 938
f 917 938 919
f 919 938 939
f 919 939 930
f 930 939 940
f 930 940 931
f 941 942 943
f 943 942 944
f 943 944 945
f 945 944 946
f 945 946 947
f 947 946 948
f 947 948 949
f 949 948 950
f 949 950 951
f 951 950 952
f 951 952 953
f 953 952 954
f 953 954 955
f 955 954 956
f 955 956 957
f 957 956 958
f 957 958 959
f 959 958 960
f 959 960 961
f 961 960 962
f 961 962 938
f 938 962 963
f 938 963 964
f 964 963 965
f 964 965 966
f 966 965 967
f 966 967 968
f 968 967 969
f 968 969 970
f 970 969 971
f 971 969 972
f 971 972 973
f 973 972 974
f 973 974 975
f 975 974 976
f 976 974 977
f 976 977 978
f 978 977 979
f 978 979 980
f 980 979 981
f 981 979 982
f 981 982 983
f 983 982 984
f 983 984 985
f 985 984 986
f 985 986 952
f 952 986 954
f 948 946 987
f 987 946 981
f 987 981 983
f 968 970 988
f 988 970 989
f 988 989 990
f 990 989 940
f 990 940 939
f 938 964 939
f 939 964 991
f 939 991 990
f 990 991 988
f 961 938 992
f 992 938 937
f 992 937 993
f 993 937 936
f 993 936 994
f 993 994 995
f 995 994 996
f 995 996 997
f 997 996 998
f 997 998 999
f 999 998 1000
f 999 1000 953
f 953 1000 951
f 996 1001 998
f 998 1001 1002
f 998 1002 1000
f 1000 1002 1003
f 1000 1003 951
f 951 1003 949
f 1001 1004 1002
f 1002 1004 1005
f 1002 1005 1003
f 1003 1005 1006
f 1003 1006 949
f 949 1006 947
f 1004 1007 1005
f 1005 1007 1008
f 1005 1008 1009
f 1009 1008 941
f 1009 941 943
f 982 979 1010
f 1010 979 977
f 1010 977 1011
f 1011 977 974
f 1011 974 1012
f 1012 974 972
f 1012 972 1013
f 1013 972 969
f 1013 969 967
f 950 948 987
f 950 987 985
f 985 987 983
f 1009 943 945
f 1009 945 1006
f 1006 945 947
f 982 1010 984
f 984 1010 1014
f 984 1014 986
f 986 1014 1015
f 986 1015 954
f 954 1015 956
f 1014 1010 1011
f 952 950 985
f 1005 1009 1006
f 1014 1011 1016
f 1016 1011 1012
f 1016 1012 1017
f 1017 1012 1013
f 1017 1013 1018
f 1018 1013 967
f 1018 967 965
f 1014 1016 1015
f 1015 1016 1019
f 1015 1019 956
f 956 1019 958
f 1019 1016 1017
f 999 953 955
f 1019 1017 1020
f 1020 1017 1018
f 1020 1018 1021
f 1021 1018 965
f 1021 965 963
f 999 955 1022
f 1022 955 957
f 1022 957 1023
f 1023 957 959
f 1023 959 992
f 992 959 961
f 968 988 966
f 966 988 991
f 966 991 964
f 1021 960 1020
f 1020 960 958
f 1020 958 1019
f 963 962 1021
f 1021 962 960
f 1023 995 1022
f 1022 995 997
f 1022 997 999
f 992 993 1023
f 1023 993 995
f 1024 980 1025
f 1025 980 981
f 1025 981 1026
f 1026 981 946
f 1026 946 1027
f 1027 946 1028
f 1027 1028 1029
f 1029 1028 1030
f 1029 1030 1031
f 1031 1030 1032
f 1031 1032 388
f 388 1032 423
f 423 1032 1033
f 423 1033 425
f 425 1033 1034
f 1034 1033 1035
f 1034 1035 1036
f 1036 1035 1030
f 1036 1030 1028
f 946 944 1028
f 1028 944 1036
f 944 942 1036
f 1036 942 1034
f 1031 388 1037
f 1037 388 390
f 1037 390 1038
f 1038 390 421
f 1038 421 1024
f 1026 1027 1039
f 1039 1027 1029
f 1039 1029 1037
f 1037 1029 1031
f 1024 1025 1040
f 1040 1025 1026
f 1040 1026 1039
f 1039 1037 1038
f 1039 1038 1040
f 1040 1038 1024
f 1035 1033 1032
f 1035 1032 1030
f 1041 741 1042
f 1042 741 762
f 1042 762 760
f 1042 760 1043
f 1043 760 758
f 1043 758 1044
f 1044 758 756
f 1044 756 1045
f 1045 756 754
f 1045 754 1046
f 1046 754 751
f 1046 751 1047
f 1047 751 750
f 1047 750 1048
f 1048 750 1049
f 1049 750 752
f 752 781 1049
f 1049 781 1050
f 1049 1050 1051
f 1051 1052 1049
f 1050 781 1053
f 1053 781 796
f 1053 796 1054
f 1054 796 811
f 1054 811 1055
f 1055 811 810
f 1055 810 1056
f 1056 810 809
f 1056 809 1057
f 1057 809 808
f 1057 808 1058
f 1058 808 807
f 816 847 807
f 807 847 877
f 807 877 1058
f 1058 877 886
f 1058 886 885
f 817 849 816
f 816 849 848
f 816 848 847
f 884 1059 885
f 885 1059 1058
f 884 901 1059
f 1059 901 1060
f 1060 901 927
f 1060 927 1061
f 1061 927 931
f 1061 931 1062
f 1062 931 1063
f 1063 931 940
f 1063 940 1064
f 940 989 1064
f 1064 989 1065
f 1065 989 970
f 1065 970 1066
f 1066 970 971
f 1066 971 1067
f 1067 971 973
f 1067 973 975
f 1067 975 1068
f 1068 975 976
f 1068 976 1069
f 1069 976 978
f 1069 978 1070
f 1070 978 980
f 1070 980 1071
f 1071 980 1024
f 1071 1024 1072
f 1072 1024 421
f 421 394 1072
f 1072 394 1073
f 1073 394 395
f 1073 395 1074
f 1074 395 420
f 1074 420 1075
f 1075 420 418
f 1075 418 417
f 1075 417 1076
f 1076 417 414
f 1076 414 1077
f 1077 414 410
f 1077 410 1078
f 1078 410 407
f 639 640 1079
f 1079 640 1080
f 1079 1080 1081
f 1081 1080 1082
f 1081 1082 1083
f 1083 1082 1084
f 1083 1084 1085
f 1085 1084 1086
f 1085 1086 1087
f 1080 640 1088
f 1088 640 647
f 1088 647 1089
f 1089 647 646
f 1089 646 1090
f 1090 646 598
f 1090 598 1091
f 1090 1091 1084
f 1084 1091 1086
f 1080 1088 1089
f 1084 1082 1090
f 1090 1082 1089
f 1082 1080 1089
f 1091 598 1092
f 1092 598 599
f 1092 599 606
f 1092 606 1093
f 1093 606 605
f 1093 605 1094
f 1094 605 562
f 1094 562 539
f 539 1095 1094
f 1094 1095 1096
f 1094 1096 1093
f 1093 1096 1097
f 1093 1097 1098
f 1098 1097 1099
f 1098 1099 1087
f 1095 1100 1096
f 1096 1100 1101
f 1096 1101 1097
f 1097 1101 1102
f 1097 1102 1099
f 1100 1102 1101
f 1087 1086 1098
f 1098 1086 1091
f 1098 1091 1092
f 1092 1093 1098
f 538 470 539
f 539 470 511
f 539 511 510
f 470 538 468
f 468 538 533
f 468 533 466
f 539 510 1095
f 1095 510 526
f 1095 526 525
f 525 532 1095
f 1095 532 445
f 1095 445 1103
f 1103 445 1104
f 1104 445 1105
f 1105 445 444
f 1105 444 1106
f 1106 444 1107
f 1107 444 1108
f 1108 444 1109
f 1109 444 367
f 1109 367 1110
f 1110 367 366
f 1110 366 1111
f 1111 366 436
f 1111 436 434
f 1111 434 1112
f 1112 434 427
f 1112 427 1113
f 1113 427 426
f 1113 426 1114
f 1114 426 425
f 1114 425 1115
f 1115 425 1034
f 1115 1034 1116
f 1116 1034 1117
f 1117 1034 1118
f 1118 1034 1119
f 1119 1034 942
f 1119 942 1120
f 1120 942 1121
f 1120 1121 1122
f 1122 1121 1123
f 1122 1123 1124
f 1124 1123 1125
f 1125 1123 1126
f 1126 1123 1127
f 1126 1127 1128
f 1121 942 1129
f 1129 942 941
f 1129 941 1008
f 1008 1007 1129
f 1129 1007 911
f 911 1007 1004
f 911 1004 1001
f 1001 996 911
f 911 996 914
f 914 996 994
f 914 994 915
f 915 994 936
f 1126 1128 1130
f 1130 1128 1131
f 1130 1131 1132
f 1132 1133 1130
f 1130 1133 1134
f 1130 1134 1135
f 1130 1135 1136
f 1136 1135 1137
f 1136 1137 1138
f 1138 1137 1139
f 1139 1137 1140
f 1139 1140 1141
f 1141 1140 1142
f 1142 1140 1143
f 1142 1143 1144
f 1142 1144 1145
f 1145 1144 1146
f 1145 1146 1147
f 1147 1146 1148
f 1147 1148 1149
f 1149 1148 1150
f 1149 1150 1151
f 1151 1150 1152
f 1151 1152 1153
f 1153 1152 1154
f 1136 1155 1130
f 1130 1155 1156
f 1130 1156 1157
f 1157 1158 1130
f 1130 1158 1159
f 1130 1159 1160
f 1160 1159 1161
f 1160 1161 1162
f 1162 1163 1160
f 1160 1163 1164
f 1160 1164 1165
f 1165 1166 1160
f 1160 1166 1167
f 1160 1167 1168
f 1168 1167 1169
f 1168 1169 1170
f 1170 1171 1168
f 1168 1171 1172
f 1168 1172 1173
f 1173 1174 1168
f 1168 1174 1175
f 1168 1175 1176
f 1176 1175 1177
f 1176 1177 1178
f 1178 1179 1176
f 1176 1179 1180
f 1176 1180 1181
f 1181 1180 1182
f 1182 1180 1183
f 1182 1183 1184
f 1182 1184 1185
f 1185 1184 1186
f 1185 1186 1187
f 1188 1189 1187
f 1187 1189 1190
f 1187 1190 1191
f 1189 1188 1192
f 1192 1188 1193
f 1192 1193 1194
f 1195 1196 1194
f 1194 1196 1197
f 1194 1197 1192
f 1195 1198 1196
f 1191 1185 1187
f 1181 1199 1176
f 1176 1199 1200
f 1176 1200 1201
f 1201 1202 1176
f 1176 1202 1203
f 1176 1203 1204
f 1176 1204 1205
f 1205 1204 1206
f 1205 1206 1207
f 1207 1206 1208
f 1208 1206 1103
f 1103 1206 1095
f 1209 1210 1211
f 1211 1210 1212
f 1212 1210 1213
f 1212 1213 1214
f 1210 1215 1213
f 1213 1215 1216
f 1216 1215 1217
f 1216 1217 1218
f 1215 1219 1217
f 1218 1220 1216
f 1210 1209 1221
f 1221 1209 1222
f 1221 1222 1223
f 1223 1222 1224
f 1223 1224 1225
f 1225 1224 1226
f 1225 1226 1227
f 1227 1226 1228
f 1227 1228 1229
f 1229 1228 1230
f 1229 1230 1231
f 1231 1230 1232
f 1231 1232 1233
f 1233 1232 1234
f 1233 1234 1235
f 1224 1236 1226
f 1226 1236 1237
f 1226 1237 1228
f 1228 1237 1238
f 1228 1238 1230
f 1230 1238 1239
f 1230 1239 1232
f 1232 1239 1234
f 1237 1236 1240
f 1240 1236 1241
f 1240 1241 1242
f 1242 1241 1243
f 1242 1243 1244
f 1244 1243 1235
f 1241 1235 1243
f 1233 1245 1231
f 1231 1245 1246
f 1231 1246 1229
f 1229 1246 1247
f 1229 1247 1227
f 1227 1247 1248
f 1227 1248 1225
f 1225 1248 1223
f 1246 1245 1249
f 1249 1245 1250
f 1249 1250 1251
f 1251 1250 1252
f 1251 1252 1253
f 1253 1252 1254
f 1253 1254 1255
f 1255 1254 1215
f 1255 1215 1210
f 1250 1256 1252
f 1252 1256 1257
f 1252 1257 1254
f 1254 1257 1215
f 1256 1219 1257
f 1257 1219 1215
f 1255 1210 1221
f 1244 1235 1258
f 1258 1235 1234
f 1255 1221 1259
f 1259 1221 1223
f 1259 1223 1248
f 1255 1259 1253
f 1253 1259 1260
f 1253 1260 1251
f 1251 1260 1249
f 1260 1259 1248
f 1249 1260 1247
f 1247 1260 1248
f 1249 1247 1246
f 1237 1240 1238
f 1238 1240 1261
f 1238 1261 1239
f 1239 1261 1258
f 1239 1258 1234
f 1242 1244 1261
f 1261 1244 1258
f 1240 1242 1261
f 1262 1263 1264
f 1264 1263 1265
f 1264 1265 1266
f 1266 1265 1267
f 1265 1263 1268
f 1268 1263 1269
f 1268 1269 1270
f 1270 1269 1271
f 1271 1269 1272
f 1270 1273 1268
f 1263 1262 1274
f 1274 1262 1275
f 1274 1275 1276
f 1276 1275 1277
f 1276 1277 1278
f 1278 1277 1279
f 1278 1279 1280
f 1280 1279 1281
f 1280 1281 1282
f 1282 1281 1283
f 1282 1283 1284
f 1284 1283 1285
f 1284 1285 1286
f 1286 1285 1287
f 1287 1285 1288
f 1275 1289 1277
f 1277 1289 1290
f 1277 1290 1279
f 1279 1290 1291
f 1279 1291 1281
f 1281 1291 1292
f 1281 1292 1283
f 1283 1292 1293
f 1283 1293 1285
f 1285 1293 1288
f 1290 1289 1294
f 1294 1289 1295
f 1294 1295 1296
f 1296 1295 1297
f 1296 1297 1298
f 1298 1297 1299
f 1298 1299 1288
f 1286 1300 1284
f 1284 1300 1301
f 1284 1301 1282
f 1282 1301 1302
f 1282 1302 1280
f 1280 1302 1303
f 1280 1303 1278
f 1278 1303 1304
f 1278 1304 1276
f 1276 1304 1274
f 1300 1305 1301
f 1301 1305 1306
f 1301 1306 1302
f 1302 1306 1307
f 1302 1307 1303
f 1303 1307 1308
f 1303 1308 1304
f 1304 1308 1309
f 1304 1309 1274
f 1274 1309 1263
f 1306 1305 1310
f 1310 1305 1311
f 1310 1311 1312
f 1312 1311 1313
f 1312 1313 1314
f 1314 1313 1269
f 1314 1269 1315
f 1315 1269 1263
f 1315 1263 1309
f 1311 1272 1313
f 1313 1272 1269
f 1298 1288 1316
f 1316 1288 1317
f 1317 1288 1293
f 1309 1308 1315
f 1315 1308 1318
f 1315 1318 1314
f 1314 1318 1312
f 1318 1308 1307
f 1312 1318 1310
f 1310 1318 1307
f 1310 1307 1306
f 1290 1294 1291
f 1291 1294 1319
f 1291 1319 1292
f 1292 1319 1317
f 1292 1317 1293
f 1294 1296 1319
f 1319 1296 1316
f 1319 1316 1317
f 1298 1316 1296
f 1273 1270 1320
f 1320 1270 1271
f 1320 1271 1272
f 1320 1272 1321
f 1321 1272 1311
f 1321 1311 1305
f 1321 1305 1322
f 1322 1305 1300
f 1322 1300 1323
f 1323 1300 1286
f 1323 1286 1287
f 1288 1324 1287
f 1287 1324 1323
f 1219 1256 1262
f 1262 1256 1275
f 1275 1256 1250
f 1275 1250 1289
f 1289 1250 1245
f 1289 1245 1295
f 1295 1245 1233
f 1295 1233 1297
f 1297 1233 1299
f 1299 1233 1235
f 1299 1235 1288
f 1235 1241 1325
f 1325 1241 1326
f 1326 1241 1236
f 1326 1236 1327
f 1327 1236 1224
f 1327 1224 1328
f 1328 1224 1222
f 1328 1222 1329
f 1329 1222 1209
f 1329 1209 1211
f 1211 1212 1329
f 1329 1212 1214
f 1320 1330 1273
f 1273 1330 1331
f 1331 1330 1332
f 1331 1332 1333
f 1333 1332 1334
f 1333 1334 1335
f 1324 1052 1336
f 1336 1052 1337
f 1336 1337 1338
f 1288 1325 1324
f 1324 1325 1339
f 1324 1339 1041
f 1288 1235 1325
f 1339 1325 1340
f 1340 1325 1341
f 1340 1341 1342
f 1342 1341 1343
f 1343 1341 1344
f 1344 1341 1345
f 1346 1347 1340
f 1340 1347 1348
f 1340 1348 1349
f 1349 1350 1340
f 1340 1350 1351
f 1340 1351 1352
f 1352 1353 1340
f 1340 1353 1339
f 1324 1041 1052
f 1052 1041 1042
f 1052 1042 1043
f 1043 1044 1052
f 1052 1044 1045
f 1052 1045 1046
f 1046 1047 1052
f 1052 1047 1048
f 1052 1048 1049
f 1338 1354 1336
f 1336 1354 1355
f 1356 1357 1358
f 1358 1357 1359
f 1358 1359 1360
f 1360 1359 1361
f 1360 1361 1362
f 1362 1361 1363
f 1362 1363 1364
f 1364 1363 1365
f 1364 1365 1366
f 1366 1365 1367
f 1366 1367 1368
f 1368 1367 1369
f 1368 1369 1370
f 1370 1369 1371
f 1370 1371 1372
f 1372 1371 1373
f 1372 1373 1374
f 1374 1373 1375
f 1374 1375 1376
f 1376 1375 1377
f 1376 1377 1378
f 1378 1377 1379
f 1378 1379 1380
f 1380 1379 1381
f 1380 1381 1382
f 1382 1381 1383
f 1382 1383 1384
f 1384 1383 1385
f 1385 1383 1386
f 1385 1386 1387
f 1387 1386 1388
f 1387 1388 1389
f 1389 1388 1390
f 1389 1390 1391
f 1391 1390 1373
f 1391 1373 1371
f 1361 1392 1363
f 1363 1392 1393
f 1363 1393 1365
f 1365 1393 1394
f 1365 1394 1367
f 1367 1394 1395
f 1367 1395 1369
f 1369 1395 1396
f 1369 1396 1371
f 1371 1396 1391
f 1397 1398 1392
f 1392 1398 1399
f 1392 1399 1393
f 1393 1399 1394
f 1397 1400 1398
f 1398 1400 1401
f 1398 1401 1402
f 1402 1401 1403
f 1402 1403 1395
f 1395 1403 1396
f 1400 1404 1401
f 1401 1404 1405
f 1401 1405 1403
f 1403 1405 1406
f 1403 1406 1396
f 1396 1406 1391
f 1404 1407 1405
f 1405 1407 1408
f 1405 1408 1409
f 1409 1408 1410
f 1409 1410 1387
f 1387 1410 1385
f 1384 4 1382
f 1382 4 1380
f 1376 1378 1411
f 1411 1378 1412
f 1411 1412 1413
f 1413 1412 1414
f 1413 1414 1415
f 1413 1415 1416
f 1416 1415 1417
f 1416 1417 1418
f 1418 1417 1419
f 1418 1419 1420
f 1420 1419 1421
f 1420 1421 1368
f 1368 1421 1366
f 1417 1422 1419
f 1419 1422 1423
f 1419 1423 1421
f 1421 1423 1424
f 1421 1424 1366
f 1366 1424 1364
f 1422 1425 1423
f 1423 1425 1426
f 1423 1426 1424
f 1424 1426 1427
f 1424 1427 1364
f 1364 1427 1362
f 1425 1428 1426
f 1426 1428 1429
f 1426 1429 1430
f 1430 1429 1356
f 1430 1356 1358
f 1394 1399 1402
f 1402 1399 1398
f 1430 1358 1360
f 1430 1360 1427
f 1427 1360 1362
f 1395 1394 1402
f 1426 1430 1427
f 1405 1409 1406
f 1406 1409 1389
f 1406 1389 1391
f 1387 1389 1409
f 1420 1368 1370
f 1420 1370 1431
f 1431 1370 1372
f 1431 1372 1432
f 1432 1372 1374
f 1432 1374 1411
f 1411 1374 1376
f 1388 1386 1433
f 1433 1386 1383
f 1433 1383 1381
f 1390 1388 1434
f 1434 1388 1433
f 1434 1433 1379
f 1379 1433 1381
f 1373 1390 1375
f 1375 1390 1434
f 1375 1434 1377
f 1377 1434 1379
f 1432 1416 1431
f 1431 1416 1418
f 1431 1418 1420
f 1411 1413 1432
f 1432 1413 1416
f 1435 1436 1437
f 1437 1436 1438
f 1437 1438 1439
f 1439 1438 1440
f 1439 1440 1441
f 1441 1440 1442
f 1441 1442 1443
f 1443 1442 1444
f 1443 1444 1445
f 1445 1444 1446
f 1445 1446 1361
f 1361 1446 1392
f 1392 1446 1447
f 1392 1447 1397
f 1397 1447 1448
f 1448 1447 1449
f 1448 1449 1450
f 1450 1449 1444
f 1450 1444 1442
f 1440 1451 1442
f 1442 1451 1450
f 1451 1452 1450
f 1450 1452 1448
f 1445 1361 1453
f 1453 1361 1359
f 1453 1359 1454
f 1454 1359 1357
f 1454 1357 1435
f 1435 1437 1455
f 1455 1437 1439
f 1455 1439 1456
f 1456 1439 1441
f 1456 1441 1443
f 1435 1455 1454
f 1454 1455 1456
f 1454 1456 1453
f 1453 1456 1443
f 1453 1443 1445
f 1446 1444 1449
f 1447 1446 1449
f 1457 1458 1459
f 1459 1458 1460
f 1459 1460 1461
f 1461 1460 1462
f 1461 1462 1463
f 1463 1462 1464
f 1463 1464 1465
f 1465 1464 1466
f 1465 1466 1467
f 1467 1466 1468
f 1467 1468 1469
f 1469 1468 1470
f 1469 1470 1471
f 1471 1470 1472
f 1471 1472 1473
f 1473 1472 1474
f 1473 1474 1475
f 1475 1474 1476
f 1475 1476 1477
f 1477 1476 1478
f 1477 1478 1440
f 1440 1478 1479
f 1440 1479 1451
f 1451 1479 1480
f 1451 1480 1481
f 1481 1480 1482
f 1481 1482 1483
f 1483 1482 1484
f 1484 1482 1485
f 1484 1485 1486
f 1486 1485 1487
f 1486 1487 1488
f 1488 1487 1489
f 1488 1489 1490
f 1490 1489 1474
f 1490 1474 1472
f 1462 1491 1464
f 1464 1491 1492
f 1464 1492 1466
f 1466 1492 1493
f 1466 1493 1468
f 1468 1493 1494
f 1468 1494 1470
f 1470 1494 1495
f 1470 1495 1472
f 1472 1495 1490
f 1496 1497 1491
f 1491 1497 1498
f 1491 1498 1492
f 1492 1498 1493
f 1496 1499 1497
f 1497 1499 1500
f 1497 1500 1501
f 1501 1500 1502
f 1501 1502 1494
f 1494 1502 1495
f 1499 1503 1500
f 1500 1503 1504
f 1500 1504 1502
f 1502 1504 1505
f 1502 1505 1495
f 1495 1505 1490
f 1503 1506 1504
f 1504 1506 1507
f 1504 1507 1508
f 1508 1507 1509
f 1508 1509 1486
f 1486 1509 1484
f 1483 1452 1481
f 1481 1452 1451
f 1477 1440 1510
f 1510 1440 1438
f 1510 1438 1511
f 1511 1438 1436
f 1511 1436 1512
f 1513 1514 1512
f 1512 1514 1515
f 1512 1515 1516
f 1516 1515 1517
f 1516 1517 1518
f 1518 1517 1473
f 1518 1473 1475
f 1514 1513 1519
f 1519 1513 1520
f 1519 1520 1521
f 1521 1520 1522
f 1521 1522 1523
f 1523 1522 1457
f 1523 1457 1459
f 1493 1498 1501
f 1501 1498 1497
f 1523 1459 1461
f 1461 1463 1524
f 1524 1463 1465
f 1524 1465 1525
f 1525 1465 1467
f 1525 1467 1526
f 1526 1467 1469
f 1526 1469 1527
f 1527 1469 1471
f 1527 1471 1517
f 1517 1471 1473
f 1494 1493 1501
f 1521 1523 1524
f 1524 1523 1461
f 1521 1524 1525
f 1519 1521 1525
f 1519 1525 1526
f 1504 1508 1505
f 1505 1508 1488
f 1505 1488 1490
f 1486 1488 1508
f 1514 1519 1526
f 1514 1526 1527
f 1515 1514 1527
f 1515 1527 1517
f 1487 1485 1528
f 1528 1485 1482
f 1528 1482 1480
f 1489 1487 1529
f 1529 1487 1528
f 1529 1528 1479
f 1479 1528 1480
f 1474 1489 1476
f 1476 1489 1529
f 1476 1529 1478
f 1478 1529 1479
f 1477 1510 1475
f 1475 1510 1518
f 1510 1511 1518
f 1518 1511 1516
f 1511 1512 1516
f 1530 1531 1532
f 1532 1531 1533
f 1532 1533 1534
f 1534 1533 1535
f 1534 1535 1536
f 1536 1535 1537
f 1536 1537 1538
f 1538 1537 1539
f 1538 1539 1540
f 1540 1539 1541
f 1540 1541 1491
f 1491 1541 1496
f 1496 1541 1542
f 1542 1541 1539
f 1542 1539 1543
f 1543 1539 1537
f 1543 1537 1544
f 1544 1537 1535
f 1544 1545 1543
f 1543 1545 1542
f 1491 1462 1540
f 1540 1462 1546
f 1540 1546 1538
f 1538 1546 1547
f 1538 1547 1536
f 1536 1547 1534
f 1546 1462 1548
f 1548 1462 1460
f 1548 1460 1549
f 1549 1460 1458
f 1549 1458 1530
f 1530 1532 1550
f 1550 1532 1551
f 1550 1551 1549
f 1549 1551 1548
f 1549 1530 1550
f 1551 1532 1534
f 1551 1534 1547
f 1548 1551 1547
f 1548 1547 1546
f 1552 1553 1554
f 1554 1553 1555
f 1554 1555 1556
f 1556 1555 1557
f 1556 1557 1558
f 1558 1557 1559
f 1558 1559 1560
f 1560 1559 1561
f 1560 1561 1562
f 1562 1561 1563
f 1562 1563 1564
f 1564 1563 1565
f 1564 1565 1566
f 1566 1565 1567
f 1566 1567 1568
f 1568 1567 1569
f 1568 1569 1570
f 1570 1569 1571
f 1570 1571 1572
f 1572 1571 1573
f 1572 1573 1535
f 1535 1573 1574
f 1535 1574 1544
f 1544 1574 1575
f 1544 1575 1576
f 1576 1575 1577
f 1576 1577 1578
f 1578 1577 1579
f 1579 1577 1580
f 1579 1580 1581
f 1581 1580 1582
f 1581 1582 1583
f 1583 1582 1584
f 1583 1584 1585
f 1585 1584 1569
f 1585 1569 1567
f 1557 1586 1559
f 1559 1586 1587
f 1559 1587 1561
f 1561 1587 1588
f 1561 1588 1563
f 1563 1588 1589
f 1563 1589 1565
f 1565 1589 1590
f 1565 1590 1567
f 1567 1590 1585
f 1591 1592 1586
f 1586 1592 1593
f 1586 1593 1587
f 1587 1593 1588
f 1591 1594 1592
f 1592 1594 1595
f 1592 1595 1596
f 1596 1595 1597
f 1596 1597 1589
f 1589 1597 1590
f 1594 1598 1595
f 1595 1598 1599
f 1595 1599 1597
f 1597 1599 1600
f 1597 1600 1590
f 1590 1600 1585
f 1598 1601 1599
f 1599 1601 1602
f 1599 1602 1603
f 1603 1602 1604
f 1603 1604 1581
f 1581 1604 1579
f 1578 1545 1576
f 1576 1545 1544
f 1572 1535 1605
f 1605 1535 1533
f 1605 1533 1606
f 1606 1533 1531
f 1606 1531 1607
f 1608 1609 1607
f 1607 1609 1610
f 1607 1610 1611
f 1611 1610 1612
f 1611 1612 1613
f 1613 1612 1568
f 1613 1568 1570
f 1609 1608 1614
f 1614 1608 1615
f 1614 1615 1616
f 1616 1615 1617
f 1616 1617 1618
f 1618 1617 1552
f 1618 1552 1554
f 1588 1593 1596
f 1596 1593 1592
f 1618 1554 1556
f 1556 1558 1619
f 1619 1558 1560
f 1619 1560 1620
f 1620 1560 1562
f 1620 1562 1621
f 1621 1562 1564
f 1621 1564 1622
f 1622 1564 1566
f 1622 1566 1612
f 1612 1566 1568
f 1589 1588 1596
f 1616 1618 1619
f 1619 1618 1556
f 1616 1619 1620
f 1614 1616 1620
f 1614 1620 1621
f 1599 1603 1600
f 1600 1603 1583
f 1600 1583 1585
f 1581 1583 1603
f 1609 1614 1621
f 1609 1621 1622
f 1610 1609 1622
f 1610 1622 1612
f 1582 1580 1623
f 1623 1580 1577
f 1623 1577 1575
f 1584 1582 1624
f 1624 1582 1623
f 1624 1623 1574
f 1574 1623 1575
f 1569 1584 1571
f 1571 1584 1624
f 1571 1624 1573
f 1573 1624 1574
f 1572 1605 1570
f 1570 1605 1613
f 1605 1606 1613
f 1613 1606 1611
f 1606 1607 1611
f 1625 1626 1553
f 1553 1626 1555
f 1555 1626 1627
f 1555 1627 1557
f 1557 1627 1628
f 1557 1628 1586
f 1586 1628 1629
f 1586 1629 1591
f 1630 1631 1632
f 1632 1631 1633
f 1632 1633 1634
f 1634 1633 1635
f 1634 1635 1636
f 1636 1635 1637
f 1636 1637 1638
f 1638 1637 1639
f 1638 1639 1640
f 1640 1639 1641
f 1640 1641 1642
f 1642 1641 1643
f 1642 1643 1644
f 1644 1643 1645
f 1644 1645 1646
f 1646 1645 1647
f 1646 1647 1627
f 1627 1647 1628
f 1628 1647 1648
f 1628 1648 1629
f 1629 1648 1649
f 1649 1648 1650
f 1649 1650 1651
f 1651 1650 1645
f 1651 1645 1643
f 1635 1652 1637
f 1637 1652 1653
f 1637 1653 1639
f 1639 1653 1654
f 1639 1654 1641
f 1641 1654 1655
f 1641 1655 1643
f 1643 1655 1651
f 1652 1656 1653
f 1653 1656 1649
f 1653 1649 1654
f 1654 1649 1655
f 1646 1627 1657
f 1657 1627 1626
f 1657 1626 1658
f 1658 1626 1625
f 1658 1625 1630
f 1649 1651 1655
f 1659 1630 1660
f 1660 1630 1661
f 1660 1661 1662
f 1662 1661 1634
f 1662 1634 1636
f 1661 1630 1632
f 1662 1636 1638
f 1661 1632 1634
f 1662 1638 1663
f 1663 1638 1640
f 1663 1640 1664
f 1664 1640 1642
f 1664 1642 1665
f 1665 1642 1644
f 1665 1644 1657
f 1657 1644 1646
f 1659 1660 1663
f 1663 1660 1662
f 1659 1663 1664
f 1630 1659 1666
f 1666 1659 1664
f 1666 1664 1665
f 1665 1657 1658
f 1666 1665 1658
f 1650 1648 1647
f 1650 1647 1645
f 1658 1630 1666
f 1667 1668 1669
f 1669 1668 1670
f 1669 1670 1671
f 1671 1670 1672
f 1671 1672 1673
f 1673 1672 1674
f 1673 1674 1675
f 1675 1674 1676
f 1675 1676 1677
f 1677 1676 1678
f 1677 1678 1679
f 1679 1678 1680
f 1679 1680 1656
f 1668 1667 1681
f 1681 1667 1682
f 1681 1682 1683
f 1683 1682 1684
f 1683 1684 1674
f 1674 1684 1676
f 1682 1685 1684
f 1684 1685 1686
f 1684 1686 1676
f 1676 1686 1678
f 1685 1680 1686
f 1686 1680 1678
f 1656 1652 1679
f 1679 1652 1677
f 1652 1635 1677
f 1677 1635 1675
f 1675 1635 1673
f 1673 1635 1633
f 1673 1633 1671
f 1671 1633 1631
f 1671 1631 1669
f 1670 1668 1681
f 1674 1672 1683
f 1683 1672 1681
f 1672 1670 1681
f 1687 1688 1689
f 1689 1688 1690
f 1689 1690 1691
f 1691 1690 1692
f 1691 1692 1693
f 1693 1692 1694
f 1693 1694 1695
f 1695 1694 1696
f 1695 1696 1697
f 1697 1696 1698
f 1697 1698 1699
f 1699 1698 1700
f 1699 1700 1701
f 1701 1700 1702
f 1701 1702 1703
f 1703 1702 1704
f 1703 1704 1705
f 1705 1704 1706
f 1705 1706 1707
f 1707 1706 1708
f 1707 1708 1709
f 1709 1708 1710
f 1709 1710 1667
f 1667 1710 1682
f 1682 1710 1711
f 1682 1711 1712
f 1712 1711 1713
f 1712 1713 1714
f 1714 1713 1715
f 1714 1715 1716
f 1716 1715 1717
f 1716 1717 1718
f 1718 1717 1719
f 1718 1719 1720
f 1720 1719 1721
f 1720 1721 1722
f 1722 1721 1723
f 1722 1723 1724
f 1724 1723 1725
f 1724 1725 1726
f 1726 1725 1727
f 1726 1727 1728
f 1728 1727 1729
f 1728 1729 1730
f 1730 1729 1731
f 1731 1729 1732
f 1731 1732 1733
f 1733 1732 1734
f 1733 1734 1735
f 1735 1734 1736
f 1735 1736 1737
f 1737 1736 1738
f 1737 1738 1698
f 1698 1738 1700
f 1690 1739 1692
f 1692 1739 1740
f 1692 1740 1694
f 1694 1740 1741
f 1694 1741 1696
f 1696 1741 1737
f 1696 1737 1698
f 1740 1739 1742
f 1742 1739 1731
f 1742 1731 1733
f 1720 1743 1718
f 1718 1743 1744
f 1718 1744 1716
f 1716 1744 1745
f 1716 1745 1714
f 1714 1745 1746
f 1714 1746 1712
f 1712 1746 1682
f 1744 1743 1747
f 1747 1743 1748
f 1747 1748 1749
f 1749 1748 1680
f 1749 1680 1685
f 1682 1746 1685
f 1685 1746 1750
f 1685 1750 1749
f 1749 1750 1747
f 1709 1667 1751
f 1751 1667 1669
f 1751 1669 1752
f 1751 1752 1753
f 1753 1752 1754
f 1753 1754 1755
f 1755 1754 1756
f 1755 1756 1703
f 1703 1756 1701
f 1754 1757 1756
f 1756 1757 1758
f 1756 1758 1701
f 1701 1758 1699
f 1758 1757 1759
f 1759 1757 1760
f 1759 1760 1761
f 1761 1760 1762
f 1761 1762 1763
f 1763 1762 1764
f 1763 1764 1765
f 1765 1764 1687
f 1765 1687 1689
f 1732 1729 1766
f 1766 1729 1727
f 1766 1727 1767
f 1767 1727 1725
f 1767 1725 1768
f 1768 1725 1723
f 1768 1723 1769
f 1769 1723 1721
f 1769 1721 1770
f 1770 1721 1719
f 1770 1719 1717
f 1741 1740 1742
f 1741 1742 1735
f 1735 1742 1733
f 1765 1689 1691
f 1765 1691 1693
f 1732 1766 1734
f 1734 1766 1771
f 1734 1771 1736
f 1736 1771 1772
f 1736 1772 1738
f 1738 1772 1773
f 1738 1773 1700
f 1700 1773 1702
f 1771 1766 1767
f 1737 1741 1735
f 1763 1765 1693
f 1763 1693 1695
f 1771 1767 1774
f 1774 1767 1768
f 1774 1768 1775
f 1775 1768 1769
f 1775 1769 1776
f 1776 1769 1770
f 1776 1770 1777
f 1777 1770 1717
f 1777 1717 1715
f 1761 1763 1695
f 1761 1695 1697
f 1775 1778 1774
f 1774 1778 1772
f 1774 1772 1771
f 1772 1778 1773
f 1773 1778 1779
f 1773 1779 1702
f 1702 1779 1704
f 1778 1775 1780
f 1780 1775 1776
f 1780 1776 1781
f 1781 1776 1777
f 1781 1777 1782
f 1782 1777 1715
f 1782 1715 1713
f 1761 1697 1759
f 1759 1697 1699
f 1759 1699 1758
f 1781 1783 1780
f 1780 1783 1779
f 1780 1779 1778
f 1706 1704 1783
f 1783 1704 1779
f 1783 1781 1784
f 1784 1781 1782
f 1784 1782 1785
f 1785 1782 1713
f 1785 1713 1711
f 1755 1703 1705
f 1744 1747 1745
f 1745 1747 1750
f 1745 1750 1746
f 1785 1708 1784
f 1784 1708 1706
f 1784 1706 1783
f 1711 1710 1785
f 1785 1710 1708
f 1755 1705 1753
f 1753 1705 1707
f 1753 1707 1751
f 1751 1707 1709
f 1786 1787 1788
f 1788 1787 1789
f 1788 1789 1790
f 1790 1789 1791
f 1790 1791 1792
f 1792 1791 1793
f 1792 1793 1794
f 1794 1793 1795
f 1794 1795 1796
f 1796 1795 1797
f 1796 1797 1798
f 1798 1797 1799
f 1798 1799 1800
f 1800 1799 1801
f 1800 1801 1730
f 1789 1787 1802
f 1802 1787 1803
f 1802 1803 1804
f 1804 1803 1805
f 1804 1805 1795
f 1795 1805 1797
f 1803 1806 1805
f 1805 1806 1807
f 1805 1807 1797
f 1797 1807 1799
f 1806 1808 1807
f 1807 1808 1809
f 1807 1809 1801
f 1730 1731 1800
f 1800 1731 1798
f 1731 1739 1798
f 1798 1739 1796
f 1796 1739 1794
f 1794 1739 1690
f 1794 1690 1792
f 1792 1690 1688
f 1792 1688 1790
f 1807 1801 1799
f 1791 1789 1802
f 1795 1793 1804
f 1804 1793 1802
f 1793 1791 1802
f 1810 1811 1812
f 1812 1811 1813
f 1812 1813 1814
f 1814 1813 1815
f 1814 1815 1816
f 1816 1815 1817
f 1816 1817 1818
f 1818 1817 1819
f 1818 1819 1820
f 1820 1819 1821
f 1820 1821 1822
f 1822 1821 1823
f 1822 1823 1824
f 1824 1823 1825
f 1824 1825 1826
f 1826 1825 1827
f 1826 1827 1828
f 1828 1827 1829
f 1828 1829 1830
f 1830 1829 1831
f 1830 1831 1832
f 1832 1831 1833
f 1832 1833 1834
f 1834 1833 1835
f 1834 1835 1787
f 1787 1835 1803
f 1803 1835 1836
f 1803 1836 1837
f 1837 1836 1838
f 1837 1838 1839
f 1839 1838 1840
f 1839 1840 1841
f 1841 1840 1842
f 1841 1842 1843
f 1843 1842 1844
f 1843 1844 1845
f 1845 1844 1846
f 1845 1846 1847
f 1847 1846 1848
f 1847 1848 1849
f 1849 1848 1827
f 1849 1827 1825
f 1813 1850 1815
f 1815 1850 1851
f 1815 1851 1817
f 1817 1851 1852
f 1817 1852 1819
f 1819 1852 1853
f 1819 1853 1821
f 1821 1853 1854
f 1821 1854 1823
f 1823 1854 1855
f 1823 1855 1825
f 1825 1855 1849
f 1851 1850 1856
f 1856 1850 1857
f 1856 1857 1858
f 1858 1857 1859
f 1858 1859 1860
f 1858 1860 1861
f 1861 1860 1862
f 1861 1862 1863
f 1863 1862 1864
f 1863 1864 1865
f 1865 1864 1866
f 1865 1866 1867
f 1867 1866 1847
f 1867 1847 1849
f 1864 1868 1866
f 1866 1868 1845
f 1866 1845 1847
f 1868 1843 1845
f 1841 1869 1839
f 1839 1869 1870
f 1839 1870 1837
f 1837 1870 1806
f 1837 1806 1803
f 1869 1808 1870
f 1870 1808 1806
f 1834 1787 1871
f 1871 1787 1786
f 1871 1786 1872
f 1871 1872 1873
f 1873 1872 1874
f 1873 1874 1875
f 1875 1874 1876
f 1875 1876 1828
f 1828 1876 1826
f 1874 1877 1876
f 1876 1877 1878
f 1876 1878 1826
f 1826 1878 1824
f 1877 1879 1878
f 1878 1879 1880
f 1878 1880 1824
f 1824 1880 1822
f 1880 1879 1881
f 1881 1879 1882
f 1881 1882 1883
f 1883 1882 1884
f 1883 1884 1818
f 1818 1884 1816
f 1882 1885 1884
f 1884 1885 1886
f 1884 1886 1816
f 1816 1886 1814
f 1885 1810 1886
f 1886 1810 1812
f 1886 1812 1814
f 1852 1851 1856
f 1856 1858 1887
f 1887 1858 1861
f 1887 1861 1888
f 1888 1861 1863
f 1888 1863 1889
f 1889 1863 1865
f 1889 1865 1867
f 1853 1852 1887
f 1887 1852 1856
f 1853 1887 1888
f 1854 1853 1888
f 1854 1888 1889
f 1883 1818 1820
f 1854 1889 1855
f 1855 1889 1867
f 1855 1867 1849
f 1883 1820 1881
f 1881 1820 1822
f 1881 1822 1880
f 1846 1844 1890
f 1890 1844 1842
f 1890 1842 1891
f 1891 1842 1840
f 1891 1840 1838
f 1848 1846 1892
f 1892 1846 1890
f 1892 1890 1893
f 1893 1890 1891
f 1893 1891 1894
f 1894 1891 1838
f 1894 1838 1836
f 1827 1848 1829
f 1829 1848 1892
f 1829 1892 1831
f 1831 1892 1893
f 1831 1893 1833
f 1833 1893 1894
f 1833 1894 1835
f 1835 1894 1836
f 1875 1828 1830
f 1875 1830 1873
f 1873 1830 1832
f 1873 1832 1871
f 1871 1832 1834
f 1895 1896 1897
f 1897 1896 1898
f 1897 1898 1899
f 1899 1898 1900
f 1899 1900 1901
f 1901 1900 1902
f 1901 1902 1903
f 1903 1902 1904
f 1903 1904 1905
f 1905 1904 1906
f 1905 1906 1907
f 1907 1906 1908
f 1907 1908 1859
f 1896 1895 1909
f 1909 1895 1910
f 1909 1910 1911
f 1911 1910 1912
f 1911 1912 1902
f 1902 1912 1904
f 1910 1913 1912
f 1912 1913 1914
f 1912 1914 1904
f 1904 1914 1906
f 1913 1908 1914
f 1914 1908 1906
f 1859 1857 1907
f 1907 1857 1905
f 1857 1850 1905
f 1905 1850 1903
f 1903 1850 1901
f 1901 1850 1813
f 1901 1813 1899
f 1899 1813 1811
f 1899 1811 1897
f 1898 1896 1909
f 1902 1900 1911
f 1911 1900 1909
f 1900 1898 1909
f 1915 1916 1917
f 1917 1916 1918
f 1917 1918 1919
f 1919 1918 1920
f 1919 1920 1921
f 1921 1920 1922
f 1921 1922 1923
f 1923 1922 1924
f 1923 1924 1925
f 1925 1924 1926
f 1925 1926 1927
f 1927 1926 1928
f 1927 1928 1929
f 1929 1928 1930
f 1929 1930 1931
f 1931 1930 1932
f 1931 1932 1910
f 1910 1932 1913
f 1913 1932 1933
f 1913 1933 1908
f 1908 1933 1934
f 1934 1933 1935
f 1934 1935 1936
f 1936 1935 1930
f 1936 1930 1928
f 1920 1937 1922
f 1922 1937 1938
f 1922 1938 1924
f 1924 1938 1939
f 1924 1939 1926
f 1926 1939 1940
f 1926 1940 1928
f 1928 1940 1936
f 1937 2 1938
f 1938 2 1934
f 1938 1934 1939
f 1939 1934 1940
f 1931 1910 1941
f 1941 1910 1895
f 1941 1895 1942
f 1942 1895 1897
f 1942 1897 1915
f 1943 1915 1944
f 1944 1915 1945
f 1944 1945 1946
f 1946 1945 1947
f 1946 1947 1923
f 1923 1947 1921
f 1936 1940 1934
f 1921 1947 1919
f 1919 1947 1948
f 1919 1948 1917
f 1917 1948 1915
f 1945 1915 1948
f 1927 1949 1925
f 1925 1949 1946
f 1925 1946 1923
f 1943 1944 1949
f 1949 1944 1946
f 1949 1927 1950
f 1950 1927 1929
f 1950 1929 1941
f 1941 1929 1931
f 1915 1943 1942
f 1942 1943 1950
f 1942 1950 1941
f 1950 1943 1949
f 1947 1945 1948
f 1935 1933 1932
f 1935 1932 1930
f 1414 1412 1916
f 1916 1412 1918
f 1918 1412 1378
f 1918 1378 1920
f 1920 1378 1380
f 1920 1380 1937
f 1937 1380 4
f 1937 4 2
f 1680 1748 1951
f 1951 1748 1952
f 1952 1748 1743
f 1952 1743 1953
f 1953 1743 1720
f 1953 1720 1954
f 1954 1720 1722
f 1954 1722 1955
f 1955 1722 1724
f 1955 1724 1956
f 1956 1724 1726
f 1956 1726 1957
f 1957 1726 1728
f 1957 1728 1958
f 1958 1728 1730
f 1730 1801 1958
f 1958 1801 1959
f 1959 1801 1809
f 1959 1809 1808
f 1808 1869 1959
f 1959 1869 1960
f 1960 1869 1841
f 1960 1841 1961
f 1961 1841 1843
f 1961 1843 1962
f 1962 1843 1868
f 1962 1868 1963
f 1963 1868 1864
f 1963 1864 1964
f 1964 1864 1862
f 1964 1862 1965
f 1965 1862 1860
f 1965 1860 1966
f 1966 1860 1859
f 1859 1908 1966
f 1966 1908 1967
f 1967 1908 1968
f 1968 1908 1934
f 1968 1934 1969
f 1969 1934 2
f 1969 2 1
f 4 1384 5
f 5 1384 1970
f 1970 1384 1385
f 1970 1385 1971
f 1971 1385 1410
f 1971 1410 1972
f 1972 1410 1408
f 1972 1408 1407
f 1972 1407 1973
f 1973 1407 1404
f 1973 1404 1974
f 1974 1404 1400
f 1974 1400 1975
f 1975 1400 1397
f 1356 1810 1357
f 1357 1810 1885
f 1357 1885 1882
f 1810 1356 1811
f 1811 1356 1429
f 1811 1429 1897
f 1897 1429 1428
f 1897 1428 1425
f 1425 1422 1897
f 1897 1422 1915
f 1915 1422 1417
f 1915 1417 1415
f 1414 1916 1415
f 1415 1916 1915
f 1357 1882 1976
f 1976 1882 1879
f 1976 1879 1977
f 1977 1879 1877
f 1977 1877 1978
f 1978 1877 1979
f 1979 1877 1874
f 1979 1874 1980
f 1980 1874 1872
f 1980 1872 1981
f 1981 1872 1786
f 1981 1786 1982
f 1982 1786 1788
f 1982 1788 1983
f 1983 1788 1790
f 1983 1790 1688
f 1983 1688 1984
f 1984 1688 1687
f 1984 1687 1985
f 1985 1687 1764
f 1985 1764 1986
f 1986 1764 1762
f 1986 1762 1987
f 1987 1762 1988
f 1988 1762 1760
f 1988 1760 1989
f 1989 1760 1757
f 1989 1757 1754
f 1989 1754 1531
f 1531 1754 1752
f 1531 1752 1669
f 1531 1669 1607
f 1607 1669 1631
f 1607 1631 1608
f 1608 1631 1615
f 1615 1631 1617
f 1617 1631 1630
f 1617 1630 1552
f 1552 1630 1625
f 1552 1625 1553
f 1989 1531 1990
f 1990 1531 1530
f 1990 1530 1991
f 1991 1530 1992
f 1992 1530 1993
f 1993 1530 1994
f 1994 1530 1458
f 1994 1458 1995
f 1995 1458 1457
f 1995 1457 1996
f 1996 1457 1522
f 1996 1522 1520
f 1996 1520 1997
f 1997 1520 1513
f 1997 1513 1998
f 1998 1513 1512
f 1998 1512 1999
f 1999 1512 1436
f 1999 1436 2000
f 2000 1436 1435
f 2000 1435 2001
f 2001 1435 2002
f 2002 1435 2003
f 2003 1435 2004
f 2004 1435 1357
f 2004 1357 1976
f 5 492 6
f 6 492 537
f 6 537 2005
f 459 512 1975
f 1975 512 1974
f 1974 512 497
f 1974 497 1973
f 1973 497 496
f 1973 496 1972
f 1972 496 495
f 1972 495 484
f 1972 484 1971
f 1971 484 483
f 1971 483 1970
f 1970 483 493
f 1970 493 5
f 5 493 492
f 407 456 1078
f 1078 456 2006
f 2006 456 459
f 2006 459 1975
f 1073 2007 1072
f 1072 2007 2008
f 1072 2008 2009
f 1073 1074 2007
f 2007 1074 1075
f 2007 1075 1076
f 1076 1077 2007
f 2007 1077 1078
f 2007 1078 2010
f 2010 1078 2011
f 2011 1078 2012
f 2012 1078 2013
f 2013 1078 2014
f 2014 1078 2015
f 2015 1078 2006
f 2016 2017 2010
f 2010 2017 2018
f 2010 2018 2019
f 2019 2020 2010
f 2010 2020 2021
f 2010 2021 2007
f 2007 2022 2008
f 2008 2022 2023
f 2008 2023 2024
f 2024 2025 2008
f 2008 2025 2026
f 2009 2027 1072
f 1072 2027 2028
f 1072 2028 2029
f 2029 2030 1072
f 1072 2030 1071
f 1975 1397 2031
f 2031 1397 1448
f 2031 1448 2032
f 2032 1448 1452
f 2031 2006 1975
f 1452 1483 2032
f 2032 1483 2033
f 2033 1483 1484
f 2033 1484 2034
f 2034 1484 1509
f 2034 1509 2035
f 2035 1509 1507
f 2035 1507 1506
f 2035 1506 2036
f 2036 1506 1503
f 2036 1503 2037
f 2037 1503 1499
f 2037 1499 2038
f 2038 1499 1496
f 1496 1542 2038
f 2038 1542 2039
f 2039 1542 1545
f 2039 1545 1070
f 1070 1071 2039
f 1545 1578 1070
f 1070 1578 1069
f 1069 1578 1579
f 1069 1579 1068
f 1068 1579 1604
f 1068 1604 1067
f 1067 1604 1602
f 1067 1602 1601
f 1067 1601 1066
f 1066 1601 1598
f 1066 1598 1065
f 1065 1598 1594
f 1065 1594 1064
f 1064 1594 1591
f 1140 1137 2040
f 2040 1137 2041
f 2041 1137 1135
f 2041 1135 2042
f 2042 1135 1134
f 2042 1134 2043
f 2043 1134 2044
f 2044 1134 1133
f 1133 1132 2044
f 2044 1132 2045
f 1189 1192 2046
f 2046 1192 2047
f 2047 1192 2048
f 2048 1192 1197
f 2048 1197 2049
f 2049 1197 1196
f 2049 1196 1198
f 1198 2050 2049
f 1198 2051 2050
f 2050 2051 2052
f 2050 2052 2053
f 2051 1198 2054
f 2054 1198 1195
f 2054 1195 2055
f 2056 2057 2053
f 2053 2057 2050
f 2058 1154 2059
f 2059 1154 1152
f 2059 1152 1150
f 2059 1150 2060
f 2060 1150 1148
f 2060 1148 2061
f 2061 1148 2062
f 2062 1148 1146
f 2063 2064 2065
f 2065 2064 2066
f 2065 2066 2067
f 2067 1153 2065
f 2065 1153 1154
f 2065 1154 2068
f 2068 1154 2058
f 2068 2058 2069
f 2069 2058 2070
f 2070 2058 2071
f 2070 2071 2072
f 2073 1200 2074
f 2074 1200 1199
f 2074 1199 2075
f 2075 1199 1181
f 2075 1181 2076
f 2076 1181 1182
f 2076 1182 2077
f 2077 1182 1185
f 1189 2046 1190
f 1190 2046 2077
f 1190 2077 1191
f 1191 2077 1185
f 1346 701 1347
f 1347 701 722
f 1347 722 720
f 1347 720 1348
f 1348 720 718
f 1348 718 1349
f 1349 718 716
f 1349 716 1350
f 1350 716 714
f 1350 714 1351
f 1351 714 711
f 1351 711 1352
f 1352 711 710
f 1352 710 1353
f 1353 710 1339
f 1339 710 712
f 701 1346 675
f 675 1346 2078
f 2078 1346 2079
f 2079 1346 1340
f 712 741 1339
f 1339 741 1041
f 2080 2068 2081
f 2081 2068 2069
f 2081 2069 2082
f 2082 2069 2070
f 2082 2070 2083
f 2083 2070 2072
f 2083 2072 2084
f 2084 2072 2071
f 2083 2084 2085
f 2085 2084 2086
f 2085 2086 2087
f 2087 2086 2088
f 2087 2088 2089
f 2089 2088 2090
f 2089 2090 2091
f 2091 2090 2052
f 2091 2052 2051
f 2086 2057 2088
f 2088 2057 2092
f 2088 2092 2090
f 2090 2092 2053
f 2090 2053 2052
f 2057 2056 2092
f 2092 2056 2053
f 2051 2080 2091
f 2091 2080 2093
f 2091 2093 2089
f 2089 2093 2094
f 2089 2094 2087
f 2087 2094 2085
f 2093 2080 2095
f 2095 2080 2096
f 2095 2096 2097
f 2097 2096 2082
f 2097 2082 2083
f 2096 2080 2081
f 2096 2081 2082
f 2083 2085 2097
f 2097 2085 2094
f 2097 2094 2095
f 2095 2094 2093
f 2065 2068 2098
f 2098 2068 2080
f 2098 2080 2099
f 2099 2080 2051
f 2099 2051 2100
f 2100 2051 2054
f 2100 2054 2055
f 2055 2101 2100
f 2100 2101 2099
f 2101 2102 2099
f 2099 2102 2098
f 2102 2103 2098
f 2098 2103 2065
f 2104 2063 2103
f 2103 2063 2065
f 1081 1083 1079
f 1079 1083 2105
f 2105 1083 1085
f 2105 1085 1206
f 1206 1085 1087
f 1206 1087 1099
f 1099 1102 1206
f 1206 1102 1100
f 1206 1100 1095
f 2106 835 2107
f 2107 835 836
f 2107 836 2108
f 2108 836 843
f 2108 843 2109
f 2109 843 842
f 2109 842 2110
f 2110 842 812
f 2110 812 2111
f 2109 2110 2112
f 2112 2110 2113
f 2112 2113 2114
f 2114 2113 2115
f 2114 2115 2116
f 2116 2115 2117
f 2116 2117 2118
f 2116 2118 2119
f 2119 2118 2106
f 2119 2106 2107
f 2119 2107 2108
f 2108 2109 2120
f 2120 2109 2112
f 2120 2112 2114
f 2114 2116 2120
f 2120 2116 2119
f 2120 2119 2108
f 911 859 2121
f 2121 859 858
f 2121 858 2122
f 2122 858 891
f 2122 891 2123
f 2123 891 889
f 2123 889 835
f 835 2106 2123
f 2123 2106 2124
f 2123 2124 2125
f 2125 2124 2126
f 2125 2126 2127
f 2127 2126 2128
f 2128 2126 2117
f 2117 2126 2118
f 2118 2126 2124
f 2118 2124 2106
f 2125 2127 2129
f 2129 2127 2130
f 2129 2130 2131
f 2131 2130 1129
f 2131 1129 911
f 2131 911 2121
f 2129 2131 2122
f 2122 2131 2121
f 2129 2122 2125
f 2125 2122 2123
f 2064 2063 1153
f 1153 2063 2104
f 1153 2104 1151
f 1151 2104 2132
f 1151 2132 2133
f 2133 2132 2134
f 2133 2134 2135
f 2135 2134 2136
f 2135 2136 2137
f 2137 2136 2138
f 2137 2138 2139
f 2139 2138 2140
f 2139 2140 2141
f 2141 2140 2142
f 2141 2142 2143
f 2143 2142 2144
f 2143 2144 2145
f 2145 2144 2146
f 2145 2146 2147
f 2147 2146 2148
f 2147 2148 2149
f 2149 2148 2150
f 2149 2150 2151
f 2151 2150 2152
f 2151 2152 2153
f 2153 2152 2154
f 2153 2154 2155
f 2155 2154 2156
f 2155 2156 1155
f 1155 2156 1156
f 1156 2156 2157
f 1156 2157 1157
f 1157 2157 2158
f 1157 2158 1158
f 1158 2158 1159
f 1159 2158 2159
f 1159 2159 1161
f 1161 2159 2160
f 1161 2160 1162
f 1162 2160 2161
f 1162 2161 1163
f 1163 2161 2162
f 1163 2162 1164
f 1164 2162 2163
f 1164 2163 1165
f 1165 2163 2164
f 1165 2164 1166
f 1166 2164 2165
f 1166 2165 1167
f 1167 2165 2166
f 1167 2166 1169
f 1169 2166 1170
f 1170 2166 2167
f 1170 2167 1171
f 1171 2167 2168
f 1171 2168 1172
f 1172 2168 2169
f 1172 2169 1173
f 1173 2169 2170
f 1173 2170 1174
f 1174 2170 2171
f 1174 2171 1175
f 1175 2171 2172
f 1175 2172 1177
f 1177 2172 1178
f 1178 2172 2173
f 1178 2173 1179
f 1179 2173 1180
f 1180 2173 2174
f 2174 2173 2175
f 2174 2175 2176
f 2176 2175 2177
f 2176 2177 2178
f 2178 2177 2179
f 2178 2179 2180
f 2180 2179 2181
f 2180 2181 2182
f 2182 2181 2183
f 2183 2181 2184
f 2183 2184 2185
f 2185 2184 2186
f 2185 2186 2187
f 2187 2186 2188
f 2187 2188 2189
f 2189 2188 2190
f 2189 2190 2191
f 2191 2190 2169
f 2191 2169 2168
f 2132 2104 2192
f 2192 2104 2103
f 2192 2103 2193
f 2193 2103 2102
f 2193 2102 2194
f 2194 2102 2101
f 2194 2101 2195
f 2195 2101 2055
f 2195 2055 2196
f 2196 2055 1194
f 2196 1194 2197
f 2197 1194 1193
f 2197 1193 2198
f 2198 1193 1188
f 2198 1188 2199
f 2199 1188 1187
f 2199 1187 2200
f 2200 1187 1186
f 2200 1186 1184
f 2055 1195 1194
f 2200 1184 2201
f 2201 1184 1183
f 2201 1183 2174
f 2174 1183 1180
f 2201 2174 2202
f 2202 2174 2203
f 2202 2203 2204
f 2204 2203 2205
f 2204 2205 2206
f 2206 2205 2207
f 2206 2207 2208
f 2208 2207 2209
f 2208 2209 2210
f 2208 2210 2211
f 2211 2210 2212
f 2211 2212 2213
f 2213 2212 2214
f 2213 2214 2215
f 2215 2214 2216
f 2215 2216 2217
f 2217 2216 2218
f 2217 2218 2219
f 2219 2218 2220
f 2219 2220 2221
f 2221 2220 2222
f 2221 2222 2223
f 2223 2222 2224
f 2223 2224 2225
f 2225 2224 2226
f 2225 2226 2227
f 2227 2226 2134
f 2227 2134 2132
f 2220 2228 2222
f 2222 2228 2229
f 2222 2229 2224
f 2224 2229 2230
f 2224 2230 2226
f 2226 2230 2136
f 2226 2136 2134
f 2228 2231 2229
f 2229 2231 2232
f 2229 2232 2230
f 2230 2232 2138
f 2230 2138 2136
f 2232 2231 2140
f 2140 2231 2142
f 2144 2233 2146
f 2146 2233 2148
f 2148 2233 2234
f 2234 2233 2235
f 2234 2235 2236
f 2236 2235 2237
f 2236 2237 2238
f 2238 2237 2239
f 2238 2239 2240
f 2240 2239 2241
f 2240 2241 2242
f 2242 2241 2243
f 2242 2243 2158
f 2158 2243 2159
f 2235 2244 2237
f 2237 2244 2245
f 2237 2245 2239
f 2239 2245 2246
f 2239 2246 2241
f 2241 2246 2247
f 2241 2247 2243
f 2243 2247 2248
f 2243 2248 2159
f 2159 2248 2160
f 2245 2244 2249
f 2249 2244 2250
f 2249 2250 2251
f 2251 2250 2252
f 2251 2252 2253
f 2253 2252 2254
f 2253 2254 2255
f 2255 2254 2256
f 2255 2256 2257
f 2257 2256 2258
f 2257 2258 2162
f 2162 2258 2163
f 2250 2259 2252
f 2252 2259 2260
f 2252 2260 2254
f 2254 2260 2261
f 2254 2261 2256
f 2256 2261 2262
f 2256 2262 2258
f 2258 2262 2263
f 2258 2263 2163
f 2163 2263 2164
f 2260 2259 2264
f 2264 2259 2265
f 2264 2265 2266
f 2266 2265 2267
f 2266 2267 2268
f 2268 2267 2269
f 2268 2269 2270
f 2270 2269 2271
f 2270 2271 2272
f 2272 2271 2273
f 2272 2273 2274
f 2274 2273 2275
f 2274 2275 2167
f 2167 2275 2168
f 2267 2276 2269
f 2269 2276 2277
f 2269 2277 2271
f 2271 2277 2278
f 2271 2278 2273
f 2273 2278 2279
f 2273 2279 2275
f 2275 2279 2191
f 2275 2191 2168
f 2277 2276 2280
f 2280 2276 2281
f 2280 2281 2282
f 2282 2281 2185
f 2282 2185 2187
f 2281 2183 2185
f 2180 2182 2283
f 2283 2182 2284
f 2283 2284 2285
f 2285 2284 2207
f 2285 2207 2205
f 2285 2205 2286
f 2286 2205 2203
f 2286 2203 2176
f 2176 2203 2174
f 1155 1136 2155
f 2155 1136 2287
f 2155 2287 2153
f 2153 2287 2288
f 2153 2288 2151
f 2151 2288 2289
f 2151 2289 2149
f 2149 2289 2290
f 2149 2290 2147
f 2147 2290 2291
f 2147 2291 2145
f 2145 2291 2143
f 1136 1138 2287
f 2287 1138 2292
f 2287 2292 2288
f 2288 2292 2293
f 2288 2293 2294
f 2294 2293 2295
f 2294 2295 2296
f 2296 2295 2297
f 2296 2297 2298
f 2298 2297 2299
f 2298 2299 2300
f 2300 2299 2139
f 2300 2139 2141
f 1138 1139 2292
f 2292 1139 2293
f 1139 1141 2293
f 2293 1141 2295
f 1141 1142 2295
f 2295 1142 2301
f 2295 2301 2297
f 2297 2301 2302
f 2297 2302 2299
f 2299 2302 2137
f 2299 2137 2139
f 1142 1145 2301
f 2301 1145 1147
f 2301 1147 2303
f 2303 1147 1149
f 2303 1149 2133
f 2133 1149 1151
f 2067 2066 1153
f 1153 2066 2064
f 2140 2138 2232
f 2132 2192 2227
f 2227 2192 2304
f 2227 2304 2225
f 2225 2304 2305
f 2225 2305 2223
f 2223 2305 2306
f 2223 2306 2221
f 2221 2306 2219
f 2192 2193 2304
f 2304 2193 2307
f 2304 2307 2305
f 2305 2307 2308
f 2305 2308 2306
f 2306 2308 2309
f 2306 2309 2219
f 2219 2309 2217
f 2193 2194 2307
f 2307 2194 2310
f 2307 2310 2308
f 2308 2310 2311
f 2308 2311 2309
f 2309 2311 2312
f 2309 2312 2217
f 2217 2312 2215
f 2194 2195 2310
f 2310 2195 2313
f 2310 2313 2311
f 2311 2313 2314
f 2311 2314 2312
f 2312 2314 2315
f 2312 2315 2215
f 2215 2315 2213
f 2195 2196 2313
f 2313 2196 2316
f 2313 2316 2314
f 2314 2316 2317
f 2314 2317 2315
f 2315 2317 2318
f 2315 2318 2213
f 2213 2318 2211
f 2196 2197 2316
f 2316 2197 2319
f 2316 2319 2317
f 2317 2319 2320
f 2317 2320 2318
f 2318 2320 2321
f 2318 2321 2211
f 2211 2321 2208
f 2197 2198 2319
f 2319 2198 2322
f 2319 2322 2320
f 2320 2322 2323
f 2320 2323 2321
f 2321 2323 2206
f 2321 2206 2208
f 2198 2199 2322
f 2322 2199 2324
f 2322 2324 2323
f 2323 2324 2204
f 2323 2204 2206
f 2199 2200 2324
f 2324 2200 2202
f 2324 2202 2204
f 2201 2202 2200
f 2141 2143 2300
f 2300 2143 2291
f 2300 2291 2298
f 2298 2291 2290
f 2298 2290 2296
f 2296 2290 2289
f 2296 2289 2294
f 2294 2289 2288
f 2135 2137 2302
f 2133 2135 2303
f 2303 2135 2302
f 2303 2302 2301
f 2148 2234 2150
f 2150 2234 2325
f 2150 2325 2152
f 2152 2325 2326
f 2152 2326 2154
f 2154 2326 2327
f 2154 2327 2156
f 2156 2327 2157
f 2234 2236 2325
f 2325 2236 2238
f 2325 2238 2326
f 2326 2238 2240
f 2326 2240 2327
f 2327 2240 2242
f 2327 2242 2157
f 2157 2242 2158
f 2251 2328 2249
f 2249 2328 2246
f 2249 2246 2245
f 2246 2328 2247
f 2247 2328 2329
f 2247 2329 2248
f 2248 2329 2330
f 2248 2330 2160
f 2160 2330 2161
f 2329 2328 2253
f 2253 2328 2251
f 2329 2253 2255
f 2329 2255 2330
f 2330 2255 2257
f 2330 2257 2161
f 2161 2257 2162
f 2266 2331 2264
f 2264 2331 2261
f 2264 2261 2260
f 2261 2331 2262
f 2262 2331 2332
f 2262 2332 2263
f 2263 2332 2333
f 2263 2333 2164
f 2164 2333 2165
f 2331 2266 2334
f 2334 2266 2268
f 2334 2268 2270
f 2270 2335 2334
f 2334 2335 2332
f 2334 2332 2331
f 2332 2335 2333
f 2333 2335 2336
f 2333 2336 2165
f 2165 2336 2166
f 2336 2335 2272
f 2272 2335 2270
f 2277 2280 2278
f 2278 2280 2337
f 2278 2337 2279
f 2279 2337 2189
f 2279 2189 2191
f 2336 2272 2274
f 2167 2166 2274
f 2274 2166 2336
f 2282 2187 2337
f 2337 2187 2189
f 2280 2282 2337
f 2186 2184 2338
f 2338 2184 2181
f 2338 2181 2179
f 2188 2186 2339
f 2339 2186 2338
f 2339 2338 2340
f 2340 2338 2179
f 2340 2179 2177
f 2190 2188 2341
f 2341 2188 2339
f 2341 2339 2342
f 2342 2339 2340
f 2342 2340 2343
f 2343 2340 2177
f 2343 2177 2175
f 2169 2190 2170
f 2170 2190 2341
f 2170 2341 2171
f 2171 2341 2342
f 2171 2342 2172
f 2172 2342 2343
f 2172 2343 2173
f 2173 2343 2175
f 2180 2283 2178
f 2178 2283 2286
f 2178 2286 2176
f 2285 2286 2283
f 2284 2344 2207
f 2207 2344 2345
f 2207 2345 2209
f 2209 2345 2346
f 2209 2346 2210
f 2210 2346 2212
f 2212 2346 2347
f 2212 2347 2214
f 2214 2347 2348
f 2214 2348 2216
f 2216 2348 2218
f 2218 2348 2349
f 2218 2349 2220
f 2220 2349 2350
f 2220 2350 2228
f 2228 2350 2231
f 2231 2350 2351
f 2231 2351 2142
f 2142 2351 2352
f 2142 2352 2144
f 2144 2352 2353
f 2144 2353 2233
f 2233 2353 2354
f 2233 2354 2235
f 2235 2354 2355
f 2235 2355 2244
f 2244 2355 2356
f 2244 2356 2250
f 2250 2356 2357
f 2250 2357 2259
f 2259 2357 2358
f 2259 2358 2265
f 2265 2358 2359
f 2265 2359 2267
f 2267 2359 2360
f 2267 2360 2276
f 2276 2360 2361
f 2276 2361 2281
f 2281 2361 2362
f 2281 2362 2183
f 2183 2362 2363
f 2183 2363 2182
f 2182 2363 2364
f 2182 2364 2284
f 2284 2364 2344
f 2365 2366 2367
f 2367 2366 2368
f 2367 2368 2369
f 2369 2368 2370
f 2369 2370 2371
f 2371 2370 2372
f 2371 2372 2373
f 2373 2372 2374
f 2373 2374 2375
f 2375 2374 2376
f 2375 2376 2377
f 2377 2376 2378
f 2377 2378 2379
f 2379 2378 2380
f 2379 2380 2381
f 2381 2380 2382
f 2381 2382 2383
f 2383 2382 2384
f 2383 2384 2385
f 2385 2384 2386
f 2386 2384 2387
f 2386 2387 2388
f 2388 2387 2389
f 2389 2387 2390
f 2390 2387 2391
f 2390 2391 2392
f 2392 2391 2393
f 2392 2393 2394
f 2394 2393 2395
f 2394 2395 2396
f 2396 2395 2397
f 2396 2397 2398
f 2398 2397 2376
f 2398 2376 2374
f 2366 2399 2368
f 2368 2399 2400
f 2368 2400 2370
f 2370 2400 2401
f 2370 2401 2372
f 2372 2401 2402
f 2372 2402 2374
f 2374 2402 2398
f 2399 2403 2400
f 2400 2403 2404
f 2400 2404 2405
f 2400 2405 2401
f 2401 2405 2406
f 2401 2406 2402
f 2402 2406 2407
f 2402 2407 2398
f 2398 2407 2396
f 2385 2408 2383
f 2376 2397 2378
f 2378 2397 2395
f 2378 2395 2380
f 2380 2395 2393
f 2380 2393 2382
f 2382 2393 2391
f 2382 2391 2384
f 2384 2391 2387
f 2385 2386 2408
f 2408 2386 2409
f 2409 2386 2388
f 2409 2388 2389
f 2404 2361 2389
f 2389 2361 2360
f 2389 2360 2359
f 2403 2410 2404
f 2404 2410 2363
f 2404 2363 2362
f 2403 2399 2410
f 2410 2399 2365
f 2365 2399 2366
f 2411 2344 2410
f 2410 2344 2364
f 2410 2364 2363
f 2344 2411 2345
f 2345 2411 2412
f 2345 2412 2413
f 2413 2412 2414
f 2413 2414 2415
f 2415 2416 2413
f 2413 2416 2417
f 2417 2416 2418
f 2417 2418 2419
f 2419 2418 2420
f 2420 2418 2005
f 2005 2418 6
f 6 2418 2421
f 6 2421 2422
f 2422 2016 6
f 2413 2423 2345
f 2345 2423 2346
f 2346 2423 21
f 2346 21 23
f 2423 2424 21
f 21 2424 19
f 19 2424 2425
f 19 2425 27
f 27 2425 2426
f 27 2426 45
f 45 2426 2427
f 45 2427 353
f 353 2427 352
f 352 2427 2078
f 352 2078 2428
f 2428 2078 2429
f 2429 2078 2079
f 2429 2079 2430
f 2430 2079 2431
f 2431 2079 2432
f 2432 2079 2433
f 2434 2435 2428
f 2428 2435 2436
f 2428 2436 2437
f 2434 2438 2435
f 2439 347 2437
f 2437 347 348
f 2437 348 349
f 2440 1334 2439
f 2439 1334 364
f 2439 364 365
f 2440 2441 1334
f 1334 2441 1335
f 1335 2441 2442
f 2443 1050 1334
f 1334 1050 362
f 1334 362 363
f 1050 2443 1051
f 1051 2443 2444
f 1051 2444 2445
f 2445 2446 1051
f 1051 2446 2447
f 1050 1053 362
f 362 1053 361
f 361 1053 31
f 361 31 33
f 1053 1054 31
f 31 1054 29
f 29 1054 1055
f 29 1055 15
f 15 1055 1056
f 15 1056 13
f 13 1056 1057
f 13 1057 2354
f 2354 1057 2355
f 2355 1057 1058
f 2355 1058 2448
f 2448 1058 2449
f 2449 1058 2450
f 2450 1058 2451
f 2451 1058 1059
f 2451 1059 2452
f 2452 1059 1060
f 2452 1060 1061
f 1061 1062 2452
f 2452 1062 1063
f 2452 1063 2453
f 2453 1063 2454
f 2454 1063 2026
f 2448 2455 2355
f 2355 2455 2356
f 2356 2455 2409
f 2356 2409 2357
f 2357 2409 2358
f 2358 2409 2389
f 2358 2389 2359
f 7 2350 17
f 17 2350 2349
f 17 2349 2348
f 9 2352 7
f 7 2352 2351
f 7 2351 2350
f 2352 9 2353
f 2353 9 11
f 2353 11 2354
f 2354 11 13
f 361 33 360
f 360 33 35
f 360 35 359
f 359 35 37
f 359 37 358
f 358 37 357
f 357 37 39
f 357 39 356
f 356 39 355
f 355 39 41
f 355 41 354
f 354 41 43
f 354 43 353
f 353 43 45
f 2346 23 2347
f 2347 23 25
f 2347 25 2348
f 2348 25 17
f 2362 2361 2404
f 349 350 2437
f 2437 350 2428
f 350 351 2428
f 2428 351 352
f 363 364 1334
f 365 346 2439
f 2439 346 347
f 2404 2389 2405
f 2405 2389 2390
f 2405 2390 2406
f 2406 2390 2392
f 2406 2392 2407
f 2407 2392 2394
f 2407 2394 2396
f 2456 2457 2458
f 2458 2457 2459
f 2458 2459 2460
f 2460 2459 2461
f 2460 2461 2462
f 2462 2461 2463
f 2462 2463 2464
f 2464 2463 2465
f 2464 2465 2466
f 2466 2465 2467
f 2466 2467 2468
f 2468 2467 2469
f 2468 2469 2470
f 2470 2469 2471
f 2470 2471 2472
f 2472 2471 2473
f 2472 2473 2474
f 2474 2473 2475
f 2474 2475 2476
f 2476 2475 2477
f 2477 2475 2478
f 2477 2478 2479
f 2479 2478 2480
f 2480 2478 2481
f 2481 2478 2482
f 2481 2482 2483
f 2483 2482 2484
f 2483 2484 2485
f 2485 2484 2486
f 2485 2486 2487
f 2487 2486 2488
f 2487 2488 2489
f 2489 2488 2490
f 2489 2490 2491
f 2491 2490 2492
f 2491 2492 2493
f 2493 2492 2494
f 2493 2494 2495
f 2495 2494 2496
f 2495 2496 2497
f 2497 2496 2498
f 2498 2496 2499
f 2499 2496 2459
f 2499 2459 2457
f 2476 2500 2474
f 2461 2459 2496
f 2463 2461 2494
f 2494 2461 2496
f 2465 2463 2492
f 2492 2463 2494
f 2467 2465 2490
f 2490 2465 2492
f 2469 2467 2488
f 2488 2467 2490
f 2471 2469 2486
f 2486 2469 2488
f 2473 2471 2484
f 2484 2471 2486
f 2475 2473 2482
f 2482 2473 2484
f 2478 2475 2482
f 2497 2480 2495
f 2495 2480 2481
f 2495 2481 2493
f 2493 2481 2483
f 2493 2483 2491
f 2491 2483 2485
f 2491 2485 2489
f 2489 2485 2487
f 1214 1213 2501
f 2501 1213 2502
f 2501 2502 2503
f 2503 2502 2438
f 2503 2438 2434
f 1213 1216 2502
f 2502 1216 2504
f 2502 2504 2435
f 2435 2504 2436
f 2436 2504 2505
f 2436 2505 2437
f 1220 2506 1216
f 1216 2506 2504
f 2506 2505 2504
f 2435 2438 2502
f 1219 1262 1217
f 1217 1262 1264
f 1217 1264 1218
f 1218 1264 1266
f 1218 1266 1220
f 1220 1266 1267
f 1220 1267 2506
f 2506 1267 2507
f 2506 2507 2505
f 2505 2507 2508
f 2505 2508 2437
f 2437 2508 2439
f 1267 1265 2507
f 2507 1265 2509
f 2507 2509 2508
f 2508 2509 2440
f 2508 2440 2439
f 1265 1268 2509
f 2509 1268 2510
f 2509 2510 2441
f 2441 2510 2442
f 2442 2510 1333
f 2442 1333 1335
f 1273 1331 1268
f 1268 1331 2510
f 1331 1333 2510
f 2441 2440 2509
f 1680 1951 1656
f 1656 1951 2511
f 2008 2512 2009
f 2009 2512 2513
f 2009 2513 2027
f 2027 2513 2514
f 2027 2514 2028
f 2028 2514 2515
f 2028 2515 2029
f 2029 2515 2516
f 2029 2516 2030
f 2030 2516 2039
f 2030 2039 1071
f 2010 2011 2517
f 2517 2011 2518
f 2518 2011 2012
f 2518 2012 2519
f 2519 2012 2013
f 2519 2013 2520
f 2520 2013 2014
f 2520 2014 2521
f 2521 2014 2015
f 2521 2015 2031
f 2031 2015 2006
f 2522 2523 1988
f 1988 2523 1987
f 1987 2523 2524
f 1987 2524 1986
f 1986 2524 2525
f 1986 2525 1985
f 1985 2525 2526
f 1985 2526 1984
f 2526 2527 1984
f 1984 2527 2528
f 1984 2528 2529
f 2526 2530 2527
f 2529 2531 1984
f 1984 2531 1983
f 1983 2531 2532
f 1983 2532 1982
f 1982 2532 2533
f 1982 2533 1981
f 1981 2533 2534
f 1981 2534 2535
f 2535 2536 1981
f 1981 2536 2537
f 2537 2536 2538
f 1130 2455 1126
f 1126 2455 2448
f 1126 2448 1125
f 1125 2448 2449
f 1125 2449 1124
f 1124 2449 2450
f 1124 2450 1122
f 1122 2450 2451
f 2451 2452 1122
f 1122 2452 1120
f 1981 2537 1980
f 1980 2537 2539
f 1980 2539 1979
f 1979 2539 2540
f 1979 2540 1978
f 1978 2540 2541
f 1978 2541 1977
f 1977 2541 2542
f 2542 2543 1977
f 1977 2543 1976
f 2416 2415 1103
f 1103 2415 1208
f 1208 2415 2414
f 1208 2414 1207
f 1207 2414 2412
f 1207 2412 1205
f 1205 2412 2411
f 1205 2411 1176
f 2409 2455 2544
f 2544 2455 1130
f 2544 1130 2545
f 2545 1130 2546
f 2546 1130 2547
f 2547 1130 1160
f 2547 1160 2548
f 2548 1160 1168
f 2548 1168 2549
f 2549 1168 1176
f 2549 1176 2550
f 2550 1176 2551
f 2551 1176 2552
f 2552 1176 2411
f 2552 2411 2410
f 2443 1336 2444
f 2444 1336 1355
f 2444 1355 2445
f 2445 1355 1354
f 2445 1354 2446
f 2446 1354 1338
f 2446 1338 2447
f 2447 1338 1337
f 2447 1337 1051
f 1051 1337 1052
f 2079 1340 2433
f 2433 1340 1342
f 2433 1342 2432
f 2432 1342 1343
f 2432 1343 2431
f 2431 1343 1344
f 2431 1344 2430
f 2430 1344 1345
f 2430 1345 2429
f 2429 1345 1341
f 1341 1329 2429
f 2429 1329 2553
f 2429 2553 2554
f 1325 1326 1341
f 1341 1326 1327
f 1341 1327 1328
f 1328 1329 1341
f 2554 2428 2429
f 2555 1629 2556
f 2556 1629 1649
f 2556 1649 2557
f 2557 1649 1656
f 2557 1656 2511
f 1064 1591 2558
f 2558 1591 1629
f 2558 1629 2555
f 2558 1063 1064
f 573 2417 555
f 555 2417 2419
f 555 2419 551
f 551 2419 2420
f 551 2420 537
f 537 2420 2005
f 666 610 651
f 651 610 621
f 651 621 653
f 610 666 611
f 611 666 2413
f 611 2413 612
f 612 2413 580
f 580 2413 2417
f 580 2417 573
f 653 652 651
f 2559 2512 2026
f 2026 2512 2008
f 2558 2560 2559
f 2559 2560 2561
f 2559 2561 2512
f 2512 2561 2562
f 2512 2562 2563
f 2555 2564 2558
f 2558 2564 2565
f 2558 2565 2560
f 2555 2556 2564
f 2564 2556 2557
f 2564 2557 2511
f 2564 2511 2522
f 2522 2511 1951
f 2522 1951 1952
f 2522 1952 2523
f 2523 1952 1953
f 2523 1953 1954
f 2523 1954 2524
f 2524 1954 1955
f 2524 1955 2525
f 2525 1955 1956
f 2525 1956 1957
f 1958 2530 1957
f 1957 2530 2526
f 1957 2526 2525
f 1959 2538 1958
f 1958 2538 2480
f 1958 2480 2530
f 2530 2480 2497
f 2530 2497 2456
f 2456 2497 2498
f 2456 2498 2499
f 1959 1960 2538
f 2538 1960 2537
f 2537 1960 2539
f 2539 1960 1961
f 2539 1961 1962
f 2539 1962 2540
f 2540 1962 1963
f 2540 1963 2541
f 2541 1963 1964
f 2541 1964 1965
f 2541 1965 2542
f 2542 1965 1966
f 2542 1966 1967
f 2542 1967 2543
f 2543 1967 1968
f 2543 1968 1969
f 1969 1 2543
f 2543 1 3
f 2543 3 2566
f 2566 3 2567
f 2567 3 2568
f 2567 2568 2569
f 2569 2568 2517
f 2569 2517 2570
f 2570 2517 2571
f 2571 2517 2572
f 2572 2517 2032
f 2572 2032 2573
f 2573 2032 2033
f 2573 2033 2034
f 2517 2518 2032
f 2032 2518 2519
f 2032 2519 2520
f 2520 2521 2032
f 2032 2521 2031
f 2573 2034 2574
f 2574 2034 2035
f 2574 2035 2036
f 2574 2036 2575
f 2575 2036 2037
f 2575 2037 2038
f 2039 2516 2038
f 2038 2516 2515
f 2038 2515 2514
f 2514 2513 2038
f 2038 2513 2512
f 2038 2512 2576
f 2576 2512 2563
f 2576 2575 2038
f 2538 2500 2480
f 2480 2500 2479
f 2479 2500 2477
f 2477 2500 2476
f 2499 2457 2456
f 1206 1204 2105
f 2105 1204 2577
f 2577 1204 1203
f 2577 1203 2578
f 2578 1203 1202
f 2578 1202 2579
f 2579 1202 1201
f 2073 2579 1200
f 1200 2579 1201
f 1140 2040 1143
f 1143 2040 1144
f 1144 2040 2062
f 1144 2062 1146
f 2128 2117 1121
f 1121 2117 2115
f 1121 2115 2580
f 2580 2115 2113
f 2580 2113 2111
f 2111 2113 2110
f 2580 1123 1121
f 1129 2130 1121
f 1121 2130 2127
f 1121 2127 2128
f 1132 1131 2045
f 2045 1131 2581
f 2581 1131 1128
f 2581 1128 2582
f 2582 1128 1127
f 2582 1127 2580
f 2580 1127 1123
f 639 1079 662
f 662 1079 2105
f 662 2105 683
f 683 2105 2577
f 683 2577 682
f 682 2577 2578
f 682 2578 694
f 694 2578 2579
f 694 2579 696
f 696 2579 2073
f 696 2073 667
f 667 2073 668
f 668 2073 734
f 668 734 697
f 697 734 733
f 2074 736 2073
f 2073 736 735
f 2073 735 734
f 736 2074 702
f 702 2074 2075
f 702 2075 2076
f 702 2076 703
f 703 2076 2077
f 703 2077 2046
f 2046 2047 703
f 703 2047 737
f 737 2047 2061
f 737 2061 2062
f 2061 2047 2060
f 2060 2047 2048
f 2060 2048 2059
f 2059 2048 2049
f 2059 2049 2058
f 2058 2049 2050
f 2058 2050 2084
f 2084 2050 2086
f 2086 2050 2057
f 2084 2071 2058
f 2062 2040 737
f 737 2040 2041
f 737 2041 773
f 773 2041 2042
f 773 2042 2043
f 773 2043 774
f 774 2043 2044
f 774 2044 775
f 775 2044 776
f 776 2044 742
f 742 2044 743
f 743 2044 777
f 777 2044 792
f 792 2044 790
f 790 2044 2045
f 790 2045 788
f 788 2045 2581
f 788 2581 786
f 786 2581 2582
f 786 2582 784
f 784 2582 2580
f 784 2580 782
f 782 2580 2111
f 782 2111 812
f 2413 666 2423
f 2423 666 687
f 2423 687 2424
f 2424 687 693
f 2424 693 2425
f 2425 693 691
f 2425 691 2426
f 2426 691 688
f 2426 688 2427
f 2427 688 676
f 2427 676 2078
f 2078 676 675
f 2365 2367 2410
f 2410 2367 2552
f 2552 2367 2369
f 2552 2369 2551
f 2551 2369 2371
f 2551 2371 2550
f 2550 2371 2373
f 2550 2373 2549
f 2549 2373 2375
f 2549 2375 2548
f 2548 2375 2547
f 2547 2375 2377
f 2547 2377 2546
f 2546 2377 2379
f 2546 2379 2545
f 2545 2379 2381
f 2545 2381 2544
f 2544 2381 2383
f 2544 2383 2409
f 2409 2383 2408
f 1103 1104 2416
f 2416 1104 2418
f 2422 1106 2016
f 2016 1106 1107
f 2016 1107 2017
f 2017 1107 1108
f 2017 1108 2018
f 2018 1108 1109
f 2018 1109 2019
f 2019 1109 1110
f 2019 1110 2020
f 2020 1110 1111
f 2020 1111 2021
f 2021 1111 1112
f 2021 1112 2007
f 2007 1112 1113
f 2007 1113 2022
f 2022 1113 1114
f 2022 1114 2023
f 2023 1114 1115
f 2023 1115 2024
f 2024 1115 1116
f 2024 1116 2025
f 2025 1116 1117
f 2025 1117 2026
f 2026 1117 1118
f 2026 1118 2454
f 2454 1118 1119
f 2454 1119 2453
f 2453 1119 1120
f 2453 1120 2452
f 1106 2422 1105
f 1105 2422 2421
f 1105 2421 1104
f 1104 2421 2418
f 2530 2456 2527
f 2527 2456 2458
f 2527 2458 2528
f 2528 2458 2460
f 2528 2460 2529
f 2529 2460 2462
f 2529 2462 2531
f 2531 2462 2464
f 2531 2464 2532
f 2532 2464 2466
f 2532 2466 2533
f 2533 2466 2468
f 2533 2468 2534
f 2534 2468 2470
f 2534 2470 2535
f 2535 2470 2472
f 2535 2472 2536
f 2536 2472 2474
f 2536 2474 2538
f 2538 2474 2500
f 2568 3 2016
f 2016 3 6
f 2016 2010 2568
f 2568 2010 2517
f 2026 1063 2559
f 2559 1063 2558
f 1976 2543 2004
f 2004 2543 2566
f 2004 2566 2003
f 2003 2566 2567
f 2003 2567 2569
f 2003 2569 2002
f 2002 2569 2570
f 2002 2570 2001
f 2001 2570 2571
f 2001 2571 2000
f 2000 2571 1999
f 1999 2571 2572
f 1999 2572 2573
f 1999 2573 1998
f 1998 2573 2574
f 1998 2574 1997
f 1997 2574 1996
f 1996 2574 2575
f 1996 2575 1995
f 1995 2575 2576
f 1995 2576 2563
f 1995 2563 1994
f 1994 2563 2562
f 1994 2562 1993
f 1993 2562 1992
f 1992 2562 2561
f 1992 2561 1991
f 1991 2561 2560
f 1991 2560 2565
f 1991 2565 1990
f 1990 2565 2564
f 1990 2564 1989
f 1988 1989 2522
f 2522 1989 2564
f 1329 1214 2553
f 2553 1214 2501
f 2553 2501 2554
f 2554 2501 2503
f 2554 2503 2428
f 2428 2503 2434
f 2443 1320 1336
f 1336 1320 1321
f 1336 1321 1322
f 1334 1332 2443
f 2443 1332 1330
f 2443 1330 1320
f 1322 1323 1336
f 1336 1323 1324

