# https://github.com/mikedh/trimesh

o tube_lf_1.stl
v 12.38229465 51.32219696 19.57328987
v 14.23843384 47.82723999 19.60420799
v 22.68358231 51.32219696 20.42452812
v 15.10215187 47.53805923 19.66544914
v 22.69548798 47.18259811 20.28046227
v 15.91811085 47.18259811 19.72041893
v 12.39127541 48.19943237 19.46461105
v 13.33277512 48.04819489 19.53711319
v 34.74092102 51.32219696 23.65528297
v 42.46479416 47.82723999 27.16743851
v 44.08771896 51.32219696 28.06873322
v 43.28266907 48.04819489 27.56216240
v 44.13428116 48.19943237 27.97012520
v 41.68617630 47.53805923 26.78861618
v 34.80264664 47.18259811 23.52456474
v 40.95204926 47.18259811 26.42824173
v 31.14170074 43.70709610 17.14532280
v 31.14170074 43.56978989 17.14532280
v 31.24887848 43.70709610 17.10803413
v 31.34737587 43.56108093 17.06090164
v 31.34939957 43.70709610 17.05968094
v 31.43894768 43.70709610 16.99309158
v 31.51279259 43.55709457 16.92455101
v 31.52198029 43.70709610 16.91567230
v 31.52198029 43.55709457 16.91567230
v 31.59878159 43.55709457 16.81320000
v 31.59878159 43.70709610 16.81320000
v 31.66501427 43.55709457 16.70518684
v 31.66501427 43.70709610 16.70518684
v 31.71449280 43.55709457 16.58838654
v 31.71449280 43.70709610 16.58838654
v 31.75433540 43.55709457 16.46653366
v 31.75433540 43.70709610 16.46653366
v 31.77980614 43.55709457 16.34411812
v 31.77980614 43.70709610 16.34411812
v 31.79600716 43.55709457 16.22109222
v 31.79600716 43.70709610 16.22109222
v 31.79654312 43.55709457 16.09703636
v 31.79654312 43.70709610 16.09703636
v 31.78754234 43.55709457 15.97235298
v 31.78754234 43.70709610 15.97235298
v 31.77016640 43.55709457 15.88897514
v 31.76350403 43.70709610 15.86133099
v 31.72821426 43.70709610 15.75537109
v 31.68545723 43.56150818 15.67628098
v 31.67362213 43.70709610 15.65809822
v 31.60706711 43.56669235 15.56620789
v 31.60706711 43.70709610 15.56620789
v 31.51212311 43.70709610 15.48473930
v 31.40983009 43.57489395 15.41580582
v 31.40998268 43.70709610 15.41588879
v 31.29684258 43.70709610 15.36632252
v 31.17752838 43.57783127 15.32758427
v 31.17752838 43.70709610 15.32758427
v 31.05008316 43.70709610 15.30435848
v 30.92209244 43.57457352 15.29701710
v 30.92354393 43.70709610 15.29694843
v 30.79856491 43.70709610 15.31674576
v 30.67455673 43.56532669 15.35346508
v 30.67455673 43.70709610 15.35346508
v 30.55873871 43.70709610 15.42243099
v 30.52434921 43.55914688 15.44605446
v 30.45491409 43.70709610 15.50406837
v 30.41324425 43.55709457 15.54930687
v 30.36994362 43.70709610 15.60562134
v 30.29574966 43.55709457 15.71855927
v 30.29574966 43.70709610 15.71855927
v 30.51177025 43.55709457 15.83916759
v 30.51177025 43.70709610 15.83916759
v 30.54767036 43.55709457 15.77774048
v 30.56365013 43.70709610 15.75230789
v 30.58646774 43.55709457 15.71915245
v 30.62392235 43.70709610 15.67366886
v 30.63106155 43.55709457 15.66624260
v 30.68344879 43.55709457 15.62096500
v 30.69904900 43.70709610 15.60957909
v 30.78379250 43.55809021 15.55490780
v 30.78379250 43.70709610 15.55490780
v 30.87211227 43.70709610 15.52645588
v 30.96805954 43.56107712 15.51016903
v 30.96133041 43.70709610 15.51051807
v 31.05199814 43.70709610 15.51482868
v 31.14351463 43.56216049 15.53096676
v 31.14351463 43.70709610 15.53096676
v 31.22005844 43.70709610 15.55838299
v 31.29236412 43.56101227 15.59293175
v 31.29239464 43.70709610 15.59294987
v 31.35771370 43.70709610 15.63943195
v 31.41882515 43.55859756 15.69306278
v 31.41882515 43.70709610 15.69306278
v 30.68878937 43.70709610 17.13725281
v 30.68878937 43.58107758 17.13725281
v 30.80169868 43.70709610 17.15911674
v 30.91578484 43.57777023 17.17027855
v 30.91477966 43.70709610 17.17026138
v 31.02815247 43.70709610 17.16329956
v 30.28272438 43.70709610 16.88507843
v 30.28272438 43.56863403 16.88507843
v 30.36958504 43.70709610 16.97134590
v 30.46488762 43.57806015 17.04463577
v 30.46470642 43.70709610 17.04452515
v 30.57296181 43.70709610 17.09688950
v 30.21071053 43.56249619 16.76622581
v 30.17140388 43.70709610 16.67614937
v 30.14232254 43.55709457 16.53273773
v 30.14595222 43.70709610 16.56135368
v 30.13391304 43.70709610 16.44197273
v 30.21990395 43.70709610 16.78306198
v 30.13391304 43.55709457 16.44197273
v 30.37643433 43.55709457 16.44935226
v 30.37643433 43.70709610 16.44935226
v 30.38501549 43.70709610 16.53634071
v 30.39714241 43.55709457 16.60161591
v 30.40232849 43.70709610 16.62046051
v 30.44151497 43.55819702 16.71113014
v 30.43529892 43.70709610 16.69943237
v 30.47863197 43.70709610 16.77499962
v 30.47863197 43.55974197 16.77499962
v 30.74669075 43.70709610 16.94027138
v 30.74669075 43.56383133 16.94027138
v 30.67025757 43.70709610 16.91394043
v 30.59868240 43.56282806 16.87966156
v 30.59878159 43.70709610 16.87972260
v 30.53596115 43.70709610 16.83173180
v 31.11001587 43.70709610 16.93393707
v 31.11001587 43.55904007 16.93393707
v 31.01969910 43.70709610 16.95563889
v 30.92906380 43.56241608 16.96593285
v 30.92909241 43.70709610 16.96593285
v 30.83802414 43.70709610 16.95825005
v 31.18665504 43.70709610 16.89626884
v 31.25984192 43.55709457 16.84825706
v 31.25691986 43.70709610 16.85063362
v 31.31665230 43.70709610 16.79183769
v 31.37011909 43.70709610 16.72521019
v 31.37011909 43.55709457 16.72521019
v 31.51514626 43.55709457 16.40372276
v 31.48794365 43.55709457 16.48818207
v 31.51514626 43.70709610 16.40372276
v 31.48794365 43.70709610 16.48818207
v 31.45581055 43.55709457 16.57041359
v 31.45581055 43.70709610 16.57041359
v 31.41543961 43.55709457 16.64892960
v 31.41543961 43.70709610 16.64892960
v 31.55454254 43.55709457 15.99632740
v 31.55796623 43.55709457 16.09938812
v 31.55454254 43.70709610 15.99632740
v 31.55796623 43.70709610 16.09938812
v 31.55383110 43.55709457 16.20175934
v 31.55383110 43.70709610 16.20175934
v 31.53786278 43.55709457 16.30304909
v 31.53786278 43.70709610 16.30304909
v 31.51124954 43.55709457 15.83037376
v 31.51243019 43.70709610 15.83301544
v 31.51004791 43.55709457 15.82774734
v 31.47060585 43.70709610 15.76078033
v 31.51243019 43.55709457 15.83301544
v 31.53817558 43.55709457 15.91254425
v 31.53817558 43.70709610 15.91254425
v 30.68531799 43.55709457 16.68168449
v 30.97289085 43.55709457 16.76389885
v 33.35177231 43.55709457 17.53476334
v 32.89888382 43.61786652 18.11092949
v 34.78616333 43.61786652 18.83055687
v 32.67513275 43.79832458 18.74616241
v 34.53016663 43.79832458 19.45349503
v 32.46519089 44.09299469 19.34218788
v 34.28997421 44.09299469 20.03798485
v 32.27544022 44.49291992 19.88089561
v 34.07287598 44.49291992 20.56626701
v 32.11164093 44.98594666 20.34591866
v 33.88547516 44.98594666 21.02228928
v 31.97877693 45.55709457 20.72312737
v 33.73346329 45.55709457 21.39219666
v 31.88087845 46.18901443 21.00105858
v 33.62145615 46.18901443 21.66474915
v 31.82092476 46.86250305 21.17126846
v 33.55286407 46.86250305 21.83166504
v 33.24397659 47.55709457 21.77185249
v 35.22275543 47.55709457 22.63485718
v 30.97722435 43.61786652 17.48891449
v 30.78630447 43.79832458 18.13477325
v 28.86863708 43.79832458 17.62093735
v 28.72077560 44.09299469 18.23531342
v 26.81097031 44.09299469 17.82714462
v 26.70594597 44.49291992 18.38855553
v 24.80663490 44.49291992 18.08338547
v 24.74091911 44.98594666 18.57201385
v 22.85358429 44.98594666 18.36725426
v 22.82064819 45.55709457 18.76581955
v 29.02622604 43.61786652 16.96614647
v 26.92716980 43.79832458 17.20599937
v 24.88276482 44.09299469 17.51733208
v 22.89418602 44.49291992 17.87590218
v 29.41891479 43.57558441 16.74275398
v 29.60522079 43.56781006 16.69522095
v 29.71932983 43.56159210 16.61804390
v 30.04432678 43.55709457 16.50672722
v 29.94626427 43.55709457 16.48096466
v 29.84813881 43.55709457 16.45545006
v 29.22582436 43.57808685 16.72093201
v 28.97835541 43.57145309 16.58869743
v 27.05101204 43.61786652 16.54399490
v 28.89316177 43.56570435 16.49023628
v 26.93214035 43.55709457 15.81591320
v 28.83879089 43.56025696 16.37144852
v 28.82269478 43.55709457 16.20454979
v 25.05676651 43.61786652 16.22357368
v 25.02507973 43.55709457 15.51866245
v 23.04872704 43.61786652 16.00571823
v 23.10593033 43.55709457 15.31348515
v 22.99326324 43.79832458 16.67691803
v 24.96699524 43.79832458 16.89105034
v 22.94122314 44.09299469 17.30669022
v 24.68761253 45.55709457 18.96836853
v 22.79638290 46.18901443 19.05948830
v 24.64833450 46.18901443 19.26040840
v 22.78152084 46.86250305 19.23933411
v 24.62428093 46.86250305 19.43925858
v 22.77651596 47.55709457 19.29989815
v 24.92169189 47.55709457 19.54190254
v 26.45438194 46.86250305 19.73330688
v 27.04857826 47.55709457 19.91164780
v 28.26701927 46.86250305 20.12071037
v 29.14957047 47.55709457 20.40781021
v 30.05743408 46.86250305 20.60045052
v 31.21716690 47.55709457 21.02861786
v 35.24870300 46.86250305 22.57990646
v 35.32575607 46.18901443 22.41672325
v 35.45157242 45.55709457 22.15026474
v 35.62233353 44.98594666 21.78862953
v 35.83284760 44.49291992 21.34280586
v 36.07671738 44.09299469 20.82633591
v 36.34653473 43.79832458 20.25491714
v 36.63410187 43.61786652 19.64590836
v 35.15913773 43.55709457 18.23306084
v 36.93068314 43.55709457 19.01781654
v 30.10859108 46.18901443 20.42739296
v 28.30924416 46.18901443 19.94526100
v 26.48756599 46.18901443 19.55592346
v 30.19212341 45.55709457 20.14481163
v 28.37819290 45.55709457 19.65877151
v 26.54174995 45.55709457 19.26627922
v 30.30549431 44.98594666 19.76129341
v 28.47177124 44.98594666 19.26994896
v 26.61528778 44.98594666 18.87317467
v 30.44525719 44.49291992 19.28849220
v 28.58713341 44.49291992 18.79060936
v 30.60716629 44.09299469 18.74077034
v 29.87413979 43.55709457 16.40821075
v 29.52456474 43.55709457 16.00731850
v 29.66939735 43.55709457 16.31238747
v 30.95849228 43.55709457 15.69184303
v 31.23402977 43.55709457 15.76077175
v 29.59901428 43.55709457 15.82501221
v 29.89859200 43.55709457 15.54301643
v 30.12125587 43.55709457 15.57195663
v 30.31813812 43.55709457 15.52360439
v 30.22309685 43.55709457 15.49766827
v 30.12811852 43.55709457 15.47149944
v 29.89660072 43.55709457 15.40665531
v 29.68676567 43.55709457 15.34658909
v 29.18936157 43.55709457 15.37602043
v 29.17803001 43.55709457 15.44587421
v 29.20466614 43.55709457 15.33447266
v 29.47726250 43.55709457 15.28538322
v 29.22173119 43.55709457 15.29425144
v 29.24231720 43.55709457 15.25668621
v 29.26809502 43.55709457 15.22303677
v 29.17697525 43.55709457 15.51448727
v 29.19343376 43.55709457 15.58098698
v 29.22065926 43.55709457 15.64618587
v 29.26409912 43.55709457 15.70233631
v 29.31400299 43.55709457 15.74979782
v 29.51942062 43.55709457 15.82153988
v 29.55912399 43.55709457 15.82411098
v 29.48006058 43.55709457 15.81593132
v 29.37439537 43.55709457 15.78315639
v 29.44093323 43.55709457 15.80825615
v 29.51616669 43.55709457 16.00410271
v 29.42366028 43.55709457 15.98344231
v 29.35691452 43.55709457 15.97856712
v 29.29044151 43.55709457 15.98605919
v 29.50771713 43.55709457 16.00103760
v 29.49917603 43.55709457 15.99824715
v 29.49056816 43.55709457 15.99564934
v 29.22413635 43.55709457 16.00106430
v 29.16408539 43.55709457 16.03290939
v 29.11401749 43.55709457 16.07375717
v 29.07991600 43.55709457 16.12900162
v 29.43152809 43.55709457 16.35006523
v 29.23862076 43.55709457 16.30287170
v 29.05505180 43.55709457 16.19257736
v 29.04548264 43.55709457 16.25663185
v 29.62420082 43.55709457 16.39821243
v 29.84315300 43.70709610 15.24590015
v 29.84315300 43.55954742 15.24590015
v 29.87357140 43.70709610 15.31677341
v 29.89410591 43.70709610 15.38967991
v 29.90027428 43.70709610 15.46554089
v 29.89859200 43.70709610 15.54301643
v 30.12125587 43.70709610 15.57195663
v 30.12825203 43.70709610 15.46605301
v 30.12093735 43.70709610 15.36299324
v 30.10628128 43.55995560 15.30843067
v 30.08932495 43.70709610 15.26475906
v 30.04284477 43.56608200 15.16947746
v 30.04284477 43.70709610 15.16947746
v 29.97243309 43.70709610 15.08660793
v 29.89289856 43.57464600 15.01643562
v 29.89303398 43.70709610 15.01652813
v 29.79915810 43.70709610 14.96704865
v 29.69685936 43.57747650 14.92956066
v 29.69685936 43.70709610 14.92956066
v 29.57715607 43.70709610 14.90939999
v 29.46412086 43.57334900 14.90575981
v 29.45923042 43.70709610 14.90618896
v 29.34434319 43.70709610 14.93198872
v 29.23133850 43.56349182 14.97571659
v 29.23133850 43.70709610 14.97571659
v 29.13818550 43.70709610 15.04175663
v 29.03528023 43.55709457 15.15218163
v 29.05881691 43.70709610 15.11866093
v 29.00246811 43.70709610 15.21371174
v 28.95996094 43.55709457 15.31967354
v 28.95996094 43.70709610 15.31967354
v 28.94516945 43.55709457 15.39677620
v 28.94516945 43.70709610 15.39677620
v 28.93953705 43.55709457 15.47349548
v 28.93953705 43.70709610 15.47349548
v 28.94985962 43.55709457 15.54954720
v 28.94985962 43.70709610 15.54954720
v 28.97026825 43.55709457 15.62517834
v 28.97026825 43.70709610 15.62517834
v 29.00723648 43.55709457 15.69100666
v 29.00723648 43.70709610 15.69100666
v 29.05168152 43.55709457 15.74985790
v 29.05168152 43.70709610 15.74985790
v 29.10817337 43.55709457 15.79746342
v 29.10817337 43.70709610 15.79746342
v 29.17168427 43.55709457 15.83851910
v 29.17168427 43.70709610 15.83851910
v 29.11175919 43.55709457 15.85279846
v 29.11175919 43.70709610 15.85279846
v 29.05443573 43.55709457 15.87271881
v 29.05443573 43.70709610 15.87271881
v 29.00162506 43.55709457 15.90242767
v 29.00162506 43.70709610 15.90242767
v 28.95165443 43.55709457 15.93829441
v 28.95165443 43.70709610 15.93829441
v 28.91283226 43.55709457 15.97990036
v 28.91283226 43.70709610 15.97990036
v 28.87935066 43.55709457 16.02477455
v 28.87935066 43.70709610 16.02477455
v 28.85472298 43.55709457 16.07506752
v 28.85472298 43.70709610 16.07506752
v 28.83537865 43.55709457 16.12859535
v 28.83537865 43.70709610 16.12859535
v 28.82462311 43.70709610 16.18945503
v 28.82024574 43.70709610 16.25023460
v 28.82639313 43.70709610 16.31088066
v 28.83879089 43.70709610 16.37144852
v 28.86291122 43.70709610 16.43262863
v 28.89300919 43.70709610 16.48999786
v 28.93282890 43.70709610 16.54116631
v 28.97835541 43.70709610 16.58869743
v 29.09412766 43.70709610 16.66965103
v 29.03472519 43.70709610 16.63199806
v 29.22582436 43.70709610 16.72093201
v 29.15850449 43.70709610 16.69803238
v 29.32242584 43.70709610 16.73816872
v 29.41809464 43.70709610 16.74280548
v 29.51215744 43.70709610 16.72575951
v 29.60522079 43.70709610 16.69522095
v 29.64798164 43.70709610 15.10719776
v 29.64798164 43.56309891 15.10719776
v 29.70595932 43.70709610 15.12903881
v 29.75903511 43.56217194 15.15782738
v 29.75898933 43.70709610 15.15779495
v 29.80363274 43.70709610 15.19826889
v 29.36363220 43.70709610 15.14365482
v 29.36363220 43.55843353 15.14365482
v 29.43208122 43.70709610 15.11418533
v 29.50588226 43.56162643 15.09540939
v 29.50197792 43.70709610 15.09587097
v 29.57426643 43.70709610 15.09602833
v 29.30357170 43.70709610 15.18930721
v 29.25259399 43.70709610 15.24180984
v 29.21655273 43.70709610 15.30557823
v 29.18936157 43.70709610 15.37602043
v 29.22065926 43.70709610 15.64618587
v 29.19343376 43.70709610 15.58098698
v 29.17697525 43.70709610 15.51448727
v 29.17803001 43.70709610 15.44587421
v 29.44093323 43.70709610 15.80825615
v 29.37439537 43.70709610 15.78315639
v 29.31400299 43.70709610 15.74979782
v 29.26409912 43.70709610 15.70233631
v 29.59901428 43.70709610 15.82501221
v 29.55912399 43.70709610 15.82411098
v 29.51942062 43.70709610 15.82153988
v 29.48006058 43.70709610 15.81593132
v 29.52456474 43.70709610 16.00731850
v 29.49056816 43.70709610 15.99564934
v 29.49917603 43.70709610 15.99824715
v 29.50771713 43.70709610 16.00103760
v 29.51616669 43.70709610 16.00410271
v 29.22413635 43.70709610 16.00106430
v 29.29044151 43.70709610 15.98605919
v 29.35691452 43.70709610 15.97856712
v 29.42366028 43.70709610 15.98344231
v 29.05505180 43.70709610 16.19257736
v 29.07991600 43.70709610 16.12900162
v 29.11401749 43.70709610 16.07375717
v 29.16408539 43.70709610 16.03290939
v 29.04622459 43.70709610 16.24895287
v 29.04586411 43.70709610 16.30422401
v 29.05984879 43.70709610 16.35762787
v 29.08259010 43.70709610 16.40989113
v 29.08259010 43.55956650 16.40989113
v 29.26840973 43.70709610 16.54288864
v 29.26840973 43.56349564 16.54288864
v 29.21271896 43.70709610 16.52234840
v 29.16189194 43.56234360 16.49501228
v 29.16194153 43.70709610 16.49504852
v 29.11962891 43.70709610 16.45609856
v 29.49854279 43.70709610 16.52006531
v 29.49854279 43.55986404 16.52006531
v 29.44265175 43.70709610 16.54154778
v 29.37707138 43.56271362 16.55490685
v 29.38584709 43.70709610 16.55426788
v 29.32756233 43.70709610 16.55275154
v 29.55343246 43.70709610 16.47846985
v 29.60121536 43.70709610 16.43084908
v 29.63829041 43.70709610 16.37414742
v 29.66939735 43.70709610 16.31238747
v 29.87413979 43.70709610 16.40821075
v 29.82402039 43.70709610 16.49627686
v 29.76488304 43.70709610 16.57574654
v 29.69002724 43.70709610 16.64022636
v 33.58267975 43.61786652 15.55897427
v 31.60746384 43.61786652 15.13682461
v 33.67406082 43.55709457 16.28208160
v 35.57692337 43.61786652 15.87939739
v 35.59476089 43.55709457 16.58248711
v 37.58496094 43.61786652 16.09725189
v 37.52775955 43.55709457 16.78948593
v 37.64042664 43.79832458 15.42605114
v 35.66669464 43.79832458 15.21191883
v 33.70652008 43.79832458 14.89696980
v 31.76505280 43.79832458 14.48203278
v 29.65646553 43.61786652 14.61405563
v 29.84738731 43.79832458 13.96819592
v 27.73480606 43.61786652 13.99204063
v 27.95855713 43.79832458 13.35680771
v 25.84752846 43.61786652 13.27241325
v 26.10352325 43.79832458 12.64947510
v 23.99958801 43.61786652 12.45706177
v 24.28715324 43.79832458 11.84805298
v 26.34371758 44.09299469 12.06498432
v 24.55697250 44.09299469 11.27663326
v 26.56081390 44.49291992 11.53670216
v 24.80084229 44.49291992 10.76016426
v 26.74821472 44.98594666 11.08067989
v 25.01135635 44.98594666 10.31433964
v 26.90022850 45.55709457 10.71077251
v 25.18211555 45.55709457 9.95270443
v 27.01223373 46.18901443 10.43822098
v 25.30793381 46.18901443 9.68624687
v 27.08082581 46.86250305 10.27130508
v 25.38498688 46.86250305 9.52306366
v 25.41093445 47.55709457 9.46811199
v 27.38971519 47.55709457 10.33111763
v 28.81276512 46.86250305 10.93170071
v 29.41652489 47.55709457 11.07435226
v 30.57625580 46.86250305 11.50251865
v 31.48411942 47.55709457 11.69515896
v 32.36667252 46.86250305 11.98225880
v 33.58511353 47.55709457 12.19132233
v 34.17930984 46.86250305 12.36966228
v 35.71199799 47.55709457 12.56106663
v 36.00941086 46.86250305 12.66371155
v 37.85717392 47.55709457 12.80307198
v 37.85216904 46.86250305 12.86363506
v 35.98535538 46.18901443 12.84256172
v 37.83730698 46.18901443 13.04348278
v 35.94607925 45.55709457 13.13460064
v 37.81304169 45.55709457 13.33715057
v 35.89277267 44.98594666 13.53095627
v 37.78010559 44.98594666 13.73571587
v 35.82705307 44.49291992 14.01958466
v 37.73950195 44.49291992 14.22706795
v 35.75092316 44.09299469 14.58563805
v 37.69246674 44.09299469 14.79627895
v 23.70300865 43.55709457 13.08515358
v 25.44697952 43.55709457 13.85847187
v 27.22574425 43.55709457 14.54800034
v 33.82271957 44.09299469 14.27582645
v 31.91291428 44.09299469 13.86765575
v 30.02652359 44.09299469 13.36219883
v 28.16849899 44.09299469 12.76078224
v 33.92774200 44.49291992 13.71441460
v 32.04655838 44.49291992 13.31236076
v 30.18843269 44.49291992 12.81447792
v 28.35824966 44.49291992 12.22207355
v 34.01840210 44.98594666 13.22979450
v 32.16191864 44.98594666 12.83302021
v 30.32819557 44.98594666 12.34167576
v 28.52204895 44.98594666 11.75705051
v 34.09194183 45.55709457 12.83668995
v 32.25549698 45.55709457 12.44419861
v 30.44156647 45.55709457 11.95815754
v 28.65491486 45.55709457 11.37984276
v 34.14612579 46.18901443 12.54704571
v 32.32444382 46.18901443 12.15771008
v 30.52509880 46.18901443 11.67557621
v 28.75281143 46.18901443 11.10191154
v 21.38530350 43.55709457 11.99075985
v 20.55154037 43.55709457 15.10240555
v 45.41400909 51.51548004 28.08815956
v 45.37371445 51.63943863 28.07406998
v 45.27858353 51.32219696 28.15022278
v 44.95225906 51.63943863 28.17698860
v 44.87895584 51.32219696 28.22303391
v 44.51864624 51.63943863 28.16278076
v 44.47370148 51.32219696 28.19530487
v 44.10483170 51.63943863 28.03249359
v 45.51611328 51.69956207 27.98733902
v 45.32302856 51.92781067 27.94553757
v 44.93799973 51.92781067 28.03956223
v 44.54187012 51.92781067 28.02658272
v 44.16382599 51.92781067 27.90755653
v 44.57920837 52.15782928 27.80761719
v 44.25866699 52.15782928 27.70669746
v 44.62683868 52.30597305 27.52827454
v 44.37966156 52.30597305 27.45045280
v 44.64438248 52.35709763 27.21002007
v 44.51443863 52.35709763 27.16502380
v 45.58687592 51.94386673 27.79531860
v 45.56247330 52.10887146 27.62886810
v 45.24153519 52.15782928 27.73890114
v 45.48362350 52.21450424 27.50707436
v 45.37278366 52.27993011 27.42758560
v 45.13757324 52.30597305 27.47528648
v 45.14770889 52.33895493 27.32130623
v 44.91779709 52.35709763 27.21274567
v 44.88583374 52.30597305 27.53676033
v 44.78094101 52.35709763 27.22617722
v 44.91507721 52.15782928 27.81862259
v 35.16764450 52.35709763 22.75157356
v 39.70626450 52.30597305 25.24372673
v 35.03286743 52.30597305 23.03700256
v 39.58526993 52.15782928 25.49997139
v 34.91187286 52.15782928 23.29324722
v 39.49042511 51.92781067 25.70083046
v 34.81702805 51.92781067 23.49410629
v 39.43143082 51.63943863 25.82576752
v 34.75803375 51.63943863 23.61904335
v 22.76588631 52.35709763 19.42853355
v 22.73989105 52.30597305 19.74310875
v 24.90339661 52.35709763 19.66967392
v 24.85865211 52.30597305 19.98213577
v 27.02268028 52.35709763 20.03809738
v 26.95934677 52.30597305 20.34732628
v 29.11616516 52.35709763 20.53248596
v 29.03446770 52.30597305 20.83737946
v 31.17637062 52.35709763 21.15107536
v 31.07660294 52.30597305 21.45054245
v 33.19593430 52.35709763 21.89165306
v 33.07845306 52.30597305 22.18462372
v 32.97298431 52.15782928 22.44763947
v 32.89031219 51.92781067 22.65380669
v 32.83888626 51.63943863 22.78204536
v 32.82397079 51.32219696 22.81924438
v 22.71655464 52.15782928 20.02552223
v 24.81848335 52.15782928 20.26264763
v 26.90248871 52.15782928 20.62493896
v 28.96112633 52.15782928 21.11109734
v 30.98703766 52.15782928 21.71938896
v 22.69826126 51.92781067 20.24689293
v 24.78699684 51.92781067 20.48253059
v 26.85792160 51.92781067 20.84254646
v 28.90363503 51.92781067 21.32565498
v 30.91683006 51.92781067 21.93012810
v 22.68688393 51.63943863 20.38458824
v 24.76741219 51.63943863 20.61930084
v 26.83020020 51.63943863 20.97790146
v 28.86787605 51.63943863 21.45911217
v 30.87315941 51.63943863 22.06121063
v 24.76173019 51.32219696 20.65897179
v 26.82215881 51.32219696 21.01716423
v 28.85750389 51.32219696 21.49782372
v 30.86049271 51.32219696 22.09923172
v 10.92199230 52.35709763 18.44982338
v 16.81794357 52.30597305 19.25375366
v 11.02646542 52.32735825 18.70041466
v 11.17086697 52.24619675 18.92962265
v 16.79460716 52.15782928 19.53616714
v 11.34296608 52.12855148 19.12284279
v 11.52613640 51.99268341 19.27430916
v 16.77631378 51.92781067 19.75753784
v 11.94338703 51.66783524 19.48793793
v 16.76493645 51.63943863 19.89523315
v 45.27832794 50.25709534 27.38298225
v 42.79645157 50.25709534 26.21107101
v 42.63222504 50.23825455 26.13352394
v 35.22275543 52.35709763 22.63485718
v 42.42227173 50.16947937 26.03438759
v 41.91318512 49.85929871 25.79400253
v 41.91003036 49.85709763 25.79251289
v 41.94702530 48.70709610 25.80998039
v 42.36364365 47.55709457 26.00670242
v 41.95029449 48.70483780 25.81152534
v 42.28498077 48.48494339 25.96956062
v 42.37275696 48.43678284 26.01100540
v 42.49696350 48.37997055 26.06965637
v 42.99658585 47.77731323 26.30557251
v 42.83222961 48.30709457 26.22796249
v 43.65121078 47.95299149 26.61467743
v 44.32452011 48.08332443 26.93260574
v 45.17979813 48.30709457 27.33646011
v 45.01343918 48.16772079 27.25790596
v 45.17807770 48.27463531 27.33564568
v 45.17098236 48.24744797 27.33229637
v 45.15558624 48.22479630 27.32502747
v 45.06420517 48.17596436 27.28187752
v 45.11304855 48.19355774 27.30494118
v 33.24397659 52.35709763 21.77185249
v 31.21716690 52.35709763 21.02861786
v 29.14957047 52.35709763 20.40781021
v 27.04857826 52.35709763 19.91164780
v 24.92169189 52.35709763 19.54190254
v 22.77651596 52.35709763 19.29989815
v 15.49489117 52.35709763 18.69818687
v 15.36521149 52.35709763 18.67860222
v 10.84331703 52.35709763 17.98856735
v 10.89533329 52.35709763 17.52355194
v 15.12240410 52.35709763 18.59148598
v 14.87664413 52.35709763 18.41535950
v 11.07397842 52.35709763 17.09108162
v 14.67401218 52.35709763 18.13021088
v 14.58179665 52.35709763 17.80308533
v 11.36530495 52.35709763 16.72492027
v 14.47154617 52.35709763 17.35352135
v 11.74656868 52.35709763 16.45365715
v 14.24243546 52.35709763 16.95131493
v 12.18800068 52.35709763 16.29846954
v 13.91196823 52.35709763 16.62719727
v 12.65513706 52.35709763 16.27147675
v 13.05377865 52.35709763 16.30441856
v 13.50539494 52.35709763 16.40592766
v 12.15150261 48.21820450 19.42573166
v 11.92059994 48.23483276 19.34926224
v 11.70428276 48.24907303 19.23747253
v 11.50826740 48.26067352 19.09263039
v 11.42203712 49.52679443 19.07337952
v 11.34213924 50.79313660 19.05552864
v 11.06396008 50.79313660 18.65619659
v 10.91693878 50.79313660 18.19226074
v 10.91434479 50.79313660 17.70559502
v 11.05641174 50.79313660 17.24011993
v 11.33031845 50.79313660 16.83784485
v 11.71134472 50.79313660 16.53507423
v 12.16510296 50.79313660 16.35913467
v 12.65063953 50.79313660 16.32590485
v 15.42985153 46.90887070 19.05747032
v 14.33775711 47.31430817 18.98048210
v 15.32197285 47.01399231 18.88767433
v 14.34556961 47.33190918 18.88593864
v 14.34814262 47.34334564 18.85479546
v 14.35376644 47.37966156 18.78674507
v 15.33856678 47.04593658 18.83651924
v 15.83248043 46.78653336 18.90397453
v 15.85056400 46.82017136 18.85250282
v 16.32640457 46.53202820 18.89938927
v 16.34589958 46.56768036 18.84774208
v 16.80099487 46.25112152 18.86849403
v 16.82180214 46.28913116 18.81690216
v 17.25300789 45.94566727 18.80506897
v 17.27501106 45.98641205 18.75390816
v 17.67810822 45.62027359 18.70112228
v 17.70117950 45.66413879 18.65102196
v 18.07199097 45.28039932 18.54874229
v 18.09599495 45.32773972 18.50059509
v 18.43166924 44.93511581 18.34233284
v 18.45650291 44.98610306 18.29722214
v 18.75480652 44.59514236 18.07743835
v 18.78042030 44.64965439 18.03659821
v 19.04141235 44.27198792 17.75305939
v 19.06775284 44.32966995 17.71769905
v 19.29454231 43.97819138 17.37270164
v 19.32149315 44.03849030 17.34374428
v 19.55943871 43.68076324 16.84953308
v 19.58687592 43.74331284 16.82907677
v 19.79092789 43.45732498 16.26856995
v 19.81843376 43.52139664 16.25710869
v 19.89712715 43.37741470 15.96185017
v 19.92446518 43.44207382 15.95495033
v 19.99770546 43.32000351 15.64727688
v 20.02472687 43.38517761 15.64496136
v 20.17691612 43.25497437 15.00202465
v 20.25316048 43.41121674 15.02245426
v 20.12222290 43.50885773 15.65456676
v 20.25681686 43.58616638 15.68287945
v 20.15659714 43.64460373 15.98096371
v 20.39943123 43.59057236 15.60719109
v 20.23330688 43.68931198 16.09951782
v 20.05057144 43.72587585 16.27154922
v 20.05126381 43.85060120 16.57015991
v 19.81832504 43.95293045 16.82165527
v 19.84843826 44.06906891 17.00948334
v 19.54983139 44.25470734 17.31618309
v 19.61755371 44.33715820 17.40752220
v 19.29047966 44.55216217 17.67459869
v 19.35231590 44.64560699 17.75572968
v 18.99453354 44.87818527 17.97888565
v 19.04910660 44.98103333 18.04917526
v 18.65900993 45.21939850 18.22560310
v 18.70519257 45.32958603 18.28410721
v 18.28450775 45.56387711 18.41582298
v 18.32220459 45.67911148 18.46238899
v 17.87438393 45.90085220 18.55410767
v 17.90413475 46.01842117 18.58894348
v 17.43251801 46.22139740 18.64606285
v 17.45540428 46.33895493 18.66994476
v 16.96378517 46.52066040 18.69944763
v 16.98109818 46.63645935 18.71359253
v 16.47301102 46.79467773 18.72205734
v 16.48607063 46.90755081 18.72789764
v 15.96357918 47.04201508 18.71987343
v 15.97352219 47.15133667 18.71869659
v 15.43823814 47.26235199 18.69805145
v 14.90631962 47.55697632 18.65010262
v 14.72765636 47.59944534 18.63478661
v 14.54845428 47.63975525 18.61997795
v 14.36508274 47.53396225 18.64980125
v 14.36877632 47.67787552 18.60513115
v 14.35758114 47.41563416 18.74057770
v 15.38471317 47.14229965 18.74614334
v 15.90229130 46.91994858 18.76350212
v 16.40339279 46.67110443 18.76058388
v 16.88523293 46.39635468 18.73220253
v 17.34449196 46.09747696 18.67245674
v 17.77665329 45.77885437 18.57384491
v 18.17721558 45.44571304 18.42893982
v 18.54294395 45.10672760 18.23246193
v 18.87124062 44.77216339 17.98017502
v 19.16192055 44.45326233 17.67099190
v 19.41792870 44.16252518 17.30792046
v 19.68464088 43.86730576 16.80753517
v 19.91640472 43.64513779 16.25082397
v 20.02226448 43.56574631 15.95654774
v 14.36374092 47.50529480 18.66604233
v 20.38655281 43.51879120 15.05819607
v 20.17241859 43.07998276 15.00081921
v 20.00894356 43.11657715 15.58359337
v 19.83179474 43.22450256 16.15137482
v 19.63915253 43.40068817 16.69260597
v 19.42561340 43.63892365 17.19523621
v 19.18362427 43.93102264 17.64698029
v 18.90703583 44.26579285 18.03823853
v 18.59168625 44.62790298 18.36315346
v 18.23506927 45.00218964 18.61845016
v 17.83966446 45.37502670 18.80847549
v 17.40910530 45.73366928 18.93946838
v 16.94812012 46.07038498 19.02042580
v 16.46196938 46.38005447 19.06170082
v 15.95487690 46.65971375 19.07187653
v 14.36877346 47.73123550 18.60513115
v 14.36849785 47.67830276 18.60847473
v 14.36488056 47.53523636 18.65225029
v 14.35749054 47.41685486 18.74167252
v 14.34811401 47.34420395 18.85515022
v 14.33757877 47.31419754 18.98264122
v 14.33762360 47.31422806 18.98209190
v 14.33766937 47.31425858 18.98154449
v 14.33771324 47.31429291 18.98101425
v 14.65377522 50.42794037 18.62868118
v 14.88557625 50.49970245 18.64783669
v 14.46440220 50.40709686 18.61303329
v 13.20139408 48.00891113 18.50866508
v 11.80456066 48.27463531 18.39323997
v 11.98601151 48.16772079 18.40823364
v 11.81237602 48.24744415 18.39388466
v 11.82934761 48.22479248 18.39528847
v 11.92996502 48.17590332 18.40360260
v 11.87622738 48.19353867 18.39916229
v 11.68609524 50.40709686 18.38344955
v 15.43999958 50.80709457 18.69365120
v 13.27616787 47.90615463 18.52475357
v 11.96598721 47.97003174 18.45938110
v 13.25385952 47.80543900 18.56138802
v 13.23206902 47.71864700 18.62402344
v 13.21611309 47.66394806 18.69041252
v 13.19917393 47.61762619 18.78811264
v 13.14358902 47.60714722 18.89189911
v 11.92201996 47.76895142 18.79832840
v 11.94256496 47.82435608 18.60196114
v 11.52521515 48.12654877 19.07670784
v 11.42049408 48.14744186 18.94144249
v 11.39648914 48.25334167 18.92908096
v 11.39883232 48.13809586 18.85645676
v 11.37684536 48.25123596 18.73183250
v 11.39511490 48.13452148 18.76840782
v 11.40534973 48.13598251 18.69881630
v 11.45596790 48.01414490 18.75411034
v 11.46786690 48.01847458 18.68706131
v 11.53419113 47.92869568 18.73396873
v 11.54719734 47.93710327 18.67052078
v 11.60971642 47.87622833 18.71206284
v 11.62282944 47.88877106 18.65257263
v 11.67889023 47.84507370 18.68985176
v 11.69131851 47.86132812 18.63444901
v 11.74191093 47.82767868 18.66803932
v 11.75317097 47.84704208 18.61674118
v 11.77379227 47.88816452 18.54741669
v 11.79815292 47.94212723 18.48888206
v 11.74609280 47.95096970 18.49500656
v 11.78085518 48.01462936 18.44556427
v 11.73229408 48.03069305 18.44733047
v 11.78098583 48.10101318 18.41214561
v 11.74132442 48.12401962 18.41100693
v 11.70122337 48.16143036 18.40979195
v 11.67040634 48.21446991 18.40881729
v 11.60944557 48.26337433 18.42640495
v 11.57901096 48.18585205 18.45100784
v 11.45416069 48.25487900 18.54933357
v 11.50123501 48.16230011 18.51675224
v 11.44202042 48.14530182 18.60138512
v 11.50280476 48.03696442 18.59370804
v 11.81844521 48.08711624 18.41320610
v 11.82518196 48.00662613 18.44380379
v 11.85375786 48.07899094 18.41421700
v 11.73109055 47.81335831 18.73582077
v 11.66824722 47.83551025 18.76244354
v 11.60040569 47.87180710 18.78930855
v 11.52788448 47.92916870 18.81557083
v 11.45452881 48.01795959 18.83954239
v 11.72418022 47.81039429 18.80555725
v 11.80490589 47.79524231 18.88490677
v 11.68190479 47.87072754 18.97043991
v 11.56718636 48.01685715 19.04736900
v 11.59922886 47.87996674 18.86681938
v 11.66334629 47.83813858 18.83624649
v 11.46790600 48.03174210 18.92288971
v 11.53277111 47.94172287 18.89631081
v 11.62319469 48.11069107 18.45024490
v 11.67900753 48.05994797 18.44895744
v 11.55570221 48.06835938 18.51294518
v 11.62391376 48.00553894 18.50742912
v 11.68825817 47.96992493 18.50128365
v 11.57910156 47.96379089 18.58284187
v 11.65110683 47.92177582 18.57100296
v 11.71575642 47.89904785 18.55905151
v 11.35318756 49.31149673 18.96305847
v 11.28043842 50.69076538 18.96008873
v 11.34023380 50.79045105 19.05336761
v 11.24618149 50.58128738 18.82826042
v 11.31952190 49.30917358 18.86344147
v 11.31324291 49.30834579 18.75858688
v 11.33443642 49.30904770 18.65554428
v 11.27994919 50.45854187 18.62997246
v 11.38134193 49.31122208 18.56158066
v 11.33405495 50.42131805 18.53893089
v 11.42426682 49.31335831 18.50899315
v 11.41382122 50.40709686 18.46141052
v 11.57081604 49.32104492 18.41246414
v 11.54817677 50.40709686 18.39587212
v 12.63385582 50.45838165 16.52901459
v 12.61771870 50.40709686 16.72430420
v 12.20940113 50.45838165 16.55806351
v 12.19573116 50.40709686 16.76327324
v 11.81272793 50.45838165 16.71186829
v 11.81252098 50.40709686 16.94422150
v 11.47963619 50.45838165 16.97654915
v 11.51430893 50.40709686 17.24532127
v 11.24018764 50.45838165 17.32821655
v 11.33706474 50.40709686 17.63025856
v 11.11599350 50.45838165 17.73513412
v 11.30216503 50.40709686 18.05260277
v 11.11826038 50.45838165 18.16057587
v 11.24678612 50.45838165 18.56614494
v 11.11607456 50.59909058 18.63052750
v 10.97432613 50.59909058 18.18322945
v 10.97182465 50.59909058 17.71401596
v 11.10879707 50.59909058 17.26523209
v 11.37288189 50.59909058 16.87738228
v 11.74024391 50.59909058 16.58547020
v 12.17772961 50.59909058 16.41584015
v 12.64585590 50.59909058 16.38380241
v 13.04928112 50.79313660 16.35884666
v 13.04449654 50.59909058 16.41674423
v 13.03249741 50.45838165 16.56195450
v 13.01635933 50.40709686 16.75724602
v 14.52681255 50.79313660 17.80237198
v 14.46904278 50.59909058 17.80850410
v 14.41893864 50.79313660 17.36905861
v 14.36503696 50.59909058 17.39072800
v 14.19686222 50.79313660 16.98165703
v 14.15092468 50.59909058 17.01721764
v 13.87745571 50.79313660 16.66960144
v 13.84297276 50.59909058 16.71635437
v 13.48498917 50.79313660 16.45660400
v 13.46458054 50.59909058 16.51099396
v 13.41339207 50.45838165 16.64741325
v 13.42244244 50.40709686 16.86322021
v 13.75648499 50.45838165 16.83361626
v 13.76860142 50.40709686 17.10051346
v 14.03570843 50.45838165 17.10641289
v 14.01388836 50.40709686 17.44105339
v 14.22984695 50.45838165 17.44507790
v 14.12928867 50.40709686 17.84455872
v 14.32415009 50.45838165 17.82387924
v 15.01188087 50.61061096 18.61691284
v 15.25140190 50.71681213 18.67045593
v 15.10673428 50.80228043 18.60646820
v 15.03167915 50.71415710 18.58122826
v 14.93122005 50.71292496 18.51807594
v 14.90726852 50.60973740 18.55136681
v 14.86794472 50.52172089 18.60599899
v 14.81134892 50.60892868 18.47376442
v 14.76590347 50.52124023 18.52345085
v 14.66652107 50.60767746 18.31048012
v 14.61184120 50.52050018 18.34975243
v 14.53711987 50.60650635 18.07175064
v 14.47419548 50.51980209 18.09576225
v 14.41016483 50.46680450 18.12017632
v 14.31609726 50.42257309 18.15603256
v 14.47412968 50.42267990 18.44865036
v 14.23781013 50.40709686 18.25175285
v 14.55609798 50.46718979 18.38978386
v 14.71948814 50.46759796 18.57423019
v 14.57605743 50.70835495 18.05690956
v 14.62258434 50.79487610 18.13264656
v 14.70016003 50.71001434 18.28633118
v 14.82314014 50.79804230 18.41209221
v 14.83913708 50.71178055 18.44337273
v 11.69876671 48.14356613 19.21567154
v 11.71766376 48.01907349 19.16755867
v 11.75423813 47.91255569 19.09399414
v 11.79468346 47.84621429 19.02015686
v 11.85634995 47.79028320 18.91417313
v 11.89322662 47.78698349 18.93704796
v 11.93093491 47.78351593 18.95844841
v 11.87774181 47.83915710 19.06956482
v 11.96424866 47.83136368 19.11241341
v 11.93620396 47.89755249 19.19287682
v 12.03888893 47.88833618 19.23402023
v 12.02245426 47.99525833 19.31652069
v 12.13553524 47.98545074 19.35124016
v 12.13618183 48.11139297 19.40541077
v 12.36774540 47.95553970 19.38794136
v 12.13854313 47.74732971 18.90337372
v 12.00861549 47.77606964 18.99673080
v 12.05994225 47.82224274 19.15071297
v 12.14454174 47.87831879 19.26666641
v 12.37355518 47.72060776 18.95083809
v 12.18290520 47.75799179 19.05759239
v 12.09453297 47.76739120 19.03080559
v 12.36126900 47.78055191 19.20018196
v 12.15839577 47.81233597 19.18102074
v 12.01789284 48.12071609 19.36972046
v 11.91252518 48.00430298 19.27275658
v 11.84337425 47.90542984 19.14692307
v 11.83575058 47.84277725 19.04566765
v 11.90283680 48.12935257 19.32456398
v 11.81312752 48.01204681 19.22387123
v 11.79831123 47.90908813 19.12131691
v 11.79875660 48.13678741 19.27400589
v 11.74821281 48.14026260 19.24579430
v 11.76486778 48.01565170 19.19662857
v 15.22611618 51.55503082 18.64516830
v 15.23320961 51.75770950 18.64573097
v 15.24030304 51.96039200 18.64629364
v 15.01936150 51.96852875 18.53900528
v 14.86343002 51.97441483 18.41456795
v 14.71106911 51.98037338 18.22226906
v 14.70406818 51.77768707 18.22196388
v 14.60236549 51.78194427 17.99835777
v 14.59531498 51.57926178 17.99817467
v 14.69706726 51.57500458 18.22166061
v 14.84943295 51.56904602 18.41373253
v 15.00530529 51.56316376 18.53801537
v 15.01233292 51.76584625 18.53850937
v 14.60941505 51.98462677 17.99854279
v 14.85643101 51.77173233 18.41415024
v 45.29416275 50.25709534 25.51372528
v 45.63066864 50.25709534 25.75175858
v 45.36089706 50.22529984 25.37239647
v 45.73215103 50.20115662 25.56616974
v 45.41702271 50.13496017 25.25353622
v 45.83196640 50.04898071 25.45831490
v 45.45361328 50.00044250 25.17604446
v 45.86510086 49.84313583 25.42251015
v 45.46485138 49.84313583 25.15224075
v 45.99550629 50.20115662 25.89767265
v 45.86549377 50.25709534 26.09051132
v 46.14694595 50.20115662 26.29304123
v 45.97031784 50.25709534 26.48914337
v 46.17243958 50.20115662 26.71565247
v 45.93251038 50.25709534 26.89959145
v 46.06962585 50.20115662 27.12635803
v 45.75662613 50.25709534 27.27236557
v 45.84803009 50.20115662 27.48711586
v 45.50252914 50.23735046 27.68607330
v 45.52817917 50.20115662 27.76450729
v 45.50320435 50.19921875 27.78362656
v 45.44073105 50.09064102 27.95042992
v 45.46387100 50.25709534 27.56252098
v 45.60644531 50.04898071 27.88888359
v 45.32228088 49.96173096 28.06651688
v 45.63242722 49.84313583 27.93017578
v 45.19245529 49.84579468 28.12144470
v 45.18928909 49.84313583 28.12219048
v 45.96008682 50.04898071 27.58218956
v 45.99728394 49.84313583 27.61375237
v 46.20508957 50.04898071 27.18332291
v 46.25006104 49.84313583 27.20223236
v 46.31876373 50.04898071 26.72922897
v 46.36734009 49.84313583 26.73373604
v 46.29057693 50.04898071 26.26197433
v 46.33826065 49.84313583 26.25165939
v 46.12313843 50.04898071 25.82483864
v 46.16551208 49.84313583 25.80065918
v 45.10314941 49.84313583 24.98144913
v 45.09190750 50.00044250 25.00525284
v 45.05531693 50.13496017 25.08274460
v 44.99919510 50.22529984 25.20160294
v 44.93246078 50.25709534 25.34293175
v 43.14507675 49.84313583 25.47920990
v 43.16632080 50.00044250 25.49475670
v 43.44896317 49.84313583 25.16568565
v 43.47898865 50.04898071 25.20413589
v 43.82679367 49.84313583 24.94685364
v 43.84520340 50.04898071 24.99203110
v 44.24996185 49.84313583 24.83927917
v 44.25535965 50.04898071 24.88776588
v 44.68642807 49.84313583 24.85111046
v 44.67840958 50.04898071 24.89923286
v 44.65425491 50.20115662 25.04418755
v 44.53951645 50.25709534 25.23476219
v 43.23547363 50.13496017 25.54536629
v 43.56943512 50.20115662 25.31995964
v 43.90065765 50.20115662 25.12812042
v 44.27162933 50.20115662 25.03381538
v 43.34154892 50.22529984 25.62299347
v 43.76125336 50.25709534 25.43260384
v 44.13314819 50.25709534 25.26587486
v 43.46767426 50.25709534 25.71529579
v 42.24143982 49.85229492 25.88264275
v 42.10519791 49.94244766 25.87008476
v 42.36268616 49.93956375 25.89573288
v 42.36363983 50.04622650 25.93479729
v 42.49172211 49.93824005 25.88432693
v 42.49764252 50.04528046 25.92273712
v 42.61812592 49.93702316 25.85671997
v 42.62886429 50.04441452 25.89387703
v 42.79605865 49.93547058 25.78620148
v 42.81350327 50.04330826 25.82042694
v 42.99117279 49.93403244 25.65546989
v 43.01589203 50.04228592 25.68452454
v 43.05910873 50.13530731 25.73535538
v 43.10426331 50.19228363 25.78841019
v 42.87543869 50.19262314 25.94198990
v 42.92268753 50.24033737 26.03461647
v 42.69557190 50.24044037 26.12456322
v 42.51845169 50.19327545 26.05745125
v 42.50785065 50.13709641 25.98885727
v 42.36531448 50.13766098 26.00169373
v 43.16912079 50.25709534 26.01450348
v 43.17181396 50.24024582 25.86773491
v 42.89720154 49.84487534 25.71733665
v 42.58392715 49.84804916 25.85739326
v 42.64742661 50.13658142 25.95814133
v 42.66674042 50.19298935 26.02492142
v 42.84382248 50.13591766 25.87997627
v 45.42196274 50.90394974 27.47739601
v 45.40979767 50.64036179 27.47183990
v 45.38574982 50.25709534 27.45758820
v 45.39751434 50.37677765 27.46623421
v 45.46024704 50.37189102 27.54835892
v 45.47244263 50.63553619 27.55356598
v 45.51182556 50.63151932 27.64862633
v 45.52402115 50.89520645 27.65336609
v 45.52632904 50.89055634 27.85702133
v 45.48452759 50.89918137 27.55873489
v 45.40345001 50.89185715 28.05888367
v 45.50454712 50.89017868 27.92009354
v 45.51334000 50.62684631 27.85298920
v 45.49951553 50.36782837 27.64385986
v 45.38885498 50.62823868 28.05480957
v 45.37407303 50.36462021 28.05070877
v 45.47761154 50.36278152 27.91222763
v 45.50020599 50.36313248 27.84894371
v 45.49115753 50.62648010 27.91616821
v 42.16168594 49.25941086 25.87770081
v 42.16638184 49.11127090 25.87993813
v 42.17108154 48.96313095 25.88217735
v 42.41000366 49.11938095 25.89790916
v 42.41463089 48.97124100 25.90016747
v 42.60643387 49.12525940 25.86887169
v 42.61100769 48.97711945 25.87117004
v 42.83368301 49.13122177 25.77997971
v 42.83821487 48.98307800 25.78235817
v 43.03328705 49.13549805 25.63893890
v 43.03780365 48.98735809 25.64141655
v 43.18027115 48.69313812 25.49913025
v 42.93203735 48.69489288 25.73516083
v 42.40538025 49.26752090 25.89565086
v 42.60186005 49.27339935 25.86657333
v 42.82915115 49.27936172 25.77760315
v 43.02876663 49.28363800 25.63646126
v 42.61936569 48.69806290 25.87525558
v 42.27786255 48.70229340 25.90098381
v 41.40318680 47.15329742 25.53360748
v 41.56123734 47.04628372 25.63966751
v 42.40047073 47.37506866 26.07899475
v 41.57122803 46.99308014 25.67434692
v 42.38576126 47.23822403 26.22312927
v 41.57136154 46.89307404 25.77526283
v 42.32316589 47.18053436 26.40332413
v 41.54174042 46.82787704 25.89798355
v 41.79093933 46.95001984 26.14142609
v 41.28264618 46.68217850 25.87177086
v 40.79510880 46.37164307 25.45642471
v 40.80710602 46.37821579 25.58738708
v 40.37312317 46.03932953 25.28130150
v 40.41550064 46.07416916 25.18372536
v 39.99105072 45.66650391 24.94716454
v 39.93279648 45.59156799 24.74289131
v 39.67143631 45.26949310 24.57954979
v 39.55775070 45.07878494 24.24404716
v 39.42341995 44.86265945 24.17286682
v 39.40464020 44.79489136 23.94104385
v 39.25612640 44.46035385 23.72152519
v 39.25235748 44.37314224 23.43447113
v 39.17299271 44.07905960 23.22133064
v 39.19654846 43.98530197 22.87381744
v 39.16527939 43.73934937 22.67653275
v 39.22151566 43.65894318 22.26496506
v 39.22053528 43.46077728 22.09396935
v 39.31098938 43.41214371 21.61805153
v 39.32419205 43.25362396 21.48254395
v 39.37739944 43.31891632 21.27267647
v 39.46395111 43.12449265 20.85243034
v 39.45463562 43.25096512 20.92251205
v 39.62751007 43.07998276 20.21379471
v 39.62301254 43.25497437 20.21258926
v 39.41863632 43.40053558 20.88863754
v 39.54676437 43.41121674 20.19215965
v 39.32767487 43.52212524 20.84697151
v 39.41337585 43.51879120 20.15641785
v 39.27214813 43.56228638 20.82737541
v 39.12651443 43.59159088 20.62473297
v 39.02233887 43.69185257 21.13303947
v 39.24838638 43.55709457 20.11220932
v 38.94458771 43.85305023 21.63135910
v 39.14935303 43.72179031 21.48383713
v 39.20517349 43.62946701 21.15769386
v 39.25953674 43.58869934 21.17927551
v 39.34659195 43.46697998 21.22834206
v 39.08122635 43.96596909 22.09582710
v 38.90199661 44.07035065 22.11392021
v 38.90330124 44.33877945 22.57498550
v 39.07873154 44.28771210 22.67352104
v 38.95731735 44.64841461 23.00989151
v 39.15751266 44.66829300 23.20816422
v 39.07296371 44.98340225 23.41527176
v 39.33202362 45.07991791 23.69564247
v 39.25526810 45.32936478 23.78939056
v 39.49896622 45.35586166 23.99000359
v 39.49906158 45.67673111 24.13457108
v 39.89751053 45.85268784 24.47976494
v 39.79751968 46.01671219 24.45379829
v 40.14381409 46.34051895 24.75005531
v 40.40211105 46.31964874 24.91886330
v 40.53113556 46.63964844 25.02635956
v 40.79396439 46.60621262 25.19227028
v 40.95300293 46.91044998 25.28623009
v 40.82218933 46.44489670 25.33010864
v 40.44137955 46.15388107 25.05674553
v 39.95566177 45.68265152 24.61682892
v 39.57619858 45.18334198 24.12311935
v 39.41946030 44.90710831 23.82507133
v 39.25941849 44.49669647 23.32949638
v 39.19345474 44.11886597 22.78364182
v 39.20727539 43.80008316 22.19189644
v 39.28566742 43.55833435 21.56357574
v 40.81122208 46.55126190 25.22702408
v 40.42383957 46.26414490 24.95338821
v 39.92669678 45.79772186 24.51396370
v 39.53540421 45.30256271 24.02338600
v 39.37209702 45.02801514 23.72836876
v 39.20224380 44.61911011 23.23954964
v 39.12697601 44.24158478 22.70302010
v 39.13218307 43.92249298 22.12267685
v 39.20258713 43.68026733 21.50733376
v 44.31481552 47.97280121 26.94514656
v 45.00520706 47.97003174 27.31221390
v 44.30895996 47.87305450 26.99129868
v 44.29495621 47.80430984 27.04421997
v 43.62197876 47.73918152 26.66592598
v 43.61233139 47.67148972 26.72007751
v 43.00571823 47.57295227 26.37401390
v 43.00012970 47.50653839 26.42930984
v 42.98031616 47.44170761 26.51368141
v 42.94806671 47.40074158 26.60878563
v 43.55318451 47.56465149 26.89856148
v 42.94439316 47.39650345 26.70196152
v 43.57883835 47.56581879 27.00665092
v 44.22832870 47.69690704 27.22168541
v 44.22309875 47.68961334 27.31583214
v 44.87380981 47.76895142 27.62773323
v 44.95420074 47.82435608 27.44740105
v 44.26652908 47.73787308 27.12692451
v 42.99983597 47.66883850 26.32370758
v 43.62174225 47.83715057 26.61761475
v 43.58834457 47.60572433 26.80363846
v 44.93173981 47.79555130 27.76099968
v 44.99881363 47.79062271 27.66438293
v 45.04655838 47.81948471 27.54649353
v 45.06150436 47.84183884 27.50185394
v 45.14008713 47.84601212 27.65679932
v 45.15703964 47.86214447 27.60259438
v 45.23386002 47.91957855 27.75759697
v 45.25394440 47.92858124 27.69669342
v 45.29958344 48.01416016 27.82232666
v 45.32275391 48.01848602 27.75841904
v 45.34053802 48.11705017 27.86080742
v 45.36610794 48.11879730 27.79564667
v 45.37919235 48.25123596 27.84273338
v 45.38298798 48.12934494 27.69331360
v 45.40348434 48.25487900 27.64602661
v 45.37435532 48.14843369 27.59102631
v 45.34059525 48.17480850 27.49597931
v 45.30659485 48.11075974 27.47556305
v 45.25919342 48.16152954 27.40151787
v 45.21882629 48.12015152 27.37981796
v 45.15700912 48.08765793 27.34644318
v 45.08838272 48.07457352 27.30944252
v 45.09233093 48.00426102 27.34202003
v 45.08900452 47.94054031 27.38615608
v 45.17923355 47.95160294 27.45394325
v 45.17358017 47.89975739 27.52483940
v 45.27015686 47.95628738 27.60575867
v 45.07858658 47.88571930 27.44014549
v 45.28360367 48.20681000 27.41459465
v 45.33046722 48.26337433 27.46192551
v 45.26355743 48.25334167 28.00373268
v 45.23353958 48.13114166 27.99844170
v 45.20483780 48.03174210 27.96259689
v 45.15575409 47.93143845 27.89885139
v 45.08006668 47.83930969 27.79153442
v 45.08498001 48.26067352 28.08948326
v 45.07825089 48.12656021 28.06720543
v 45.05658340 48.01688004 28.02083015
v 44.99569321 47.87081528 27.89684105
v 45.17365646 48.01520920 27.39348793
v 45.25224686 48.05480957 27.44246101
v 45.26962280 47.99917984 27.51927185
v 45.33917999 48.03698730 27.66005898
v 45.33373260 48.06840134 27.56362915
v 45.29620743 48.30709457 27.42006874
v 45.38654327 48.30709457 27.56504059
v 45.40769196 48.31733322 27.65711403
v 45.40858078 48.34502411 27.74828529
v 45.35742950 48.43605042 27.91063309
v 45.39463806 48.35625076 27.81759262
v 45.25249481 48.55826569 28.03228951
v 45.26108932 48.46343994 28.01996040
v 45.25777817 48.41104507 28.01908493
v 45.25445557 48.35865021 28.01820755
v 45.11657715 48.69126892 28.09826469
v 45.11456299 48.69313812 28.09877396
v 45.36867523 48.35603333 27.88122940
v 45.37168884 48.40845490 27.88204384
v 45.44770432 48.69313812 25.18855476
v 45.84389877 48.69313812 25.45763588
v 45.42290115 48.49908829 25.24108696
v 45.80421066 48.49908829 25.50006104
v 45.36068726 48.35838318 25.37284470
v 45.70467377 48.35838318 25.60646820
v 45.27701569 48.30709457 25.55003929
v 45.60972595 48.30709457 25.78775215
v 45.96069717 48.35838318 25.93412399
v 45.83789825 48.30709457 26.12708092
v 46.10421371 48.35838318 26.32439423
v 45.93252182 48.30709457 26.52488708
v 46.12145615 48.35838318 26.73985863
v 45.88157272 48.30709457 26.93060684
v 46.01076889 48.35838318 27.14067841
v 45.69152832 48.30709457 27.29266548
v 45.78277206 48.35838318 27.48842049
v 45.46054077 48.35838318 27.74904060
v 45.53291702 48.49908829 27.87550354
v 45.56131744 48.69313812 27.92618752
v 46.08801651 48.49908829 25.86326981
v 46.13877869 48.69313812 25.83501816
v 46.24710464 48.49908829 26.29588509
v 46.30407333 48.69313812 26.28451920
v 46.26621628 48.49908829 26.75642967
v 46.32393265 48.69313812 26.76303673
v 46.14352036 48.49908829 27.20074081
v 46.19644928 48.69313812 27.22468758
v 45.89078522 48.49908829 27.58621407
v 45.93385315 48.69313812 27.62520599
v 44.91531372 48.30709457 25.37924767
v 44.99898148 48.35838318 25.20205116
v 45.06119537 48.49908829 25.07029533
v 45.08600235 48.69313812 25.01776314
v 43.78590012 48.30709457 25.46442223
v 43.50214767 48.30709457 25.73619843
v 43.60169220 48.35838318 25.35595322
v 43.34436798 48.35838318 25.61998940
v 43.22704697 48.49908829 25.53358269
v 43.51229477 48.49908829 25.24089622
v 43.47665024 48.69313812 25.19502258
v 43.86639023 48.49908829 25.03681755
v 43.84456635 48.69313812 24.98297882
v 44.26263809 48.49908829 24.93672752
v 44.25627899 48.69313812 24.87898445
v 44.67117310 48.49908829 24.94817543
v 44.68075562 48.69313812 24.89087677
v 44.64713669 48.35838318 25.09188652
v 44.27859116 48.35838318 25.08156013
v 43.92112732 48.35838318 25.17185020
v 44.53653336 48.30709457 25.27482033
v 44.14473343 48.30709457 25.30436707
v 43.20602036 48.30709457 26.03070450
v 42.91070938 48.31719589 26.10186577
v 42.63186264 48.35621643 26.08668137
v 42.61305237 48.42123032 26.00024414
v 42.86881256 48.35588455 26.00830650
v 42.83275223 48.42049026 25.92778206
v 43.13381577 48.35556793 25.84679604
v 43.07852554 48.41979218 25.77821922
v 43.04342270 48.48790741 25.73464966
v 43.01405334 48.58666611 25.69821548
v 42.79084396 48.58823395 25.83420181
v 42.59124756 48.58990097 25.90020752
v 42.35506439 48.59213638 25.92276764
v 42.60113144 48.49013138 25.94555283
v 42.35421371 48.49166870 25.96885490
v 42.11980438 48.59463120 25.88973618
v 43.19799805 48.31712341 25.92638779
v 42.80989075 48.48898697 25.87672043
v 14.94004631 47.10009766 19.11884499
v 15.74352455 46.75270462 19.16461372
v 14.98090363 47.09251785 19.26392746
v 15.74061680 46.77344131 19.36454582
v 14.98968315 47.13949585 19.39856911
v 15.77305126 46.86313248 19.54150391
v 15.00671864 47.20068359 19.49282646
v 15.03969193 47.30310059 19.58633041
v 14.21195698 47.47273254 19.43936157
v 14.23622799 47.57767868 19.53076363
v 13.29582405 47.70256805 19.37450790
v 13.31086349 47.80929565 19.46367264
v 13.33239079 47.93579102 19.52023506
v 14.26875019 47.70255661 19.58916092
v 15.08265400 47.42545319 19.64644814
v 15.83558464 47.00728607 19.66688347
v 13.28944969 47.63782120 19.28391647
v 14.20005703 47.40954971 19.34687805
v 13.28878212 47.58634567 19.15354347
v 13.24692440 47.58168411 19.01108742
v 14.10513401 47.37563705 19.06737900
v 14.19511223 47.36018753 19.21429634
v 16.39376831 46.90514374 19.74347687
v 16.66455460 46.57110977 19.70699883
v 16.85591316 46.59831238 19.74628258
v 17.30077362 46.26348114 19.72098732
v 17.42261124 46.00447464 19.64758301
v 17.72457504 45.90203476 19.65974426
v 17.87206841 45.60280228 19.55139732
v 18.12357140 45.51547623 19.55477142
v 18.28031158 45.18364334 19.40251732
v 18.49484062 45.10955811 19.40031624
v 18.65450859 44.75034714 19.19448090
v 18.83645439 44.69514465 19.19308472
v 18.99238396 44.31649399 18.92327118
v 19.14654350 44.28340530 18.92993164
v 19.29166222 43.89566422 18.58487129
v 19.42324066 43.88550949 18.60770607
v 19.55101776 43.50161362 18.17647934
v 19.66565704 43.51277161 18.22459984
v 19.87896156 43.17739487 17.78708076
v 19.77668190 43.14948654 17.70494080
v 20.07050323 42.89165497 17.30472755
v 19.97820854 42.85453796 17.18166924
v 20.07205963 42.73154449 16.90413094
v 19.86746025 42.88510513 17.12385178
v 19.95988846 42.76636505 16.84976196
v 19.79003906 42.92961121 17.07201576
v 19.88148499 42.81478500 16.80177116
v 19.71373940 43.00743866 17.00416374
v 19.80430031 42.89780426 16.73985863
v 19.66355324 43.10469818 16.93676949
v 19.75370026 43.00023270 16.67932320
v 19.61873817 43.22312927 16.95473099
v 19.78444862 43.04108810 16.48813248
v 16.60353470 46.47251129 19.63205910
v 16.56372833 46.40829849 19.55102348
v 16.52914047 46.35268402 19.42978287
v 17.30562973 45.87673950 19.48628616
v 17.26238823 45.83863068 19.36756325
v 17.74468231 45.50025177 19.38878441
v 17.69585037 45.47509766 19.27257156
v 18.14268684 45.10766220 19.24066734
v 18.08845139 45.09657288 19.12774849
v 18.50677681 44.70207214 19.03559113
v 18.44738197 44.70607376 18.92694664
v 18.83490562 44.29615784 18.76965904
v 18.77077866 44.31584549 18.66642761
v 19.12501907 43.90259171 18.43897629
v 19.05677605 43.93812943 18.34244728
v 19.37602806 43.53420639 18.04080200
v 19.30444145 43.58528519 17.95240402
v 19.59442520 43.20513153 17.58155251
v 19.52020836 43.27062607 17.50273323
v 16.51289749 46.32681274 19.29507256
v 16.62901306 46.25743103 19.18170166
v 17.04663467 45.97556686 19.15540886
v 17.23817062 45.82695007 19.23810959
v 17.44285202 45.67316818 19.09654808
v 17.66643524 45.47445297 19.14723015
v 17.81420517 45.35203552 18.99817085
v 18.05409241 45.10836029 19.00712013
v 18.15827370 45.01716995 18.85522270
v 18.40844917 44.73161316 18.81190300
v 18.47389793 44.67741776 18.66493225
v 18.72788620 44.35604477 18.55804253
v 18.75998878 44.34185791 18.42466354
v 19.01078224 43.99349976 18.24200058
v 19.01545715 44.01956177 18.13178444
v 19.25639153 43.65587616 17.86137009
v 19.24007034 43.71961594 17.78483582
v 19.47090721 43.35555267 17.42270279
v 19.43886185 43.45115662 17.38963318
v 19.84040833 42.91038513 16.41389084
v 19.93893433 42.90777588 15.99737835
v 19.94694138 42.81763077 16.06525993
v 20.04972076 42.75045013 15.70825100
v 20.10227585 42.63599777 15.74254704
v 20.30747032 42.57368088 14.99541092
v 20.18206406 42.54062271 15.78163815
v 20.48058701 42.41454315 15.04179764
v 20.26286697 42.48266220 15.81485176
v 20.37812996 42.43712997 15.85608292
v 20.15770531 42.55881500 16.19544983
v 20.27222061 42.51633072 16.24155998
v 20.04868698 42.66421890 16.56700516
v 20.16204262 42.62568283 16.61781693
v 20.08508110 42.82584381 15.48999882
v 20.22577858 42.79794312 14.97352219
v 20.70535088 42.35709763 15.10202312
v 20.55953789 42.39228439 15.67669296
v 20.40738106 42.49548340 16.24103165
v 20.24549866 42.66312408 16.78654099
v 17.35261154 45.92543030 19.56803131
v 17.79628944 45.53773499 19.47012329
v 18.19881821 45.13324356 19.32078171
v 18.56733322 44.71514893 19.11357117
v 18.89967346 44.29650116 18.84451485
v 19.19367027 43.89035416 18.50963974
v 19.44812393 43.50993729 18.10614395
v 19.66946030 43.16991425 17.64055824
v 19.89145279 42.80352020 16.46728706
v 19.99865341 42.70626450 16.10922241
v 19.96943855 42.71602631 16.52301216
v 20.07757378 42.61416245 16.15675545
v 22.70390701 46.33651352 20.17858887
v 22.72403526 45.52008057 19.93499374
v 22.75529099 44.75701523 19.55675697
v 22.79676437 44.06948853 19.05486488
v 22.84724998 43.47747421 18.44389915
v 22.90528297 42.99817276 17.74160957
v 22.96917725 42.64550781 16.96840096
v 23.03707504 42.42972565 16.14673424
v 23.10700417 42.35709763 15.30048180
v 44.63377380 47.74732971 27.61044312
v 44.70326614 47.76910782 27.73048401
v 44.68419266 47.81764221 27.85534859
v 44.66425323 47.89752960 27.96235275
v 44.64855957 47.98139954 28.02967834
v 44.63060760 48.10319901 28.08579063
v 44.53279114 47.97229767 28.01288605
v 44.50920105 48.09446335 28.06763840
v 44.41879654 47.96242523 27.98678398
v 44.38969803 48.08502960 28.03973961
v 44.19299316 47.95553970 27.91549110
v 44.36137009 48.21820450 28.05633926
v 44.59957123 48.23483276 28.10556602
v 44.84280396 48.24907303 28.11691284
v 44.44692612 47.87829590 27.92208862
v 44.29248047 47.78055191 27.75612450
v 44.48581314 47.79874420 27.81834602
v 44.52624893 47.75131226 27.69667435
v 44.58420944 47.80858231 27.84092331
v 44.61400604 47.76055908 27.71726990
v 44.40651321 47.72060776 27.53404427
v 44.55474854 47.88831329 27.94664192
v 41.72535706 47.39934158 26.77857399
v 41.05028534 47.00728607 26.42314148
v 41.79479218 47.28014374 26.74079704
v 41.16712952 46.86313248 26.34582710
v 41.85513306 47.20066071 26.68686295
v 41.93272400 47.12709427 26.59243202
v 42.20965576 47.34473038 26.86132622
v 42.28398895 47.26982117 26.76631546
v 42.57014847 47.47270966 27.03793907
v 42.64129639 47.39664841 26.94235229
v 43.39596558 47.70254898 27.43983841
v 43.46017075 47.62449646 27.34297943
v 43.52586746 47.58021927 27.22717285
v 43.62002945 47.58168411 27.14953613
v 42.84865189 47.37563705 26.76918221
v 42.71120834 47.35450363 26.82652092
v 42.35578156 47.22879410 26.65044022
v 41.28369904 46.77344131 26.20879364
v 42.00640488 47.08729553 26.47649002
v 41.38114548 46.75270462 26.03419495
v 42.09986115 47.10009766 26.39629745
v 43.34942627 47.78547287 27.49770164
v 42.51649857 47.55420303 27.09378052
v 42.15270615 47.42531204 26.91622734
v 43.29996109 47.90884399 27.54266930
v 42.45677948 47.67593002 27.13506889
v 42.08820343 47.54591751 26.95579147
v 38.95568466 42.38992310 20.60612297
v 39.11537552 42.35709763 20.03497314
v 39.06009674 42.41395950 20.71666527
v 39.34013748 42.41454315 20.09519958
v 39.17979431 42.46042633 20.74031830
v 39.26557541 42.51917648 20.75375366
v 39.01773071 42.58220291 21.37270927
v 39.10709381 42.63677979 21.37776756
v 38.91989517 42.71144485 21.78542900
v 39.01121521 42.76169205 21.78494263
v 38.79275513 42.98727036 22.41738701
v 38.88639450 43.02840805 22.40832710
v 38.71569061 43.33582306 23.01390266
v 38.81060028 43.36565018 22.99674606
v 38.70633698 43.74124527 23.56734276
v 38.80136871 43.75817108 23.54278564
v 38.77991486 44.18728638 24.07125664
v 38.87385941 44.19031906 24.04019547
v 38.93698502 44.65531158 24.52645874
v 39.02875900 44.64405441 24.48983383
v 39.17254639 45.12577820 24.93650627
v 39.26127243 45.10041046 24.89525223
v 39.48160172 45.57914352 25.30496025
v 39.56659698 45.54043579 25.26001167
v 39.66186142 45.79392242 25.47485161
v 39.74479294 45.74898911 25.42839432
v 39.85746765 45.99974060 25.63631058
v 39.93823242 45.94890213 25.58855057
v 40.14047623 46.26079178 25.84088898
v 40.21820068 46.20253372 25.79166412
v 40.44430161 46.50493240 26.03447151
v 40.51885986 46.43979645 25.98404503
v 40.60901642 46.38316345 25.89598274
v 40.69015121 46.35648346 25.78696442
v 40.60541916 46.25806046 25.60631561
v 40.39450073 46.13300705 25.60122108
v 40.25669861 45.97658157 25.37483215
v 40.11940765 45.89461899 25.40535164
v 39.92943573 45.70714188 25.25100899
v 40.03426361 45.90834427 25.50646591
v 39.84288025 45.71519852 25.34887695
v 39.51325607 42.57368088 20.14158630
v 39.35299301 42.61554337 20.76243782
v 39.20024490 42.72798157 21.37357712
v 39.10788345 42.84721375 21.77251434
v 38.98786545 43.10181427 22.38357544
v 38.91565323 43.42406082 22.96066475
v 38.90845871 43.79975510 23.49644470
v 38.98121262 44.21426392 23.98471642
v 39.13478470 44.65031052 24.42629623
v 39.36474228 45.08960724 24.82465363
v 39.66662598 45.51386261 25.18325615
v 39.41425323 42.73093414 20.76196480
v 39.59494781 42.79794312 20.16347504
v 39.45987320 42.82412720 20.68166161
v 39.33458328 42.90380859 21.19502258
v 39.26824570 42.83855820 21.35839844
v 39.22251511 43.03816223 21.69741631
v 39.18040085 42.95219803 21.74815178
v 39.13058853 43.22339630 22.18388367
v 39.06714249 43.19467545 22.34579277
v 39.06770706 43.45290375 22.65013313
v 39.00065613 43.50193024 22.91079903
v 39.04279327 43.72004318 23.09187889
v 38.99758530 43.86103058 23.43571281
v 39.06476974 44.01816177 23.50484276
v 39.07238007 44.25853729 23.91422653
v 39.13985825 44.33989334 23.88624191
v 39.22611237 44.67796707 24.34702301
v 39.26721954 44.67594147 24.23723984
v 39.44487381 45.01670837 24.55963516
v 39.45481491 45.10166550 24.73743057
v 39.67083359 45.35258865 24.85522842
v 39.75450134 45.51198578 25.08878708
v 39.94296646 45.67424011 25.12589645
v 40.35464478 46.60470200 26.06885910
v 40.04594803 46.35187912 25.87531090
v 39.75827026 46.08149338 25.67041397
v 39.55932617 45.86827850 25.50841713
v 39.37588501 45.64575195 25.33768082
v 39.06100845 45.17594147 24.96646881
v 38.82047272 44.68835831 24.55227280
v 38.65943527 44.20334244 24.09160805
v 38.58304596 43.74123764 23.58100128
v 38.59086990 43.32137299 23.01981735
v 38.66769409 42.96044159 22.41493607
v 38.79589462 42.67470932 21.77446175
v 38.89506531 42.54066849 21.35651016
v 40.52848816 46.90542603 26.21040726
v 40.12665176 46.59919739 25.98183632
v 39.75386047 46.26490402 25.73762131
v 39.41744232 45.90355301 25.47285080
v 39.12466431 45.51628876 25.18265343
v 38.88088608 45.10897446 24.86348915
v 38.68917847 44.69316483 24.51342010
v 38.55247116 44.28075790 24.13060188
v 38.47369003 43.88364792 23.71319008
v 38.45442963 43.51343155 23.26004982
v 38.48799515 43.17988586 22.77443123
v 38.56454468 42.89209366 22.26124191
v 38.67422867 42.65912628 21.72540283
v 38.80721283 42.49002457 21.17183876
v 40.31134415 46.15358353 25.70643616
v 34.84629059 46.33651352 23.43213081
v 33.19463348 46.33651352 22.70338249
v 32.87777328 47.18259811 22.68507195
v 31.50781631 46.33651352 22.06019020
v 30.90618324 47.18259811 21.96208572
v 29.79026604 46.33651352 21.50424385
v 28.89491844 47.18259811 21.35819054
v 28.04649544 46.33651352 21.03700256
v 26.85116386 47.18259811 20.87554550
v 26.28108215 46.33651352 20.65969086
v 24.78222275 47.18259811 20.51587486
v 24.49865913 46.33651352 20.37330246
v 24.53123856 45.52008057 20.13105965
v 26.32602692 45.52008057 20.41943550
v 28.10368919 45.52008057 20.79936409
v 29.85955620 45.52008057 21.26984596
v 31.58901978 45.52008057 21.82965088
v 33.28754044 45.52008057 22.47730446
v 34.95065689 45.52008057 23.21110725
v 33.43180084 44.75701523 22.12626266
v 35.11270905 44.75701523 22.86791611
v 33.62322235 44.06948853 21.66045952
v 35.32773590 44.06948853 22.41252899
v 33.85624313 43.47747421 21.09342384
v 35.58949661 43.47747421 21.85817337
v 34.12409592 42.99817276 20.44163132
v 35.89038467 42.99817276 21.22095680
v 34.41899490 42.64550781 19.72401810
v 36.22165298 42.64550781 20.51939011
v 34.73237991 42.42972565 18.96143341
v 36.57368851 42.42972565 19.77385712
v 36.93625259 42.35709763 19.00601768
v 34.73759079 42.35709763 18.04711533
v 32.85187531 42.42972565 18.24438858
v 32.48556900 42.35709763 17.22129440
v 30.93711281 42.42972565 17.62460518
v 30.18822479 42.35709763 16.53150368
v 28.99311638 42.42972565 17.10371399
v 27.85377121 42.35709763 15.98020840
v 27.02499199 42.42972565 16.68307877
v 25.49055099 42.35709763 15.56937885
v 25.03790665 42.42972565 16.36380577
v 24.92801094 42.64550781 17.18091583
v 24.82459641 42.99817276 17.94983864
v 24.73066711 43.47747421 18.64823341
v 24.64895248 44.06948853 19.25581169
v 24.58182716 44.75701523 19.75491905
v 31.71510887 44.75701523 21.47168159
v 29.96714401 44.75701523 20.90588951
v 28.19249344 44.75701523 20.43037224
v 26.39581490 44.75701523 20.04638100
v 31.88241959 44.06948853 20.99668312
v 30.10990524 44.06948853 20.42294502
v 28.31032944 44.06948853 19.94075012
v 26.48841858 44.06948853 19.55136490
v 32.08609390 43.47747421 20.41845703
v 30.28369331 43.47747421 19.83504486
v 28.45377541 43.47747421 19.34472084
v 26.60114670 43.47747421 18.94877052
v 32.32020569 42.99817276 19.75380135
v 30.48345566 42.99817276 19.15926933
v 28.61866379 42.99817276 18.65959930
v 26.73072433 42.99817276 18.25610352
v 32.57796478 42.64550781 19.02202415
v 30.70339203 42.64550781 18.41525078
v 28.80020142 42.64550781 17.90529251
v 26.87338829 42.64550781 17.49348831
v 48.79566193 52.33895493 13.70696449
v 49.04372025 52.27993011 13.72746277
v 48.86387253 52.30597305 13.56854725
v 49.17945862 52.21450424 13.71404362
v 49.08571625 52.15782928 13.39223003
v 49.30863571 52.10887146 13.64799118
v 49.41299438 51.94386673 13.51604271
v 49.25960541 51.92781067 13.25402355
v 49.44772339 51.69956207 13.31436634
v 49.36777115 51.63943863 13.16805649
v 49.40970993 51.51548004 13.17599964
v 49.32345963 51.32219696 13.05453968
v 49.05423737 51.63943863 12.86819649
v 49.01377869 51.32219696 12.79166985
v 48.67161560 51.63943863 12.66369534
v 48.64895248 51.32219696 12.61305523
v 48.24809647 51.63943863 12.56962013
v 48.25139618 51.32219696 12.52967930
v 48.62362671 51.92781067 12.79325867
v 48.23671722 51.92781067 12.70731544
v 48.54647827 52.15782928 13.00155640
v 48.21842194 52.15782928 12.92868614
v 48.44805527 52.30597305 13.26729012
v 48.19508743 52.30597305 13.21109867
v 48.30412292 52.35709763 13.55167866
v 48.16909409 52.35709763 13.52567482
v 48.43046570 52.35709763 13.60596657
v 48.67659760 52.30597305 13.38943958
v 48.84285355 52.15782928 13.15996170
v 48.54227066 52.35709763 13.68602562
v 48.97317505 51.92781067 12.98008347
v 37.95010757 51.32219696 11.67844105
v 43.09745026 51.63943863 12.14400101
v 37.94680786 51.63943863 11.71838188
v 43.08607101 51.92781067 12.28169632
v 37.93542862 51.92781067 11.85607719
v 43.06777954 52.15782928 12.50306702
v 37.91713715 52.15782928 12.07744789
v 43.04444122 52.30597305 12.78547955
v 37.89379883 52.30597305 12.35986042
v 37.86780548 52.35709763 12.67443752
v 25.89276886 51.32219696 8.44768715
v 25.87565613 51.63943863 8.48392677
v 27.80971909 51.32219696 9.28372669
v 27.79480171 51.63943863 9.32092381
v 29.77319717 51.32219696 10.00373745
v 29.76053047 51.63943863 10.04175949
v 31.77618790 51.32219696 10.60514641
v 31.76581383 51.63943863 10.64385796
v 33.81153107 51.32219696 11.08580589
v 33.80348969 51.63943863 11.12506771
v 35.87195969 51.32219696 11.44399738
v 35.86627960 51.63943863 11.48366928
v 35.84669495 51.92781067 11.62043858
v 35.81520844 52.15782928 11.84032154
v 35.77503967 52.30597305 12.12083435
v 35.73029327 52.35709763 12.43329620
v 25.81666183 51.92781067 8.60886383
v 27.74337959 51.92781067 9.44916248
v 29.71685982 51.92781067 10.17284107
v 31.73005486 51.92781067 10.77731514
v 33.77576828 51.92781067 11.26042271
v 25.72181892 52.15782928 8.80972290
v 27.66070557 52.15782928 9.65532970
v 29.64665413 52.15782928 10.38358021
v 31.67256355 52.15782928 10.99187183
v 33.73120117 52.15782928 11.47803116
v 25.60082245 52.30597305 9.06596756
v 27.55523682 52.30597305 9.91834545
v 29.55708694 52.30597305 10.65242767
v 31.59922218 52.30597305 11.26559067
v 33.67434311 52.30597305 11.75564289
v 25.46604729 52.35709763 9.35139656
v 27.43775558 52.35709763 10.21131706
v 29.45732117 52.35709763 10.95189571
v 31.51752663 52.35709763 11.57048416
v 33.61101151 52.35709763 12.06487274
v 16.54597282 51.32219696 4.03423643
v 20.50242233 51.63943863 5.94674683
v 16.12318993 51.66783524 3.88869977
v 20.44342804 51.92781067 6.07168388
v 15.65502548 51.99268341 3.86508322
v 20.34858513 52.15782928 6.27254343
v 15.42066193 52.12855148 3.90467191
v 15.17501068 52.24619675 3.98595500
v 20.22758865 52.30597305 6.52878761
v 14.93535042 52.32735825 4.11225462
v 14.71957874 52.35709763 4.27703667
v 48.93961716 50.25709534 13.71886063
v 46.20429611 50.25709534 13.49282932
v 46.02329636 50.23825455 13.47787285
v 37.85717392 52.35709763 12.80307198
v 45.79190445 50.16947937 13.45875168
v 45.23082733 49.85929871 13.41238785
v 45.22735214 49.85709763 13.41210079
v 45.26812363 48.70709610 13.41547012
v 45.72728729 47.55709457 13.45341206
v 45.27172852 48.70483780 13.41576767
v 45.64059448 48.48494339 13.44624805
v 45.73733139 48.43678284 13.45424175
v 45.87422562 48.37997055 13.46555424
v 46.42486572 47.77731323 13.51105595
v 46.24372482 48.30709457 13.49608707
v 47.14633942 47.95299149 13.57067394
v 47.88840866 48.08332443 13.63199425
v 48.83102798 48.30709457 13.70988750
v 48.64767838 48.16772079 13.69473648
v 48.82912827 48.27463531 13.70973015
v 48.82130814 48.24744797 13.70908356
v 48.80434418 48.22479630 13.70768166
v 48.70362854 48.17596436 13.69935989
v 48.75746155 48.19355774 13.70380783
v 35.71199799 52.35709763 12.56106663
v 33.58511353 52.35709763 12.19132233
v 31.48411942 52.35709763 11.69515896
v 29.41652489 52.35709763 11.07435226
v 27.38971519 52.35709763 10.33111763
v 25.41093445 52.35709763 9.46811199
v 18.80400658 52.35709763 6.34839678
v 18.68190956 52.35709763 6.30051804
v 14.42081738 52.35709763 4.63715744
v 14.23335648 52.35709763 5.06588125
v 14.17183208 52.35709763 5.52973461
v 18.12717628 52.35709763 6.28420877
v 18.42807388 52.35709763 6.25455904
v 14.24104786 52.35709763 5.99250317
v 17.56569290 52.35709763 6.66703081
v 17.80911827 52.35709763 6.42983913
v 17.24543190 52.35709763 7.00123835
v 14.43559933 52.35709763 6.41805553
v 16.84591293 52.35709763 7.23500395
v 14.74029827 52.35709763 6.77316713
v 16.39766121 52.35709763 7.35046577
v 15.13135338 52.35709763 7.03011274
v 15.49305725 52.35709763 7.20090532
v 15.93492413 52.35709763 7.33880281
v 14.94571304 50.79313660 4.16929579
v 14.58642197 50.79313660 4.49756432
v 14.34084225 50.79313660 4.91773272
v 14.23113823 50.79313660 5.39188004
v 14.26721096 50.79313660 5.87721443
v 14.44580364 50.79313660 6.32993412
v 14.75080013 50.79313660 6.70918036
v 15.15467262 50.79313660 6.98072672
v 15.38628960 50.79313660 3.96255326
v 15.46440887 49.52679443 3.98704338
v 15.54871178 48.26067352 4.01348639
v 15.79088688 48.24907303 3.98605752
v 16.03411865 48.23483276 3.99740338
v 16.27231979 48.21820450 4.04663038
v 16.49941063 48.19943237 4.13284540
v 21.22031403 43.51879120 11.94655132
v 21.08692360 43.41121674 11.91080952
v 21.01067924 43.25497437 11.89037991
v 21.00618172 43.07998276 11.88917446
v 17.78346634 47.67824173 5.86331463
v 17.80211449 47.53666306 5.82382393
v 18.27068710 47.55770493 6.09555149
v 18.70332527 47.28652573 6.29287434
v 19.23073959 47.15560913 6.56860304
v 19.57016945 46.85522842 6.75871134
v 19.67971992 46.91251755 6.81677771
v 19.99853706 46.58049011 7.02669859
v 20.10110664 46.64001846 7.07733822
v 20.48918724 46.33898163 7.35375357
v 20.59229851 46.09781647 7.47745752
v 20.83671761 46.01570892 7.64950037
v 20.84854889 45.83813477 7.72182178
v 21.13618088 45.67747116 7.96805716
v 21.07302284 45.57108307 7.98108292
v 21.38006020 45.33153534 8.31290150
v 21.26875877 45.28980255 8.26793766
v 21.56088638 44.98519897 8.68749332
v 21.49606133 44.83424759 8.77767849
v 21.67586327 44.64893341 9.09332275
v 21.60943794 44.40587997 9.34240723
v 21.73082733 44.33908463 9.52824497
v 21.62354088 44.04211426 9.95783043
v 21.73277664 44.07144928 9.98940754
v 21.69016647 43.85422516 10.47192478
v 21.55721092 43.76726913 10.61352253
v 21.61203003 43.69262314 10.97011375
v 21.50216103 43.66991425 10.94277191
v 21.43431473 43.59759140 11.28188419
v 21.37384224 43.59036255 10.89684868
v 21.30401039 43.51998520 11.23868370
v 21.28946114 43.46648026 10.84798813
v 21.21567154 43.39635468 11.19687366
v 21.26986122 43.40136719 10.82722855
v 21.19381523 43.33077621 11.18037415
v 21.17907906 43.13018799 11.21243286
v 18.68218613 47.16664124 6.22453594
v 17.83981705 47.41881943 5.74397659
v 17.88881683 47.34473038 5.64020300
v 17.94305420 47.31431580 5.52533817
v 18.49761581 47.10483932 5.78861141
v 18.69952583 47.03896713 6.07058573
v 18.68809700 47.07081223 6.12345934
v 19.52701569 46.62908936 6.58664370
v 19.53170586 46.73154068 6.69058657
v 19.94932938 46.45602798 6.95903206
v 19.03122330 46.85702133 6.05719233
v 19.53630257 46.59389877 6.53187799
v 19.93821526 46.34972000 6.85412836
v 20.52458954 45.97496414 7.41090345
v 19.53609467 46.57115936 6.33749199
v 20.00445175 46.24754333 6.63592100
v 19.94633484 46.31212234 6.79868507
v 20.44270706 45.87019348 6.97246408
v 20.50848389 45.82031631 7.25021172
v 20.81736755 45.46092987 7.34235954
v 20.74813080 45.55726624 7.49659395
v 20.95590782 45.28785324 7.75924826
v 20.95241737 45.33555984 7.81338549
v 21.13286400 45.05600739 8.10376549
v 21.17363739 45.17607117 8.20384979
v 21.38897514 44.72896957 8.71528816
v 21.11621094 45.03433990 7.75324774
v 21.13455772 45.00537872 8.05131721
v 21.33762932 44.60633850 8.62187195
v 21.49372673 44.31022644 9.28241062
v 21.32701874 44.60501480 8.21276855
v 21.33554077 44.55105591 8.57382679
v 21.43208885 44.18643951 9.19874477
v 21.50182724 43.95468903 9.90197849
v 21.44356728 44.19052505 8.72690582
v 21.42526054 44.12703705 9.15704823
v 21.43059731 43.83066940 9.83061790
v 21.43103600 43.68574905 10.56357765
v 21.47289658 43.81610870 9.29213715
v 21.41862297 43.76823044 9.79656029
v 21.35094261 43.56193161 10.50647736
v 21.42743683 43.50664139 9.90189266
v 21.33382988 43.49756241 10.48094273
v 21.32449722 43.27520370 10.54599857
v 21.50739861 43.59184647 11.47828674
v 20.50235939 45.86260223 7.30584478
v 20.74320984 45.60220337 7.55173588
v 20.77139091 45.71740723 7.65598679
v 20.98672104 45.45333862 7.91606092
v 21.41384697 43.04108810 10.40713978
v 21.50363731 43.22312927 9.92019749
v 21.56530952 43.45115662 9.45362186
v 21.59075165 43.71961594 9.01197147
v 21.56970596 44.01956177 8.59919834
v 21.49490356 44.34185791 8.21782303
v 21.36727524 44.67741776 7.86670017
v 21.18908119 45.01716995 7.54409170
v 20.96258354 45.35203552 7.24826002
v 20.69017029 45.67316818 6.97738695
v 20.37646675 45.97556686 6.72830343
v 20.02794456 46.25743103 6.49672222
v 19.25254440 46.75270462 6.06877565
v 18.53382683 47.10009766 5.70667315
v 17.78503799 47.37563705 5.33378839
v 16.86457634 47.60714722 5.00498676
v 17.01366043 47.58168411 4.95343447
v 16.22717667 47.72060776 4.56892538
v 15.75987530 47.76902390 4.47500801
v 15.99991798 47.74732971 4.49252653
v 21.30225754 42.90777588 10.90938663
v 21.17513466 42.82584381 11.42186451
v 21.03874397 42.79794312 11.93949509
v 17.78223419 47.73123550 5.86592674
v 18.04022026 50.42780304 5.98774481
v 17.86900139 50.40709686 5.90689754
v 18.24956512 50.49900055 6.08659506
v 18.75092888 50.80483627 6.32333374
v 18.75420189 50.80709457 6.32487965
v 15.34812546 50.40709686 4.71656847
v 15.45561409 48.27463531 4.76732397
v 16.72302055 48.00891113 5.36577845
v 15.62025166 48.16772079 4.84506369
v 15.46270466 48.24744415 4.77067184
v 15.47810459 48.22479248 4.77794361
v 15.52064037 48.19353867 4.79802847
v 15.56939793 48.17590332 4.82105160
v 16.79582024 47.90615463 5.38923311
v 16.79481888 47.80543900 5.34635162
v 16.80726433 47.71864700 5.28121233
v 15.62848473 47.97003174 4.79075670
v 15.67948914 47.82435608 4.65556812
v 16.82664108 47.66394806 5.21574020
v 16.86082077 47.61762619 5.12266064
v 15.34722137 48.21446991 4.68675613
v 15.30322170 48.26337433 4.64104366
v 15.28916645 48.18585205 4.60451984
v 15.23020554 48.25487900 4.45694256
v 15.25468254 48.16230011 4.50869656
v 15.24571800 48.14530182 4.40579414
v 15.29994869 48.06835938 4.53922653
v 15.29451942 48.03696442 4.44283581
v 15.35626411 48.00553894 4.57810926
v 15.35516167 47.96379089 4.49039316
v 15.40891457 47.96992493 4.61560392
v 15.41160107 47.92177582 4.53664875
v 15.45586300 47.95096970 4.64995623
v 15.46161270 47.89904785 4.57932377
v 15.49788475 47.94212723 4.68129158
v 15.50605679 47.88816452 4.61841774
v 15.52285957 47.84704208 4.54807043
v 15.53875732 47.82767868 4.49801493
v 15.49508572 47.84507370 4.44761515
v 15.52216530 47.83551025 4.37942648
v 15.47684479 47.87180710 4.32223988
v 15.51458073 47.87996674 4.25452471
v 15.47177315 47.94172287 4.19575644
v 15.63799095 47.87072754 4.20612574
v 15.57710743 48.01685715 4.08214331
v 15.42888737 48.03174210 4.14030504
v 15.55542755 48.12654877 4.03574991
v 15.39710331 48.14744186 4.10053301
v 15.37013435 48.25334167 4.09923601
v 15.33585167 48.13809586 4.16330194
v 15.25449848 48.25123596 4.26023579
v 15.28860664 48.13452148 4.23769617
v 15.26267529 48.13598251 4.30308199
v 15.31093979 48.01847458 4.34451962
v 15.70174694 47.79524231 4.34170008
v 15.59216118 47.81039429 4.37005568
v 15.55482197 47.83813858 4.31306124
v 15.50870800 48.07899094 4.77375555
v 15.49875450 48.00662613 4.73384428
v 15.47762108 48.08711624 4.75697517
v 15.44465065 48.10101318 4.73916245
v 15.40973282 48.12401962 4.72031879
v 15.37474060 48.05994797 4.65629387
v 15.32704926 48.11069107 4.62727261
v 15.37439728 48.16143036 4.70132065
v 15.37562847 48.01795959 4.20579863
v 15.42717075 47.92916870 4.26323652
v 15.33415985 48.01414490 4.28050327
v 15.39183140 47.92869568 4.33705950
v 15.44628620 47.87622833 4.39379215
v 15.37137127 47.93710327 4.39851046
v 15.42789650 47.88877106 4.45186853
v 15.47814846 47.86132812 4.50180960
v 15.42007446 48.03069305 4.68434572
v 15.46124744 48.01462936 4.71015549
v 15.56327724 47.81335831 4.43390512
v 15.38355923 50.79045105 3.96347213
v 15.28513527 50.69076538 4.01435661
v 15.34962273 49.31149673 4.04816008
v 15.27065945 49.30917358 4.11759806
v 15.17962742 49.30904770 4.30509901
v 15.21279335 49.30834579 4.20526552
v 15.18955421 50.58128738 4.11139441
v 15.18414688 49.31335831 4.47693110
v 15.17326641 49.31122208 4.40992737
v 15.11965275 50.45854187 4.30000162
v 15.26279736 49.32104492 4.63380194
v 15.23489475 50.40709686 4.63685226
v 15.15130901 50.40709686 4.51291513
v 15.12098980 50.42131805 4.40589809
v 14.85020828 50.40709686 4.81112671
v 14.74492836 50.45838165 4.62566662
v 15.05902004 50.45838165 4.33869553
v 14.63160419 50.59909058 4.53408051
v 14.97801113 50.59909058 4.21758366
v 14.53024387 50.45838165 4.99297619
v 14.66926003 50.40709686 5.19433641
v 14.43434143 50.45838165 5.40747404
v 14.63029003 50.40709686 5.61632395
v 14.46587563 50.45838165 5.83175135
v 14.73799896 50.40709686 6.02619076
v 14.62200165 50.45838165 6.22751713
v 14.97939396 50.40709686 6.37450075
v 14.88862801 50.45838165 6.55905342
v 15.32536125 50.40709686 6.61924314
v 15.24169159 50.45838165 6.79643822
v 14.79008770 50.59909058 6.66638660
v 15.17947769 50.59909058 6.92819500
v 14.49602985 50.59909058 6.30073977
v 14.32384014 50.59909058 5.86425495
v 14.28906155 50.59909058 5.39632511
v 14.39483166 50.59909058 4.93918085
v 15.68706512 50.40709686 6.79003572
v 15.60339642 50.45838165 6.96723080
v 15.54118156 50.59909058 7.09898758
v 15.51637650 50.79313660 7.15151930
v 16.89285469 50.40709686 6.69660473
v 17.19454765 50.40709686 6.40485811
v 17.08189201 50.45838165 6.80109882
v 17.35296249 50.45838165 6.52019835
v 17.47075462 50.59909058 6.60596132
v 17.17179489 50.59909058 6.91576290
v 17.51771927 50.79313660 6.64015532
v 17.20763969 50.79313660 6.96147966
v 16.79961395 50.59909058 7.13217497
v 16.82161522 50.79313660 7.18594122
v 16.38248825 50.59909058 7.23875523
v 16.38897514 50.79313660 7.29648542
v 15.95211029 50.59909058 7.22740507
v 15.94258976 50.79313660 7.28471327
v 15.97599030 50.45838165 7.08366871
v 16.36621857 50.45838165 7.09395933
v 16.74443054 50.45838165 6.99732208
v 16.09173012 50.40709686 6.90130043
v 16.51016045 50.40709686 6.86887836
v 17.49212646 50.40709686 6.10647917
v 17.79523277 50.42267990 6.05412149
v 17.83678818 50.46718979 6.14608479
v 18.07051086 50.46759796 6.06804466
v 18.08531761 50.52124023 6.13522863
v 18.21496201 50.52172089 6.11476088
v 18.22170258 50.60973740 6.18173504
v 18.34507179 50.61061096 6.17727709
v 18.34437561 50.71415710 6.21807957
v 18.57927513 50.71681213 6.25066710
v 18.42199516 50.80228043 6.23374891
v 18.22579765 50.71292496 6.22254181
v 18.07920647 50.79804230 6.26028585
v 18.10869980 50.71178055 6.24119520
v 17.90982246 50.71001434 6.30770874
v 17.89276505 50.60767746 6.26997519
v 17.66133499 50.60650635 6.41202116
v 17.61884689 50.51980209 6.35976315
v 17.76579666 50.79487610 6.40201473
v 17.68763542 50.70835495 6.44434166
v 17.51206398 50.42257309 6.22851992
v 17.57560158 50.46680450 6.30660534
v 17.86504555 50.52050018 6.20862484
v 18.09983063 50.60892868 6.20098162
v 15.76093197 47.79028320 4.34207678
v 15.80430508 47.78698349 4.34070539
v 15.84766102 47.78351593 4.34102631
v 15.80883884 47.84277725 4.21789932
v 15.85715389 47.83915710 4.21819925
v 15.81424046 47.90908813 4.13366556
v 15.86606884 47.90542984 4.13402081
v 15.82293320 48.01565170 4.05172253
v 15.87834835 48.01204681 4.05225945
v 15.83309269 48.14026260 4.00081491
v 15.89097023 48.13678741 4.00165606
v 15.76051807 47.84621429 4.21945906
v 15.76241112 47.91255569 4.13529062
v 15.76751900 48.01907349 4.05329514
v 15.77520943 48.14356613 4.00217962
v 16.12860489 48.12071609 4.02833271
v 16.00638580 48.12935257 4.00991011
v 15.98887253 48.00430298 4.05962181
v 15.96943855 47.89755249 4.14063835
v 15.95349503 47.83136368 4.22434521
v 15.93407631 47.77606964 4.34671211
v 16.24889183 48.11139297 4.05656862
v 16.44069672 47.95553970 4.18747950
v 16.34120941 47.78055191 4.34684563
v 16.18675995 47.87831879 4.18090391
v 16.22124672 47.98545074 4.10315704
v 16.11544609 47.75799179 4.38114882
v 16.15593529 47.81233597 4.26200199
v 16.07893944 47.88833618 4.15634966
v 16.10595512 47.99525833 4.07668543
v 16.02552032 47.76739120 4.36016130
v 16.05551720 47.82224274 4.23902321
v 17.67494583 51.57926178 6.50483704
v 17.68114281 51.78194427 6.50820351
v 17.68734169 51.98462677 6.51156807
v 17.88102341 51.77768707 6.36540604
v 17.88723946 51.98037338 6.36864281
v 18.10906601 51.77173233 6.27515030
v 18.11533737 51.97441483 6.27828741
v 18.30626106 51.76584625 6.24540234
v 18.31259537 51.96852875 6.24848747
v 18.55115700 51.75770950 6.26298475
v 18.55758095 51.96039200 6.26604319
v 17.87480927 51.57500458 6.36216784
v 18.10279655 51.56904602 6.27201271
v 18.29992676 51.56316376 6.24231720
v 18.54473305 51.55503082 6.25992537
v 49.19007111 50.25709534 13.65614796
v 49.29852676 50.25709534 14.05380726
v 49.28532791 50.23735046 13.56847763
v 49.48506165 50.20115662 13.91353130
v 49.34675980 50.20115662 13.51337814
v 49.62964249 50.04898071 13.88722134
v 49.47672653 50.04898071 13.44479752
v 49.67763901 49.84313583 13.87848759
v 49.51987457 49.84313583 13.42202950
v 49.49658966 50.20115662 14.33675289
v 49.26446152 50.25709534 14.46458244
v 49.38027573 50.20115662 14.74384117
v 49.09197998 50.25709534 14.83894348
v 49.14689255 50.20115662 15.09708595
v 48.80188370 50.25709534 15.13175583
v 48.81805801 50.20115662 15.36376572
v 48.42914200 50.25709534 15.30771446
v 48.42423630 50.20115662 15.51917839
v 48.00583267 50.22529984 15.50136566
v 47.99500656 50.13496017 15.63236237
v 48.01870346 50.25709534 15.34560394
v 48.45674896 50.04898071 15.66248989
v 47.98794937 50.00044250 15.71776772
v 48.46754074 49.84313583 15.71006680
v 47.98578262 49.84313583 15.74400234
v 48.89217377 50.04898071 15.49065971
v 48.91677856 49.84313583 15.53278637
v 49.25574493 50.04898071 15.19580746
v 49.29188538 49.84313583 15.22858143
v 49.51378250 50.04898071 14.80524540
v 49.55810547 49.84313583 14.82563114
v 49.64238739 50.04898071 14.35515308
v 49.69078827 49.84313583 14.36126137
v 49.23211288 49.84313583 13.03416920
v 49.23448181 49.84579468 13.03639793
v 49.31945038 49.96173096 13.14888096
v 49.36398697 50.09064102 13.30863953
v 49.33469009 50.19921875 13.48433208
v 47.62006378 50.25709534 15.31266212
v 47.60719299 50.22529984 15.46842384
v 47.59636688 50.13496017 15.59942055
v 47.58930969 50.00044250 15.68482590
v 47.58714294 49.84313583 15.71106052
v 46.53770065 50.25709534 14.25779343
v 46.38232040 50.22529984 14.27466679
v 46.65060425 50.25709534 14.64940166
v 46.42816162 50.20115662 14.65104580
v 46.61909103 50.20115662 14.98279572
v 46.29192352 50.04898071 14.70612717
v 46.50302124 50.04898071 15.07292271
v 46.24669266 49.84313583 14.72441387
v 46.46448517 49.84313583 15.10284424
v 46.25164795 50.13496017 14.28885746
v 46.16645050 50.00044250 14.29810905
v 46.14028168 49.84313583 14.30095100
v 46.80609512 50.04898071 15.36829948
v 46.77717590 49.84313583 15.40758991
v 47.17819977 50.04898071 15.56989288
v 47.16108322 49.84313583 15.61557770
v 47.22975922 50.20115662 15.43228149
v 46.89320755 50.20115662 15.24994946
v 47.22568130 50.25709534 15.20986938
v 46.88930893 50.25709534 14.97974014
v 46.07367706 50.24044037 13.51730633
v 46.22539139 50.24033737 13.70876122
v 46.42875290 50.25709534 13.84939575
v 46.35770035 50.24024582 13.97784710
v 46.25953674 50.19228363 14.01277065
v 46.19390106 50.13530731 14.03613853
v 46.13106155 50.04228592 14.05855179
v 46.02373886 50.04330826 13.83966255
v 45.99151993 49.93547058 13.86058140
v 45.87268448 49.93702316 13.71054268
v 45.84340286 49.84804916 13.69285965
v 45.77701950 49.93824005 13.62343311
v 45.67097092 49.93956375 13.54903603
v 45.80134964 50.04528046 13.59312725
v 45.69133377 50.04622650 13.51568413
v 45.84325027 50.13709641 13.54097080
v 45.72623062 50.13766098 13.45858574
v 45.88673019 50.19327545 13.48686695
v 45.43515778 49.94244766 13.44250488
v 45.55942535 49.85229492 13.49974918
v 46.04467773 49.84487534 13.97078896
v 46.09512711 49.93403244 14.07135487
v 46.07976913 50.13591766 13.80325031
v 45.90056229 50.04441452 13.68373203
v 45.94876862 50.13658142 13.63735962
v 46.13815689 50.19262314 13.76535320
v 45.99888611 50.19298935 13.58918381
v 49.38592911 50.89185715 13.19607544
v 49.37125397 50.62823868 13.19230652
v 49.35639954 50.36462021 13.18846607
v 49.39052582 50.62648010 13.36352348
v 49.37682343 50.36278152 13.36016273
v 49.37814713 50.62684631 13.42932987
v 49.36474991 50.36313248 13.42626667
v 49.40408325 50.89017868 13.36681843
v 49.39141083 50.89055634 13.43233204
v 49.28758621 50.89520645 13.60754967
v 49.20606995 50.89918137 13.66975498
v 49.11121368 50.90394974 13.70891476
v 49.06995010 50.25709534 13.70796108
v 49.17985153 50.37189102 13.66660118
v 49.08446503 50.37677765 13.70635700
v 49.09790039 50.64036179 13.70764351
v 49.19301987 50.63553619 13.66818905
v 49.26160812 50.36782837 13.60352802
v 49.27465439 50.63151932 13.60555649
v 46.18072128 48.69313812 14.30129623
v 46.11817932 49.28363800 14.10661221
v 46.01587677 49.27936172 13.88457108
v 45.86352158 49.27339935 13.69387627
v 45.70790482 49.26752090 13.57045364
v 45.86863327 49.12525940 13.69417286
v 45.71303940 49.11938095 13.57081127
v 45.87374496 48.97711945 13.69446945
v 45.71817780 48.97124100 13.57116795
v 45.88302612 48.69806290 13.69511032
v 45.60013962 48.70229340 13.50207710
v 45.49826050 48.96313095 13.46497345
v 45.49307251 49.11127090 13.46456337
v 45.48788834 49.25941086 13.46415234
v 46.02610397 48.98307800 13.88498592
v 46.08375931 48.69489288 13.97277069
v 46.12848282 48.98735809 14.10683918
v 46.12333298 49.13549805 14.10672665
v 46.02099228 49.13122177 13.88477898
v 40.46127319 43.07998276 17.10214996
v 40.45677567 43.25497437 17.10094452
v 40.38052750 43.41121674 17.08051491
v 40.24713898 43.51879120 17.04477310
v 40.08214951 43.55709457 17.00056458
v 45.89054489 47.18053436 13.08968925
v 45.85465622 47.23822403 13.27704144
v 45.29867172 46.95001984 13.05038738
v 44.96113968 46.82787704 13.13661385
v 44.72365189 46.68217850 13.02976894
v 44.09375763 46.37164307 13.14569855
v 44.16962814 46.37821579 13.03828049
v 43.64074707 46.03932953 13.08636951
v 43.62865829 46.07416916 13.19206047
v 43.14279175 45.66650391 13.18470287
v 42.99020767 45.59156799 13.33248138
v 42.68219376 45.26949310 13.34325981
v 42.41598511 45.07878494 13.57697105
v 42.26406097 44.86265945 13.57144833
v 42.13188553 44.79489136 13.76282501
v 41.89350891 44.46035385 13.87867546
v 41.74671936 44.37314224 14.12538719
v 41.57141495 44.07905960 14.27028847
v 41.41806030 43.98530197 14.58302307
v 41.29233551 43.73934937 14.73824120
v 41.13525391 43.65894318 15.12278843
v 41.04890823 43.46077728 15.27038383
v 40.88928604 43.41214371 15.72777081
v 40.83296585 43.25362396 15.85172272
v 40.77410889 43.31891632 16.06007576
v 40.63894653 43.12449265 16.46729851
v 40.66591644 43.25096512 16.40194511
v 40.61780548 43.40053558 16.41328430
v 40.51819611 43.52212524 16.40388680
v 40.46031189 43.56228638 16.39309311
v 40.56746674 43.62946701 16.07354355
v 40.23286819 43.59159088 16.49576950
v 40.39680099 43.69185257 16.00347519
v 40.68219757 43.72179031 15.76318455
v 40.57862473 43.85305023 15.53304291
v 40.92919159 43.96596909 15.19912148
v 40.78302383 44.07035065 15.09383774
v 41.01468277 44.33877945 14.69519520
v 41.21587753 44.28771210 14.69757557
v 41.27891541 44.64841461 14.34556389
v 41.55142593 44.66829300 14.27395058
v 41.58176041 44.98340225 14.05231667
v 41.94630051 45.07991791 13.93904114
v 41.92670059 45.32936478 13.81947422
v 42.23805618 45.35586166 13.76758671
v 42.31042099 45.67673111 13.64243603
v 42.82808304 45.85268784 13.54271317
v 42.72850418 46.01671219 13.51520538
v 43.17653275 46.34051895 13.43178463
v 43.48463058 46.31964874 13.41474438
v 43.65011978 46.63964844 13.38616085
v 43.96068954 46.60621262 13.37389374
v 44.14540100 46.91044998 13.37203979
v 44.65895844 47.15329742 13.38289547
v 44.84886551 47.04628372 13.37007141
v 45.79532623 47.37506866 13.40921974
v 44.87485504 46.99308014 13.34503365
v 44.92543030 46.89307404 13.25770473
v 44.05405045 46.44489670 13.26863289
v 43.99301147 46.55126190 13.35242367
v 43.58758163 46.15388107 13.31496906
v 42.94697952 45.68265152 13.45308876
v 43.52070999 46.26414490 13.39570808
v 42.87046051 45.79772186 13.52769089
v 42.28630066 45.30256271 13.75689507
v 41.99736404 45.02801514 13.93073368
v 41.60585785 44.61911011 14.26913738
v 41.27241135 44.24158478 14.69615269
v 40.98674774 43.92249298 15.20134640
v 40.74004745 43.68026733 15.76945210
v 40.62533951 43.58869934 16.08203316
v 42.37149811 45.18334198 13.69092083
v 42.08673477 44.90710831 13.87066841
v 41.70034790 44.49669647 14.21982956
v 41.37029266 44.11886597 14.65957069
v 41.08638763 43.80008316 15.17894745
v 40.84011841 43.55833435 15.76228619
v 40.72526169 43.46697998 16.08306885
v 47.99218750 47.68961334 13.24940109
v 48.71178818 47.76902390 13.30444717
v 47.94964218 47.69690704 13.33355045
v 48.69112396 47.82435608 13.50100899
v 47.93534470 47.73787308 13.43471432
v 47.91861343 47.80430984 13.52055359
v 47.18637848 47.60572433 13.37559795
v 47.16537094 47.67148972 13.45995712
v 46.51483154 47.44170761 13.32269287
v 46.48980331 47.50653839 13.40566730
v 46.46699524 47.57295227 13.45634747
v 46.43674850 47.66883850 13.49697399
v 47.12228775 47.83715057 13.55339622
v 47.88627243 47.97280121 13.61628151
v 48.66770172 47.97003174 13.64358807
v 47.90427780 47.87305450 13.57338524
v 46.53445435 47.40074158 13.22420597
v 46.57786179 47.39650345 13.14167595
v 47.20338821 47.56465149 13.27581120
v 47.27965164 47.56581879 13.19502926
v 47.14664841 47.73918152 13.51167583
v 48.73834991 48.07457352 13.68757629
v 48.75805664 48.00426102 13.66133785
v 48.77724838 47.94054031 13.62145233
v 48.85422516 48.01520920 13.65742874
v 48.88927841 47.95160294 13.60786057
v 48.94676971 48.05480957 13.65431213
v 49.00022125 47.99917984 13.59647942
v 49.01038742 48.11075974 13.65281868
v 49.07792282 48.06840134 13.59011936
v 49.05004120 48.17480850 13.65213680
v 49.12680054 48.14843369 13.58670330
v 49.02424622 48.26337433 13.67656517
v 49.17953110 48.25487900 13.55363655
v 49.18542099 48.12934494 13.50243568
v 49.25684357 48.25123596 13.37113667
v 49.22196960 48.11879730 13.40537357
v 49.23240662 48.11705017 13.33615875
v 49.17769623 48.01416016 13.34900570
v 49.16578293 48.03174210 13.18015575
v 49.09140015 47.93143845 13.21081924
v 49.06650543 48.01688004 13.05559731
v 48.95177841 47.87081528 13.13252831
v 48.97219467 47.83930969 13.26591396
v 48.83825302 47.79062271 13.33540535
v 48.95680618 47.84601212 13.41260815
v 48.82065582 47.81948471 13.46137142
v 48.94438553 47.86214447 13.46802807
v 48.81127930 47.84183884 13.50750446
v 48.91983032 47.89975739 13.54363537
v 48.79521942 47.88571930 13.56948662
v 48.82847214 47.79555130 13.21819496
v 49.10845947 48.12656021 13.02626991
v 49.20856094 48.13114166 13.16346264
v 49.23720169 48.25334167 13.17388916
v 49.12542343 48.26067352 13.01033878
v 48.95999527 48.20681000 13.69412231
v 48.93231201 48.16152954 13.69324207
v 48.88650894 48.12015152 13.69185162
v 48.81628418 48.08765793 13.68984509
v 49.08841324 47.91957855 13.37220097
v 49.07535553 47.92858124 13.43498707
v 49.16581345 48.01848602 13.41593742
v 49.04393005 47.95628738 13.52184582
v 49.13085556 48.03698730 13.50933266
v 48.97364426 48.30709457 13.69568443
v 49.12436295 48.30709457 13.61530113
v 49.18871689 48.31733322 13.54613781
v 49.23507309 48.34502411 13.46762657
v 49.25765228 48.35625076 13.40063381
v 49.26698685 48.35603333 13.33254051
v 49.27000046 48.40845490 13.33334160
v 49.27194595 48.43605042 13.30145264
v 49.23655701 48.35865021 13.15680313
v 49.23987198 48.41104507 13.15770531
v 49.24317932 48.46343994 13.15860367
v 49.24190140 48.55826569 13.14362907
v 49.15568924 48.69313812 13.01708698
v 49.15718079 48.69126892 13.01853466
v 49.45629501 48.69313812 13.38992596
v 49.40635681 48.49908829 13.41962051
v 49.28044510 48.35838318 13.49295139
v 49.42919922 48.35838318 13.87977219
v 49.25230026 48.30709457 14.00367832
v 49.45277786 48.35838318 14.29492474
v 49.23585510 48.30709457 14.41225338
v 49.34822464 48.35838318 14.69738674
v 49.07711792 48.30709457 14.78909111
v 49.12556076 48.35838318 15.04856777
v 48.79626846 48.30709457 15.08628941
v 48.80614090 48.35838318 15.31479549
v 48.42900467 48.30709457 15.26607037
v 48.42058563 48.35838318 15.47054100
v 48.02201080 48.30709457 15.30558109
v 48.00587463 48.35838318 15.50087166
v 48.45358658 48.49908829 15.61246204
v 47.99387360 48.49908829 15.64608288
v 48.46674347 48.69313812 15.66904640
v 47.98908997 48.69313812 15.70397949
v 49.62842941 48.69313812 13.83685207
v 49.57164001 48.49908829 13.84908676
v 49.59777832 48.49908829 14.30928516
v 49.65558624 48.69313812 14.31501007
v 49.48187637 48.49908829 14.75541592
v 49.53516388 48.69313812 14.77855301
v 49.23505402 48.49908829 15.14470291
v 49.27870941 48.69313812 15.18303204
v 48.88097382 48.49908829 15.43981647
v 48.91080856 48.69313812 15.48966312
v 47.59045029 48.69313812 15.67103863
v 47.59523392 48.49908829 15.61314201
v 47.60723114 48.35838318 15.46792984
v 47.62337112 48.30709457 15.27264023
v 46.23845673 48.49908829 14.29484844
v 46.28533936 48.69313812 14.71285152
v 46.33914566 48.49908829 14.69094563
v 46.49794006 48.69313812 15.08044434
v 46.54376221 48.49908829 15.04473114
v 46.80249786 48.69313812 15.37636280
v 46.83687973 48.49908829 15.32953453
v 47.17605209 48.69313812 15.57830238
v 47.19640350 48.49908829 15.52388859
v 47.24744034 48.35838318 15.38741398
v 47.24312210 48.30709457 15.17368603
v 46.92310715 48.35838318 15.21208382
v 46.91859055 48.30709457 14.95219803
v 46.65868378 48.35838318 14.95515728
v 46.68785858 48.30709457 14.63417053
v 46.47409439 48.35838318 14.63600254
v 46.57800674 48.30709457 14.25692844
v 46.38326263 48.35838318 14.27867699
v 45.45763397 48.59463120 13.43278885
v 45.67789078 48.59213638 13.52181435
v 45.70019913 48.49166870 13.48147488
v 45.90238190 48.49013138 13.62511253
v 45.94005203 48.42123032 13.58370876
v 46.04875565 48.48898697 13.78910351
v 46.09408569 48.42049026 13.75631428
v 46.17996597 48.48790741 14.02890587
v 46.23215485 48.41979218 14.00872612
v 46.31432343 48.35556793 13.97698212
v 46.40970230 48.31712341 13.94014359
v 46.24864197 48.31719589 13.64453125
v 46.46880722 48.30709457 13.85381508
v 45.99956131 48.35621643 13.51825905
v 46.13631821 48.58666611 14.04577637
v 46.01100540 48.58823395 13.81640339
v 45.87115097 48.58990097 13.65944099
v 46.16557693 48.35588455 13.70460796
v 18.94751549 47.53805923 5.31435394
v 19.68164253 47.18259811 5.67472744
v 18.92112923 47.42545319 5.32106066
v 19.58340454 47.00728607 5.67982769
v 18.85386658 47.30310059 5.35164165
v 19.46655846 46.86313248 5.75714302
v 18.77855682 47.20068359 5.41613197
v 19.34999084 46.77344131 5.89417601
v 18.71667671 47.13949585 5.48924398
v 18.64175224 47.09251785 5.60145664
v 18.00699425 47.40954971 5.13919640
v 17.93642044 47.36018753 5.25154305
v 17.18690300 47.63782120 4.73841906
v 17.12113953 47.58634567 4.85099268
v 17.23772049 47.70256805 4.66315222
v 17.29532623 47.80929565 4.59345293
v 17.34225082 47.93579102 4.55523300
v 18.13026237 47.57767868 4.99803305
v 18.18762589 47.70255661 4.96371984
v 17.35102272 48.04819489 4.54080820
v 18.16889381 47.82723999 4.93553019
v 18.06354141 47.47273254 5.06505394
v 19.98406982 46.32681274 6.34048176
v 20.06549263 46.35268402 6.23194122
v 20.15606689 46.40829849 6.14423704
v 20.23105812 46.47251129 6.09396124
v 20.76620102 45.87673950 6.57125187
v 20.84776115 45.92543030 6.52394915
v 21.09768295 45.50025177 6.87521696
v 21.18304443 45.53773499 6.83057833
v 21.36830521 45.10766220 7.20249319
v 21.45697403 45.13324356 7.16117668
v 21.58107948 44.70207214 7.56213951
v 21.67251205 44.71514893 7.52488470
v 21.73228073 44.29615784 7.95650673
v 21.82579994 44.29650116 7.92406321
v 21.81818581 43.90259171 8.38794327
v 21.91297150 43.89035416 8.36107254
v 21.83647728 43.53420639 8.85827732
v 21.93158531 43.50993729 8.83773708
v 21.79598999 43.20513153 9.36519718
v 21.89047623 43.16991425 9.35161400
v 21.71062851 42.92961121 9.90427589
v 21.80359650 42.88510513 9.89809418
v 21.65470123 42.81478500 10.18403816
v 21.74659538 42.76636505 10.18167877
v 21.59149170 42.71602631 10.46942711
v 21.68211937 42.66421890 10.47095203
v 21.50201035 42.61416245 10.84068203
v 21.59075356 42.55881500 10.84723854
v 21.40494347 42.54062271 11.21778774
v 21.49152756 42.48266220 11.22942638
v 21.29355049 42.41454315 12.00777054
v 21.61196327 42.43712997 11.25135040
v 21.51831436 42.35709763 12.06799603
v 21.67937279 42.39228439 11.49740982
v 21.82977104 42.49548340 10.93260098
v 21.71298218 42.51633072 10.86456299
v 21.80569458 42.62568283 10.48362541
v 20.32137108 46.57110977 6.05957127
v 20.94816017 46.00447464 6.49005461
v 21.28930855 45.60280228 6.79808426
v 21.56841660 45.18364334 7.13113785
v 21.78846359 44.75034714 7.49840117
v 21.94546890 44.31649399 7.90221405
v 22.03544998 43.89566422 8.34491730
v 22.05586243 43.50161362 8.82827187
v 22.01552391 43.14948654 9.34946823
v 21.92841530 42.85453796 9.90339851
v 21.87092209 42.73154449 10.19067955
v 20.10510254 46.90514374 5.89258766
v 20.50673485 46.59831238 6.12123060
v 20.87934685 46.26348114 6.36556673
v 21.21574974 45.90203476 6.63050461
v 21.50880432 45.51547623 6.92091322
v 21.75310516 45.10955811 7.24031019
v 21.94533539 44.69514465 7.59058380
v 22.08230400 44.28340530 7.97352648
v 22.16081619 43.88550949 8.39093018
v 22.17920303 43.51277161 8.84391785
v 22.14517021 43.17739487 9.32947350
v 22.06987381 42.89165497 9.84297466
v 21.96232986 42.66312408 10.37923431
v 21.12043381 42.57368088 11.96138382
v 21.31629944 42.63599777 11.21174812
v 21.40989685 42.70626450 10.84238529
v 21.49609184 42.80352020 10.47869396
v 21.55690193 42.89780426 10.19906425
v 21.61062431 43.00743866 9.92488766
v 21.69230652 43.27062607 9.39634800
v 21.73028183 43.58528519 8.89903927
v 21.71082115 43.93812943 8.43741894
v 21.62512970 44.31584549 8.01384449
v 21.47532082 44.70607376 7.62652969
v 21.26487732 45.09657288 7.27316570
v 20.99728584 45.47509766 6.95144367
v 20.66939354 45.83863068 6.65244865
v 21.25363731 42.75045013 11.21517181
v 21.34313393 42.81763077 10.85460377
v 21.42518806 42.91038513 10.49941349
v 21.48281288 43.00023270 10.22618961
v 21.53346634 43.10469818 9.95816040
v 21.60959625 43.35555267 9.44100666
v 21.64315414 43.65587616 8.95385170
v 21.62076569 43.99349976 8.50141239
v 21.53379059 44.35604477 8.08626366
v 21.38408089 44.73161316 7.70669460
v 21.17480659 45.10836029 7.36045265
v 20.90914154 45.47445297 7.04528618
v 20.58369446 45.82695007 6.75244999
v 23.69743729 42.35709763 13.09695244
v 25.89609718 42.35709763 14.05585384
v 28.14812279 42.35709763 14.88167477
v 30.44546509 42.35709763 15.57146549
v 32.77991867 42.35709763 16.12276077
v 35.14313889 42.35709763 16.53359222
v 37.52668762 42.35709763 16.80248833
v 39.92834091 42.35709763 17.00094795
v 24.06000328 42.42972565 12.32911205
v 24.41203499 42.64550781 11.58357906
v 24.74330711 42.99817276 10.88201332
v 25.04419327 43.47747421 10.24479675
v 25.30595398 44.06948853 9.69044113
v 25.52098274 44.75701523 9.23505306
v 25.68303299 45.52008057 8.89186287
v 25.78739738 46.33651352 8.67083931
v 25.83104515 47.18259811 8.57840443
v 48.92940903 48.24907303 12.86549759
v 48.73007965 48.10319901 12.78635216
v 48.71308899 48.23483276 12.75370789
v 48.61586380 48.09446335 12.74136925
v 48.48218918 48.21820450 12.67723846
v 48.49842072 48.08502960 12.70577908
v 48.24241638 48.19943237 12.63835812
v 48.26594543 47.95553970 12.71502876
v 48.49714279 47.96242523 12.76618767
v 48.48915482 47.87829590 12.83628082
v 48.59481049 47.88831329 12.86892891
v 48.56746292 47.80858231 12.97521305
v 48.66126251 47.81764221 13.01271248
v 48.61535263 47.76910782 13.13038540
v 48.71756744 47.98139954 12.84392166
v 48.60891724 47.97229767 12.80058193
v 48.69749832 47.89752960 12.91007423
v 48.49514771 47.74732971 13.19959736
v 48.53144073 47.76055908 13.09719944
v 48.47096252 47.79874420 12.94556808
v 48.27242279 47.78055191 12.90278816
v 48.44514465 47.75131226 13.07115746
v 48.26013565 47.72060776 13.15213108
v 45.69364548 47.10009766 12.98412418
v 44.89016724 46.75270462 12.93835545
v 45.65280533 47.08729553 12.86794567
v 44.89307404 46.77344131 12.73842430
v 45.64696503 47.12709427 12.73069668
v 44.86063766 46.86313248 12.56146622
v 45.62698364 47.20066071 12.61012173
v 45.60169601 47.28014374 12.53324318
v 46.02124023 47.34473038 12.63629150
v 45.99937057 47.42531204 12.56027126
v 46.42174530 47.47270966 12.66358852
v 46.40320206 47.55420303 12.58840370
v 47.33787537 47.70254898 12.72844219
v 47.32649612 47.78547287 12.65506077
v 47.30614471 47.90884399 12.59138489
v 47.30091476 48.04819489 12.56585693
v 46.39525604 47.82723999 12.49876118
v 46.37212753 47.67593002 12.52278805
v 45.96329498 47.54591751 12.49375820
v 44.79810715 47.00728607 12.43608665
v 45.56045151 47.39934158 12.46580887
v 44.71557999 47.18259811 12.38255024
v 45.53153992 47.53805923 12.43752193
v 47.34504700 47.62449646 12.84442806
v 46.43556595 47.39664841 12.78194237
v 46.03810883 47.26982117 12.75574112
v 47.34403610 47.58021927 12.97756672
v 47.38676453 47.58168411 13.09188366
v 46.52855682 47.37563705 13.03559017
v 46.43819427 47.35450363 12.91720963
v 46.04234695 47.22879410 12.89198780
v 40.55002975 42.82412720 16.61314774
v 40.40790939 42.79794312 17.12944794
v 40.55067444 42.73093414 16.52079391
v 40.32622147 42.57368088 17.10755920
v 40.49785614 42.61554337 16.48975372
v 40.41780472 42.51917648 16.45356560
v 40.67113876 42.72798157 15.88411808
v 40.59256363 42.63677979 15.83391285
v 40.79062271 42.84721375 15.49244595
v 40.71311951 42.76169205 15.43335056
v 40.99221420 43.10181427 14.90324402
v 40.91671371 43.02840805 14.83107376
v 41.21821976 43.42406082 14.36736298
v 41.14528656 43.36565018 14.28359032
v 41.47988129 43.79975510 13.89976883
v 41.41030884 43.75817108 13.80608845
v 41.78702164 44.21426392 13.51328945
v 41.72179031 44.19031906 13.41156578
v 42.14081192 44.65031052 13.20765591
v 42.08075714 44.64405441 13.09961700
v 42.53913498 45.08960724 12.97764587
v 42.48482895 45.10041046 12.86476994
v 42.97987747 45.51386261 12.81802845
v 42.93162918 45.54043579 12.70154190
v 43.21532822 45.71519852 12.76272392
v 43.17014313 45.74898911 12.64481640
v 43.45986938 45.90834427 12.72194004
v 43.41774368 45.94890213 12.60283852
v 43.79981232 46.15358353 12.68730259
v 43.76176071 46.20253372 12.56692028
v 44.15237427 46.38316345 12.67198467
v 44.11832809 46.43979645 12.55064201
v 44.07897186 46.50493240 12.46969414
v 44.01852036 46.60470200 12.39508343
v 44.23984909 46.90542603 12.35942268
v 43.77756119 46.59919739 12.35645103
v 43.65440750 46.35187912 12.40835285
v 43.33261108 46.26490402 12.38155365
v 43.30282211 46.08149338 12.44196033
v 42.90887833 45.90355301 12.44264221
v 43.04953384 45.86827850 12.48278046
v 42.80530167 45.64575195 12.53892326
v 43.12154770 45.79392242 12.56311798
v 42.88049698 45.57914352 12.62011814
v 40.15310287 42.41454315 17.06117249
v 40.33679962 42.46042633 16.42230988
v 40.51264572 42.58220291 15.79361343
v 40.63427734 42.71144485 15.38726807
v 40.84014893 42.98727036 14.77640629
v 41.07167053 43.33582306 14.22127724
v 41.34028625 43.74124527 13.73730755
v 41.65596390 44.18728638 13.33769417
v 42.01959229 44.65531158 13.02201080
v 42.42861938 45.12577820 12.78468132
v 40.22131348 42.41395950 16.38294601
v 40.07561874 42.38992310 16.42647362
v 40.22989655 42.49002457 15.86231232
v 40.39831161 42.54066849 15.74630737
v 40.39151001 42.65912628 15.31641865
v 40.52140427 42.67470932 15.33476639
v 40.56444168 42.89209366 14.79752827
v 40.73061752 42.96044159 14.71599865
v 40.75474167 43.17988586 14.31481838
v 40.96652603 43.32137299 14.15374374
v 40.96848297 43.51343155 13.87747574
v 41.24034500 43.74123764 13.66383362
v 41.21173096 43.88364792 13.49467659
v 41.56180191 44.20334244 13.25982952
v 41.48866272 44.28075790 13.17257786
v 41.93159485 44.68835831 12.94140053
v 41.79846573 44.69316483 12.90940094
v 42.13952637 45.10897446 12.70208645
v 42.34700394 45.17594147 12.70296383
v 42.51022339 45.51628876 12.54757118
v 44.16812897 46.35648346 12.80696487
v 43.81922150 46.13300705 12.81999874
v 43.48304749 45.89461899 12.85207844
v 43.24135590 45.70714188 12.89075756
v 43.00874710 45.51198578 12.94377899
v 42.57353210 45.10166550 13.09821987
v 42.18026733 44.67796707 13.32197285
v 41.83073044 44.25853729 13.61991787
v 41.52670288 43.86103058 13.99692631
v 41.26690292 43.50193024 14.45305157
v 41.04197693 43.19467545 14.97560215
v 40.84124374 42.95219803 15.54980469
v 40.72244263 42.83855820 15.93126392
v 44.00442505 46.25806046 12.92104435
v 43.58668518 45.97658157 12.94715595
v 43.19051743 45.67424011 13.00587463
v 42.81950760 45.35258865 13.10421371
v 42.47602463 45.01670837 13.24722576
v 42.16097641 44.67594147 13.43760109
v 41.87517548 44.33989334 13.67789268
v 41.61944962 44.01816177 13.97064972
v 41.39393616 43.72004318 14.31729889
v 41.19463730 43.45290375 14.71231937
v 41.01596832 43.22339630 15.14754391
v 40.85234451 43.03816223 15.61479950
v 40.69820404 42.90380859 16.10592079
v 43.37168121 45.99974060 12.52109432
v 43.71906281 46.26079178 12.48542786
v 27.43905640 46.33651352 9.39958763
v 27.75591660 47.18259811 9.41789913
v 29.12587547 46.33651352 10.04277897
v 29.72750664 47.18259811 10.14088440
v 30.84342384 46.33651352 10.59872532
v 31.73877335 47.18259811 10.74477863
v 32.58719254 46.33651352 11.06596756
v 33.78252792 47.18259811 11.22742367
v 34.35260773 46.33651352 11.44327831
v 35.85146713 47.18259811 11.58709526
v 36.13503265 46.33651352 11.72966671
v 37.93820190 47.18259811 11.82250786
v 37.92978287 46.33651352 11.92438221
v 37.90965652 45.52008057 12.16797543
v 36.10245132 45.52008057 11.97191048
v 34.30766296 45.52008057 11.68353462
v 32.53000259 45.52008057 11.30360603
v 30.77413368 45.52008057 10.83312321
v 29.04467010 45.52008057 10.27332020
v 27.34614944 45.52008057 9.62566566
v 27.20189095 44.75701523 9.97670650
v 27.01046944 44.06948853 10.44251156
v 26.77744865 43.47747421 11.00954628
v 26.50959587 42.99817276 11.66133881
v 26.21469307 42.64550781 12.37895107
v 25.90130997 42.42972565 13.14153767
v 27.78181458 42.42972565 13.85858250
v 29.69657707 42.42972565 14.47836399
v 31.64057350 42.42972565 14.99925613
v 33.60869598 42.42972565 15.41989040
v 35.59578323 42.42972565 15.73916340
v 37.59661484 42.42972565 15.95623589
v 35.70568085 42.64550781 14.92205334
v 37.66451263 42.64550781 15.13457012
v 35.80909348 42.99817276 14.15313148
v 37.72840500 42.99817276 14.36136055
v 35.90302277 43.47747421 13.45473671
v 37.78643799 43.47747421 13.65907097
v 35.98473740 44.06948853 12.84715939
v 37.83692551 44.06948853 13.04810524
v 36.05186462 44.75701523 12.34805012
v 37.87839890 44.75701523 12.54621315
v 28.91858101 44.75701523 10.63128853
v 30.66654587 44.75701523 11.19708061
v 32.44119644 44.75701523 11.67259693
v 34.23787689 44.75701523 12.05658913
v 28.75127029 44.06948853 11.10628700
v 30.52378464 44.06948853 11.68002510
v 32.32336044 44.06948853 12.16222000
v 34.14527130 44.06948853 12.55160522
v 28.54759789 43.47747421 11.68451309
v 30.34999847 43.47747421 12.26792431
v 32.17991257 43.47747421 12.75824928
v 34.03254318 43.47747421 13.15419960
v 28.31348228 42.99817276 12.34916878
v 30.15023422 42.99817276 12.94369984
v 32.01502609 42.99817276 13.44336987
v 33.90296555 42.99817276 13.84686661
v 28.05572510 42.64550781 13.08094501
v 29.93029785 42.64550781 13.68771839
v 31.83348846 42.64550781 14.19767666
v 33.76030350 42.64550781 14.60948181
f 1 2 3
f 3 2 4
f 3 4 5
f 5 4 6
f 7 8 1
f 1 8 2
f 9 10 11
f 11 10 12
f 11 12 13
f 10 9 14
f 14 9 15
f 14 15 16
f 17 18 19
f 19 18 20
f 19 20 21
f 21 20 22
f 22 20 23
f 22 23 24
f 24 23 25
f 25 26 24
f 24 26 27
f 27 26 28
f 27 28 29
f 29 28 30
f 29 30 31
f 31 30 32
f 31 32 33
f 32 34 33
f 33 34 35
f 35 34 36
f 35 36 37
f 37 36 38
f 37 38 39
f 39 38 40
f 39 40 41
f 40 42 41
f 41 42 43
f 43 42 44
f 44 42 45
f 44 45 46
f 46 45 47
f 46 47 48
f 48 47 49
f 49 47 50
f 49 50 51
f 51 50 52
f 52 50 53
f 52 53 54
f 54 53 55
f 55 53 56
f 55 56 57
f 57 56 58
f 58 56 59
f 58 59 60
f 60 59 61
f 61 59 62
f 61 62 63
f 63 62 64
f 63 64 65
f 65 64 66
f 65 66 67
f 66 68 67
f 67 68 69
f 68 70 69
f 69 70 71
f 71 70 72
f 71 72 73
f 73 72 74
f 73 74 75
f 73 75 76
f 76 75 77
f 76 77 78
f 78 77 79
f 79 77 80
f 79 80 81
f 81 80 82
f 82 80 83
f 82 83 84
f 84 83 85
f 85 83 86
f 85 86 87
f 87 86 88
f 88 86 89
f 88 89 90
f 91 92 93
f 93 92 94
f 93 94 95
f 95 94 96
f 96 94 18
f 96 18 17
f 97 98 99
f 99 98 100
f 99 100 101
f 101 100 102
f 102 100 92
f 102 92 91
f 103 104 105
f 105 104 106
f 105 106 107
f 104 103 108
f 108 103 98
f 108 98 97
f 107 109 105
f 110 109 111
f 111 109 107
f 110 112 113
f 113 112 114
f 113 114 115
f 115 114 116
f 115 116 117
f 110 111 112
f 117 118 115
f 119 120 121
f 121 120 122
f 121 122 123
f 123 122 124
f 124 122 118
f 124 118 117
f 125 126 127
f 127 126 128
f 127 128 129
f 129 128 130
f 130 128 120
f 130 120 119
f 126 131 132
f 132 131 133
f 132 133 134
f 126 125 131
f 135 136 134
f 134 136 132
f 137 138 139
f 139 138 140
f 140 138 141
f 140 141 142
f 142 141 143
f 142 143 144
f 144 143 136
f 144 136 135
f 145 146 147
f 147 146 148
f 148 146 149
f 148 149 150
f 150 149 151
f 150 151 152
f 152 151 137
f 152 137 139
f 153 154 155
f 155 154 156
f 155 156 89
f 89 156 90
f 153 157 154
f 154 157 158
f 154 158 159
f 159 158 145
f 159 145 147
f 67 69 65
f 65 69 71
f 65 71 63
f 63 71 73
f 63 73 61
f 61 73 76
f 61 76 60
f 60 76 78
f 60 78 58
f 58 78 79
f 58 79 57
f 57 79 81
f 57 81 55
f 55 81 82
f 55 82 54
f 54 82 84
f 54 84 52
f 52 84 85
f 52 85 87
f 52 87 51
f 51 87 88
f 51 88 49
f 49 88 90
f 49 90 48
f 48 90 156
f 48 156 46
f 46 156 154
f 46 154 44
f 44 154 159
f 44 159 43
f 43 159 147
f 43 147 41
f 41 147 148
f 41 148 39
f 39 148 150
f 39 150 37
f 37 150 152
f 37 152 35
f 35 152 139
f 35 139 33
f 33 139 140
f 33 140 31
f 31 140 142
f 31 142 29
f 29 142 144
f 29 144 27
f 27 144 135
f 27 135 24
f 24 135 134
f 24 134 22
f 22 134 133
f 22 133 21
f 21 133 131
f 21 131 19
f 19 131 125
f 19 125 17
f 17 125 96
f 96 125 127
f 96 127 129
f 130 93 129
f 129 93 95
f 129 95 96
f 130 119 93
f 93 119 91
f 91 119 121
f 91 121 102
f 102 121 123
f 102 123 101
f 101 123 124
f 101 124 99
f 99 124 117
f 99 117 97
f 97 117 116
f 97 116 108
f 108 116 114
f 108 114 104
f 104 114 112
f 104 112 106
f 106 112 111
f 106 111 107
f 113 115 160
f 160 115 126
f 160 126 161
f 161 126 132
f 115 118 126
f 126 118 128
f 128 118 122
f 128 122 120
f 23 20 162
f 162 20 163
f 162 163 164
f 164 163 165
f 164 165 166
f 166 165 167
f 166 167 168
f 168 167 169
f 168 169 170
f 170 169 171
f 170 171 172
f 172 171 173
f 172 173 174
f 174 173 175
f 174 175 176
f 176 175 177
f 176 177 178
f 178 177 179
f 178 179 180
f 20 18 163
f 163 18 181
f 163 181 182
f 182 181 183
f 182 183 184
f 184 183 185
f 184 185 186
f 186 185 187
f 186 187 188
f 188 187 189
f 188 189 190
f 18 94 181
f 181 94 191
f 181 191 183
f 183 191 192
f 183 192 185
f 185 192 193
f 185 193 187
f 187 193 194
f 187 194 189
f 94 92 191
f 191 92 100
f 191 100 195
f 195 100 98
f 195 98 196
f 196 98 103
f 196 103 197
f 197 103 198
f 197 198 199
f 103 105 198
f 199 200 197
f 195 201 191
f 191 201 202
f 191 202 203
f 203 202 204
f 203 204 205
f 205 204 206
f 205 206 207
f 203 205 208
f 208 205 209
f 208 209 210
f 210 209 211
f 210 212 208
f 208 212 213
f 208 213 203
f 203 213 192
f 203 192 191
f 212 214 213
f 213 214 193
f 213 193 192
f 214 194 193
f 188 190 215
f 215 190 216
f 215 216 217
f 217 216 218
f 217 218 219
f 219 218 220
f 219 220 221
f 219 221 222
f 222 221 223
f 222 223 224
f 224 223 225
f 224 225 226
f 226 225 227
f 226 227 177
f 177 227 179
f 180 228 178
f 178 228 229
f 178 229 176
f 176 229 230
f 176 230 174
f 174 230 231
f 174 231 172
f 172 231 232
f 172 232 170
f 170 232 233
f 170 233 168
f 168 233 234
f 168 234 166
f 166 234 235
f 166 235 164
f 164 235 236
f 164 236 162
f 235 237 236
f 177 175 226
f 226 175 238
f 226 238 224
f 224 238 239
f 224 239 222
f 222 239 240
f 222 240 219
f 219 240 217
f 175 173 238
f 238 173 241
f 238 241 239
f 239 241 242
f 239 242 240
f 240 242 243
f 240 243 217
f 217 243 215
f 173 171 241
f 241 171 244
f 241 244 242
f 242 244 245
f 242 245 243
f 243 245 246
f 243 246 215
f 215 246 188
f 171 169 244
f 244 169 247
f 244 247 245
f 245 247 248
f 245 248 246
f 246 248 186
f 246 186 188
f 169 167 247
f 247 167 249
f 247 249 248
f 248 249 184
f 248 184 186
f 167 165 249
f 249 165 182
f 249 182 184
f 165 163 182
f 105 109 198
f 198 109 199
f 199 109 250
f 199 250 200
f 110 251 109
f 109 251 252
f 109 252 250
f 113 160 110
f 110 160 143
f 110 143 141
f 143 160 136
f 136 160 161
f 136 161 132
f 141 138 110
f 110 138 137
f 110 137 68
f 68 137 151
f 68 151 149
f 149 146 68
f 68 146 70
f 70 146 145
f 70 145 253
f 253 145 254
f 254 145 158
f 254 158 157
f 157 153 254
f 254 153 155
f 75 74 253
f 253 74 72
f 253 72 70
f 110 68 255
f 255 68 66
f 255 66 256
f 256 66 257
f 257 66 258
f 257 258 259
f 66 64 258
f 259 260 257
f 261 262 256
f 256 262 263
f 256 263 264
f 263 262 265
f 265 262 266
f 265 266 267
f 267 266 268
f 268 266 269
f 264 270 256
f 256 270 271
f 256 271 255
f 255 271 272
f 255 272 273
f 274 275 273
f 273 275 276
f 273 276 255
f 275 274 277
f 277 274 278
f 277 278 279
f 255 251 110
f 280 281 251
f 251 281 282
f 251 282 283
f 280 284 281
f 281 284 285
f 281 285 286
f 251 283 252
f 252 283 287
f 252 287 288
f 288 289 252
f 252 289 290
f 252 290 291
f 291 290 292
f 292 290 293
f 292 293 294
f 291 295 252
f 75 253 77
f 77 253 254
f 77 254 89
f 89 254 155
f 89 86 77
f 77 86 80
f 80 86 83
f 296 297 298
f 298 297 261
f 298 261 299
f 299 261 300
f 300 261 256
f 300 256 301
f 256 257 301
f 301 257 302
f 257 260 302
f 302 260 303
f 303 260 304
f 304 260 305
f 304 305 306
f 306 305 307
f 306 307 308
f 308 307 309
f 309 307 310
f 309 310 311
f 311 310 312
f 312 310 313
f 312 313 314
f 314 313 315
f 315 313 316
f 315 316 317
f 317 316 318
f 318 316 319
f 318 319 320
f 320 319 321
f 321 319 322
f 321 322 323
f 323 322 324
f 324 322 325
f 324 325 326
f 325 327 326
f 326 327 328
f 328 327 329
f 328 329 330
f 330 329 331
f 330 331 332
f 332 331 333
f 332 333 334
f 333 335 334
f 334 335 336
f 336 335 337
f 336 337 338
f 338 337 339
f 338 339 340
f 340 339 341
f 340 341 342
f 341 343 342
f 342 343 344
f 344 343 345
f 344 345 346
f 346 345 347
f 346 347 348
f 348 347 349
f 348 349 350
f 349 351 350
f 350 351 352
f 352 351 353
f 352 353 354
f 354 353 355
f 354 355 356
f 356 355 357
f 356 357 358
f 358 357 359
f 359 357 207
f 359 207 360
f 360 207 361
f 361 207 206
f 361 206 362
f 362 206 363
f 363 206 204
f 363 204 364
f 364 204 365
f 365 204 202
f 365 202 366
f 201 367 202
f 202 367 368
f 202 368 366
f 369 370 201
f 201 370 367
f 369 201 371
f 371 201 195
f 371 195 372
f 372 195 373
f 373 195 196
f 373 196 374
f 375 376 377
f 377 376 378
f 377 378 379
f 379 378 380
f 380 378 297
f 380 297 296
f 381 382 383
f 383 382 384
f 383 384 385
f 385 384 386
f 386 384 376
f 386 376 375
f 382 387 269
f 269 387 388
f 269 388 268
f 268 388 389
f 268 389 267
f 267 389 265
f 265 389 390
f 265 390 263
f 382 381 387
f 272 271 391
f 391 271 392
f 392 271 270
f 392 270 393
f 393 270 264
f 393 264 394
f 394 264 263
f 394 263 390
f 279 278 395
f 395 278 396
f 396 278 274
f 396 274 397
f 397 274 273
f 397 273 398
f 398 273 272
f 398 272 391
f 255 276 399
f 399 276 400
f 400 276 275
f 400 275 401
f 401 275 277
f 401 277 402
f 402 277 279
f 402 279 395
f 251 255 403
f 403 255 399
f 286 285 404
f 404 285 405
f 405 285 284
f 405 284 406
f 406 284 280
f 406 280 407
f 407 280 251
f 407 251 403
f 287 283 408
f 408 283 409
f 409 283 282
f 409 282 410
f 410 282 281
f 410 281 411
f 411 281 286
f 411 286 404
f 293 290 412
f 412 290 413
f 413 290 289
f 413 289 414
f 414 289 288
f 414 288 415
f 415 288 287
f 415 287 408
f 293 416 294
f 294 416 417
f 294 417 418
f 293 412 416
f 419 420 418
f 418 420 294
f 421 422 423
f 423 422 424
f 423 424 425
f 425 424 426
f 426 424 420
f 426 420 419
f 427 428 429
f 429 428 430
f 429 430 431
f 431 430 432
f 432 430 422
f 432 422 421
f 428 433 295
f 295 433 434
f 295 434 435
f 428 427 433
f 436 252 435
f 435 252 295
f 250 252 437
f 437 252 436
f 250 437 200
f 200 437 438
f 200 438 439
f 200 439 197
f 197 439 440
f 197 440 196
f 196 440 374
f 302 303 301
f 301 303 300
f 300 303 304
f 300 304 306
f 300 306 299
f 299 306 308
f 299 308 298
f 298 308 309
f 298 309 296
f 296 309 311
f 296 311 380
f 380 311 379
f 379 311 312
f 379 312 377
f 377 312 314
f 377 314 375
f 375 314 386
f 386 314 315
f 386 315 385
f 385 315 317
f 385 317 383
f 383 317 318
f 383 318 381
f 381 318 387
f 387 318 320
f 387 320 388
f 388 320 321
f 388 321 389
f 389 321 323
f 389 323 324
f 389 324 390
f 390 324 326
f 390 326 328
f 390 328 394
f 394 328 330
f 394 330 332
f 332 334 394
f 394 334 393
f 393 334 336
f 393 336 392
f 392 336 338
f 392 338 340
f 392 340 391
f 391 340 342
f 391 342 398
f 398 342 397
f 397 342 408
f 397 408 409
f 408 342 415
f 415 342 344
f 415 344 414
f 414 344 346
f 414 346 348
f 414 348 413
f 413 348 350
f 413 350 352
f 413 352 412
f 412 352 354
f 412 354 356
f 356 358 412
f 412 358 359
f 412 359 360
f 412 360 416
f 416 360 361
f 416 361 362
f 416 362 417
f 417 362 363
f 417 363 364
f 417 364 418
f 418 364 365
f 418 365 419
f 419 365 366
f 419 366 426
f 426 366 368
f 426 368 425
f 425 368 367
f 425 367 423
f 423 367 370
f 423 370 421
f 421 370 369
f 421 369 432
f 432 369 371
f 432 371 431
f 431 371 372
f 431 372 429
f 429 372 373
f 429 373 427
f 427 373 433
f 433 373 374
f 433 374 434
f 434 374 440
f 434 440 435
f 435 440 439
f 435 439 438
f 437 436 438
f 438 436 435
f 397 409 396
f 396 409 410
f 396 410 395
f 395 410 411
f 395 411 402
f 402 411 404
f 402 404 401
f 401 404 405
f 401 405 400
f 400 405 406
f 400 406 407
f 407 403 400
f 400 403 399
f 45 441 47
f 47 441 442
f 47 442 50
f 50 442 53
f 53 442 56
f 56 442 310
f 56 310 307
f 42 443 45
f 45 443 441
f 441 443 444
f 444 443 445
f 444 445 446
f 446 445 447
f 446 448 444
f 444 448 449
f 444 449 441
f 441 449 450
f 441 450 442
f 442 450 451
f 442 451 452
f 452 451 453
f 452 453 454
f 454 453 455
f 454 455 456
f 456 455 457
f 456 457 458
f 458 457 459
f 459 457 460
f 459 460 461
f 461 460 462
f 461 462 463
f 463 462 464
f 463 464 465
f 465 464 466
f 465 466 467
f 467 466 468
f 467 468 469
f 469 468 470
f 469 470 471
f 471 470 472
f 472 470 473
f 473 470 474
f 473 474 475
f 475 474 476
f 475 476 477
f 477 476 478
f 477 478 479
f 479 478 480
f 479 480 481
f 481 480 482
f 481 482 483
f 483 482 484
f 484 482 485
f 484 485 486
f 486 485 487
f 486 487 488
f 488 487 489
f 488 489 490
f 490 489 491
f 490 491 492
f 492 491 493
f 492 493 494
f 494 493 449
f 494 449 448
f 495 496 458
f 458 496 456
f 496 497 456
f 456 497 454
f 322 319 497
f 497 319 454
f 319 316 454
f 454 316 452
f 316 313 452
f 452 313 442
f 313 310 442
f 56 307 59
f 59 307 305
f 59 305 62
f 62 305 259
f 62 259 258
f 305 260 259
f 258 64 62
f 450 498 451
f 451 498 499
f 451 499 453
f 453 499 500
f 453 500 455
f 455 500 501
f 455 501 457
f 457 501 460
f 498 502 499
f 499 502 503
f 499 503 500
f 500 503 504
f 500 504 501
f 501 504 505
f 501 505 460
f 460 505 462
f 449 493 450
f 450 493 498
f 502 506 503
f 503 506 507
f 503 507 504
f 504 507 508
f 504 508 505
f 505 508 509
f 505 509 462
f 462 509 464
f 493 491 498
f 498 491 502
f 506 510 507
f 507 510 511
f 507 511 508
f 508 511 512
f 508 512 509
f 509 512 513
f 509 513 464
f 464 513 466
f 491 489 502
f 502 489 506
f 510 514 511
f 511 514 515
f 511 515 512
f 512 515 516
f 512 516 513
f 513 516 517
f 513 517 466
f 466 517 468
f 489 487 506
f 506 487 510
f 514 480 515
f 515 480 478
f 515 478 516
f 516 478 476
f 516 476 517
f 517 476 474
f 517 474 468
f 468 474 470
f 487 485 510
f 510 485 514
f 485 482 514
f 514 482 480
f 261 297 262
f 262 297 382
f 262 382 266
f 266 382 269
f 382 297 384
f 384 297 378
f 384 378 376
f 294 420 292
f 292 420 428
f 292 428 291
f 291 428 295
f 420 424 428
f 428 424 430
f 430 424 422
f 322 497 325
f 325 497 327
f 327 497 329
f 329 497 331
f 331 497 205
f 331 205 333
f 333 205 349
f 333 349 335
f 335 349 347
f 335 347 337
f 337 347 345
f 337 345 339
f 339 345 343
f 339 343 341
f 205 497 209
f 209 497 496
f 209 496 211
f 211 496 495
f 211 495 518
f 518 519 211
f 207 357 205
f 205 357 355
f 205 355 353
f 353 351 205
f 205 351 349
f 520 521 522
f 522 521 523
f 522 523 524
f 524 523 525
f 524 525 526
f 526 525 527
f 526 527 11
f 520 528 521
f 521 528 529
f 521 529 523
f 523 529 530
f 523 530 525
f 525 530 531
f 525 531 527
f 527 531 532
f 532 531 533
f 532 533 534
f 534 533 535
f 534 535 536
f 536 535 537
f 536 537 538
f 528 539 529
f 529 539 540
f 529 540 541
f 541 540 542
f 541 542 543
f 541 543 544
f 544 543 545
f 544 545 546
f 544 546 547
f 547 546 548
f 547 548 535
f 535 548 537
f 541 544 549
f 549 544 547
f 549 547 533
f 533 547 535
f 529 541 530
f 530 541 549
f 530 549 531
f 531 549 533
f 538 550 551
f 551 550 552
f 551 552 553
f 553 552 554
f 553 554 555
f 555 554 556
f 555 556 557
f 557 556 558
f 557 558 9
f 9 11 557
f 557 11 527
f 557 527 555
f 555 527 532
f 555 532 553
f 553 532 534
f 553 534 551
f 551 534 536
f 551 536 538
f 559 560 561
f 561 560 562
f 561 562 563
f 563 562 564
f 563 564 565
f 565 564 566
f 565 566 567
f 567 566 568
f 567 568 569
f 569 568 570
f 569 570 550
f 550 570 552
f 552 570 571
f 552 571 554
f 554 571 572
f 554 572 556
f 556 572 573
f 556 573 558
f 558 573 574
f 558 574 9
f 560 575 562
f 562 575 576
f 562 576 564
f 564 576 577
f 564 577 566
f 566 577 578
f 566 578 568
f 568 578 579
f 568 579 570
f 570 579 571
f 575 580 576
f 576 580 581
f 576 581 577
f 577 581 582
f 577 582 578
f 578 582 583
f 578 583 579
f 579 583 584
f 579 584 571
f 571 584 572
f 580 585 581
f 581 585 586
f 581 586 582
f 582 586 587
f 582 587 583
f 583 587 588
f 583 588 584
f 584 588 589
f 584 589 572
f 572 589 573
f 585 3 586
f 586 3 590
f 586 590 587
f 587 590 591
f 587 591 588
f 588 591 592
f 588 592 589
f 589 592 593
f 589 593 573
f 573 593 574
f 559 594 595
f 595 594 596
f 595 596 597
f 595 597 598
f 598 597 599
f 598 599 600
f 598 600 601
f 601 600 602
f 601 602 603
f 603 602 1
f 603 1 3
f 3 585 603
f 603 585 601
f 585 580 601
f 601 580 598
f 580 575 598
f 598 575 595
f 575 560 595
f 595 560 559
f 545 543 546
f 546 543 604
f 546 604 605
f 605 606 546
f 546 606 607
f 607 606 608
f 607 608 609
f 609 610 607
f 607 610 180
f 180 610 611
f 180 611 612
f 612 611 613
f 612 613 614
f 614 615 612
f 612 615 616
f 612 616 617
f 617 616 618
f 617 618 619
f 619 618 620
f 620 618 621
f 620 621 622
f 622 621 623
f 622 623 624
f 624 625 622
f 622 625 626
f 626 625 627
f 537 548 538
f 538 548 546
f 538 546 550
f 550 546 607
f 550 607 569
f 569 607 628
f 569 628 567
f 567 628 629
f 567 629 565
f 565 629 630
f 565 630 631
f 565 631 563
f 563 631 632
f 563 632 561
f 561 632 633
f 561 633 559
f 559 633 634
f 559 634 594
f 594 634 635
f 594 635 636
f 636 635 637
f 637 635 638
f 637 638 639
f 637 639 640
f 640 639 641
f 640 641 642
f 640 642 643
f 643 642 644
f 643 644 645
f 645 644 646
f 645 646 647
f 647 646 648
f 647 648 649
f 649 648 650
f 650 648 651
f 7 1 652
f 652 1 602
f 652 602 653
f 653 602 654
f 654 602 600
f 654 600 655
f 655 600 599
f 655 599 656
f 656 599 657
f 657 599 597
f 657 597 658
f 658 597 596
f 658 596 594
f 658 594 659
f 659 594 636
f 659 636 660
f 660 636 637
f 660 637 661
f 661 637 640
f 661 640 662
f 662 640 643
f 662 643 663
f 663 643 645
f 663 645 664
f 664 645 647
f 664 647 665
f 665 647 649
f 666 667 668
f 668 667 669
f 668 669 670
f 670 671 668
f 668 671 672
f 668 672 673
f 673 672 674
f 673 674 675
f 675 674 676
f 675 676 677
f 677 676 678
f 677 678 679
f 679 678 680
f 679 680 681
f 681 680 682
f 681 682 683
f 683 682 684
f 683 684 685
f 685 684 686
f 685 686 687
f 687 686 688
f 687 688 689
f 689 688 690
f 689 690 691
f 691 690 692
f 691 692 693
f 693 692 694
f 693 694 695
f 695 694 696
f 695 696 697
f 697 696 698
f 697 698 699
f 699 698 700
f 699 700 701
f 701 700 702
f 702 700 703
f 702 703 704
f 704 703 705
f 704 705 706
f 706 705 707
f 707 705 708
f 707 708 709
f 709 708 710
f 709 710 711
f 711 710 712
f 711 712 713
f 713 712 714
f 713 714 715
f 715 714 716
f 715 716 717
f 717 716 718
f 717 718 719
f 719 718 720
f 719 720 721
f 721 720 722
f 721 722 723
f 723 722 724
f 723 724 725
f 725 724 726
f 725 726 727
f 727 726 728
f 727 728 729
f 729 728 730
f 729 730 731
f 731 730 732
f 731 732 733
f 733 732 734
f 734 732 735
f 735 732 736
f 735 736 737
f 671 738 672
f 672 738 739
f 672 739 674
f 674 739 740
f 674 740 676
f 676 740 741
f 676 741 678
f 678 741 742
f 678 742 680
f 680 742 743
f 680 743 682
f 682 743 744
f 682 744 684
f 684 744 745
f 684 745 686
f 686 745 746
f 686 746 688
f 688 746 747
f 688 747 690
f 690 747 748
f 690 748 692
f 692 748 749
f 692 749 694
f 694 749 750
f 694 750 696
f 696 750 751
f 696 751 698
f 698 751 752
f 698 752 700
f 700 752 703
f 738 753 739
f 739 753 732
f 739 732 740
f 740 732 730
f 740 730 741
f 741 730 728
f 741 728 742
f 742 728 726
f 742 726 743
f 743 726 724
f 743 724 744
f 744 724 722
f 744 722 745
f 745 722 720
f 745 720 746
f 746 720 718
f 746 718 747
f 747 718 716
f 747 716 748
f 748 716 714
f 748 714 749
f 749 714 712
f 749 712 750
f 750 712 710
f 750 710 751
f 751 710 708
f 751 708 752
f 752 708 705
f 752 705 703
f 753 736 732
f 519 754 706
f 706 754 704
f 754 702 704
f 755 756 701
f 701 756 699
f 699 756 697
f 697 756 757
f 697 757 695
f 695 757 758
f 695 758 693
f 693 758 759
f 693 759 691
f 691 759 760
f 691 760 689
f 689 760 761
f 689 761 687
f 687 761 762
f 687 762 685
f 685 762 763
f 685 763 683
f 683 763 764
f 683 764 681
f 681 764 765
f 681 765 679
f 679 765 766
f 679 766 677
f 677 766 767
f 677 767 675
f 675 767 768
f 675 768 673
f 673 768 666
f 673 666 668
f 769 737 770
f 770 737 736
f 770 736 771
f 771 736 753
f 771 753 772
f 772 753 738
f 772 738 671
f 772 671 773
f 773 671 670
f 773 670 669
f 773 669 667
f 774 775 667
f 667 775 776
f 667 776 777
f 734 769 733
f 733 769 778
f 733 778 779
f 734 735 769
f 769 735 737
f 778 769 780
f 780 769 781
f 780 781 782
f 782 781 783
f 782 783 784
f 784 783 785
f 785 783 786
f 785 786 787
f 782 788 780
f 733 779 220
f 220 779 789
f 220 789 633
f 633 789 634
f 769 770 781
f 781 770 790
f 781 790 783
f 783 790 791
f 791 790 792
f 791 792 793
f 793 792 772
f 793 772 773
f 770 771 790
f 790 771 792
f 771 772 792
f 793 773 794
f 794 773 667
f 794 667 777
f 777 776 794
f 794 776 775
f 794 775 795
f 795 775 774
f 795 774 796
f 796 797 795
f 795 797 798
f 795 798 794
f 794 798 791
f 794 791 793
f 799 655 800
f 800 655 801
f 800 801 802
f 802 801 803
f 802 803 804
f 804 803 805
f 804 805 806
f 806 805 807
f 806 807 808
f 808 807 809
f 808 809 810
f 810 809 811
f 810 811 812
f 812 811 813
f 812 813 814
f 814 813 815
f 814 815 798
f 798 815 816
f 798 816 817
f 817 816 818
f 817 818 819
f 819 818 820
f 819 820 821
f 821 820 822
f 821 822 785
f 785 822 823
f 785 823 784
f 784 823 824
f 784 824 782
f 782 824 825
f 825 824 826
f 825 826 827
f 827 826 828
f 827 828 829
f 829 828 830
f 829 830 807
f 807 830 809
f 805 803 829
f 829 803 827
f 785 787 821
f 821 787 831
f 821 831 819
f 819 831 832
f 819 832 817
f 817 832 791
f 817 791 798
f 831 787 833
f 833 787 786
f 833 786 791
f 791 786 783
f 798 797 814
f 814 797 834
f 814 834 812
f 812 834 835
f 812 835 810
f 810 835 836
f 810 836 808
f 808 836 837
f 808 837 806
f 806 837 838
f 806 838 804
f 804 838 802
f 834 797 839
f 839 797 840
f 839 840 841
f 842 843 841
f 841 843 844
f 841 844 839
f 839 844 835
f 839 835 834
f 799 845 842
f 842 845 846
f 842 846 843
f 843 846 837
f 843 837 836
f 845 799 800
f 826 824 847
f 847 824 823
f 847 823 848
f 848 823 822
f 848 822 820
f 828 826 849
f 849 826 847
f 849 847 850
f 850 847 848
f 850 848 851
f 851 848 820
f 851 820 818
f 807 805 829
f 845 800 802
f 845 802 838
f 828 849 830
f 830 849 852
f 830 852 809
f 809 852 811
f 852 849 850
f 846 845 838
f 846 838 837
f 852 850 853
f 853 850 851
f 853 851 854
f 854 851 818
f 854 818 816
f 791 832 833
f 833 832 831
f 816 815 854
f 854 815 813
f 854 813 853
f 853 813 811
f 853 811 852
f 836 835 844
f 843 836 844
f 801 655 855
f 855 655 656
f 855 656 856
f 856 656 857
f 857 656 657
f 856 858 855
f 855 858 859
f 855 859 801
f 801 859 803
f 803 859 860
f 803 860 861
f 861 860 862
f 861 862 863
f 863 862 864
f 863 864 865
f 865 864 866
f 865 866 867
f 867 866 868
f 867 868 788
f 859 858 860
f 860 858 862
f 788 782 867
f 867 782 825
f 867 825 865
f 865 825 827
f 865 827 863
f 863 827 861
f 827 803 861
f 869 870 871
f 871 870 872
f 871 872 873
f 873 872 874
f 873 874 875
f 875 874 876
f 875 876 877
f 877 876 878
f 877 878 879
f 879 878 880
f 879 880 881
f 881 880 864
f 881 864 882
f 882 864 862
f 882 862 883
f 883 862 858
f 883 858 856
f 880 866 864
f 857 657 856
f 856 657 658
f 856 658 883
f 883 658 884
f 883 884 881
f 881 884 879
f 658 659 884
f 884 659 885
f 884 885 879
f 879 885 877
f 659 660 885
f 885 660 886
f 885 886 877
f 877 886 875
f 660 661 886
f 886 661 887
f 886 887 875
f 875 887 873
f 661 662 887
f 887 662 888
f 887 888 873
f 873 888 871
f 662 663 888
f 888 663 889
f 888 889 871
f 871 889 869
f 663 664 889
f 889 664 890
f 889 890 869
f 664 665 890
f 882 883 881
f 665 891 890
f 890 891 892
f 890 892 869
f 869 892 893
f 869 893 870
f 870 893 894
f 895 896 897
f 897 896 898
f 897 898 899
f 899 898 900
f 899 900 901
f 901 900 902
f 901 902 903
f 903 902 904
f 903 904 891
f 891 904 892
f 892 904 905
f 892 905 893
f 893 905 894
f 894 905 906
f 906 905 907
f 906 907 908
f 908 907 909
f 908 909 910
f 910 909 911
f 910 911 912
f 912 911 913
f 913 911 898
f 913 898 896
f 900 898 911
f 902 900 909
f 909 900 911
f 904 902 907
f 907 902 909
f 905 904 907
f 779 914 789
f 789 914 915
f 789 915 916
f 916 915 917
f 916 917 918
f 918 917 914
f 918 914 919
f 919 914 920
f 919 920 921
f 921 920 922
f 921 922 923
f 923 922 924
f 923 924 925
f 925 924 926
f 925 926 896
f 896 926 913
f 913 926 927
f 913 927 928
f 928 927 929
f 928 929 930
f 930 929 780
f 780 929 778
f 778 929 931
f 778 931 932
f 932 931 924
f 932 924 922
f 778 932 779
f 779 932 920
f 779 920 914
f 930 912 928
f 928 912 913
f 925 896 933
f 933 896 895
f 933 895 934
f 933 934 935
f 935 934 936
f 935 936 937
f 937 936 918
f 937 918 919
f 936 916 918
f 937 919 921
f 915 914 917
f 926 924 931
f 926 931 927
f 927 931 929
f 937 921 935
f 935 921 923
f 935 923 933
f 933 923 925
f 920 932 922
f 654 655 938
f 938 655 799
f 938 799 939
f 939 799 842
f 939 842 940
f 940 842 841
f 940 841 941
f 941 841 840
f 941 840 942
f 942 840 797
f 942 797 943
f 943 797 944
f 943 944 945
f 945 944 946
f 945 946 947
f 947 946 948
f 947 948 949
f 949 948 950
f 949 950 951
f 951 950 952
f 951 952 7
f 797 953 944
f 944 953 954
f 944 954 946
f 946 954 955
f 946 955 948
f 948 955 956
f 948 956 950
f 950 956 952
f 957 958 953
f 953 958 959
f 953 959 954
f 954 959 955
f 957 960 958
f 958 960 961
f 958 961 959
f 959 961 955
f 961 960 956
f 956 960 952
f 7 652 951
f 951 652 962
f 951 962 949
f 949 962 963
f 949 963 947
f 947 963 964
f 947 964 945
f 945 964 965
f 945 965 943
f 943 965 942
f 652 653 962
f 962 653 966
f 962 966 963
f 963 966 967
f 963 967 964
f 964 967 968
f 964 968 965
f 965 968 941
f 965 941 942
f 966 653 969
f 969 653 654
f 969 654 970
f 970 654 938
f 970 938 939
f 941 968 940
f 940 968 971
f 940 971 939
f 939 971 970
f 961 956 955
f 969 970 971
f 969 971 967
f 967 971 968
f 969 967 966
f 891 665 650
f 650 665 649
f 642 895 644
f 644 895 897
f 644 897 646
f 646 897 899
f 646 899 648
f 648 899 901
f 648 901 651
f 651 901 903
f 651 903 650
f 650 903 891
f 916 972 789
f 789 972 973
f 789 973 635
f 635 973 974
f 635 974 638
f 638 974 975
f 638 975 639
f 639 975 976
f 639 976 977
f 977 976 978
f 977 978 979
f 979 978 980
f 979 980 642
f 642 980 895
f 895 980 934
f 934 980 981
f 934 981 936
f 936 981 982
f 936 982 983
f 983 982 984
f 983 984 973
f 973 984 974
f 972 916 983
f 983 916 936
f 979 642 985
f 985 642 641
f 985 641 977
f 977 641 639
f 635 634 789
f 983 973 972
f 977 979 985
f 980 978 981
f 981 978 986
f 981 986 982
f 982 986 984
f 974 984 975
f 975 984 986
f 975 986 976
f 976 986 978
f 987 988 989
f 989 988 990
f 989 990 991
f 991 990 992
f 991 992 993
f 993 992 994
f 993 994 995
f 990 988 996
f 996 988 997
f 996 997 998
f 998 997 999
f 998 999 1000
f 1000 999 1001
f 1000 1001 1002
f 1002 1001 1003
f 1002 1003 1004
f 1004 1003 1005
f 1004 1005 1006
f 1006 1005 1007
f 1006 1007 1008
f 1003 1009 1005
f 1006 1008 1010
f 1010 1008 1011
f 1010 1011 1012
f 1012 1011 1013
f 1012 1013 1014
f 1010 1012 1015
f 1015 1012 1016
f 1015 1016 1017
f 1017 1016 1018
f 1017 1018 1019
f 1019 1018 1020
f 1019 1020 1021
f 1021 1020 1022
f 1021 1022 1023
f 1023 1022 1024
f 1023 1024 992
f 992 1024 994
f 1023 992 990
f 1021 1023 996
f 996 1023 990
f 1019 1021 998
f 998 1021 996
f 1017 1019 1000
f 1000 1019 998
f 1015 1017 1002
f 1002 1017 1000
f 1010 1015 1004
f 1004 1015 1002
f 1006 1010 1004
f 995 1025 993
f 993 1025 1026
f 993 1026 1027
f 993 1027 991
f 991 1027 1028
f 991 1028 989
f 989 1028 987
f 987 1028 1029
f 1030 1031 1032
f 1032 1031 1033
f 1032 1033 1034
f 1034 1033 1035
f 1034 1035 1036
f 1036 1035 1037
f 1036 1037 1038
f 1038 1037 1039
f 1038 1039 1026
f 1026 1039 1027
f 1027 1039 1040
f 1027 1040 1028
f 1028 1040 1041
f 1028 1041 1029
f 1031 1042 1033
f 1033 1042 1043
f 1033 1043 1035
f 1035 1043 1044
f 1035 1044 1037
f 1037 1044 1045
f 1037 1045 1039
f 1039 1045 1040
f 1042 1046 1043
f 1043 1046 1047
f 1043 1047 1044
f 1044 1047 1048
f 1044 1048 1045
f 1045 1048 1041
f 1045 1041 1040
f 1046 1049 1047
f 1026 1025 1038
f 610 609 1050
f 1050 609 1051
f 1050 1051 1052
f 1052 1051 1053
f 1052 1053 1054
f 1054 1053 1055
f 1054 1055 1056
f 1056 1055 1057
f 1056 1057 1058
f 1058 1057 1059
f 1058 1059 1060
f 1060 1059 1061
f 1060 1061 1031
f 1031 1061 1042
f 1042 1061 1062
f 1042 1062 1063
f 1063 1062 1064
f 1063 1064 1065
f 1065 1064 1066
f 1065 1066 605
f 605 1066 606
f 606 1066 1067
f 606 1067 608
f 608 1067 1068
f 608 1068 1069
f 1069 1068 1055
f 1069 1055 1053
f 1051 609 1069
f 1069 609 608
f 605 1070 1065
f 1065 1070 1071
f 1065 1071 1063
f 1063 1071 1046
f 1063 1046 1042
f 1070 1049 1071
f 1071 1049 1046
f 1031 1030 1060
f 1060 1030 1072
f 1060 1072 1058
f 1058 1072 1073
f 1058 1073 1056
f 1056 1073 1054
f 1054 1073 1052
f 1052 1073 1050
f 1057 1055 1068
f 1068 1067 1074
f 1074 1067 1075
f 1074 1075 1076
f 1076 1075 1064
f 1076 1064 1062
f 1051 1069 1053
f 1064 1075 1066
f 1066 1075 1067
f 1059 1057 1074
f 1074 1057 1068
f 1059 1074 1076
f 1061 1059 1076
f 1061 1076 1062
f 542 1077 543
f 543 1077 1078
f 543 1078 1079
f 1079 1078 1080
f 1079 1080 1081
f 1081 1080 1082
f 1081 1082 1083
f 1083 1082 1084
f 1083 1084 1085
f 1085 1084 539
f 1085 539 528
f 1077 542 1086
f 1086 542 540
f 1086 540 1084
f 1084 540 539
f 520 1087 528
f 528 1087 1088
f 528 1088 1085
f 1085 1088 1089
f 1085 1089 1083
f 1083 1089 1005
f 1083 1005 1090
f 1090 1005 1009
f 1090 1009 1081
f 1081 1009 1079
f 520 522 1087
f 1087 522 1011
f 1087 1011 1091
f 1091 1011 1092
f 1091 1092 1093
f 1093 1092 1008
f 1093 1008 1094
f 1094 1008 1007
f 1094 1007 1089
f 1089 1007 1005
f 1014 1013 522
f 522 1013 1011
f 1011 1008 1092
f 1079 604 543
f 1088 1087 1095
f 1095 1087 1091
f 1095 1091 1093
f 1078 1077 1086
f 1078 1086 1082
f 1082 1086 1084
f 1083 1090 1081
f 1078 1082 1080
f 1095 1093 1094
f 1088 1095 1089
f 1089 1095 1094
f 1050 1096 610
f 610 1096 1097
f 610 1097 1098
f 1098 1097 1099
f 1098 1099 1100
f 1100 1099 1101
f 1100 1101 1102
f 1102 1101 1103
f 1102 1103 1104
f 1104 1103 1105
f 1104 1105 1106
f 1106 1105 1107
f 1106 1107 1108
f 1096 1050 1109
f 1109 1050 1073
f 1109 1073 1110
f 1110 1073 1111
f 1110 1111 1101
f 1101 1111 1103
f 1073 1072 1111
f 1111 1072 1112
f 1111 1112 1103
f 1103 1112 1105
f 1072 1030 1112
f 1112 1030 1107
f 1112 1107 1105
f 1106 1108 1104
f 1104 1108 1113
f 1104 1113 1102
f 1102 1113 1100
f 1113 1114 1100
f 1100 1114 1098
f 1114 611 1098
f 1098 611 610
f 1097 1096 1109
f 1101 1099 1110
f 1110 1099 1109
f 1099 1097 1109
f 1070 604 1049
f 1049 604 1001
f 1049 1001 999
f 1070 605 604
f 1001 604 1003
f 1003 604 1079
f 1003 1079 1009
f 999 997 1049
f 1049 997 988
f 1049 988 987
f 1049 987 1047
f 1047 987 1029
f 1047 1029 1048
f 1048 1029 1041
f 1115 612 1116
f 1116 612 1117
f 1116 1117 1118
f 1118 1117 1119
f 1118 1119 1120
f 1120 1119 1121
f 1120 1121 1122
f 1122 1121 1123
f 1122 1123 1124
f 1122 1124 1125
f 1125 1124 1126
f 1125 1126 1127
f 1125 1127 1128
f 1128 1127 1129
f 1128 1129 1130
f 1130 1129 1131
f 1130 1131 1132
f 1132 1131 1133
f 1132 1133 1134
f 1134 1133 1135
f 1134 1135 1136
f 1136 1135 1137
f 1136 1137 1138
f 1138 1137 1139
f 1138 1139 1140
f 1140 1139 1141
f 1140 1141 1142
f 1142 1141 1143
f 1142 1143 1144
f 1144 1143 1145
f 1144 1145 1146
f 1146 1145 1147
f 1146 1147 1148
f 1146 1148 1149
f 1149 1148 1150
f 1149 1150 1151
f 1151 1150 1152
f 1151 1152 1153
f 1153 1152 1154
f 1153 1154 1155
f 1152 1156 1154
f 1157 1158 1155
f 1155 1158 1159
f 1155 1159 1153
f 1153 1159 1160
f 1153 1160 1151
f 1151 1160 1161
f 1151 1161 1149
f 1149 1161 1144
f 1149 1144 1146
f 1158 1157 1162
f 1162 1157 1163
f 1162 1163 1164
f 1162 1164 1165
f 1165 1164 1166
f 1165 1166 1167
f 1167 1166 1168
f 1167 1168 1169
f 1169 1168 1170
f 1169 1170 1171
f 1171 1170 1172
f 1171 1172 1173
f 1173 1172 1174
f 1173 1174 1175
f 1173 1175 1176
f 1176 1175 1177
f 1176 1177 1178
f 1178 1177 1179
f 1178 1179 1115
f 1178 1115 1116
f 1120 1122 1180
f 1180 1122 1125
f 1180 1125 1181
f 1181 1125 1128
f 1181 1128 1182
f 1182 1128 1130
f 1182 1130 1183
f 1183 1130 1132
f 1183 1132 1184
f 1184 1132 1134
f 1184 1134 1185
f 1185 1134 1136
f 1185 1136 1186
f 1186 1136 1138
f 1186 1138 1187
f 1187 1138 1140
f 1187 1140 1188
f 1188 1140 1142
f 1188 1142 1161
f 1161 1142 1144
f 1178 1116 1118
f 1118 1120 1189
f 1189 1120 1180
f 1189 1180 1190
f 1190 1180 1181
f 1190 1181 1191
f 1191 1181 1182
f 1191 1182 1192
f 1192 1182 1183
f 1192 1183 1193
f 1193 1183 1184
f 1193 1184 1194
f 1194 1184 1185
f 1194 1185 1195
f 1195 1185 1186
f 1195 1186 1196
f 1196 1186 1187
f 1196 1187 1197
f 1197 1187 1188
f 1197 1188 1160
f 1160 1188 1161
f 1176 1178 1189
f 1189 1178 1118
f 1176 1189 1190
f 1176 1190 1173
f 1173 1190 1191
f 1173 1191 1171
f 1171 1191 1192
f 1171 1192 1169
f 1169 1192 1193
f 1169 1193 1167
f 1167 1193 1194
f 1167 1194 1165
f 1165 1194 1195
f 1165 1195 1162
f 1162 1195 1196
f 1162 1196 1158
f 1158 1196 1197
f 1158 1197 1159
f 1159 1197 1160
f 620 622 1198
f 1198 622 1199
f 1198 1199 1200
f 1200 1199 1201
f 1200 1201 1202
f 1202 1201 1203
f 1202 1203 1204
f 1204 1203 1205
f 1204 1205 1117
f 1117 1205 1119
f 1119 1205 1206
f 1119 1206 1207
f 1207 1206 1208
f 1207 1208 1209
f 1209 1208 1210
f 1210 1208 1211
f 1210 1211 1212
f 1212 1211 1213
f 1213 1211 1214
f 1214 1211 1215
f 1214 1215 1201
f 1201 1215 1203
f 1199 1214 1201
f 1209 1121 1207
f 1207 1121 1119
f 1204 1117 1216
f 1216 1117 612
f 1216 612 617
f 1216 617 1217
f 1217 617 619
f 1217 619 1198
f 1198 619 620
f 1215 1211 1218
f 1218 1211 1208
f 1218 1208 1206
f 1217 1198 1200
f 1217 1200 1202
f 1205 1203 1218
f 1218 1203 1215
f 1205 1218 1206
f 1216 1217 1202
f 1216 1202 1204
f 1219 1213 1220
f 1220 1213 1214
f 1220 1214 1221
f 1221 1214 1222
f 1221 1222 1223
f 1223 1222 1224
f 1223 1224 1225
f 1225 1224 1226
f 1225 1226 1227
f 1227 1226 1228
f 1227 1228 1229
f 1229 1228 1230
f 1229 1230 1231
f 1231 1230 1232
f 1231 1232 1233
f 1233 1232 1234
f 1233 1234 1235
f 1235 1234 1236
f 1235 1236 1237
f 1237 1236 1238
f 1237 1238 625
f 625 1238 1239
f 625 1239 627
f 627 1239 1240
f 627 1240 626
f 626 1240 622
f 622 1240 1199
f 1199 1240 1241
f 1199 1241 1242
f 1242 1241 1243
f 1242 1243 1244
f 1244 1243 1245
f 1244 1245 1226
f 1226 1245 1228
f 1222 1214 1246
f 1246 1214 1199
f 1246 1199 1242
f 625 624 1237
f 1237 624 1247
f 1237 1247 1235
f 1235 1247 1248
f 1235 1248 1233
f 624 623 1247
f 1247 623 1248
f 1231 1249 1229
f 1229 1249 1250
f 1229 1250 1227
f 1227 1250 1251
f 1227 1251 1225
f 1225 1251 1252
f 1225 1252 1223
f 1223 1252 1253
f 1223 1253 1221
f 1221 1253 1220
f 1249 1254 1250
f 1250 1254 1255
f 1250 1255 1251
f 1251 1255 1256
f 1251 1256 1252
f 1252 1256 1257
f 1252 1257 1253
f 1253 1257 1220
f 1257 1219 1220
f 1241 1240 1258
f 1258 1240 1239
f 1258 1239 1259
f 1259 1239 1238
f 1259 1238 1236
f 1224 1222 1246
f 1224 1246 1244
f 1244 1246 1242
f 1241 1258 1243
f 1243 1258 1260
f 1243 1260 1245
f 1245 1260 1261
f 1245 1261 1228
f 1228 1261 1230
f 1260 1258 1259
f 1226 1224 1244
f 1260 1259 1262
f 1262 1259 1236
f 1262 1236 1234
f 1260 1262 1261
f 1261 1262 1232
f 1261 1232 1230
f 1232 1262 1234
f 621 1263 623
f 623 1263 1248
f 1248 1263 1264
f 1248 1264 1233
f 1233 1264 1265
f 1233 1265 1266
f 1267 1268 1266
f 1266 1268 1231
f 1266 1231 1233
f 1269 1270 1267
f 1267 1270 1271
f 1267 1271 1272
f 1272 1271 1254
f 1272 1254 1249
f 1270 1269 1254
f 1254 1269 1273
f 1254 1273 1274
f 1272 1249 1275
f 1275 1249 1231
f 1275 1231 1268
f 1270 1254 1271
f 1267 1272 1275
f 1275 1268 1276
f 1276 1268 1267
f 1276 1267 1275
f 1277 1278 1279
f 1279 1278 1280
f 1279 1280 1281
f 1281 1280 1282
f 1281 1282 1283
f 1283 1282 1284
f 1284 1282 1285
f 1284 1285 1286
f 1286 1285 1287
f 1286 1287 1288
f 1288 1287 1289
f 1288 1289 1290
f 1290 1289 1291
f 1290 1291 1292
f 1292 1291 1293
f 1292 1293 1265
f 1265 1293 1294
f 1265 1294 1266
f 1266 1294 1267
f 1267 1294 1295
f 1267 1295 1269
f 1269 1295 1296
f 1269 1296 1273
f 1273 1296 1274
f 1280 1278 1297
f 1297 1278 1298
f 1297 1298 1299
f 1299 1298 1300
f 1299 1300 1301
f 1301 1300 1302
f 1301 1302 1303
f 1303 1302 1304
f 1303 1304 1305
f 1305 1304 1306
f 1305 1306 1295
f 1295 1306 1296
f 1265 1264 1292
f 1285 1282 1280
f 1285 1280 1297
f 1287 1285 1297
f 1287 1297 1299
f 1289 1287 1299
f 1289 1299 1301
f 1291 1289 1301
f 1291 1301 1303
f 1293 1291 1303
f 1293 1303 1305
f 1294 1293 1305
f 1294 1305 1295
f 1283 1307 1281
f 1281 1307 1308
f 1281 1308 1279
f 1279 1308 1309
f 1279 1309 1277
f 1277 1309 1310
f 1311 1312 1313
f 1313 1312 1314
f 1313 1314 1315
f 1313 1315 1316
f 1316 1315 1107
f 1316 1107 1317
f 1316 1317 1318
f 1318 1317 1319
f 1318 1319 1320
f 1320 1319 1321
f 1320 1321 1322
f 1322 1321 1323
f 1322 1323 1309
f 1309 1323 1310
f 1309 1308 1322
f 1322 1308 1324
f 1322 1324 1320
f 1320 1324 1325
f 1320 1325 1318
f 1318 1325 1326
f 1318 1326 1316
f 1316 1326 1313
f 1308 1307 1324
f 1324 1307 1327
f 1324 1327 1325
f 1325 1327 1328
f 1325 1328 1326
f 1326 1328 1311
f 1326 1311 1313
f 1329 618 1330
f 1330 618 616
f 1330 616 1331
f 1331 616 1332
f 1331 1332 1333
f 1333 1332 1334
f 1333 1334 1335
f 1335 1334 1336
f 1335 1336 1314
f 1314 1336 1315
f 1315 1336 1337
f 1315 1337 1338
f 1338 1337 1339
f 1338 1339 1108
f 1108 1339 1113
f 1113 1339 1340
f 1113 1340 1341
f 1341 1340 1342
f 1341 1342 1343
f 1343 1342 1332
f 1343 1332 615
f 615 1332 616
f 615 614 1343
f 1343 614 1344
f 1343 1344 1341
f 1341 1344 1114
f 1341 1114 1113
f 614 613 1344
f 1344 613 611
f 1344 611 1114
f 1108 1107 1338
f 1338 1107 1315
f 1335 1314 1345
f 1345 1314 1312
f 1345 1312 1329
f 1345 1329 1330
f 1342 1340 1346
f 1346 1340 1339
f 1346 1339 1337
f 1332 1342 1334
f 1334 1342 1346
f 1334 1346 1336
f 1336 1346 1337
f 1345 1330 1333
f 1333 1330 1331
f 1345 1333 1335
f 612 1115 180
f 180 1115 228
f 228 1115 1179
f 228 1179 1177
f 228 1177 229
f 229 1177 1175
f 229 1175 1174
f 229 1174 230
f 230 1174 1172
f 230 1172 1170
f 230 1170 231
f 231 1170 1168
f 231 1168 1166
f 231 1166 232
f 232 1166 1164
f 232 1164 233
f 233 1164 1163
f 233 1163 1157
f 233 1157 234
f 234 1157 1155
f 234 1155 235
f 235 1155 1154
f 235 1154 237
f 237 1154 1156
f 1284 1312 1283
f 1283 1312 1311
f 1283 1311 1307
f 1307 1311 1328
f 1307 1328 1327
f 1284 1286 1312
f 1312 1286 1288
f 1312 1288 1290
f 1312 1290 621
f 621 1290 1292
f 621 1292 1263
f 1263 1292 1264
f 618 1329 621
f 621 1329 1312
f 1347 1348 1349
f 1349 1348 1350
f 1349 1350 1351
f 1351 1350 1352
f 1351 1352 1353
f 1353 1352 1354
f 1353 1354 1355
f 1355 1354 1356
f 1355 1356 1357
f 1357 1356 1358
f 1357 1358 952
f 952 1358 1359
f 952 1359 7
f 7 1359 8
f 8 1359 2
f 2 1359 1360
f 2 1360 4
f 4 1360 1361
f 4 1361 6
f 6 1361 1362
f 1362 1361 1354
f 1362 1354 1352
f 952 960 1357
f 1357 960 1363
f 1357 1363 1355
f 1355 1363 1364
f 1355 1364 1353
f 1353 1364 1351
f 1363 960 1365
f 1365 960 957
f 1365 957 1366
f 1366 1367 1365
f 1365 1367 1368
f 1365 1368 1364
f 1364 1368 1351
f 1367 1347 1368
f 1368 1347 1349
f 1368 1349 1351
f 1356 1354 1361
f 1358 1356 1360
f 1360 1356 1361
f 1359 1358 1360
f 1365 1364 1363
f 6 1362 1369
f 1369 1362 1370
f 1369 1370 1371
f 1371 1370 1372
f 1372 1370 1373
f 1372 1373 1374
f 1374 1373 1375
f 1374 1375 1376
f 1376 1375 1377
f 1376 1377 1378
f 1378 1377 1379
f 1378 1379 1380
f 1380 1379 1381
f 1380 1381 1382
f 1382 1381 1383
f 1382 1383 1384
f 1384 1383 1385
f 1384 1385 1386
f 1386 1385 1387
f 1387 1385 1388
f 1387 1388 1389
f 1389 1388 1390
f 1389 1390 1391
f 1391 1390 1392
f 1391 1392 1393
f 1393 1392 1394
f 1393 1394 1395
f 1395 1394 1396
f 1395 1396 1397
f 1397 1396 1398
f 1397 1398 1399
f 1399 1398 1400
f 1399 1400 1401
f 1370 1362 1402
f 1402 1362 1352
f 1402 1352 1403
f 1403 1352 1404
f 1403 1404 1405
f 1405 1404 1406
f 1405 1406 1407
f 1407 1406 1408
f 1407 1408 1409
f 1409 1408 1410
f 1409 1410 1411
f 1411 1410 1412
f 1411 1412 1413
f 1413 1412 1414
f 1413 1414 1415
f 1415 1414 1416
f 1415 1416 1417
f 1417 1416 1418
f 1417 1418 1419
f 1419 1418 1420
f 1419 1420 1394
f 1394 1420 1396
f 1352 1350 1404
f 1404 1350 1348
f 1404 1348 1421
f 1421 1348 1422
f 1421 1422 1423
f 1421 1423 1424
f 1424 1423 1425
f 1424 1425 1426
f 1426 1425 1427
f 1426 1427 1428
f 1428 1427 1429
f 1428 1429 1430
f 1430 1429 1431
f 1430 1431 1432
f 1432 1431 1433
f 1432 1433 1434
f 1434 1433 1435
f 1434 1435 1436
f 1436 1435 1437
f 1436 1437 1438
f 1438 1437 1439
f 1438 1439 1400
f 1399 1401 1440
f 1440 1401 1441
f 1440 1441 1442
f 1442 1441 1443
f 1442 1443 1444
f 1444 1443 1445
f 1444 1445 1446
f 1446 1445 1447
f 1446 1447 1448
f 1448 1447 1449
f 1448 1449 1450
f 1450 1449 1451
f 1450 1451 1452
f 1452 1451 1453
f 1452 1453 1393
f 1393 1453 1391
f 1441 1454 1443
f 1443 1454 1455
f 1443 1455 1445
f 1447 1456 1449
f 1449 1456 1457
f 1449 1457 1458
f 1459 1453 1458
f 1458 1453 1451
f 1458 1451 1449
f 1453 1459 1391
f 1391 1459 1389
f 1406 1404 1421
f 1373 1370 1402
f 1402 1403 1460
f 1460 1403 1405
f 1460 1405 1461
f 1461 1405 1407
f 1461 1407 1462
f 1462 1407 1409
f 1462 1409 1463
f 1463 1409 1411
f 1463 1411 1464
f 1464 1411 1413
f 1464 1413 1465
f 1465 1413 1415
f 1465 1415 1466
f 1466 1415 1417
f 1466 1417 1467
f 1467 1417 1419
f 1467 1419 1392
f 1392 1419 1394
f 1408 1406 1424
f 1424 1406 1421
f 1375 1373 1460
f 1460 1373 1402
f 1375 1460 1461
f 1410 1408 1426
f 1426 1408 1424
f 1377 1375 1461
f 1377 1461 1462
f 1412 1410 1428
f 1428 1410 1426
f 1379 1377 1462
f 1379 1462 1463
f 1414 1412 1430
f 1430 1412 1428
f 1381 1379 1463
f 1381 1463 1464
f 1416 1414 1432
f 1432 1414 1430
f 1383 1381 1464
f 1383 1464 1465
f 1418 1416 1434
f 1434 1416 1432
f 1385 1383 1465
f 1385 1465 1466
f 1420 1418 1436
f 1436 1418 1434
f 1388 1385 1466
f 1388 1466 1467
f 1396 1420 1438
f 1438 1420 1436
f 1398 1396 1438
f 1390 1388 1467
f 1390 1467 1392
f 1400 1398 1438
f 1397 1399 1468
f 1468 1399 1440
f 1468 1440 1469
f 1469 1440 1442
f 1469 1442 1444
f 1395 1397 1470
f 1470 1397 1468
f 1470 1468 1471
f 1471 1468 1469
f 1471 1469 1446
f 1446 1469 1444
f 1393 1395 1452
f 1452 1395 1470
f 1452 1470 1450
f 1450 1470 1471
f 1450 1471 1448
f 1448 1471 1446
f 6 1369 5
f 5 1369 1371
f 5 1371 1472
f 1472 1371 1372
f 1472 1372 1374
f 1472 1374 1473
f 1473 1374 1376
f 1473 1376 1378
f 1473 1378 1474
f 1474 1378 1380
f 1474 1380 1382
f 1474 1382 1475
f 1475 1382 1384
f 1475 1384 1476
f 1476 1384 1386
f 1476 1386 1387
f 1476 1387 1477
f 1477 1387 1389
f 1477 1389 1478
f 1478 1389 1459
f 1478 1459 1458
f 1478 1458 1479
f 1479 1458 1457
f 1479 1457 1480
f 1480 1457 1456
f 1481 1213 1482
f 1482 1213 1219
f 1482 1219 1483
f 1483 1219 1257
f 1483 1257 1484
f 1484 1257 1256
f 1484 1256 1485
f 1485 1256 1486
f 1485 1486 1487
f 1487 1486 1488
f 1487 1488 1489
f 1489 1488 1490
f 1489 1490 1491
f 1491 1490 13
f 13 1490 1492
f 1492 1490 1488
f 1492 1488 1493
f 1493 1488 1486
f 1493 1486 1494
f 1494 1486 1255
f 1494 1255 1254
f 1256 1255 1486
f 1489 1491 1495
f 1495 1491 1496
f 1495 1496 1497
f 1497 1496 1498
f 1497 1498 1499
f 1499 1498 1500
f 1499 1500 1483
f 1483 1500 1482
f 1496 1501 1498
f 1498 1501 1481
f 1498 1481 1500
f 1500 1481 1482
f 1499 1483 1484
f 1484 1485 1502
f 1502 1485 1487
f 1502 1487 1495
f 1495 1487 1489
f 1497 1499 1502
f 1502 1499 1484
f 1497 1502 1495
f 14 16 1503
f 1503 16 1504
f 1503 1504 1505
f 1505 1504 1506
f 1505 1506 1507
f 1507 1506 1508
f 1507 1508 1509
f 1509 1508 1510
f 1509 1510 1511
f 1511 1510 1512
f 1511 1512 1513
f 1513 1512 1514
f 1513 1514 1496
f 1496 1514 1515
f 1496 1515 1501
f 1501 1515 1516
f 1516 1515 1517
f 1517 1515 1518
f 1517 1518 1519
f 1519 1518 1512
f 1519 1512 1510
f 1506 1520 1508
f 1508 1520 1521
f 1508 1521 1510
f 1510 1521 1519
f 1520 1522 1521
f 1521 1522 1523
f 1521 1523 1519
f 1519 1523 1517
f 1496 1491 1513
f 1513 1491 1524
f 1513 1524 1511
f 1511 1524 1525
f 1511 1525 1509
f 1509 1525 1526
f 1509 1526 1507
f 1507 1526 1505
f 1524 1491 1527
f 1527 1491 13
f 1527 13 12
f 12 10 1527
f 1527 10 1528
f 1527 1528 1525
f 1525 1528 1526
f 10 14 1528
f 1528 14 1529
f 1528 1529 1526
f 1526 1529 1505
f 1529 14 1503
f 1529 1503 1505
f 1512 1518 1514
f 1514 1518 1515
f 1524 1527 1525
f 1530 1531 1532
f 1532 1531 1533
f 1532 1533 1534
f 1534 1533 1535
f 1534 1535 1536
f 1536 1535 1537
f 1536 1537 1538
f 1538 1537 1539
f 1538 1539 1540
f 1540 1539 1541
f 1540 1541 1542
f 1542 1541 1543
f 1542 1543 1544
f 1544 1543 1545
f 1544 1545 1546
f 1546 1545 1547
f 1546 1547 1548
f 1548 1547 1549
f 1548 1549 1550
f 1550 1549 1551
f 1550 1551 1552
f 1552 1551 1553
f 1552 1553 1554
f 1554 1553 1555
f 1554 1555 1556
f 1556 1555 1557
f 1556 1557 1558
f 1558 1557 1559
f 1558 1559 1560
f 1560 1559 1561
f 1560 1561 1506
f 1506 1561 1562
f 1506 1562 1520
f 1520 1562 1563
f 1520 1563 1522
f 1522 1563 1564
f 1564 1563 1565
f 1564 1565 1566
f 1566 1565 1567
f 1566 1567 1568
f 1568 1567 1569
f 1568 1569 1570
f 1570 1569 1557
f 1570 1557 1555
f 1533 1571 1535
f 1535 1571 1572
f 1535 1572 1537
f 1537 1572 1573
f 1537 1573 1539
f 1539 1573 1574
f 1539 1574 1541
f 1541 1574 1575
f 1541 1575 1543
f 1543 1575 1576
f 1543 1576 1545
f 1545 1576 1577
f 1545 1577 1547
f 1547 1577 1578
f 1547 1578 1549
f 1549 1578 1579
f 1549 1579 1551
f 1551 1579 1580
f 1551 1580 1553
f 1553 1580 1581
f 1553 1581 1555
f 1555 1581 1570
f 1572 1571 1582
f 1582 1571 1583
f 1582 1583 1584
f 1584 1585 1582
f 1582 1585 1586
f 1582 1586 1573
f 1573 1586 1574
f 1585 1587 1586
f 1586 1587 1588
f 1586 1588 1574
f 1574 1588 1575
f 1587 1589 1588
f 1588 1589 1590
f 1588 1590 1575
f 1575 1590 1576
f 1589 1591 1590
f 1590 1591 1592
f 1590 1592 1576
f 1576 1592 1577
f 1591 1593 1592
f 1592 1593 1594
f 1592 1594 1577
f 1577 1594 1578
f 1593 1595 1594
f 1594 1595 1596
f 1594 1596 1578
f 1578 1596 1579
f 1595 1597 1596
f 1596 1597 1598
f 1596 1598 1579
f 1579 1598 1580
f 1597 1599 1598
f 1598 1599 1600
f 1598 1600 1601
f 1601 1600 1602
f 1601 1602 1603
f 1603 1602 1604
f 1603 1604 1568
f 1568 1604 1566
f 1506 1504 1560
f 1560 1504 1605
f 1560 1605 1558
f 1558 1605 1606
f 1558 1606 1556
f 1556 1606 1607
f 1556 1607 1554
f 1554 1607 1608
f 1554 1608 1552
f 1552 1608 1609
f 1552 1609 1550
f 1550 1609 1610
f 1550 1610 1548
f 1548 1610 1611
f 1548 1611 1546
f 1546 1611 1612
f 1546 1612 1544
f 1544 1612 1613
f 1544 1613 1542
f 1542 1613 1614
f 1542 1614 1540
f 1540 1614 1615
f 1540 1615 1538
f 1538 1615 1616
f 1538 1616 1536
f 1536 1616 1617
f 1536 1617 1534
f 1534 1617 1532
f 16 1618 1504
f 1504 1618 1605
f 1618 1619 1605
f 1605 1619 1606
f 1619 1620 1606
f 1606 1620 1607
f 1620 1621 1607
f 1607 1621 1608
f 1608 1621 1609
f 1609 1621 1622
f 1609 1622 1610
f 1610 1622 1623
f 1610 1623 1611
f 1611 1623 1624
f 1611 1624 1625
f 1611 1625 1612
f 1612 1625 1626
f 1612 1626 1613
f 1613 1626 1627
f 1613 1627 1614
f 1614 1627 1628
f 1614 1628 1615
f 1615 1628 1629
f 1615 1629 1616
f 1616 1629 1630
f 1616 1630 1617
f 1617 1630 1631
f 1617 1631 1532
f 1532 1631 1530
f 1573 1572 1582
f 1581 1580 1601
f 1601 1580 1598
f 1570 1581 1603
f 1603 1581 1601
f 1568 1570 1603
f 1569 1567 1632
f 1632 1567 1565
f 1632 1565 1562
f 1562 1565 1563
f 1557 1569 1559
f 1559 1569 1632
f 1559 1632 1561
f 1561 1632 1562
f 866 880 868
f 868 880 788
f 788 880 878
f 788 878 912
f 912 878 876
f 912 876 874
f 874 872 912
f 912 872 870
f 912 870 910
f 910 870 894
f 910 894 908
f 908 894 906
f 912 930 788
f 788 930 780
f 519 706 211
f 211 706 210
f 210 706 707
f 210 707 212
f 212 707 709
f 212 709 214
f 214 709 711
f 214 711 713
f 214 713 194
f 194 713 715
f 194 715 189
f 189 715 717
f 189 717 719
f 189 719 190
f 190 719 721
f 190 721 723
f 190 723 216
f 216 723 725
f 216 725 727
f 216 727 218
f 218 727 729
f 218 729 731
f 733 220 731
f 731 220 218
f 1633 15 1634
f 1634 15 1635
f 1634 1635 1636
f 1636 1635 1637
f 1636 1637 1638
f 1638 1637 1639
f 1638 1639 1640
f 1640 1639 1641
f 1640 1641 1642
f 1642 1641 1643
f 1642 1643 1644
f 1644 1643 5
f 1644 5 1472
f 1472 1473 1644
f 1644 1473 1645
f 1644 1645 1642
f 1642 1645 1646
f 1642 1646 1640
f 1640 1646 1647
f 1640 1647 1638
f 1638 1647 1648
f 1638 1648 1636
f 1636 1648 1649
f 1636 1649 1634
f 1634 1649 1650
f 1634 1650 1633
f 1633 1650 1651
f 1651 1650 1652
f 1651 1652 1653
f 1653 1652 1654
f 1653 1654 1655
f 1655 1654 1656
f 1655 1656 1657
f 1657 1656 1658
f 1657 1658 1659
f 1659 1658 1660
f 1659 1660 1661
f 1661 1660 1662
f 1661 1662 1663
f 1663 1662 1664
f 1664 1662 1665
f 1665 1662 1666
f 1665 1666 1667
f 1667 1666 1668
f 1667 1668 1669
f 1669 1668 1670
f 1669 1670 1671
f 1671 1670 1672
f 1671 1672 1673
f 1673 1672 1674
f 1673 1674 1480
f 1480 1674 1479
f 1479 1674 1675
f 1479 1675 1478
f 1478 1675 1676
f 1478 1676 1477
f 1477 1676 1677
f 1477 1677 1476
f 1476 1677 1678
f 1476 1678 1475
f 1475 1678 1679
f 1475 1679 1474
f 1474 1679 1645
f 1474 1645 1473
f 1652 1650 1680
f 1680 1650 1649
f 1680 1649 1681
f 1681 1649 1648
f 1681 1648 1682
f 1682 1648 1647
f 1682 1647 1683
f 1683 1647 1646
f 1683 1646 1679
f 1679 1646 1645
f 1654 1652 1684
f 1684 1652 1680
f 1684 1680 1685
f 1685 1680 1681
f 1685 1681 1686
f 1686 1681 1682
f 1686 1682 1687
f 1687 1682 1683
f 1687 1683 1678
f 1678 1683 1679
f 1656 1654 1688
f 1688 1654 1684
f 1688 1684 1689
f 1689 1684 1685
f 1689 1685 1690
f 1690 1685 1686
f 1690 1686 1691
f 1691 1686 1687
f 1691 1687 1677
f 1677 1687 1678
f 1658 1656 1692
f 1692 1656 1688
f 1692 1688 1693
f 1693 1688 1689
f 1693 1689 1694
f 1694 1689 1690
f 1694 1690 1695
f 1695 1690 1691
f 1695 1691 1676
f 1676 1691 1677
f 1666 1662 1660
f 1660 1658 1696
f 1696 1658 1692
f 1696 1692 1697
f 1697 1692 1693
f 1697 1693 1698
f 1698 1693 1694
f 1698 1694 1699
f 1699 1694 1695
f 1699 1695 1675
f 1675 1695 1676
f 1668 1666 1696
f 1696 1666 1660
f 1668 1696 1697
f 1670 1668 1697
f 1670 1697 1698
f 1672 1670 1698
f 1672 1698 1699
f 1674 1672 1699
f 1674 1699 1675
f 1531 1530 1664
f 1664 1530 1663
f 1663 1530 1631
f 1663 1631 1661
f 1661 1631 1630
f 1661 1630 1629
f 1661 1629 1659
f 1659 1629 1628
f 1659 1628 1657
f 1657 1628 1627
f 1657 1627 1626
f 1657 1626 1655
f 1655 1626 1625
f 1655 1625 1653
f 1653 1625 1624
f 1653 1624 1623
f 1653 1623 1651
f 1651 1623 1622
f 1651 1622 1621
f 1651 1621 1633
f 1633 1621 1620
f 1633 1620 1619
f 1619 1618 1633
f 1633 1618 15
f 15 1618 16
f 15 9 1635
f 1635 9 574
f 1635 574 1637
f 1637 574 593
f 1637 593 1639
f 1639 593 592
f 1639 592 1641
f 1641 592 591
f 1641 591 1643
f 1643 591 590
f 1643 590 5
f 5 590 3
f 524 1254 522
f 522 1254 1274
f 522 1274 1014
f 1014 1274 1296
f 1014 1296 1012
f 1012 1296 1306
f 1012 1306 1016
f 1016 1306 1304
f 1016 1304 1018
f 1018 1304 1302
f 1018 1302 1020
f 1020 1302 1300
f 1020 1300 1022
f 1022 1300 1298
f 1022 1298 1024
f 1024 1298 1278
f 1024 1278 994
f 994 1278 1277
f 994 1277 995
f 526 1493 524
f 524 1493 1494
f 524 1494 1254
f 1493 526 1492
f 1492 526 11
f 1492 11 13
f 1030 1032 1107
f 1107 1032 1317
f 1317 1032 1034
f 1317 1034 1319
f 1319 1034 1036
f 1319 1036 1321
f 1321 1036 1038
f 1321 1038 1323
f 1323 1038 1025
f 1323 1025 1310
f 1025 995 1310
f 1310 995 1277
f 607 180 628
f 628 180 179
f 628 179 629
f 629 179 227
f 629 227 630
f 630 227 225
f 630 225 631
f 631 225 223
f 631 223 632
f 632 223 221
f 632 221 633
f 633 221 220
f 1700 1701 1702
f 1702 1701 1703
f 1702 1703 1704
f 1704 1703 1705
f 1704 1705 1706
f 1704 1706 1707
f 1707 1706 1708
f 1707 1708 1709
f 1709 1708 1710
f 1709 1710 1711
f 1709 1711 1712
f 1712 1711 1713
f 1712 1713 1714
f 1714 1713 1715
f 1714 1715 1716
f 1716 1715 1717
f 1714 1716 1718
f 1718 1716 1719
f 1718 1719 1720
f 1720 1719 1721
f 1720 1721 1722
f 1722 1721 1723
f 1722 1723 1724
f 1724 1723 1725
f 1724 1726 1722
f 1722 1726 1727
f 1722 1727 1728
f 1728 1727 1704
f 1728 1704 1707
f 1726 1729 1727
f 1727 1729 1702
f 1727 1702 1704
f 1729 1700 1702
f 1707 1709 1730
f 1730 1709 1712
f 1730 1712 1718
f 1718 1712 1714
f 1707 1730 1728
f 1728 1730 1720
f 1728 1720 1722
f 1720 1730 1718
f 1717 1731 1732
f 1732 1731 1733
f 1732 1733 1734
f 1734 1733 1735
f 1734 1735 1736
f 1736 1735 1737
f 1736 1737 1738
f 1738 1737 1739
f 1738 1739 1740
f 1740 1725 1738
f 1738 1725 1723
f 1738 1723 1736
f 1736 1723 1721
f 1736 1721 1734
f 1734 1721 1719
f 1734 1719 1732
f 1732 1719 1716
f 1732 1716 1717
f 1741 1742 1743
f 1743 1742 1744
f 1743 1744 1745
f 1745 1744 1746
f 1745 1746 1747
f 1747 1746 1748
f 1747 1748 1749
f 1749 1748 1750
f 1749 1750 1751
f 1751 1750 1752
f 1751 1752 1731
f 1731 1752 1733
f 1733 1752 1753
f 1733 1753 1735
f 1735 1753 1754
f 1735 1754 1737
f 1737 1754 1755
f 1737 1755 1739
f 1739 1755 1756
f 1739 1756 1740
f 1742 1757 1744
f 1744 1757 1758
f 1744 1758 1746
f 1746 1758 1759
f 1746 1759 1748
f 1748 1759 1760
f 1748 1760 1750
f 1750 1760 1761
f 1750 1761 1752
f 1752 1761 1753
f 1757 1762 1758
f 1758 1762 1763
f 1758 1763 1759
f 1759 1763 1764
f 1759 1764 1760
f 1760 1764 1765
f 1760 1765 1761
f 1761 1765 1766
f 1761 1766 1753
f 1753 1766 1754
f 1762 1767 1763
f 1763 1767 1768
f 1763 1768 1764
f 1764 1768 1769
f 1764 1769 1765
f 1765 1769 1770
f 1765 1770 1766
f 1766 1770 1771
f 1766 1771 1754
f 1754 1771 1755
f 1767 1772 1768
f 1768 1772 1773
f 1768 1773 1769
f 1769 1773 1774
f 1769 1774 1770
f 1770 1774 1775
f 1770 1775 1771
f 1771 1775 1776
f 1771 1776 1755
f 1755 1776 1756
f 1741 1777 1778
f 1778 1777 1779
f 1778 1779 1780
f 1780 1779 1781
f 1780 1781 1782
f 1782 1781 1783
f 1782 1783 1784
f 1782 1784 1785
f 1785 1784 1786
f 1785 1786 1772
f 1772 1786 1787
f 1772 1767 1785
f 1785 1767 1782
f 1767 1762 1782
f 1782 1762 1780
f 1762 1757 1780
f 1780 1757 1778
f 1757 1742 1778
f 1778 1742 1741
f 1700 1729 1701
f 1701 1729 1788
f 1788 1729 1789
f 1789 1729 1790
f 1790 1729 1791
f 1790 1791 1792
f 1792 1791 1793
f 1793 1791 1794
f 1794 1791 483
f 1794 483 1795
f 1795 483 1796
f 1795 1796 1797
f 1797 1796 1798
f 1798 1796 1799
f 1799 1796 1800
f 1800 1796 1801
f 1800 1801 1802
f 1802 1801 1803
f 1802 1803 1804
f 1802 1804 1805
f 1805 1804 1806
f 1805 1806 1807
f 1807 1806 1808
f 1808 1806 1809
f 1809 1806 1810
f 1809 1810 1811
f 1726 1725 1729
f 1729 1725 1740
f 1729 1740 1791
f 1791 1740 1756
f 1791 1756 1812
f 1812 1756 1776
f 1812 1776 1813
f 1813 1776 1775
f 1813 1775 1814
f 1814 1775 1815
f 1815 1775 1774
f 1815 1774 1816
f 1816 1774 1773
f 1816 1773 1817
f 1817 1773 1772
f 1817 1772 1818
f 1818 1772 1787
f 1818 1787 1819
f 1819 1787 1820
f 1819 1820 1821
f 1726 1724 1725
f 1822 1823 1821
f 1821 1823 1824
f 1821 1824 1819
f 1825 1826 1822
f 1822 1826 1827
f 1822 1827 1823
f 1826 1825 1828
f 1828 1825 1829
f 1828 1829 1830
f 1830 1829 1831
f 1830 1831 1832
f 1832 1831 1833
f 1832 1833 1834
f 1834 1835 1832
f 1786 1836 1787
f 1787 1836 1837
f 1787 1837 1820
f 1820 1837 1838
f 1820 1838 1821
f 1821 1838 1839
f 1821 1839 1822
f 1822 1839 1840
f 1822 1840 1825
f 1825 1840 1841
f 1825 1841 1829
f 1829 1841 1842
f 1829 1842 1831
f 1831 1842 1843
f 1831 1843 1833
f 1786 1784 1836
f 1836 1784 1844
f 1844 1784 1783
f 1844 1783 1845
f 1845 1783 1846
f 1846 1783 1781
f 1846 1781 1847
f 1847 1781 1779
f 1847 1779 1848
f 1848 1779 1849
f 1849 1779 1777
f 1849 1777 1850
f 519 518 754
f 754 518 1851
f 754 1851 702
f 702 1851 1852
f 702 1852 701
f 701 1852 1853
f 701 1853 755
f 755 1853 1854
f 1855 1856 1857
f 1857 1856 1858
f 1857 1858 1859
f 1859 1858 1860
f 1859 1860 1861
f 1861 1860 1862
f 1861 1862 1863
f 1863 1862 1864
f 1864 1862 1865
f 1864 1865 1866
f 1866 1865 1867
f 1866 1867 1868
f 1868 1867 1869
f 1868 1869 1870
f 1870 1869 1871
f 1870 1871 1872
f 1872 1871 1873
f 1872 1873 1874
f 1874 1873 1875
f 1874 1875 1876
f 1876 1875 1877
f 1876 1877 1878
f 1878 1877 1879
f 1879 1877 1880
f 1879 1880 1881
f 1881 1880 1882
f 1881 1882 1883
f 1883 1882 1884
f 1883 1884 1885
f 1885 1884 1886
f 1885 1886 1887
f 1887 1886 1888
f 1887 1888 1889
f 1889 1888 1890
f 1889 1890 1853
f 1853 1890 1854
f 1858 1856 1891
f 1891 1856 1892
f 1891 1892 1893
f 1894 1895 1893
f 1893 1895 1896
f 1893 1896 1897
f 1897 1896 1898
f 1897 1898 1899
f 1899 1898 1900
f 1899 1900 1862
f 1862 1900 1865
f 1895 1901 1896
f 1896 1901 1902
f 1896 1902 1898
f 1898 1902 1903
f 1898 1903 1900
f 1900 1903 1904
f 1900 1904 1865
f 1865 1904 1867
f 1901 1905 1902
f 1902 1905 1906
f 1902 1906 1907
f 1907 1906 1908
f 1907 1908 1909
f 1909 1908 1910
f 1909 1910 1911
f 1911 1910 1912
f 1911 1912 1913
f 1913 1912 1914
f 1913 1914 1915
f 1915 1914 1916
f 1915 1916 1873
f 1873 1916 1875
f 1910 1917 1912
f 1912 1917 1918
f 1912 1918 1914
f 1914 1918 1919
f 1914 1919 1916
f 1916 1919 1920
f 1916 1920 1875
f 1875 1920 1877
f 1917 1921 1918
f 1918 1921 1922
f 1918 1922 1919
f 1919 1922 1923
f 1919 1923 1920
f 1920 1923 1924
f 1920 1924 1877
f 1877 1924 1880
f 1921 1925 1922
f 1922 1925 1926
f 1922 1926 1923
f 1923 1926 1927
f 1923 1927 1924
f 1924 1927 1928
f 1924 1928 1880
f 1880 1928 1882
f 1925 1929 1926
f 1926 1929 1930
f 1926 1930 1927
f 1927 1930 1931
f 1927 1931 1928
f 1928 1931 1884
f 1928 1884 1882
f 1929 1932 1930
f 1930 1932 1933
f 1930 1933 1931
f 1931 1933 1886
f 1931 1886 1884
f 1932 1934 1933
f 1933 1934 1888
f 1933 1888 1886
f 1934 1890 1888
f 1853 1852 1889
f 1889 1852 1887
f 1887 1852 1885
f 1885 1852 1851
f 1885 1851 518
f 1885 518 1883
f 1883 518 1935
f 1883 1935 1881
f 1903 1902 1907
f 1891 1893 1897
f 1860 1858 1891
f 1860 1891 1899
f 1899 1891 1897
f 1862 1860 1899
f 1903 1907 1936
f 1936 1907 1909
f 1936 1909 1937
f 1937 1909 1911
f 1937 1911 1913
f 1903 1936 1904
f 1904 1936 1938
f 1904 1938 1867
f 1867 1938 1869
f 1938 1936 1937
f 1938 1937 1939
f 1939 1937 1913
f 1939 1913 1915
f 1871 1869 1939
f 1939 1869 1938
f 1871 1939 1915
f 1873 1871 1915
f 1890 1940 1854
f 1854 1940 1441
f 1854 1441 755
f 755 1441 1401
f 755 1401 756
f 756 1401 1400
f 756 1400 757
f 757 1400 758
f 758 1400 1439
f 758 1439 759
f 759 1439 1437
f 759 1437 760
f 760 1437 1435
f 760 1435 761
f 761 1435 1433
f 761 1433 762
f 762 1433 1431
f 762 1431 763
f 763 1431 1429
f 763 1429 764
f 764 1429 1427
f 764 1427 1425
f 1940 1890 1941
f 1941 1890 1934
f 1941 1934 1942
f 1942 1934 1932
f 1942 1932 1943
f 1943 1932 1929
f 1943 1929 1944
f 1944 1929 1925
f 1944 1925 1945
f 1945 1925 1921
f 1945 1921 1946
f 1946 1921 1917
f 1946 1917 1947
f 1947 1917 1948
f 1948 1917 1910
f 1948 1910 1949
f 1949 1910 1908
f 1949 1908 1950
f 1950 1908 1906
f 1950 1906 1951
f 1951 1906 1905
f 1951 1905 1952
f 1952 1905 1901
f 1952 1901 1953
f 1953 1901 1895
f 1953 1895 1894
f 1953 1894 1954
f 1954 1894 1955
f 1954 1955 1956
f 1956 1955 1957
f 1957 1955 1958
f 1957 1958 1959
f 1940 1960 1441
f 1441 1960 1454
f 1454 1960 1961
f 1454 1961 1962
f 1962 1455 1454
f 764 1425 765
f 765 1425 1423
f 765 1423 766
f 766 1423 1422
f 766 1422 767
f 767 1422 1348
f 767 1348 768
f 768 1348 666
f 666 1348 1347
f 666 1347 667
f 667 1347 774
f 774 1347 1367
f 774 1367 796
f 796 1367 1366
f 796 1366 957
f 953 797 957
f 957 797 796
f 1855 1857 1963
f 1963 1857 1964
f 1963 1964 1965
f 1964 1857 1966
f 1966 1857 472
f 1966 472 1967
f 1967 472 1968
f 1968 472 1817
f 1968 1817 1818
f 1969 1970 1965
f 1965 1970 1971
f 1965 1971 1963
f 1971 1970 1972
f 1972 1970 1973
f 1972 1973 1974
f 1975 1976 1974
f 1974 1976 1972
f 1963 1971 1855
f 1855 1971 1977
f 1855 1977 1856
f 1856 1977 1978
f 1856 1978 1979
f 1979 1978 1980
f 1979 1980 1981
f 1971 1972 1977
f 1977 1972 1980
f 1977 1980 1978
f 1979 1981 1982
f 1982 1981 1958
f 1982 1958 1983
f 1983 1958 1955
f 1983 1955 1894
f 1894 1893 1983
f 1983 1893 1892
f 1983 1892 1982
f 1982 1892 1856
f 1982 1856 1979
f 1973 1970 1984
f 1984 1970 1985
f 1984 1985 1986
f 1986 1985 1987
f 1986 1987 1988
f 1988 1987 1989
f 1988 1989 1990
f 1990 1989 1991
f 1990 1991 1992
f 1992 1991 1993
f 1992 1993 1994
f 1994 1993 1995
f 1994 1995 1996
f 1996 1995 1997
f 1996 1997 1998
f 1998 1997 1999
f 1998 1999 1980
f 1980 1999 1981
f 1981 1999 2000
f 1981 2000 2001
f 2001 2000 2002
f 2001 2002 2003
f 2003 2002 2004
f 2003 2004 2005
f 2005 2004 2006
f 2005 2006 2007
f 2007 2006 2008
f 2008 2006 2009
f 2008 2009 2010
f 2010 2009 2011
f 2010 2011 1846
f 1846 2011 2012
f 2012 2011 2013
f 2012 2013 2014
f 2014 2013 2015
f 2014 2015 2016
f 2016 2015 2017
f 2016 2017 1991
f 1991 2017 1993
f 1987 2014 1989
f 1989 2014 2016
f 1989 2016 1991
f 2018 2019 2007
f 2007 2019 2020
f 2007 2020 2005
f 2005 2020 2003
f 1958 1981 2018
f 2018 1981 2019
f 1972 2021 1980
f 1980 2021 2022
f 1980 2022 1998
f 1998 2022 1996
f 1972 1976 2021
f 2021 1976 1975
f 2021 1975 2023
f 2023 1975 1974
f 2023 1974 2024
f 2024 1974 2025
f 2024 2025 2026
f 2026 2025 2027
f 2026 2027 1990
f 1990 2027 1988
f 2025 1974 2028
f 2028 1974 1973
f 2028 1973 1984
f 2013 2011 2029
f 2029 2011 2009
f 2029 2009 2030
f 2030 2009 2006
f 2030 2006 2004
f 2015 2013 2031
f 2031 2013 2029
f 2031 2029 2032
f 2032 2029 2030
f 2032 2030 2033
f 2033 2030 2004
f 2033 2004 2002
f 2028 1984 1986
f 2028 1986 2027
f 2027 1986 1988
f 2015 2031 2017
f 2017 2031 2034
f 2017 2034 1993
f 1993 2034 1995
f 2034 2031 2032
f 2026 1990 1992
f 2025 2028 2027
f 2034 2032 2035
f 2035 2032 2033
f 2035 2033 2036
f 2036 2033 2002
f 2036 2002 2000
f 2026 1992 2037
f 2037 1992 1994
f 2037 1994 2038
f 2038 1994 1996
f 2038 1996 2022
f 2003 2020 2039
f 2039 2020 2019
f 2039 2019 1981
f 1981 2001 2039
f 2039 2001 2003
f 2000 1999 2036
f 2036 1999 1997
f 2036 1997 2035
f 2035 1997 1995
f 2035 1995 2034
f 2022 2021 2038
f 2038 2021 2023
f 2038 2023 2037
f 2037 2023 2024
f 2037 2024 2026
f 1844 1845 2040
f 2040 1845 2041
f 2041 1845 2042
f 2041 2042 2043
f 2043 2042 2012
f 2043 2012 2014
f 1845 1846 2042
f 2042 1846 2012
f 1987 2044 2014
f 2014 2044 2045
f 2014 2045 2043
f 2043 2045 2046
f 2043 2046 2041
f 1985 2047 1987
f 1987 2047 2048
f 1987 2048 2044
f 2044 2048 2049
f 2044 2049 2045
f 2045 2049 2046
f 2047 1985 2050
f 2050 1985 1970
f 2050 1970 1969
f 1969 2051 2050
f 2050 2051 2052
f 2050 2052 2047
f 2047 2052 2053
f 2047 2053 2048
f 2048 2053 2049
f 2052 2054 2053
f 2053 2054 2055
f 2053 2055 2056
f 2056 2055 2057
f 2056 2057 2058
f 2058 2057 1837
f 2058 1837 1836
f 2055 2054 2059
f 2059 2054 2060
f 2059 2060 2061
f 2061 2060 2062
f 2061 2062 2063
f 2063 2062 2064
f 2063 2064 2065
f 2065 2064 2066
f 2065 2066 2067
f 2067 2066 2068
f 2067 2068 2069
f 2067 2069 2070
f 2070 2069 2071
f 2070 2071 1842
f 1842 2071 1843
f 2070 1842 2072
f 2072 1842 1841
f 2072 1841 2073
f 2073 1841 1840
f 2073 1840 2074
f 2074 1840 1839
f 2074 1839 2075
f 2075 1839 1838
f 2075 1838 2057
f 2057 1838 1837
f 1844 2040 1836
f 1836 2040 2041
f 1836 2041 2058
f 2058 2041 2046
f 2058 2046 2049
f 2058 2049 2056
f 2056 2049 2053
f 2075 2057 2055
f 2074 2075 2059
f 2059 2075 2055
f 2073 2074 2061
f 2061 2074 2059
f 2072 2073 2063
f 2063 2073 2061
f 2070 2072 2065
f 2065 2072 2063
f 2067 2070 2065
f 2068 2076 2069
f 2069 2076 2077
f 2069 2077 2071
f 2071 2077 2078
f 2071 2078 1843
f 1843 2078 2079
f 2080 2081 2082
f 2082 2081 2083
f 2082 2083 2084
f 2082 2084 2085
f 2085 2084 2086
f 2085 2086 2087
f 2085 2087 2088
f 2088 2087 2089
f 2088 2089 2090
f 2090 2089 2091
f 2090 2091 2092
f 2092 2091 2093
f 2092 2093 2078
f 2078 2093 2079
f 2078 2077 2092
f 2092 2077 2094
f 2092 2094 2090
f 2090 2094 2095
f 2090 2095 2088
f 2088 2095 2096
f 2088 2096 2085
f 2085 2096 2082
f 2077 2076 2094
f 2094 2076 2097
f 2094 2097 2095
f 2095 2097 2098
f 2095 2098 2096
f 2096 2098 2080
f 2096 2080 2082
f 2099 1965 2100
f 2100 1965 1964
f 2100 1964 2101
f 2101 1964 2102
f 2101 2102 2103
f 2103 2102 2104
f 2103 2104 2105
f 2105 2104 2106
f 2105 2106 2107
f 2107 2106 2108
f 2107 2108 2109
f 2109 2108 1968
f 1968 2108 1967
f 1967 2108 2106
f 1967 2106 1966
f 1966 2106 2104
f 1966 2104 2102
f 1964 1966 2102
f 2107 2109 2110
f 2110 2109 2111
f 2110 2111 2112
f 2112 2111 2113
f 2112 2113 2114
f 2114 2113 2115
f 2114 2115 2116
f 2116 2115 2084
f 2116 2084 2083
f 2111 2117 2113
f 2113 2117 2118
f 2113 2118 2115
f 2115 2118 2084
f 2117 2086 2118
f 2118 2086 2084
f 2081 2119 2083
f 2083 2119 2120
f 2083 2120 2116
f 2116 2120 2121
f 2116 2121 2114
f 2114 2121 2122
f 2114 2122 2112
f 2112 2122 2110
f 2081 2099 2119
f 2119 2099 2100
f 2119 2100 2101
f 2122 2121 2103
f 2103 2121 2101
f 2119 2101 2120
f 2120 2101 2121
f 2110 2122 2105
f 2105 2122 2103
f 2110 2105 2107
f 2018 2123 1958
f 1958 2123 2124
f 1958 2124 2125
f 2125 2124 2126
f 2125 2126 2127
f 2127 2126 2128
f 2127 2128 2129
f 2129 2128 2130
f 2129 2130 2131
f 2131 2130 2132
f 2131 2132 2133
f 2133 2132 1847
f 2133 1847 1848
f 2123 2018 2134
f 2134 2018 2007
f 2134 2007 2135
f 2135 2007 2008
f 2135 2008 2136
f 2136 2008 2010
f 2136 2010 2137
f 2137 2010 1846
f 2137 1846 1847
f 1849 2138 1848
f 1848 2138 2139
f 1848 2139 2133
f 2133 2139 2140
f 2133 2140 2131
f 2131 2140 2141
f 2131 2141 2129
f 2129 2141 2142
f 2129 2142 2127
f 2127 2142 2143
f 2127 2143 2125
f 2125 2143 1958
f 2138 1849 2144
f 2144 1849 1850
f 2144 1850 2145
f 2146 2147 2145
f 2145 2147 2148
f 2145 2148 2144
f 2144 2148 2138
f 1957 2149 2146
f 2146 2149 2150
f 2146 2150 2147
f 2147 2150 2151
f 2147 2151 2152
f 2152 2151 2140
f 2152 2140 2139
f 1957 1959 2149
f 2149 1959 2153
f 2149 2153 2154
f 2154 2153 2142
f 2154 2142 2141
f 2153 1959 2143
f 2143 1959 1958
f 2132 2130 2137
f 2137 2130 2136
f 2130 2128 2136
f 2136 2128 2135
f 2124 2123 2134
f 2128 2126 2135
f 2135 2126 2134
f 2126 2124 2134
f 1847 2132 2137
f 2139 2138 2152
f 2152 2138 2148
f 2152 2148 2147
f 2141 2140 2151
f 2141 2151 2154
f 2154 2151 2150
f 2154 2150 2149
f 2143 2142 2153
f 1843 2079 1833
f 1833 2079 1834
f 2079 2093 1834
f 1834 2093 1835
f 1835 2093 2091
f 1835 2091 1832
f 1832 2091 2089
f 1832 2089 1830
f 1830 2089 2087
f 1830 2087 1828
f 1828 2087 2086
f 1828 2086 1826
f 2117 2155 2086
f 2086 2155 2156
f 2086 2156 2157
f 2157 2156 2158
f 2157 2158 2159
f 2159 2158 2160
f 2159 2160 2161
f 2161 2160 2162
f 2161 2162 2163
f 2163 2162 2164
f 2163 2164 2165
f 2165 2164 1819
f 2165 1819 1824
f 2155 2117 2166
f 2166 2117 2111
f 2166 2111 2167
f 2167 2111 2168
f 2167 2168 2160
f 2160 2168 2162
f 2111 2109 2168
f 2168 2109 2169
f 2168 2169 2162
f 2162 2169 2164
f 2109 1968 2169
f 2169 1968 1819
f 2169 1819 2164
f 1968 1818 1819
f 2165 1824 2163
f 2163 1824 1823
f 2163 1823 2161
f 2161 1823 2159
f 1823 1827 2159
f 2159 1827 2157
f 1827 1826 2157
f 2157 1826 2086
f 2156 2155 2166
f 2160 2158 2167
f 2167 2158 2166
f 2158 2156 2166
f 2170 2171 2172
f 2172 2171 2173
f 2172 2173 2174
f 2174 2173 2175
f 2174 2175 2176
f 2176 2175 2177
f 2176 2177 2178
f 2173 2171 2179
f 2179 2171 2180
f 2179 2180 2181
f 2181 2180 2182
f 2181 2182 2183
f 2183 2182 2184
f 2183 2184 2185
f 2185 2184 2186
f 2185 2186 2187
f 2187 2186 2188
f 2187 2188 2189
f 2186 2190 2188
f 2187 2189 2191
f 2191 2189 2192
f 2191 2192 2193
f 2193 2192 2194
f 2191 2193 2195
f 2195 2193 2196
f 2195 2196 2197
f 2197 2196 2198
f 2197 2198 2199
f 2199 2198 2200
f 2199 2200 2201
f 2201 2200 2202
f 2201 2202 2175
f 2175 2202 2177
f 2203 2204 2178
f 2178 2204 2205
f 2178 2205 2176
f 2176 2205 2206
f 2176 2206 2207
f 2176 2207 2174
f 2174 2207 2172
f 2201 2175 2173
f 2199 2201 2179
f 2179 2201 2173
f 2197 2199 2181
f 2181 2199 2179
f 2195 2197 2183
f 2183 2197 2181
f 2191 2195 2185
f 2185 2195 2183
f 2187 2191 2185
f 2190 2208 2188
f 2188 2208 2209
f 2188 2209 2210
f 2188 2210 2189
f 2189 2210 2211
f 2189 2211 2192
f 2192 2211 2194
f 2194 2211 2212
f 2213 2214 2215
f 2215 2214 2216
f 2215 2216 2217
f 2217 2216 2218
f 2217 2218 2219
f 2219 2218 2220
f 2219 2220 2221
f 2214 2222 2216
f 2216 2222 2218
f 2222 2223 2218
f 2218 2223 2220
f 2223 2224 2220
f 2219 2221 2225
f 2225 2221 2226
f 2225 2226 2227
f 2227 2226 2228
f 2227 2228 2211
f 2211 2228 2212
f 2211 2210 2227
f 2227 2210 2229
f 2227 2229 2225
f 2225 2229 2230
f 2225 2230 2219
f 2219 2230 2217
f 2210 2209 2229
f 2229 2209 2231
f 2229 2231 2230
f 2230 2231 2232
f 2230 2232 2217
f 2217 2232 2215
f 2209 2208 2231
f 1790 2233 1789
f 1789 2233 2234
f 1789 2234 2235
f 2235 2234 2236
f 2235 2236 2213
f 2213 2236 2214
f 2214 2236 2237
f 2214 2237 2222
f 2222 2237 2238
f 2222 2238 2239
f 2239 2238 2240
f 2239 2240 2241
f 2241 2240 2242
f 2241 2242 2243
f 2243 2242 2244
f 2243 2244 2245
f 2245 2244 2246
f 2245 2246 2247
f 2247 2246 2248
f 2247 2248 2249
f 2249 2248 1792
f 2249 1792 1793
f 2233 1790 2250
f 2250 1790 1792
f 2250 1792 2248
f 2249 1793 2251
f 2251 1793 1794
f 2251 1794 2252
f 2251 2252 2245
f 2245 2252 2243
f 2243 2253 2241
f 2241 2253 2254
f 2241 2254 2239
f 2239 2254 2223
f 2239 2223 2222
f 2253 2224 2254
f 2254 2224 2223
f 2240 2255 2256
f 2256 2255 2257
f 2256 2257 2246
f 2246 2257 2248
f 2255 2258 2257
f 2257 2258 2259
f 2257 2259 2248
f 2248 2259 2250
f 2240 2238 2255
f 2255 2238 2237
f 2255 2237 2258
f 2258 2237 2236
f 2258 2236 2234
f 2258 2234 2259
f 2259 2234 2233
f 2259 2233 2250
f 2244 2242 2256
f 2256 2242 2240
f 2244 2256 2246
f 2251 2245 2247
f 2247 2249 2251
f 1710 2260 1711
f 1711 2260 2261
f 1711 2261 2262
f 2262 2261 2263
f 2262 2263 2264
f 2264 2263 2265
f 2264 2265 2266
f 2266 2265 2207
f 2266 2207 2206
f 1710 1708 2260
f 2260 1708 2267
f 2260 2267 2261
f 2261 2267 2263
f 2267 1708 2268
f 2268 1708 1706
f 2268 1706 2269
f 2269 1706 1705
f 2269 1705 2270
f 2270 1705 1703
f 2270 1703 2271
f 2271 1703 1701
f 2271 1701 2272
f 2272 1701 1788
f 2170 2273 2272
f 2272 2273 2274
f 2272 2274 2275
f 2275 2274 2273
f 2275 2273 2276
f 2276 2273 2277
f 2276 2277 2278
f 2278 2277 2172
f 2278 2172 2207
f 2273 2170 2277
f 2277 2170 2172
f 2205 2262 2206
f 2206 2262 2264
f 2206 2264 2266
f 2262 2205 1711
f 1711 2205 2204
f 1711 2204 2203
f 2271 2272 2275
f 2275 2276 2271
f 2271 2276 2270
f 2276 2278 2270
f 2270 2278 2269
f 2263 2267 2268
f 2268 2269 2265
f 2265 2269 2278
f 2265 2278 2207
f 2265 2263 2268
f 2279 2224 2280
f 2280 2224 2253
f 2280 2253 2281
f 2281 2253 2243
f 2281 2243 2282
f 2282 2243 2283
f 2282 2283 2284
f 2284 2283 2285
f 2284 2285 2286
f 2286 2285 2287
f 2286 2287 2288
f 2288 2287 2289
f 2289 2287 2290
f 2289 2290 1795
f 1795 2290 2291
f 1795 2291 2292
f 2292 2291 2285
f 2292 2285 2283
f 2243 2252 2283
f 2283 2252 2292
f 2252 1794 2292
f 2292 1794 1795
f 2286 2288 2293
f 2293 2288 2294
f 2293 2294 2295
f 2295 2294 2279
f 2295 2279 2296
f 2296 2279 2280
f 2296 2280 2281
f 2281 2282 2297
f 2297 2282 2284
f 2297 2284 2293
f 2293 2284 2286
f 2297 2293 2295
f 2291 2290 2287
f 2291 2287 2285
f 2295 2296 2297
f 2297 2296 2281
f 1789 2235 1788
f 1788 2235 2213
f 1788 2213 2180
f 2180 2213 2182
f 2182 2213 2184
f 2184 2213 2186
f 2186 2213 2190
f 2190 2213 2215
f 2190 2215 2208
f 2208 2215 2232
f 2208 2232 2231
f 2180 2171 1788
f 1788 2171 2272
f 2272 2171 2170
f 1147 2298 1148
f 1148 2298 2299
f 1148 2299 1150
f 1150 2299 2300
f 1150 2300 1152
f 1152 2300 2301
f 1152 2301 1156
f 1156 2301 2302
f 2303 2304 2305
f 2305 2304 2306
f 2305 2306 2307
f 2307 2306 2308
f 2307 2308 2309
f 2309 2308 2310
f 2310 2308 2311
f 2310 2311 2312
f 2312 2311 2313
f 2312 2313 2314
f 2314 2313 2315
f 2314 2315 2316
f 2316 2315 2317
f 2316 2317 2318
f 2318 2317 2319
f 2318 2319 2320
f 2320 2319 2321
f 2320 2321 2322
f 2322 2321 2323
f 2322 2323 2324
f 2324 2323 2325
f 2324 2325 2326
f 2326 2325 2327
f 2326 2327 2328
f 2328 2327 2329
f 2328 2329 2298
f 2298 2329 2299
f 2299 2329 2330
f 2299 2330 2300
f 2300 2330 2331
f 2300 2331 2332
f 2332 2331 2333
f 2332 2333 2334
f 2334 2333 2335
f 2335 2333 2336
f 2335 2336 2337
f 2337 2336 2338
f 2337 2338 2339
f 2339 2338 2340
f 2340 2338 2341
f 2340 2341 2342
f 2342 2341 2343
f 2342 2343 2344
f 2344 2343 2345
f 2344 2345 2346
f 2346 2345 2347
f 2346 2347 2348
f 2348 2347 2349
f 2348 2349 2350
f 2350 2349 2351
f 2351 2349 2352
f 2351 2352 2353
f 2353 2352 2354
f 2353 2354 2355
f 2355 2354 2356
f 2356 2354 2357
f 2356 2357 1796
f 1796 2357 2358
f 2358 2357 2359
f 2358 2359 2360
f 2360 2359 2361
f 2360 2361 2308
f 2308 2361 2311
f 2306 2304 2360
f 2360 2304 2358
f 2302 2301 2334
f 2334 2301 2332
f 2301 2300 2332
f 2359 2357 2362
f 2362 2357 2354
f 2362 2354 2352
f 2308 2306 2360
f 2359 2362 2361
f 2361 2362 2363
f 2361 2363 2311
f 2311 2363 2364
f 2311 2364 2313
f 2313 2364 2315
f 2363 2362 2365
f 2365 2362 2352
f 2365 2352 2349
f 2363 2365 2366
f 2366 2365 2349
f 2366 2349 2367
f 2367 2349 2347
f 2367 2347 2368
f 2368 2347 2345
f 2368 2345 2369
f 2369 2345 2343
f 2369 2343 2370
f 2370 2343 2341
f 2370 2341 2371
f 2371 2341 2338
f 2371 2338 2372
f 2372 2338 2336
f 2372 2336 2373
f 2373 2336 2333
f 2373 2333 2331
f 2363 2366 2364
f 2364 2366 2374
f 2364 2374 2315
f 2315 2374 2317
f 2374 2366 2367
f 2374 2367 2375
f 2375 2367 2368
f 2375 2368 2376
f 2376 2368 2369
f 2376 2369 2377
f 2377 2369 2370
f 2377 2370 2378
f 2378 2370 2371
f 2378 2371 2379
f 2379 2371 2372
f 2379 2372 2380
f 2380 2372 2373
f 2380 2373 2330
f 2330 2373 2331
f 2319 2317 2375
f 2375 2317 2374
f 2319 2375 2376
f 2321 2319 2376
f 2321 2376 2377
f 2323 2321 2377
f 2323 2377 2378
f 2325 2323 2378
f 2325 2378 2379
f 2327 2325 2379
f 2327 2379 2380
f 2329 2327 2380
f 2329 2380 2330
f 2381 2382 2383
f 2383 2382 2384
f 2383 2384 2385
f 2385 2384 2386
f 2385 2386 2387
f 2387 2386 2388
f 2387 2388 2389
f 2389 2388 2390
f 2389 2390 2304
f 2304 2390 2358
f 2358 2390 2391
f 2358 2391 2392
f 2392 2391 2393
f 2392 2393 1801
f 1801 2393 1803
f 1803 2393 2394
f 1803 2394 1804
f 1804 2394 1806
f 1806 2394 2395
f 2395 2394 2396
f 2395 2396 2386
f 2386 2396 2388
f 2384 2395 2386
f 1801 1796 2392
f 2392 1796 2358
f 2389 2304 2397
f 2397 2304 2303
f 2397 2303 2398
f 2397 2398 2399
f 2399 2398 2400
f 2399 2400 2383
f 2383 2400 2381
f 2396 2394 2401
f 2401 2394 2393
f 2401 2393 2391
f 2399 2383 2385
f 2399 2385 2387
f 2390 2388 2401
f 2401 2388 2396
f 2390 2401 2391
f 2397 2399 2387
f 2397 2387 2389
f 1810 1806 2402
f 2402 1806 2395
f 2402 2395 2403
f 2403 2395 2404
f 2403 2404 2405
f 2405 2404 2406
f 2405 2406 2407
f 2407 2406 2408
f 2407 2408 2409
f 2409 2408 2410
f 2409 2410 2411
f 2411 2410 2412
f 2411 2412 2413
f 2413 2412 2414
f 2414 2412 2415
f 2414 2415 2416
f 2416 2415 2417
f 2416 2417 2418
f 2418 2417 2419
f 2418 2419 2420
f 2420 2419 2421
f 2420 2421 2422
f 2422 2421 2423
f 2423 2421 2424
f 2423 2424 2425
f 2425 2424 2426
f 2425 2426 2427
f 2427 2426 2428
f 2427 2428 2429
f 2429 2428 2430
f 2429 2430 2431
f 2431 2430 2406
f 2431 2406 2404
f 2404 2395 2431
f 2431 2395 2384
f 2431 2384 2429
f 2429 2384 2427
f 2384 2382 2427
f 2427 2382 2425
f 2382 2432 2425
f 2425 2432 2423
f 2422 2433 2420
f 2420 2433 2434
f 2420 2434 2418
f 2418 2434 2435
f 2418 2435 2416
f 2433 2436 2434
f 2434 2436 2435
f 2411 2413 2437
f 2437 2413 1807
f 2437 1807 1808
f 2437 1808 2438
f 2438 1808 1809
f 2438 1809 2439
f 2439 1809 1811
f 2439 1811 2440
f 2440 1811 2402
f 2440 2402 2403
f 1811 1810 2402
f 2440 2403 2405
f 2426 2424 2441
f 2441 2424 2421
f 2441 2421 2419
f 2428 2426 2442
f 2442 2426 2441
f 2442 2441 2443
f 2443 2441 2419
f 2443 2419 2417
f 2408 2406 2430
f 2430 2428 2444
f 2444 2428 2442
f 2444 2442 2445
f 2445 2442 2443
f 2445 2443 2415
f 2415 2443 2417
f 2439 2440 2405
f 2439 2405 2407
f 2445 2410 2444
f 2444 2410 2408
f 2444 2408 2430
f 2415 2412 2445
f 2445 2412 2410
f 2439 2407 2438
f 2438 2407 2409
f 2438 2409 2437
f 2437 2409 2411
f 1805 1807 2446
f 2446 1807 2413
f 2446 2413 2447
f 2447 2413 2414
f 2447 2414 2448
f 2448 2414 2449
f 2449 2414 2416
f 2449 2416 2450
f 2450 2416 2451
f 2450 2451 2452
f 2452 2451 2453
f 2452 2453 2450
f 2450 2453 2449
f 2416 2435 2451
f 2451 2435 2454
f 2451 2454 2453
f 2453 2454 2455
f 2453 2455 2456
f 2456 2455 2457
f 2456 2457 2453
f 2435 2436 2454
f 2454 2436 2457
f 2454 2457 2455
f 2458 2459 2436
f 2436 2459 2457
f 2458 2460 2459
f 2459 2460 2457
f 2457 2460 2461
f 2457 2461 2453
f 2453 2461 2462
f 2453 2462 2449
f 2449 2462 2448
f 2448 2462 2463
f 2448 2463 2464
f 2464 2463 2465
f 2464 2465 2466
f 2466 2465 2467
f 2466 2467 2468
f 2468 2467 2469
f 2468 2469 2470
f 2470 2469 2471
f 2470 2471 2472
f 2472 2471 2473
f 2472 2473 2474
f 2474 2473 2475
f 2475 2473 2476
f 2475 2476 2477
f 2477 2476 2478
f 2477 2478 2479
f 2460 2480 2461
f 2461 2480 2481
f 2461 2481 2462
f 2462 2481 2463
f 2481 2480 2482
f 2482 2480 2483
f 2482 2483 2484
f 2484 2483 2485
f 2484 2485 2486
f 2486 2485 2487
f 2486 2487 2488
f 2488 2487 2489
f 2488 2489 2476
f 2476 2489 2478
f 2464 2447 2448
f 2465 2463 2481
f 2465 2481 2482
f 2467 2465 2482
f 2467 2482 2484
f 2469 2467 2484
f 2469 2484 2486
f 2471 2469 2486
f 2471 2486 2488
f 2473 2471 2488
f 2473 2488 2476
f 2479 2490 2477
f 2477 2490 2491
f 2477 2491 2475
f 2475 2491 2492
f 2475 2492 2474
f 2474 2492 2493
f 2279 2494 2495
f 2495 2494 2496
f 2495 2496 2497
f 2497 2496 2498
f 2497 2498 2499
f 2499 2498 2500
f 2499 2500 2501
f 2501 2500 2502
f 2501 2502 2490
f 2490 2502 2491
f 2491 2502 2503
f 2491 2503 2492
f 2492 2503 2493
f 2493 2503 2504
f 2504 2503 2505
f 2504 2505 2506
f 2506 2505 2507
f 2506 2507 2508
f 2508 2507 2509
f 2508 2509 2510
f 2510 2509 2511
f 2511 2509 2496
f 2511 2496 2494
f 2498 2496 2509
f 2500 2498 2507
f 2507 2498 2509
f 2502 2500 2505
f 2505 2500 2507
f 2503 2502 2505
f 1795 1797 2289
f 2289 1797 2512
f 2289 2512 2513
f 2513 2512 1798
f 2513 1798 2514
f 2514 1798 1799
f 2514 1799 2515
f 2515 1799 2516
f 2515 2516 2517
f 2517 2516 2518
f 2517 2518 2519
f 2519 2518 2520
f 2519 2520 2494
f 2494 2520 2511
f 2511 2520 2521
f 2511 2521 2522
f 2522 2521 2523
f 2522 2523 2524
f 2524 2523 1802
f 1802 2523 2525
f 1802 2525 1800
f 1800 2525 2516
f 1800 2516 1799
f 1797 1798 2512
f 2524 2510 2522
f 2522 2510 2511
f 2519 2494 2526
f 2526 2494 2279
f 2526 2279 2294
f 2526 2294 2527
f 2527 2294 2288
f 2527 2288 2528
f 2528 2288 2513
f 2528 2513 2514
f 2288 2289 2513
f 2518 2516 2525
f 2527 2528 2515
f 2515 2528 2514
f 2527 2515 2517
f 2518 2525 2529
f 2529 2525 2523
f 2529 2523 2521
f 2520 2518 2529
f 2520 2529 2521
f 2526 2527 2517
f 2526 2517 2519
f 23 162 25
f 25 162 26
f 26 162 28
f 28 162 30
f 30 162 32
f 32 162 443
f 32 443 34
f 34 443 36
f 36 443 38
f 38 443 40
f 40 443 42
f 443 162 445
f 445 162 236
f 445 236 447
f 447 236 237
f 447 237 2302
f 2302 237 1156
f 2302 2334 447
f 447 2334 446
f 446 2334 2335
f 446 2335 448
f 448 2335 2337
f 448 2337 494
f 494 2337 2339
f 494 2339 2340
f 494 2340 492
f 492 2340 2342
f 492 2342 490
f 490 2342 2344
f 490 2344 2346
f 490 2346 488
f 488 2346 2348
f 488 2348 2350
f 488 2350 486
f 486 2350 2351
f 486 2351 2353
f 486 2353 484
f 484 2353 2355
f 484 2355 2356
f 1796 483 2356
f 2356 483 484
f 2447 2464 2446
f 2446 2464 1805
f 1805 2464 2466
f 1805 2466 2510
f 2510 2466 2468
f 2510 2468 2470
f 2470 2472 2510
f 2510 2472 2474
f 2510 2474 2508
f 2508 2474 2493
f 2508 2493 2506
f 2506 2493 2504
f 2510 2524 1805
f 1805 2524 1802
f 2530 2531 2532
f 2532 2531 2533
f 2532 2533 2534
f 2534 2533 2535
f 2534 2535 2536
f 2536 2535 2537
f 2536 2537 2538
f 2538 2537 2539
f 2538 2539 2540
f 2540 2539 2541
f 2540 2541 2542
f 2542 2541 2543
f 2542 2543 2146
f 2146 2543 1957
f 1957 2543 1956
f 1956 2543 1954
f 1954 2543 2541
f 1954 2541 1953
f 1953 2541 2539
f 1953 2539 1952
f 1952 2539 2537
f 2542 2146 2544
f 2544 2146 2145
f 2544 2145 2545
f 2545 2145 2546
f 2545 2546 2547
f 2547 2546 2548
f 2547 2548 2534
f 2534 2548 2532
f 2145 1850 2546
f 2546 1850 2549
f 2546 2549 2550
f 2546 2550 2548
f 2548 2550 2530
f 2548 2530 2532
f 2547 2534 2536
f 2536 2538 2551
f 2551 2538 2540
f 2551 2540 2544
f 2544 2540 2542
f 2545 2547 2551
f 2551 2547 2536
f 2545 2551 2544
f 1951 1952 2552
f 2552 1952 2537
f 2552 2537 2553
f 2553 2537 2535
f 2553 2535 2554
f 2554 2535 2555
f 2554 2555 2556
f 2556 2555 2557
f 2556 2557 2558
f 2558 2557 2559
f 2558 2559 2560
f 2560 2559 2561
f 2560 2561 2562
f 2562 2561 2563
f 2562 2563 2564
f 2564 2563 2565
f 2564 2565 2566
f 2566 2565 2567
f 2566 2567 2568
f 2568 2567 2569
f 2568 2569 2570
f 2570 2569 2571
f 2570 2571 2572
f 2572 2571 2573
f 2572 2573 2574
f 2574 2573 2575
f 2574 2575 2576
f 2576 2575 2577
f 2576 2577 2578
f 2578 2577 2579
f 2578 2579 2580
f 2580 2579 2581
f 2580 2581 2582
f 2582 2581 2583
f 2582 2583 2584
f 2584 2583 2585
f 2585 2583 2586
f 2586 2583 2587
f 2586 2587 2588
f 2588 2587 2579
f 2588 2579 2577
f 2535 2533 2555
f 2555 2533 2589
f 2555 2589 2557
f 2557 2589 2590
f 2557 2590 2559
f 2559 2590 2591
f 2559 2591 2561
f 2561 2591 2592
f 2561 2592 2563
f 2563 2592 2593
f 2563 2593 2565
f 2565 2593 2594
f 2565 2594 2567
f 2567 2594 2595
f 2567 2595 2569
f 2569 2595 2596
f 2569 2596 2571
f 2571 2596 2597
f 2571 2597 2573
f 2573 2597 2598
f 2573 2598 2575
f 2575 2598 2599
f 2575 2599 2577
f 2577 2599 2588
f 2531 2600 2533
f 2533 2600 2589
f 2600 2601 2589
f 2589 2601 2602
f 2589 2602 2590
f 2590 2602 2603
f 2590 2603 2591
f 2591 2603 2604
f 2591 2604 2592
f 2592 2604 2605
f 2592 2605 2593
f 2593 2605 2606
f 2593 2606 2594
f 2594 2606 2607
f 2594 2607 2595
f 2595 2607 2608
f 2595 2608 2596
f 2596 2608 2609
f 2596 2609 2610
f 2596 2610 2597
f 2597 2610 2611
f 2597 2611 2598
f 2598 2611 2599
f 2611 2612 2599
f 2599 2612 2588
f 2612 2586 2588
f 2582 2613 2580
f 2580 2613 2614
f 2580 2614 2578
f 2578 2614 2615
f 2578 2615 2576
f 2576 2615 2616
f 2576 2616 2574
f 2574 2616 2617
f 2574 2617 2572
f 2572 2617 2618
f 2572 2618 2570
f 2570 2618 2619
f 2570 2619 2568
f 2568 2619 2620
f 2568 2620 2566
f 2566 2620 2621
f 2566 2621 2564
f 2564 2621 2622
f 2564 2622 2562
f 2562 2622 2623
f 2562 2623 2560
f 2560 2623 2624
f 2560 2624 2558
f 2558 2624 2625
f 2558 2625 2556
f 2556 2625 2626
f 2556 2626 2554
f 2554 2626 2553
f 2614 2613 2627
f 2627 2613 1962
f 2627 1962 1961
f 1961 1960 2627
f 2627 1960 2628
f 2627 2628 2615
f 2615 2628 2616
f 1960 1940 2628
f 2628 1940 2629
f 2628 2629 2616
f 2616 2629 2617
f 2629 1940 2630
f 2630 1940 1941
f 2630 1941 2631
f 2631 1941 2632
f 2631 2632 2619
f 2619 2632 2620
f 1941 1942 2632
f 2632 1942 1943
f 2632 1943 2633
f 2633 1943 1944
f 2633 1944 2634
f 2634 1944 1945
f 2634 1945 2635
f 2635 1945 1946
f 2635 1946 2636
f 2636 1946 1947
f 2636 1947 2637
f 2637 1947 1948
f 2637 1948 2638
f 2638 1948 1949
f 2638 1949 2639
f 2639 1949 1950
f 2639 1950 2552
f 2552 1950 1951
f 2639 2552 2553
f 2639 2553 2626
f 2638 2639 2626
f 2638 2626 2625
f 2637 2638 2625
f 2637 2625 2624
f 2636 2637 2624
f 2636 2624 2623
f 2635 2636 2623
f 2635 2623 2622
f 2634 2635 2622
f 2634 2622 2621
f 2633 2634 2621
f 2633 2621 2620
f 2632 2633 2620
f 2631 2619 2618
f 2630 2631 2618
f 2630 2618 2617
f 2630 2617 2629
f 2579 2587 2581
f 2581 2587 2583
f 2614 2627 2615
f 1455 1962 1445
f 1445 1962 2613
f 1445 2613 1447
f 1447 2613 2582
f 1447 2582 1456
f 1456 2582 2584
f 1456 2584 1480
f 1480 2584 2640
f 1480 2640 1673
f 1673 2640 2641
f 1673 2641 1671
f 1671 2641 2642
f 1671 2642 1669
f 1669 2642 2643
f 1669 2643 2644
f 1669 2644 1667
f 1667 2644 2645
f 1667 2645 1665
f 1665 2645 2646
f 1665 2646 1664
f 1664 2646 2647
f 1664 2647 1531
f 2584 2585 2640
f 2640 2585 2648
f 2648 2585 2586
f 2648 2586 2649
f 2649 2586 2612
f 2649 2612 2611
f 2649 2611 2650
f 2650 2611 2610
f 2650 2610 2651
f 2651 2610 2609
f 2651 2609 2608
f 2651 2608 2652
f 2652 2608 2607
f 2652 2607 2653
f 2653 2607 2606
f 2653 2606 2605
f 2653 2605 2654
f 2654 2605 2604
f 2654 2604 2603
f 2654 2603 2655
f 2655 2603 2602
f 2655 2602 2601
f 2655 2601 2656
f 2656 2601 2600
f 2656 2600 2531
f 1741 2550 1777
f 1777 2550 2549
f 1777 2549 1850
f 2550 1741 2530
f 2530 1741 2656
f 2530 2656 2531
f 2436 2433 2657
f 2657 2433 2658
f 2657 2658 2659
f 2659 2658 2660
f 2659 2660 2661
f 2661 2660 2662
f 2661 2662 2663
f 2663 2662 2664
f 2664 2662 2665
f 2664 2665 2666
f 2666 2665 2667
f 2666 2667 2668
f 2668 2667 2669
f 2668 2669 2670
f 2670 2669 2432
f 2670 2432 2382
f 2433 2422 2658
f 2658 2422 2671
f 2658 2671 2660
f 2660 2671 2672
f 2660 2672 2662
f 2662 2672 2665
f 2671 2422 2673
f 2673 2422 2423
f 2673 2423 2669
f 2669 2423 2432
f 2382 2674 2670
f 2670 2674 2675
f 2670 2675 2668
f 2668 2675 2676
f 2668 2676 2666
f 2666 2676 2677
f 2666 2677 2664
f 2675 2674 2678
f 2678 2674 2679
f 2678 2679 2677
f 2672 2671 2673
f 2672 2673 2667
f 2667 2673 2669
f 2677 2676 2678
f 2678 2676 2675
f 2672 2667 2665
f 2680 2681 2682
f 2682 2681 2683
f 2682 2683 2684
f 2684 2683 2685
f 2684 2685 2686
f 2686 2685 2687
f 2686 2687 2688
f 2688 2687 2689
f 2688 2689 2690
f 2690 2689 2691
f 2690 2691 2692
f 2692 2691 2693
f 2692 2693 2664
f 2664 2693 2694
f 2664 2694 2663
f 2663 2694 2695
f 2695 2694 2696
f 2696 2694 2697
f 2696 2697 2698
f 2698 2697 2691
f 2698 2691 2689
f 2685 2699 2687
f 2687 2699 2700
f 2687 2700 2689
f 2689 2700 2698
f 2699 2701 2700
f 2700 2701 2702
f 2700 2702 2698
f 2698 2702 2696
f 2664 2677 2692
f 2692 2677 2703
f 2692 2703 2690
f 2690 2703 2704
f 2690 2704 2688
f 2688 2704 2705
f 2688 2705 2686
f 2686 2705 2684
f 2703 2677 2706
f 2706 2677 2679
f 2706 2679 2707
f 2707 2708 2706
f 2706 2708 2709
f 2706 2709 2704
f 2704 2709 2705
f 2709 2708 2710
f 2710 2708 2680
f 2710 2680 2682
f 2710 2682 2684
f 2710 2684 2705
f 2709 2710 2705
f 2691 2697 2693
f 2693 2697 2694
f 2703 2706 2704
f 2711 2712 2713
f 2713 2712 2714
f 2713 2714 2715
f 2715 2714 2716
f 2715 2716 2717
f 2717 2716 2718
f 2717 2718 2719
f 2719 2718 2720
f 2719 2720 2721
f 2721 2720 2722
f 2721 2722 2723
f 2723 2722 2724
f 2723 2724 2725
f 2725 2724 2726
f 2725 2726 2727
f 2727 2726 2728
f 2727 2728 2729
f 2729 2728 2730
f 2729 2730 2731
f 2731 2730 2732
f 2731 2732 2733
f 2733 2732 2734
f 2733 2734 2735
f 2735 2734 2736
f 2735 2736 2737
f 2737 2736 2738
f 2737 2738 2739
f 2739 2738 2740
f 2739 2740 2741
f 2741 2740 2742
f 2741 2742 2685
f 2685 2742 2743
f 2685 2743 2699
f 2699 2743 2744
f 2699 2744 2745
f 2745 2744 2746
f 2746 2744 2747
f 2746 2747 2748
f 2748 2747 2749
f 2748 2749 2750
f 2750 2749 2751
f 2750 2751 2752
f 2752 2751 2753
f 2752 2753 2754
f 2754 2753 2736
f 2754 2736 2734
f 2714 2755 2716
f 2716 2755 2756
f 2716 2756 2718
f 2718 2756 2757
f 2718 2757 2720
f 2720 2757 2758
f 2720 2758 2722
f 2722 2758 2759
f 2722 2759 2724
f 2724 2759 2760
f 2724 2760 2726
f 2726 2760 2761
f 2726 2761 2728
f 2728 2761 2762
f 2728 2762 2730
f 2730 2762 2763
f 2730 2763 2732
f 2732 2763 2764
f 2732 2764 2734
f 2734 2764 2754
f 2756 2755 2765
f 2765 2755 2647
f 2765 2647 2766
f 2766 2767 2765
f 2765 2767 2768
f 2765 2768 2757
f 2757 2768 2758
f 2767 2769 2768
f 2768 2769 2770
f 2768 2770 2758
f 2758 2770 2759
f 2769 2771 2770
f 2770 2771 2772
f 2770 2772 2759
f 2759 2772 2760
f 2771 2773 2772
f 2772 2773 2774
f 2772 2774 2760
f 2760 2774 2761
f 2773 2775 2774
f 2774 2775 2776
f 2774 2776 2761
f 2761 2776 2762
f 2775 2777 2776
f 2776 2777 2778
f 2776 2778 2762
f 2762 2778 2763
f 2777 2779 2778
f 2778 2779 2780
f 2778 2780 2763
f 2763 2780 2764
f 2779 2781 2780
f 2780 2781 2782
f 2780 2782 2783
f 2783 2782 2784
f 2783 2784 2752
f 2752 2784 2750
f 2745 2701 2699
f 2685 2683 2741
f 2741 2683 2785
f 2741 2785 2739
f 2739 2785 2786
f 2739 2786 2737
f 2737 2786 2787
f 2737 2787 2735
f 2735 2787 2788
f 2735 2788 2733
f 2733 2788 2789
f 2733 2789 2731
f 2731 2789 2790
f 2731 2790 2729
f 2729 2790 2791
f 2729 2791 2727
f 2727 2791 2792
f 2727 2792 2725
f 2725 2792 2793
f 2725 2793 2723
f 2723 2793 2794
f 2723 2794 2721
f 2721 2794 2795
f 2721 2795 2719
f 2719 2795 2796
f 2719 2796 2717
f 2717 2796 2797
f 2717 2797 2715
f 2715 2797 2713
f 2683 2681 2785
f 2785 2681 2798
f 2785 2798 2786
f 2786 2798 2799
f 2786 2799 2787
f 2787 2799 2800
f 2787 2800 2788
f 2788 2800 2789
f 2800 2801 2789
f 2789 2801 2790
f 2801 2802 2790
f 2790 2802 2791
f 2802 2803 2791
f 2791 2803 2804
f 2791 2804 2792
f 2792 2804 2805
f 2792 2805 2793
f 2793 2805 2806
f 2793 2806 2794
f 2794 2806 2807
f 2794 2807 2795
f 2795 2807 2808
f 2795 2808 2796
f 2796 2808 2809
f 2796 2809 2797
f 2797 2809 2810
f 2797 2810 2713
f 2713 2810 2711
f 2757 2756 2765
f 2754 2764 2783
f 2783 2764 2780
f 2752 2754 2783
f 2738 2736 2753
f 2753 2751 2811
f 2811 2751 2749
f 2811 2749 2812
f 2812 2749 2747
f 2812 2747 2743
f 2743 2747 2744
f 2812 2740 2811
f 2811 2740 2738
f 2811 2738 2753
f 2743 2742 2812
f 2812 2742 2740
f 1531 2647 1533
f 1533 2647 2755
f 1533 2755 1571
f 1571 2755 2714
f 1571 2714 1583
f 1583 2714 2712
f 1147 2810 2298
f 2298 2810 2809
f 2298 2809 2328
f 2328 2809 2808
f 2328 2808 2326
f 2326 2808 2807
f 2326 2807 2324
f 2324 2807 2806
f 2324 2806 2322
f 2322 2806 2805
f 2322 2805 2320
f 2320 2805 2804
f 2320 2804 2318
f 2318 2804 2803
f 2318 2803 2316
f 2316 2803 2802
f 2316 2802 2314
f 2314 2802 2801
f 2314 2801 2312
f 2312 2801 2800
f 2312 2800 2799
f 2810 1147 1587
f 1587 1147 1145
f 1587 1145 1589
f 1589 1145 1143
f 1589 1143 1591
f 1591 1143 1141
f 1591 1141 1593
f 1593 1141 1139
f 1593 1139 1595
f 1595 1139 1137
f 1595 1137 1597
f 1597 1137 1135
f 1597 1135 1599
f 1599 1135 1133
f 1599 1133 1600
f 1600 1133 1131
f 1600 1131 1602
f 1602 1131 1129
f 1602 1129 1604
f 1604 1129 1566
f 1566 1129 1127
f 1566 1127 1564
f 1564 1127 1126
f 1564 1126 1522
f 1522 1126 1124
f 1522 1124 1123
f 1522 1123 1523
f 1523 1123 1121
f 1523 1121 1517
f 1517 1121 1209
f 1517 1209 1516
f 1516 1209 1210
f 1516 1210 1212
f 1516 1212 1501
f 1501 1212 1213
f 1501 1213 1481
f 1587 1585 2810
f 2810 1585 1584
f 2810 1584 2711
f 2711 1584 1583
f 2711 1583 2712
f 2312 2799 2310
f 2310 2799 2798
f 2310 2798 2309
f 2309 2798 2681
f 2309 2681 2307
f 2307 2681 2305
f 2305 2681 2680
f 2305 2680 2303
f 2303 2680 2708
f 2303 2708 2398
f 2398 2708 2707
f 2398 2707 2400
f 2400 2707 2381
f 2381 2707 2679
f 2381 2679 2382
f 2382 2679 2674
f 2066 2081 2068
f 2068 2081 2080
f 2068 2080 2076
f 2076 2080 2098
f 2076 2098 2097
f 2066 2064 2081
f 2081 2064 2062
f 2081 2062 2060
f 2081 2060 1969
f 1969 2060 2054
f 1969 2054 2051
f 2051 2054 2052
f 1965 2099 1969
f 1969 2099 2081
f 1857 1859 472
f 472 1859 471
f 471 1859 1861
f 471 1861 1863
f 471 1863 469
f 469 1863 1864
f 469 1864 1866
f 469 1866 467
f 467 1866 1868
f 467 1868 1870
f 467 1870 465
f 465 1870 1872
f 465 1872 1874
f 465 1874 463
f 463 1874 1876
f 463 1876 461
f 461 1876 1878
f 461 1878 1879
f 461 1879 459
f 459 1879 1881
f 459 1881 458
f 458 1881 1935
f 458 1935 495
f 495 1935 518
f 2655 2656 2813
f 2813 2656 2814
f 2813 2814 2815
f 2815 2814 2816
f 2815 2816 2817
f 2817 2816 2818
f 2817 2818 2819
f 2819 2818 2820
f 2819 2820 2821
f 2821 2820 2822
f 2821 2822 2823
f 2823 2822 2824
f 2823 2824 2825
f 2825 2826 2823
f 2823 2826 2827
f 2823 2827 2821
f 2821 2827 2828
f 2821 2828 2819
f 2819 2828 2829
f 2819 2829 2817
f 2817 2829 2830
f 2817 2830 2815
f 2815 2830 2831
f 2815 2831 2813
f 2813 2831 2832
f 2813 2832 2655
f 2655 2832 2654
f 2654 2832 2833
f 2654 2833 2653
f 2653 2833 2834
f 2653 2834 2652
f 2652 2834 2835
f 2652 2835 2651
f 2651 2835 2836
f 2651 2836 2650
f 2650 2836 2837
f 2650 2837 2649
f 2649 2837 2838
f 2649 2838 2648
f 2648 2838 2640
f 2640 2838 2641
f 2641 2838 2839
f 2641 2839 2642
f 2642 2839 2840
f 2642 2840 2643
f 2643 2840 2841
f 2643 2841 2644
f 2644 2841 2842
f 2644 2842 2645
f 2645 2842 2843
f 2645 2843 2646
f 2646 2843 2844
f 2844 2843 2845
f 2844 2845 2846
f 2846 2845 2847
f 2846 2847 2848
f 2848 2847 2849
f 2848 2849 2850
f 2850 2849 2851
f 2850 2851 2852
f 2852 2851 2853
f 2852 2853 2854
f 2854 2853 2827
f 2854 2827 2826
f 2833 2832 2855
f 2855 2832 2831
f 2855 2831 2856
f 2856 2831 2830
f 2856 2830 2857
f 2857 2830 2829
f 2857 2829 2858
f 2858 2829 2828
f 2858 2828 2853
f 2853 2828 2827
f 2834 2833 2859
f 2859 2833 2855
f 2859 2855 2860
f 2860 2855 2856
f 2860 2856 2861
f 2861 2856 2857
f 2861 2857 2862
f 2862 2857 2858
f 2862 2858 2851
f 2851 2858 2853
f 2835 2834 2863
f 2863 2834 2859
f 2863 2859 2864
f 2864 2859 2860
f 2864 2860 2865
f 2865 2860 2861
f 2865 2861 2866
f 2866 2861 2862
f 2866 2862 2849
f 2849 2862 2851
f 2836 2835 2867
f 2867 2835 2863
f 2867 2863 2868
f 2868 2863 2864
f 2868 2864 2869
f 2869 2864 2865
f 2869 2865 2870
f 2870 2865 2866
f 2870 2866 2847
f 2847 2866 2849
f 2839 2838 2837
f 2837 2836 2871
f 2871 2836 2867
f 2871 2867 2872
f 2872 2867 2868
f 2872 2868 2873
f 2873 2868 2869
f 2873 2869 2874
f 2874 2869 2870
f 2874 2870 2845
f 2845 2870 2847
f 2840 2839 2871
f 2871 2839 2837
f 2840 2871 2872
f 2841 2840 2872
f 2841 2872 2873
f 2842 2841 2873
f 2842 2873 2874
f 2843 2842 2874
f 2843 2874 2845
f 2701 2745 2824
f 2824 2745 2825
f 2825 2745 2746
f 2825 2746 2748
f 2748 2750 2825
f 2825 2750 2826
f 2826 2750 2784
f 2826 2784 2782
f 2826 2782 2854
f 2854 2782 2781
f 2854 2781 2779
f 2854 2779 2852
f 2852 2779 2777
f 2852 2777 2850
f 2850 2777 2775
f 2850 2775 2773
f 2850 2773 2848
f 2848 2773 2771
f 2848 2771 2846
f 2846 2771 2769
f 2846 2769 2767
f 2846 2767 2844
f 2844 2767 2766
f 2844 2766 2646
f 2646 2766 2647
f 2656 1741 2814
f 2814 1741 1743
f 2814 1743 2816
f 2816 1743 1745
f 2816 1745 2818
f 2818 1745 1747
f 2818 1747 2820
f 2820 1747 1749
f 2820 1749 2822
f 2822 1749 1751
f 2822 1751 2824
f 2824 1751 1731
f 1717 2696 1731
f 1731 2696 2702
f 1731 2702 2824
f 2824 2702 2701
f 2663 2695 1717
f 1717 2695 2696
f 2663 1717 2661
f 2661 1717 1715
f 2661 1715 2659
f 2659 1715 1713
f 2659 1713 2657
f 2657 1713 2436
f 2436 1713 1711
f 2436 1711 2458
f 2458 1711 2203
f 2458 2203 2460
f 2460 2203 2178
f 2460 2178 2480
f 2480 2178 2177
f 2480 2177 2483
f 2483 2177 2202
f 2483 2202 2485
f 2485 2202 2200
f 2485 2200 2487
f 2487 2200 2198
f 2487 2198 2489
f 2489 2198 2196
f 2489 2196 2478
f 2478 2196 2193
f 2478 2193 2479
f 2479 2193 2194
f 2490 2212 2501
f 2501 2212 2228
f 2501 2228 2499
f 2499 2228 2226
f 2499 2226 2497
f 2497 2226 2221
f 2497 2221 2495
f 2495 2221 2220
f 2495 2220 2279
f 2279 2220 2224
f 2194 2212 2479
f 2479 2212 2490
f 1817 472 1816
f 1816 472 473
f 1816 473 1815
f 1815 473 475
f 1815 475 1814
f 1814 475 477
f 1814 477 1813
f 1813 477 479
f 1813 479 1812
f 1812 479 481
f 1812 481 1791
f 1791 481 483

