# https://github.com/mikedh/trimesh

o tube__1.stl
v 44.08771896 -51.32219696 28.06873322
v 42.46479416 -47.82723999 27.16743851
v 34.74092102 -51.32219696 23.65528297
v 41.68617630 -47.53805923 26.78861618
v 34.80264664 -47.18259811 23.52456474
v 40.95204926 -47.18259811 26.42824173
v 44.13428116 -48.19943237 27.97012520
v 43.28266907 -48.04819489 27.56216240
v 31.34737587 -43.56108093 17.06090164
v 31.43894768 -43.70709610 16.99309158
v 31.51279259 -43.55709457 16.92455101
v 31.52198029 -43.70709610 16.91567230
v 31.52198029 -43.55709457 16.91567230
v 31.14170074 -43.56978989 17.14532280
v 31.24887848 -43.70709610 17.10803413
v 31.34939957 -43.70709610 17.05968094
v 31.14170074 -43.70709610 17.14532280
v 31.75433540 -43.55709457 16.46653366
v 31.71449280 -43.55709457 16.58838654
v 31.75433540 -43.70709610 16.46653366
v 31.71449280 -43.70709610 16.58838654
v 31.66501427 -43.55709457 16.70518684
v 31.66501427 -43.70709610 16.70518684
v 31.59878159 -43.55709457 16.81320000
v 31.59878159 -43.70709610 16.81320000
v 31.78754234 -43.55709457 15.97235298
v 31.79654312 -43.55709457 16.09703636
v 31.78754234 -43.70709610 15.97235298
v 31.79654312 -43.70709610 16.09703636
v 31.79600716 -43.55709457 16.22109222
v 31.79600716 -43.70709610 16.22109222
v 31.77980614 -43.55709457 16.34411812
v 31.77980614 -43.70709610 16.34411812
v 31.77016640 -43.55709457 15.88897514
v 31.76350403 -43.70709610 15.86133099
v 31.72821426 -43.70709610 15.75537109
v 31.68545723 -43.56150818 15.67628098
v 31.67362213 -43.70709610 15.65809822
v 31.60706711 -43.56669235 15.56620789
v 31.60706711 -43.70709610 15.56620789
v 31.17752838 -43.70709610 15.32758427
v 31.17752838 -43.57783127 15.32758427
v 31.29684258 -43.70709610 15.36632252
v 31.40983009 -43.57489395 15.41580582
v 31.40998268 -43.70709610 15.41588879
v 31.51212311 -43.70709610 15.48473930
v 30.67455673 -43.70709610 15.35346508
v 30.67455673 -43.56532669 15.35346508
v 30.79856491 -43.70709610 15.31674576
v 30.92209244 -43.57457352 15.29701710
v 30.92354393 -43.70709610 15.29694843
v 31.05008316 -43.70709610 15.30435848
v 30.52434921 -43.55914688 15.44605446
v 30.45491409 -43.70709610 15.50406837
v 30.41324425 -43.55709457 15.54930687
v 30.36994362 -43.70709610 15.60562134
v 30.29574966 -43.55709457 15.71855927
v 30.29574966 -43.70709610 15.71855927
v 30.55873871 -43.70709610 15.42243099
v 30.51177025 -43.55709457 15.83916759
v 30.51177025 -43.70709610 15.83916759
v 30.63106155 -43.55709457 15.66624260
v 30.62392235 -43.70709610 15.67366886
v 30.68344879 -43.55709457 15.62096500
v 30.69904900 -43.70709610 15.60957909
v 30.78379250 -43.55809021 15.55490780
v 30.78379250 -43.70709610 15.55490780
v 30.58646774 -43.55709457 15.71915245
v 30.56365013 -43.70709610 15.75230789
v 30.54767036 -43.55709457 15.77774048
v 31.14351463 -43.70709610 15.53096676
v 31.14351463 -43.56216049 15.53096676
v 31.05199814 -43.70709610 15.51482868
v 30.96805954 -43.56107712 15.51016903
v 30.96133041 -43.70709610 15.51051807
v 30.87211227 -43.70709610 15.52645588
v 31.41882515 -43.70709610 15.69306278
v 31.41882515 -43.55859756 15.69306278
v 31.35771370 -43.70709610 15.63943195
v 31.29236412 -43.56101227 15.59293175
v 31.29239464 -43.70709610 15.59294987
v 31.22005844 -43.70709610 15.55838299
v 31.02815247 -43.70709610 17.16329956
v 30.91578484 -43.57777023 17.17027855
v 30.91477966 -43.70709610 17.17026138
v 30.80169868 -43.70709610 17.15911674
v 30.68878937 -43.58107758 17.13725281
v 30.68878937 -43.70709610 17.13725281
v 30.57296181 -43.70709610 17.09688950
v 30.46488762 -43.57806015 17.04463577
v 30.46470642 -43.70709610 17.04452515
v 30.36958504 -43.70709610 16.97134590
v 30.28272438 -43.56863403 16.88507843
v 30.28272438 -43.70709610 16.88507843
v 30.21990395 -43.70709610 16.78306198
v 30.21071053 -43.56249619 16.76622581
v 30.17140388 -43.70709610 16.67614937
v 30.14232254 -43.55709457 16.53273773
v 30.14595222 -43.70709610 16.56135368
v 30.13391304 -43.70709610 16.44197273
v 30.13391304 -43.55709457 16.44197273
v 30.37643433 -43.55709457 16.44935226
v 30.37643433 -43.70709610 16.44935226
v 30.38501549 -43.70709610 16.53634071
v 30.39714241 -43.55709457 16.60161591
v 30.40232849 -43.70709610 16.62046051
v 30.44151497 -43.55819702 16.71113014
v 30.43529892 -43.70709610 16.69943237
v 30.47863197 -43.70709610 16.77499962
v 30.47863197 -43.55974197 16.77499962
v 30.53596115 -43.70709610 16.83173180
v 30.59868240 -43.56282806 16.87966156
v 30.59878159 -43.70709610 16.87972260
v 30.67025757 -43.70709610 16.91394043
v 30.74669075 -43.56383133 16.94027138
v 30.74669075 -43.70709610 16.94027138
v 30.83802414 -43.70709610 16.95825005
v 30.92906380 -43.56241608 16.96593285
v 30.92909241 -43.70709610 16.96593285
v 31.01969910 -43.70709610 16.95563889
v 31.11001587 -43.55904007 16.93393707
v 31.11001587 -43.70709610 16.93393707
v 31.18665504 -43.70709610 16.89626884
v 31.25984192 -43.55709457 16.84825706
v 31.25691986 -43.70709610 16.85063362
v 31.31665230 -43.70709610 16.79183769
v 31.37011909 -43.55709457 16.72521019
v 31.37011909 -43.70709610 16.72521019
v 31.41543961 -43.55709457 16.64892960
v 31.41543961 -43.70709610 16.64892960
v 31.45581055 -43.55709457 16.57041359
v 31.45581055 -43.70709610 16.57041359
v 31.48794365 -43.55709457 16.48818207
v 31.48794365 -43.70709610 16.48818207
v 31.51514626 -43.55709457 16.40372276
v 31.51514626 -43.70709610 16.40372276
v 31.53786278 -43.55709457 16.30304909
v 31.53786278 -43.70709610 16.30304909
v 31.55383110 -43.55709457 16.20175934
v 31.55383110 -43.70709610 16.20175934
v 31.55796623 -43.55709457 16.09938812
v 31.55796623 -43.70709610 16.09938812
v 31.55454254 -43.55709457 15.99632740
v 31.55454254 -43.70709610 15.99632740
v 31.53817558 -43.55709457 15.91254425
v 31.53817558 -43.70709610 15.91254425
v 31.51243019 -43.55709457 15.83301544
v 31.51243019 -43.70709610 15.83301544
v 31.51124954 -43.55709457 15.83037376
v 31.51004791 -43.55709457 15.82774734
v 31.47060585 -43.70709610 15.76078033
v 30.68531799 -43.55709457 16.68168449
v 30.97289085 -43.55709457 16.76389885
v 32.89888382 -43.61786652 18.11092949
v 30.97722435 -43.61786652 17.48891449
v 29.02622604 -43.61786652 16.96614647
v 29.41891479 -43.57558441 16.74275398
v 29.60522079 -43.56781006 16.69522095
v 29.71932983 -43.56159210 16.61804390
v 30.04432678 -43.55709457 16.50672722
v 29.94626427 -43.55709457 16.48096466
v 29.84813881 -43.55709457 16.45545006
v 33.35177231 -43.55709457 17.53476334
v 34.78616333 -43.61786652 18.83055687
v 35.15913773 -43.55709457 18.23306084
v 36.63410187 -43.61786652 19.64590836
v 36.93068314 -43.55709457 19.01781654
v 36.34653473 -43.79832458 20.25491714
v 34.53016663 -43.79832458 19.45349503
v 32.67513275 -43.79832458 18.74616241
v 30.78630447 -43.79832458 18.13477325
v 28.86863708 -43.79832458 17.62093735
v 27.05101204 -43.61786652 16.54399490
v 26.92716980 -43.79832458 17.20599937
v 25.05676651 -43.61786652 16.22357368
v 24.96699524 -43.79832458 16.89105034
v 23.04872704 -43.61786652 16.00571823
v 22.99326324 -43.79832458 16.67691803
v 24.88276482 -44.09299469 17.51733208
v 22.94122314 -44.09299469 17.30669022
v 24.80663490 -44.49291992 18.08338547
v 22.89418602 -44.49291992 17.87590218
v 24.74091911 -44.98594666 18.57201385
v 22.85358429 -44.98594666 18.36725426
v 24.68761253 -45.55709457 18.96836853
v 22.82064819 -45.55709457 18.76581955
v 24.64833450 -46.18901443 19.26040840
v 22.79638290 -46.18901443 19.05948830
v 24.62428093 -46.86250305 19.43925858
v 22.78152084 -46.86250305 19.23933411
v 22.77651596 -47.55709457 19.29989815
v 24.92169189 -47.55709457 19.54190254
v 26.45438194 -46.86250305 19.73330688
v 27.04857826 -47.55709457 19.91164780
v 28.26701927 -46.86250305 20.12071037
v 29.14957047 -47.55709457 20.40781021
v 30.05743408 -46.86250305 20.60045052
v 31.21716690 -47.55709457 21.02861786
v 31.82092476 -46.86250305 21.17126846
v 33.24397659 -47.55709457 21.77185249
v 33.55286407 -46.86250305 21.83166504
v 35.22275543 -47.55709457 22.63485718
v 35.24870300 -46.86250305 22.57990646
v 33.62145615 -46.18901443 21.66474915
v 35.32575607 -46.18901443 22.41672325
v 33.73346329 -45.55709457 21.39219666
v 35.45157242 -45.55709457 22.15026474
v 33.88547516 -44.98594666 21.02228928
v 35.62233353 -44.98594666 21.78862953
v 34.07287598 -44.49291992 20.56626701
v 35.83284760 -44.49291992 21.34280586
v 34.28997421 -44.09299469 20.03798485
v 36.07671738 -44.09299469 20.82633591
v 23.10593033 -43.55709457 15.31348515
v 25.02507973 -43.55709457 15.51866245
v 26.93214035 -43.55709457 15.81591320
v 28.82269478 -43.55709457 16.20454979
v 28.83879089 -43.56025696 16.37144852
v 28.89316177 -43.56570435 16.49023628
v 28.97835541 -43.57145309 16.58869743
v 29.22582436 -43.57808685 16.72093201
v 32.46519089 -44.09299469 19.34218788
v 30.60716629 -44.09299469 18.74077034
v 28.72077560 -44.09299469 18.23531342
v 26.81097031 -44.09299469 17.82714462
v 32.27544022 -44.49291992 19.88089561
v 30.44525719 -44.49291992 19.28849220
v 28.58713341 -44.49291992 18.79060936
v 26.70594597 -44.49291992 18.38855553
v 32.11164093 -44.98594666 20.34591866
v 30.30549431 -44.98594666 19.76129341
v 28.47177124 -44.98594666 19.26994896
v 26.61528778 -44.98594666 18.87317467
v 31.97877693 -45.55709457 20.72312737
v 30.19212341 -45.55709457 20.14481163
v 28.37819290 -45.55709457 19.65877151
v 26.54174995 -45.55709457 19.26627922
v 31.88087845 -46.18901443 21.00105858
v 30.10859108 -46.18901443 20.42739296
v 28.30924416 -46.18901443 19.94526100
v 26.48756599 -46.18901443 19.55592346
v 29.87413979 -43.55709457 16.40821075
v 29.66939735 -43.55709457 16.31238747
v 29.52456474 -43.55709457 16.00731850
v 29.59901428 -43.55709457 15.82501221
v 29.89859200 -43.55709457 15.54301643
v 30.12125587 -43.55709457 15.57195663
v 29.62420082 -43.55709457 16.39821243
v 29.43152809 -43.55709457 16.35006523
v 29.07991600 -43.55709457 16.12900162
v 29.11401749 -43.55709457 16.07375717
v 29.23862076 -43.55709457 16.30287170
v 29.05505180 -43.55709457 16.19257736
v 29.04548264 -43.55709457 16.25663185
v 29.16408539 -43.55709457 16.03290939
v 29.22413635 -43.55709457 16.00106430
v 29.29044151 -43.55709457 15.98605919
v 29.35691452 -43.55709457 15.97856712
v 29.42366028 -43.55709457 15.98344231
v 29.49056816 -43.55709457 15.99564934
v 29.49917603 -43.55709457 15.99824715
v 29.50771713 -43.55709457 16.00103760
v 29.51616669 -43.55709457 16.00410271
v 29.55912399 -43.55709457 15.82411098
v 29.26409912 -43.55709457 15.70233631
v 29.22065926 -43.55709457 15.64618587
v 29.19343376 -43.55709457 15.58098698
v 29.51942062 -43.55709457 15.82153988
v 29.31400299 -43.55709457 15.74979782
v 29.48006058 -43.55709457 15.81593132
v 29.37439537 -43.55709457 15.78315639
v 29.44093323 -43.55709457 15.80825615
v 29.17697525 -43.55709457 15.51448727
v 29.17803001 -43.55709457 15.44587421
v 29.18936157 -43.55709457 15.37602043
v 29.68676567 -43.55709457 15.34658909
v 29.89660072 -43.55709457 15.40665531
v 29.20466614 -43.55709457 15.33447266
v 29.47726250 -43.55709457 15.28538322
v 29.22173119 -43.55709457 15.29425144
v 29.24231720 -43.55709457 15.25668621
v 29.26809502 -43.55709457 15.22303677
v 30.12811852 -43.55709457 15.47149944
v 30.22309685 -43.55709457 15.49766827
v 30.31813812 -43.55709457 15.52360439
v 30.95849228 -43.55709457 15.69184303
v 31.23402977 -43.55709457 15.76077175
v 29.84315300 -43.55954742 15.24590015
v 29.87357140 -43.70709610 15.31677341
v 29.89410591 -43.70709610 15.38967991
v 29.90027428 -43.70709610 15.46554089
v 29.84315300 -43.70709610 15.24590015
v 29.89859200 -43.70709610 15.54301643
v 30.12125587 -43.70709610 15.57195663
v 30.12825203 -43.70709610 15.46605301
v 30.12093735 -43.70709610 15.36299324
v 30.10628128 -43.55995560 15.30843067
v 30.08932495 -43.70709610 15.26475906
v 30.04284477 -43.56608200 15.16947746
v 30.04284477 -43.70709610 15.16947746
v 29.69685936 -43.70709610 14.92956066
v 29.69685936 -43.57747650 14.92956066
v 29.79915810 -43.70709610 14.96704865
v 29.89289856 -43.57464600 15.01643562
v 29.89303398 -43.70709610 15.01652813
v 29.97243309 -43.70709610 15.08660793
v 29.23133850 -43.70709610 14.97571659
v 29.23133850 -43.56349182 14.97571659
v 29.34434319 -43.70709610 14.93198872
v 29.46412086 -43.57334900 14.90575981
v 29.45923042 -43.70709610 14.90618896
v 29.57715607 -43.70709610 14.90939999
v 29.13818550 -43.70709610 15.04175663
v 29.03528023 -43.55709457 15.15218163
v 29.05881691 -43.70709610 15.11866093
v 29.00246811 -43.70709610 15.21371174
v 28.95996094 -43.70709610 15.31967354
v 28.95996094 -43.55709457 15.31967354
v 28.97026825 -43.55709457 15.62517834
v 28.94985962 -43.55709457 15.54954720
v 28.97026825 -43.70709610 15.62517834
v 28.94985962 -43.70709610 15.54954720
v 28.93953705 -43.55709457 15.47349548
v 28.93953705 -43.70709610 15.47349548
v 28.94516945 -43.55709457 15.39677620
v 28.94516945 -43.70709610 15.39677620
v 29.17168427 -43.55709457 15.83851910
v 29.10817337 -43.55709457 15.79746342
v 29.17168427 -43.70709610 15.83851910
v 29.10817337 -43.70709610 15.79746342
v 29.05168152 -43.55709457 15.74985790
v 29.05168152 -43.70709610 15.74985790
v 29.00723648 -43.55709457 15.69100666
v 29.00723648 -43.70709610 15.69100666
v 28.95165443 -43.55709457 15.93829441
v 29.00162506 -43.55709457 15.90242767
v 28.95165443 -43.70709610 15.93829441
v 29.00162506 -43.70709610 15.90242767
v 29.05443573 -43.55709457 15.87271881
v 29.05443573 -43.70709610 15.87271881
v 29.11175919 -43.55709457 15.85279846
v 29.11175919 -43.70709610 15.85279846
v 28.83537865 -43.55709457 16.12859535
v 28.85472298 -43.55709457 16.07506752
v 28.83537865 -43.70709610 16.12859535
v 28.85472298 -43.70709610 16.07506752
v 28.87935066 -43.55709457 16.02477455
v 28.87935066 -43.70709610 16.02477455
v 28.91283226 -43.55709457 15.97990036
v 28.91283226 -43.70709610 15.97990036
v 28.82462311 -43.70709610 16.18945503
v 28.82024574 -43.70709610 16.25023460
v 28.82639313 -43.70709610 16.31088066
v 28.83879089 -43.70709610 16.37144852
v 28.97835541 -43.70709610 16.58869743
v 28.93282890 -43.70709610 16.54116631
v 28.89300919 -43.70709610 16.48999786
v 28.86291122 -43.70709610 16.43262863
v 29.09412766 -43.70709610 16.66965103
v 29.15850449 -43.70709610 16.69803238
v 29.22582436 -43.70709610 16.72093201
v 29.03472519 -43.70709610 16.63199806
v 29.60522079 -43.70709610 16.69522095
v 29.51215744 -43.70709610 16.72575951
v 29.41809464 -43.70709610 16.74280548
v 29.32242584 -43.70709610 16.73816872
v 29.80363274 -43.70709610 15.19826889
v 29.75903511 -43.56217194 15.15782738
v 29.75898933 -43.70709610 15.15779495
v 29.70595932 -43.70709610 15.12903881
v 29.64798164 -43.56309891 15.10719776
v 29.64798164 -43.70709610 15.10719776
v 29.57426643 -43.70709610 15.09602833
v 29.50588226 -43.56162643 15.09540939
v 29.50197792 -43.70709610 15.09587097
v 29.43208122 -43.70709610 15.11418533
v 29.36363220 -43.55843353 15.14365482
v 29.36363220 -43.70709610 15.14365482
v 29.30357170 -43.70709610 15.18930721
v 29.25259399 -43.70709610 15.24180984
v 29.21655273 -43.70709610 15.30557823
v 29.18936157 -43.70709610 15.37602043
v 29.17803001 -43.70709610 15.44587421
v 29.17697525 -43.70709610 15.51448727
v 29.19343376 -43.70709610 15.58098698
v 29.22065926 -43.70709610 15.64618587
v 29.26409912 -43.70709610 15.70233631
v 29.31400299 -43.70709610 15.74979782
v 29.37439537 -43.70709610 15.78315639
v 29.44093323 -43.70709610 15.80825615
v 29.48006058 -43.70709610 15.81593132
v 29.51942062 -43.70709610 15.82153988
v 29.55912399 -43.70709610 15.82411098
v 29.59901428 -43.70709610 15.82501221
v 29.52456474 -43.70709610 16.00731850
v 29.51616669 -43.70709610 16.00410271
v 29.50771713 -43.70709610 16.00103760
v 29.49917603 -43.70709610 15.99824715
v 29.49056816 -43.70709610 15.99564934
v 29.42366028 -43.70709610 15.98344231
v 29.35691452 -43.70709610 15.97856712
v 29.29044151 -43.70709610 15.98605919
v 29.22413635 -43.70709610 16.00106430
v 29.16408539 -43.70709610 16.03290939
v 29.11401749 -43.70709610 16.07375717
v 29.07991600 -43.70709610 16.12900162
v 29.05505180 -43.70709610 16.19257736
v 29.04622459 -43.70709610 16.24895287
v 29.04586411 -43.70709610 16.30422401
v 29.05984879 -43.70709610 16.35762787
v 29.08259010 -43.55956650 16.40989113
v 29.08259010 -43.70709610 16.40989113
v 29.11962891 -43.70709610 16.45609856
v 29.16189194 -43.56234360 16.49501228
v 29.16194153 -43.70709610 16.49504852
v 29.21271896 -43.70709610 16.52234840
v 29.26840973 -43.56349564 16.54288864
v 29.26840973 -43.70709610 16.54288864
v 29.32756233 -43.70709610 16.55275154
v 29.37707138 -43.56271362 16.55490685
v 29.38584709 -43.70709610 16.55426788
v 29.44265175 -43.70709610 16.54154778
v 29.49854279 -43.55986404 16.52006531
v 29.49854279 -43.70709610 16.52006531
v 29.55343246 -43.70709610 16.47846985
v 29.60121536 -43.70709610 16.43084908
v 29.63829041 -43.70709610 16.37414742
v 29.66939735 -43.70709610 16.31238747
v 29.87413979 -43.70709610 16.40821075
v 29.82402039 -43.70709610 16.49627686
v 29.76488304 -43.70709610 16.57574654
v 29.69002724 -43.70709610 16.64022636
v 33.67406082 -43.55709457 16.28208160
v 33.58267975 -43.61786652 15.55897427
v 35.57692337 -43.61786652 15.87939739
v 33.70652008 -43.79832458 14.89696980
v 35.66669464 -43.79832458 15.21191883
v 33.82271957 -44.09299469 14.27582645
v 35.75092316 -44.09299469 14.58563805
v 33.92774200 -44.49291992 13.71441460
v 35.82705307 -44.49291992 14.01958466
v 34.01840210 -44.98594666 13.22979450
v 35.89277267 -44.98594666 13.53095627
v 34.09194183 -45.55709457 12.83668995
v 35.94607925 -45.55709457 13.13460064
v 34.14612579 -46.18901443 12.54704571
v 35.98535538 -46.18901443 12.84256172
v 34.17930984 -46.86250305 12.36966228
v 36.00941086 -46.86250305 12.66371155
v 35.71199799 -47.55709457 12.56106663
v 37.85717392 -47.55709457 12.80307198
v 31.60746384 -43.61786652 15.13682461
v 31.76505280 -43.79832458 14.48203278
v 29.84738731 -43.79832458 13.96819592
v 30.02652359 -44.09299469 13.36219883
v 28.16849899 -44.09299469 12.76078224
v 28.35824966 -44.49291992 12.22207355
v 26.56081390 -44.49291992 11.53670216
v 26.74821472 -44.98594666 11.08067989
v 25.01135635 -44.98594666 10.31433964
v 25.18211555 -45.55709457 9.95270443
v 29.65646553 -43.61786652 14.61405563
v 27.73480606 -43.61786652 13.99204063
v 27.22574425 -43.55709457 14.54800034
v 25.84752846 -43.61786652 13.27241325
v 25.44697952 -43.55709457 13.85847187
v 23.99958801 -43.61786652 12.45706177
v 23.70300865 -43.55709457 13.08515358
v 24.28715324 -43.79832458 11.84805298
v 26.10352325 -43.79832458 12.64947510
v 27.95855713 -43.79832458 13.35680771
v 24.55697250 -44.09299469 11.27663326
v 26.34371758 -44.09299469 12.06498432
v 24.80084229 -44.49291992 10.76016426
v 26.90022850 -45.55709457 10.71077251
v 25.30793381 -46.18901443 9.68624687
v 27.01223373 -46.18901443 10.43822098
v 25.38498688 -46.86250305 9.52306366
v 27.08082581 -46.86250305 10.27130508
v 25.41093445 -47.55709457 9.46811199
v 27.38971519 -47.55709457 10.33111763
v 28.81276512 -46.86250305 10.93170071
v 29.41652489 -47.55709457 11.07435226
v 30.57625580 -46.86250305 11.50251865
v 31.48411942 -47.55709457 11.69515896
v 32.36667252 -46.86250305 11.98225880
v 33.58511353 -47.55709457 12.19132233
v 37.85216904 -46.86250305 12.86363506
v 37.83730698 -46.18901443 13.04348278
v 37.81304169 -45.55709457 13.33715057
v 37.78010559 -44.98594666 13.73571587
v 37.73950195 -44.49291992 14.22706795
v 37.69246674 -44.09299469 14.79627895
v 37.64042664 -43.79832458 15.42605114
v 37.58496094 -43.61786652 16.09725189
v 35.59476089 -43.55709457 16.58248711
v 37.52775955 -43.55709457 16.78948593
v 32.32444382 -46.18901443 12.15771008
v 30.52509880 -46.18901443 11.67557621
v 28.75281143 -46.18901443 11.10191154
v 32.25549698 -45.55709457 12.44419861
v 30.44156647 -45.55709457 11.95815754
v 28.65491486 -45.55709457 11.37984276
v 32.16191864 -44.98594666 12.83302021
v 30.32819557 -44.98594666 12.34167576
v 28.52204895 -44.98594666 11.75705051
v 32.04655838 -44.49291992 13.31236076
v 30.18843269 -44.49291992 12.81447792
v 31.91291428 -44.09299469 13.86765575
v 21.38530350 -43.55709457 11.99075985
v 20.55154037 -43.55709457 15.10240555
v 45.14770889 -52.33895493 27.32130623
v 45.37278366 -52.27993011 27.42758560
v 45.13757324 -52.30597305 27.47528648
v 45.48362350 -52.21450424 27.50707436
v 45.24153519 -52.15782928 27.73890114
v 45.56247330 -52.10887146 27.62886810
v 45.58687592 -51.94386673 27.79531860
v 45.32302856 -51.92781067 27.94553757
v 45.51611328 -51.69956207 27.98733902
v 45.37371445 -51.63943863 28.07406998
v 45.41400909 -51.51548004 28.08815956
v 45.27858353 -51.32219696 28.15022278
v 44.95225906 -51.63943863 28.17698860
v 44.87895584 -51.32219696 28.22303391
v 44.51864624 -51.63943863 28.16278076
v 44.47370148 -51.32219696 28.19530487
v 44.10483170 -51.63943863 28.03249359
v 44.54187012 -51.92781067 28.02658272
v 44.16382599 -51.92781067 27.90755653
v 44.57920837 -52.15782928 27.80761719
v 44.25866699 -52.15782928 27.70669746
v 44.62683868 -52.30597305 27.52827454
v 44.37966156 -52.30597305 27.45045280
v 44.64438248 -52.35709763 27.21002007
v 44.51443863 -52.35709763 27.16502380
v 44.78094101 -52.35709763 27.22617722
v 44.88583374 -52.30597305 27.53676033
v 44.91507721 -52.15782928 27.81862259
v 44.91779709 -52.35709763 27.21274567
v 44.93799973 -51.92781067 28.03956223
v 39.43143082 -51.63943863 25.82576752
v 34.75803375 -51.63943863 23.61904335
v 39.49042511 -51.92781067 25.70083046
v 34.81702805 -51.92781067 23.49410629
v 39.58526993 -52.15782928 25.49997139
v 34.91187286 -52.15782928 23.29324722
v 39.70626450 -52.30597305 25.24372673
v 35.03286743 -52.30597305 23.03700256
v 35.16764450 -52.35709763 22.75157356
v 22.68358231 -51.32219696 20.42452812
v 22.68688393 -51.63943863 20.38458824
v 24.76173019 -51.32219696 20.65897179
v 24.76741219 -51.63943863 20.61930084
v 26.82215881 -51.32219696 21.01716423
v 26.83020020 -51.63943863 20.97790146
v 28.85750389 -51.32219696 21.49782372
v 28.86787605 -51.63943863 21.45911217
v 30.86049271 -51.32219696 22.09923172
v 30.87315941 -51.63943863 22.06121063
v 32.82397079 -51.32219696 22.81924438
v 32.83888626 -51.63943863 22.78204536
v 32.89031219 -51.92781067 22.65380669
v 32.97298431 -52.15782928 22.44763947
v 33.07845306 -52.30597305 22.18462372
v 33.19593430 -52.35709763 21.89165306
v 22.69826126 -51.92781067 20.24689293
v 24.78699684 -51.92781067 20.48253059
v 26.85792160 -51.92781067 20.84254646
v 28.90363503 -51.92781067 21.32565498
v 30.91683006 -51.92781067 21.93012810
v 22.71655464 -52.15782928 20.02552223
v 24.81848335 -52.15782928 20.26264763
v 26.90248871 -52.15782928 20.62493896
v 28.96112633 -52.15782928 21.11109734
v 30.98703766 -52.15782928 21.71938896
v 22.73989105 -52.30597305 19.74310875
v 24.85865211 -52.30597305 19.98213577
v 26.95934677 -52.30597305 20.34732628
v 29.03446770 -52.30597305 20.83737946
v 31.07660294 -52.30597305 21.45054245
v 22.76588631 -52.35709763 19.42853355
v 24.90339661 -52.35709763 19.66967392
v 27.02268028 -52.35709763 20.03809738
v 29.11616516 -52.35709763 20.53248596
v 31.17637062 -52.35709763 21.15107536
v 12.38229465 -51.32219696 19.57328987
v 16.76493645 -51.63943863 19.89523315
v 11.94338703 -51.66783524 19.48793793
v 16.77631378 -51.92781067 19.75753784
v 11.52613640 -51.99268341 19.27430916
v 16.79460716 -52.15782928 19.53616714
v 11.34296608 -52.12855148 19.12284279
v 11.17086697 -52.24619675 18.92962265
v 16.81794357 -52.30597305 19.25375366
v 11.02646542 -52.32735825 18.70041466
v 10.92199230 -52.35709763 18.44982338
v 45.27832794 -50.25709534 27.38298225
v 42.79645157 -50.25709534 26.21107101
v 42.63222504 -50.23825455 26.13352394
v 35.22275543 -52.35709763 22.63485718
v 42.42227173 -50.16947937 26.03438759
v 41.91318512 -49.85929871 25.79400253
v 41.91003036 -49.85709763 25.79251289
v 41.94702530 -48.70709610 25.80998039
v 42.36364365 -47.55709457 26.00670242
v 41.95029449 -48.70483780 25.81152534
v 42.28498077 -48.48494339 25.96956062
v 42.37275696 -48.43678284 26.01100540
v 42.49696350 -48.37997055 26.06965637
v 42.99658585 -47.77731323 26.30557251
v 42.83222961 -48.30709457 26.22796249
v 43.65121078 -47.95299149 26.61467743
v 44.32452011 -48.08332443 26.93260574
v 45.17979813 -48.30709457 27.33646011
v 45.01343918 -48.16772079 27.25790596
v 45.17807770 -48.27463531 27.33564568
v 45.17098236 -48.24744797 27.33229637
v 45.15558624 -48.22479630 27.32502747
v 45.06420517 -48.17596436 27.28187752
v 45.11304855 -48.19355774 27.30494118
v 33.24397659 -52.35709763 21.77185249
v 31.21716690 -52.35709763 21.02861786
v 29.14957047 -52.35709763 20.40781021
v 27.04857826 -52.35709763 19.91164780
v 24.92169189 -52.35709763 19.54190254
v 22.77651596 -52.35709763 19.29989815
v 15.49489117 -52.35709763 18.69818687
v 15.36521149 -52.35709763 18.67860222
v 10.84331703 -52.35709763 17.98856735
v 10.89533329 -52.35709763 17.52355194
v 11.07397842 -52.35709763 17.09108162
v 14.87664413 -52.35709763 18.41535950
v 15.12240410 -52.35709763 18.59148598
v 11.36530495 -52.35709763 16.72492027
v 14.58179665 -52.35709763 17.80308533
v 14.67401218 -52.35709763 18.13021088
v 14.47154617 -52.35709763 17.35352135
v 11.74656868 -52.35709763 16.45365715
v 14.24243546 -52.35709763 16.95131493
v 12.18800068 -52.35709763 16.29846954
v 13.91196823 -52.35709763 16.62719727
v 12.65513706 -52.35709763 16.27147675
v 13.05377865 -52.35709763 16.30441856
v 13.50539494 -52.35709763 16.40592766
v 11.06396008 -50.79313660 18.65619659
v 10.91693878 -50.79313660 18.19226074
v 10.91434479 -50.79313660 17.70559502
v 11.05641174 -50.79313660 17.24011993
v 11.33031845 -50.79313660 16.83784485
v 11.71134472 -50.79313660 16.53507423
v 12.16510296 -50.79313660 16.35913467
v 12.65063953 -50.79313660 16.32590485
v 11.34213924 -50.79313660 19.05552864
v 11.42203712 -49.52679443 19.07337952
v 11.50826740 -48.26067352 19.09263039
v 11.70428276 -48.24907303 19.23747253
v 11.92059994 -48.23483276 19.34926224
v 12.15150261 -48.21820450 19.42573166
v 12.39127541 -48.19943237 19.46461105
v 14.36877632 -47.67787552 18.60513115
v 14.36508274 -47.53396225 18.64980125
v 14.54845428 -47.63975525 18.61997795
v 15.43823814 -47.26235199 18.69805145
v 14.72765636 -47.59944534 18.63478661
v 14.90631962 -47.55697632 18.65010262
v 15.97352219 -47.15133667 18.71869659
v 15.96357918 -47.04201508 18.71987343
v 16.48607063 -46.90755081 18.72789764
v 16.47301102 -46.79467773 18.72205734
v 16.98109818 -46.63645935 18.71359253
v 16.96378517 -46.52066040 18.69944763
v 17.45540428 -46.33895493 18.66994476
v 17.43251801 -46.22139740 18.64606285
v 17.90413475 -46.01842117 18.58894348
v 17.87438393 -45.90085220 18.55410767
v 18.32220459 -45.67911148 18.46238899
v 18.28450775 -45.56387711 18.41582298
v 18.70519257 -45.32958603 18.28410721
v 18.65900993 -45.21939850 18.22560310
v 19.04910660 -44.98103333 18.04917526
v 18.99453354 -44.87818527 17.97888565
v 19.35231590 -44.64560699 17.75572968
v 19.29047966 -44.55216217 17.67459869
v 19.61755371 -44.33715820 17.40752220
v 19.54983139 -44.25470734 17.31618309
v 19.84843826 -44.06906891 17.00948334
v 19.81832504 -43.95293045 16.82165527
v 20.05126381 -43.85060120 16.57015991
v 20.05057144 -43.72587585 16.27154922
v 20.23330688 -43.68931198 16.09951782
v 20.15659714 -43.64460373 15.98096371
v 20.25681686 -43.58616638 15.68287945
v 20.02226448 -43.56574631 15.95654774
v 20.12222290 -43.50885773 15.65456676
v 19.92446518 -43.44207382 15.95495033
v 20.02472687 -43.38517761 15.64496136
v 19.89712715 -43.37741470 15.96185017
v 19.99770546 -43.32000351 15.64727688
v 20.00894356 -43.11657715 15.58359337
v 20.17691612 -43.25497437 15.00202465
v 20.17241859 -43.07998276 15.00081921
v 14.36374092 -47.50529480 18.66604233
v 15.38471317 -47.14229965 18.74614334
v 15.90229130 -46.91994858 18.76350212
v 16.40339279 -46.67110443 18.76058388
v 16.88523293 -46.39635468 18.73220253
v 17.34449196 -46.09747696 18.67245674
v 17.77665329 -45.77885437 18.57384491
v 18.17721558 -45.44571304 18.42893982
v 18.54294395 -45.10672760 18.23246193
v 18.87124062 -44.77216339 17.98017502
v 19.16192055 -44.45326233 17.67099190
v 19.41792870 -44.16252518 17.30792046
v 19.68464088 -43.86730576 16.80753517
v 19.91640472 -43.64513779 16.25082397
v 14.35758114 -47.41563416 18.74057770
v 14.35376644 -47.37966156 18.78674507
v 15.33856678 -47.04593658 18.83651924
v 14.34814262 -47.34334564 18.85479546
v 15.32197285 -47.01399231 18.88767433
v 14.34556961 -47.33190918 18.88593864
v 14.33775711 -47.31430817 18.98048210
v 15.42985153 -46.90887070 19.05747032
v 15.83248043 -46.78653336 18.90397453
v 15.85056400 -46.82017136 18.85250282
v 16.34589958 -46.56768036 18.84774208
v 15.95487690 -46.65971375 19.07187653
v 16.32640457 -46.53202820 18.89938927
v 16.82180214 -46.28913116 18.81690216
v 16.46196938 -46.38005447 19.06170082
v 16.80099487 -46.25112152 18.86849403
v 17.27501106 -45.98641205 18.75390816
v 16.94812012 -46.07038498 19.02042580
v 17.25300789 -45.94566727 18.80506897
v 17.70117950 -45.66413879 18.65102196
v 17.40910530 -45.73366928 18.93946838
v 17.67810822 -45.62027359 18.70112228
v 18.09599495 -45.32773972 18.50059509
v 17.83966446 -45.37502670 18.80847549
v 18.07199097 -45.28039932 18.54874229
v 18.45650291 -44.98610306 18.29722214
v 18.23506927 -45.00218964 18.61845016
v 18.43166924 -44.93511581 18.34233284
v 18.78042030 -44.64965439 18.03659821
v 18.59168625 -44.62790298 18.36315346
v 18.75480652 -44.59514236 18.07743835
v 19.06775284 -44.32966995 17.71769905
v 18.90703583 -44.26579285 18.03823853
v 19.04141235 -44.27198792 17.75305939
v 19.32149315 -44.03849030 17.34374428
v 19.18362427 -43.93102264 17.64698029
v 19.29454231 -43.97819138 17.37270164
v 19.58687592 -43.74331284 16.82907677
v 19.42561340 -43.63892365 17.19523621
v 19.55943871 -43.68076324 16.84953308
v 19.81843376 -43.52139664 16.25710869
v 19.63915253 -43.40068817 16.69260597
v 19.79092789 -43.45732498 16.26856995
v 19.83179474 -43.22450256 16.15137482
v 20.25316048 -43.41121674 15.02245426
v 20.38655281 -43.51879120 15.05819607
v 20.39943123 -43.59057236 15.60719109
v 14.34811401 -47.34420395 18.85515022
v 14.35749054 -47.41685486 18.74167252
v 14.36488056 -47.53523636 18.65225029
v 14.36849785 -47.67830276 18.60847473
v 14.36877346 -47.73123550 18.60513115
v 14.33771324 -47.31429291 18.98101425
v 14.33766937 -47.31425858 18.98154449
v 14.33762360 -47.31422806 18.98209190
v 14.33757877 -47.31419754 18.98264122
v 14.88557625 -50.49970245 18.64783669
v 14.65377522 -50.42794037 18.62868118
v 14.46440220 -50.40709686 18.61303329
v 13.20139408 -48.00891113 18.50866508
v 11.80456066 -48.27463531 18.39323997
v 11.98601151 -48.16772079 18.40823364
v 11.81237602 -48.24744415 18.39388466
v 11.82934761 -48.22479248 18.39528847
v 15.43999958 -50.80709457 18.69365120
v 11.68609524 -50.40709686 18.38344955
v 11.87622738 -48.19353867 18.39916229
v 11.92996502 -48.17590332 18.40360260
v 13.19917393 -47.61762619 18.78811264
v 13.21611309 -47.66394806 18.69041252
v 13.23206902 -47.71864700 18.62402344
v 13.25385952 -47.80543900 18.56138802
v 11.96598721 -47.97003174 18.45938110
v 13.27616787 -47.90615463 18.52475357
v 11.94256496 -47.82435608 18.60196114
v 11.92201996 -47.76895142 18.79832840
v 13.14358902 -47.60714722 18.89189911
v 11.67040634 -48.21446991 18.40881729
v 11.60944557 -48.26337433 18.42640495
v 11.57901096 -48.18585205 18.45100784
v 11.45416069 -48.25487900 18.54933357
v 11.50123501 -48.16230011 18.51675224
v 11.44202042 -48.14530182 18.60138512
v 11.55570221 -48.06835938 18.51294518
v 11.50280476 -48.03696442 18.59370804
v 11.62391376 -48.00553894 18.50742912
v 11.57910156 -47.96379089 18.58284187
v 11.68825817 -47.96992493 18.50128365
v 11.65110683 -47.92177582 18.57100296
v 11.74609280 -47.95096970 18.49500656
v 11.71575642 -47.89904785 18.55905151
v 11.79815292 -47.94212723 18.48888206
v 11.77379227 -47.88816452 18.54741669
v 11.75317097 -47.84704208 18.61674118
v 11.74191093 -47.82767868 18.66803932
v 11.67889023 -47.84507370 18.68985176
v 11.66824722 -47.83551025 18.76244354
v 11.60040569 -47.87180710 18.78930855
v 11.59922886 -47.87996674 18.86681938
v 11.53277111 -47.94172287 18.89631081
v 11.68190479 -47.87072754 18.97043991
v 11.56718636 -48.01685715 19.04736900
v 11.46790600 -48.03174210 18.92288971
v 11.52521515 -48.12654877 19.07670784
v 11.42049408 -48.14744186 18.94144249
v 11.39648914 -48.25334167 18.92908096
v 11.39883232 -48.13809586 18.85645676
v 11.37684536 -48.25123596 18.73183250
v 11.39511490 -48.13452148 18.76840782
v 11.40534973 -48.13598251 18.69881630
v 11.46786690 -48.01847458 18.68706131
v 11.80490589 -47.79524231 18.88490677
v 11.72418022 -47.81039429 18.80555725
v 11.66334629 -47.83813858 18.83624649
v 11.85375786 -48.07899094 18.41421700
v 11.82518196 -48.00662613 18.44380379
v 11.81844521 -48.08711624 18.41320610
v 11.78098583 -48.10101318 18.41214561
v 11.74132442 -48.12401962 18.41100693
v 11.67900753 -48.05994797 18.44895744
v 11.62319469 -48.11069107 18.45024490
v 11.70122337 -48.16143036 18.40979195
v 11.45452881 -48.01795959 18.83954239
v 11.52788448 -47.92916870 18.81557083
v 11.45596790 -48.01414490 18.75411034
v 11.53419113 -47.92869568 18.73396873
v 11.60971642 -47.87622833 18.71206284
v 11.54719734 -47.93710327 18.67052078
v 11.62282944 -47.88877106 18.65257263
v 11.69131851 -47.86132812 18.63444901
v 11.73229408 -48.03069305 18.44733047
v 11.78085518 -48.01462936 18.44556427
v 11.73109055 -47.81335831 18.73582077
v 11.34023380 -50.79045105 19.05336761
v 11.28043842 -50.69076538 18.96008873
v 11.35318756 -49.31149673 18.96305847
v 11.31952190 -49.30917358 18.86344147
v 11.33443642 -49.30904770 18.65554428
v 11.31324291 -49.30834579 18.75858688
v 11.24618149 -50.58128738 18.82826042
v 11.42426682 -49.31335831 18.50899315
v 11.38134193 -49.31122208 18.56158066
v 11.27994919 -50.45854187 18.62997246
v 11.57081604 -49.32104492 18.41246414
v 11.54817677 -50.40709686 18.39587212
v 11.41382122 -50.40709686 18.46141052
v 11.33405495 -50.42131805 18.53893089
v 11.30216503 -50.40709686 18.05260277
v 11.11826038 -50.45838165 18.16057587
v 11.24678612 -50.45838165 18.56614494
v 10.97432613 -50.59909058 18.18322945
v 11.11607456 -50.59909058 18.63052750
v 11.11599350 -50.45838165 17.73513412
v 11.33706474 -50.40709686 17.63025856
v 11.24018764 -50.45838165 17.32821655
v 11.51430893 -50.40709686 17.24532127
v 11.47963619 -50.45838165 16.97654915
v 11.81252098 -50.40709686 16.94422150
v 11.81272793 -50.45838165 16.71186829
v 12.19573116 -50.40709686 16.76327324
v 12.20940113 -50.45838165 16.55806351
v 12.61771870 -50.40709686 16.72430420
v 12.63385582 -50.45838165 16.52901459
v 12.17772961 -50.59909058 16.41584015
v 12.64585590 -50.59909058 16.38380241
v 11.74024391 -50.59909058 16.58547020
v 11.37288189 -50.59909058 16.87738228
v 11.10879707 -50.59909058 17.26523209
v 10.97182465 -50.59909058 17.71401596
v 13.01635933 -50.40709686 16.75724602
v 13.03249741 -50.45838165 16.56195450
v 13.04449654 -50.59909058 16.41674423
v 13.04928112 -50.79313660 16.35884666
v 14.01388836 -50.40709686 17.44105339
v 14.12928867 -50.40709686 17.84455872
v 14.22984695 -50.45838165 17.44507790
v 14.32415009 -50.45838165 17.82387924
v 14.46904278 -50.59909058 17.80850410
v 14.36503696 -50.59909058 17.39072800
v 14.52681255 -50.79313660 17.80237198
v 14.41893864 -50.79313660 17.36905861
v 14.15092468 -50.59909058 17.01721764
v 14.19686222 -50.79313660 16.98165703
v 13.84297276 -50.59909058 16.71635437
v 13.87745571 -50.79313660 16.66960144
v 13.46458054 -50.59909058 16.51099396
v 13.48498917 -50.79313660 16.45660400
v 13.41339207 -50.45838165 16.64741325
v 13.75648499 -50.45838165 16.83361626
v 14.03570843 -50.45838165 17.10641289
v 13.42244244 -50.40709686 16.86322021
v 13.76860142 -50.40709686 17.10051346
v 14.23781013 -50.40709686 18.25175285
v 14.47412968 -50.42267990 18.44865036
v 14.55609798 -50.46718979 18.38978386
v 14.71948814 -50.46759796 18.57423019
v 14.76590347 -50.52124023 18.52345085
v 14.86794472 -50.52172089 18.60599899
v 14.90726852 -50.60973740 18.55136681
v 15.01188087 -50.61061096 18.61691284
v 15.03167915 -50.71415710 18.58122826
v 15.25140190 -50.71681213 18.67045593
v 15.10673428 -50.80228043 18.60646820
v 14.93122005 -50.71292496 18.51807594
v 14.82314014 -50.79804230 18.41209221
v 14.83913708 -50.71178055 18.44337273
v 14.70016003 -50.71001434 18.28633118
v 14.66652107 -50.60767746 18.31048012
v 14.53711987 -50.60650635 18.07175064
v 14.47419548 -50.51980209 18.09576225
v 14.62258434 -50.79487610 18.13264656
v 14.57605743 -50.70835495 18.05690956
v 14.31609726 -50.42257309 18.15603256
v 14.41016483 -50.46680450 18.12017632
v 14.61184120 -50.52050018 18.34975243
v 14.81134892 -50.60892868 18.47376442
v 11.85634995 -47.79028320 18.91417313
v 11.89322662 -47.78698349 18.93704796
v 11.93093491 -47.78351593 18.95844841
v 11.83575058 -47.84277725 19.04566765
v 11.87774181 -47.83915710 19.06956482
v 11.79831123 -47.90908813 19.12131691
v 11.84337425 -47.90542984 19.14692307
v 11.76486778 -48.01565170 19.19662857
v 11.81312752 -48.01204681 19.22387123
v 11.74821281 -48.14026260 19.24579430
v 11.79875660 -48.13678741 19.27400589
v 11.79468346 -47.84621429 19.02015686
v 11.75423813 -47.91255569 19.09399414
v 11.71766376 -48.01907349 19.16755867
v 11.69876671 -48.14356613 19.21567154
v 12.01789284 -48.12071609 19.36972046
v 11.90283680 -48.12935257 19.32456398
v 11.91252518 -48.00430298 19.27275658
v 11.93620396 -47.89755249 19.19287682
v 11.96424866 -47.83136368 19.11241341
v 12.00861549 -47.77606964 18.99673080
v 12.13618183 -48.11139297 19.40541077
v 12.36774540 -47.95553970 19.38794136
v 12.36126900 -47.78055191 19.20018196
v 12.14454174 -47.87831879 19.26666641
v 12.13553524 -47.98545074 19.35124016
v 12.37355518 -47.72060776 18.95083809
v 12.18290520 -47.75799179 19.05759239
v 12.15839577 -47.81233597 19.18102074
v 12.03888893 -47.88833618 19.23402023
v 12.02245426 -47.99525833 19.31652069
v 12.13854313 -47.74732971 18.90337372
v 12.09453297 -47.76739120 19.03080559
v 12.05994225 -47.82224274 19.15071297
v 14.59531498 -51.57926178 17.99817467
v 14.60236549 -51.78194427 17.99835777
v 14.60941505 -51.98462677 17.99854279
v 14.70406818 -51.77768707 18.22196388
v 14.71106911 -51.98037338 18.22226906
v 14.85643101 -51.77173233 18.41415024
v 14.86343002 -51.97441483 18.41456795
v 15.01233292 -51.76584625 18.53850937
v 15.01936150 -51.96852875 18.53900528
v 15.23320961 -51.75770950 18.64573097
v 15.24030304 -51.96039200 18.64629364
v 14.69706726 -51.57500458 18.22166061
v 14.84943295 -51.56904602 18.41373253
v 15.00530529 -51.56316376 18.53801537
v 15.22611618 -51.55503082 18.64516830
v 45.46387100 -50.25709534 27.56252098
v 45.75662613 -50.25709534 27.27236557
v 45.50252914 -50.23735046 27.68607330
v 45.84803009 -50.20115662 27.48711586
v 45.52817917 -50.20115662 27.76450729
v 45.96008682 -50.04898071 27.58218956
v 45.60644531 -50.04898071 27.88888359
v 45.99728394 -49.84313583 27.61375237
v 45.63242722 -49.84313583 27.93017578
v 46.06962585 -50.20115662 27.12635803
v 45.93251038 -50.25709534 26.89959145
v 46.17243958 -50.20115662 26.71565247
v 45.97031784 -50.25709534 26.48914337
v 46.14694595 -50.20115662 26.29304123
v 45.86549377 -50.25709534 26.09051132
v 45.99550629 -50.20115662 25.89767265
v 45.63066864 -50.25709534 25.75175858
v 45.73215103 -50.20115662 25.56616974
v 45.36089706 -50.22529984 25.37239647
v 45.41702271 -50.13496017 25.25353622
v 45.29416275 -50.25709534 25.51372528
v 45.83196640 -50.04898071 25.45831490
v 45.45361328 -50.00044250 25.17604446
v 45.86510086 -49.84313583 25.42251015
v 45.46485138 -49.84313583 25.15224075
v 46.12313843 -50.04898071 25.82483864
v 46.16551208 -49.84313583 25.80065918
v 46.29057693 -50.04898071 26.26197433
v 46.33826065 -49.84313583 26.25165939
v 46.31876373 -50.04898071 26.72922897
v 46.36734009 -49.84313583 26.73373604
v 46.20508957 -50.04898071 27.18332291
v 46.25006104 -49.84313583 27.20223236
v 45.18928909 -49.84313583 28.12219048
v 45.19245529 -49.84579468 28.12144470
v 45.32228088 -49.96173096 28.06651688
v 45.44073105 -50.09064102 27.95042992
v 45.50320435 -50.19921875 27.78362656
v 44.93246078 -50.25709534 25.34293175
v 44.99919510 -50.22529984 25.20160294
v 45.05531693 -50.13496017 25.08274460
v 45.09190750 -50.00044250 25.00525284
v 45.10314941 -49.84313583 24.98144913
v 43.46767426 -50.25709534 25.71529579
v 43.34154892 -50.22529984 25.62299347
v 43.76125336 -50.25709534 25.43260384
v 43.56943512 -50.20115662 25.31995964
v 43.90065765 -50.20115662 25.12812042
v 43.47898865 -50.04898071 25.20413589
v 43.84520340 -50.04898071 24.99203110
v 43.44896317 -49.84313583 25.16568565
v 43.82679367 -49.84313583 24.94685364
v 43.23547363 -50.13496017 25.54536629
v 43.16632080 -50.00044250 25.49475670
v 43.14507675 -49.84313583 25.47920990
v 44.25535965 -50.04898071 24.88776588
v 44.24996185 -49.84313583 24.83927917
v 44.67840958 -50.04898071 24.89923286
v 44.68642807 -49.84313583 24.85111046
v 44.65425491 -50.20115662 25.04418755
v 44.27162933 -50.20115662 25.03381538
v 44.53951645 -50.25709534 25.23476219
v 44.13314819 -50.25709534 25.26587486
v 42.69557190 -50.24044037 26.12456322
v 42.92268753 -50.24033737 26.03461647
v 43.16912079 -50.25709534 26.01450348
v 43.17181396 -50.24024582 25.86773491
v 43.10426331 -50.19228363 25.78841019
v 43.05910873 -50.13530731 25.73535538
v 43.01589203 -50.04228592 25.68452454
v 42.81350327 -50.04330826 25.82042694
v 42.79605865 -49.93547058 25.78620148
v 42.61812592 -49.93702316 25.85671997
v 42.58392715 -49.84804916 25.85739326
v 42.49172211 -49.93824005 25.88432693
v 42.36268616 -49.93956375 25.89573288
v 42.49764252 -50.04528046 25.92273712
v 42.36363983 -50.04622650 25.93479729
v 42.50785065 -50.13709641 25.98885727
v 42.36531448 -50.13766098 26.00169373
v 42.51845169 -50.19327545 26.05745125
v 42.10519791 -49.94244766 25.87008476
v 42.24143982 -49.85229492 25.88264275
v 42.89720154 -49.84487534 25.71733665
v 42.99117279 -49.93403244 25.65546989
v 42.84382248 -50.13591766 25.87997627
v 42.62886429 -50.04441452 25.89387703
v 42.64742661 -50.13658142 25.95814133
v 42.87543869 -50.19262314 25.94198990
v 42.66674042 -50.19298935 26.02492142
v 45.40345001 -50.89185715 28.05888367
v 45.38885498 -50.62823868 28.05480957
v 45.37407303 -50.36462021 28.05070877
v 45.49115753 -50.62648010 27.91616821
v 45.47761154 -50.36278152 27.91222763
v 45.51334000 -50.62684631 27.85298920
v 45.50020599 -50.36313248 27.84894371
v 45.50454712 -50.89017868 27.92009354
v 45.52632904 -50.89055634 27.85702133
v 45.52402115 -50.89520645 27.65336609
v 45.48452759 -50.89918137 27.55873489
v 45.42196274 -50.90394974 27.47739601
v 45.38574982 -50.25709534 27.45758820
v 45.46024704 -50.37189102 27.54835892
v 45.39751434 -50.37677765 27.46623421
v 45.40979767 -50.64036179 27.47183990
v 45.47244263 -50.63553619 27.55356598
v 45.49951553 -50.36782837 27.64385986
v 45.51182556 -50.63151932 27.64862633
v 43.18027115 -48.69313812 25.49913025
v 43.02876663 -49.28363800 25.63646126
v 42.82915115 -49.27936172 25.77760315
v 42.60186005 -49.27339935 25.86657333
v 42.40538025 -49.26752090 25.89565086
v 42.60643387 -49.12525940 25.86887169
v 42.41000366 -49.11938095 25.89790916
v 42.61100769 -48.97711945 25.87117004
v 42.41463089 -48.97124100 25.90016747
v 42.61936569 -48.69806290 25.87525558
v 42.27786255 -48.70229340 25.90098381
v 42.17108154 -48.96313095 25.88217735
v 42.16638184 -49.11127090 25.87993813
v 42.16168594 -49.25941086 25.87770081
v 42.83821487 -48.98307800 25.78235817
v 42.93203735 -48.69489288 25.73516083
v 43.03780365 -48.98735809 25.64141655
v 43.03328705 -49.13549805 25.63893890
v 42.83368301 -49.13122177 25.77997971
v 42.32316589 -47.18053436 26.40332413
v 42.38576126 -47.23822403 26.22312927
v 41.79093933 -46.95001984 26.14142609
v 41.54174042 -46.82787704 25.89798355
v 41.28264618 -46.68217850 25.87177086
v 40.79510880 -46.37164307 25.45642471
v 40.80710602 -46.37821579 25.58738708
v 40.37312317 -46.03932953 25.28130150
v 40.41550064 -46.07416916 25.18372536
v 39.99105072 -45.66650391 24.94716454
v 39.93279648 -45.59156799 24.74289131
v 39.67143631 -45.26949310 24.57954979
v 39.55775070 -45.07878494 24.24404716
v 39.42341995 -44.86265945 24.17286682
v 39.40464020 -44.79489136 23.94104385
v 39.25612640 -44.46035385 23.72152519
v 39.25235748 -44.37314224 23.43447113
v 39.17299271 -44.07905960 23.22133064
v 39.19654846 -43.98530197 22.87381744
v 39.16527939 -43.73934937 22.67653275
v 39.22151566 -43.65894318 22.26496506
v 39.22053528 -43.46077728 22.09396935
v 39.31098938 -43.41214371 21.61805153
v 39.32419205 -43.25362396 21.48254395
v 39.37739944 -43.31891632 21.27267647
v 39.46395111 -43.12449265 20.85243034
v 39.45463562 -43.25096512 20.92251205
v 39.62751007 -43.07998276 20.21379471
v 39.62301254 -43.25497437 20.21258926
v 39.41863632 -43.40053558 20.88863754
v 39.54676437 -43.41121674 20.19215965
v 39.32767487 -43.52212524 20.84697151
v 39.27214813 -43.56228638 20.82737541
v 39.20517349 -43.62946701 21.15769386
v 39.12651443 -43.59159088 20.62473297
v 39.02233887 -43.69185257 21.13303947
v 39.14935303 -43.72179031 21.48383713
v 38.94458771 -43.85305023 21.63135910
v 39.08122635 -43.96596909 22.09582710
v 38.90199661 -44.07035065 22.11392021
v 38.90330124 -44.33877945 22.57498550
v 39.07873154 -44.28771210 22.67352104
v 38.95731735 -44.64841461 23.00989151
v 39.15751266 -44.66829300 23.20816422
v 39.07296371 -44.98340225 23.41527176
v 39.33202362 -45.07991791 23.69564247
v 39.25526810 -45.32936478 23.78939056
v 39.49896622 -45.35586166 23.99000359
v 39.49906158 -45.67673111 24.13457108
v 39.89751053 -45.85268784 24.47976494
v 39.79751968 -46.01671219 24.45379829
v 40.14381409 -46.34051895 24.75005531
v 40.40211105 -46.31964874 24.91886330
v 40.53113556 -46.63964844 25.02635956
v 40.79396439 -46.60621262 25.19227028
v 40.95300293 -46.91044998 25.28623009
v 41.40318680 -47.15329742 25.53360748
v 41.56123734 -47.04628372 25.63966751
v 42.40047073 -47.37506866 26.07899475
v 41.57122803 -46.99308014 25.67434692
v 41.57136154 -46.89307404 25.77526283
v 40.82218933 -46.44489670 25.33010864
v 39.24838638 -43.55709457 20.11220932
v 39.41337585 -43.51879120 20.15641785
v 40.81122208 -46.55126190 25.22702408
v 40.44137955 -46.15388107 25.05674553
v 39.95566177 -45.68265152 24.61682892
v 40.42383957 -46.26414490 24.95338821
v 39.92669678 -45.79772186 24.51396370
v 39.53540421 -45.30256271 24.02338600
v 39.37209702 -45.02801514 23.72836876
v 39.20224380 -44.61911011 23.23954964
v 39.12697601 -44.24158478 22.70302010
v 39.13218307 -43.92249298 22.12267685
v 39.20258713 -43.68026733 21.50733376
v 39.25953674 -43.58869934 21.17927551
v 39.57619858 -45.18334198 24.12311935
v 39.41946030 -44.90710831 23.82507133
v 39.25941849 -44.49669647 23.32949638
v 39.19345474 -44.11886597 22.78364182
v 39.20727539 -43.80008316 22.19189644
v 39.28566742 -43.55833435 21.56357574
v 39.34659195 -43.46697998 21.22834206
v 44.22309875 -47.68961334 27.31583214
v 44.87380981 -47.76895142 27.62773323
v 44.22832870 -47.69690704 27.22168541
v 44.95420074 -47.82435608 27.44740105
v 44.26652908 -47.73787308 27.12692451
v 44.29495621 -47.80430984 27.04421997
v 43.58834457 -47.60572433 26.80363846
v 43.61233139 -47.67148972 26.72007751
v 42.98031616 -47.44170761 26.51368141
v 43.00012970 -47.50653839 26.42930984
v 43.00571823 -47.57295227 26.37401390
v 42.99983597 -47.66883850 26.32370758
v 43.62174225 -47.83715057 26.61761475
v 44.31481552 -47.97280121 26.94514656
v 45.00520706 -47.97003174 27.31221390
v 44.30895996 -47.87305450 26.99129868
v 42.94806671 -47.40074158 26.60878563
v 42.94439316 -47.39650345 26.70196152
v 43.55318451 -47.56465149 26.89856148
v 43.57883835 -47.56581879 27.00665092
v 43.62197876 -47.73918152 26.66592598
v 45.08838272 -48.07457352 27.30944252
v 45.09233093 -48.00426102 27.34202003
v 45.08900452 -47.94054031 27.38615608
v 45.17365646 -48.01520920 27.39348793
v 45.17923355 -47.95160294 27.45394325
v 45.25224686 -48.05480957 27.44246101
v 45.26962280 -47.99917984 27.51927185
v 45.30659485 -48.11075974 27.47556305
v 45.33373260 -48.06840134 27.56362915
v 45.34059525 -48.17480850 27.49597931
v 45.37435532 -48.14843369 27.59102631
v 45.33046722 -48.26337433 27.46192551
v 45.40348434 -48.25487900 27.64602661
v 45.38298798 -48.12934494 27.69331360
v 45.37919235 -48.25123596 27.84273338
v 45.36610794 -48.11879730 27.79564667
v 45.34053802 -48.11705017 27.86080742
v 45.29958344 -48.01416016 27.82232666
v 45.20483780 -48.03174210 27.96259689
v 45.15575409 -47.93143845 27.89885139
v 45.05658340 -48.01688004 28.02083015
v 44.99569321 -47.87081528 27.89684105
v 45.08006668 -47.83930969 27.79153442
v 44.99881363 -47.79062271 27.66438293
v 45.14008713 -47.84601212 27.65679932
v 45.04655838 -47.81948471 27.54649353
v 45.15703964 -47.86214447 27.60259438
v 45.06150436 -47.84183884 27.50185394
v 45.17358017 -47.89975739 27.52483940
v 45.07858658 -47.88571930 27.44014549
v 44.93173981 -47.79555130 27.76099968
v 45.07825089 -48.12656021 28.06720543
v 45.23353958 -48.13114166 27.99844170
v 45.26355743 -48.25334167 28.00373268
v 45.08498001 -48.26067352 28.08948326
v 45.28360367 -48.20681000 27.41459465
v 45.25919342 -48.16152954 27.40151787
v 45.21882629 -48.12015152 27.37981796
v 45.15700912 -48.08765793 27.34644318
v 45.23386002 -47.91957855 27.75759697
v 45.25394440 -47.92858124 27.69669342
v 45.32275391 -48.01848602 27.75841904
v 45.27015686 -47.95628738 27.60575867
v 45.33917999 -48.03698730 27.66005898
v 45.29620743 -48.30709457 27.42006874
v 45.38654327 -48.30709457 27.56504059
v 45.40769196 -48.31733322 27.65711403
v 45.40858078 -48.34502411 27.74828529
v 45.39463806 -48.35625076 27.81759262
v 45.36867523 -48.35603333 27.88122940
v 45.37168884 -48.40845490 27.88204384
v 45.35742950 -48.43605042 27.91063309
v 45.25445557 -48.35865021 28.01820755
v 45.25777817 -48.41104507 28.01908493
v 45.26108932 -48.46343994 28.01996040
v 45.25249481 -48.55826569 28.03228951
v 45.11456299 -48.69313812 28.09877396
v 45.11657715 -48.69126892 28.09826469
v 45.56131744 -48.69313812 27.92618752
v 45.53291702 -48.49908829 27.87550354
v 45.46054077 -48.35838318 27.74904060
v 45.78277206 -48.35838318 27.48842049
v 45.69152832 -48.30709457 27.29266548
v 46.01076889 -48.35838318 27.14067841
v 45.88157272 -48.30709457 26.93060684
v 46.12145615 -48.35838318 26.73985863
v 45.93252182 -48.30709457 26.52488708
v 46.10421371 -48.35838318 26.32439423
v 45.83789825 -48.30709457 26.12708092
v 45.96069717 -48.35838318 25.93412399
v 45.60972595 -48.30709457 25.78775215
v 45.70467377 -48.35838318 25.60646820
v 45.27701569 -48.30709457 25.55003929
v 45.36068726 -48.35838318 25.37284470
v 45.80421066 -48.49908829 25.50006104
v 45.42290115 -48.49908829 25.24108696
v 45.84389877 -48.69313812 25.45763588
v 45.44770432 -48.69313812 25.18855476
v 45.93385315 -48.69313812 27.62520599
v 45.89078522 -48.49908829 27.58621407
v 46.14352036 -48.49908829 27.20074081
v 46.19644928 -48.69313812 27.22468758
v 46.26621628 -48.49908829 26.75642967
v 46.32393265 -48.69313812 26.76303673
v 46.24710464 -48.49908829 26.29588509
v 46.30407333 -48.69313812 26.28451920
v 46.08801651 -48.49908829 25.86326981
v 46.13877869 -48.69313812 25.83501816
v 45.08600235 -48.69313812 25.01776314
v 45.06119537 -48.49908829 25.07029533
v 44.99898148 -48.35838318 25.20205116
v 44.91531372 -48.30709457 25.37924767
v 43.22704697 -48.49908829 25.53358269
v 43.47665024 -48.69313812 25.19502258
v 43.51229477 -48.49908829 25.24089622
v 43.84456635 -48.69313812 24.98297882
v 43.86639023 -48.49908829 25.03681755
v 44.25627899 -48.69313812 24.87898445
v 44.26263809 -48.49908829 24.93672752
v 44.68075562 -48.69313812 24.89087677
v 44.67117310 -48.49908829 24.94817543
v 44.64713669 -48.35838318 25.09188652
v 44.53653336 -48.30709457 25.27482033
v 44.27859116 -48.35838318 25.08156013
v 44.14473343 -48.30709457 25.30436707
v 43.92112732 -48.35838318 25.17185020
v 43.78590012 -48.30709457 25.46442223
v 43.60169220 -48.35838318 25.35595322
v 43.50214767 -48.30709457 25.73619843
v 43.34436798 -48.35838318 25.61998940
v 42.11980438 -48.59463120 25.88973618
v 42.35506439 -48.59213638 25.92276764
v 42.35421371 -48.49166870 25.96885490
v 42.60113144 -48.49013138 25.94555283
v 42.61305237 -48.42123032 26.00024414
v 42.80989075 -48.48898697 25.87672043
v 42.83275223 -48.42049026 25.92778206
v 43.04342270 -48.48790741 25.73464966
v 43.07852554 -48.41979218 25.77821922
v 43.13381577 -48.35556793 25.84679604
v 43.19799805 -48.31712341 25.92638779
v 42.91070938 -48.31719589 26.10186577
v 43.20602036 -48.30709457 26.03070450
v 42.63186264 -48.35621643 26.08668137
v 43.01405334 -48.58666611 25.69821548
v 42.79084396 -48.58823395 25.83420181
v 42.59124756 -48.58990097 25.90020752
v 42.86881256 -48.35588455 26.00830650
v 15.10215187 -47.53805923 19.66544914
v 15.91811085 -47.18259811 19.72041893
v 15.08265400 -47.42545319 19.64644814
v 15.83558464 -47.00728607 19.66688347
v 15.03969193 -47.30310059 19.58633041
v 15.77305126 -46.86313248 19.54150391
v 15.00671864 -47.20068359 19.49282646
v 15.74061680 -46.77344131 19.36454582
v 14.98968315 -47.13949585 19.39856911
v 14.98090363 -47.09251785 19.26392746
v 14.20005703 -47.40954971 19.34687805
v 14.19511223 -47.36018753 19.21429634
v 13.28944969 -47.63782120 19.28391647
v 13.28878212 -47.58634567 19.15354347
v 13.24692440 -47.58168411 19.01108742
v 14.10513401 -47.37563705 19.06737900
v 14.94004631 -47.10009766 19.11884499
v 15.74352455 -46.75270462 19.16461372
v 13.29582405 -47.70256805 19.37450790
v 13.31086349 -47.80929565 19.46367264
v 13.33239079 -47.93579102 19.52023506
v 14.23622799 -47.57767868 19.53076363
v 14.26875019 -47.70255661 19.58916092
v 13.33277512 -48.04819489 19.53711319
v 14.23843384 -47.82723999 19.60420799
v 14.21195698 -47.47273254 19.43936157
v 16.62901306 -46.25743103 19.18170166
v 16.51289749 -46.32681274 19.29507256
v 16.52914047 -46.35268402 19.42978287
v 16.56372833 -46.40829849 19.55102348
v 16.60353470 -46.47251129 19.63205910
v 17.30562973 -45.87673950 19.48628616
v 17.35261154 -45.92543030 19.56803131
v 17.74468231 -45.50025177 19.38878441
v 17.79628944 -45.53773499 19.47012329
v 18.14268684 -45.10766220 19.24066734
v 18.19881821 -45.13324356 19.32078171
v 18.50677681 -44.70207214 19.03559113
v 18.56733322 -44.71514893 19.11357117
v 18.83490562 -44.29615784 18.76965904
v 18.89967346 -44.29650116 18.84451485
v 19.12501907 -43.90259171 18.43897629
v 19.19367027 -43.89035416 18.50963974
v 19.37602806 -43.53420639 18.04080200
v 19.44812393 -43.50993729 18.10614395
v 19.59442520 -43.20513153 17.58155251
v 19.66946030 -43.16991425 17.64055824
v 19.79003906 -42.92961121 17.07201576
v 19.86746025 -42.88510513 17.12385178
v 19.88148499 -42.81478500 16.80177116
v 19.95988846 -42.76636505 16.84976196
v 19.96943855 -42.71602631 16.52301216
v 20.04868698 -42.66421890 16.56700516
v 20.07757378 -42.61416245 16.15675545
v 20.15770531 -42.55881500 16.19544983
v 20.18206406 -42.54062271 15.78163815
v 20.26286697 -42.48266220 15.81485176
v 20.48058701 -42.41454315 15.04179764
v 20.37812996 -42.43712997 15.85608292
v 20.70535088 -42.35709763 15.10202312
v 20.55953789 -42.39228439 15.67669296
v 20.40738106 -42.49548340 16.24103165
v 20.27222061 -42.51633072 16.24155998
v 20.16204262 -42.62568283 16.61781693
v 16.66455460 -46.57110977 19.70699883
v 17.42261124 -46.00447464 19.64758301
v 17.87206841 -45.60280228 19.55139732
v 18.28031158 -45.18364334 19.40251732
v 18.65450859 -44.75034714 19.19448090
v 18.99238396 -44.31649399 18.92327118
v 19.29166222 -43.89566422 18.58487129
v 19.55101776 -43.50161362 18.17647934
v 19.77668190 -43.14948654 17.70494080
v 19.97820854 -42.85453796 17.18166924
v 20.07205963 -42.73154449 16.90413094
v 16.39376831 -46.90514374 19.74347687
v 16.85591316 -46.59831238 19.74628258
v 17.30077362 -46.26348114 19.72098732
v 17.72457504 -45.90203476 19.65974426
v 18.12357140 -45.51547623 19.55477142
v 18.49484062 -45.10955811 19.40031624
v 18.83645439 -44.69514465 19.19308472
v 19.14654350 -44.28340530 18.92993164
v 19.42324066 -43.88550949 18.60770607
v 19.66565704 -43.51277161 18.22459984
v 19.87896156 -43.17739487 17.78708076
v 20.07050323 -42.89165497 17.30472755
v 20.24549866 -42.66312408 16.78654099
v 20.30747032 -42.57368088 14.99541092
v 20.10227585 -42.63599777 15.74254704
v 19.99865341 -42.70626450 16.10922241
v 19.89145279 -42.80352020 16.46728706
v 19.80430031 -42.89780426 16.73985863
v 19.71373940 -43.00743866 17.00416374
v 19.52020836 -43.27062607 17.50273323
v 19.30444145 -43.58528519 17.95240402
v 19.05677605 -43.93812943 18.34244728
v 18.77077866 -44.31584549 18.66642761
v 18.44738197 -44.70607376 18.92694664
v 18.08845139 -45.09657288 19.12774849
v 17.69585037 -45.47509766 19.27257156
v 17.26238823 -45.83863068 19.36756325
v 20.04972076 -42.75045013 15.70825100
v 20.22577858 -42.79794312 14.97352219
v 20.08508110 -42.82584381 15.48999882
v 19.93893433 -42.90777588 15.99737835
v 19.94694138 -42.81763077 16.06525993
v 19.78444862 -43.04108810 16.48813248
v 19.84040833 -42.91038513 16.41389084
v 19.75370026 -43.00023270 16.67932320
v 19.61873817 -43.22312927 16.95473099
v 19.66355324 -43.10469818 16.93676949
v 19.47090721 -43.35555267 17.42270279
v 19.43886185 -43.45115662 17.38963318
v 19.24007034 -43.71961594 17.78483582
v 19.25639153 -43.65587616 17.86137009
v 19.01545715 -44.01956177 18.13178444
v 19.01078224 -43.99349976 18.24200058
v 18.75998878 -44.34185791 18.42466354
v 18.72788620 -44.35604477 18.55804253
v 18.47389793 -44.67741776 18.66493225
v 18.40844917 -44.73161316 18.81190300
v 18.15827370 -45.01716995 18.85522270
v 18.05409241 -45.10836029 19.00712013
v 17.81420517 -45.35203552 18.99817085
v 17.66643524 -45.47445297 19.14723015
v 17.44285202 -45.67316818 19.09654808
v 17.23817062 -45.82695007 19.23810959
v 17.04663467 -45.97556686 19.15540886
v 23.10700417 -42.35709763 15.30048180
v 23.03707504 -42.42972565 16.14673424
v 22.96917725 -42.64550781 16.96840096
v 22.90528297 -42.99817276 17.74160957
v 22.84724998 -43.47747421 18.44389915
v 22.79676437 -44.06948853 19.05486488
v 22.75529099 -44.75701523 19.55675697
v 22.72403526 -45.52008057 19.93499374
v 22.70390701 -46.33651352 20.17858887
v 22.69548798 -47.18259811 20.28046227
v 44.84280396 -48.24907303 28.11691284
v 44.63060760 -48.10319901 28.08579063
v 44.59957123 -48.23483276 28.10556602
v 44.50920105 -48.09446335 28.06763840
v 44.36137009 -48.21820450 28.05633926
v 44.38969803 -48.08502960 28.03973961
v 44.19299316 -47.95553970 27.91549110
v 44.41879654 -47.96242523 27.98678398
v 44.44692612 -47.87829590 27.92208862
v 44.55474854 -47.88831329 27.94664192
v 44.58420944 -47.80858231 27.84092331
v 44.68419266 -47.81764221 27.85534859
v 44.70326614 -47.76910782 27.73048401
v 44.64855957 -47.98139954 28.02967834
v 44.53279114 -47.97229767 28.01288605
v 44.66425323 -47.89752960 27.96235275
v 44.63377380 -47.74732971 27.61044312
v 44.61400604 -47.76055908 27.71726990
v 44.48581314 -47.79874420 27.81834602
v 44.29248047 -47.78055191 27.75612450
v 44.52624893 -47.75131226 27.69667435
v 44.40651321 -47.72060776 27.53404427
v 42.09986115 -47.10009766 26.39629745
v 41.38114548 -46.75270462 26.03419495
v 42.00640488 -47.08729553 26.47649002
v 41.28369904 -46.77344131 26.20879364
v 41.93272400 -47.12709427 26.59243202
v 41.16712952 -46.86313248 26.34582710
v 41.85513306 -47.20066071 26.68686295
v 41.79479218 -47.28014374 26.74079704
v 42.20965576 -47.34473038 26.86132622
v 42.15270615 -47.42531204 26.91622734
v 42.57014847 -47.47270966 27.03793907
v 42.51649857 -47.55420303 27.09378052
v 43.39596558 -47.70254898 27.43983841
v 43.34942627 -47.78547287 27.49770164
v 43.29996109 -47.90884399 27.54266930
v 42.45677948 -47.67593002 27.13506889
v 42.08820343 -47.54591751 26.95579147
v 41.05028534 -47.00728607 26.42314148
v 41.72535706 -47.39934158 26.77857399
v 43.46017075 -47.62449646 27.34297943
v 42.64129639 -47.39664841 26.94235229
v 42.28398895 -47.26982117 26.76631546
v 43.52586746 -47.58021927 27.22717285
v 43.62002945 -47.58168411 27.14953613
v 42.84865189 -47.37563705 26.76918221
v 42.71120834 -47.35450363 26.82652092
v 42.35578156 -47.22879410 26.65044022
v 39.45987320 -42.82412720 20.68166161
v 39.59494781 -42.79794312 20.16347504
v 39.41425323 -42.73093414 20.76196480
v 39.51325607 -42.57368088 20.14158630
v 39.35299301 -42.61554337 20.76243782
v 39.26557541 -42.51917648 20.75375366
v 39.20024490 -42.72798157 21.37357712
v 39.10709381 -42.63677979 21.37776756
v 39.10788345 -42.84721375 21.77251434
v 39.01121521 -42.76169205 21.78494263
v 38.98786545 -43.10181427 22.38357544
v 38.88639450 -43.02840805 22.40832710
v 38.91565323 -43.42406082 22.96066475
v 38.81060028 -43.36565018 22.99674606
v 38.90845871 -43.79975510 23.49644470
v 38.80136871 -43.75817108 23.54278564
v 38.98121262 -44.21426392 23.98471642
v 38.87385941 -44.19031906 24.04019547
v 39.13478470 -44.65031052 24.42629623
v 39.02875900 -44.64405441 24.48983383
v 39.36474228 -45.08960724 24.82465363
v 39.26127243 -45.10041046 24.89525223
v 39.66662598 -45.51386261 25.18325615
v 39.56659698 -45.54043579 25.26001167
v 39.84288025 -45.71519852 25.34887695
v 39.74479294 -45.74898911 25.42839432
v 40.03426361 -45.90834427 25.50646591
v 39.93823242 -45.94890213 25.58855057
v 40.31134415 -46.15358353 25.70643616
v 40.21820068 -46.20253372 25.79166412
v 40.60901642 -46.38316345 25.89598274
v 40.51885986 -46.43979645 25.98404503
v 40.44430161 -46.50493240 26.03447151
v 40.35464478 -46.60470200 26.06885910
v 40.52848816 -46.90542603 26.21040726
v 40.12665176 -46.59919739 25.98183632
v 40.04594803 -46.35187912 25.87531090
v 39.75386047 -46.26490402 25.73762131
v 39.75827026 -46.08149338 25.67041397
v 39.41744232 -45.90355301 25.47285080
v 39.55932617 -45.86827850 25.50841713
v 39.37588501 -45.64575195 25.33768082
v 39.66186142 -45.79392242 25.47485161
v 39.48160172 -45.57914352 25.30496025
v 39.34013748 -42.41454315 20.09519958
v 39.17979431 -42.46042633 20.74031830
v 39.01773071 -42.58220291 21.37270927
v 38.91989517 -42.71144485 21.78542900
v 38.79275513 -42.98727036 22.41738701
v 38.71569061 -43.33582306 23.01390266
v 38.70633698 -43.74124527 23.56734276
v 38.77991486 -44.18728638 24.07125664
v 38.93698502 -44.65531158 24.52645874
v 39.17254639 -45.12577820 24.93650627
v 39.06009674 -42.41395950 20.71666527
v 39.11537552 -42.35709763 20.03497314
v 38.95568466 -42.38992310 20.60612297
v 38.80721283 -42.49002457 21.17183876
v 38.89506531 -42.54066849 21.35651016
v 38.67422867 -42.65912628 21.72540283
v 38.79589462 -42.67470932 21.77446175
v 38.56454468 -42.89209366 22.26124191
v 38.66769409 -42.96044159 22.41493607
v 38.48799515 -43.17988586 22.77443123
v 38.59086990 -43.32137299 23.01981735
v 38.45442963 -43.51343155 23.26004982
v 38.58304596 -43.74123764 23.58100128
v 38.47369003 -43.88364792 23.71319008
v 38.65943527 -44.20334244 24.09160805
v 38.55247116 -44.28075790 24.13060188
v 38.82047272 -44.68835831 24.55227280
v 38.68917847 -44.69316483 24.51342010
v 38.88088608 -45.10897446 24.86348915
v 39.06100845 -45.17594147 24.96646881
v 39.12466431 -45.51628876 25.18265343
v 40.69015121 -46.35648346 25.78696442
v 40.39450073 -46.13300705 25.60122108
v 40.11940765 -45.89461899 25.40535164
v 39.92943573 -45.70714188 25.25100899
v 39.75450134 -45.51198578 25.08878708
v 39.45481491 -45.10166550 24.73743057
v 39.22611237 -44.67796707 24.34702301
v 39.07238007 -44.25853729 23.91422653
v 38.99758530 -43.86103058 23.43571281
v 39.00065613 -43.50193024 22.91079903
v 39.06714249 -43.19467545 22.34579277
v 39.18040085 -42.95219803 21.74815178
v 39.26824570 -42.83855820 21.35839844
v 40.60541916 -46.25806046 25.60631561
v 40.25669861 -45.97658157 25.37483215
v 39.94296646 -45.67424011 25.12589645
v 39.67083359 -45.35258865 24.85522842
v 39.44487381 -45.01670837 24.55963516
v 39.26721954 -44.67594147 24.23723984
v 39.13985825 -44.33989334 23.88624191
v 39.06476974 -44.01816177 23.50484276
v 39.04279327 -43.72004318 23.09187889
v 39.06770706 -43.45290375 22.65013313
v 39.13058853 -43.22339630 22.18388367
v 39.22251511 -43.03816223 21.69741631
v 39.33458328 -42.90380859 21.19502258
v 39.85746765 -45.99974060 25.63631058
v 40.14047623 -46.26079178 25.84088898
v 24.49865913 -46.33651352 20.37330246
v 24.78222275 -47.18259811 20.51587486
v 26.28108215 -46.33651352 20.65969086
v 26.85116386 -47.18259811 20.87554550
v 28.04649544 -46.33651352 21.03700256
v 28.89491844 -47.18259811 21.35819054
v 29.79026604 -46.33651352 21.50424385
v 30.90618324 -47.18259811 21.96208572
v 31.50781631 -46.33651352 22.06019020
v 32.87777328 -47.18259811 22.68507195
v 33.19463348 -46.33651352 22.70338249
v 34.84629059 -46.33651352 23.43213081
v 34.95065689 -45.52008057 23.21110725
v 33.28754044 -45.52008057 22.47730446
v 31.58901978 -45.52008057 21.82965088
v 29.85955620 -45.52008057 21.26984596
v 28.10368919 -45.52008057 20.79936409
v 26.32602692 -45.52008057 20.41943550
v 24.53123856 -45.52008057 20.13105965
v 24.58182716 -44.75701523 19.75491905
v 24.64895248 -44.06948853 19.25581169
v 24.73066711 -43.47747421 18.64823341
v 24.82459641 -42.99817276 17.94983864
v 24.92801094 -42.64550781 17.18091583
v 25.03790665 -42.42972565 16.36380577
v 25.49055099 -42.35709763 15.56937885
v 27.02499199 -42.42972565 16.68307877
v 27.85377121 -42.35709763 15.98020840
v 28.99311638 -42.42972565 17.10371399
v 30.18822479 -42.35709763 16.53150368
v 30.93711281 -42.42972565 17.62460518
v 32.48556900 -42.35709763 17.22129440
v 32.85187531 -42.42972565 18.24438858
v 34.73759079 -42.35709763 18.04711533
v 34.73237991 -42.42972565 18.96143341
v 36.93625259 -42.35709763 19.00601768
v 36.57368851 -42.42972565 19.77385712
v 34.41899490 -42.64550781 19.72401810
v 36.22165298 -42.64550781 20.51939011
v 34.12409592 -42.99817276 20.44163132
v 35.89038467 -42.99817276 21.22095680
v 33.85624313 -43.47747421 21.09342384
v 35.58949661 -43.47747421 21.85817337
v 33.62322235 -44.06948853 21.66045952
v 35.32773590 -44.06948853 22.41252899
v 33.43180084 -44.75701523 22.12626266
v 35.11270905 -44.75701523 22.86791611
v 26.39581490 -44.75701523 20.04638100
v 28.19249344 -44.75701523 20.43037224
v 29.96714401 -44.75701523 20.90588951
v 31.71510887 -44.75701523 21.47168159
v 26.48841858 -44.06948853 19.55136490
v 28.31032944 -44.06948853 19.94075012
v 30.10990524 -44.06948853 20.42294502
v 31.88241959 -44.06948853 20.99668312
v 26.60114670 -43.47747421 18.94877052
v 28.45377541 -43.47747421 19.34472084
v 30.28369331 -43.47747421 19.83504486
v 32.08609390 -43.47747421 20.41845703
v 26.73072433 -42.99817276 18.25610352
v 28.61866379 -42.99817276 18.65959930
v 30.48345566 -42.99817276 19.15926933
v 32.32020569 -42.99817276 19.75380135
v 26.87338829 -42.64550781 17.49348831
v 28.80020142 -42.64550781 17.90529251
v 30.70339203 -42.64550781 18.41525078
v 32.57796478 -42.64550781 19.02202415
v 49.40970993 -51.51548004 13.17599964
v 49.36777115 -51.63943863 13.16805649
v 49.32345963 -51.32219696 13.05453968
v 49.05423737 -51.63943863 12.86819649
v 49.01377869 -51.32219696 12.79166985
v 48.67161560 -51.63943863 12.66369534
v 48.64895248 -51.32219696 12.61305523
v 48.24809647 -51.63943863 12.56962013
v 48.25139618 -51.32219696 12.52967930
v 49.44772339 -51.69956207 13.31436634
v 49.25960541 -51.92781067 13.25402355
v 48.97317505 -51.92781067 12.98008347
v 48.62362671 -51.92781067 12.79325867
v 48.23671722 -51.92781067 12.70731544
v 48.54647827 -52.15782928 13.00155640
v 48.21842194 -52.15782928 12.92868614
v 48.44805527 -52.30597305 13.26729012
v 48.19508743 -52.30597305 13.21109867
v 48.30412292 -52.35709763 13.55167866
v 48.16909409 -52.35709763 13.52567482
v 49.41299438 -51.94386673 13.51604271
v 49.30863571 -52.10887146 13.64799118
v 49.08571625 -52.15782928 13.39223003
v 49.17945862 -52.21450424 13.71404362
v 49.04372025 -52.27993011 13.72746277
v 48.86387253 -52.30597305 13.56854725
v 48.79566193 -52.33895493 13.70696449
v 48.54227066 -52.35709763 13.68602562
v 48.67659760 -52.30597305 13.38943958
v 48.43046570 -52.35709763 13.60596657
v 48.84285355 -52.15782928 13.15996170
v 37.86780548 -52.35709763 12.67443752
v 43.04444122 -52.30597305 12.78547955
v 37.89379883 -52.30597305 12.35986042
v 43.06777954 -52.15782928 12.50306702
v 37.91713715 -52.15782928 12.07744789
v 43.08607101 -51.92781067 12.28169632
v 37.93542862 -51.92781067 11.85607719
v 43.09745026 -51.63943863 12.14400101
v 37.94680786 -51.63943863 11.71838188
v 37.95010757 -51.32219696 11.67844105
v 25.46604729 -52.35709763 9.35139656
v 25.60082245 -52.30597305 9.06596756
v 27.43775558 -52.35709763 10.21131706
v 27.55523682 -52.30597305 9.91834545
v 29.45732117 -52.35709763 10.95189571
v 29.55708694 -52.30597305 10.65242767
v 31.51752663 -52.35709763 11.57048416
v 31.59922218 -52.30597305 11.26559067
v 33.61101151 -52.35709763 12.06487274
v 33.67434311 -52.30597305 11.75564289
v 35.73029327 -52.35709763 12.43329620
v 35.77503967 -52.30597305 12.12083435
v 35.81520844 -52.15782928 11.84032154
v 35.84669495 -51.92781067 11.62043858
v 35.86627960 -51.63943863 11.48366928
v 35.87195969 -51.32219696 11.44399738
v 25.72181892 -52.15782928 8.80972290
v 27.66070557 -52.15782928 9.65532970
v 29.64665413 -52.15782928 10.38358021
v 31.67256355 -52.15782928 10.99187183
v 33.73120117 -52.15782928 11.47803116
v 25.81666183 -51.92781067 8.60886383
v 27.74337959 -51.92781067 9.44916248
v 29.71685982 -51.92781067 10.17284107
v 31.73005486 -51.92781067 10.77731514
v 33.77576828 -51.92781067 11.26042271
v 25.87565613 -51.63943863 8.48392677
v 27.79480171 -51.63943863 9.32092381
v 29.76053047 -51.63943863 10.04175949
v 31.76581383 -51.63943863 10.64385796
v 33.80348969 -51.63943863 11.12506771
v 25.89276886 -51.32219696 8.44768715
v 27.80971909 -51.32219696 9.28372669
v 29.77319717 -51.32219696 10.00373745
v 31.77618790 -51.32219696 10.60514641
v 33.81153107 -51.32219696 11.08580589
v 14.71957874 -52.35709763 4.27703667
v 20.22758865 -52.30597305 6.52878761
v 14.93535042 -52.32735825 4.11225462
v 15.17501068 -52.24619675 3.98595500
v 20.34858513 -52.15782928 6.27254343
v 15.42066193 -52.12855148 3.90467191
v 15.65502548 -51.99268341 3.86508322
v 20.44342804 -51.92781067 6.07168388
v 16.12318993 -51.66783524 3.88869977
v 20.50242233 -51.63943863 5.94674683
v 16.54597282 -51.32219696 4.03423643
v 48.93961716 -50.25709534 13.71886063
v 46.20429611 -50.25709534 13.49282932
v 46.02329636 -50.23825455 13.47787285
v 37.85717392 -52.35709763 12.80307198
v 45.79190445 -50.16947937 13.45875168
v 45.23082733 -49.85929871 13.41238785
v 45.22735214 -49.85709763 13.41210079
v 45.26812363 -48.70709610 13.41547012
v 45.72728729 -47.55709457 13.45341206
v 45.27172852 -48.70483780 13.41576767
v 45.64059448 -48.48494339 13.44624805
v 45.73733139 -48.43678284 13.45424175
v 45.87422562 -48.37997055 13.46555424
v 46.42486572 -47.77731323 13.51105595
v 46.24372482 -48.30709457 13.49608707
v 47.14633942 -47.95299149 13.57067394
v 47.88840866 -48.08332443 13.63199425
v 48.83102798 -48.30709457 13.70988750
v 48.64767838 -48.16772079 13.69473648
v 48.82912827 -48.27463531 13.70973015
v 48.82130814 -48.24744797 13.70908356
v 48.80434418 -48.22479630 13.70768166
v 48.70362854 -48.17596436 13.69935989
v 48.75746155 -48.19355774 13.70380783
v 35.71199799 -52.35709763 12.56106663
v 33.58511353 -52.35709763 12.19132233
v 31.48411942 -52.35709763 11.69515896
v 29.41652489 -52.35709763 11.07435226
v 27.38971519 -52.35709763 10.33111763
v 25.41093445 -52.35709763 9.46811199
v 18.80400658 -52.35709763 6.34839678
v 18.68190956 -52.35709763 6.30051804
v 14.42081738 -52.35709763 4.63715744
v 14.23335648 -52.35709763 5.06588125
v 18.42807388 -52.35709763 6.25455904
v 18.12717628 -52.35709763 6.28420877
v 14.17183208 -52.35709763 5.52973461
v 17.80911827 -52.35709763 6.42983913
v 17.56569290 -52.35709763 6.66703081
v 14.24104786 -52.35709763 5.99250317
v 17.24543190 -52.35709763 7.00123835
v 14.43559933 -52.35709763 6.41805553
v 16.84591293 -52.35709763 7.23500395
v 14.74029827 -52.35709763 6.77316713
v 16.39766121 -52.35709763 7.35046577
v 15.13135338 -52.35709763 7.03011274
v 15.49305725 -52.35709763 7.20090532
v 15.93492413 -52.35709763 7.33880281
v 16.49941063 -48.19943237 4.13284540
v 16.27231979 -48.21820450 4.04663038
v 16.03411865 -48.23483276 3.99740338
v 15.79088688 -48.24907303 3.98605752
v 15.54871178 -48.26067352 4.01348639
v 15.46440887 -49.52679443 3.98704338
v 15.38628960 -50.79313660 3.96255326
v 14.94571304 -50.79313660 4.16929579
v 14.58642197 -50.79313660 4.49756432
v 14.34084225 -50.79313660 4.91773272
v 14.23113823 -50.79313660 5.39188004
v 14.26721096 -50.79313660 5.87721443
v 14.44580364 -50.79313660 6.32993412
v 14.75080013 -50.79313660 6.70918036
v 15.15467262 -50.79313660 6.98072672
v 21.22031403 -43.51879120 11.94655132
v 21.08692360 -43.41121674 11.91080952
v 21.01067924 -43.25497437 11.89037991
v 21.00618172 -43.07998276 11.88917446
v 17.94305420 -47.31431580 5.52533817
v 17.88881683 -47.34473038 5.64020300
v 18.49761581 -47.10483932 5.78861141
v 18.69952583 -47.03896713 6.07058573
v 19.03122330 -46.85702133 6.05719233
v 19.53630257 -46.59389877 6.53187799
v 19.53609467 -46.57115936 6.33749199
v 20.00445175 -46.24754333 6.63592100
v 19.94633484 -46.31212234 6.79868507
v 20.44270706 -45.87019348 6.97246408
v 20.50848389 -45.82031631 7.25021172
v 20.74813080 -45.55726624 7.49659395
v 20.50235939 -45.86260223 7.30584478
v 20.74320984 -45.60220337 7.55173588
v 20.52458954 -45.97496414 7.41090345
v 20.77139091 -45.71740723 7.65598679
v 20.59229851 -46.09781647 7.47745752
v 20.84854889 -45.83813477 7.72182178
v 20.83671761 -46.01570892 7.64950037
v 21.13618088 -45.67747116 7.96805716
v 18.68809700 -47.07081223 6.12345934
v 17.83981705 -47.41881943 5.74397659
v 18.68218613 -47.16664124 6.22453594
v 17.80211449 -47.53666306 5.82382393
v 18.70332527 -47.28652573 6.29287434
v 17.78346634 -47.67824173 5.86331463
v 18.27068710 -47.55770493 6.09555149
v 19.23073959 -47.15560913 6.56860304
v 19.57016945 -46.85522842 6.75871134
v 19.53170586 -46.73154068 6.69058657
v 19.94932938 -46.45602798 6.95903206
v 19.93821526 -46.34972000 6.85412836
v 19.67971992 -46.91251755 6.81677771
v 19.99853706 -46.58049011 7.02669859
v 20.10110664 -46.64001846 7.07733822
v 20.48918724 -46.33898163 7.35375357
v 21.07302284 -45.57108307 7.98108292
v 21.38006020 -45.33153534 8.31290150
v 21.26875877 -45.28980255 8.26793766
v 21.56088638 -44.98519897 8.68749332
v 21.49606133 -44.83424759 8.77767849
v 21.67586327 -44.64893341 9.09332275
v 21.60943794 -44.40587997 9.34240723
v 21.73082733 -44.33908463 9.52824497
v 21.62354088 -44.04211426 9.95783043
v 21.73277664 -44.07144928 9.98940754
v 21.69016647 -43.85422516 10.47192478
v 21.55721092 -43.76726913 10.61352253
v 21.61203003 -43.69262314 10.97011375
v 21.50216103 -43.66991425 10.94277191
v 21.43431473 -43.59759140 11.28188419
v 21.37384224 -43.59036255 10.89684868
v 21.30401039 -43.51998520 11.23868370
v 21.28946114 -43.46648026 10.84798813
v 21.21567154 -43.39635468 11.19687366
v 21.26986122 -43.40136719 10.82722855
v 21.19381523 -43.33077621 11.18037415
v 21.17907906 -43.13018799 11.21243286
v 21.50739861 -43.59184647 11.47828674
v 21.32449722 -43.27520370 10.54599857
v 21.33382988 -43.49756241 10.48094273
v 21.35094261 -43.56193161 10.50647736
v 21.43103600 -43.68574905 10.56357765
v 21.50182724 -43.95468903 9.90197849
v 21.42743683 -43.50664139 9.90189266
v 21.41862297 -43.76823044 9.79656029
v 21.43059731 -43.83066940 9.83061790
v 21.43208885 -44.18643951 9.19874477
v 21.49372673 -44.31022644 9.28241062
v 21.38897514 -44.72896957 8.71528816
v 21.47289658 -43.81610870 9.29213715
v 21.42526054 -44.12703705 9.15704823
v 21.33762932 -44.60633850 8.62187195
v 21.17363739 -45.17607117 8.20384979
v 21.44356728 -44.19052505 8.72690582
v 21.33554077 -44.55105591 8.57382679
v 21.13286400 -45.05600739 8.10376549
v 20.98672104 -45.45333862 7.91606092
v 21.32701874 -44.60501480 8.21276855
v 21.13455772 -45.00537872 8.05131721
v 20.95241737 -45.33555984 7.81338549
v 21.11621094 -45.03433990 7.75324774
v 20.95590782 -45.28785324 7.75924826
v 20.81736755 -45.46092987 7.34235954
v 19.52701569 -46.62908936 6.58664370
v 18.53382683 -47.10009766 5.70667315
v 17.78503799 -47.37563705 5.33378839
v 16.86457634 -47.60714722 5.00498676
v 17.01366043 -47.58168411 4.95343447
v 16.22717667 -47.72060776 4.56892538
v 19.25254440 -46.75270462 6.06877565
v 20.02794456 -46.25743103 6.49672222
v 20.37646675 -45.97556686 6.72830343
v 20.69017029 -45.67316818 6.97738695
v 20.96258354 -45.35203552 7.24826002
v 21.18908119 -45.01716995 7.54409170
v 21.36727524 -44.67741776 7.86670017
v 21.49490356 -44.34185791 8.21782303
v 21.56970596 -44.01956177 8.59919834
v 21.59075165 -43.71961594 9.01197147
v 21.56530952 -43.45115662 9.45362186
v 21.50363731 -43.22312927 9.92019749
v 21.41384697 -43.04108810 10.40713978
v 21.30225754 -42.90777588 10.90938663
v 21.17513466 -42.82584381 11.42186451
v 21.03874397 -42.79794312 11.93949509
v 15.99991798 -47.74732971 4.49252653
v 15.75987530 -47.76902390 4.47500801
v 17.78223419 -47.73123550 5.86592674
v 18.04022026 -50.42780304 5.98774481
v 18.24956512 -50.49900055 6.08659506
v 17.86900139 -50.40709686 5.90689754
v 16.72302055 -48.00891113 5.36577845
v 15.45561409 -48.27463531 4.76732397
v 15.62025166 -48.16772079 4.84506369
v 15.46270466 -48.24744415 4.77067184
v 15.47810459 -48.22479248 4.77794361
v 15.56939793 -48.17590332 4.82105160
v 15.52064037 -48.19353867 4.79802847
v 15.34812546 -50.40709686 4.71656847
v 18.75092888 -50.80483627 6.32333374
v 18.75420189 -50.80709457 6.32487965
v 16.79582024 -47.90615463 5.38923311
v 15.62848473 -47.97003174 4.79075670
v 16.79481888 -47.80543900 5.34635162
v 16.80726433 -47.71864700 5.28121233
v 16.82664108 -47.66394806 5.21574020
v 16.86082077 -47.61762619 5.12266064
v 15.67948914 -47.82435608 4.65556812
v 15.55542755 -48.12654877 4.03574991
v 15.39710331 -48.14744186 4.10053301
v 15.37013435 -48.25334167 4.09923601
v 15.33585167 -48.13809586 4.16330194
v 15.25449848 -48.25123596 4.26023579
v 15.28860664 -48.13452148 4.23769617
v 15.26267529 -48.13598251 4.30308199
v 15.33415985 -48.01414490 4.28050327
v 15.31093979 -48.01847458 4.34451962
v 15.39183140 -47.92869568 4.33705950
v 15.37137127 -47.93710327 4.39851046
v 15.44628620 -47.87622833 4.39379215
v 15.42789650 -47.88877106 4.45186853
v 15.49508572 -47.84507370 4.44761515
v 15.47814846 -47.86132812 4.50180960
v 15.53875732 -47.82767868 4.49801493
v 15.52285957 -47.84704208 4.54807043
v 15.50605679 -47.88816452 4.61841774
v 15.49788475 -47.94212723 4.68129158
v 15.45586300 -47.95096970 4.64995623
v 15.46124744 -48.01462936 4.71015549
v 15.42007446 -48.03069305 4.68434572
v 15.44465065 -48.10101318 4.73916245
v 15.40973282 -48.12401962 4.72031879
v 15.37439728 -48.16143036 4.70132065
v 15.34722137 -48.21446991 4.68675613
v 15.30322170 -48.26337433 4.64104366
v 15.28916645 -48.18585205 4.60451984
v 15.23020554 -48.25487900 4.45694256
v 15.25468254 -48.16230011 4.50869656
v 15.24571800 -48.14530182 4.40579414
v 15.29451942 -48.03696442 4.44283581
v 15.47762108 -48.08711624 4.75697517
v 15.49875450 -48.00662613 4.73384428
v 15.50870800 -48.07899094 4.77375555
v 15.56327724 -47.81335831 4.43390512
v 15.52216530 -47.83551025 4.37942648
v 15.47684479 -47.87180710 4.32223988
v 15.42717075 -47.92916870 4.26323652
v 15.37562847 -48.01795959 4.20579863
v 15.59216118 -47.81039429 4.37005568
v 15.70174694 -47.79524231 4.34170008
v 15.63799095 -47.87072754 4.20612574
v 15.57710743 -48.01685715 4.08214331
v 15.51458073 -47.87996674 4.25452471
v 15.55482197 -47.83813858 4.31306124
v 15.42888737 -48.03174210 4.14030504
v 15.47177315 -47.94172287 4.19575644
v 15.32704926 -48.11069107 4.62727261
v 15.37474060 -48.05994797 4.65629387
v 15.29994869 -48.06835938 4.53922653
v 15.35626411 -48.00553894 4.57810926
v 15.40891457 -47.96992493 4.61560392
v 15.35516167 -47.96379089 4.49039316
v 15.41160107 -47.92177582 4.53664875
v 15.46161270 -47.89904785 4.57932377
v 15.34962273 -49.31149673 4.04816008
v 15.28513527 -50.69076538 4.01435661
v 15.38355923 -50.79045105 3.96347213
v 15.18955421 -50.58128738 4.11139441
v 15.27065945 -49.30917358 4.11759806
v 15.21279335 -49.30834579 4.20526552
v 15.17962742 -49.30904770 4.30509901
v 15.11965275 -50.45854187 4.30000162
v 15.17326641 -49.31122208 4.40992737
v 15.12098980 -50.42131805 4.40589809
v 15.18414688 -49.31335831 4.47693110
v 15.15130901 -50.40709686 4.51291513
v 15.26279736 -49.32104492 4.63380194
v 15.23489475 -50.40709686 4.63685226
v 15.24169159 -50.45838165 6.79643822
v 15.32536125 -50.40709686 6.61924314
v 14.88862801 -50.45838165 6.55905342
v 14.97939396 -50.40709686 6.37450075
v 14.62200165 -50.45838165 6.22751713
v 14.73799896 -50.40709686 6.02619076
v 14.46587563 -50.45838165 5.83175135
v 14.63029003 -50.40709686 5.61632395
v 14.43434143 -50.45838165 5.40747404
v 14.66926003 -50.40709686 5.19433641
v 14.53024387 -50.45838165 4.99297619
v 14.85020828 -50.40709686 4.81112671
v 14.74492836 -50.45838165 4.62566662
v 15.05902004 -50.45838165 4.33869553
v 14.97801113 -50.59909058 4.21758366
v 14.63160419 -50.59909058 4.53408051
v 14.39483166 -50.59909058 4.93918085
v 14.28906155 -50.59909058 5.39632511
v 14.32384014 -50.59909058 5.86425495
v 14.49602985 -50.59909058 6.30073977
v 14.79008770 -50.59909058 6.66638660
v 15.17947769 -50.59909058 6.92819500
v 15.51637650 -50.79313660 7.15151930
v 15.54118156 -50.59909058 7.09898758
v 15.60339642 -50.45838165 6.96723080
v 15.68706512 -50.40709686 6.79003572
v 17.51771927 -50.79313660 6.64015532
v 17.47075462 -50.59909058 6.60596132
v 17.20763969 -50.79313660 6.96147966
v 17.17179489 -50.59909058 6.91576290
v 16.82161522 -50.79313660 7.18594122
v 16.79961395 -50.59909058 7.13217497
v 16.38897514 -50.79313660 7.29648542
v 16.38248825 -50.59909058 7.23875523
v 15.94258976 -50.79313660 7.28471327
v 15.95211029 -50.59909058 7.22740507
v 15.97599030 -50.45838165 7.08366871
v 16.09173012 -50.40709686 6.90130043
v 16.36621857 -50.45838165 7.09395933
v 16.51016045 -50.40709686 6.86887836
v 16.74443054 -50.45838165 6.99732208
v 16.89285469 -50.40709686 6.69660473
v 17.08189201 -50.45838165 6.80109882
v 17.19454765 -50.40709686 6.40485811
v 17.35296249 -50.45838165 6.52019835
v 18.42199516 -50.80228043 6.23374891
v 18.57927513 -50.71681213 6.25066710
v 18.34437561 -50.71415710 6.21807957
v 18.34507179 -50.61061096 6.17727709
v 18.22579765 -50.71292496 6.22254181
v 18.22170258 -50.60973740 6.18173504
v 18.10869980 -50.71178055 6.24119520
v 18.09983063 -50.60892868 6.20098162
v 17.90982246 -50.71001434 6.30770874
v 17.89276505 -50.60767746 6.26997519
v 17.68763542 -50.70835495 6.44434166
v 17.66133499 -50.60650635 6.41202116
v 17.61884689 -50.51980209 6.35976315
v 17.57560158 -50.46680450 6.30660534
v 17.51206398 -50.42257309 6.22851992
v 17.79523277 -50.42267990 6.05412149
v 17.49212646 -50.40709686 6.10647917
v 17.83678818 -50.46718979 6.14608479
v 18.07051086 -50.46759796 6.06804466
v 17.86504555 -50.52050018 6.20862484
v 18.08531761 -50.52124023 6.13522863
v 18.21496201 -50.52172089 6.11476088
v 17.76579666 -50.79487610 6.40201473
v 18.07920647 -50.79804230 6.26028585
v 15.77520943 -48.14356613 4.00217962
v 15.76751900 -48.01907349 4.05329514
v 15.76241112 -47.91255569 4.13529062
v 15.76051807 -47.84621429 4.21945906
v 15.76093197 -47.79028320 4.34207678
v 15.80430508 -47.78698349 4.34070539
v 15.84766102 -47.78351593 4.34102631
v 15.85715389 -47.83915710 4.21819925
v 15.95349503 -47.83136368 4.22434521
v 15.96943855 -47.89755249 4.14063835
v 16.07893944 -47.88833618 4.15634966
v 16.10595512 -47.99525833 4.07668543
v 16.22124672 -47.98545074 4.10315704
v 16.24889183 -48.11139297 4.05656862
v 16.44069672 -47.95553970 4.18747950
v 15.93407631 -47.77606964 4.34671211
v 16.05551720 -47.82224274 4.23902321
v 16.18675995 -47.87831879 4.18090391
v 16.11544609 -47.75799179 4.38114882
v 16.02552032 -47.76739120 4.36016130
v 16.34120941 -47.78055191 4.34684563
v 16.15593529 -47.81233597 4.26200199
v 16.12860489 -48.12071609 4.02833271
v 15.98887253 -48.00430298 4.05962181
v 15.86606884 -47.90542984 4.13402081
v 15.80883884 -47.84277725 4.21789932
v 16.00638580 -48.12935257 4.00991011
v 15.87834835 -48.01204681 4.05225945
v 15.81424046 -47.90908813 4.13366556
v 15.89097023 -48.13678741 4.00165606
v 15.83309269 -48.14026260 4.00081491
v 15.82293320 -48.01565170 4.05172253
v 18.54473305 -51.55503082 6.25992537
v 18.55115700 -51.75770950 6.26298475
v 18.55758095 -51.96039200 6.26604319
v 18.31259537 -51.96852875 6.24848747
v 18.11533737 -51.97441483 6.27828741
v 17.88723946 -51.98037338 6.36864281
v 17.88102341 -51.77768707 6.36540604
v 17.68114281 -51.78194427 6.50820351
v 17.67494583 -51.57926178 6.50483704
v 17.87480927 -51.57500458 6.36216784
v 18.10279655 -51.56904602 6.27201271
v 18.29992676 -51.56316376 6.24231720
v 18.30626106 -51.76584625 6.24540234
v 17.68734169 -51.98462677 6.51156807
v 18.10906601 -51.77173233 6.27515030
v 48.01870346 -50.25709534 15.34560394
v 48.42914200 -50.25709534 15.30771446
v 48.00583267 -50.22529984 15.50136566
v 48.42423630 -50.20115662 15.51917839
v 47.99500656 -50.13496017 15.63236237
v 48.45674896 -50.04898071 15.66248989
v 47.98794937 -50.00044250 15.71776772
v 48.46754074 -49.84313583 15.71006680
v 47.98578262 -49.84313583 15.74400234
v 48.81805801 -50.20115662 15.36376572
v 48.80188370 -50.25709534 15.13175583
v 49.14689255 -50.20115662 15.09708595
v 49.09197998 -50.25709534 14.83894348
v 49.38027573 -50.20115662 14.74384117
v 49.26446152 -50.25709534 14.46458244
v 49.49658966 -50.20115662 14.33675289
v 49.29852676 -50.25709534 14.05380726
v 49.48506165 -50.20115662 13.91353130
v 49.28532791 -50.23735046 13.56847763
v 49.34675980 -50.20115662 13.51337814
v 49.33469009 -50.19921875 13.48433208
v 49.47672653 -50.04898071 13.44479752
v 49.36398697 -50.09064102 13.30863953
v 49.31945038 -49.96173096 13.14888096
v 49.19007111 -50.25709534 13.65614796
v 49.51987457 -49.84313583 13.42202950
v 49.23448181 -49.84579468 13.03639793
v 49.23211288 -49.84313583 13.03416920
v 49.62964249 -50.04898071 13.88722134
v 49.67763901 -49.84313583 13.87848759
v 49.64238739 -50.04898071 14.35515308
v 49.69078827 -49.84313583 14.36126137
v 49.51378250 -50.04898071 14.80524540
v 49.55810547 -49.84313583 14.82563114
v 49.25574493 -50.04898071 15.19580746
v 49.29188538 -49.84313583 15.22858143
v 48.89217377 -50.04898071 15.49065971
v 48.91677856 -49.84313583 15.53278637
v 47.58714294 -49.84313583 15.71106052
v 47.58930969 -50.00044250 15.68482590
v 47.59636688 -50.13496017 15.59942055
v 47.60719299 -50.22529984 15.46842384
v 47.62006378 -50.25709534 15.31266212
v 46.14028168 -49.84313583 14.30095100
v 46.16645050 -50.00044250 14.29810905
v 46.24669266 -49.84313583 14.72441387
v 46.29192352 -50.04898071 14.70612717
v 46.46448517 -49.84313583 15.10284424
v 46.50302124 -50.04898071 15.07292271
v 46.77717590 -49.84313583 15.40758991
v 46.80609512 -50.04898071 15.36829948
v 47.16108322 -49.84313583 15.61557770
v 47.17819977 -50.04898071 15.56989288
v 47.22975922 -50.20115662 15.43228149
v 47.22568130 -50.25709534 15.20986938
v 46.25164795 -50.13496017 14.28885746
v 46.42816162 -50.20115662 14.65104580
v 46.61909103 -50.20115662 14.98279572
v 46.89320755 -50.20115662 15.24994946
v 46.38232040 -50.22529984 14.27466679
v 46.65060425 -50.25709534 14.64940166
v 46.88930893 -50.25709534 14.97974014
v 46.53770065 -50.25709534 14.25779343
v 45.55942535 -49.85229492 13.49974918
v 45.43515778 -49.94244766 13.44250488
v 45.67097092 -49.93956375 13.54903603
v 45.69133377 -50.04622650 13.51568413
v 45.77701950 -49.93824005 13.62343311
v 45.80134964 -50.04528046 13.59312725
v 45.87268448 -49.93702316 13.71054268
v 45.90056229 -50.04441452 13.68373203
v 45.99151993 -49.93547058 13.86058140
v 46.02373886 -50.04330826 13.83966255
v 46.09512711 -49.93403244 14.07135487
v 46.13106155 -50.04228592 14.05855179
v 46.19390106 -50.13530731 14.03613853
v 46.25953674 -50.19228363 14.01277065
v 46.13815689 -50.19262314 13.76535320
v 46.22539139 -50.24033737 13.70876122
v 46.07367706 -50.24044037 13.51730633
v 45.88673019 -50.19327545 13.48686695
v 45.84325027 -50.13709641 13.54097080
v 45.72623062 -50.13766098 13.45858574
v 46.42875290 -50.25709534 13.84939575
v 46.35770035 -50.24024582 13.97784710
v 46.04467773 -49.84487534 13.97078896
v 45.84340286 -49.84804916 13.69285965
v 45.94876862 -50.13658142 13.63735962
v 45.99888611 -50.19298935 13.58918381
v 46.07976913 -50.13591766 13.80325031
v 49.11121368 -50.90394974 13.70891476
v 49.09790039 -50.64036179 13.70764351
v 49.06995010 -50.25709534 13.70796108
v 49.08446503 -50.37677765 13.70635700
v 49.17985153 -50.37189102 13.66660118
v 49.19301987 -50.63553619 13.66818905
v 49.27465439 -50.63151932 13.60555649
v 49.28758621 -50.89520645 13.60754967
v 49.39141083 -50.89055634 13.43233204
v 49.20606995 -50.89918137 13.66975498
v 49.38592911 -50.89185715 13.19607544
v 49.40408325 -50.89017868 13.36681843
v 49.37814713 -50.62684631 13.42932987
v 49.26160812 -50.36782837 13.60352802
v 49.37125397 -50.62823868 13.19230652
v 49.35639954 -50.36462021 13.18846607
v 49.37682343 -50.36278152 13.36016273
v 49.36474991 -50.36313248 13.42626667
v 49.39052582 -50.62648010 13.36352348
v 45.48788834 -49.25941086 13.46415234
v 45.49307251 -49.11127090 13.46456337
v 45.49826050 -48.96313095 13.46497345
v 45.71303940 -49.11938095 13.57081127
v 45.71817780 -48.97124100 13.57116795
v 45.86863327 -49.12525940 13.69417286
v 45.87374496 -48.97711945 13.69446945
v 46.02099228 -49.13122177 13.88477898
v 46.02610397 -48.98307800 13.88498592
v 46.12333298 -49.13549805 14.10672665
v 46.12848282 -48.98735809 14.10683918
v 46.18072128 -48.69313812 14.30129623
v 46.08375931 -48.69489288 13.97277069
v 45.70790482 -49.26752090 13.57045364
v 45.86352158 -49.27339935 13.69387627
v 46.01587677 -49.27936172 13.88457108
v 46.11817932 -49.28363800 14.10661221
v 45.88302612 -48.69806290 13.69511032
v 45.60013962 -48.70229340 13.50207710
v 40.46127319 -43.07998276 17.10214996
v 40.45677567 -43.25497437 17.10094452
v 40.38052750 -43.41121674 17.08051491
v 40.24713898 -43.51879120 17.04477310
v 40.08214951 -43.55709457 17.00056458
v 44.65895844 -47.15329742 13.38289547
v 44.84886551 -47.04628372 13.37007141
v 45.79532623 -47.37506866 13.40921974
v 44.87485504 -46.99308014 13.34503365
v 45.85465622 -47.23822403 13.27704144
v 44.92543030 -46.89307404 13.25770473
v 45.89054489 -47.18053436 13.08968925
v 44.96113968 -46.82787704 13.13661385
v 45.29867172 -46.95001984 13.05038738
v 44.72365189 -46.68217850 13.02976894
v 44.09375763 -46.37164307 13.14569855
v 44.16962814 -46.37821579 13.03828049
v 43.64074707 -46.03932953 13.08636951
v 43.62865829 -46.07416916 13.19206047
v 43.14279175 -45.66650391 13.18470287
v 42.99020767 -45.59156799 13.33248138
v 42.68219376 -45.26949310 13.34325981
v 42.41598511 -45.07878494 13.57697105
v 42.26406097 -44.86265945 13.57144833
v 42.13188553 -44.79489136 13.76282501
v 41.89350891 -44.46035385 13.87867546
v 41.74671936 -44.37314224 14.12538719
v 41.57141495 -44.07905960 14.27028847
v 41.41806030 -43.98530197 14.58302307
v 41.29233551 -43.73934937 14.73824120
v 41.13525391 -43.65894318 15.12278843
v 41.04890823 -43.46077728 15.27038383
v 40.88928604 -43.41214371 15.72777081
v 40.83296585 -43.25362396 15.85172272
v 40.77410889 -43.31891632 16.06007576
v 40.63894653 -43.12449265 16.46729851
v 40.66591644 -43.25096512 16.40194511
v 40.61780548 -43.40053558 16.41328430
v 40.51819611 -43.52212524 16.40388680
v 40.46031189 -43.56228638 16.39309311
v 40.23286819 -43.59159088 16.49576950
v 40.39680099 -43.69185257 16.00347519
v 40.57862473 -43.85305023 15.53304291
v 40.68219757 -43.72179031 15.76318455
v 40.56746674 -43.62946701 16.07354355
v 40.62533951 -43.58869934 16.08203316
v 40.72526169 -43.46697998 16.08306885
v 40.92919159 -43.96596909 15.19912148
v 40.78302383 -44.07035065 15.09383774
v 41.01468277 -44.33877945 14.69519520
v 41.21587753 -44.28771210 14.69757557
v 41.27891541 -44.64841461 14.34556389
v 41.55142593 -44.66829300 14.27395058
v 41.58176041 -44.98340225 14.05231667
v 41.94630051 -45.07991791 13.93904114
v 41.92670059 -45.32936478 13.81947422
v 42.23805618 -45.35586166 13.76758671
v 42.31042099 -45.67673111 13.64243603
v 42.82808304 -45.85268784 13.54271317
v 42.72850418 -46.01671219 13.51520538
v 43.17653275 -46.34051895 13.43178463
v 43.48463058 -46.31964874 13.41474438
v 43.65011978 -46.63964844 13.38616085
v 43.96068954 -46.60621262 13.37389374
v 44.14540100 -46.91044998 13.37203979
v 44.05405045 -46.44489670 13.26863289
v 43.58758163 -46.15388107 13.31496906
v 42.94697952 -45.68265152 13.45308876
v 42.37149811 -45.18334198 13.69092083
v 42.08673477 -44.90710831 13.87066841
v 41.70034790 -44.49669647 14.21982956
v 41.37029266 -44.11886597 14.65957069
v 41.08638763 -43.80008316 15.17894745
v 40.84011841 -43.55833435 15.76228619
v 43.99301147 -46.55126190 13.35242367
v 43.52070999 -46.26414490 13.39570808
v 42.87046051 -45.79772186 13.52769089
v 42.28630066 -45.30256271 13.75689507
v 41.99736404 -45.02801514 13.93073368
v 41.60585785 -44.61911011 14.26913738
v 41.27241135 -44.24158478 14.69615269
v 40.98674774 -43.92249298 15.20134640
v 40.74004745 -43.68026733 15.76945210
v 47.88627243 -47.97280121 13.61628151
v 48.66770172 -47.97003174 13.64358807
v 47.90427780 -47.87305450 13.57338524
v 47.91861343 -47.80430984 13.52055359
v 47.14664841 -47.73918152 13.51167583
v 47.16537094 -47.67148972 13.45995712
v 46.46699524 -47.57295227 13.45634747
v 46.48980331 -47.50653839 13.40566730
v 46.51483154 -47.44170761 13.32269287
v 46.53445435 -47.40074158 13.22420597
v 47.20338821 -47.56465149 13.27581120
v 46.57786179 -47.39650345 13.14167595
v 47.27965164 -47.56581879 13.19502926
v 47.94964218 -47.69690704 13.33355045
v 47.99218750 -47.68961334 13.24940109
v 48.71178818 -47.76902390 13.30444717
v 48.69112396 -47.82435608 13.50100899
v 47.93534470 -47.73787308 13.43471432
v 46.43674850 -47.66883850 13.49697399
v 47.12228775 -47.83715057 13.55339622
v 47.18637848 -47.60572433 13.37559795
v 48.82847214 -47.79555130 13.21819496
v 48.83825302 -47.79062271 13.33540535
v 48.82065582 -47.81948471 13.46137142
v 48.81127930 -47.84183884 13.50750446
v 48.95680618 -47.84601212 13.41260815
v 48.94438553 -47.86214447 13.46802807
v 49.08841324 -47.91957855 13.37220097
v 49.07535553 -47.92858124 13.43498707
v 49.17769623 -48.01416016 13.34900570
v 49.16581345 -48.01848602 13.41593742
v 49.23240662 -48.11705017 13.33615875
v 49.22196960 -48.11879730 13.40537357
v 49.25684357 -48.25123596 13.37113667
v 49.18542099 -48.12934494 13.50243568
v 49.17953110 -48.25487900 13.55363655
v 49.12680054 -48.14843369 13.58670330
v 49.05004120 -48.17480850 13.65213680
v 49.01038742 -48.11075974 13.65281868
v 48.93231201 -48.16152954 13.69324207
v 48.88650894 -48.12015152 13.69185162
v 48.81628418 -48.08765793 13.68984509
v 48.73834991 -48.07457352 13.68757629
v 48.75805664 -48.00426102 13.66133785
v 48.77724838 -47.94054031 13.62145233
v 48.88927841 -47.95160294 13.60786057
v 48.91983032 -47.89975739 13.54363537
v 49.04393005 -47.95628738 13.52184582
v 48.79521942 -47.88571930 13.56948662
v 48.95999527 -48.20681000 13.69412231
v 49.02424622 -48.26337433 13.67656517
v 49.23720169 -48.25334167 13.17388916
v 49.20856094 -48.13114166 13.16346264
v 49.16578293 -48.03174210 13.18015575
v 49.09140015 -47.93143845 13.21081924
v 48.97219467 -47.83930969 13.26591396
v 49.12542343 -48.26067352 13.01033878
v 49.10845947 -48.12656021 13.02626991
v 49.06650543 -48.01688004 13.05559731
v 48.95177841 -47.87081528 13.13252831
v 48.85422516 -48.01520920 13.65742874
v 48.94676971 -48.05480957 13.65431213
v 49.00022125 -47.99917984 13.59647942
v 49.13085556 -48.03698730 13.50933266
v 49.07792282 -48.06840134 13.59011936
v 48.97364426 -48.30709457 13.69568443
v 49.12436295 -48.30709457 13.61530113
v 49.18871689 -48.31733322 13.54613781
v 49.23507309 -48.34502411 13.46762657
v 49.27194595 -48.43605042 13.30145264
v 49.25765228 -48.35625076 13.40063381
v 49.24190140 -48.55826569 13.14362907
v 49.24317932 -48.46343994 13.15860367
v 49.23987198 -48.41104507 13.15770531
v 49.23655701 -48.35865021 13.15680313
v 49.15718079 -48.69126892 13.01853466
v 49.15568924 -48.69313812 13.01708698
v 49.26698685 -48.35603333 13.33254051
v 49.27000046 -48.40845490 13.33334160
v 47.98908997 -48.69313812 15.70397949
v 48.46674347 -48.69313812 15.66904640
v 47.99387360 -48.49908829 15.64608288
v 48.45358658 -48.49908829 15.61246204
v 48.00587463 -48.35838318 15.50087166
v 48.42058563 -48.35838318 15.47054100
v 48.02201080 -48.30709457 15.30558109
v 48.42900467 -48.30709457 15.26607037
v 48.80614090 -48.35838318 15.31479549
v 48.79626846 -48.30709457 15.08628941
v 49.12556076 -48.35838318 15.04856777
v 49.07711792 -48.30709457 14.78909111
v 49.34822464 -48.35838318 14.69738674
v 49.23585510 -48.30709457 14.41225338
v 49.45277786 -48.35838318 14.29492474
v 49.25230026 -48.30709457 14.00367832
v 49.42919922 -48.35838318 13.87977219
v 49.28044510 -48.35838318 13.49295139
v 49.40635681 -48.49908829 13.41962051
v 49.45629501 -48.69313812 13.38992596
v 48.88097382 -48.49908829 15.43981647
v 48.91080856 -48.69313812 15.48966312
v 49.23505402 -48.49908829 15.14470291
v 49.27870941 -48.69313812 15.18303204
v 49.48187637 -48.49908829 14.75541592
v 49.53516388 -48.69313812 14.77855301
v 49.59777832 -48.49908829 14.30928516
v 49.65558624 -48.69313812 14.31501007
v 49.57164001 -48.49908829 13.84908676
v 49.62842941 -48.69313812 13.83685207
v 47.62337112 -48.30709457 15.27264023
v 47.60723114 -48.35838318 15.46792984
v 47.59523392 -48.49908829 15.61314201
v 47.59045029 -48.69313812 15.67103863
v 46.68785858 -48.30709457 14.63417053
v 46.57800674 -48.30709457 14.25692844
v 46.47409439 -48.35838318 14.63600254
v 46.38326263 -48.35838318 14.27867699
v 46.23845673 -48.49908829 14.29484844
v 46.33914566 -48.49908829 14.69094563
v 46.28533936 -48.69313812 14.71285152
v 46.54376221 -48.49908829 15.04473114
v 46.49794006 -48.69313812 15.08044434
v 46.83687973 -48.49908829 15.32953453
v 46.80249786 -48.69313812 15.37636280
v 47.19640350 -48.49908829 15.52388859
v 47.17605209 -48.69313812 15.57830238
v 47.24744034 -48.35838318 15.38741398
v 46.92310715 -48.35838318 15.21208382
v 46.65868378 -48.35838318 14.95515728
v 47.24312210 -48.30709457 15.17368603
v 46.91859055 -48.30709457 14.95219803
v 46.46880722 -48.30709457 13.85381508
v 46.24864197 -48.31719589 13.64453125
v 45.99956131 -48.35621643 13.51825905
v 45.94005203 -48.42123032 13.58370876
v 46.16557693 -48.35588455 13.70460796
v 46.09408569 -48.42049026 13.75631428
v 46.31432343 -48.35556793 13.97698212
v 46.23215485 -48.41979218 14.00872612
v 46.17996597 -48.48790741 14.02890587
v 46.13631821 -48.58666611 14.04577637
v 46.01100540 -48.58823395 13.81640339
v 45.87115097 -48.58990097 13.65944099
v 45.67789078 -48.59213638 13.52181435
v 45.90238190 -48.49013138 13.62511253
v 45.70019913 -48.49166870 13.48147488
v 45.45763397 -48.59463120 13.43278885
v 46.40970230 -48.31712341 13.94014359
v 46.04875565 -48.48898697 13.78910351
v 18.64175224 -47.09251785 5.60145664
v 19.34999084 -46.77344131 5.89417601
v 18.71667671 -47.13949585 5.48924398
v 19.46655846 -46.86313248 5.75714302
v 18.77855682 -47.20068359 5.41613197
v 18.85386658 -47.30310059 5.35164165
v 18.06354141 -47.47273254 5.06505394
v 18.13026237 -47.57767868 4.99803305
v 17.23772049 -47.70256805 4.66315222
v 17.29532623 -47.80929565 4.59345293
v 17.34225082 -47.93579102 4.55523300
v 17.35102272 -48.04819489 4.54080820
v 18.16889381 -47.82723999 4.93553019
v 18.18762589 -47.70255661 4.96371984
v 18.94751549 -47.53805923 5.31435394
v 18.92112923 -47.42545319 5.32106066
v 19.68164253 -47.18259811 5.67472744
v 19.58340454 -47.00728607 5.67982769
v 17.18690300 -47.63782120 4.73841906
v 18.00699425 -47.40954971 5.13919640
v 17.12113953 -47.58634567 4.85099268
v 17.93642044 -47.36018753 5.25154305
v 20.10510254 -46.90514374 5.89258766
v 20.32137108 -46.57110977 6.05957127
v 20.50673485 -46.59831238 6.12123060
v 20.87934685 -46.26348114 6.36556673
v 20.94816017 -46.00447464 6.49005461
v 21.21574974 -45.90203476 6.63050461
v 21.28930855 -45.60280228 6.79808426
v 21.50880432 -45.51547623 6.92091322
v 21.56841660 -45.18364334 7.13113785
v 21.75310516 -45.10955811 7.24031019
v 21.78846359 -44.75034714 7.49840117
v 21.94533539 -44.69514465 7.59058380
v 21.94546890 -44.31649399 7.90221405
v 22.08230400 -44.28340530 7.97352648
v 22.03544998 -43.89566422 8.34491730
v 22.16081619 -43.88550949 8.39093018
v 22.05586243 -43.50161362 8.82827187
v 22.17920303 -43.51277161 8.84391785
v 22.14517021 -43.17739487 9.32947350
v 22.01552391 -43.14948654 9.34946823
v 22.06987381 -42.89165497 9.84297466
v 21.92841530 -42.85453796 9.90339851
v 21.87092209 -42.73154449 10.19067955
v 21.80359650 -42.88510513 9.89809418
v 21.74659538 -42.76636505 10.18167877
v 21.71062851 -42.92961121 9.90427589
v 21.65470123 -42.81478500 10.18403816
v 21.61062431 -43.00743866 9.92488766
v 21.55690193 -42.89780426 10.19906425
v 21.53346634 -43.10469818 9.95816040
v 21.48281288 -43.00023270 10.22618961
v 20.23105812 -46.47251129 6.09396124
v 20.15606689 -46.40829849 6.14423704
v 20.06549263 -46.35268402 6.23194122
v 20.76620102 -45.87673950 6.57125187
v 20.66939354 -45.83863068 6.65244865
v 21.09768295 -45.50025177 6.87521696
v 20.99728584 -45.47509766 6.95144367
v 21.36830521 -45.10766220 7.20249319
v 21.26487732 -45.09657288 7.27316570
v 21.58107948 -44.70207214 7.56213951
v 21.47532082 -44.70607376 7.62652969
v 21.73228073 -44.29615784 7.95650673
v 21.62512970 -44.31584549 8.01384449
v 21.81818581 -43.90259171 8.38794327
v 21.71082115 -43.93812943 8.43741894
v 21.83647728 -43.53420639 8.85827732
v 21.73028183 -43.58528519 8.89903927
v 21.79598999 -43.20513153 9.36519718
v 21.69230652 -43.27062607 9.39634800
v 19.98406982 -46.32681274 6.34048176
v 20.58369446 -45.82695007 6.75244999
v 20.90914154 -45.47445297 7.04528618
v 21.17480659 -45.10836029 7.36045265
v 21.38408089 -44.73161316 7.70669460
v 21.53379059 -44.35604477 8.08626366
v 21.62076569 -43.99349976 8.50141239
v 21.64315414 -43.65587616 8.95385170
v 21.60959625 -43.35555267 9.44100666
v 21.42518806 -42.91038513 10.49941349
v 21.34313393 -42.81763077 10.85460377
v 21.25363731 -42.75045013 11.21517181
v 21.31629944 -42.63599777 11.21174812
v 21.12043381 -42.57368088 11.96138382
v 21.40494347 -42.54062271 11.21778774
v 21.29355049 -42.41454315 12.00777054
v 21.49152756 -42.48266220 11.22942638
v 21.61196327 -42.43712997 11.25135040
v 21.59075356 -42.55881500 10.84723854
v 21.71298218 -42.51633072 10.86456299
v 21.68211937 -42.66421890 10.47095203
v 21.80569458 -42.62568283 10.48362541
v 21.51831436 -42.35709763 12.06799603
v 21.67937279 -42.39228439 11.49740982
v 21.82977104 -42.49548340 10.93260098
v 21.96232986 -42.66312408 10.37923431
v 20.84776115 -45.92543030 6.52394915
v 21.18304443 -45.53773499 6.83057833
v 21.45697403 -45.13324356 7.16117668
v 21.67251205 -44.71514893 7.52488470
v 21.82579994 -44.29650116 7.92406321
v 21.91297150 -43.89035416 8.36107254
v 21.93158531 -43.50993729 8.83773708
v 21.89047623 -43.16991425 9.35161400
v 21.49609184 -42.80352020 10.47869396
v 21.40989685 -42.70626450 10.84238529
v 21.59149170 -42.71602631 10.46942711
v 21.50201035 -42.61416245 10.84068203
v 23.69743729 -42.35709763 13.09695244
v 25.89609718 -42.35709763 14.05585384
v 28.14812279 -42.35709763 14.88167477
v 30.44546509 -42.35709763 15.57146549
v 32.77991867 -42.35709763 16.12276077
v 35.14313889 -42.35709763 16.53359222
v 37.52668762 -42.35709763 16.80248833
v 39.92834091 -42.35709763 17.00094795
v 25.83104515 -47.18259811 8.57840443
v 25.78739738 -46.33651352 8.67083931
v 25.68303299 -45.52008057 8.89186287
v 25.52098274 -44.75701523 9.23505306
v 25.30595398 -44.06948853 9.69044113
v 25.04419327 -43.47747421 10.24479675
v 24.74330711 -42.99817276 10.88201332
v 24.41203499 -42.64550781 11.58357906
v 24.06000328 -42.42972565 12.32911205
v 48.49514771 -47.74732971 13.19959736
v 48.61535263 -47.76910782 13.13038540
v 48.66126251 -47.81764221 13.01271248
v 48.69749832 -47.89752960 12.91007423
v 48.71756744 -47.98139954 12.84392166
v 48.73007965 -48.10319901 12.78635216
v 48.60891724 -47.97229767 12.80058193
v 48.61586380 -48.09446335 12.74136925
v 48.49714279 -47.96242523 12.76618767
v 48.49842072 -48.08502960 12.70577908
v 48.26594543 -47.95553970 12.71502876
v 48.24241638 -48.19943237 12.63835812
v 48.48218918 -48.21820450 12.67723846
v 48.71308899 -48.23483276 12.75370789
v 48.92940903 -48.24907303 12.86549759
v 48.48915482 -47.87829590 12.83628082
v 48.27242279 -47.78055191 12.90278816
v 48.47096252 -47.79874420 12.94556808
v 48.44514465 -47.75131226 13.07115746
v 48.56746292 -47.80858231 12.97521305
v 48.53144073 -47.76055908 13.09719944
v 48.26013565 -47.72060776 13.15213108
v 48.59481049 -47.88831329 12.86892891
v 45.53153992 -47.53805923 12.43752193
v 44.71557999 -47.18259811 12.38255024
v 45.56045151 -47.39934158 12.46580887
v 44.79810715 -47.00728607 12.43608665
v 45.60169601 -47.28014374 12.53324318
v 44.86063766 -46.86313248 12.56146622
v 45.62698364 -47.20066071 12.61012173
v 45.64696503 -47.12709427 12.73069668
v 46.02124023 -47.34473038 12.63629150
v 46.03810883 -47.26982117 12.75574112
v 46.42174530 -47.47270966 12.66358852
v 46.43556595 -47.39664841 12.78194237
v 47.33787537 -47.70254898 12.72844219
v 47.34504700 -47.62449646 12.84442806
v 47.34403610 -47.58021927 12.97756672
v 47.38676453 -47.58168411 13.09188366
v 46.52855682 -47.37563705 13.03559017
v 46.43819427 -47.35450363 12.91720963
v 46.04234695 -47.22879410 12.89198780
v 44.89307404 -46.77344131 12.73842430
v 45.65280533 -47.08729553 12.86794567
v 44.89016724 -46.75270462 12.93835545
v 45.69364548 -47.10009766 12.98412418
v 47.32649612 -47.78547287 12.65506077
v 46.40320206 -47.55420303 12.58840370
v 45.99937057 -47.42531204 12.56027126
v 47.30614471 -47.90884399 12.59138489
v 47.30091476 -48.04819489 12.56585693
v 46.39525604 -47.82723999 12.49876118
v 46.37212753 -47.67593002 12.52278805
v 45.96329498 -47.54591751 12.49375820
v 40.07561874 -42.38992310 16.42647362
v 40.22131348 -42.41395950 16.38294601
v 40.15310287 -42.41454315 17.06117249
v 40.33679962 -42.46042633 16.42230988
v 40.41780472 -42.51917648 16.45356560
v 40.51264572 -42.58220291 15.79361343
v 40.59256363 -42.63677979 15.83391285
v 40.63427734 -42.71144485 15.38726807
v 40.71311951 -42.76169205 15.43335056
v 40.84014893 -42.98727036 14.77640629
v 40.91671371 -43.02840805 14.83107376
v 41.07167053 -43.33582306 14.22127724
v 41.14528656 -43.36565018 14.28359032
v 41.34028625 -43.74124527 13.73730755
v 41.41030884 -43.75817108 13.80608845
v 41.65596390 -44.18728638 13.33769417
v 41.72179031 -44.19031906 13.41156578
v 42.01959229 -44.65531158 13.02201080
v 42.08075714 -44.64405441 13.09961700
v 42.42861938 -45.12577820 12.78468132
v 42.48482895 -45.10041046 12.86476994
v 42.88049698 -45.57914352 12.62011814
v 42.93162918 -45.54043579 12.70154190
v 43.12154770 -45.79392242 12.56311798
v 43.17014313 -45.74898911 12.64481640
v 43.37168121 -45.99974060 12.52109432
v 43.41774368 -45.94890213 12.60283852
v 43.71906281 -46.26079178 12.48542786
v 43.76176071 -46.20253372 12.56692028
v 44.07897186 -46.50493240 12.46969414
v 44.11832809 -46.43979645 12.55064201
v 44.15237427 -46.38316345 12.67198467
v 44.16812897 -46.35648346 12.80696487
v 44.00442505 -46.25806046 12.92104435
v 43.81922150 -46.13300705 12.81999874
v 43.58668518 -45.97658157 12.94715595
v 43.48304749 -45.89461899 12.85207844
v 43.24135590 -45.70714188 12.89075756
v 43.45986938 -45.90834427 12.72194004
v 43.21532822 -45.71519852 12.76272392
v 40.32622147 -42.57368088 17.10755920
v 40.49785614 -42.61554337 16.48975372
v 40.67113876 -42.72798157 15.88411808
v 40.79062271 -42.84721375 15.49244595
v 40.99221420 -43.10181427 14.90324402
v 41.21821976 -43.42406082 14.36736298
v 41.47988129 -43.79975510 13.89976883
v 41.78702164 -44.21426392 13.51328945
v 42.14081192 -44.65031052 13.20765591
v 42.53913498 -45.08960724 12.97764587
v 42.97987747 -45.51386261 12.81802845
v 40.55067444 -42.73093414 16.52079391
v 40.40790939 -42.79794312 17.12944794
v 40.55002975 -42.82412720 16.61314774
v 40.69820404 -42.90380859 16.10592079
v 40.72244263 -42.83855820 15.93126392
v 40.85234451 -43.03816223 15.61479950
v 40.84124374 -42.95219803 15.54980469
v 41.01596832 -43.22339630 15.14754391
v 41.04197693 -43.19467545 14.97560215
v 41.19463730 -43.45290375 14.71231937
v 41.26690292 -43.50193024 14.45305157
v 41.39393616 -43.72004318 14.31729889
v 41.52670288 -43.86103058 13.99692631
v 41.61944962 -44.01816177 13.97064972
v 41.83073044 -44.25853729 13.61991787
v 41.87517548 -44.33989334 13.67789268
v 42.18026733 -44.67796707 13.32197285
v 42.16097641 -44.67594147 13.43760109
v 42.47602463 -45.01670837 13.24722576
v 42.57353210 -45.10166550 13.09821987
v 42.81950760 -45.35258865 13.10421371
v 43.00874710 -45.51198578 12.94377899
v 43.19051743 -45.67424011 13.00587463
v 44.01852036 -46.60470200 12.39508343
v 43.65440750 -46.35187912 12.40835285
v 43.30282211 -46.08149338 12.44196033
v 43.04953384 -45.86827850 12.48278046
v 42.80530167 -45.64575195 12.53892326
v 42.34700394 -45.17594147 12.70296383
v 41.93159485 -44.68835831 12.94140053
v 41.56180191 -44.20334244 13.25982952
v 41.24034500 -43.74123764 13.66383362
v 40.96652603 -43.32137299 14.15374374
v 40.73061752 -42.96044159 14.71599865
v 40.52140427 -42.67470932 15.33476639
v 40.39831161 -42.54066849 15.74630737
v 44.23984909 -46.90542603 12.35942268
v 43.77756119 -46.59919739 12.35645103
v 43.33261108 -46.26490402 12.38155365
v 42.90887833 -45.90355301 12.44264221
v 42.51022339 -45.51628876 12.54757118
v 42.13952637 -45.10897446 12.70208645
v 41.79846573 -44.69316483 12.90940094
v 41.48866272 -44.28075790 13.17257786
v 41.21173096 -43.88364792 13.49467659
v 40.96848297 -43.51343155 13.87747574
v 40.75474167 -43.17988586 14.31481838
v 40.56444168 -42.89209366 14.79752827
v 40.39151001 -42.65912628 15.31641865
v 40.22989655 -42.49002457 15.86231232
v 43.79981232 -46.15358353 12.68730259
v 37.92978287 -46.33651352 11.92438221
v 37.93820190 -47.18259811 11.82250786
v 36.13503265 -46.33651352 11.72966671
v 35.85146713 -47.18259811 11.58709526
v 34.35260773 -46.33651352 11.44327831
v 33.78252792 -47.18259811 11.22742367
v 32.58719254 -46.33651352 11.06596756
v 31.73877335 -47.18259811 10.74477863
v 30.84342384 -46.33651352 10.59872532
v 29.72750664 -47.18259811 10.14088440
v 29.12587547 -46.33651352 10.04277897
v 27.75591660 -47.18259811 9.41789913
v 27.43905640 -46.33651352 9.39958763
v 27.34614944 -45.52008057 9.62566566
v 29.04467010 -45.52008057 10.27332020
v 30.77413368 -45.52008057 10.83312321
v 32.53000259 -45.52008057 11.30360603
v 34.30766296 -45.52008057 11.68353462
v 36.10245132 -45.52008057 11.97191048
v 37.90965652 -45.52008057 12.16797543
v 36.05186462 -44.75701523 12.34805012
v 37.87839890 -44.75701523 12.54621315
v 35.98473740 -44.06948853 12.84715939
v 37.83692551 -44.06948853 13.04810524
v 35.90302277 -43.47747421 13.45473671
v 37.78643799 -43.47747421 13.65907097
v 35.80909348 -42.99817276 14.15313148
v 37.72840500 -42.99817276 14.36136055
v 35.70568085 -42.64550781 14.92205334
v 37.66451263 -42.64550781 15.13457012
v 35.59578323 -42.42972565 15.73916340
v 37.59661484 -42.42972565 15.95623589
v 33.60869598 -42.42972565 15.41989040
v 31.64057350 -42.42972565 14.99925613
v 29.69657707 -42.42972565 14.47836399
v 27.78181458 -42.42972565 13.85858250
v 25.90130997 -42.42972565 13.14153767
v 26.21469307 -42.64550781 12.37895107
v 26.50959587 -42.99817276 11.66133881
v 26.77744865 -43.47747421 11.00954628
v 27.01046944 -44.06948853 10.44251156
v 27.20189095 -44.75701523 9.97670650
v 34.23787689 -44.75701523 12.05658913
v 32.44119644 -44.75701523 11.67259693
v 30.66654587 -44.75701523 11.19708061
v 28.91858101 -44.75701523 10.63128853
v 34.14527130 -44.06948853 12.55160522
v 32.32336044 -44.06948853 12.16222000
v 30.52378464 -44.06948853 11.68002510
v 28.75127029 -44.06948853 11.10628700
v 34.03254318 -43.47747421 13.15419960
v 32.17991257 -43.47747421 12.75824928
v 30.34999847 -43.47747421 12.26792431
v 28.54759789 -43.47747421 11.68451309
v 33.90296555 -42.99817276 13.84686661
v 32.01502609 -42.99817276 13.44336987
v 30.15023422 -42.99817276 12.94369984
v 28.31348228 -42.99817276 12.34916878
v 33.76030350 -42.64550781 14.60948181
v 31.83348846 -42.64550781 14.19767666
v 29.93029785 -42.64550781 13.68771839
v 28.05572510 -42.64550781 13.08094501
f 1 2 3
f 3 2 4
f 3 4 5
f 5 4 6
f 7 8 1
f 1 8 2
f 9 10 11
f 11 10 12
f 11 12 13
f 14 15 9
f 9 15 16
f 9 16 10
f 14 17 15
f 18 19 20
f 20 19 21
f 21 19 22
f 21 22 23
f 23 22 24
f 23 24 25
f 25 24 13
f 25 13 12
f 26 27 28
f 28 27 29
f 29 27 30
f 29 30 31
f 31 30 32
f 31 32 33
f 33 32 18
f 33 18 20
f 26 28 34
f 34 28 35
f 34 35 36
f 34 36 37
f 37 36 38
f 37 38 39
f 39 38 40
f 41 42 43
f 43 42 44
f 43 44 45
f 45 44 46
f 46 44 39
f 46 39 40
f 47 48 49
f 49 48 50
f 49 50 51
f 51 50 52
f 52 50 42
f 52 42 41
f 53 54 55
f 55 54 56
f 55 56 57
f 57 56 58
f 54 53 59
f 59 53 48
f 59 48 47
f 60 57 61
f 61 57 58
f 62 63 64
f 64 63 65
f 64 65 66
f 66 65 67
f 62 68 63
f 63 68 69
f 69 68 70
f 69 70 61
f 61 70 60
f 71 72 73
f 73 72 74
f 73 74 75
f 75 74 76
f 76 74 66
f 76 66 67
f 77 78 79
f 79 78 80
f 79 80 81
f 81 80 82
f 82 80 72
f 82 72 71
f 17 14 83
f 83 14 84
f 83 84 85
f 85 84 86
f 86 84 87
f 86 87 88
f 88 87 89
f 89 87 90
f 89 90 91
f 91 90 92
f 92 90 93
f 92 93 94
f 94 93 95
f 95 93 96
f 95 96 97
f 97 96 98
f 97 98 99
f 99 98 100
f 100 98 101
f 101 102 100
f 100 102 103
f 103 102 104
f 104 102 105
f 104 105 106
f 106 105 107
f 106 107 108
f 108 107 109
f 109 107 110
f 109 110 111
f 111 110 112
f 111 112 113
f 113 112 114
f 114 112 115
f 114 115 116
f 116 115 117
f 117 115 118
f 117 118 119
f 119 118 120
f 120 118 121
f 120 121 122
f 122 121 123
f 123 121 124
f 123 124 125
f 125 124 126
f 126 124 127
f 126 127 128
f 127 129 128
f 128 129 130
f 130 129 131
f 130 131 132
f 132 131 133
f 132 133 134
f 134 133 135
f 134 135 136
f 135 137 136
f 136 137 138
f 138 137 139
f 138 139 140
f 140 139 141
f 140 141 142
f 142 141 143
f 142 143 144
f 143 145 144
f 144 145 146
f 146 145 147
f 146 147 148
f 148 147 149
f 148 149 150
f 148 150 151
f 151 150 78
f 151 78 77
f 65 47 67
f 67 47 49
f 67 49 76
f 76 49 51
f 76 51 75
f 75 51 52
f 75 52 73
f 73 52 41
f 73 41 71
f 71 41 43
f 71 43 82
f 82 43 81
f 81 43 45
f 81 45 79
f 79 45 46
f 79 46 77
f 77 46 40
f 77 40 151
f 151 40 38
f 151 38 148
f 148 38 36
f 148 36 146
f 146 36 35
f 146 35 144
f 144 35 28
f 144 28 142
f 142 28 29
f 142 29 140
f 140 29 31
f 140 31 138
f 138 31 33
f 138 33 136
f 136 33 20
f 136 20 134
f 134 20 21
f 134 21 132
f 132 21 23
f 132 23 130
f 130 23 25
f 130 25 128
f 128 25 12
f 128 12 126
f 126 12 10
f 126 10 125
f 125 10 16
f 125 16 123
f 123 16 15
f 123 15 122
f 122 15 17
f 122 17 83
f 47 65 59
f 59 65 63
f 59 63 54
f 54 63 69
f 54 69 56
f 56 69 61
f 56 61 58
f 85 119 83
f 83 119 120
f 83 120 122
f 85 86 119
f 119 86 117
f 117 86 116
f 116 86 88
f 116 88 114
f 114 88 89
f 114 89 113
f 113 89 91
f 113 91 111
f 111 91 92
f 111 92 109
f 109 92 94
f 109 94 108
f 108 94 95
f 108 95 106
f 106 95 97
f 106 97 104
f 104 97 99
f 104 99 103
f 103 99 100
f 107 121 110
f 110 121 118
f 110 118 112
f 112 118 115
f 105 152 107
f 107 152 121
f 152 153 121
f 121 153 124
f 9 154 14
f 14 154 155
f 14 155 84
f 84 155 156
f 84 156 87
f 87 156 90
f 90 156 157
f 90 157 93
f 93 157 158
f 93 158 96
f 96 158 159
f 96 159 160
f 160 159 161
f 161 159 162
f 11 163 9
f 9 163 154
f 154 163 164
f 164 163 165
f 164 165 166
f 166 165 167
f 166 168 164
f 164 168 169
f 164 169 154
f 154 169 170
f 154 170 155
f 155 170 171
f 155 171 156
f 156 171 172
f 156 172 173
f 173 172 174
f 173 174 175
f 175 174 176
f 175 176 177
f 177 176 178
f 178 176 179
f 178 179 180
f 180 179 181
f 180 181 182
f 182 181 183
f 182 183 184
f 184 183 185
f 184 185 186
f 186 185 187
f 186 187 188
f 188 187 189
f 188 189 190
f 190 189 191
f 191 189 192
f 192 189 193
f 192 193 194
f 194 193 195
f 194 195 196
f 196 195 197
f 196 197 198
f 198 197 199
f 198 199 200
f 200 199 201
f 200 201 202
f 202 201 203
f 203 201 204
f 203 204 205
f 205 204 206
f 205 206 207
f 207 206 208
f 207 208 209
f 209 208 210
f 209 210 211
f 211 210 212
f 211 212 213
f 213 212 169
f 213 169 168
f 214 215 177
f 177 215 175
f 215 216 175
f 175 216 173
f 217 218 216
f 216 218 219
f 216 219 173
f 173 219 220
f 173 220 156
f 156 220 221
f 156 221 157
f 160 98 96
f 170 222 171
f 171 222 223
f 171 223 172
f 172 223 224
f 172 224 174
f 174 224 225
f 174 225 176
f 176 225 179
f 222 226 223
f 223 226 227
f 223 227 224
f 224 227 228
f 224 228 225
f 225 228 229
f 225 229 179
f 179 229 181
f 169 212 170
f 170 212 222
f 226 230 227
f 227 230 231
f 227 231 228
f 228 231 232
f 228 232 229
f 229 232 233
f 229 233 181
f 181 233 183
f 212 210 222
f 222 210 226
f 230 234 231
f 231 234 235
f 231 235 232
f 232 235 236
f 232 236 233
f 233 236 237
f 233 237 183
f 183 237 185
f 210 208 226
f 226 208 230
f 234 238 235
f 235 238 239
f 235 239 236
f 236 239 240
f 236 240 237
f 237 240 241
f 237 241 185
f 185 241 187
f 208 206 230
f 230 206 234
f 238 199 239
f 239 199 197
f 239 197 240
f 240 197 195
f 240 195 241
f 241 195 193
f 241 193 187
f 187 193 189
f 206 204 234
f 234 204 238
f 204 201 238
f 238 201 199
f 98 160 101
f 101 160 161
f 101 161 242
f 242 161 162
f 242 243 101
f 101 243 244
f 101 244 102
f 102 244 245
f 102 245 60
f 60 245 57
f 57 245 246
f 57 246 247
f 248 249 243
f 243 249 250
f 243 250 251
f 249 252 250
f 250 252 253
f 253 252 254
f 251 255 243
f 243 255 256
f 243 256 257
f 243 257 244
f 244 257 258
f 244 258 259
f 260 261 259
f 259 261 262
f 259 262 263
f 263 244 259
f 264 265 245
f 245 265 266
f 245 266 267
f 264 268 265
f 265 268 269
f 269 268 270
f 269 270 271
f 271 270 272
f 245 267 246
f 246 267 273
f 246 273 274
f 274 275 246
f 246 275 276
f 246 276 277
f 275 278 276
f 276 278 279
f 279 278 280
f 279 280 281
f 281 282 279
f 283 284 247
f 247 284 285
f 247 285 57
f 57 285 55
f 70 141 60
f 60 141 139
f 60 139 137
f 68 286 70
f 70 286 143
f 70 143 141
f 68 62 286
f 286 62 64
f 286 287 143
f 143 287 145
f 145 287 147
f 147 287 149
f 149 287 150
f 137 135 60
f 60 135 102
f 135 133 102
f 102 133 131
f 102 131 129
f 102 129 152
f 152 129 127
f 152 127 153
f 153 127 124
f 152 105 102
f 64 66 286
f 286 66 287
f 287 66 78
f 287 78 150
f 78 66 80
f 80 66 74
f 80 74 72
f 288 289 277
f 277 289 290
f 277 290 291
f 288 292 289
f 293 246 291
f 291 246 277
f 247 246 294
f 294 246 293
f 247 294 283
f 283 294 295
f 283 295 296
f 283 296 297
f 297 296 298
f 297 298 299
f 299 298 300
f 301 302 303
f 303 302 304
f 303 304 305
f 305 304 306
f 306 304 299
f 306 299 300
f 307 308 309
f 309 308 310
f 309 310 311
f 311 310 312
f 312 310 302
f 312 302 301
f 308 313 314
f 314 313 315
f 314 315 316
f 308 307 313
f 317 318 316
f 316 318 314
f 319 320 321
f 321 320 322
f 322 320 323
f 322 323 324
f 324 323 325
f 324 325 326
f 326 325 318
f 326 318 317
f 327 328 329
f 329 328 330
f 330 328 331
f 330 331 332
f 332 331 333
f 332 333 334
f 334 333 319
f 334 319 321
f 335 336 337
f 337 336 338
f 338 336 339
f 338 339 340
f 340 339 341
f 340 341 342
f 342 341 327
f 342 327 329
f 343 344 345
f 345 344 346
f 346 344 347
f 346 347 348
f 348 347 349
f 348 349 350
f 350 349 335
f 350 335 337
f 343 351 217
f 217 351 352
f 217 352 353
f 343 345 351
f 354 218 353
f 353 218 217
f 355 220 356
f 356 220 219
f 356 219 357
f 357 219 358
f 358 219 218
f 358 218 354
f 220 359 221
f 221 359 360
f 221 360 361
f 355 362 220
f 220 362 359
f 363 158 364
f 364 158 157
f 364 157 365
f 365 157 366
f 366 157 221
f 366 221 361
f 292 288 367
f 367 288 368
f 367 368 369
f 369 368 370
f 370 368 371
f 370 371 372
f 372 371 373
f 373 371 374
f 373 374 375
f 375 374 376
f 376 374 377
f 376 377 378
f 378 377 379
f 379 377 282
f 379 282 380
f 380 282 281
f 380 281 381
f 381 281 280
f 381 280 278
f 275 382 278
f 278 382 381
f 275 274 382
f 382 274 383
f 383 274 273
f 383 273 384
f 384 273 267
f 384 267 385
f 385 267 266
f 385 266 386
f 266 265 386
f 386 265 387
f 387 265 269
f 387 269 388
f 388 269 271
f 388 271 389
f 389 271 272
f 389 272 390
f 272 270 390
f 390 270 391
f 391 270 268
f 391 268 392
f 392 268 264
f 392 264 393
f 393 264 245
f 393 245 394
f 245 244 394
f 394 244 395
f 244 263 395
f 395 263 396
f 396 263 262
f 396 262 397
f 397 262 261
f 397 261 398
f 398 261 260
f 398 260 399
f 260 259 399
f 399 259 400
f 400 259 258
f 400 258 401
f 401 258 257
f 401 257 402
f 402 257 256
f 402 256 403
f 256 255 403
f 403 255 404
f 404 255 251
f 404 251 405
f 405 251 250
f 405 250 406
f 406 250 253
f 406 253 407
f 407 253 408
f 408 253 254
f 408 254 409
f 409 254 410
f 410 254 411
f 410 411 412
f 412 411 413
f 413 411 414
f 413 414 415
f 415 414 416
f 416 414 417
f 416 417 418
f 418 417 419
f 419 417 420
f 419 420 421
f 421 420 422
f 422 420 423
f 422 423 424
f 424 423 425
f 425 423 248
f 425 248 426
f 426 248 427
f 427 248 243
f 427 243 428
f 243 242 428
f 428 242 429
f 242 162 429
f 429 162 430
f 430 162 431
f 431 162 159
f 431 159 432
f 432 159 158
f 432 158 363
f 298 290 300
f 300 290 289
f 300 289 306
f 306 289 292
f 306 292 305
f 305 292 367
f 305 367 369
f 290 298 291
f 291 298 296
f 291 296 295
f 294 293 295
f 295 293 291
f 305 369 303
f 303 369 370
f 303 370 301
f 301 370 372
f 301 372 373
f 301 373 312
f 312 373 375
f 312 375 311
f 311 375 376
f 311 376 309
f 309 376 378
f 309 378 379
f 309 379 307
f 307 379 380
f 307 380 313
f 313 380 381
f 313 381 315
f 315 381 316
f 316 381 382
f 316 382 317
f 317 382 326
f 326 382 383
f 326 383 324
f 324 383 322
f 322 383 321
f 321 383 384
f 321 384 334
f 334 384 385
f 334 385 332
f 332 385 330
f 330 385 386
f 330 386 329
f 329 386 387
f 329 387 388
f 389 402 388
f 388 402 403
f 388 403 329
f 329 403 404
f 329 404 342
f 342 404 405
f 342 405 340
f 340 405 338
f 338 405 406
f 338 406 337
f 337 406 350
f 350 406 407
f 350 407 348
f 348 407 346
f 346 407 345
f 345 407 351
f 351 407 352
f 352 407 408
f 352 408 353
f 353 408 354
f 354 408 409
f 354 409 358
f 358 409 357
f 357 409 410
f 357 410 356
f 356 410 412
f 356 412 355
f 355 412 413
f 355 413 362
f 362 413 415
f 362 415 359
f 359 415 416
f 359 416 360
f 360 416 418
f 360 418 361
f 361 418 419
f 361 419 366
f 366 419 421
f 366 421 365
f 365 421 422
f 365 422 364
f 364 422 424
f 364 424 425
f 402 389 401
f 401 389 390
f 401 390 400
f 400 390 391
f 400 391 399
f 399 391 392
f 399 392 398
f 398 392 393
f 398 393 397
f 397 393 396
f 396 393 395
f 395 393 394
f 364 425 363
f 363 425 426
f 363 426 432
f 432 426 427
f 432 427 431
f 431 427 430
f 430 427 428
f 430 428 429
f 34 37 433
f 433 37 434
f 433 434 435
f 435 434 436
f 435 436 437
f 437 436 438
f 437 438 439
f 439 438 440
f 439 440 441
f 441 440 442
f 441 442 443
f 443 442 444
f 443 444 445
f 445 444 446
f 445 446 447
f 447 446 448
f 447 448 449
f 449 448 450
f 449 450 451
f 37 39 434
f 434 39 452
f 434 452 453
f 453 452 454
f 453 454 455
f 455 454 456
f 455 456 457
f 457 456 458
f 457 458 459
f 459 458 460
f 459 460 461
f 39 44 452
f 452 44 42
f 452 42 50
f 48 299 50
f 50 299 304
f 50 304 452
f 452 304 302
f 452 302 462
f 462 302 310
f 462 310 463
f 463 310 308
f 463 308 464
f 464 308 314
f 299 48 297
f 297 48 53
f 297 53 284
f 284 53 285
f 285 53 55
f 284 283 297
f 463 464 465
f 465 464 466
f 465 466 467
f 467 466 468
f 467 469 465
f 465 469 470
f 465 470 463
f 463 470 471
f 463 471 462
f 462 471 454
f 462 454 452
f 469 472 470
f 470 472 473
f 470 473 471
f 471 473 456
f 471 456 454
f 472 474 473
f 473 474 458
f 473 458 456
f 474 460 458
f 459 461 475
f 475 461 476
f 475 476 477
f 477 476 478
f 477 478 479
f 479 478 480
f 479 480 481
f 479 481 482
f 482 481 483
f 482 483 484
f 484 483 485
f 484 485 486
f 486 485 487
f 486 487 448
f 448 487 450
f 451 488 449
f 449 488 489
f 449 489 447
f 447 489 490
f 447 490 445
f 445 490 491
f 445 491 443
f 443 491 492
f 443 492 441
f 441 492 493
f 441 493 439
f 439 493 494
f 439 494 437
f 437 494 495
f 437 495 435
f 435 495 496
f 435 496 433
f 495 497 496
f 448 446 486
f 486 446 498
f 486 498 484
f 484 498 499
f 484 499 482
f 482 499 500
f 482 500 479
f 479 500 477
f 446 444 498
f 498 444 501
f 498 501 499
f 499 501 502
f 499 502 500
f 500 502 503
f 500 503 477
f 477 503 475
f 444 442 501
f 501 442 504
f 501 504 502
f 502 504 505
f 502 505 503
f 503 505 506
f 503 506 475
f 475 506 459
f 442 440 504
f 504 440 507
f 504 507 505
f 505 507 508
f 505 508 506
f 506 508 457
f 506 457 459
f 440 438 507
f 507 438 509
f 507 509 508
f 508 509 455
f 508 455 457
f 438 436 509
f 509 436 453
f 509 453 455
f 436 434 453
f 277 276 288
f 288 276 377
f 288 377 374
f 276 279 377
f 377 279 282
f 371 368 374
f 374 368 288
f 254 252 411
f 411 252 423
f 411 423 414
f 414 423 420
f 414 420 417
f 252 249 423
f 423 249 248
f 314 318 464
f 464 318 325
f 464 325 323
f 323 320 464
f 464 320 216
f 464 216 215
f 320 319 216
f 216 319 335
f 216 335 349
f 319 333 335
f 335 333 336
f 336 333 331
f 336 331 339
f 339 331 328
f 339 328 341
f 341 328 327
f 349 347 216
f 216 347 344
f 216 344 343
f 343 217 216
f 464 215 466
f 466 215 214
f 466 214 468
f 468 214 510
f 510 214 511
f 512 513 514
f 514 513 515
f 514 515 516
f 516 515 517
f 516 517 518
f 516 518 519
f 519 518 520
f 519 520 521
f 521 520 522
f 521 522 523
f 521 523 524
f 524 523 525
f 524 525 526
f 526 525 527
f 526 527 528
f 528 527 1
f 526 528 529
f 529 528 530
f 529 530 531
f 531 530 532
f 531 532 533
f 533 532 534
f 533 534 535
f 535 534 536
f 535 537 533
f 533 537 538
f 533 538 539
f 539 538 516
f 539 516 519
f 537 540 538
f 538 540 514
f 538 514 516
f 540 512 514
f 519 521 541
f 541 521 524
f 541 524 529
f 529 524 526
f 519 541 539
f 539 541 531
f 539 531 533
f 531 541 529
f 1 3 542
f 542 3 543
f 542 543 544
f 544 543 545
f 544 545 546
f 546 545 547
f 546 547 548
f 548 547 549
f 548 549 550
f 550 536 548
f 548 536 534
f 548 534 546
f 546 534 532
f 546 532 544
f 544 532 530
f 544 530 542
f 542 530 528
f 542 528 1
f 551 552 553
f 553 552 554
f 553 554 555
f 555 554 556
f 555 556 557
f 557 556 558
f 557 558 559
f 559 558 560
f 559 560 561
f 561 560 562
f 561 562 3
f 3 562 543
f 543 562 563
f 543 563 545
f 545 563 564
f 545 564 547
f 547 564 565
f 547 565 549
f 549 565 566
f 549 566 550
f 552 567 554
f 554 567 568
f 554 568 556
f 556 568 569
f 556 569 558
f 558 569 570
f 558 570 560
f 560 570 571
f 560 571 562
f 562 571 563
f 567 572 568
f 568 572 573
f 568 573 569
f 569 573 574
f 569 574 570
f 570 574 575
f 570 575 571
f 571 575 576
f 571 576 563
f 563 576 564
f 572 577 573
f 573 577 578
f 573 578 574
f 574 578 579
f 574 579 575
f 575 579 580
f 575 580 576
f 576 580 581
f 576 581 564
f 564 581 565
f 577 582 578
f 578 582 583
f 578 583 579
f 579 583 584
f 579 584 580
f 580 584 585
f 580 585 581
f 581 585 586
f 581 586 565
f 565 586 566
f 551 587 588
f 588 587 589
f 588 589 590
f 590 589 591
f 590 591 592
f 592 591 593
f 592 593 594
f 592 594 595
f 595 594 596
f 595 596 582
f 582 596 597
f 582 577 595
f 595 577 592
f 577 572 592
f 592 572 590
f 572 567 590
f 590 567 588
f 567 552 588
f 588 552 551
f 512 540 513
f 513 540 598
f 598 540 599
f 599 540 600
f 600 540 601
f 600 601 602
f 602 601 603
f 603 601 604
f 604 601 202
f 604 202 605
f 605 202 606
f 605 606 607
f 607 606 608
f 608 606 609
f 609 606 610
f 610 606 611
f 610 611 612
f 612 611 613
f 612 613 614
f 612 614 615
f 615 614 616
f 615 616 617
f 617 616 618
f 618 616 619
f 619 616 620
f 619 620 621
f 537 536 540
f 540 536 550
f 540 550 601
f 601 550 566
f 601 566 622
f 622 566 586
f 622 586 623
f 623 586 585
f 623 585 624
f 624 585 625
f 625 585 584
f 625 584 626
f 626 584 583
f 626 583 627
f 627 583 582
f 627 582 628
f 628 582 597
f 628 597 629
f 629 597 630
f 629 630 631
f 537 535 536
f 632 633 631
f 631 633 634
f 631 634 629
f 635 636 632
f 632 636 637
f 632 637 633
f 636 635 638
f 638 635 639
f 638 639 640
f 640 639 641
f 640 641 642
f 642 641 643
f 642 643 644
f 644 645 642
f 596 646 597
f 597 646 647
f 597 647 630
f 630 647 648
f 630 648 631
f 631 648 649
f 631 649 632
f 632 649 650
f 632 650 635
f 635 650 651
f 635 651 639
f 639 651 652
f 639 652 641
f 641 652 653
f 641 653 643
f 596 594 646
f 646 594 654
f 654 594 593
f 654 593 655
f 655 593 591
f 655 591 656
f 656 591 657
f 657 591 589
f 657 589 658
f 658 589 659
f 659 589 587
f 659 587 660
f 661 662 663
f 663 662 664
f 663 664 665
f 665 664 666
f 666 664 667
f 667 664 668
f 667 668 669
f 669 668 670
f 669 670 671
f 671 670 672
f 671 672 673
f 673 672 674
f 673 674 675
f 675 674 676
f 675 676 677
f 677 676 678
f 677 678 679
f 679 678 680
f 679 680 681
f 681 680 682
f 681 682 683
f 683 682 684
f 683 684 685
f 685 684 686
f 685 686 687
f 687 686 688
f 687 688 689
f 689 688 690
f 689 690 691
f 691 690 692
f 691 692 693
f 693 692 694
f 693 694 695
f 695 694 696
f 695 696 697
f 697 696 698
f 697 698 699
f 699 698 700
f 699 700 701
f 701 700 702
f 662 703 664
f 664 703 704
f 664 704 668
f 668 704 705
f 668 705 670
f 670 705 706
f 670 706 672
f 672 706 707
f 672 707 674
f 674 707 708
f 674 708 676
f 676 708 709
f 676 709 678
f 678 709 710
f 678 710 680
f 680 710 711
f 680 711 682
f 682 711 712
f 682 712 684
f 684 712 713
f 684 713 686
f 686 713 714
f 686 714 688
f 688 714 715
f 688 715 690
f 690 715 716
f 690 716 692
f 692 716 694
f 703 717 704
f 704 717 718
f 704 718 719
f 719 718 720
f 719 720 721
f 721 720 722
f 721 722 723
f 723 724 721
f 721 724 725
f 721 725 726
f 726 725 727
f 726 727 706
f 706 727 707
f 724 728 725
f 725 728 729
f 725 729 727
f 727 729 730
f 727 730 707
f 707 730 708
f 728 731 729
f 729 731 732
f 729 732 730
f 730 732 733
f 730 733 708
f 708 733 709
f 731 734 732
f 732 734 735
f 732 735 733
f 733 735 736
f 733 736 709
f 709 736 710
f 734 737 735
f 735 737 738
f 735 738 736
f 736 738 739
f 736 739 710
f 710 739 711
f 737 740 738
f 738 740 741
f 738 741 739
f 739 741 742
f 739 742 711
f 711 742 712
f 740 743 741
f 741 743 744
f 741 744 742
f 742 744 745
f 742 745 712
f 712 745 713
f 743 746 744
f 744 746 747
f 744 747 745
f 745 747 748
f 745 748 713
f 713 748 714
f 746 749 747
f 747 749 750
f 747 750 748
f 748 750 751
f 748 751 714
f 714 751 715
f 749 752 750
f 750 752 753
f 750 753 751
f 751 753 754
f 751 754 715
f 715 754 716
f 752 755 753
f 753 755 756
f 753 756 754
f 754 756 757
f 754 757 716
f 716 757 694
f 755 758 756
f 756 758 759
f 756 759 757
f 757 759 696
f 757 696 694
f 758 760 759
f 759 760 698
f 759 698 696
f 760 700 698
f 701 761 699
f 699 761 697
f 697 761 695
f 695 761 762
f 695 762 693
f 693 762 763
f 693 763 691
f 762 511 763
f 705 704 719
f 705 719 726
f 726 719 721
f 706 705 726
f 720 764 722
f 722 764 723
f 720 718 764
f 764 718 765
f 765 718 717
f 765 717 703
f 765 703 766
f 766 703 662
f 766 662 767
f 767 662 661
f 767 661 768
f 769 770 723
f 723 770 771
f 723 771 772
f 661 663 768
f 768 663 665
f 768 665 666
f 191 773 666
f 666 773 774
f 666 774 768
f 768 774 775
f 768 775 776
f 776 775 777
f 776 777 778
f 778 777 779
f 778 779 780
f 773 191 781
f 781 191 627
f 781 627 628
f 775 782 777
f 783 784 780
f 780 784 778
f 769 723 785
f 785 723 764
f 785 764 765
f 785 765 786
f 786 765 766
f 786 766 787
f 787 766 788
f 787 788 789
f 789 788 790
f 789 790 778
f 778 790 776
f 776 790 767
f 776 767 768
f 788 766 790
f 790 766 767
f 789 791 787
f 787 791 786
f 791 792 786
f 786 792 785
f 792 793 785
f 785 793 772
f 785 772 771
f 771 770 785
f 785 770 769
f 779 777 794
f 794 777 795
f 794 795 796
f 796 795 797
f 796 797 798
f 798 797 799
f 798 799 800
f 800 799 801
f 800 801 802
f 802 801 803
f 802 803 804
f 804 803 805
f 804 805 806
f 806 805 807
f 806 807 808
f 808 807 809
f 808 809 789
f 789 809 791
f 791 809 810
f 791 810 811
f 811 810 812
f 811 812 813
f 813 812 814
f 813 814 815
f 815 814 816
f 815 816 817
f 817 816 818
f 818 816 819
f 818 819 820
f 820 819 821
f 820 821 656
f 656 821 822
f 822 821 823
f 822 823 824
f 824 823 825
f 824 825 826
f 826 825 827
f 826 827 801
f 801 827 803
f 797 824 799
f 799 824 826
f 799 826 801
f 828 829 817
f 817 829 830
f 817 830 815
f 815 830 813
f 792 791 828
f 828 791 829
f 778 831 789
f 789 831 832
f 789 832 808
f 808 832 806
f 778 784 831
f 831 784 783
f 831 783 833
f 833 783 780
f 833 780 834
f 834 780 835
f 834 835 836
f 836 835 837
f 836 837 800
f 800 837 798
f 835 780 838
f 838 780 779
f 838 779 794
f 823 821 839
f 839 821 819
f 839 819 840
f 840 819 816
f 840 816 814
f 825 823 841
f 841 823 839
f 841 839 842
f 842 839 840
f 842 840 843
f 843 840 814
f 843 814 812
f 838 794 796
f 838 796 837
f 837 796 798
f 825 841 827
f 827 841 844
f 827 844 803
f 803 844 805
f 844 841 842
f 836 800 802
f 835 838 837
f 844 842 845
f 845 842 843
f 845 843 846
f 846 843 812
f 846 812 810
f 836 802 847
f 847 802 804
f 847 804 848
f 848 804 806
f 848 806 832
f 813 830 849
f 849 830 829
f 849 829 791
f 791 811 849
f 849 811 813
f 810 809 846
f 846 809 807
f 846 807 845
f 845 807 805
f 845 805 844
f 832 831 848
f 848 831 833
f 848 833 847
f 847 833 834
f 847 834 836
f 654 655 850
f 850 655 851
f 851 655 852
f 851 852 853
f 853 852 822
f 853 822 824
f 655 656 852
f 852 656 822
f 797 854 824
f 824 854 855
f 824 855 853
f 853 855 856
f 853 856 851
f 795 857 797
f 797 857 858
f 797 858 854
f 854 858 859
f 854 859 855
f 855 859 856
f 857 795 860
f 860 795 777
f 860 777 782
f 782 861 860
f 860 861 862
f 860 862 857
f 857 862 863
f 857 863 858
f 858 863 859
f 862 864 863
f 863 864 865
f 863 865 866
f 866 865 867
f 866 867 868
f 868 867 647
f 868 647 646
f 865 864 869
f 869 864 870
f 869 870 871
f 871 870 872
f 871 872 873
f 873 872 874
f 873 874 875
f 875 874 876
f 875 876 877
f 877 876 878
f 877 878 879
f 877 879 880
f 880 879 881
f 880 881 652
f 652 881 653
f 880 652 882
f 882 652 651
f 882 651 883
f 883 651 650
f 883 650 884
f 884 650 649
f 884 649 885
f 885 649 648
f 885 648 867
f 867 648 647
f 868 646 851
f 851 646 654
f 851 654 850
f 851 856 868
f 868 856 859
f 868 859 866
f 866 859 863
f 885 867 865
f 884 885 869
f 869 885 865
f 883 884 871
f 871 884 869
f 882 883 873
f 873 883 871
f 880 882 875
f 875 882 873
f 877 880 875
f 878 886 879
f 879 886 887
f 879 887 881
f 881 887 888
f 881 888 653
f 653 888 889
f 890 891 892
f 892 891 893
f 892 893 894
f 892 894 895
f 895 894 896
f 895 896 897
f 895 897 898
f 898 897 899
f 898 899 900
f 900 899 901
f 900 901 902
f 902 901 903
f 902 903 888
f 888 903 889
f 888 887 902
f 902 887 904
f 902 904 900
f 900 904 905
f 900 905 898
f 898 905 906
f 898 906 895
f 895 906 892
f 887 886 904
f 904 886 907
f 904 907 905
f 905 907 908
f 905 908 906
f 906 908 890
f 906 890 892
f 909 775 910
f 910 775 774
f 910 774 911
f 911 774 912
f 911 912 913
f 913 912 914
f 913 914 915
f 915 914 916
f 915 916 917
f 917 916 918
f 917 918 919
f 919 918 781
f 781 918 916
f 781 916 773
f 773 916 914
f 773 914 912
f 774 773 912
f 917 919 920
f 920 919 921
f 920 921 922
f 922 921 923
f 922 923 924
f 924 923 925
f 924 925 926
f 926 925 894
f 926 894 893
f 921 927 923
f 923 927 928
f 923 928 925
f 925 928 894
f 927 896 928
f 928 896 894
f 891 929 893
f 893 929 930
f 893 930 926
f 926 930 931
f 926 931 924
f 924 931 932
f 924 932 922
f 922 932 920
f 891 909 929
f 929 909 910
f 929 910 911
f 932 931 913
f 913 931 911
f 929 911 930
f 930 911 931
f 920 932 915
f 915 932 913
f 920 915 917
f 828 933 792
f 792 933 934
f 792 934 935
f 935 934 936
f 935 936 937
f 937 936 938
f 937 938 939
f 939 938 940
f 939 940 941
f 941 940 942
f 941 942 943
f 943 942 657
f 943 657 658
f 933 828 944
f 944 828 817
f 944 817 945
f 945 817 818
f 945 818 946
f 946 818 820
f 946 820 947
f 947 820 656
f 947 656 657
f 659 948 658
f 658 948 949
f 658 949 943
f 943 949 950
f 943 950 941
f 941 950 951
f 941 951 939
f 939 951 952
f 939 952 937
f 937 952 953
f 937 953 935
f 935 953 792
f 948 659 954
f 954 659 660
f 954 660 955
f 956 957 955
f 955 957 958
f 955 958 954
f 954 958 948
f 959 960 956
f 956 960 961
f 956 961 957
f 957 961 962
f 957 962 963
f 963 962 950
f 963 950 949
f 959 964 960
f 960 964 965
f 960 965 966
f 966 965 952
f 966 952 951
f 965 964 953
f 953 964 792
f 942 940 947
f 947 940 946
f 940 938 946
f 946 938 945
f 934 933 944
f 938 936 945
f 945 936 944
f 936 934 944
f 657 942 947
f 949 948 963
f 963 948 958
f 963 958 957
f 951 950 962
f 951 962 966
f 966 962 961
f 966 961 960
f 953 952 965
f 653 889 643
f 643 889 644
f 889 903 644
f 644 903 645
f 645 903 901
f 645 901 642
f 642 901 899
f 642 899 640
f 640 899 897
f 640 897 638
f 638 897 896
f 638 896 636
f 927 967 896
f 896 967 968
f 896 968 969
f 969 968 970
f 969 970 971
f 971 970 972
f 971 972 973
f 973 972 974
f 973 974 975
f 975 974 976
f 975 976 977
f 977 976 629
f 977 629 634
f 967 927 978
f 978 927 921
f 978 921 979
f 979 921 980
f 979 980 972
f 972 980 974
f 921 919 980
f 980 919 981
f 980 981 974
f 974 981 976
f 919 781 981
f 981 781 629
f 981 629 976
f 781 628 629
f 977 634 975
f 975 634 633
f 975 633 973
f 973 633 971
f 633 637 971
f 971 637 969
f 637 636 969
f 969 636 896
f 968 967 978
f 972 970 979
f 979 970 978
f 970 968 978
f 982 983 984
f 984 983 985
f 984 985 986
f 986 985 987
f 986 987 988
f 988 987 989
f 988 989 990
f 985 983 991
f 991 983 992
f 991 992 993
f 993 992 994
f 993 994 995
f 995 994 996
f 995 996 997
f 997 996 998
f 997 998 999
f 999 998 1000
f 999 1000 1001
f 998 1002 1000
f 999 1001 1003
f 1003 1001 1004
f 1003 1004 1005
f 1005 1004 1006
f 1003 1005 1007
f 1007 1005 1008
f 1007 1008 1009
f 1009 1008 1010
f 1009 1010 1011
f 1011 1010 1012
f 1011 1012 1013
f 1013 1012 1014
f 1013 1014 987
f 987 1014 989
f 1015 1016 990
f 990 1016 1017
f 990 1017 988
f 988 1017 1018
f 988 1018 1019
f 988 1019 986
f 986 1019 984
f 1013 987 985
f 1011 1013 991
f 991 1013 985
f 1009 1011 993
f 993 1011 991
f 1007 1009 995
f 995 1009 993
f 1003 1007 997
f 997 1007 995
f 999 1003 997
f 1002 1020 1000
f 1000 1020 1021
f 1000 1021 1022
f 1000 1022 1001
f 1001 1022 1023
f 1001 1023 1004
f 1004 1023 1006
f 1006 1023 1024
f 1025 1026 1027
f 1027 1026 1028
f 1027 1028 1029
f 1029 1028 1030
f 1029 1030 1031
f 1031 1030 1032
f 1031 1032 1033
f 1026 1034 1028
f 1028 1034 1030
f 1034 1035 1030
f 1030 1035 1032
f 1035 1036 1032
f 1031 1033 1037
f 1037 1033 1038
f 1037 1038 1039
f 1039 1038 1040
f 1039 1040 1023
f 1023 1040 1024
f 1023 1022 1039
f 1039 1022 1041
f 1039 1041 1037
f 1037 1041 1042
f 1037 1042 1031
f 1031 1042 1029
f 1022 1021 1041
f 1041 1021 1043
f 1041 1043 1042
f 1042 1043 1044
f 1042 1044 1029
f 1029 1044 1027
f 1021 1020 1043
f 600 1045 599
f 599 1045 1046
f 599 1046 1047
f 1047 1046 1048
f 1047 1048 1025
f 1025 1048 1026
f 1026 1048 1049
f 1026 1049 1034
f 1034 1049 1050
f 1034 1050 1051
f 1051 1050 1052
f 1051 1052 1053
f 1053 1052 1054
f 1053 1054 1055
f 1055 1054 1056
f 1055 1056 1057
f 1057 1056 1058
f 1057 1058 1059
f 1059 1058 1060
f 1059 1060 1061
f 1061 1060 602
f 1061 602 603
f 1045 600 1062
f 1062 600 602
f 1062 602 1060
f 1061 603 1063
f 1063 603 604
f 1063 604 1064
f 1063 1064 1057
f 1057 1064 1055
f 1055 1065 1053
f 1053 1065 1066
f 1053 1066 1051
f 1051 1066 1035
f 1051 1035 1034
f 1065 1036 1066
f 1066 1036 1035
f 1052 1067 1068
f 1068 1067 1069
f 1068 1069 1058
f 1058 1069 1060
f 1067 1070 1069
f 1069 1070 1071
f 1069 1071 1060
f 1060 1071 1062
f 1052 1050 1067
f 1067 1050 1049
f 1067 1049 1070
f 1070 1049 1048
f 1070 1048 1046
f 1070 1046 1071
f 1071 1046 1045
f 1071 1045 1062
f 1056 1054 1068
f 1068 1054 1052
f 1056 1068 1058
f 1063 1057 1059
f 1059 1061 1063
f 522 1072 523
f 523 1072 1073
f 523 1073 1074
f 1074 1073 1075
f 1074 1075 1076
f 1076 1075 1077
f 1076 1077 1078
f 1078 1077 1019
f 1078 1019 1018
f 522 520 1072
f 1072 520 1079
f 1072 1079 1073
f 1073 1079 1075
f 1079 520 1080
f 1080 520 518
f 1080 518 1081
f 1081 518 517
f 1081 517 1082
f 1082 517 515
f 1082 515 1083
f 1083 515 513
f 1083 513 1084
f 1084 513 598
f 982 1085 1084
f 1084 1085 1086
f 1084 1086 1087
f 1087 1086 1085
f 1087 1085 1088
f 1088 1085 1089
f 1088 1089 1090
f 1090 1089 984
f 1090 984 1019
f 1085 982 1089
f 1089 982 984
f 1017 1074 1018
f 1018 1074 1076
f 1018 1076 1078
f 1074 1017 523
f 523 1017 1016
f 523 1016 1015
f 1083 1084 1087
f 1087 1088 1083
f 1083 1088 1082
f 1088 1090 1082
f 1082 1090 1081
f 1075 1079 1080
f 1080 1081 1077
f 1077 1081 1090
f 1077 1090 1019
f 1077 1075 1080
f 1091 1036 1092
f 1092 1036 1065
f 1092 1065 1093
f 1093 1065 1055
f 1093 1055 1094
f 1094 1055 1095
f 1094 1095 1096
f 1096 1095 1097
f 1096 1097 1098
f 1098 1097 1099
f 1098 1099 1100
f 1100 1099 1101
f 1101 1099 1102
f 1101 1102 605
f 605 1102 1103
f 605 1103 1104
f 1104 1103 1097
f 1104 1097 1095
f 1055 1064 1095
f 1095 1064 1104
f 1064 604 1104
f 1104 604 605
f 1098 1100 1105
f 1105 1100 1106
f 1105 1106 1107
f 1107 1106 1091
f 1107 1091 1108
f 1108 1091 1092
f 1108 1092 1093
f 1093 1094 1109
f 1109 1094 1096
f 1109 1096 1105
f 1105 1096 1098
f 1109 1105 1107
f 1103 1102 1099
f 1103 1099 1097
f 1107 1108 1109
f 1109 1108 1093
f 599 1047 598
f 598 1047 1025
f 598 1025 992
f 992 1025 994
f 994 1025 996
f 996 1025 998
f 998 1025 1002
f 1002 1025 1027
f 1002 1027 1020
f 1020 1027 1044
f 1020 1044 1043
f 992 983 598
f 598 983 1084
f 1084 983 982
f 1110 1111 1112
f 1112 1111 1113
f 1112 1113 1114
f 1114 1113 1115
f 1114 1115 1116
f 1116 1115 1117
f 1117 1115 1118
f 1117 1118 1119
f 1119 1118 1120
f 1119 1120 1121
f 1121 1120 1122
f 1121 1122 1123
f 1123 1122 1124
f 1123 1124 1125
f 1125 1124 1126
f 1125 1126 1127
f 1127 1126 1128
f 1127 1128 1129
f 1129 1128 1130
f 1129 1130 1131
f 1131 1130 1132
f 1131 1132 1133
f 1133 1132 1134
f 1133 1134 1135
f 1135 1134 1136
f 1135 1136 1137
f 1137 1136 1138
f 1138 1136 1139
f 1138 1139 1140
f 1140 1139 1141
f 1140 1141 1142
f 1142 1141 1143
f 1142 1143 1144
f 1144 1143 1145
f 1145 1143 1146
f 1145 1146 1147
f 1147 1146 1148
f 1147 1148 1149
f 1149 1148 1150
f 1150 1148 1151
f 1150 1151 1152
f 1152 1151 1153
f 1152 1153 1154
f 1154 1153 1155
f 1154 1155 1156
f 1156 1155 1157
f 1156 1157 1158
f 1158 1157 1159
f 1158 1159 1160
f 1160 1159 1161
f 1161 1159 1162
f 1161 1162 1163
f 1163 1162 1164
f 1163 1164 1165
f 1165 1164 1166
f 1166 1164 1167
f 1166 1167 606
f 606 1167 1168
f 1168 1167 1169
f 1168 1169 1170
f 1170 1169 1171
f 1170 1171 1115
f 1115 1171 1118
f 1113 1111 1170
f 1170 1111 1168
f 1172 1173 1144
f 1144 1173 1142
f 1173 1140 1142
f 1169 1167 1174
f 1174 1167 1164
f 1174 1164 1162
f 1115 1113 1170
f 1169 1174 1171
f 1171 1174 1175
f 1171 1175 1118
f 1118 1175 1176
f 1118 1176 1120
f 1120 1176 1122
f 1175 1174 1177
f 1177 1174 1162
f 1177 1162 1159
f 1175 1177 1178
f 1178 1177 1159
f 1178 1159 1179
f 1179 1159 1157
f 1179 1157 1180
f 1180 1157 1155
f 1180 1155 1181
f 1181 1155 1153
f 1181 1153 1182
f 1182 1153 1151
f 1182 1151 1183
f 1183 1151 1148
f 1183 1148 1184
f 1184 1148 1146
f 1184 1146 1185
f 1185 1146 1143
f 1185 1143 1141
f 1175 1178 1176
f 1176 1178 1186
f 1176 1186 1122
f 1122 1186 1124
f 1186 1178 1179
f 1186 1179 1187
f 1187 1179 1180
f 1187 1180 1188
f 1188 1180 1181
f 1188 1181 1189
f 1189 1181 1182
f 1189 1182 1190
f 1190 1182 1183
f 1190 1183 1191
f 1191 1183 1184
f 1191 1184 1192
f 1192 1184 1185
f 1192 1185 1139
f 1139 1185 1141
f 1126 1124 1187
f 1187 1124 1186
f 1126 1187 1188
f 1128 1126 1188
f 1128 1188 1189
f 1130 1128 1189
f 1130 1189 1190
f 1132 1130 1190
f 1132 1190 1191
f 1134 1132 1191
f 1134 1191 1192
f 1136 1134 1192
f 1136 1192 1139
f 1193 1194 1195
f 1195 1194 1196
f 1195 1196 1197
f 1197 1196 1198
f 1197 1198 1199
f 1199 1198 1200
f 1199 1200 1201
f 1201 1200 1202
f 1201 1202 1111
f 1111 1202 1168
f 1168 1202 1203
f 1168 1203 1204
f 1204 1203 1205
f 1204 1205 611
f 611 1205 613
f 613 1205 1206
f 613 1206 614
f 614 1206 616
f 616 1206 1207
f 1207 1206 1208
f 1207 1208 1198
f 1198 1208 1200
f 1196 1207 1198
f 611 606 1204
f 1204 606 1168
f 1201 1111 1209
f 1209 1111 1110
f 1209 1110 1210
f 1209 1210 1211
f 1211 1210 1212
f 1211 1212 1195
f 1195 1212 1193
f 1208 1206 1213
f 1213 1206 1205
f 1213 1205 1203
f 1211 1195 1197
f 1211 1197 1199
f 1202 1200 1213
f 1213 1200 1208
f 1202 1213 1203
f 1209 1211 1199
f 1209 1199 1201
f 620 616 1214
f 1214 616 1207
f 1214 1207 1215
f 1215 1207 1216
f 1215 1216 1217
f 1217 1216 1218
f 1217 1218 1219
f 1219 1218 1220
f 1219 1220 1221
f 1221 1220 1222
f 1221 1222 1223
f 1223 1222 1224
f 1223 1224 1225
f 1225 1224 1226
f 1226 1224 1227
f 1226 1227 1228
f 1228 1227 1229
f 1228 1229 1230
f 1230 1229 1231
f 1230 1231 1232
f 1232 1231 1233
f 1232 1233 1234
f 1234 1233 1235
f 1235 1233 1236
f 1235 1236 1237
f 1237 1236 1238
f 1237 1238 1239
f 1239 1238 1240
f 1239 1240 1241
f 1241 1240 1242
f 1241 1242 1243
f 1243 1242 1218
f 1243 1218 1216
f 1216 1207 1243
f 1243 1207 1196
f 1243 1196 1241
f 1241 1196 1239
f 1196 1194 1239
f 1239 1194 1237
f 1194 1244 1237
f 1237 1244 1235
f 1234 1245 1232
f 1232 1245 1246
f 1232 1246 1230
f 1230 1246 1247
f 1230 1247 1228
f 1245 1248 1246
f 1246 1248 1247
f 1223 1225 1249
f 1249 1225 617
f 1249 617 618
f 1249 618 1250
f 1250 618 619
f 1250 619 1251
f 1251 619 621
f 1251 621 1252
f 1252 621 1214
f 1252 1214 1215
f 621 620 1214
f 1252 1215 1217
f 1238 1236 1253
f 1253 1236 1233
f 1253 1233 1231
f 1240 1238 1254
f 1254 1238 1253
f 1254 1253 1255
f 1255 1253 1231
f 1255 1231 1229
f 1220 1218 1242
f 1242 1240 1256
f 1256 1240 1254
f 1256 1254 1257
f 1257 1254 1255
f 1257 1255 1227
f 1227 1255 1229
f 1251 1252 1217
f 1251 1217 1219
f 1257 1222 1256
f 1256 1222 1220
f 1256 1220 1242
f 1227 1224 1257
f 1257 1224 1222
f 1251 1219 1250
f 1250 1219 1221
f 1250 1221 1249
f 1249 1221 1223
f 615 617 1258
f 1258 617 1225
f 1258 1225 1259
f 1259 1225 1226
f 1259 1226 1260
f 1260 1226 1261
f 1261 1226 1228
f 1261 1228 1262
f 1262 1228 1263
f 1262 1263 1264
f 1264 1263 1265
f 1264 1265 1262
f 1262 1265 1261
f 1228 1247 1263
f 1263 1247 1266
f 1263 1266 1265
f 1265 1266 1267
f 1265 1267 1268
f 1268 1267 1269
f 1268 1269 1265
f 1247 1248 1266
f 1266 1248 1269
f 1266 1269 1267
f 1270 1271 1248
f 1248 1271 1269
f 1270 1272 1271
f 1271 1272 1269
f 1269 1272 1273
f 1269 1273 1265
f 1265 1273 1274
f 1265 1274 1261
f 1261 1274 1260
f 1260 1274 1275
f 1260 1275 1276
f 1276 1275 1277
f 1276 1277 1278
f 1278 1277 1279
f 1278 1279 1280
f 1280 1279 1281
f 1280 1281 1282
f 1282 1281 1283
f 1282 1283 1284
f 1284 1283 1285
f 1284 1285 1286
f 1286 1285 1287
f 1287 1285 1288
f 1287 1288 1289
f 1289 1288 1290
f 1289 1290 1291
f 1272 1292 1273
f 1273 1292 1293
f 1273 1293 1274
f 1274 1293 1275
f 1293 1292 1294
f 1294 1292 1295
f 1294 1295 1296
f 1296 1295 1297
f 1296 1297 1298
f 1298 1297 1299
f 1298 1299 1300
f 1300 1299 1301
f 1300 1301 1288
f 1288 1301 1290
f 1276 1259 1260
f 1277 1275 1293
f 1277 1293 1294
f 1279 1277 1294
f 1279 1294 1296
f 1281 1279 1296
f 1281 1296 1298
f 1283 1281 1298
f 1283 1298 1300
f 1285 1283 1300
f 1285 1300 1288
f 1291 1302 1289
f 1289 1302 1303
f 1289 1303 1287
f 1287 1303 1304
f 1287 1304 1286
f 1286 1304 1305
f 1091 1306 1307
f 1307 1306 1308
f 1307 1308 1309
f 1309 1308 1310
f 1309 1310 1311
f 1311 1310 1312
f 1311 1312 1313
f 1313 1312 1314
f 1313 1314 1302
f 1302 1314 1303
f 1303 1314 1315
f 1303 1315 1304
f 1304 1315 1305
f 1305 1315 1316
f 1316 1315 1317
f 1316 1317 1318
f 1318 1317 1319
f 1318 1319 1320
f 1320 1319 1321
f 1320 1321 1322
f 1322 1321 1323
f 1323 1321 1308
f 1323 1308 1306
f 1310 1308 1321
f 1312 1310 1319
f 1319 1310 1321
f 1314 1312 1317
f 1317 1312 1319
f 1315 1314 1317
f 605 607 1101
f 1101 607 1324
f 1101 1324 1325
f 1325 1324 608
f 1325 608 1326
f 1326 608 609
f 1326 609 1327
f 1327 609 1328
f 1327 1328 1329
f 1329 1328 1330
f 1329 1330 1331
f 1331 1330 1332
f 1331 1332 1306
f 1306 1332 1323
f 1323 1332 1333
f 1323 1333 1334
f 1334 1333 1335
f 1334 1335 1336
f 1336 1335 612
f 612 1335 1337
f 612 1337 610
f 610 1337 1328
f 610 1328 609
f 607 608 1324
f 1336 1322 1334
f 1334 1322 1323
f 1331 1306 1338
f 1338 1306 1091
f 1338 1091 1106
f 1338 1106 1339
f 1339 1106 1100
f 1339 1100 1340
f 1340 1100 1325
f 1340 1325 1326
f 1100 1101 1325
f 1330 1328 1337
f 1339 1340 1327
f 1327 1340 1326
f 1339 1327 1329
f 1330 1337 1341
f 1341 1337 1335
f 1341 1335 1333
f 1332 1330 1341
f 1332 1341 1333
f 1338 1339 1329
f 1338 1329 1331
f 1172 1144 167
f 167 1144 166
f 166 1144 1145
f 166 1145 168
f 168 1145 1147
f 168 1147 213
f 213 1147 1149
f 213 1149 1150
f 213 1150 211
f 211 1150 1152
f 211 1152 209
f 209 1152 1154
f 209 1154 1156
f 209 1156 207
f 207 1156 1158
f 207 1158 1160
f 207 1160 205
f 205 1160 1161
f 205 1161 1163
f 205 1163 203
f 203 1163 1165
f 203 1165 1166
f 606 202 1166
f 1166 202 203
f 1259 1276 1258
f 1258 1276 615
f 615 1276 1278
f 615 1278 1322
f 1322 1278 1280
f 1322 1280 1282
f 1282 1284 1322
f 1322 1284 1286
f 1322 1286 1320
f 1320 1286 1305
f 1320 1305 1318
f 1318 1305 1316
f 1322 1336 615
f 615 1336 612
f 1342 1343 1344
f 1344 1343 1345
f 1344 1345 1346
f 1346 1345 1347
f 1346 1347 1348
f 1348 1347 1349
f 1348 1349 1350
f 1350 1349 1351
f 1350 1351 1352
f 1352 1351 1353
f 1352 1353 1354
f 1354 1353 1355
f 1354 1355 956
f 956 1355 959
f 959 1355 1356
f 1356 1355 1357
f 1357 1355 1353
f 1357 1353 1358
f 1358 1353 1351
f 1358 1351 1359
f 1359 1351 1349
f 1354 956 1360
f 1360 956 955
f 1360 955 1361
f 1361 955 1362
f 1361 1362 1363
f 1363 1362 1364
f 1363 1364 1346
f 1346 1364 1344
f 955 660 1362
f 1362 660 1365
f 1362 1365 1366
f 1362 1366 1364
f 1364 1366 1342
f 1364 1342 1344
f 1363 1346 1348
f 1348 1350 1367
f 1367 1350 1352
f 1367 1352 1360
f 1360 1352 1354
f 1361 1363 1367
f 1367 1363 1348
f 1361 1367 1360
f 1368 1359 1369
f 1369 1359 1349
f 1369 1349 1370
f 1370 1349 1347
f 1370 1347 1371
f 1371 1347 1372
f 1371 1372 1373
f 1373 1372 1374
f 1373 1374 1375
f 1375 1374 1376
f 1375 1376 1377
f 1377 1376 1378
f 1377 1378 1379
f 1379 1378 1380
f 1379 1380 1381
f 1381 1380 1382
f 1381 1382 1383
f 1383 1382 1384
f 1383 1384 1385
f 1385 1384 1386
f 1385 1386 1387
f 1387 1386 1388
f 1387 1388 1389
f 1389 1388 1390
f 1389 1390 1391
f 1391 1390 1392
f 1391 1392 1393
f 1393 1392 1394
f 1393 1394 1395
f 1395 1394 1396
f 1395 1396 1397
f 1397 1396 1398
f 1397 1398 1399
f 1399 1398 1400
f 1399 1400 1401
f 1401 1400 1402
f 1402 1400 1403
f 1403 1400 1404
f 1403 1404 1405
f 1405 1404 1396
f 1405 1396 1394
f 1347 1345 1372
f 1372 1345 1406
f 1372 1406 1374
f 1374 1406 1407
f 1374 1407 1376
f 1376 1407 1408
f 1376 1408 1378
f 1378 1408 1409
f 1378 1409 1380
f 1380 1409 1410
f 1380 1410 1382
f 1382 1410 1411
f 1382 1411 1384
f 1384 1411 1412
f 1384 1412 1386
f 1386 1412 1413
f 1386 1413 1388
f 1388 1413 1414
f 1388 1414 1390
f 1390 1414 1415
f 1390 1415 1392
f 1392 1415 1416
f 1392 1416 1394
f 1394 1416 1405
f 1343 1417 1345
f 1345 1417 1406
f 1417 1418 1406
f 1406 1418 1419
f 1406 1419 1407
f 1407 1419 1420
f 1407 1420 1408
f 1408 1420 1421
f 1408 1421 1409
f 1409 1421 1422
f 1409 1422 1410
f 1410 1422 1423
f 1410 1423 1411
f 1411 1423 1424
f 1411 1424 1412
f 1412 1424 1425
f 1412 1425 1413
f 1413 1425 1426
f 1413 1426 1427
f 1413 1427 1414
f 1414 1427 1428
f 1414 1428 1415
f 1415 1428 1416
f 1428 1429 1416
f 1416 1429 1405
f 1429 1403 1405
f 1399 1430 1397
f 1397 1430 1431
f 1397 1431 1395
f 1395 1431 1432
f 1395 1432 1393
f 1393 1432 1433
f 1393 1433 1391
f 1391 1433 1434
f 1391 1434 1389
f 1389 1434 1435
f 1389 1435 1387
f 1387 1435 1436
f 1387 1436 1385
f 1385 1436 1437
f 1385 1437 1383
f 1383 1437 1438
f 1383 1438 1381
f 1381 1438 1439
f 1381 1439 1379
f 1379 1439 1440
f 1379 1440 1377
f 1377 1440 1441
f 1377 1441 1375
f 1375 1441 1442
f 1375 1442 1373
f 1373 1442 1443
f 1373 1443 1371
f 1371 1443 1370
f 1431 1430 1444
f 1444 1430 1445
f 1444 1445 1446
f 1446 1447 1444
f 1444 1447 1448
f 1444 1448 1432
f 1432 1448 1433
f 1447 1449 1448
f 1448 1449 1450
f 1448 1450 1433
f 1433 1450 1434
f 1450 1449 1451
f 1451 1449 1452
f 1451 1452 1453
f 1453 1452 1454
f 1453 1454 1436
f 1436 1454 1437
f 1452 1455 1454
f 1454 1455 1456
f 1454 1456 1457
f 1457 1456 1458
f 1457 1458 1459
f 1459 1458 1460
f 1459 1460 1461
f 1461 1460 1462
f 1461 1462 1463
f 1463 1462 1464
f 1463 1464 1465
f 1465 1464 1466
f 1465 1466 1467
f 1467 1466 1468
f 1467 1468 1469
f 1469 1468 1470
f 1469 1470 1369
f 1369 1470 1368
f 1469 1369 1370
f 1469 1370 1443
f 1467 1469 1443
f 1467 1443 1442
f 1465 1467 1442
f 1465 1442 1441
f 1463 1465 1441
f 1463 1441 1440
f 1461 1463 1440
f 1461 1440 1439
f 1459 1461 1439
f 1459 1439 1438
f 1457 1459 1438
f 1457 1438 1437
f 1454 1457 1437
f 1453 1436 1435
f 1451 1453 1435
f 1451 1435 1434
f 1451 1434 1450
f 1396 1404 1398
f 1398 1404 1400
f 1431 1444 1432
f 1401 1402 1471
f 1471 1402 1472
f 1472 1402 1403
f 1472 1403 1473
f 1473 1403 1429
f 1473 1429 1428
f 1473 1428 1474
f 1474 1428 1427
f 1474 1427 1475
f 1475 1427 1426
f 1475 1426 1425
f 1475 1425 1476
f 1476 1425 1424
f 1476 1424 1477
f 1477 1424 1423
f 1477 1423 1422
f 1477 1422 1478
f 1478 1422 1421
f 1478 1421 1420
f 1478 1420 1479
f 1479 1420 1419
f 1479 1419 1418
f 1479 1418 1480
f 1480 1418 1417
f 1480 1417 1343
f 551 1366 587
f 587 1366 1365
f 587 1365 660
f 1366 551 1342
f 1342 551 1480
f 1342 1480 1343
f 1248 1245 1481
f 1481 1245 1482
f 1481 1482 1483
f 1483 1482 1484
f 1483 1484 1485
f 1485 1484 1486
f 1485 1486 7
f 7 1486 1487
f 1487 1486 1488
f 1487 1488 1489
f 1489 1488 1490
f 1489 1490 1491
f 1491 1490 1492
f 1491 1492 1493
f 1493 1492 1244
f 1493 1244 1194
f 1245 1234 1482
f 1482 1234 1494
f 1482 1494 1484
f 1484 1494 1495
f 1484 1495 1486
f 1486 1495 1488
f 1494 1234 1496
f 1496 1234 1235
f 1496 1235 1492
f 1492 1235 1244
f 1194 1497 1493
f 1493 1497 1498
f 1493 1498 1491
f 1491 1498 1499
f 1491 1499 1489
f 1489 1499 1500
f 1489 1500 1487
f 1498 1497 1501
f 1501 1497 1502
f 1501 1502 1500
f 1495 1494 1496
f 1495 1496 1490
f 1490 1496 1492
f 1500 1499 1501
f 1501 1499 1498
f 1495 1490 1488
f 1503 1504 1505
f 1505 1504 1506
f 1505 1506 1507
f 1507 1506 1508
f 1507 1508 1509
f 1509 1508 1510
f 1509 1510 1511
f 1511 1510 1512
f 1511 1512 1513
f 1513 1512 1514
f 1513 1514 1515
f 1515 1514 1516
f 1515 1516 1487
f 1487 1516 1517
f 1487 1517 7
f 7 1517 8
f 8 1517 2
f 2 1517 1518
f 2 1518 1519
f 1519 1518 1514
f 1519 1514 1512
f 1508 1520 1510
f 1510 1520 1521
f 1510 1521 1512
f 1512 1521 1519
f 1520 6 1521
f 1521 6 4
f 1521 4 1519
f 1519 4 2
f 1487 1500 1515
f 1515 1500 1522
f 1515 1522 1513
f 1513 1522 1523
f 1513 1523 1511
f 1511 1523 1524
f 1511 1524 1509
f 1509 1524 1507
f 1522 1500 1525
f 1525 1500 1502
f 1525 1502 1526
f 1526 1527 1525
f 1525 1527 1528
f 1525 1528 1523
f 1523 1528 1524
f 1528 1527 1529
f 1529 1527 1503
f 1529 1503 1505
f 1529 1505 1507
f 1529 1507 1524
f 1528 1529 1524
f 1514 1518 1516
f 1516 1518 1517
f 1522 1525 1523
f 1530 1531 1532
f 1532 1531 1533
f 1532 1533 1534
f 1534 1533 1535
f 1534 1535 1536
f 1536 1535 1537
f 1536 1537 1538
f 1538 1537 1539
f 1538 1539 1540
f 1540 1539 1541
f 1540 1541 1542
f 1542 1541 1543
f 1542 1543 1544
f 1544 1543 1545
f 1544 1545 1546
f 1546 1545 1547
f 1546 1547 1548
f 1548 1547 1549
f 1548 1549 1550
f 1550 1549 1551
f 1550 1551 1552
f 1552 1551 1553
f 1552 1553 1554
f 1554 1553 1555
f 1554 1555 1556
f 1556 1555 1557
f 1556 1557 1558
f 1558 1557 1559
f 1558 1559 1560
f 1560 1559 1561
f 1560 1561 1508
f 1508 1561 1562
f 1508 1562 1520
f 1520 1562 1563
f 1520 1563 1564
f 1564 1563 1565
f 1565 1563 1566
f 1565 1566 1567
f 1567 1566 1568
f 1567 1568 1569
f 1569 1568 1570
f 1569 1570 1571
f 1571 1570 1572
f 1571 1572 1573
f 1573 1572 1555
f 1573 1555 1553
f 1533 1574 1535
f 1535 1574 1575
f 1535 1575 1537
f 1537 1575 1576
f 1537 1576 1539
f 1539 1576 1577
f 1539 1577 1541
f 1541 1577 1578
f 1541 1578 1543
f 1543 1578 1579
f 1543 1579 1545
f 1545 1579 1580
f 1545 1580 1547
f 1547 1580 1581
f 1547 1581 1549
f 1549 1581 1582
f 1549 1582 1551
f 1551 1582 1583
f 1551 1583 1553
f 1553 1583 1573
f 1575 1574 1584
f 1584 1574 1585
f 1584 1585 1586
f 1586 1587 1584
f 1584 1587 1588
f 1584 1588 1576
f 1576 1588 1577
f 1587 1589 1588
f 1588 1589 1590
f 1588 1590 1577
f 1577 1590 1578
f 1589 1591 1590
f 1590 1591 1592
f 1590 1592 1578
f 1578 1592 1579
f 1591 1593 1592
f 1592 1593 1594
f 1592 1594 1579
f 1579 1594 1580
f 1593 1595 1594
f 1594 1595 1596
f 1594 1596 1580
f 1580 1596 1581
f 1595 1597 1596
f 1596 1597 1598
f 1596 1598 1581
f 1581 1598 1582
f 1597 1599 1598
f 1598 1599 1600
f 1598 1600 1582
f 1582 1600 1583
f 1599 1601 1600
f 1600 1601 1602
f 1600 1602 1603
f 1603 1602 1604
f 1603 1604 1571
f 1571 1604 1569
f 1564 6 1520
f 1508 1506 1560
f 1560 1506 1605
f 1560 1605 1558
f 1558 1605 1606
f 1558 1606 1556
f 1556 1606 1607
f 1556 1607 1554
f 1554 1607 1608
f 1554 1608 1552
f 1552 1608 1609
f 1552 1609 1550
f 1550 1609 1610
f 1550 1610 1548
f 1548 1610 1611
f 1548 1611 1546
f 1546 1611 1612
f 1546 1612 1544
f 1544 1612 1613
f 1544 1613 1542
f 1542 1613 1614
f 1542 1614 1540
f 1540 1614 1615
f 1540 1615 1538
f 1538 1615 1616
f 1538 1616 1536
f 1536 1616 1617
f 1536 1617 1534
f 1534 1617 1532
f 1506 1504 1605
f 1605 1504 1618
f 1605 1618 1606
f 1606 1618 1619
f 1606 1619 1607
f 1607 1619 1620
f 1607 1620 1608
f 1608 1620 1609
f 1620 1621 1609
f 1609 1621 1610
f 1621 1622 1610
f 1610 1622 1611
f 1622 1623 1611
f 1611 1623 1624
f 1611 1624 1612
f 1612 1624 1625
f 1612 1625 1613
f 1613 1625 1626
f 1613 1626 1614
f 1614 1626 1627
f 1614 1627 1615
f 1615 1627 1628
f 1615 1628 1616
f 1616 1628 1629
f 1616 1629 1617
f 1617 1629 1630
f 1617 1630 1532
f 1532 1630 1530
f 1576 1575 1584
f 1573 1583 1603
f 1603 1583 1600
f 1571 1573 1603
f 1557 1555 1572
f 1572 1570 1631
f 1631 1570 1568
f 1631 1568 1632
f 1632 1568 1566
f 1632 1566 1562
f 1562 1566 1563
f 1632 1559 1631
f 1631 1559 1557
f 1631 1557 1572
f 1562 1561 1632
f 1632 1561 1559
f 876 891 878
f 878 891 890
f 878 890 886
f 886 890 908
f 886 908 907
f 876 874 891
f 891 874 872
f 891 872 870
f 891 870 782
f 782 870 864
f 782 864 861
f 861 864 862
f 775 909 782
f 782 909 891
f 666 667 191
f 191 667 190
f 190 667 669
f 190 669 671
f 190 671 188
f 188 671 673
f 188 673 675
f 188 675 186
f 186 675 677
f 186 677 679
f 186 679 184
f 184 679 681
f 184 681 683
f 184 683 182
f 182 683 685
f 182 685 180
f 180 685 687
f 180 687 689
f 180 689 178
f 178 689 691
f 178 691 177
f 177 691 763
f 177 763 214
f 214 763 511
f 1479 1480 1633
f 1633 1480 1634
f 1633 1634 1635
f 1635 1634 1636
f 1635 1636 1637
f 1637 1636 1638
f 1637 1638 1639
f 1639 1638 1640
f 1639 1640 1641
f 1641 1640 1642
f 1641 1642 1643
f 1643 1642 5
f 1643 5 1644
f 1644 1645 1643
f 1643 1645 1646
f 1643 1646 1641
f 1641 1646 1647
f 1641 1647 1639
f 1639 1647 1648
f 1639 1648 1637
f 1637 1648 1649
f 1637 1649 1635
f 1635 1649 1650
f 1635 1650 1633
f 1633 1650 1651
f 1633 1651 1479
f 1479 1651 1478
f 1478 1651 1652
f 1478 1652 1477
f 1477 1652 1653
f 1477 1653 1476
f 1476 1653 1654
f 1476 1654 1475
f 1475 1654 1655
f 1475 1655 1474
f 1474 1655 1656
f 1474 1656 1473
f 1473 1656 1657
f 1473 1657 1472
f 1472 1657 1471
f 1471 1657 1658
f 1658 1657 1659
f 1658 1659 1660
f 1660 1659 1661
f 1660 1661 1662
f 1662 1661 1663
f 1662 1663 1664
f 1664 1663 1665
f 1664 1665 1666
f 1666 1665 1667
f 1666 1667 1668
f 1668 1667 1669
f 1669 1667 1670
f 1669 1670 1671
f 1671 1670 1672
f 1671 1672 1673
f 1673 1672 1674
f 1673 1674 1675
f 1675 1674 1676
f 1675 1676 1677
f 1677 1676 1678
f 1677 1678 1679
f 1679 1678 1646
f 1679 1646 1645
f 1652 1651 1680
f 1680 1651 1650
f 1680 1650 1681
f 1681 1650 1649
f 1681 1649 1682
f 1682 1649 1648
f 1682 1648 1683
f 1683 1648 1647
f 1683 1647 1678
f 1678 1647 1646
f 1653 1652 1684
f 1684 1652 1680
f 1684 1680 1685
f 1685 1680 1681
f 1685 1681 1686
f 1686 1681 1682
f 1686 1682 1687
f 1687 1682 1683
f 1687 1683 1676
f 1676 1683 1678
f 1654 1653 1688
f 1688 1653 1684
f 1688 1684 1689
f 1689 1684 1685
f 1689 1685 1690
f 1690 1685 1686
f 1690 1686 1691
f 1691 1686 1687
f 1691 1687 1674
f 1674 1687 1676
f 1655 1654 1692
f 1692 1654 1688
f 1692 1688 1693
f 1693 1688 1689
f 1693 1689 1694
f 1694 1689 1690
f 1694 1690 1695
f 1695 1690 1691
f 1695 1691 1672
f 1672 1691 1674
f 1659 1657 1656
f 1656 1655 1696
f 1696 1655 1692
f 1696 1692 1697
f 1697 1692 1693
f 1697 1693 1698
f 1698 1693 1694
f 1698 1694 1699
f 1699 1694 1695
f 1699 1695 1670
f 1670 1695 1672
f 1661 1659 1696
f 1696 1659 1656
f 1661 1696 1697
f 1663 1661 1697
f 1663 1697 1698
f 1665 1663 1698
f 1665 1698 1699
f 1667 1665 1699
f 1667 1699 1670
f 6 1564 5
f 5 1564 1644
f 1644 1564 1565
f 1644 1565 1567
f 1567 1569 1644
f 1644 1569 1645
f 1645 1569 1604
f 1645 1604 1602
f 1645 1602 1679
f 1679 1602 1601
f 1679 1601 1599
f 1679 1599 1677
f 1677 1599 1597
f 1677 1597 1675
f 1675 1597 1595
f 1675 1595 1593
f 1675 1593 1673
f 1673 1593 1591
f 1673 1591 1671
f 1671 1591 1589
f 1671 1589 1587
f 1671 1587 1669
f 1669 1587 1586
f 1669 1586 1668
f 1668 1586 1585
f 1480 551 1634
f 1634 551 553
f 1634 553 1636
f 1636 553 555
f 1636 555 1638
f 1638 555 557
f 1638 557 1640
f 1640 557 559
f 1640 559 1642
f 1642 559 561
f 1642 561 5
f 5 561 3
f 7 1 1485
f 1485 1 527
f 1485 527 1483
f 1483 527 525
f 1483 525 1481
f 1481 525 1248
f 1248 525 523
f 1248 523 1270
f 1270 523 1015
f 1270 1015 1272
f 1272 1015 990
f 1272 990 1292
f 1292 990 989
f 1292 989 1295
f 1295 989 1014
f 1295 1014 1297
f 1297 1014 1012
f 1297 1012 1299
f 1299 1012 1010
f 1299 1010 1301
f 1301 1010 1008
f 1301 1008 1290
f 1290 1008 1005
f 1290 1005 1291
f 1291 1005 1006
f 1302 1024 1313
f 1313 1024 1040
f 1313 1040 1311
f 1311 1040 1038
f 1311 1038 1309
f 1309 1038 1033
f 1309 1033 1307
f 1307 1033 1032
f 1307 1032 1091
f 1091 1032 1036
f 1006 1024 1291
f 1291 1024 1302
f 627 191 626
f 626 191 192
f 626 192 625
f 625 192 194
f 625 194 624
f 624 194 196
f 624 196 623
f 623 196 198
f 623 198 622
f 622 198 200
f 622 200 601
f 601 200 202
f 1700 1701 1702
f 1702 1701 1703
f 1702 1703 1704
f 1704 1703 1705
f 1704 1705 1706
f 1706 1705 1707
f 1706 1707 1708
f 1700 1709 1701
f 1701 1709 1710
f 1701 1710 1703
f 1703 1710 1711
f 1703 1711 1705
f 1705 1711 1712
f 1705 1712 1707
f 1707 1712 1713
f 1713 1712 1714
f 1713 1714 1715
f 1715 1714 1716
f 1715 1716 1717
f 1717 1716 1718
f 1717 1718 1719
f 1709 1720 1710
f 1710 1720 1721
f 1710 1721 1722
f 1722 1721 1723
f 1722 1723 1724
f 1722 1724 1725
f 1725 1724 1726
f 1725 1726 1727
f 1725 1727 1728
f 1728 1727 1729
f 1728 1729 1716
f 1716 1729 1718
f 1722 1725 1730
f 1730 1725 1728
f 1730 1728 1714
f 1714 1728 1716
f 1710 1722 1711
f 1711 1722 1730
f 1711 1730 1712
f 1712 1730 1714
f 1719 1731 1732
f 1732 1731 1733
f 1732 1733 1734
f 1734 1733 1735
f 1734 1735 1736
f 1736 1735 1737
f 1736 1737 1738
f 1738 1737 1739
f 1738 1739 1740
f 1740 1708 1738
f 1738 1708 1707
f 1738 1707 1736
f 1736 1707 1713
f 1736 1713 1734
f 1734 1713 1715
f 1734 1715 1732
f 1732 1715 1717
f 1732 1717 1719
f 1741 1742 1743
f 1743 1742 1744
f 1743 1744 1745
f 1745 1744 1746
f 1745 1746 1747
f 1747 1746 1748
f 1747 1748 1749
f 1749 1748 1750
f 1749 1750 1751
f 1751 1750 1752
f 1751 1752 1731
f 1731 1752 1733
f 1733 1752 1753
f 1733 1753 1735
f 1735 1753 1754
f 1735 1754 1737
f 1737 1754 1755
f 1737 1755 1739
f 1739 1755 1756
f 1739 1756 1740
f 1742 1757 1744
f 1744 1757 1758
f 1744 1758 1746
f 1746 1758 1759
f 1746 1759 1748
f 1748 1759 1760
f 1748 1760 1750
f 1750 1760 1761
f 1750 1761 1752
f 1752 1761 1753
f 1757 1762 1758
f 1758 1762 1763
f 1758 1763 1759
f 1759 1763 1764
f 1759 1764 1760
f 1760 1764 1765
f 1760 1765 1761
f 1761 1765 1766
f 1761 1766 1753
f 1753 1766 1754
f 1762 1767 1763
f 1763 1767 1768
f 1763 1768 1764
f 1764 1768 1769
f 1764 1769 1765
f 1765 1769 1770
f 1765 1770 1766
f 1766 1770 1771
f 1766 1771 1754
f 1754 1771 1755
f 1767 1772 1768
f 1768 1772 1773
f 1768 1773 1769
f 1769 1773 1774
f 1769 1774 1770
f 1770 1774 1775
f 1770 1775 1771
f 1771 1775 1776
f 1771 1776 1755
f 1755 1776 1756
f 1741 1777 1778
f 1778 1777 1779
f 1778 1779 1780
f 1778 1780 1781
f 1781 1780 1782
f 1781 1782 1783
f 1781 1783 1784
f 1784 1783 1785
f 1784 1785 1786
f 1786 1785 1787
f 1786 1787 1772
f 1772 1767 1786
f 1786 1767 1784
f 1767 1762 1784
f 1784 1762 1781
f 1762 1757 1781
f 1781 1757 1778
f 1757 1742 1778
f 1778 1742 1741
f 1726 1724 1727
f 1727 1724 1788
f 1727 1788 1789
f 1789 1790 1727
f 1727 1790 1791
f 1791 1790 1792
f 1791 1792 1793
f 1793 1794 1791
f 1791 1794 451
f 451 1794 1795
f 451 1795 1796
f 1796 1795 1797
f 1796 1797 1798
f 1798 1799 1796
f 1796 1799 1800
f 1796 1800 1801
f 1801 1800 1802
f 1801 1802 1803
f 1803 1802 1804
f 1804 1802 1805
f 1804 1805 1806
f 1806 1805 1807
f 1806 1807 1808
f 1808 1809 1806
f 1806 1809 1810
f 1810 1809 1811
f 1718 1729 1719
f 1719 1729 1727
f 1719 1727 1731
f 1731 1727 1791
f 1731 1791 1751
f 1751 1791 1812
f 1751 1812 1749
f 1749 1812 1813
f 1749 1813 1747
f 1747 1813 1814
f 1747 1814 1815
f 1747 1815 1745
f 1745 1815 1816
f 1745 1816 1743
f 1743 1816 1817
f 1743 1817 1741
f 1741 1817 1818
f 1741 1818 1777
f 1777 1818 1819
f 1777 1819 1820
f 1820 1819 1821
f 1821 1819 1822
f 1821 1822 1823
f 1821 1823 1824
f 1824 1823 1825
f 1824 1825 1826
f 1824 1826 1827
f 1827 1826 1828
f 1827 1828 1829
f 1829 1828 1830
f 1829 1830 1831
f 1831 1830 1832
f 1831 1832 1833
f 1833 1832 1834
f 1834 1832 1835
f 1836 1787 1837
f 1837 1787 1785
f 1837 1785 1838
f 1838 1785 1839
f 1839 1785 1783
f 1839 1783 1840
f 1840 1783 1782
f 1840 1782 1841
f 1841 1782 1842
f 1842 1782 1780
f 1842 1780 1843
f 1843 1780 1779
f 1843 1779 1777
f 1843 1777 1844
f 1844 1777 1820
f 1844 1820 1845
f 1845 1820 1821
f 1845 1821 1846
f 1846 1821 1824
f 1846 1824 1847
f 1847 1824 1827
f 1847 1827 1848
f 1848 1827 1829
f 1848 1829 1849
f 1849 1829 1831
f 1849 1831 1850
f 1850 1831 1833
f 510 511 1851
f 1851 511 762
f 1851 762 1852
f 1852 762 761
f 1852 761 1853
f 1853 761 701
f 1853 701 1854
f 1854 701 702
f 1855 1856 1857
f 1857 1856 1858
f 1857 1858 1859
f 1859 1858 1860
f 1859 1860 1861
f 1861 1860 1862
f 1862 1860 1863
f 1862 1863 1864
f 1864 1863 1865
f 1864 1865 1866
f 1866 1865 1867
f 1866 1867 1868
f 1868 1867 1869
f 1868 1869 1870
f 1870 1869 1871
f 1870 1871 1872
f 1872 1871 1873
f 1872 1873 1874
f 1858 1856 1875
f 1875 1856 1876
f 1875 1876 1877
f 1877 1876 1878
f 1877 1878 1879
f 1879 1878 1880
f 1879 1880 1881
f 1881 1882 1879
f 1879 1882 1883
f 1879 1883 1884
f 1884 1883 1885
f 1884 1885 1886
f 1886 1885 1869
f 1886 1869 1867
f 1882 1887 1883
f 1883 1887 1888
f 1883 1888 1885
f 1885 1888 1871
f 1885 1871 1869
f 1887 1889 1888
f 1888 1889 1890
f 1888 1890 1871
f 1871 1890 1873
f 1872 1874 1891
f 1891 1874 1892
f 1891 1892 1893
f 1893 1892 1894
f 1893 1894 1895
f 1895 1894 1896
f 1895 1896 1897
f 1897 1896 1898
f 1897 1898 1899
f 1899 1898 1900
f 1899 1900 1901
f 1899 1901 1902
f 1902 1901 1903
f 1902 1903 1904
f 1904 1903 1905
f 1904 1905 1906
f 1906 1905 1907
f 1906 1907 1908
f 1908 1907 1909
f 1908 1909 1910
f 1910 1909 1911
f 1910 1911 1912
f 1912 1911 1853
f 1912 1853 1854
f 1903 1913 1905
f 1905 1913 1851
f 1905 1851 1852
f 1913 510 1851
f 1853 1909 1852
f 1852 1909 1907
f 1852 1907 1905
f 1912 1914 1910
f 1910 1914 1915
f 1910 1915 1908
f 1908 1915 1916
f 1908 1916 1917
f 1917 1916 1918
f 1917 1918 1899
f 1899 1918 1897
f 1914 1919 1915
f 1915 1919 1920
f 1915 1920 1921
f 1921 1920 1922
f 1921 1922 1923
f 1923 1922 1924
f 1923 1924 1895
f 1895 1924 1893
f 1919 1925 1920
f 1920 1925 1926
f 1920 1926 1922
f 1922 1926 1927
f 1922 1927 1924
f 1924 1927 1928
f 1924 1928 1893
f 1893 1928 1891
f 1925 1929 1926
f 1926 1929 1930
f 1926 1930 1927
f 1927 1930 1931
f 1927 1931 1928
f 1928 1931 1932
f 1928 1932 1891
f 1891 1932 1872
f 1929 1933 1930
f 1930 1933 1934
f 1930 1934 1931
f 1931 1934 1935
f 1931 1935 1932
f 1932 1935 1870
f 1932 1870 1872
f 1933 1936 1934
f 1934 1936 1937
f 1934 1937 1935
f 1935 1937 1868
f 1935 1868 1870
f 1936 1938 1937
f 1937 1938 1866
f 1937 1866 1868
f 1938 1864 1866
f 1879 1884 1877
f 1877 1884 1939
f 1877 1939 1875
f 1875 1939 1860
f 1875 1860 1858
f 1860 1939 1886
f 1886 1939 1884
f 1863 1860 1886
f 1865 1863 1867
f 1867 1863 1886
f 1895 1897 1923
f 1923 1897 1918
f 1923 1918 1921
f 1921 1918 1916
f 1921 1916 1915
f 1899 1902 1917
f 1917 1902 1906
f 1917 1906 1908
f 1904 1906 1902
f 1853 1911 1909
f 1857 1940 1855
f 1855 1940 1941
f 1855 1941 1942
f 1942 1941 1943
f 1942 1943 1944
f 1857 1859 1940
f 1940 1859 1945
f 1945 1859 1861
f 1945 1861 1946
f 1946 1861 1862
f 1946 1862 1947
f 1947 1862 1864
f 1947 1864 1948
f 1948 1864 1938
f 1948 1938 1949
f 1949 1938 1936
f 1949 1936 1950
f 1950 1936 1951
f 1951 1936 1933
f 1951 1933 1952
f 1952 1933 1929
f 1952 1929 1953
f 1953 1929 1925
f 1953 1925 1954
f 1954 1925 1919
f 1954 1919 1955
f 1955 1919 1914
f 1955 1914 1956
f 1956 1914 1912
f 1956 1912 1957
f 1957 1912 1854
f 1957 1854 1958
f 1958 1854 702
f 1958 702 1449
f 1449 702 700
f 1449 700 1452
f 1452 700 760
f 1452 760 758
f 1452 758 1455
f 1455 758 755
f 1455 755 1456
f 1456 755 752
f 1456 752 1458
f 1458 752 749
f 1458 749 1460
f 1460 749 746
f 1460 746 1462
f 1462 746 743
f 1462 743 1464
f 1464 743 740
f 1464 740 1466
f 1466 740 1468
f 1468 740 737
f 1468 737 1470
f 1470 737 734
f 1470 734 1368
f 1368 734 731
f 1368 731 728
f 1368 728 1359
f 1359 728 724
f 1359 724 1358
f 1358 724 723
f 1358 723 772
f 1358 772 1357
f 1357 772 793
f 1357 793 1356
f 1356 793 959
f 959 793 792
f 959 792 964
f 1449 1447 1958
f 1958 1447 1446
f 1958 1446 1959
f 1959 1446 1445
f 1959 1445 1960
f 1961 1962 1944
f 1944 1962 1942
f 1880 1963 1881
f 1881 1963 1964
f 1881 1964 1965
f 1964 1963 1966
f 1966 1963 1967
f 1966 1967 1968
f 1968 1967 1969
f 1968 1969 1970
f 1970 1969 1971
f 1971 1969 1972
f 1971 1972 1973
f 1968 1974 1966
f 1881 1965 480
f 480 1965 1975
f 480 1975 1976
f 1818 1817 1976
f 1976 1817 480
f 1963 1880 1967
f 1967 1880 1977
f 1967 1977 1969
f 1969 1977 1978
f 1978 1977 1979
f 1978 1979 1980
f 1980 1979 1876
f 1980 1876 1856
f 1880 1878 1977
f 1977 1878 1979
f 1878 1876 1979
f 1980 1856 1981
f 1981 1856 1855
f 1981 1855 1982
f 1982 1855 1942
f 1982 1942 1983
f 1983 1942 1962
f 1982 1983 1981
f 1981 1983 1978
f 1981 1978 1980
f 1984 1840 1985
f 1985 1840 1986
f 1985 1986 1987
f 1987 1986 1988
f 1987 1988 1989
f 1989 1988 1990
f 1989 1990 1991
f 1991 1990 1992
f 1991 1992 1993
f 1993 1992 1994
f 1993 1994 1995
f 1995 1994 1996
f 1995 1996 1997
f 1997 1996 1998
f 1997 1998 1999
f 1999 1998 2000
f 1999 2000 1983
f 1983 2000 2001
f 1983 2001 2002
f 2002 2001 2003
f 2002 2003 2004
f 2004 2003 2005
f 2004 2005 2006
f 2006 2005 2007
f 2006 2007 1971
f 1971 2007 2008
f 1971 2008 1970
f 1970 2008 2009
f 1970 2009 1968
f 1968 2009 2010
f 2010 2009 2011
f 2010 2011 2012
f 2012 2011 2013
f 2012 2013 2014
f 2014 2013 2015
f 2014 2015 1992
f 1992 2015 1994
f 1990 1988 2014
f 2014 1988 2012
f 1971 1973 2006
f 2006 1973 2016
f 2006 2016 2004
f 2004 2016 2017
f 2004 2017 2002
f 2002 2017 1978
f 2002 1978 1983
f 2016 1973 2018
f 2018 1973 1972
f 2018 1972 1978
f 1978 1972 1969
f 1983 1962 1999
f 1999 1962 2019
f 1999 2019 1997
f 1997 2019 2020
f 1997 2020 1995
f 1995 2020 2021
f 1995 2021 1993
f 1993 2021 2022
f 1993 2022 1991
f 1991 2022 2023
f 1991 2023 1989
f 1989 2023 1987
f 2019 1962 2024
f 2024 1962 2025
f 2024 2025 2026
f 2027 2028 2026
f 2026 2028 2029
f 2026 2029 2024
f 2024 2029 2020
f 2024 2020 2019
f 1984 2030 2027
f 2027 2030 2031
f 2027 2031 2028
f 2028 2031 2022
f 2028 2022 2021
f 2030 1984 1985
f 2011 2009 2032
f 2032 2009 2008
f 2032 2008 2033
f 2033 2008 2007
f 2033 2007 2005
f 2013 2011 2034
f 2034 2011 2032
f 2034 2032 2035
f 2035 2032 2033
f 2035 2033 2036
f 2036 2033 2005
f 2036 2005 2003
f 1992 1990 2014
f 2030 1985 1987
f 2030 1987 2023
f 2013 2034 2015
f 2015 2034 2037
f 2015 2037 1994
f 1994 2037 1996
f 2037 2034 2035
f 2031 2030 2023
f 2031 2023 2022
f 2037 2035 2038
f 2038 2035 2036
f 2038 2036 2039
f 2039 2036 2003
f 2039 2003 2001
f 1978 2017 2018
f 2018 2017 2016
f 2001 2000 2039
f 2039 2000 1998
f 2039 1998 2038
f 2038 1998 1996
f 2038 1996 2037
f 2021 2020 2029
f 2028 2021 2029
f 1986 1840 2040
f 2040 1840 1841
f 2040 1841 2041
f 2041 1841 2042
f 2042 1841 1842
f 2041 2043 2040
f 2040 2043 2044
f 2040 2044 1986
f 1986 2044 1988
f 1988 2044 2045
f 1988 2045 2046
f 2046 2045 2047
f 2046 2047 2048
f 2048 2047 2049
f 2048 2049 2050
f 2050 2049 2051
f 2050 2051 2052
f 2052 2051 2053
f 2052 2053 1974
f 2044 2043 2045
f 2045 2043 2047
f 1974 1968 2052
f 2052 1968 2010
f 2052 2010 2050
f 2050 2010 2012
f 2050 2012 2048
f 2048 2012 2046
f 2012 1988 2046
f 2054 2055 2056
f 2056 2055 2057
f 2056 2057 2058
f 2058 2057 2059
f 2058 2059 2060
f 2060 2059 2061
f 2060 2061 2062
f 2062 2061 2063
f 2062 2063 2064
f 2064 2063 2065
f 2064 2065 2066
f 2066 2065 2049
f 2066 2049 2067
f 2067 2049 2047
f 2067 2047 2068
f 2068 2047 2043
f 2068 2043 2041
f 2065 2051 2049
f 2068 2041 1843
f 1843 2041 2042
f 1843 2042 1842
f 2068 1843 2069
f 2069 1843 1844
f 2069 1844 2070
f 2070 1844 1845
f 2070 1845 2071
f 2071 1845 1846
f 2071 1846 2072
f 2072 1846 1847
f 2072 1847 2073
f 2073 1847 1848
f 2073 1848 2074
f 2074 1848 1849
f 2074 1849 2075
f 2075 1849 1850
f 2075 2054 2074
f 2074 2054 2056
f 2074 2056 2073
f 2073 2056 2058
f 2073 2058 2072
f 2072 2058 2060
f 2072 2060 2071
f 2071 2060 2062
f 2071 2062 2070
f 2070 2062 2064
f 2070 2064 2069
f 2069 2064 2066
f 2069 2066 2068
f 2068 2066 2067
f 1850 2076 2075
f 2075 2076 2077
f 2075 2077 2054
f 2054 2077 2078
f 2054 2078 2055
f 2055 2078 2079
f 2080 2081 2082
f 2082 2081 2083
f 2082 2083 2084
f 2084 2083 2085
f 2084 2085 2086
f 2086 2085 2087
f 2086 2087 2088
f 2088 2087 2089
f 2088 2089 2076
f 2076 2089 2077
f 2077 2089 2090
f 2077 2090 2078
f 2078 2090 2079
f 2079 2090 2091
f 2091 2090 2092
f 2091 2092 2093
f 2093 2092 2094
f 2093 2094 2095
f 2095 2094 2096
f 2095 2096 2097
f 2097 2096 2098
f 2098 2096 2083
f 2098 2083 2081
f 2085 2083 2096
f 2087 2085 2094
f 2094 2085 2096
f 2089 2087 2092
f 2092 2087 2094
f 2090 2089 2092
f 1976 1975 2099
f 2099 1975 2100
f 2099 2100 2101
f 2101 2100 2102
f 2101 2102 2103
f 2103 2102 2104
f 2103 2104 2105
f 2105 2104 2106
f 2105 2106 2107
f 2107 2106 2108
f 2107 2108 2109
f 2109 2108 2110
f 2109 2110 2081
f 2081 2110 2111
f 2081 2111 2098
f 2098 2111 2112
f 2098 2112 2113
f 2113 2112 2114
f 2113 2114 2115
f 2115 2114 1966
f 1966 2114 1964
f 1964 2114 2116
f 1964 2116 2117
f 2117 2116 2118
f 2117 2118 2119
f 2119 2118 2108
f 2119 2108 2106
f 2100 1975 2102
f 2102 1975 1965
f 2102 1965 2120
f 2120 1965 2117
f 2120 2117 2119
f 1965 1964 2117
f 2115 2097 2113
f 2113 2097 2098
f 2081 2080 2109
f 2109 2080 2121
f 2109 2121 2107
f 2107 2121 2122
f 2107 2122 2105
f 2105 2122 2103
f 2122 2099 2103
f 2103 2099 2101
f 2106 2104 2120
f 2120 2104 2102
f 2119 2106 2120
f 2114 2112 2116
f 2116 2112 2111
f 2116 2111 2118
f 2118 2111 2110
f 2118 2110 2108
f 1839 1840 2123
f 2123 1840 1984
f 2123 1984 2124
f 2124 1984 2027
f 2124 2027 2125
f 2125 2027 2026
f 2125 2026 2126
f 2126 2026 2025
f 2126 2025 2127
f 2127 2025 1962
f 2127 1962 2128
f 2128 1962 2129
f 2128 2129 2130
f 2130 2129 2131
f 2130 2131 2132
f 2132 2131 2133
f 2132 2133 2134
f 2134 2133 2135
f 2134 2135 2136
f 2136 2135 2137
f 2136 2137 1836
f 1962 1961 2129
f 2129 1961 2138
f 2129 2138 2131
f 2131 2138 2139
f 2131 2139 2133
f 2133 2139 2140
f 2133 2140 2135
f 2135 2140 2137
f 1944 2141 1961
f 1961 2141 2142
f 1961 2142 2138
f 2138 2142 2139
f 1944 2143 2141
f 2141 2143 2144
f 2141 2144 2142
f 2142 2144 2139
f 2144 2143 2140
f 2140 2143 2137
f 1836 1837 2136
f 2136 1837 2145
f 2136 2145 2134
f 2134 2145 2146
f 2134 2146 2132
f 2132 2146 2147
f 2132 2147 2130
f 2130 2147 2148
f 2130 2148 2128
f 2128 2148 2127
f 1837 1838 2145
f 2145 1838 2149
f 2145 2149 2146
f 2146 2149 2150
f 2146 2150 2147
f 2147 2150 2151
f 2147 2151 2148
f 2148 2151 2126
f 2148 2126 2127
f 2149 1838 2152
f 2152 1838 1839
f 2152 1839 2153
f 2153 1839 2123
f 2153 2123 2124
f 2126 2151 2125
f 2125 2151 2154
f 2125 2154 2124
f 2124 2154 2153
f 2144 2140 2139
f 2152 2153 2154
f 2152 2154 2150
f 2150 2154 2151
f 2152 2150 2149
f 2076 1850 1834
f 1834 1850 1833
f 1826 2080 1828
f 1828 2080 2082
f 1828 2082 1830
f 1830 2082 2084
f 1830 2084 1832
f 1832 2084 2086
f 1832 2086 1835
f 1835 2086 2088
f 1835 2088 1834
f 1834 2088 2076
f 2099 2155 1976
f 1976 2155 2156
f 1976 2156 1819
f 1819 2156 2157
f 1819 2157 1822
f 1822 2157 2158
f 1822 2158 1823
f 1823 2158 2159
f 1823 2159 2160
f 2160 2159 2161
f 2160 2161 2162
f 2162 2161 2163
f 2162 2163 1826
f 1826 2163 2080
f 2080 2163 2121
f 2121 2163 2164
f 2121 2164 2122
f 2122 2164 2165
f 2122 2165 2166
f 2166 2165 2167
f 2166 2167 2156
f 2156 2167 2157
f 2155 2099 2166
f 2166 2099 2122
f 2162 1826 2168
f 2168 1826 1825
f 2168 1825 2160
f 2160 1825 1823
f 1819 1818 1976
f 2166 2156 2155
f 2160 2162 2168
f 2163 2161 2164
f 2164 2161 2169
f 2164 2169 2165
f 2165 2169 2167
f 2157 2167 2158
f 2158 2167 2169
f 2158 2169 2159
f 2159 2169 2161
f 2170 2171 2172
f 2172 2171 2173
f 2172 2173 2174
f 2174 2173 2175
f 2174 2175 2176
f 2176 2175 2177
f 2176 2177 2178
f 2173 2171 2179
f 2179 2171 2180
f 2179 2180 2181
f 2181 2180 2182
f 2181 2182 2183
f 2183 2182 2184
f 2183 2184 2185
f 2185 2184 2186
f 2185 2186 2187
f 2187 2186 2188
f 2187 2188 2189
f 2189 2188 2190
f 2189 2190 2191
f 2191 2190 2192
f 2191 2192 2193
f 2186 2194 2188
f 2191 2193 2195
f 2195 2193 2196
f 2195 2196 2197
f 2191 2195 2198
f 2198 2195 2199
f 2198 2199 2200
f 2200 2199 2201
f 2200 2201 2202
f 2202 2201 2203
f 2202 2203 2204
f 2204 2203 2205
f 2204 2205 2206
f 2206 2205 2207
f 2206 2207 2175
f 2175 2207 2177
f 2206 2175 2173
f 2204 2206 2179
f 2179 2206 2173
f 2202 2204 2181
f 2181 2204 2179
f 2200 2202 2183
f 2183 2202 2181
f 2198 2200 2185
f 2185 2200 2183
f 2191 2198 2187
f 2187 2198 2185
f 2189 2191 2187
f 2178 2208 2176
f 2176 2208 2209
f 2176 2209 2210
f 2176 2210 2174
f 2174 2210 2211
f 2174 2211 2172
f 2172 2211 2170
f 2170 2211 2212
f 2213 2214 2215
f 2215 2214 2216
f 2215 2216 2217
f 2217 2216 2218
f 2217 2218 2219
f 2219 2218 2220
f 2219 2220 2221
f 2221 2220 2222
f 2221 2222 2209
f 2209 2222 2210
f 2210 2222 2223
f 2210 2223 2211
f 2211 2223 2224
f 2211 2224 2212
f 2214 2225 2216
f 2216 2225 2226
f 2216 2226 2218
f 2218 2226 2227
f 2218 2227 2220
f 2220 2227 2228
f 2220 2228 2222
f 2222 2228 2223
f 2225 2229 2226
f 2226 2229 2230
f 2226 2230 2227
f 2227 2230 2231
f 2227 2231 2228
f 2228 2231 2224
f 2228 2224 2223
f 2229 2232 2230
f 2209 2208 2221
f 1794 1793 2233
f 2233 1793 2234
f 2233 2234 2235
f 2235 2234 2236
f 2235 2236 2237
f 2237 2236 2238
f 2237 2238 2239
f 2239 2238 2240
f 2239 2240 2241
f 2241 2240 2242
f 2241 2242 2243
f 2243 2242 2244
f 2243 2244 2214
f 2214 2244 2225
f 2225 2244 2245
f 2225 2245 2246
f 2246 2245 2247
f 2246 2247 2248
f 2248 2247 2249
f 2248 2249 1789
f 1789 2249 1790
f 1790 2249 2250
f 1790 2250 1792
f 1792 2250 2251
f 1792 2251 2252
f 2252 2251 2238
f 2252 2238 2236
f 2234 1793 2252
f 2252 1793 1792
f 1789 2253 2248
f 2248 2253 2254
f 2248 2254 2246
f 2246 2254 2229
f 2246 2229 2225
f 2253 2232 2254
f 2254 2232 2229
f 2214 2213 2243
f 2243 2213 2255
f 2243 2255 2241
f 2241 2255 2256
f 2241 2256 2239
f 2239 2256 2237
f 2237 2256 2235
f 2235 2256 2233
f 2240 2238 2251
f 2251 2250 2257
f 2257 2250 2258
f 2257 2258 2259
f 2259 2258 2247
f 2259 2247 2245
f 2234 2252 2236
f 2247 2258 2249
f 2249 2258 2250
f 2242 2240 2257
f 2257 2240 2251
f 2242 2257 2259
f 2244 2242 2259
f 2244 2259 2245
f 1723 2260 1724
f 1724 2260 2261
f 1724 2261 2262
f 2262 2261 2263
f 2262 2263 2264
f 2264 2263 2265
f 2264 2265 2266
f 2266 2265 2267
f 2266 2267 2268
f 2268 2267 1720
f 2268 1720 1709
f 2260 1723 2269
f 2269 1723 1721
f 2269 1721 2267
f 2267 1721 1720
f 1700 2270 1709
f 1709 2270 2271
f 1709 2271 2268
f 2268 2271 2272
f 2268 2272 2266
f 2266 2272 2188
f 2266 2188 2273
f 2273 2188 2194
f 2273 2194 2264
f 2264 2194 2262
f 1700 1702 2270
f 2270 1702 2193
f 2270 2193 2274
f 2274 2193 2275
f 2274 2275 2276
f 2276 2275 2192
f 2276 2192 2277
f 2277 2192 2190
f 2277 2190 2272
f 2272 2190 2188
f 2197 2196 1702
f 1702 2196 2193
f 2193 2192 2275
f 2262 1788 1724
f 2271 2270 2278
f 2278 2270 2274
f 2278 2274 2276
f 2261 2260 2269
f 2261 2269 2265
f 2265 2269 2267
f 2266 2273 2264
f 2261 2265 2263
f 2278 2276 2277
f 2271 2278 2272
f 2272 2278 2277
f 2233 2279 1794
f 1794 2279 2280
f 1794 2280 2281
f 2281 2280 2282
f 2281 2282 2283
f 2283 2282 2284
f 2283 2284 2285
f 2285 2284 2286
f 2285 2286 2287
f 2287 2286 2288
f 2287 2288 2289
f 2289 2288 2290
f 2289 2290 2291
f 2279 2233 2292
f 2292 2233 2256
f 2292 2256 2293
f 2293 2256 2294
f 2293 2294 2284
f 2284 2294 2286
f 2256 2255 2294
f 2294 2255 2295
f 2294 2295 2286
f 2286 2295 2288
f 2255 2213 2295
f 2295 2213 2290
f 2295 2290 2288
f 2289 2291 2287
f 2287 2291 2296
f 2287 2296 2285
f 2285 2296 2283
f 2296 2297 2283
f 2283 2297 2281
f 2297 1795 2281
f 2281 1795 1794
f 2280 2279 2292
f 2284 2282 2293
f 2293 2282 2292
f 2282 2280 2292
f 2253 1788 2232
f 2232 1788 2184
f 2232 2184 2182
f 2253 1789 1788
f 2184 1788 2186
f 2186 1788 2262
f 2186 2262 2194
f 2182 2180 2232
f 2232 2180 2171
f 2232 2171 2170
f 2232 2170 2230
f 2230 2170 2212
f 2230 2212 2231
f 2231 2212 2224
f 2298 1137 2299
f 2299 1137 1138
f 2299 1138 2300
f 2300 1138 1140
f 2300 1140 2301
f 2301 1140 1173
f 2301 1173 2302
f 2302 1173 1172
f 2303 1796 2304
f 2304 1796 2305
f 2304 2305 2306
f 2306 2305 2307
f 2306 2307 2308
f 2308 2307 2309
f 2308 2309 2310
f 2310 2309 2311
f 2310 2311 2312
f 2310 2312 2313
f 2313 2312 2314
f 2313 2314 2315
f 2313 2315 2316
f 2316 2315 2317
f 2316 2317 2318
f 2318 2317 2319
f 2318 2319 2320
f 2320 2319 2321
f 2320 2321 2322
f 2322 2321 2323
f 2322 2323 2324
f 2324 2323 2325
f 2324 2325 2326
f 2326 2325 2327
f 2326 2327 2328
f 2328 2327 2329
f 2328 2329 2330
f 2330 2329 2331
f 2330 2331 2332
f 2332 2331 2333
f 2332 2333 2334
f 2334 2333 2298
f 2334 2298 2299
f 2334 2299 2335
f 2335 2299 2300
f 2335 2300 2336
f 2336 2300 2301
f 2336 2301 2337
f 2337 2301 2338
f 2337 2338 2339
f 2301 2302 2338
f 2340 2341 2339
f 2339 2341 2342
f 2339 2342 2337
f 2337 2342 2343
f 2337 2343 2336
f 2336 2343 2344
f 2336 2344 2335
f 2335 2344 2332
f 2335 2332 2334
f 2341 2340 2345
f 2345 2340 2346
f 2345 2346 2347
f 2345 2347 2348
f 2348 2347 2349
f 2348 2349 2350
f 2350 2349 2351
f 2350 2351 2352
f 2352 2351 2353
f 2352 2353 2354
f 2354 2353 2355
f 2354 2355 2356
f 2356 2355 2357
f 2356 2357 2358
f 2356 2358 2359
f 2359 2358 2360
f 2359 2360 2361
f 2361 2360 2362
f 2361 2362 2303
f 2361 2303 2304
f 2308 2310 2363
f 2363 2310 2313
f 2363 2313 2364
f 2364 2313 2316
f 2364 2316 2365
f 2365 2316 2318
f 2365 2318 2366
f 2366 2318 2320
f 2366 2320 2367
f 2367 2320 2322
f 2367 2322 2368
f 2368 2322 2324
f 2368 2324 2369
f 2369 2324 2326
f 2369 2326 2370
f 2370 2326 2328
f 2370 2328 2371
f 2371 2328 2330
f 2371 2330 2344
f 2344 2330 2332
f 2361 2304 2306
f 2306 2308 2372
f 2372 2308 2363
f 2372 2363 2373
f 2373 2363 2364
f 2373 2364 2374
f 2374 2364 2365
f 2374 2365 2375
f 2375 2365 2366
f 2375 2366 2376
f 2376 2366 2367
f 2376 2367 2377
f 2377 2367 2368
f 2377 2368 2378
f 2378 2368 2369
f 2378 2369 2379
f 2379 2369 2370
f 2379 2370 2380
f 2380 2370 2371
f 2380 2371 2343
f 2343 2371 2344
f 2359 2361 2372
f 2372 2361 2306
f 2359 2372 2373
f 2359 2373 2356
f 2356 2373 2374
f 2356 2374 2354
f 2354 2374 2375
f 2354 2375 2352
f 2352 2375 2376
f 2352 2376 2350
f 2350 2376 2377
f 2350 2377 2348
f 2348 2377 2378
f 2348 2378 2345
f 2345 2378 2379
f 2345 2379 2341
f 2341 2379 2380
f 2341 2380 2342
f 2342 2380 2343
f 1804 1806 2381
f 2381 1806 2382
f 2381 2382 2383
f 2383 2382 2384
f 2383 2384 2385
f 2385 2384 2386
f 2385 2386 2387
f 2387 2386 2388
f 2387 2388 2305
f 2305 2388 2307
f 2307 2388 2389
f 2307 2389 2390
f 2390 2389 2391
f 2390 2391 2392
f 2392 2391 2393
f 2393 2391 2394
f 2393 2394 2395
f 2395 2394 2396
f 2396 2394 2397
f 2397 2394 2398
f 2397 2398 2384
f 2384 2398 2386
f 2382 2397 2384
f 2392 2309 2390
f 2390 2309 2307
f 2387 2305 2399
f 2399 2305 1796
f 2399 1796 1801
f 2399 1801 2400
f 2400 1801 1803
f 2400 1803 2381
f 2381 1803 1804
f 2398 2394 2401
f 2401 2394 2391
f 2401 2391 2389
f 2400 2381 2383
f 2400 2383 2385
f 2388 2386 2401
f 2401 2386 2398
f 2388 2401 2389
f 2399 2400 2385
f 2399 2385 2387
f 2402 2396 2403
f 2403 2396 2397
f 2403 2397 2404
f 2404 2397 2405
f 2404 2405 2406
f 2406 2405 2407
f 2406 2407 2408
f 2408 2407 2409
f 2408 2409 2410
f 2410 2409 2411
f 2410 2411 2412
f 2412 2411 2413
f 2412 2413 2414
f 2414 2413 2415
f 2414 2415 2416
f 2416 2415 2417
f 2416 2417 2418
f 2418 2417 2419
f 2418 2419 2420
f 2420 2419 2421
f 2420 2421 1809
f 1809 2421 2422
f 1809 2422 1811
f 1811 2422 2423
f 1811 2423 1810
f 1810 2423 1806
f 1806 2423 2382
f 2382 2423 2424
f 2382 2424 2425
f 2425 2424 2426
f 2425 2426 2427
f 2427 2426 2428
f 2427 2428 2409
f 2409 2428 2411
f 2405 2397 2429
f 2429 2397 2382
f 2429 2382 2425
f 1809 1808 2420
f 2420 1808 2430
f 2420 2430 2418
f 2418 2430 2431
f 2418 2431 2416
f 1808 1807 2430
f 2430 1807 2431
f 2414 2432 2412
f 2412 2432 2433
f 2412 2433 2410
f 2410 2433 2434
f 2410 2434 2408
f 2408 2434 2435
f 2408 2435 2406
f 2406 2435 2436
f 2406 2436 2404
f 2404 2436 2403
f 2432 2437 2433
f 2433 2437 2438
f 2433 2438 2434
f 2434 2438 2439
f 2434 2439 2435
f 2435 2439 2440
f 2435 2440 2436
f 2436 2440 2403
f 2440 2402 2403
f 2424 2423 2441
f 2441 2423 2422
f 2441 2422 2442
f 2442 2422 2421
f 2442 2421 2419
f 2407 2405 2429
f 2407 2429 2427
f 2427 2429 2425
f 2424 2441 2426
f 2426 2441 2443
f 2426 2443 2428
f 2428 2443 2444
f 2428 2444 2411
f 2411 2444 2413
f 2443 2441 2442
f 2409 2407 2427
f 2443 2442 2445
f 2445 2442 2419
f 2445 2419 2417
f 2443 2445 2444
f 2444 2445 2415
f 2444 2415 2413
f 2415 2445 2417
f 1805 2446 1807
f 1807 2446 2431
f 2431 2446 2447
f 2431 2447 2416
f 2416 2447 2448
f 2416 2448 2449
f 2450 2451 2449
f 2449 2451 2414
f 2449 2414 2416
f 2452 2453 2450
f 2450 2453 2454
f 2450 2454 2455
f 2455 2454 2437
f 2455 2437 2432
f 2453 2452 2437
f 2437 2452 2456
f 2437 2456 2457
f 2455 2432 2458
f 2458 2432 2414
f 2458 2414 2451
f 2453 2437 2454
f 2450 2455 2458
f 2458 2451 2459
f 2459 2451 2450
f 2459 2450 2458
f 2460 2461 2462
f 2462 2461 2463
f 2462 2463 2464
f 2464 2463 2465
f 2464 2465 2466
f 2466 2465 2467
f 2467 2465 2468
f 2467 2468 2469
f 2469 2468 2470
f 2469 2470 2471
f 2471 2470 2472
f 2471 2472 2473
f 2473 2472 2474
f 2473 2474 2475
f 2475 2474 2476
f 2475 2476 2448
f 2448 2476 2477
f 2448 2477 2449
f 2449 2477 2450
f 2450 2477 2478
f 2450 2478 2452
f 2452 2478 2479
f 2452 2479 2456
f 2456 2479 2457
f 2463 2461 2480
f 2480 2461 2481
f 2480 2481 2482
f 2482 2481 2483
f 2482 2483 2484
f 2484 2483 2485
f 2484 2485 2486
f 2486 2485 2487
f 2486 2487 2488
f 2488 2487 2489
f 2488 2489 2478
f 2478 2489 2479
f 2448 2447 2475
f 2468 2465 2463
f 2468 2463 2480
f 2470 2468 2480
f 2470 2480 2482
f 2472 2470 2482
f 2472 2482 2484
f 2474 2472 2484
f 2474 2484 2486
f 2476 2474 2486
f 2476 2486 2488
f 2477 2476 2488
f 2477 2488 2478
f 2466 2490 2464
f 2464 2490 2491
f 2464 2491 2462
f 2462 2491 2492
f 2462 2492 2460
f 2460 2492 2493
f 2494 2495 2496
f 2496 2495 2497
f 2496 2497 2498
f 2496 2498 2499
f 2499 2498 2290
f 2499 2290 2500
f 2499 2500 2501
f 2501 2500 2502
f 2501 2502 2503
f 2503 2502 2504
f 2503 2504 2505
f 2505 2504 2506
f 2505 2506 2492
f 2492 2506 2493
f 2492 2491 2505
f 2505 2491 2507
f 2505 2507 2503
f 2503 2507 2508
f 2503 2508 2501
f 2501 2508 2509
f 2501 2509 2499
f 2499 2509 2496
f 2491 2490 2507
f 2507 2490 2510
f 2507 2510 2508
f 2508 2510 2511
f 2508 2511 2509
f 2509 2511 2494
f 2509 2494 2496
f 2512 1802 2513
f 2513 1802 1800
f 2513 1800 2514
f 2514 1800 2515
f 2514 2515 2516
f 2516 2515 2517
f 2516 2517 2518
f 2518 2517 2519
f 2518 2519 2497
f 2497 2519 2498
f 2498 2519 2520
f 2498 2520 2521
f 2521 2520 2522
f 2521 2522 2291
f 2291 2522 2296
f 2296 2522 2523
f 2296 2523 2524
f 2524 2523 2525
f 2524 2525 2526
f 2526 2525 2515
f 2526 2515 1799
f 1799 2515 1800
f 1799 1798 2526
f 2526 1798 2527
f 2526 2527 2524
f 2524 2527 2297
f 2524 2297 2296
f 1798 1797 2527
f 2527 1797 1795
f 2527 1795 2297
f 2291 2290 2521
f 2521 2290 2498
f 2518 2497 2528
f 2528 2497 2495
f 2528 2495 2512
f 2528 2512 2513
f 2525 2523 2529
f 2529 2523 2522
f 2529 2522 2520
f 2515 2525 2517
f 2517 2525 2529
f 2517 2529 2519
f 2519 2529 2520
f 2528 2513 2516
f 2516 2513 2514
f 2528 2516 2518
f 11 13 163
f 163 13 24
f 163 24 22
f 22 19 163
f 163 19 18
f 163 18 433
f 433 18 32
f 433 32 30
f 30 27 433
f 433 27 26
f 433 26 34
f 433 496 163
f 163 496 165
f 165 496 497
f 165 497 167
f 167 497 2302
f 167 2302 1172
f 1796 2303 451
f 451 2303 488
f 488 2303 2362
f 488 2362 2360
f 488 2360 489
f 489 2360 2358
f 489 2358 2357
f 489 2357 490
f 490 2357 2355
f 490 2355 2353
f 490 2353 491
f 491 2353 2351
f 491 2351 2349
f 491 2349 492
f 492 2349 2347
f 492 2347 493
f 493 2347 2346
f 493 2346 2340
f 493 2340 494
f 494 2340 2339
f 494 2339 495
f 495 2339 2338
f 495 2338 497
f 497 2338 2302
f 2467 2495 2466
f 2466 2495 2494
f 2466 2494 2490
f 2490 2494 2511
f 2490 2511 2510
f 2467 2469 2495
f 2495 2469 2471
f 2495 2471 2473
f 2495 2473 1805
f 1805 2473 2475
f 1805 2475 2446
f 2446 2475 2447
f 1802 2512 1805
f 1805 2512 2495
f 1940 1945 2530
f 2530 1945 2531
f 2530 2531 2532
f 2532 2531 2533
f 2532 2533 2534
f 2534 2533 2535
f 2534 2535 2536
f 2536 2535 2537
f 2536 2537 2538
f 2538 2537 2539
f 2538 2539 2137
f 2137 2539 2540
f 2137 2540 1836
f 1836 2540 2541
f 2541 2540 2542
f 2542 2540 2543
f 2542 2543 2544
f 2544 2543 2545
f 2544 2545 2546
f 2546 2545 2547
f 2547 2545 2535
f 2547 2535 2533
f 2137 2143 2538
f 2538 2143 2548
f 2538 2548 2536
f 2536 2548 2549
f 2536 2549 2534
f 2534 2549 2532
f 2548 2143 2550
f 2550 2143 1944
f 2550 1944 1943
f 1943 1941 2550
f 2550 1941 2551
f 2550 2551 2549
f 2549 2551 2532
f 1941 1940 2551
f 2551 1940 2530
f 2551 2530 2532
f 2537 2535 2545
f 2539 2537 2543
f 2543 2537 2545
f 2540 2539 2543
f 2550 2549 2548
f 2546 2547 2552
f 2552 2547 2553
f 2552 2553 2554
f 2554 2553 2555
f 2555 2553 2556
f 2555 2556 2557
f 2557 2556 2558
f 2557 2558 2559
f 2559 2558 2560
f 2559 2560 2561
f 2561 2560 2562
f 2561 2562 2563
f 2563 2562 2564
f 2563 2564 2565
f 2565 2564 2566
f 2565 2566 2567
f 2567 2566 2568
f 2567 2568 2569
f 2569 2568 2570
f 2570 2568 2571
f 2570 2571 2572
f 2572 2571 2573
f 2572 2573 2574
f 2574 2573 2575
f 2574 2575 2576
f 2576 2575 2577
f 2576 2577 2578
f 2578 2577 2579
f 2578 2579 2580
f 2580 2579 2581
f 2580 2581 2582
f 2582 2581 1956
f 2582 1956 1957
f 2553 2547 2583
f 2583 2547 2533
f 2583 2533 2584
f 2584 2533 2585
f 2584 2585 2586
f 2586 2585 2587
f 2586 2587 2588
f 2588 2587 2589
f 2588 2589 2590
f 2590 2589 2591
f 2590 2591 2592
f 2592 2591 2593
f 2592 2593 2594
f 2594 2593 2595
f 2594 2595 2596
f 2596 2595 2597
f 2596 2597 2598
f 2598 2597 2599
f 2598 2599 2600
f 2600 2599 2601
f 2600 2601 2577
f 2577 2601 2579
f 2533 2531 2585
f 2585 2531 1945
f 2585 1945 2602
f 2602 1945 1946
f 2602 1946 1947
f 2602 1947 2603
f 2603 1947 1948
f 2603 1948 2604
f 2604 1948 1949
f 2604 1949 2605
f 2605 1949 1950
f 2605 1950 2606
f 2606 1950 1951
f 2606 1951 2607
f 2607 1951 1952
f 2607 1952 2608
f 2608 1952 1953
f 2608 1953 2609
f 2609 1953 1954
f 2609 1954 2610
f 2610 1954 1955
f 2610 1955 1956
f 2582 1957 2611
f 2611 1957 1958
f 2611 1958 2612
f 2612 1958 2613
f 2612 2613 2614
f 2614 2613 2615
f 2614 2615 2616
f 2616 2615 2617
f 2616 2617 2618
f 2618 2617 2619
f 2618 2619 2620
f 2620 2619 2621
f 2620 2621 2622
f 2622 2621 2623
f 2622 2623 2576
f 2576 2623 2574
f 1958 1959 2613
f 2613 1959 1960
f 2613 1960 2615
f 2617 2624 2619
f 2619 2624 2625
f 2619 2625 2626
f 2627 2623 2626
f 2626 2623 2621
f 2626 2621 2619
f 2623 2627 2574
f 2574 2627 2572
f 2587 2585 2602
f 2556 2553 2583
f 2583 2584 2628
f 2628 2584 2586
f 2628 2586 2629
f 2629 2586 2588
f 2629 2588 2630
f 2630 2588 2590
f 2630 2590 2631
f 2631 2590 2592
f 2631 2592 2632
f 2632 2592 2594
f 2632 2594 2633
f 2633 2594 2596
f 2633 2596 2634
f 2634 2596 2598
f 2634 2598 2635
f 2635 2598 2600
f 2635 2600 2575
f 2575 2600 2577
f 2589 2587 2603
f 2603 2587 2602
f 2558 2556 2628
f 2628 2556 2583
f 2558 2628 2629
f 2591 2589 2604
f 2604 2589 2603
f 2560 2558 2629
f 2560 2629 2630
f 2593 2591 2605
f 2605 2591 2604
f 2562 2560 2630
f 2562 2630 2631
f 2595 2593 2606
f 2606 2593 2605
f 2564 2562 2631
f 2564 2631 2632
f 2597 2595 2607
f 2607 2595 2606
f 2566 2564 2632
f 2566 2632 2633
f 2599 2597 2608
f 2608 2597 2607
f 2568 2566 2633
f 2568 2633 2634
f 2601 2599 2609
f 2609 2599 2608
f 2571 2568 2634
f 2571 2634 2635
f 2579 2601 2610
f 2610 2601 2609
f 2581 2579 2610
f 2573 2571 2635
f 2573 2635 2575
f 1956 2581 2610
f 2580 2582 2636
f 2636 2582 2611
f 2636 2611 2637
f 2637 2611 2612
f 2637 2612 2614
f 2578 2580 2638
f 2638 2580 2636
f 2638 2636 2639
f 2639 2636 2637
f 2639 2637 2616
f 2616 2637 2614
f 2576 2578 2622
f 2622 2578 2638
f 2622 2638 2620
f 2620 2638 2639
f 2620 2639 2618
f 2618 2639 2616
f 1960 1445 2615
f 2615 1445 1430
f 2615 1430 2617
f 2617 1430 1399
f 2617 1399 2624
f 2624 1399 1401
f 1401 1471 2624
f 2624 1471 2640
f 2640 1471 1658
f 2640 1658 2641
f 2641 1658 1660
f 2641 1660 2642
f 2642 1660 1662
f 2642 1662 2643
f 2643 1662 2644
f 2644 1662 1664
f 2644 1664 2645
f 2645 1664 1666
f 2645 1666 2646
f 2646 1666 1668
f 2646 1668 2647
f 2647 1668 1585
f 2546 2552 2648
f 2648 2552 2554
f 2648 2554 2649
f 2649 2554 2555
f 2649 2555 2557
f 2649 2557 2650
f 2650 2557 2559
f 2650 2559 2561
f 2650 2561 2651
f 2651 2561 2563
f 2651 2563 2565
f 2651 2565 2652
f 2652 2565 2567
f 2652 2567 2653
f 2653 2567 2569
f 2653 2569 2570
f 2653 2570 2654
f 2654 2570 2572
f 2654 2572 2655
f 2655 2572 2627
f 2655 2627 2626
f 2655 2626 2656
f 2656 2626 2625
f 2656 2625 2640
f 2640 2625 2624
f 1787 2542 1772
f 1772 2542 2544
f 1772 2544 2648
f 2648 2544 2546
f 1836 2541 1787
f 1787 2541 2542
f 2657 2396 2658
f 2658 2396 2402
f 2658 2402 2659
f 2659 2402 2440
f 2659 2440 2660
f 2660 2440 2439
f 2660 2439 2661
f 2661 2439 2662
f 2661 2662 2663
f 2663 2662 2664
f 2663 2664 2665
f 2665 2664 2666
f 2665 2666 2667
f 2667 2666 2668
f 2668 2666 2669
f 2669 2666 2664
f 2669 2664 2670
f 2670 2664 2662
f 2670 2662 2671
f 2671 2662 2438
f 2671 2438 2437
f 2439 2438 2662
f 2665 2667 2672
f 2672 2667 2673
f 2672 2673 2674
f 2674 2673 2675
f 2674 2675 2676
f 2676 2675 2677
f 2676 2677 2659
f 2659 2677 2658
f 2673 2678 2675
f 2675 2678 2657
f 2675 2657 2677
f 2677 2657 2658
f 2676 2659 2660
f 2660 2661 2679
f 2679 2661 2663
f 2679 2663 2672
f 2672 2663 2665
f 2674 2676 2679
f 2679 2676 2660
f 2674 2679 2672
f 2680 2681 2682
f 2682 2681 2683
f 2682 2683 2684
f 2684 2683 2685
f 2684 2685 2686
f 2686 2685 2687
f 2686 2687 2688
f 2688 2687 2689
f 2688 2689 2690
f 2690 2689 2691
f 2690 2691 2692
f 2692 2691 2693
f 2692 2693 2673
f 2673 2693 2694
f 2673 2694 2678
f 2678 2694 2695
f 2695 2694 2696
f 2696 2694 2697
f 2696 2697 2698
f 2698 2697 2691
f 2698 2691 2689
f 2685 2699 2687
f 2687 2699 2700
f 2687 2700 2689
f 2689 2700 2698
f 2699 2701 2700
f 2700 2701 2702
f 2700 2702 2698
f 2698 2702 2696
f 2673 2667 2692
f 2692 2667 2703
f 2692 2703 2690
f 2690 2703 2704
f 2690 2704 2688
f 2688 2704 2705
f 2688 2705 2686
f 2686 2705 2684
f 2703 2667 2706
f 2706 2667 2668
f 2706 2668 2707
f 2707 2708 2706
f 2706 2708 2709
f 2706 2709 2704
f 2704 2709 2705
f 2708 2680 2709
f 2709 2680 2710
f 2709 2710 2705
f 2705 2710 2684
f 2710 2680 2682
f 2710 2682 2684
f 2691 2697 2693
f 2693 2697 2694
f 2703 2706 2704
f 2711 2647 2712
f 2712 2647 2713
f 2712 2713 2714
f 2714 2713 2715
f 2714 2715 2716
f 2716 2715 2717
f 2716 2717 2718
f 2718 2717 2719
f 2718 2719 2720
f 2720 2719 2721
f 2720 2721 2722
f 2722 2721 2723
f 2722 2723 2724
f 2724 2723 2725
f 2724 2725 2726
f 2726 2725 2727
f 2726 2727 2728
f 2728 2727 2729
f 2728 2729 2730
f 2730 2729 2731
f 2730 2731 2732
f 2732 2731 2733
f 2732 2733 2734
f 2734 2733 2735
f 2734 2735 2736
f 2736 2735 2737
f 2736 2737 2738
f 2738 2737 2739
f 2738 2739 2740
f 2740 2739 2741
f 2740 2741 2685
f 2685 2741 2742
f 2685 2742 2699
f 2699 2742 2743
f 2699 2743 2701
f 2701 2743 2744
f 2744 2743 2745
f 2744 2745 2746
f 2746 2745 2747
f 2746 2747 2748
f 2748 2747 2749
f 2748 2749 2750
f 2750 2749 2737
f 2750 2737 2735
f 2713 2751 2715
f 2715 2751 2752
f 2715 2752 2717
f 2717 2752 2753
f 2717 2753 2719
f 2719 2753 2754
f 2719 2754 2721
f 2721 2754 2755
f 2721 2755 2723
f 2723 2755 2756
f 2723 2756 2725
f 2725 2756 2757
f 2725 2757 2727
f 2727 2757 2758
f 2727 2758 2729
f 2729 2758 2759
f 2729 2759 2731
f 2731 2759 2760
f 2731 2760 2733
f 2733 2760 2761
f 2733 2761 2735
f 2735 2761 2750
f 2752 2751 2762
f 2762 2751 2763
f 2762 2763 2764
f 2764 2765 2762
f 2762 2765 2766
f 2762 2766 2753
f 2753 2766 2754
f 2765 2767 2766
f 2766 2767 2768
f 2766 2768 2754
f 2754 2768 2755
f 2767 2769 2768
f 2768 2769 2770
f 2768 2770 2755
f 2755 2770 2756
f 2769 2771 2770
f 2770 2771 2772
f 2770 2772 2756
f 2756 2772 2757
f 2771 2773 2772
f 2772 2773 2774
f 2772 2774 2757
f 2757 2774 2758
f 2773 2775 2774
f 2774 2775 2776
f 2774 2776 2758
f 2758 2776 2759
f 2775 2777 2776
f 2776 2777 2778
f 2776 2778 2759
f 2759 2778 2760
f 2777 2779 2778
f 2778 2779 2780
f 2778 2780 2781
f 2781 2780 2782
f 2781 2782 2783
f 2783 2782 2784
f 2783 2784 2748
f 2748 2784 2746
f 2685 2683 2740
f 2740 2683 2785
f 2740 2785 2738
f 2738 2785 2786
f 2738 2786 2736
f 2736 2786 2787
f 2736 2787 2734
f 2734 2787 2788
f 2734 2788 2732
f 2732 2788 2789
f 2732 2789 2730
f 2730 2789 2790
f 2730 2790 2728
f 2728 2790 2791
f 2728 2791 2726
f 2726 2791 2792
f 2726 2792 2724
f 2724 2792 2793
f 2724 2793 2722
f 2722 2793 2794
f 2722 2794 2720
f 2720 2794 2795
f 2720 2795 2718
f 2718 2795 2796
f 2718 2796 2716
f 2716 2796 2797
f 2716 2797 2714
f 2714 2797 2712
f 2681 2798 2683
f 2683 2798 2785
f 2798 2799 2785
f 2785 2799 2786
f 2799 2800 2786
f 2786 2800 2787
f 2800 2801 2787
f 2787 2801 2788
f 2788 2801 2789
f 2789 2801 2802
f 2789 2802 2790
f 2790 2802 2803
f 2790 2803 2791
f 2791 2803 2804
f 2791 2804 2805
f 2791 2805 2792
f 2792 2805 2806
f 2792 2806 2793
f 2793 2806 2807
f 2793 2807 2794
f 2794 2807 2808
f 2794 2808 2795
f 2795 2808 2809
f 2795 2809 2796
f 2796 2809 2810
f 2796 2810 2797
f 2797 2810 2811
f 2797 2811 2712
f 2712 2811 2711
f 2753 2752 2762
f 2761 2760 2781
f 2781 2760 2778
f 2750 2761 2783
f 2783 2761 2781
f 2748 2750 2783
f 2749 2747 2812
f 2812 2747 2745
f 2812 2745 2742
f 2742 2745 2743
f 2737 2749 2739
f 2739 2749 2812
f 2739 2812 2741
f 2741 2812 2742
f 2647 1585 2713
f 2713 1585 1574
f 2713 1574 2751
f 2751 1574 1533
f 2751 1533 2763
f 2763 1533 1531
f 2298 1630 1137
f 1137 1630 1629
f 1137 1629 1135
f 1135 1629 1628
f 1135 1628 1133
f 1133 1628 1627
f 1133 1627 1131
f 1131 1627 1626
f 1131 1626 1129
f 1129 1626 1625
f 1129 1625 1127
f 1127 1625 1624
f 1127 1624 1125
f 1125 1624 1623
f 1125 1623 1123
f 1123 1623 1622
f 1123 1622 1121
f 1121 1622 1621
f 1121 1621 1119
f 1119 1621 1620
f 1119 1620 1619
f 1630 2298 2767
f 2767 2298 2333
f 2767 2333 2769
f 2769 2333 2331
f 2769 2331 2771
f 2771 2331 2329
f 2771 2329 2773
f 2773 2329 2327
f 2773 2327 2775
f 2775 2327 2325
f 2775 2325 2777
f 2777 2325 2323
f 2777 2323 2779
f 2779 2323 2321
f 2779 2321 2780
f 2780 2321 2319
f 2780 2319 2782
f 2782 2319 2317
f 2782 2317 2784
f 2784 2317 2746
f 2746 2317 2315
f 2746 2315 2744
f 2744 2315 2314
f 2744 2314 2701
f 2701 2314 2312
f 2701 2312 2311
f 2701 2311 2702
f 2702 2311 2309
f 2702 2309 2696
f 2696 2309 2392
f 2696 2392 2695
f 2695 2392 2393
f 2695 2393 2395
f 2695 2395 2678
f 2678 2395 2396
f 2678 2396 2657
f 2767 2765 1630
f 1630 2765 1530
f 1530 2765 2764
f 1530 2764 2763
f 2763 1531 1530
f 1119 1619 1117
f 1117 1619 1618
f 1117 1618 1116
f 1116 1618 1504
f 1116 1504 1114
f 1114 1504 1112
f 1112 1504 1503
f 1112 1503 1110
f 1110 1503 1527
f 1110 1527 1210
f 1210 1527 1526
f 1210 1526 1212
f 1212 1526 1193
f 1193 1526 1502
f 1193 1502 1194
f 1194 1502 1497
f 2051 2065 2053
f 2053 2065 1974
f 1974 2065 2063
f 1974 2063 2097
f 2097 2063 2061
f 2097 2061 2059
f 2059 2057 2097
f 2097 2057 2055
f 2097 2055 2095
f 2095 2055 2079
f 2095 2079 2093
f 2093 2079 2091
f 2097 2115 1974
f 1974 2115 1966
f 510 1913 468
f 468 1913 467
f 467 1913 1903
f 467 1903 469
f 469 1903 1901
f 469 1901 472
f 472 1901 1900
f 472 1900 1898
f 472 1898 474
f 474 1898 1896
f 474 1896 460
f 460 1896 1894
f 460 1894 1892
f 460 1892 461
f 461 1892 1874
f 461 1874 1873
f 461 1873 476
f 476 1873 1890
f 476 1890 1889
f 476 1889 478
f 478 1889 1887
f 478 1887 1882
f 1881 480 1882
f 1882 480 478
f 2813 2814 2815
f 2815 2814 2816
f 2815 2816 2817
f 2817 2816 2818
f 2817 2818 2819
f 2819 2818 2820
f 2819 2820 2821
f 2821 2820 2822
f 2821 2822 2823
f 2823 2822 2824
f 2823 2824 2825
f 2825 2824 2648
f 2825 2648 2649
f 2649 2650 2825
f 2825 2650 2826
f 2825 2826 2823
f 2823 2826 2827
f 2823 2827 2821
f 2821 2827 2828
f 2821 2828 2819
f 2819 2828 2829
f 2819 2829 2817
f 2817 2829 2830
f 2817 2830 2815
f 2815 2830 2831
f 2815 2831 2813
f 2813 2831 2832
f 2832 2831 2833
f 2832 2833 2834
f 2834 2833 2835
f 2834 2835 2836
f 2836 2835 2837
f 2836 2837 2838
f 2838 2837 2839
f 2838 2839 2840
f 2840 2839 2841
f 2840 2841 2842
f 2842 2841 2843
f 2842 2843 2844
f 2844 2843 2646
f 2646 2843 2645
f 2645 2843 2845
f 2645 2845 2644
f 2644 2845 2846
f 2644 2846 2643
f 2643 2846 2847
f 2643 2847 2642
f 2642 2847 2848
f 2642 2848 2641
f 2641 2848 2849
f 2641 2849 2640
f 2640 2849 2656
f 2656 2849 2850
f 2656 2850 2655
f 2655 2850 2851
f 2655 2851 2654
f 2654 2851 2852
f 2654 2852 2653
f 2653 2852 2853
f 2653 2853 2652
f 2652 2853 2854
f 2652 2854 2651
f 2651 2854 2826
f 2651 2826 2650
f 2833 2831 2855
f 2855 2831 2830
f 2855 2830 2856
f 2856 2830 2829
f 2856 2829 2857
f 2857 2829 2828
f 2857 2828 2858
f 2858 2828 2827
f 2858 2827 2854
f 2854 2827 2826
f 2835 2833 2859
f 2859 2833 2855
f 2859 2855 2860
f 2860 2855 2856
f 2860 2856 2861
f 2861 2856 2857
f 2861 2857 2862
f 2862 2857 2858
f 2862 2858 2853
f 2853 2858 2854
f 2837 2835 2863
f 2863 2835 2859
f 2863 2859 2864
f 2864 2859 2860
f 2864 2860 2865
f 2865 2860 2861
f 2865 2861 2866
f 2866 2861 2862
f 2866 2862 2852
f 2852 2862 2853
f 2839 2837 2867
f 2867 2837 2863
f 2867 2863 2868
f 2868 2863 2864
f 2868 2864 2869
f 2869 2864 2865
f 2869 2865 2870
f 2870 2865 2866
f 2870 2866 2851
f 2851 2866 2852
f 2845 2843 2841
f 2841 2839 2871
f 2871 2839 2867
f 2871 2867 2872
f 2872 2867 2868
f 2872 2868 2873
f 2873 2868 2869
f 2873 2869 2874
f 2874 2869 2870
f 2874 2870 2850
f 2850 2870 2851
f 2846 2845 2871
f 2871 2845 2841
f 2846 2871 2872
f 2847 2846 2872
f 2847 2872 2873
f 2848 2847 2873
f 2848 2873 2874
f 2849 2848 2874
f 2849 2874 2850
f 2647 2711 2646
f 2646 2711 2844
f 2844 2711 2811
f 2844 2811 2842
f 2842 2811 2810
f 2842 2810 2809
f 2842 2809 2840
f 2840 2809 2808
f 2840 2808 2838
f 2838 2808 2807
f 2838 2807 2806
f 2838 2806 2836
f 2836 2806 2805
f 2836 2805 2834
f 2834 2805 2804
f 2834 2804 2803
f 2834 2803 2832
f 2832 2803 2802
f 2832 2802 2801
f 2832 2801 2813
f 2813 2801 2800
f 2813 2800 2799
f 2799 2798 2813
f 2813 2798 2814
f 2814 2798 2681
f 2814 1740 2816
f 2816 1740 1756
f 2816 1756 2818
f 2818 1756 1776
f 2818 1776 2820
f 2820 1776 1775
f 2820 1775 2822
f 2822 1775 1774
f 2822 1774 2824
f 2824 1774 1773
f 2824 1773 2648
f 2648 1773 1772
f 1740 2708 1708
f 1708 2708 2707
f 1708 2707 2668
f 2708 1740 2680
f 2680 1740 2814
f 2680 2814 2681
f 1702 1704 2197
f 2197 1704 2457
f 2197 2457 2479
f 1706 2670 1704
f 1704 2670 2671
f 1704 2671 2437
f 2670 1706 2669
f 2669 1706 1708
f 2669 1708 2668
f 2437 2457 1704
f 2197 2479 2195
f 2195 2479 2489
f 2195 2489 2199
f 2199 2489 2487
f 2199 2487 2201
f 2201 2487 2485
f 2201 2485 2203
f 2203 2485 2483
f 2203 2483 2205
f 2205 2483 2481
f 2205 2481 2207
f 2207 2481 2461
f 2207 2461 2177
f 2177 2461 2460
f 2177 2460 2178
f 2213 2215 2290
f 2290 2215 2500
f 2500 2215 2217
f 2500 2217 2502
f 2502 2217 2219
f 2502 2219 2504
f 2504 2219 2221
f 2504 2221 2506
f 2506 2221 2208
f 2506 2208 2493
f 2208 2178 2493
f 2493 2178 2460
f 1791 451 1812
f 1812 451 450
f 1812 450 1813
f 1813 450 487
f 1813 487 1814
f 1814 487 485
f 1814 485 1815
f 1815 485 483
f 1815 483 1816
f 1816 483 481
f 1816 481 1817
f 1817 481 480

